Log file open, 05/03/23 22:17:43
LogWindows: Failed to load 'aqProf.dll' (GetLastError=126)
LogWindows: File 'aqProf.dll' does not exist
LogWindows: Failed to load 'VtuneApi.dll' (GetLastError=126)
LogWindows: File 'VtuneApi.dll' does not exist
LogWindows: Failed to load 'VtuneApi32e.dll' (GetLastError=126)
LogWindows: File 'VtuneApi32e.dll' does not exist
LogConsoleResponse: Display: Failed to find resolution value strings in scalability ini. Falling back to default.
LogConsoleResponse: Display: Failed to find resolution value strings in scalability ini. Falling back to default.
LogInit: Display: Running engine for game: SpeedLimit_UniAzad
LogPlatformFile: Not using cached read wrapper
LogTaskGraph: Started task graph with 5 named threads and 23 total threads with 3 sets of task threads.
LogStats: Stats thread started at 0.416538
LogICUInternationalization: ICU TimeZone Detection - Raw Offset: +3:30, Platform Override: ''
LogInit: Display: Loading text-based GConfig....
LogPluginManager: Mounting plugin MeshPainting
LogPluginManager: Mounting plugin XGEController
LogPluginManager: Mounting plugin LiveLink
LogPluginManager: Mounting plugin EnvironmentQueryEditor
LogPluginManager: Mounting plugin AISupport
LogPluginManager: Mounting plugin LightPropagationVolume
LogPluginManager: Mounting plugin Paper2D
LogPluginManager: Mounting plugin OodleData
LogPluginManager: Mounting plugin CameraShakePreviewer
LogPluginManager: Mounting plugin OodleNetwork
LogPluginManager: Mounting plugin AnimationSharing
LogPluginManager: Mounting plugin GameplayCameras
LogPluginManager: Mounting plugin CodeLiteSourceCodeAccess
LogPluginManager: Mounting plugin CLionSourceCodeAccess
LogPluginManager: Mounting plugin GitSourceControl
LogPluginManager: Mounting plugin KDevelopSourceCodeAccess
LogPluginManager: Mounting plugin NullSourceCodeAccess
LogPluginManager: Mounting plugin PerforceSourceControl
LogPluginManager: Mounting plugin PlasticSourceControl
LogPluginManager: Mounting plugin PixWinPlugin
LogPluginManager: Mounting plugin RiderSourceCodeAccess
LogPluginManager: Mounting plugin PluginUtils
LogPluginManager: Mounting plugin TextureFormatOodle
LogPluginManager: Mounting plugin PropertyAccessNode
LogPluginManager: Mounting plugin SubversionSourceControl
LogPluginManager: Mounting plugin UObjectPlugin
LogPluginManager: Mounting plugin VisualStudioSourceCodeAccess
LogPluginManager: Mounting plugin XCodeSourceCodeAccess
LogPluginManager: Mounting plugin VisualStudioCodeSourceCodeAccess
LogPluginManager: Mounting plugin AssetManagerEditor
LogPluginManager: Mounting plugin CryptoKeys
LogPluginManager: Mounting plugin CurveEditorTools
LogPluginManager: Mounting plugin DataValidation
LogPluginManager: Mounting plugin GameplayTagsEditor
LogPluginManager: Mounting plugin FacialAnimation
LogPluginManager: Mounting plugin GeometryMode
LogPluginManager: Mounting plugin MacGraphicsSwitching
LogPluginManager: Mounting plugin MaterialAnalyzer
LogPluginManager: Mounting plugin MobileLauncherProfileWizard
LogPluginManager: Mounting plugin SpeedTreeImporter
LogPluginManager: Mounting plugin PluginBrowser
LogPluginManager: Mounting plugin DatasmithContent
LogPluginManager: Mounting plugin Niagara
LogPluginManager: Mounting plugin VariantManagerContent
LogPluginManager: Mounting plugin AlembicImporter
LogPluginManager: Mounting plugin AutomationUtils
LogPluginManager: Mounting plugin BackChannel
LogPluginManager: Mounting plugin ChaosCloth
LogPluginManager: Mounting plugin ChaosSolverPlugin
LogPluginManager: Mounting plugin CharacterAI
LogPluginManager: Mounting plugin ChaosEditor
LogPluginManager: Mounting plugin ChaosClothEditor
LogPluginManager: Mounting plugin ChaosNiagara
LogPluginManager: Mounting plugin GeometryCache
LogPluginManager: Mounting plugin GeometryProcessing
LogPluginManager: Mounting plugin GeometryCollectionPlugin
LogPluginManager: Mounting plugin OpenImageDenoise
LogPluginManager: Mounting plugin MotoSynth
LogPluginManager: Mounting plugin PlanarCut
LogPluginManager: Mounting plugin PlatformCrypto
LogPluginManager: Mounting plugin ProxyLODPlugin
LogPluginManager: Mounting plugin PythonScriptPlugin
LogPluginManager: Mounting plugin SkeletalReduction
LogPluginManager: Mounting plugin TcpMessaging
LogPluginManager: Mounting plugin UdpMessaging
LogPluginManager: Mounting plugin LuminPlatformFeatures
LogPluginManager: Mounting plugin MagicLeap
LogPluginManager: Mounting plugin MagicLeapMedia
LogPluginManager: Mounting plugin MagicLeapLightEstimation
LogPluginManager: Mounting plugin MagicLeapPassableWorld
LogPluginManager: Mounting plugin MLSDK
LogPluginManager: Mounting plugin AndroidMedia
LogPluginManager: Mounting plugin AvfMedia
LogPluginManager: Mounting plugin ImgMedia
LogPluginManager: Mounting plugin MediaCompositing
LogPluginManager: Mounting plugin WebMMedia
LogPluginManager: Mounting plugin MediaPlayerEditor
LogPluginManager: Mounting plugin ActorSequence
LogPluginManager: Mounting plugin WmfMedia
LogPluginManager: Mounting plugin LevelSequenceEditor
LogPluginManager: Mounting plugin LauncherChunkInstaller
LogPluginManager: Mounting plugin MatineeToLevelSequence
LogPluginManager: Mounting plugin TemplateSequence
LogPluginManager: Mounting plugin OnlineSubsystem
LogPluginManager: Mounting plugin OnlineSubsystemNull
LogPluginManager: Mounting plugin OnlineSubsystemUtils
LogPluginManager: Mounting plugin ScreenshotTools
LogPluginManager: Mounting plugin Takes
LogPluginManager: Mounting plugin AndroidDeviceProfileSelector
LogPluginManager: Mounting plugin ActorLayerUtilities
LogPluginManager: Mounting plugin AndroidMoviePlayer
LogPluginManager: Mounting plugin AndroidPermission
LogPluginManager: Mounting plugin AppleImageUtils
LogPluginManager: Mounting plugin AppleMoviePlayer
LogPluginManager: Mounting plugin ArchVisCharacter
LogPluginManager: Mounting plugin AssetTags
LogPluginManager: Mounting plugin AudioCapture
LogPluginManager: Mounting plugin AudioSynesthesia
LogPluginManager: Mounting plugin ChunkDownloader
LogPluginManager: Mounting plugin CableComponent
LogPluginManager: Mounting plugin CustomMeshComponent
LogPluginManager: Mounting plugin EditableMesh
LogPluginManager: Mounting plugin ExampleDeviceProfileSelector
LogPluginManager: Mounting plugin GoogleCloudMessaging
LogPluginManager: Mounting plugin GooglePAD
LogPluginManager: Mounting plugin IOSDeviceProfileSelector
LogPluginManager: Mounting plugin LinuxDeviceProfileSelector
LogPluginManager: Mounting plugin LocationServicesBPLibrary
LogPluginManager: Mounting plugin MobilePatchingUtils
LogPluginManager: Mounting plugin OpenXR
LogPluginManager: Mounting plugin OpenXREyeTracker
LogPluginManager: Mounting plugin OpenXRHandTracking
LogPluginManager: Mounting plugin PostSplashScreen
LogPluginManager: Mounting plugin PhysXVehicles
LogPluginManager: Mounting plugin PropertyAccessEditor
LogPluginManager: Mounting plugin ProceduralMeshComponent
LogPluginManager: Mounting plugin SignificanceManager
LogPluginManager: Mounting plugin RuntimePhysXCooking
LogPluginManager: Mounting plugin SoundFields
LogPluginManager: Mounting plugin Synthesis
LogPluginManager: Mounting plugin WebMMoviePlayer
LogPluginManager: Mounting plugin WindowsMoviePlayer
LogPluginManager: Mounting plugin ContentBrowserAssetDataSource
LogPluginManager: Mounting plugin ContentBrowserClassDataSource
LogPluginManager: Mounting plugin ContentBrowserFileDataSource
LogPluginManager: Mounting plugin OnlineSubsystemGooglePlay
LogPluginManager: Mounting plugin OnlineSubsystemIOS
LogPluginManager: Mounting plugin OculusVR
LogPluginManager: Mounting plugin SteamVR
PixWinPlugin: PIX capture plugin failed to initialize! Check that the process is launched from PIX.
LogInit: Using libcurl 7.55.1-DEV
LogInit:  - built for x86_64-pc-win32
LogInit:  - supports SSL with OpenSSL/1.1.1
LogInit:  - supports HTTP deflate (compression) using libz 1.2.8
LogInit:  - other features:
LogInit:      CURL_VERSION_SSL
LogInit:      CURL_VERSION_LIBZ
LogInit:      CURL_VERSION_IPV6
LogInit:      CURL_VERSION_ASYNCHDNS
LogInit:      CURL_VERSION_LARGEFILE
LogInit:      CURL_VERSION_IDN
LogInit:  CurlRequestOptions (configurable via config and command line):
LogInit:  - bVerifyPeer = true  - Libcurl will verify peer certificate
LogInit:  - bUseHttpProxy = false  - Libcurl will NOT use HTTP proxy
LogInit:  - bDontReuseConnections = false  - Libcurl will reuse connections
LogInit:  - MaxHostConnections = 16  - Libcurl will limit the number of connections to a host
LogInit:  - LocalHostAddr = Default
LogInit:  - BufferSize = 65536
LogOnline: OSS: Creating online subsystem instance for: NULL
LogInit: WinSock: version 1.1 (2.2), MaxSocks=32767, MaxUdp=65467
LogOnline: OSS: TryLoadSubsystemAndSetDefault: Loaded subsystem for module [NULL]
LogOculusPluginWrapper: OculusPlugin initialized successfully
LogHMD: Failed initializing OVRPlugin 1.59.0
LogInit: Build: ++UE4+Release-4.27-CL-17155196
LogInit: Engine Version: 4.27.0-17155196+++UE4+Release-4.27
LogInit: Compatible Engine Version: 4.27.0-17155196+++UE4+Release-4.27
LogInit: Net CL: 17155196
LogInit: OS: Windows 10 (Release 2009) (), CPU: 11th Gen Intel(R) Core(TM) i7-1195G7 @ 2.90GHz, GPU: Intel(R) Iris(R) Xe Graphics
LogInit: Compiled (64-bit): Aug 13 2021 06:13:13
LogInit: Compiled with Visual C++: 19.24.28315.00
LogInit: Build Configuration: Development
LogInit: Branch Name: ++UE4+Release-4.27
LogInit: Command Line: 
LogInit: Base Directory: E:/Downloads/unreal_engine_v4.27_compiled/Unreal Engine v4.27 Compiled/Engine/Binaries/Win64/
LogInit: Allocator: TBB
LogInit: Installed Engine Build: 1
LogDevObjectVersion: Number of dev versions registered: 29
LogDevObjectVersion:   Dev-Blueprints (B0D832E4-1F89-4F0D-ACCF-7EB736FD4AA2): 10
LogDevObjectVersion:   Dev-Build (E1C64328-A22C-4D53-A36C-8E866417BD8C): 0
LogDevObjectVersion:   Dev-Core (375EC13C-06E4-48FB-B500-84F0262A717E): 4
LogDevObjectVersion:   Dev-Editor (E4B068ED-F494-42E9-A231-DA0B2E46BB41): 40
LogDevObjectVersion:   Dev-Framework (CFFC743F-43B0-4480-9391-14DF171D2073): 37
LogDevObjectVersion:   Dev-Mobile (B02B49B5-BB20-44E9-A304-32B752E40360): 3
LogDevObjectVersion:   Dev-Networking (A4E4105C-59A1-49B5-A7C5-40C4547EDFEE): 0
LogDevObjectVersion:   Dev-Online (39C831C9-5AE6-47DC-9A44-9C173E1C8E7C): 0
LogDevObjectVersion:   Dev-Physics (78F01B33-EBEA-4F98-B9B4-84EACCB95AA2): 14
LogDevObjectVersion:   Dev-Platform (6631380F-2D4D-43E0-8009-CF276956A95A): 0
LogDevObjectVersion:   Dev-Rendering (12F88B9F-8875-4AFC-A67C-D90C383ABD29): 45
LogDevObjectVersion:   Dev-Sequencer (7B5AE74C-D270-4C10-A958-57980B212A5A): 13
LogDevObjectVersion:   Dev-VR (D7296918-1DD6-4BDD-9DE2-64A83CC13884): 3
LogDevObjectVersion:   Dev-LoadTimes (C2A15278-BFE7-4AFE-6C17-90FF531DF755): 1
LogDevObjectVersion:   Private-Geometry (6EACA3D4-40EC-4CC1-B786-8BED09428FC5): 3
LogDevObjectVersion:   Dev-AnimPhys (29E575DD-E0A3-4627-9D10-D276232CDCEA): 17
LogDevObjectVersion:   Dev-Anim (AF43A65D-7FD3-4947-9873-3E8ED9C1BB05): 15
LogDevObjectVersion:   Dev-ReflectionCapture (6B266CEC-1EC7-4B8F-A30B-E4D90942FC07): 1
LogDevObjectVersion:   Dev-Automation (0DF73D61-A23F-47EA-B727-89E90C41499A): 1
LogDevObjectVersion:   FortniteMain (601D1886-AC64-4F84-AA16-D3DE0DEAC7D6): 47
LogDevObjectVersion:   FortniteRelease (E7086368-6B23-4C58-8439-1B7016265E91): 1
LogDevObjectVersion:   Dev-Enterprise (9DFFBCD6-494F-0158-E221-12823C92A888): 10
LogDevObjectVersion:   Dev-Niagara (F2AED0AC-9AFE-416F-8664-AA7FFA26D6FC): 1
LogDevObjectVersion:   Dev-Destruction (174F1F0B-B4C6-45A5-B13F-2EE8D0FB917D): 10
LogDevObjectVersion:   Dev-Physics-Ext (35F94A83-E258-406C-A318-09F59610247C): 41
LogDevObjectVersion:   Dev-PhysicsMaterial-Chaos (B68FC16E-8B1B-42E2-B453-215C058844FE): 1
LogDevObjectVersion:   Dev-CineCamera (B2E18506-4273-CFC2-A54E-F4BB758BBA07): 1
LogDevObjectVersion:   Dev-VirtualProduction (64F58936-FD1B-42BA-BA96-7289D5D0FA4E): 1
LogDevObjectVersion:   Dev-MediaFramework (6F0ED827-A609-4895-9C91-998D90180EA4): 2
LogInit: Presizing for max 25165824 objects, including 0 objects not considered by GC, pre-allocating 0 bytes for permanent pool.
LogConfig: Applying CVar settings from Section [/Script/Engine.StreamingSettings] File [E:/Asus/Documents/GitHub/TheTroubleMakers/Unreal Engine Project/SpeedLimit_UniAzad/Saved/Config/Windows/Engine.ini]
LogConfig: Setting CVar [[s.MinBulkDataSizeForAsyncLoading:131072]]
LogConfig: Setting CVar [[s.AsyncLoadingThreadEnabled:0]]
LogConfig: Setting CVar [[s.EventDrivenLoaderEnabled:1]]
LogConfig: Setting CVar [[s.WarnIfTimeLimitExceeded:0]]
LogConfig: Setting CVar [[s.TimeLimitExceededMultiplier:1.5]]
LogConfig: Setting CVar [[s.TimeLimitExceededMinTime:0.005]]
LogConfig: Setting CVar [[s.UseBackgroundLevelStreaming:1]]
LogConfig: Setting CVar [[s.PriorityAsyncLoadingExtraTime:15.0]]
LogConfig: Setting CVar [[s.LevelStreamingActorsUpdateTimeLimit:5.0]]
LogConfig: Setting CVar [[s.PriorityLevelStreamingActorsUpdateExtraTime:5.0]]
LogConfig: Setting CVar [[s.LevelStreamingComponentsRegistrationGranularity:10]]
LogConfig: Setting CVar [[s.UnregisterComponentsTimeLimit:1.0]]
LogConfig: Setting CVar [[s.LevelStreamingComponentsUnregistrationGranularity:5]]
LogConfig: Setting CVar [[s.FlushStreamingOnExit:1]]
LogInit: Object subsystem initialized
LogConfig: Setting CVar [[con.DebugEarlyDefault:1]]
LogConfig: Setting CVar [[r.setres:1280x720]]
[2023.05.03-18.47.46:140][  0]LogConfig: Setting CVar [[r.VSync:0]]
[2023.05.03-18.47.46:140][  0]LogConfig: Setting CVar [[r.RHICmdBypass:0]]
[2023.05.03-18.47.46:140][  0]LogConfig: Applying CVar settings from Section [/Script/Engine.RendererSettings] File [E:/Asus/Documents/GitHub/TheTroubleMakers/Unreal Engine Project/SpeedLimit_UniAzad/Saved/Config/Windows/Engine.ini]
[2023.05.03-18.47.46:140][  0]LogConfig: Setting CVar [[r.GPUCrashDebugging:0]]
[2023.05.03-18.47.46:140][  0]LogConfig: Applying CVar settings from Section [/Script/Engine.RendererOverrideSettings] File [E:/Asus/Documents/GitHub/TheTroubleMakers/Unreal Engine Project/SpeedLimit_UniAzad/Saved/Config/Windows/Engine.ini]
[2023.05.03-18.47.46:140][  0]LogConfig: Applying CVar settings from Section [/Script/Engine.StreamingSettings] File [E:/Asus/Documents/GitHub/TheTroubleMakers/Unreal Engine Project/SpeedLimit_UniAzad/Saved/Config/Windows/Engine.ini]
[2023.05.03-18.47.46:140][  0]LogConfig: Setting CVar [[s.MinBulkDataSizeForAsyncLoading:131072]]
[2023.05.03-18.47.46:140][  0]LogConfig: Setting CVar [[s.AsyncLoadingThreadEnabled:0]]
[2023.05.03-18.47.46:140][  0]LogConfig: Setting CVar [[s.EventDrivenLoaderEnabled:1]]
[2023.05.03-18.47.46:140][  0]LogConfig: Setting CVar [[s.WarnIfTimeLimitExceeded:0]]
[2023.05.03-18.47.46:140][  0]LogConfig: Setting CVar [[s.TimeLimitExceededMultiplier:1.5]]
[2023.05.03-18.47.46:140][  0]LogConfig: Setting CVar [[s.TimeLimitExceededMinTime:0.005]]
[2023.05.03-18.47.46:140][  0]LogConfig: Setting CVar [[s.UseBackgroundLevelStreaming:1]]
[2023.05.03-18.47.46:140][  0]LogConfig: Setting CVar [[s.PriorityAsyncLoadingExtraTime:15.0]]
[2023.05.03-18.47.46:140][  0]LogConfig: Setting CVar [[s.LevelStreamingActorsUpdateTimeLimit:5.0]]
[2023.05.03-18.47.46:140][  0]LogConfig: Setting CVar [[s.PriorityLevelStreamingActorsUpdateExtraTime:5.0]]
[2023.05.03-18.47.46:140][  0]LogConfig: Setting CVar [[s.LevelStreamingComponentsRegistrationGranularity:10]]
[2023.05.03-18.47.46:140][  0]LogConfig: Setting CVar [[s.UnregisterComponentsTimeLimit:1.0]]
[2023.05.03-18.47.46:140][  0]LogConfig: Setting CVar [[s.LevelStreamingComponentsUnregistrationGranularity:5]]
[2023.05.03-18.47.46:140][  0]LogConfig: Setting CVar [[s.FlushStreamingOnExit:1]]
[2023.05.03-18.47.46:140][  0]LogConfig: Applying CVar settings from Section [/Script/Engine.GarbageCollectionSettings] File [E:/Asus/Documents/GitHub/TheTroubleMakers/Unreal Engine Project/SpeedLimit_UniAzad/Saved/Config/Windows/Engine.ini]
[2023.05.03-18.47.46:140][  0]LogConfig: Setting CVar [[gc.MaxObjectsNotConsideredByGC:1]]
[2023.05.03-18.47.46:140][  0]LogConfig: Setting CVar [[gc.SizeOfPermanentObjectPool:0]]
[2023.05.03-18.47.46:140][  0]LogConfig: Setting CVar [[gc.FlushStreamingOnGC:0]]
[2023.05.03-18.47.46:140][  0]LogConfig: Setting CVar [[gc.NumRetriesBeforeForcingGC:10]]
[2023.05.03-18.47.46:140][  0]LogConfig: Setting CVar [[gc.AllowParallelGC:1]]
[2023.05.03-18.47.46:140][  0]LogConfig: Setting CVar [[gc.TimeBetweenPurgingPendingKillObjects:61.1]]
[2023.05.03-18.47.46:140][  0]LogConfig: Setting CVar [[gc.MaxObjectsInEditor:25165824]]
[2023.05.03-18.47.46:140][  0]LogConfig: Setting CVar [[gc.IncrementalBeginDestroyEnabled:1]]
[2023.05.03-18.47.46:140][  0]LogConfig: Setting CVar [[gc.CreateGCClusters:1]]
[2023.05.03-18.47.46:140][  0]LogConfig: Setting CVar [[gc.MinGCClusterSize:5]]
[2023.05.03-18.47.46:140][  0]LogConfig: Setting CVar [[gc.ActorClusteringEnabled:0]]
[2023.05.03-18.47.46:140][  0]LogConfig: Setting CVar [[gc.BlueprintClusteringEnabled:0]]
[2023.05.03-18.47.46:140][  0]LogConfig: Setting CVar [[gc.UseDisregardForGCOnDedicatedServers:0]]
[2023.05.03-18.47.46:140][  0]LogConfig: Setting CVar [[gc.MultithreadedDestructionEnabled:1]]
[2023.05.03-18.47.46:140][  0]LogConfig: Applying CVar settings from Section [/Script/Engine.NetworkSettings] File [E:/Asus/Documents/GitHub/TheTroubleMakers/Unreal Engine Project/SpeedLimit_UniAzad/Saved/Config/Windows/Engine.ini]
[2023.05.03-18.47.46:140][  0]LogConfig: Applying CVar settings from Section [/Script/UnrealEd.CookerSettings] File [E:/Asus/Documents/GitHub/TheTroubleMakers/Unreal Engine Project/SpeedLimit_UniAzad/Saved/Config/Windows/Engine.ini]
[2023.05.03-18.47.46:172][  0]LogConfig: Applying CVar settings from Section [ViewDistanceQuality@3] File [E:/Asus/Documents/GitHub/TheTroubleMakers/Unreal Engine Project/SpeedLimit_UniAzad/Saved/Config/Windows/Scalability.ini]
[2023.05.03-18.47.46:172][  0]LogConfig: Setting CVar [[r.SkeletalMeshLODBias:0]]
[2023.05.03-18.47.46:172][  0]LogConfig: Setting CVar [[r.ViewDistanceScale:1.0]]
[2023.05.03-18.47.46:172][  0]LogConfig: Applying CVar settings from Section [AntiAliasingQuality@3] File [E:/Asus/Documents/GitHub/TheTroubleMakers/Unreal Engine Project/SpeedLimit_UniAzad/Saved/Config/Windows/Scalability.ini]
[2023.05.03-18.47.46:172][  0]LogConfig: Setting CVar [[r.PostProcessAAQuality:4]]
[2023.05.03-18.47.46:172][  0]LogConfig: Applying CVar settings from Section [ShadowQuality@3] File [E:/Asus/Documents/GitHub/TheTroubleMakers/Unreal Engine Project/SpeedLimit_UniAzad/Saved/Config/Windows/Scalability.ini]
[2023.05.03-18.47.46:172][  0]LogConfig: Setting CVar [[r.LightFunctionQuality:1]]
[2023.05.03-18.47.46:172][  0]LogConfig: Setting CVar [[r.ShadowQuality:5]]
[2023.05.03-18.47.46:172][  0]LogConfig: Setting CVar [[r.Shadow.CSM.MaxCascades:10]]
[2023.05.03-18.47.46:172][  0]LogConfig: Setting CVar [[r.Shadow.MaxResolution:2048]]
[2023.05.03-18.47.46:172][  0]LogConfig: Setting CVar [[r.Shadow.MaxCSMResolution:2048]]
[2023.05.03-18.47.46:172][  0]LogConfig: Setting CVar [[r.Shadow.RadiusThreshold:0.01]]
[2023.05.03-18.47.46:172][  0]LogConfig: Setting CVar [[r.Shadow.DistanceScale:1.0]]
[2023.05.03-18.47.46:172][  0]LogConfig: Setting CVar [[r.Shadow.CSM.TransitionScale:1.0]]
[2023.05.03-18.47.46:172][  0]LogConfig: Setting CVar [[r.Shadow.PreShadowResolutionFactor:1.0]]
[2023.05.03-18.47.46:172][  0]LogConfig: Setting CVar [[r.DistanceFieldShadowing:1]]
[2023.05.03-18.47.46:172][  0]LogConfig: Setting CVar [[r.DistanceFieldAO:1]]
[2023.05.03-18.47.46:172][  0]LogConfig: Setting CVar [[r.AOQuality:2]]
[2023.05.03-18.47.46:172][  0]LogConfig: Setting CVar [[r.VolumetricFog:1]]
[2023.05.03-18.47.46:172][  0]LogConfig: Setting CVar [[r.VolumetricFog.GridPixelSize:8]]
[2023.05.03-18.47.46:172][  0]LogConfig: Setting CVar [[r.VolumetricFog.GridSizeZ:128]]
[2023.05.03-18.47.46:172][  0]LogConfig: Setting CVar [[r.VolumetricFog.HistoryMissSupersampleCount:4]]
[2023.05.03-18.47.46:172][  0]LogConfig: Setting CVar [[r.LightMaxDrawDistanceScale:1]]
[2023.05.03-18.47.46:172][  0]LogConfig: Setting CVar [[r.CapsuleShadows:1]]
[2023.05.03-18.47.46:172][  0]LogConfig: Applying CVar settings from Section [PostProcessQuality@3] File [E:/Asus/Documents/GitHub/TheTroubleMakers/Unreal Engine Project/SpeedLimit_UniAzad/Saved/Config/Windows/Scalability.ini]
[2023.05.03-18.47.46:172][  0]LogConfig: Setting CVar [[r.MotionBlurQuality:4]]
[2023.05.03-18.47.46:172][  0]LogConfig: Setting CVar [[r.AmbientOcclusionMipLevelFactor:0.4]]
[2023.05.03-18.47.46:172][  0]LogConfig: Setting CVar [[r.AmbientOcclusionMaxQuality:100]]
[2023.05.03-18.47.46:172][  0]LogConfig: Setting CVar [[r.AmbientOcclusionLevels:-1]]
[2023.05.03-18.47.46:172][  0]LogConfig: Setting CVar [[r.AmbientOcclusionRadiusScale:1.0]]
[2023.05.03-18.47.46:172][  0]LogConfig: Setting CVar [[r.DepthOfFieldQuality:2]]
[2023.05.03-18.47.46:172][  0]LogConfig: Setting CVar [[r.RenderTargetPoolMin:400]]
[2023.05.03-18.47.46:172][  0]LogConfig: Setting CVar [[r.LensFlareQuality:2]]
[2023.05.03-18.47.46:172][  0]LogConfig: Setting CVar [[r.SceneColorFringeQuality:1]]
[2023.05.03-18.47.46:172][  0]LogConfig: Setting CVar [[r.EyeAdaptationQuality:2]]
[2023.05.03-18.47.46:172][  0]LogConfig: Setting CVar [[r.BloomQuality:5]]
[2023.05.03-18.47.46:172][  0]LogConfig: Setting CVar [[r.FastBlurThreshold:100]]
[2023.05.03-18.47.46:172][  0]LogConfig: Setting CVar [[r.Upscale.Quality:3]]
[2023.05.03-18.47.46:172][  0]LogConfig: Setting CVar [[r.Tonemapper.GrainQuantization:1]]
[2023.05.03-18.47.46:172][  0]LogConfig: Setting CVar [[r.LightShaftQuality:1]]
[2023.05.03-18.47.46:172][  0]LogConfig: Setting CVar [[r.Filter.SizeScale:1]]
[2023.05.03-18.47.46:172][  0]LogConfig: Setting CVar [[r.Tonemapper.Quality:5]]
[2023.05.03-18.47.46:172][  0]LogConfig: Setting CVar [[r.DOF.Gather.AccumulatorQuality:1        ; higher gathering accumulator quality]]
[2023.05.03-18.47.46:172][  0]LogConfig: Setting CVar [[r.DOF.Gather.PostfilterMethod:1          ; Median3x3 postfilering method]]
[2023.05.03-18.47.46:172][  0]LogConfig: Setting CVar [[r.DOF.Gather.EnableBokehSettings:0       ; no bokeh simulation when gathering]]
[2023.05.03-18.47.46:172][  0]LogConfig: Setting CVar [[r.DOF.Gather.RingCount:4                 ; medium number of samples when gathering]]
[2023.05.03-18.47.46:172][  0]LogConfig: Setting CVar [[r.DOF.Scatter.ForegroundCompositing:1    ; additive foreground scattering]]
[2023.05.03-18.47.46:172][  0]LogConfig: Setting CVar [[r.DOF.Scatter.BackgroundCompositing:2    ; additive background scattering]]
[2023.05.03-18.47.46:172][  0]LogConfig: Setting CVar [[r.DOF.Scatter.EnableBokehSettings:1      ; bokeh simulation when scattering]]
[2023.05.03-18.47.46:172][  0]LogConfig: Setting CVar [[r.DOF.Scatter.MaxSpriteRatio:0.1         ; only a maximum of 10% of scattered bokeh]]
[2023.05.03-18.47.46:172][  0]LogConfig: Setting CVar [[r.DOF.Recombine.Quality:1                ; cheap slight out of focus]]
[2023.05.03-18.47.46:172][  0]LogConfig: Setting CVar [[r.DOF.Recombine.EnableBokehSettings:0    ; no bokeh simulation on slight out of focus]]
[2023.05.03-18.47.46:172][  0]LogConfig: Setting CVar [[r.DOF.TemporalAAQuality:1                ; more stable temporal accumulation]]
[2023.05.03-18.47.46:172][  0]LogConfig: Setting CVar [[r.DOF.Kernel.MaxForegroundRadius:0.025]]
[2023.05.03-18.47.46:172][  0]LogConfig: Setting CVar [[r.DOF.Kernel.MaxBackgroundRadius:0.025]]
[2023.05.03-18.47.46:172][  0]LogConfig: Applying CVar settings from Section [TextureQuality@3] File [E:/Asus/Documents/GitHub/TheTroubleMakers/Unreal Engine Project/SpeedLimit_UniAzad/Saved/Config/Windows/Scalability.ini]
[2023.05.03-18.47.46:172][  0]LogConfig: Setting CVar [[r.Streaming.MipBias:0]]
[2023.05.03-18.47.46:172][  0]LogConfig: Setting CVar [[r.Streaming.AmortizeCPUToGPUCopy:0]]
[2023.05.03-18.47.46:172][  0]LogConfig: Setting CVar [[r.Streaming.MaxNumTexturesToStreamPerFrame:0]]
[2023.05.03-18.47.46:172][  0]LogConfig: Setting CVar [[r.Streaming.Boost:1]]
[2023.05.03-18.47.46:172][  0]LogConfig: Setting CVar [[r.MaxAnisotropy:8]]
[2023.05.03-18.47.46:172][  0]LogConfig: Setting CVar [[r.VT.MaxAnisotropy:8]]
[2023.05.03-18.47.46:172][  0]LogConfig: Setting CVar [[r.Streaming.LimitPoolSizeToVRAM:0]]
[2023.05.03-18.47.46:172][  0]LogConfig: Setting CVar [[r.Streaming.PoolSize:1000]]
[2023.05.03-18.47.46:172][  0]LogConfig: Setting CVar [[r.Streaming.MaxEffectiveScreenSize:0]]
[2023.05.03-18.47.46:172][  0]LogConfig: Applying CVar settings from Section [EffectsQuality@3] File [E:/Asus/Documents/GitHub/TheTroubleMakers/Unreal Engine Project/SpeedLimit_UniAzad/Saved/Config/Windows/Scalability.ini]
[2023.05.03-18.47.46:172][  0]LogConfig: Setting CVar [[r.TranslucencyLightingVolumeDim:64]]
[2023.05.03-18.47.46:172][  0]LogConfig: Setting CVar [[r.RefractionQuality:2]]
[2023.05.03-18.47.46:172][  0]LogConfig: Setting CVar [[r.SSR.Quality:3]]
[2023.05.03-18.47.46:172][  0]LogConfig: Setting CVar [[r.SSR.HalfResSceneColor:0]]
[2023.05.03-18.47.46:172][  0]LogConfig: Setting CVar [[r.SceneColorFormat:4]]
[2023.05.03-18.47.46:172][  0]LogConfig: Setting CVar [[r.DetailMode:2]]
[2023.05.03-18.47.46:172][  0]LogConfig: Setting CVar [[r.TranslucencyVolumeBlur:1]]
[2023.05.03-18.47.46:172][  0]LogConfig: Setting CVar [[r.MaterialQualityLevel:1 ; High quality]]
[2023.05.03-18.47.46:172][  0]LogConfig: Setting CVar [[r.AnisotropicMaterials:1]]
[2023.05.03-18.47.46:172][  0]LogConfig: Setting CVar [[r.SSS.Scale:1]]
[2023.05.03-18.47.46:172][  0]LogConfig: Setting CVar [[r.SSS.SampleSet:2]]
[2023.05.03-18.47.46:172][  0]LogConfig: Setting CVar [[r.SSS.Quality:1]]
[2023.05.03-18.47.46:172][  0]LogConfig: Setting CVar [[r.SSS.HalfRes:0]]
[2023.05.03-18.47.46:172][  0]LogConfig: Setting CVar [[r.SSGI.Quality:3]]
[2023.05.03-18.47.46:172][  0]LogConfig: Setting CVar [[r.EmitterSpawnRateScale:1.0]]
[2023.05.03-18.47.46:172][  0]LogConfig: Setting CVar [[r.ParticleLightQuality:2]]
[2023.05.03-18.47.46:172][  0]LogConfig: Setting CVar [[r.SkyAtmosphere.AerialPerspectiveLUT.FastApplyOnOpaque:1 ; Always have FastSkyLUT 1 in this case to avoid wrong sky]]
[2023.05.03-18.47.46:172][  0]LogConfig: Setting CVar [[r.SkyAtmosphere.AerialPerspectiveLUT.SampleCountMaxPerSlice:4]]
[2023.05.03-18.47.46:172][  0]LogConfig: Setting CVar [[r.SkyAtmosphere.AerialPerspectiveLUT.DepthResolution:16.0]]
[2023.05.03-18.47.46:172][  0]LogConfig: Setting CVar [[r.SkyAtmosphere.FastSkyLUT:1]]
[2023.05.03-18.47.46:172][  0]LogConfig: Setting CVar [[r.SkyAtmosphere.FastSkyLUT.SampleCountMin:4.0]]
[2023.05.03-18.47.46:172][  0]LogConfig: Setting CVar [[r.SkyAtmosphere.FastSkyLUT.SampleCountMax:128.0]]
[2023.05.03-18.47.46:172][  0]LogConfig: Setting CVar [[r.SkyAtmosphere.SampleCountMin:4.0]]
[2023.05.03-18.47.46:172][  0]LogConfig: Setting CVar [[r.SkyAtmosphere.SampleCountMax:128.0]]
[2023.05.03-18.47.46:172][  0]LogConfig: Setting CVar [[r.SkyAtmosphere.TransmittanceLUT.UseSmallFormat:0]]
[2023.05.03-18.47.46:172][  0]LogConfig: Setting CVar [[r.SkyAtmosphere.TransmittanceLUT.SampleCount:10.0]]
[2023.05.03-18.47.46:172][  0]LogConfig: Setting CVar [[r.SkyAtmosphere.MultiScatteringLUT.SampleCount:15.0]]
[2023.05.03-18.47.46:172][  0]LogConfig: Setting CVar [[r.SkyLight.RealTimeReflectionCapture:1]]
[2023.05.03-18.47.46:172][  0]LogConfig: Applying CVar settings from Section [FoliageQuality@3] File [E:/Asus/Documents/GitHub/TheTroubleMakers/Unreal Engine Project/SpeedLimit_UniAzad/Saved/Config/Windows/Scalability.ini]
[2023.05.03-18.47.46:172][  0]LogConfig: Setting CVar [[foliage.DensityScale:1.0]]
[2023.05.03-18.47.46:173][  0]LogConfig: Setting CVar [[grass.DensityScale:1.0]]
[2023.05.03-18.47.46:173][  0]LogConfig: Applying CVar settings from Section [ShadingQuality@3] File [E:/Asus/Documents/GitHub/TheTroubleMakers/Unreal Engine Project/SpeedLimit_UniAzad/Saved/Config/Windows/Scalability.ini]
[2023.05.03-18.47.46:173][  0]LogConfig: Setting CVar [[r.HairStrands.SkyLighting.IntegrationType:2]]
[2023.05.03-18.47.46:173][  0]LogConfig: Setting CVar [[r.HairStrands.SkyAO.SampleCount:4]]
[2023.05.03-18.47.46:173][  0]LogConfig: Setting CVar [[r.HairStrands.Visibility.MSAA.SamplePerPixel:4]]
[2023.05.03-18.47.46:173][  0]LogInit: Selected Device Profile: [Windows]
[2023.05.03-18.47.46:173][  0]LogInit: Applying CVar settings loaded from the selected device profile: [Windows]
[2023.05.03-18.47.46:174][  0]LogHAL: Display: Platform has ~ 16 GB [16856285184 / 17179869184 / 16], which maps to Larger [LargestMinGB=32, LargerMinGB=12, DefaultMinGB=8, SmallerMinGB=6, SmallestMinGB=0)
[2023.05.03-18.47.46:174][  0]LogInit: Going up to parent DeviceProfile []
[2023.05.03-18.47.46:174][  0]LogConfig: Applying CVar settings from Section [ViewDistanceQuality@3] File [E:/Asus/Documents/GitHub/TheTroubleMakers/Unreal Engine Project/SpeedLimit_UniAzad/Saved/Config/Windows/Scalability.ini]
[2023.05.03-18.47.46:174][  0]LogConfig: Setting CVar [[r.SkeletalMeshLODBias:0]]
[2023.05.03-18.47.46:174][  0]LogConfig: Setting CVar [[r.ViewDistanceScale:1.0]]
[2023.05.03-18.47.46:174][  0]LogConfig: Applying CVar settings from Section [AntiAliasingQuality@3] File [E:/Asus/Documents/GitHub/TheTroubleMakers/Unreal Engine Project/SpeedLimit_UniAzad/Saved/Config/Windows/Scalability.ini]
[2023.05.03-18.47.46:174][  0]LogConfig: Setting CVar [[r.PostProcessAAQuality:4]]
[2023.05.03-18.47.46:174][  0]LogConfig: Applying CVar settings from Section [ShadowQuality@3] File [E:/Asus/Documents/GitHub/TheTroubleMakers/Unreal Engine Project/SpeedLimit_UniAzad/Saved/Config/Windows/Scalability.ini]
[2023.05.03-18.47.46:174][  0]LogConfig: Setting CVar [[r.LightFunctionQuality:1]]
[2023.05.03-18.47.46:174][  0]LogConfig: Setting CVar [[r.ShadowQuality:5]]
[2023.05.03-18.47.46:174][  0]LogConfig: Setting CVar [[r.Shadow.CSM.MaxCascades:10]]
[2023.05.03-18.47.46:174][  0]LogConfig: Setting CVar [[r.Shadow.MaxResolution:2048]]
[2023.05.03-18.47.46:174][  0]LogConfig: Setting CVar [[r.Shadow.MaxCSMResolution:2048]]
[2023.05.03-18.47.46:174][  0]LogConfig: Setting CVar [[r.Shadow.RadiusThreshold:0.01]]
[2023.05.03-18.47.46:174][  0]LogConfig: Setting CVar [[r.Shadow.DistanceScale:1.0]]
[2023.05.03-18.47.46:174][  0]LogConfig: Setting CVar [[r.Shadow.CSM.TransitionScale:1.0]]
[2023.05.03-18.47.46:174][  0]LogConfig: Setting CVar [[r.Shadow.PreShadowResolutionFactor:1.0]]
[2023.05.03-18.47.46:174][  0]LogConfig: Setting CVar [[r.DistanceFieldShadowing:1]]
[2023.05.03-18.47.46:174][  0]LogConfig: Setting CVar [[r.DistanceFieldAO:1]]
[2023.05.03-18.47.46:174][  0]LogConfig: Setting CVar [[r.AOQuality:2]]
[2023.05.03-18.47.46:174][  0]LogConfig: Setting CVar [[r.VolumetricFog:1]]
[2023.05.03-18.47.46:174][  0]LogConfig: Setting CVar [[r.VolumetricFog.GridPixelSize:8]]
[2023.05.03-18.47.46:174][  0]LogConfig: Setting CVar [[r.VolumetricFog.GridSizeZ:128]]
[2023.05.03-18.47.46:174][  0]LogConfig: Setting CVar [[r.VolumetricFog.HistoryMissSupersampleCount:4]]
[2023.05.03-18.47.46:174][  0]LogConfig: Setting CVar [[r.LightMaxDrawDistanceScale:1]]
[2023.05.03-18.47.46:174][  0]LogConfig: Setting CVar [[r.CapsuleShadows:1]]
[2023.05.03-18.47.46:174][  0]LogConfig: Applying CVar settings from Section [PostProcessQuality@3] File [E:/Asus/Documents/GitHub/TheTroubleMakers/Unreal Engine Project/SpeedLimit_UniAzad/Saved/Config/Windows/Scalability.ini]
[2023.05.03-18.47.46:174][  0]LogConfig: Setting CVar [[r.MotionBlurQuality:4]]
[2023.05.03-18.47.46:175][  0]LogConfig: Setting CVar [[r.AmbientOcclusionMipLevelFactor:0.4]]
[2023.05.03-18.47.46:175][  0]LogConfig: Setting CVar [[r.AmbientOcclusionMaxQuality:100]]
[2023.05.03-18.47.46:175][  0]LogConfig: Setting CVar [[r.AmbientOcclusionLevels:-1]]
[2023.05.03-18.47.46:175][  0]LogConfig: Setting CVar [[r.AmbientOcclusionRadiusScale:1.0]]
[2023.05.03-18.47.46:175][  0]LogConfig: Setting CVar [[r.DepthOfFieldQuality:2]]
[2023.05.03-18.47.46:175][  0]LogConfig: Setting CVar [[r.RenderTargetPoolMin:400]]
[2023.05.03-18.47.46:175][  0]LogConfig: Setting CVar [[r.LensFlareQuality:2]]
[2023.05.03-18.47.46:175][  0]LogConfig: Setting CVar [[r.SceneColorFringeQuality:1]]
[2023.05.03-18.47.46:175][  0]LogConfig: Setting CVar [[r.EyeAdaptationQuality:2]]
[2023.05.03-18.47.46:175][  0]LogConfig: Setting CVar [[r.BloomQuality:5]]
[2023.05.03-18.47.46:175][  0]LogConfig: Setting CVar [[r.FastBlurThreshold:100]]
[2023.05.03-18.47.46:175][  0]LogConfig: Setting CVar [[r.Upscale.Quality:3]]
[2023.05.03-18.47.46:175][  0]LogConfig: Setting CVar [[r.Tonemapper.GrainQuantization:1]]
[2023.05.03-18.47.46:175][  0]LogConfig: Setting CVar [[r.LightShaftQuality:1]]
[2023.05.03-18.47.46:175][  0]LogConfig: Setting CVar [[r.Filter.SizeScale:1]]
[2023.05.03-18.47.46:175][  0]LogConfig: Setting CVar [[r.Tonemapper.Quality:5]]
[2023.05.03-18.47.46:175][  0]LogConfig: Setting CVar [[r.DOF.Gather.AccumulatorQuality:1        ; higher gathering accumulator quality]]
[2023.05.03-18.47.46:175][  0]LogConfig: Setting CVar [[r.DOF.Gather.PostfilterMethod:1          ; Median3x3 postfilering method]]
[2023.05.03-18.47.46:175][  0]LogConfig: Setting CVar [[r.DOF.Gather.EnableBokehSettings:0       ; no bokeh simulation when gathering]]
[2023.05.03-18.47.46:175][  0]LogConfig: Setting CVar [[r.DOF.Gather.RingCount:4                 ; medium number of samples when gathering]]
[2023.05.03-18.47.46:175][  0]LogConfig: Setting CVar [[r.DOF.Scatter.ForegroundCompositing:1    ; additive foreground scattering]]
[2023.05.03-18.47.46:175][  0]LogConfig: Setting CVar [[r.DOF.Scatter.BackgroundCompositing:2    ; additive background scattering]]
[2023.05.03-18.47.46:175][  0]LogConfig: Setting CVar [[r.DOF.Scatter.EnableBokehSettings:1      ; bokeh simulation when scattering]]
[2023.05.03-18.47.46:175][  0]LogConfig: Setting CVar [[r.DOF.Scatter.MaxSpriteRatio:0.1         ; only a maximum of 10% of scattered bokeh]]
[2023.05.03-18.47.46:175][  0]LogConfig: Setting CVar [[r.DOF.Recombine.Quality:1                ; cheap slight out of focus]]
[2023.05.03-18.47.46:175][  0]LogConfig: Setting CVar [[r.DOF.Recombine.EnableBokehSettings:0    ; no bokeh simulation on slight out of focus]]
[2023.05.03-18.47.46:175][  0]LogConfig: Setting CVar [[r.DOF.TemporalAAQuality:1                ; more stable temporal accumulation]]
[2023.05.03-18.47.46:175][  0]LogConfig: Setting CVar [[r.DOF.Kernel.MaxForegroundRadius:0.025]]
[2023.05.03-18.47.46:175][  0]LogConfig: Setting CVar [[r.DOF.Kernel.MaxBackgroundRadius:0.025]]
[2023.05.03-18.47.46:175][  0]LogConfig: Applying CVar settings from Section [TextureQuality@3] File [E:/Asus/Documents/GitHub/TheTroubleMakers/Unreal Engine Project/SpeedLimit_UniAzad/Saved/Config/Windows/Scalability.ini]
[2023.05.03-18.47.46:175][  0]LogConfig: Setting CVar [[r.Streaming.MipBias:0]]
[2023.05.03-18.47.46:175][  0]LogConfig: Setting CVar [[r.Streaming.AmortizeCPUToGPUCopy:0]]
[2023.05.03-18.47.46:175][  0]LogConfig: Setting CVar [[r.Streaming.MaxNumTexturesToStreamPerFrame:0]]
[2023.05.03-18.47.46:175][  0]LogConfig: Setting CVar [[r.Streaming.Boost:1]]
[2023.05.03-18.47.46:175][  0]LogConfig: Setting CVar [[r.MaxAnisotropy:8]]
[2023.05.03-18.47.46:175][  0]LogConfig: Setting CVar [[r.VT.MaxAnisotropy:8]]
[2023.05.03-18.47.46:175][  0]LogConfig: Setting CVar [[r.Streaming.LimitPoolSizeToVRAM:0]]
[2023.05.03-18.47.46:175][  0]LogConfig: Setting CVar [[r.Streaming.PoolSize:1000]]
[2023.05.03-18.47.46:175][  0]LogConfig: Setting CVar [[r.Streaming.MaxEffectiveScreenSize:0]]
[2023.05.03-18.47.46:175][  0]LogConfig: Applying CVar settings from Section [EffectsQuality@3] File [E:/Asus/Documents/GitHub/TheTroubleMakers/Unreal Engine Project/SpeedLimit_UniAzad/Saved/Config/Windows/Scalability.ini]
[2023.05.03-18.47.46:175][  0]LogConfig: Setting CVar [[r.TranslucencyLightingVolumeDim:64]]
[2023.05.03-18.47.46:175][  0]LogConfig: Setting CVar [[r.RefractionQuality:2]]
[2023.05.03-18.47.46:175][  0]LogConfig: Setting CVar [[r.SSR.Quality:3]]
[2023.05.03-18.47.46:175][  0]LogConfig: Setting CVar [[r.SSR.HalfResSceneColor:0]]
[2023.05.03-18.47.46:175][  0]LogConfig: Setting CVar [[r.SceneColorFormat:4]]
[2023.05.03-18.47.46:175][  0]LogConfig: Setting CVar [[r.DetailMode:2]]
[2023.05.03-18.47.46:175][  0]LogConfig: Setting CVar [[r.TranslucencyVolumeBlur:1]]
[2023.05.03-18.47.46:175][  0]LogConfig: Setting CVar [[r.MaterialQualityLevel:1 ; High quality]]
[2023.05.03-18.47.46:175][  0]LogConfig: Setting CVar [[r.AnisotropicMaterials:1]]
[2023.05.03-18.47.46:175][  0]LogConfig: Setting CVar [[r.SSS.Scale:1]]
[2023.05.03-18.47.46:175][  0]LogConfig: Setting CVar [[r.SSS.SampleSet:2]]
[2023.05.03-18.47.46:175][  0]LogConfig: Setting CVar [[r.SSS.Quality:1]]
[2023.05.03-18.47.46:175][  0]LogConfig: Setting CVar [[r.SSS.HalfRes:0]]
[2023.05.03-18.47.46:175][  0]LogConfig: Setting CVar [[r.SSGI.Quality:3]]
[2023.05.03-18.47.46:175][  0]LogConfig: Setting CVar [[r.EmitterSpawnRateScale:1.0]]
[2023.05.03-18.47.46:175][  0]LogConfig: Setting CVar [[r.ParticleLightQuality:2]]
[2023.05.03-18.47.46:175][  0]LogConfig: Setting CVar [[r.SkyAtmosphere.AerialPerspectiveLUT.FastApplyOnOpaque:1 ; Always have FastSkyLUT 1 in this case to avoid wrong sky]]
[2023.05.03-18.47.46:175][  0]LogConfig: Setting CVar [[r.SkyAtmosphere.AerialPerspectiveLUT.SampleCountMaxPerSlice:4]]
[2023.05.03-18.47.46:175][  0]LogConfig: Setting CVar [[r.SkyAtmosphere.AerialPerspectiveLUT.DepthResolution:16.0]]
[2023.05.03-18.47.46:175][  0]LogConfig: Setting CVar [[r.SkyAtmosphere.FastSkyLUT:1]]
[2023.05.03-18.47.46:175][  0]LogConfig: Setting CVar [[r.SkyAtmosphere.FastSkyLUT.SampleCountMin:4.0]]
[2023.05.03-18.47.46:175][  0]LogConfig: Setting CVar [[r.SkyAtmosphere.FastSkyLUT.SampleCountMax:128.0]]
[2023.05.03-18.47.46:175][  0]LogConfig: Setting CVar [[r.SkyAtmosphere.SampleCountMin:4.0]]
[2023.05.03-18.47.46:175][  0]LogConfig: Setting CVar [[r.SkyAtmosphere.SampleCountMax:128.0]]
[2023.05.03-18.47.46:175][  0]LogConfig: Setting CVar [[r.SkyAtmosphere.TransmittanceLUT.UseSmallFormat:0]]
[2023.05.03-18.47.46:175][  0]LogConfig: Setting CVar [[r.SkyAtmosphere.TransmittanceLUT.SampleCount:10.0]]
[2023.05.03-18.47.46:175][  0]LogConfig: Setting CVar [[r.SkyAtmosphere.MultiScatteringLUT.SampleCount:15.0]]
[2023.05.03-18.47.46:175][  0]LogConfig: Setting CVar [[r.SkyLight.RealTimeReflectionCapture:1]]
[2023.05.03-18.47.46:175][  0]LogConfig: Applying CVar settings from Section [FoliageQuality@3] File [E:/Asus/Documents/GitHub/TheTroubleMakers/Unreal Engine Project/SpeedLimit_UniAzad/Saved/Config/Windows/Scalability.ini]
[2023.05.03-18.47.46:175][  0]LogConfig: Setting CVar [[foliage.DensityScale:1.0]]
[2023.05.03-18.47.46:175][  0]LogConfig: Setting CVar [[grass.DensityScale:1.0]]
[2023.05.03-18.47.46:175][  0]LogConfig: Applying CVar settings from Section [ShadingQuality@3] File [E:/Asus/Documents/GitHub/TheTroubleMakers/Unreal Engine Project/SpeedLimit_UniAzad/Saved/Config/Windows/Scalability.ini]
[2023.05.03-18.47.46:175][  0]LogConfig: Setting CVar [[r.HairStrands.SkyLighting.IntegrationType:2]]
[2023.05.03-18.47.46:175][  0]LogConfig: Setting CVar [[r.HairStrands.SkyAO.SampleCount:4]]
[2023.05.03-18.47.46:175][  0]LogConfig: Setting CVar [[r.HairStrands.Visibility.MSAA.SamplePerPixel:4]]
[2023.05.03-18.47.46:175][  0]LogConfig: Applying CVar settings from Section [Startup] File [../../../Engine/Config/ConsoleVariables.ini]
[2023.05.03-18.47.46:180][  0]LogConfig: Setting CVar [[net.UseAdaptiveNetUpdateFrequency:0]]
[2023.05.03-18.47.46:180][  0]LogConfig: Setting CVar [[p.chaos.AllowCreatePhysxBodies:1]]
[2023.05.03-18.47.46:180][  0]LogConfig: Setting CVar [[fx.SkipVectorVMBackendOptimizations:1]]
[2023.05.03-18.47.46:180][  0]LogConfig: Applying CVar settings from Section [ConsoleVariables] File [E:/Asus/Documents/GitHub/TheTroubleMakers/Unreal Engine Project/SpeedLimit_UniAzad/Saved/Config/Windows/Engine.ini]
[2023.05.03-18.47.46:180][  0]LogConfig: Applying CVar settings from Section [ConsoleVariables] File [E:/Asus/Documents/GitHub/TheTroubleMakers/Unreal Engine Project/SpeedLimit_UniAzad/Saved/Config/Windows/Editor.ini]
[2023.05.03-18.47.46:181][  0]LogInit: Computer: LAPTOP-ENHDEN5K
[2023.05.03-18.47.46:182][  0]LogInit: User: Asus
[2023.05.03-18.47.46:182][  0]LogInit: CPU Page size=4096, Cores=4
[2023.05.03-18.47.46:182][  0]LogInit: High frequency timer resolution =10.000000 MHz
[2023.05.03-18.47.46:182][  0]LogMemory: Memory total: Physical=15.7GB (16GB approx)
[2023.05.03-18.47.46:182][  0]LogMemory: Platform Memory Stats for Windows
[2023.05.03-18.47.46:182][  0]LogMemory: Process Physical Memory: 141.37 MB used, 141.37 MB peak
[2023.05.03-18.47.46:182][  0]LogMemory: Process Virtual Memory: 140.91 MB used, 140.91 MB peak
[2023.05.03-18.47.46:182][  0]LogMemory: Physical Memory: 9645.03 MB used,  6430.38 MB free, 16075.41 MB total
[2023.05.03-18.47.46:182][  0]LogMemory: Virtual Memory: 134212576.00 MB used,  5152.80 MB free, 134217728.00 MB total
[2023.05.03-18.47.46:191][  0]LogWindows: WindowsPlatformFeatures enabled
[2023.05.03-18.47.46:497][  0]LogInit: Physics initialised using underlying interface: PhysX
[2023.05.03-18.47.46:499][  0]LogInit: Using OS detected language (en-US).
[2023.05.03-18.47.46:499][  0]LogInit: Using OS detected locale (en-US).
[2023.05.03-18.47.46:504][  0]LogTextLocalizationManager: No specific localization for 'en-US' exists, so the 'en' localization will be used.
[2023.05.03-18.47.46:778][  0]LogInit: Setting process to per monitor DPI aware
[2023.05.03-18.47.46:816][  0]LogWindowsTextInputMethodSystem: Display: IME system deactivated.
[2023.05.03-18.47.46:885][  0]LogSlate: New Slate User Created.  User Index 0, Is Virtual User: 0
[2023.05.03-18.47.46:886][  0]LogSlate: Slate User Registered.  User Index 0, Is Virtual User: 0
[2023.05.03-18.47.49:092][  0]LogD3D11RHI: Loaded GFSDK_Aftermath_Lib.x64.dll
[2023.05.03-18.47.49:124][  0]LogHMD: Failed to initialize OpenVR with code 110
[2023.05.03-18.47.49:124][  0]LogD3D11RHI: D3D11 min allowed feature level: 11_0
[2023.05.03-18.47.49:124][  0]LogD3D11RHI: D3D11 max allowed feature level: 11_0
[2023.05.03-18.47.49:124][  0]LogD3D11RHI: D3D11 adapters:
[2023.05.03-18.47.49:257][  0]LogD3D11RHI:    0. 'NVIDIA GeForce MX450' (Feature Level 11_0)
[2023.05.03-18.47.49:257][  0]LogD3D11RHI:       1920/0/8037 MB DedicatedVideo/DedicatedSystem/SharedSystem, Outputs:2, VendorId:0x10de
[2023.05.03-18.47.49:292][  0]LogD3D11RHI:    1. 'Intel(R) Iris(R) Xe Graphics' (Feature Level 11_0)
[2023.05.03-18.47.49:292][  0]LogD3D11RHI:       128/0/8037 MB DedicatedVideo/DedicatedSystem/SharedSystem, Outputs:0, VendorId:0x8086
[2023.05.03-18.47.49:297][  0]LogD3D11RHI:    2. 'Microsoft Basic Render Driver' (Feature Level 11_0)
[2023.05.03-18.47.49:297][  0]LogD3D11RHI:       0/0/8037 MB DedicatedVideo/DedicatedSystem/SharedSystem, Outputs:0, VendorId:0x1414
[2023.05.03-18.47.49:297][  0]LogD3D11RHI: Chosen D3D11 Adapter: 0
[2023.05.03-18.47.49:305][  0]LogD3D11RHI: Creating new Direct3DDevice
[2023.05.03-18.47.49:305][  0]LogD3D11RHI:     GPU DeviceId: 0x1f97 (for the marketing name, search the web for "GPU Device Id")
[2023.05.03-18.47.49:305][  0]LogWindows: EnumDisplayDevices:
[2023.05.03-18.47.49:305][  0]LogWindows:    0. 'Intel(R) Iris(R) Xe Graphics' (P:1 D:1)
[2023.05.03-18.47.49:305][  0]LogWindows:    1. 'Intel(R) Iris(R) Xe Graphics' (P:0 D:1)
[2023.05.03-18.47.49:305][  0]LogWindows:    2. 'Intel(R) Iris(R) Xe Graphics' (P:0 D:0)
[2023.05.03-18.47.49:306][  0]LogWindows:    3. 'Intel(R) Iris(R) Xe Graphics' (P:0 D:0)
[2023.05.03-18.47.49:306][  0]LogWindows: DebugString: PrimaryIsNotTheChoosenAdapter PrimaryIsNotTheChoosenAdapter PrimaryIsNotTheChoosenAdapter PrimaryIsNotTheChoosenAdapter FoundDriverCount:0 
[2023.05.03-18.47.49:306][  0]LogD3D11RHI:     Adapter Name: NVIDIA GeForce MX450
[2023.05.03-18.47.49:306][  0]LogD3D11RHI:   Driver Version: Unknown (internal:Unknown, unified:Unknown)
[2023.05.03-18.47.49:306][  0]LogD3D11RHI:      Driver Date: Unknown
[2023.05.03-18.47.49:306][  0]LogRHI: Texture pool is 1344 MB (70% of 1920 MB)
[2023.05.03-18.47.49:368][  0]LogD3D11RHI: RHI has support for 64 bit atomics
[2023.05.03-18.47.49:370][  0]LogD3D11RHI: Async texture creation enabled
[2023.05.03-18.47.49:370][  0]LogD3D11RHI: Array index from any shader is supported
[2023.05.03-18.47.49:422][  0]LogD3D11RHI: GPU Timing Frequency: 1000.000000 (Debug: 2 2)
[2023.05.03-18.47.49:504][  0]LogRHI: GeForceNow SDK initialized: 1
[2023.05.03-18.47.50:148][  0]LogTargetPlatformManager: Display: Loaded TargetPlatform 'AllDesktop'
[2023.05.03-18.47.50:183][  0]LogTargetPlatformManager: Display: Loaded TargetPlatform 'Android'
[2023.05.03-18.47.50:183][  0]LogTargetPlatformManager: Display: Loaded TargetPlatform 'Android_ASTC'
[2023.05.03-18.47.50:183][  0]LogTargetPlatformManager: Display: Loaded TargetPlatform 'Android_DXT'
[2023.05.03-18.47.50:183][  0]LogTargetPlatformManager: Display: Loaded TargetPlatform 'Android_ETC2'
[2023.05.03-18.47.50:183][  0]LogTargetPlatformManager: Display: Loaded TargetPlatform 'AndroidClient'
[2023.05.03-18.47.50:183][  0]LogTargetPlatformManager: Display: Loaded TargetPlatform 'Android_ASTCClient'
[2023.05.03-18.47.50:183][  0]LogTargetPlatformManager: Display: Loaded TargetPlatform 'Android_DXTClient'
[2023.05.03-18.47.50:183][  0]LogTargetPlatformManager: Display: Loaded TargetPlatform 'Android_ETC2Client'
[2023.05.03-18.47.50:183][  0]LogTargetPlatformManager: Display: Loaded TargetPlatform 'Android_Multi'
[2023.05.03-18.47.50:183][  0]LogTargetPlatformManager: Display: Loaded TargetPlatform 'Android_MultiClient'
[2023.05.03-18.47.50:249][  0]LogTargetPlatformManager: Display: Loaded TargetPlatform 'IOSClient'
[2023.05.03-18.47.50:249][  0]LogTargetPlatformManager: Display: Loaded TargetPlatform 'IOS'
[2023.05.03-18.47.50:285][  0]LogTargetPlatformManager: Display: Loaded TargetPlatform 'Linux'
[2023.05.03-18.47.50:304][  0]LogTargetPlatformManager: Display: Loaded TargetPlatform 'LinuxNoEditor'
[2023.05.03-18.47.50:323][  0]LogTargetPlatformManager: Display: Loaded TargetPlatform 'LinuxClient'
[2023.05.03-18.47.50:344][  0]LogTargetPlatformManager: Display: Loaded TargetPlatform 'LinuxServer'
[2023.05.03-18.47.50:372][  0]LogTargetPlatformManager: Display: Loaded TargetPlatform 'LinuxAArch64NoEditor'
[2023.05.03-18.47.50:391][  0]LogTargetPlatformManager: Display: Loaded TargetPlatform 'LinuxAArch64Client'
[2023.05.03-18.47.50:411][  0]LogTargetPlatformManager: Display: Loaded TargetPlatform 'LinuxAArch64Server'
[2023.05.03-18.47.50:453][  0]LogTargetPlatformManager: Display: Loaded TargetPlatform 'Lumin'
[2023.05.03-18.47.50:453][  0]LogTargetPlatformManager: Display: Loaded TargetPlatform 'LuminClient'
[2023.05.03-18.47.50:482][  0]LogTargetPlatformManager: Display: Loaded TargetPlatform 'MacNoEditor'
[2023.05.03-18.47.50:504][  0]LogTargetPlatformManager: Display: Loaded TargetPlatform 'Mac'
[2023.05.03-18.47.50:524][  0]LogTargetPlatformManager: Display: Loaded TargetPlatform 'MacClient'
[2023.05.03-18.47.50:543][  0]LogTargetPlatformManager: Display: Loaded TargetPlatform 'MacServer'
[2023.05.03-18.47.50:565][  0]LogTargetPlatformManager: Display: Loaded TargetPlatform 'TVOSClient'
[2023.05.03-18.47.50:565][  0]LogTargetPlatformManager: Display: Loaded TargetPlatform 'TVOS'
[2023.05.03-18.47.50:589][  0]LogTargetPlatformManager: Display: Loaded TargetPlatform 'WindowsNoEditor'
[2023.05.03-18.47.50:609][  0]LogTargetPlatformManager: Display: Loaded TargetPlatform 'Windows'
[2023.05.03-18.47.50:629][  0]LogTargetPlatformManager: Display: Loaded TargetPlatform 'WindowsClient'
[2023.05.03-18.47.50:650][  0]LogTargetPlatformManager: Display: Loaded TargetPlatform 'WindowsServer'
[2023.05.03-18.47.50:650][  0]LogTargetPlatformManager: Display: Building Assets For Windows
[2023.05.03-18.47.50:732][  0]LogAudioDebug: Display: Lib vorbis DLL was dynamically loaded.
[2023.05.03-18.47.50:964][  0]LogTextureFormatOodle: Display: Oodle Texture 2.9.0 init RDO Off
[2023.05.03-18.47.51:274][  0]LogRendererCore: Ray tracing is disabled. Reason: r.RayTracing=0.
[2023.05.03-18.47.51:275][  0]LogShaderCompilers: Guid format shader working directory is -52 characters bigger than the processId version (../../../../../../Asus/Documents/GitHub/TheTroubleMakers/Unreal Engine Project/SpeedLimit_UniAzad/Intermediate/Shaders/WorkingDirectory/2172/).
[2023.05.03-18.47.51:276][  0]LogShaderCompilers: Cleaned the shader compiler working directory 'C:/Users/Asus/AppData/Local/Temp/UnrealShaderWorkingDir/526043094E39D111A8B7DA911303B3E5/'.
[2023.05.03-18.47.51:276][  0]LogXGEController: Cannot use XGE Controller as Incredibuild is not installed on this machine.
[2023.05.03-18.47.51:277][  0]LogShaderCompilers: Cannot use XGE Shader Compiler as Incredibuild is not installed on this machine.
[2023.05.03-18.47.51:277][  0]LogShaderCompilers: Display: Using Local Shader Compiler.
[2023.05.03-18.47.54:237][  0]LogDerivedDataCache: Display: Max Cache Size: 512 MB
[2023.05.03-18.47.54:315][  0]LogDerivedDataCache: Loaded boot cache 0.08s 95MB C:/Users/Asus/AppData/Local/UnrealEngine/4.27/DerivedDataCache/Boot.ddc.
[2023.05.03-18.47.54:315][  0]LogDerivedDataCache: Display: Loaded Boot cache: C:/Users/Asus/AppData/Local/UnrealEngine/4.27/DerivedDataCache/Boot.ddc
[2023.05.03-18.47.54:315][  0]LogDerivedDataCache: FDerivedDataBackendGraph:  Pak pak cache file ../../../../../../Asus/Documents/GitHub/TheTroubleMakers/Unreal Engine Project/SpeedLimit_UniAzad/DerivedDataCache/DDC.ddp not found, will not use a pak cache.
[2023.05.03-18.47.54:315][  0]LogDerivedDataCache: Unable to find inner node Pak for hierarchical cache Hierarchy.
[2023.05.03-18.47.54:315][  0]LogDerivedDataCache: FDerivedDataBackendGraph:  CompressedPak pak cache file ../../../../../../Asus/Documents/GitHub/TheTroubleMakers/Unreal Engine Project/SpeedLimit_UniAzad/DerivedDataCache/Compressed.ddp not found, will not use a pak cache.
[2023.05.03-18.47.54:315][  0]LogDerivedDataCache: Unable to find inner node CompressedPak for hierarchical cache Hierarchy.
[2023.05.03-18.47.54:339][  0]LogDerivedDataCache: Display: Pak cache opened for reading ../../../Engine/DerivedDataCache/Compressed.ddp.
[2023.05.03-18.47.54:339][  0]LogDerivedDataCache: FDerivedDataBackendGraph:  EnterprisePak pak cache file ../../../Enterprise/DerivedDataCache/Compressed.ddp not found, will not use a pak cache.
[2023.05.03-18.47.54:339][  0]LogDerivedDataCache: Unable to find inner node EnterprisePak for hierarchical cache Hierarchy.
[2023.05.03-18.47.54:384][  0]LogDerivedDataCache: Speed tests for C:/Users/Asus/AppData/Local/UnrealEngine/Common/DerivedDataCache took 0.05 seconds
[2023.05.03-18.47.54:384][  0]LogDerivedDataCache: Display: Performance to C:/Users/Asus/AppData/Local/UnrealEngine/Common/DerivedDataCache: Latency=0.21ms. RandomReadSpeed=25.48MBs, RandomWriteSpeed=152.33MBs. Assigned SpeedClass 'Local'
[2023.05.03-18.47.54:385][  0]LogDerivedDataCache: Using Local data cache path C:/Users/Asus/AppData/Local/UnrealEngine/Common/DerivedDataCache: Writable
[2023.05.03-18.47.54:385][  0]LogDerivedDataCache: Shared data cache path not found in *engine.ini, will not use an Shared cache.
[2023.05.03-18.47.54:385][  0]LogDerivedDataCache: Unable to find inner node Shared for hierarchical cache Hierarchy.
[2023.05.03-18.47.54:434][  0]LogSlate: Using FreeType 2.10.0
[2023.05.03-18.47.54:447][  0]LogSlate: SlateFontServices - WITH_FREETYPE: 1, WITH_HARFBUZZ: 1
[2023.05.03-18.47.54:646][  0]LogAssetRegistry: FAssetRegistry took 0.0052 seconds to start up
[2023.05.03-18.47.54:989][  0]LogInit: Selected Device Profile: [Windows]
[2023.05.03-18.47.54:989][  0]LogInit: Active device profile: [000002525FB82D00][000002525F678C00 49] Windows
[2023.05.03-18.47.54:989][  0]LogInit: Profiles: [000002525FB82D00][000002525F678C00 49] Windows, [000002525FABA300][000002525F674E80 49] WindowsNoEditor, [000002525FB81F00][000002525FA27140 49] WindowsServer, [000002525FABB000][000002525FA23400 49] WindowsClient, [000002525FB81200][00000252572896C0 49] IOS, [000002525FABBE00][0000025257285980 49] iPadAir, [000002525FB80700][000002525940A0C0 49] iPadAir2, [0000025260A49F00][000002525F688600 49] IPadPro, [0000025260A4A000][000002525940E640 49] iPadAir3, [000002525FABB600][000002525F680900 49] iPadAir4, [0000025260A4AF00][000002525F67CBC0 49] iPadMini2, [000002525FABAA00][000002525FA2AE40 49] iPadMini3, [0000025260A4BC00][000002525F6850C0 49] iPadMini4, [000002525FAB9C00][000002525F997380 49] iPadMini5, [0000025260A59500][000002525F9AB8C0 49] iPhone6, [0000025260A59600][000002525F99B900 49] iPodTouch6, [000002525FB81600][000002525F9B22C0 49] iPhone7, [000002525FB82B00][000002525F9A2300 49] iPodTouch7, [0000025260A49E00][000002525F9A65C0 49] iPhone5S, [000002525FB82900][000002525F99E880 49] iPhone6Plus, [0000025260A4B400][000002525F9AEB40 49] iPhone6S, [000002525FB80900][000002525F9B6E00 49] iPhone6SPlus, [0000025260A49700][000002525F68D080 49] iPhone7Plus, [000002525FB83B00][000002525F9BB300 49] iPhoneSE, [000002525FB81000][000002525F9C35C0 49] iPhone8, [0000025260A58700][000002525F9C7880 49] iPhone8Plus, [000002525FB80300][000002525F9CBB40 49] iPhoneX, [0000025260A58C00][000002525F9CE280 49] iPhoneXS, [000002525FB83000][000002525F9D2540 49] iPhoneXSMax, [0000025260A58A00][000002525F9D6800 49] iPhoneXR, [000002525FB82C00][000002525F79CAC0 49] iPhone11, [0000025260A59100][000002525F7A0D80 49] iPhone11Pro, [0000025260A49800][000002525F7A5040 49] iPhone11ProMax, [0000025260A58400][000002525F9BF2C0 49] iPhoneSE2, [0000025260A48F00][000002525F7A9540 49] iPhone12Mini, [0000025260A5BF00][000002525F7B1800 49] iPhone12, [0000025260A4B000][000002525F7B5AC0 49] iPhone12Pro, [0000025260A59900][000002525F7B8200 49] iPhone12ProMax, [0000025260A49D00][000002525F7BC4C0 49] iPadPro105, [0000025260A58200][000002525F7C0780 49] iPadPro129, [0000025260A4A700][000002525F7C4A40 49] iPadPro97, [0000025260A5A900][000002525F7C8D00 49] iPadPro2_129, [0000025260A48800][000002525F7CCFC0 49] iPad5, [0000025260A59E00][000002525F7D1280 49] iPad6, [0000025260A4B500][000002525F7AD500 49] iPad7, [0000025260A5A500][000002525F7D5780 49] iPad8, [0000025260A48200][000002525F7DDA40 49] iPadPro11, [0000025260A59A00][000002525F7E0180 49] iPadPro2_11, [0000025260A49400][000002525F7E4440 49] iPadPro3_129, [0000025260A5BA00][000002525F7E8700 49] iPadPro4_129, [0000025260A4B200][000002525F7EC9C0 49] AppleTV, [0000025260A59400][000002525F7F0C80 49] AppleTV4K, [0000025260A48500][000002525F7F4F40 49] TVOS, [0000025260A58300][000002525F7F9200 49] Mac, [0000025260A49200][000002525F7FD4C0 49] MacClient, [0000025260A59D00][000002525F7D9740 49] MacNoEditor, [0000025260A4AE00][000002525F8019C0 49] MacServer, [0000025260A58D00][000002525F808100 49] Linux, [0000025260A48400][000002525F80C3C0 49] LinuxAArch64, [0000025260A5B600][000002525F810680 49] LinuxNoEditor, [0000025260A4AB00][000002525F814940 49] LinuxAArch64NoEditor, [0000025260A5AC00][000002525F818C00 49] LinuxClient, [0000025260A48D00][000002525F81CEC0 49] LinuxAArch64Client, [0000025260A5A700][000002525F821180 49] LinuxServer, [0000025260A49900][000002525F825440 49] LinuxAArch64Server, [0000025260A5B100][000002525F829700 49] Android, [0000025260A48100][000002525F805980 49] Android_Low, [0000025260A5BC00][000002525F8300C0 49] Android_Mid, [0000025260A4B300][000002525F834380 49] Android_High, [0000025260A59C00][000002525F838640 49] Android_Default, [0000025260A4A800][000002525F83C900 49] Android_Adreno4xx, [0000025260A59700][000002525F840BC0 49] Android_Adreno5xx_Low, [0000025260A49C00][000002525F844E80 49] Android_Adreno5xx, [0000025260A5B200][000002525F849140 49] Android_Adreno6xx, [0000025260A4A300][000002525F84D400 49] Android_Adreno6xx_Vulkan, [0000025260A5B700][000002525F8516C0 49] Android_Mali_T6xx, [0000025260A4B100][000002525F82D940 49] Android_Mali_T7xx, [0000025260A5BB00][000002525F855BC0 49] Android_Mali_T8xx, [0000025260A4A100][000002525F85C300 49] Android_Mali_G71, [0000025260A5AF00][000002525F8605C0 49] Android_Mali_G72, [0000025260A4BE00][000002525F864880 49] Android_Mali_G72_Vulkan, [0000025260A5BD00][000002525F868B40 49] Android_Mali_G76, [0000025260A48700][000002525F86CE00 49] Android_Mali_G76_Vulkan, [000002525FB80400][000002525F8710C0 49] Android_Mali_G77, [000002525FABA000][000002525F875380 49] Android_Mali_G77_Vulkan, [000002525FB83400][000002525F879640 49] Android_Mali_G78, [000002525FABBB00][000002525F87D900 49] Android_Mali_G78_Vulkan, [000002525FB81100][000002525F859B80 49] Android_Mali_G710, [000002525FAB9400][000002525F880280 49] Android_Mali_G710_Vulkan, [000002525FB83C00][000002525F888540 49] Android_Vulkan_SM5, [000002525FABB800][000002525F88C800 49] Android_PowerVR_G6xxx, [000002525FB80B00][000002525F890AC0 49] Android_PowerVR_GT7xxx, [000002525FAB8400][000002525F290D80 49] Android_PowerVR_GE8xxx, [000002525FB82A00][000002525F295040 49] Android_PowerVR_GM9xxx, [000002525FABB700][000002525F299300 49] Android_PowerVR_GM9xxx_Vulkan, [000002525FB82200][000002525F29D5C0 49] Android_TegraK1, [000002525FAB8700][000002525F2A1880 49] Android_Unknown_Vulkan, [000002525FB82000][000002525F2A5B40 49] Lumin, [000002525FAB9A00][000002525F884240 49] Lumin_Desktop, [000002525FB83600][000002525F2A84C0 49] HoloLens, 
[2023.05.03-18.47.55:455][  0]LogMeshReduction: Using QuadricMeshReduction for automatic static mesh reduction
[2023.05.03-18.47.55:455][  0]LogMeshReduction: Using SimplygonMeshReduction for automatic skeletal mesh reduction
[2023.05.03-18.47.55:455][  0]LogMeshReduction: Using ProxyLODMeshReduction for automatic mesh merging
[2023.05.03-18.47.55:455][  0]LogMeshReduction: No distributed automatic mesh merging module available
[2023.05.03-18.47.55:456][  0]LogMeshMerging: No distributed automatic mesh merging module available
[2023.05.03-18.47.55:540][  0]LogNetVersion: SpeedLimit_UniAzad 1.0.0, NetCL: 17155196, EngineNetVer: 17, GameNetVer: 0 (Checksum: 2338214234)
[2023.05.03-18.47.57:972][  0]LogTexture: Default maximum texture size for cubemaps generated from long-lat sources has been changed from 512 to unlimited. In order to preserve old behaiour for '/Engine/MapTemplates/Sky/DaylightAmbientCubemap.DaylightAmbientCubemap', its maximum texture size has been explicitly set to 512.
[2023.05.03-18.47.58:084][  0]LogHMD: PokeAHoleMaterial loaded successfully
[2023.05.03-18.47.58:090][  0]LogUObjectArray: 17178 objects as part of root set at end of initial load.
[2023.05.03-18.47.58:090][  0]LogUObjectAllocator: 4301856 out of 0 bytes used by permanent object pool.
[2023.05.03-18.47.58:091][  0]LogUObjectArray: CloseDisregardForGC: 0/0 objects in disregard for GC pool
[2023.05.03-18.47.59:773][  0]LogNiagaraDebuggerClient: Niagara Debugger Client Initialized | Session: B992A93B41CFFB5C27C3A7B227B22FB6 | Instance: 800C73104184AF91408B4E819C963838 (LAPTOP-ENHDEN5K-2172).
[2023.05.03-18.48.00:012][  0]LogStreaming: Warning: Failed to read file '../../../Engine/Content/Editor/Slate/Niagara/MenuSeparator.png' error.
[2023.05.03-18.48.00:013][  0]LogSlate: Could not find file for Slate resource: ../../../Engine/Content/Editor/Slate/Niagara/MenuSeparator.png
[2023.05.03-18.48.00:013][  0]LogStreaming: Warning: Failed to read file '../../../Engine/Content/Editor/Slate/Niagara/Common/Selector.png' error.
[2023.05.03-18.48.00:013][  0]LogSlate: Could not find file for Slate resource: ../../../Engine/Content/Editor/Slate/Niagara/Common/Selector.png
[2023.05.03-18.48.00:013][  0]LogStreaming: Warning: Failed to read file '../../../Engine/Content/Editor/Slate/Niagara/Common/Selection.png' error.
[2023.05.03-18.48.00:013][  0]LogSlate: Could not find file for Slate resource: ../../../Engine/Content/Editor/Slate/Niagara/Common/Selection.png
[2023.05.03-18.48.00:013][  0]LogStreaming: Warning: Failed to read file '../../../Engine/Content/Editor/Slate/Niagara/Common/DropZoneIndicator_Above.png' error.
[2023.05.03-18.48.00:013][  0]LogSlate: Could not find file for Slate resource: ../../../Engine/Content/Editor/Slate/Niagara/Common/DropZoneIndicator_Above.png
[2023.05.03-18.48.00:013][  0]LogStreaming: Warning: Failed to read file '../../../Engine/Content/Editor/Slate/Niagara/Common/DropZoneIndicator_Onto.png' error.
[2023.05.03-18.48.00:013][  0]LogSlate: Could not find file for Slate resource: ../../../Engine/Content/Editor/Slate/Niagara/Common/DropZoneIndicator_Onto.png
[2023.05.03-18.48.00:013][  0]LogStreaming: Warning: Failed to read file '../../../Engine/Content/Editor/Slate/Niagara/Common/DropZoneIndicator_Below.png' error.
[2023.05.03-18.48.00:013][  0]LogSlate: Could not find file for Slate resource: ../../../Engine/Content/Editor/Slate/Niagara/Common/DropZoneIndicator_Below.png
[2023.05.03-18.48.00:013][  0]LogStreaming: Warning: Failed to read file '../../../Engine/Content/Editor/Slate/Niagara/Common/RoundedSelection_16x.png' error.
[2023.05.03-18.48.00:013][  0]LogSlate: Could not find file for Slate resource: ../../../Engine/Content/Editor/Slate/Niagara/Common/RoundedSelection_16x.png
[2023.05.03-18.48.00:013][  0]LogStreaming: Warning: Failed to read file '../../../Engine/Content/Editor/Slate/Niagara/Common/FlatButton.png' error.
[2023.05.03-18.48.00:013][  0]LogSlate: Could not find file for Slate resource: ../../../Engine/Content/Editor/Slate/Niagara/Common/FlatButton.png
[2023.05.03-18.48.00:013][  0]LogImageWrapper: Warning: PNG Warning: Duplicate iCCP chunk
[2023.05.03-18.48.00:013][  0]LogImageWrapper: Warning: PNG Warning: Duplicate iCCP chunk
[2023.05.03-18.48.00:013][  0]LogPython: Using Python 3.7.7
[2023.05.03-18.48.00:803][  0]LogTcpMessaging: Initializing TcpMessaging bridge
[2023.05.03-18.48.00:828][  0]LogUdpMessaging: Initializing bridge on interface 0.0.0.0:0 to multicast group 230.0.0.1:6666.
[2023.05.03-18.48.02:264][  0]SourceControl: Source control is disabled
[2023.05.03-18.48.02:265][  0]SourceControl: Source control is disabled
[2023.05.03-18.48.02:308][  0]SourceControl: Source control is disabled
[2023.05.03-18.48.02:334][  0]SourceControl: Source control is disabled
[2023.05.03-18.48.02:429][  0]SourceControl: Source control is disabled
[2023.05.03-18.48.02:469][  0]LogUProjectInfo: Found projects:
[2023.05.03-18.48.03:671][  0]LogOpenImageDenoise: OIDN starting up
[2023.05.03-18.48.04:010][  0]LogAndroidPermission: UAndroidPermissionCallbackProxy::GetInstance
[2023.05.03-18.48.04:142][  0]LogAudioCaptureCore: Display: No Audio Capture implementations found. Audio input will be silent.
[2023.05.03-18.48.04:142][  0]LogAudioCaptureCore: Display: No Audio Capture implementations found. Audio input will be silent.
[2023.05.03-18.48.04:703][  0]LogCollectionManager: Loaded 0 collections in 0.001058 seconds
[2023.05.03-18.48.04:802][  0]LogFileCache: Scanning file cache for directory 'E:/Asus/Documents/GitHub/TheTroubleMakers/Unreal Engine Project/SpeedLimit_UniAzad/Saved/Collections/' took 0.00s
[2023.05.03-18.48.04:802][  0]LogFileCache: Scanning file cache for directory 'E:/Asus/Documents/GitHub/TheTroubleMakers/Unreal Engine Project/SpeedLimit_UniAzad/Content/Developers/Asus/Collections/' took 0.00s
[2023.05.03-18.48.04:802][  0]LogFileCache: Scanning file cache for directory 'E:/Asus/Documents/GitHub/TheTroubleMakers/Unreal Engine Project/SpeedLimit_UniAzad/Content/Collections/' took 0.00s
[2023.05.03-18.48.04:802][  0]LogOcInput: OculusInput pre-init called
[2023.05.03-18.48.05:051][  0]LogStreaming: Warning: Failed to read file '../../../Engine/Content/Editor/Slate/Niagara/MenuSeparator.png' error.
[2023.05.03-18.48.05:051][  0]LogSlate: Could not find file for Slate resource: ../../../Engine/Content/Editor/Slate/Niagara/MenuSeparator.png
[2023.05.03-18.48.05:051][  0]LogStreaming: Warning: Failed to read file '../../../Engine/Content/Editor/Slate/Niagara/Common/Selector.png' error.
[2023.05.03-18.48.05:051][  0]LogSlate: Could not find file for Slate resource: ../../../Engine/Content/Editor/Slate/Niagara/Common/Selector.png
[2023.05.03-18.48.05:051][  0]LogStreaming: Warning: Failed to read file '../../../Engine/Content/Editor/Slate/Niagara/Common/Selection.png' error.
[2023.05.03-18.48.05:051][  0]LogSlate: Could not find file for Slate resource: ../../../Engine/Content/Editor/Slate/Niagara/Common/Selection.png
[2023.05.03-18.48.05:051][  0]LogStreaming: Warning: Failed to read file '../../../Engine/Content/Editor/Slate/Niagara/Common/DropZoneIndicator_Above.png' error.
[2023.05.03-18.48.05:051][  0]LogStreaming: Warning: Failed to read file '../../../Engine/Content/Editor/Slate/Niagara/Common/DropZoneIndicator_Onto.png' error.
[2023.05.03-18.48.05:051][  0]LogSlate: Could not find file for Slate resource: ../../../Engine/Content/Editor/Slate/Niagara/Common/DropZoneIndicator_Onto.png
[2023.05.03-18.48.05:051][  0]LogStreaming: Warning: Failed to read file '../../../Engine/Content/Editor/Slate/Niagara/Common/DropZoneIndicator_Below.png' error.
[2023.05.03-18.48.05:051][  0]LogSlate: Could not find file for Slate resource: ../../../Engine/Content/Editor/Slate/Niagara/Common/DropZoneIndicator_Below.png
[2023.05.03-18.48.05:051][  0]LogStreaming: Warning: Failed to read file '../../../Engine/Content/Editor/Slate/Niagara/Common/RoundedSelection_16x.png' error.
[2023.05.03-18.48.05:051][  0]LogSlate: Could not find file for Slate resource: ../../../Engine/Content/Editor/Slate/Niagara/Common/RoundedSelection_16x.png
[2023.05.03-18.48.05:051][  0]LogStreaming: Warning: Failed to read file '../../../Engine/Content/Editor/Slate/Niagara/Common/FlatButton.png' error.
[2023.05.03-18.48.05:051][  0]LogSlate: Could not find file for Slate resource: ../../../Engine/Content/Editor/Slate/Niagara/Common/FlatButton.png
[2023.05.03-18.48.05:051][  0]LogSlate: Could not find file for Slate resource: ../../../Engine/Content/Editor/Slate/Niagara/Common/DropZoneIndicator_Above.png
[2023.05.03-18.48.05:237][  0]LogImageWrapper: Warning: PNG Warning: Duplicate iCCP chunk
[2023.05.03-18.48.05:237][  0]LogImageWrapper: Warning: PNG Warning: Duplicate iCCP chunk
[2023.05.03-18.48.05:237][  0]LogEngine: Initializing Engine...
[2023.05.03-18.48.05:283][  0]LogHMD: Failed to enumerate extensions. Please check that you have a valid OpenXR runtime installed.
[2023.05.03-18.48.05:283][  0]LogHMD: Failed to initialize OpenVR with code 110
[2023.05.03-18.48.05:283][  0]LogMagicLeap: Warning: VR disabled because ZI is not enabled.  To enable, in the editor, Edit -> Project Settings -> Plugins -> Magic Leap Plugin -> Enable Zero Iteration
[2023.05.03-18.48.05:289][  0]LogStats: UGameplayTagsManager::InitializeManager -  0.001 s
[2023.05.03-18.48.05:551][  0]LogInit: Initializing FReadOnlyCVARCache
[2023.05.03-18.48.05:605][  0]LogAIModule: Creating AISystem for world Untitled
[2023.05.03-18.48.05:611][  0]LogAudio: Display: Initializing Audio Device Manager...
[2023.05.03-18.48.05:631][  0]LogAudio: Display: Loading Default Audio Settings Objects...
[2023.05.03-18.48.05:637][  0]LogAudio: Display: No default SoundConcurrencyObject specified (or failed to load).
[2023.05.03-18.48.05:638][  0]LogAudio: Display: Audio Device Manager Initialized
[2023.05.03-18.48.05:638][  0]LogAudio: Display: Creating Audio Device:                 Id: 1, Scope: Shared, Realtime: True
[2023.05.03-18.48.05:640][  0]LogAudioMixer: Display: Audio Mixer Platform Settings:
[2023.05.03-18.48.05:640][  0]LogAudioMixer: Display: 	Sample Rate:						  48000
[2023.05.03-18.48.05:640][  0]LogAudioMixer: Display: 	Callback Buffer Frame Size Requested: 1024
[2023.05.03-18.48.05:640][  0]LogAudioMixer: Display: 	Callback Buffer Frame Size To Use:	  1024
[2023.05.03-18.48.05:640][  0]LogAudioMixer: Display: 	Number of buffers to queue:			  2
[2023.05.03-18.48.05:640][  0]LogAudioMixer: Display: 	Max Channels (voices):				  32
[2023.05.03-18.48.05:640][  0]LogAudioMixer: Display: 	Number of Async Source Workers:		  0
[2023.05.03-18.48.05:640][  0]LogAudio: Display: AudioDevice MaxSources: 32
[2023.05.03-18.48.05:641][  0]LogAudio: Display: Audio Spatialization Plugin: None (built-in).
[2023.05.03-18.48.05:641][  0]LogAudio: Display: Audio Reverb Plugin: None (built-in).
[2023.05.03-18.48.05:641][  0]LogAudio: Display: Audio Occlusion Plugin: None (built-in).
[2023.05.03-18.48.05:641][  0]LogAudioMixer: Display: Initializing audio mixer.
[2023.05.03-18.48.05:692][  0]LogAudioMixer: Display: 0: FrontLeft
[2023.05.03-18.48.05:692][  0]LogAudioMixer: Display: 1: FrontRight
[2023.05.03-18.48.05:725][  0]LogAudioMixer: Display: Using Audio Device Mi TV (HD Audio Driver for Display Audio)
[2023.05.03-18.48.05:726][  0]LogAudioMixer: Display: Initializing Sound Submixes...
[2023.05.03-18.48.05:744][  0]LogAudioMixer: Display: Creating Master Submix 'MasterSubmixDefault'
[2023.05.03-18.48.05:745][  0]LogAudioMixer: Display: Creating Master Submix 'MasterReverbSubmixDefault'
[2023.05.03-18.48.05:746][  0]LogAudioMixer: Display: Creating Master Submix 'MasterEQSubmixDefault'
[2023.05.03-18.48.05:747][  0]LogAudioMixer: FMixerPlatformXAudio2::StartAudioStream() called
[2023.05.03-18.48.05:747][  0]LogAudioMixer: Display: Output buffers initialized: Frames=1024, Channels=2, Samples=2048
[2023.05.03-18.48.05:747][  0]LogAudioMixer: Display: Starting AudioMixerPlatformInterface::RunInternal()
[2023.05.03-18.48.05:749][  0]LogAudioMixer: Display: FMixerPlatformXAudio2::SubmitBuffer() called for the first time
[2023.05.03-18.48.05:749][  0]LogInit: FAudioDevice initialized.
[2023.05.03-18.48.05:749][  0]LogAudio: Display: Audio Device (ID: 1) registered with world 'Untitled'.
[2023.05.03-18.48.05:749][  0]LogNetVersion: Set ProjectVersion to 1.0.0.0. Version Checksum will be recalculated on next use.
[2023.05.03-18.48.05:802][  0]LogDerivedDataCache: Saved boot cache 0.05s 95MB C:/Users/Asus/AppData/Local/UnrealEngine/4.27/DerivedDataCache/Boot.ddc.
[2023.05.03-18.48.05:803][  0]LogInit: Texture streaming: Enabled
[2023.05.03-18.48.05:863][  0]LogAnalytics: Display: [UEEditor.Rocket.Release] APIServer = https://datarouter.ol.epicgames.com/. AppVersion = 4.27.0-17155196+++UE4+Release-4.27
[2023.05.03-18.48.05:882][  0]LogEngineSessionManager: EngineSessionManager initialized
[2023.05.03-18.48.05:882][  0]LogEditorSessionSummary: Verbose: Initializing EditorSessionSummaryWriter for editor session tracking
[2023.05.03-18.48.05:886][  0]LogEditorSessionSummary: EditorSessionSummaryWriter initialized
[2023.05.03-18.48.05:960][  0]LogInit: Transaction tracking system initialized
[2023.05.03-18.48.06:107][  0]BlueprintLog: New page: Editor Load
[2023.05.03-18.48.06:526][  0]LocalizationService: Localization service is disabled
[2023.05.03-18.48.06:706][  0]TimingProfiler: Initialize
[2023.05.03-18.48.06:708][  0]TimingProfiler: OnSessionChanged
[2023.05.03-18.48.06:708][  0]LoadingProfiler: Initialize
[2023.05.03-18.48.06:708][  0]LoadingProfiler: OnSessionChanged
[2023.05.03-18.48.06:708][  0]NetworkingProfiler: Initialize
[2023.05.03-18.48.06:708][  0]NetworkingProfiler: OnSessionChanged
[2023.05.03-18.48.06:708][  0]MemoryProfiler: Initialize
[2023.05.03-18.48.06:708][  0]MemoryProfiler: OnSessionChanged
[2023.05.03-18.48.07:264][  0]LogCook: Display: CookSettings for Memory: MemoryMaxUsedVirtual 0MiB, MemoryMaxUsedPhysical 16384MiB, MemoryMinFreeVirtual 0MiB, MemoryMinFreePhysical 1024MiB
[2023.05.03-18.48.07:264][  0]LogCook: Display: Mobile HDR setting 1
[2023.05.03-18.48.07:611][  0]LogFileCache: Scanning file cache for directory 'E:/Asus/Documents/GitHub/TheTroubleMakers/Unreal Engine Project/SpeedLimit_UniAzad/Content/' took 0.01s
[2023.05.03-18.48.08:444][  0]LogStreaming: Warning: Failed to read file '../../../Engine/Content/Editor/Slate/Niagara/MenuSeparator.png' error.
[2023.05.03-18.48.08:444][  0]LogSlate: Could not find file for Slate resource: ../../../Engine/Content/Editor/Slate/Niagara/MenuSeparator.png
[2023.05.03-18.48.08:444][  0]LogStreaming: Warning: Failed to read file '../../../Engine/Content/Editor/Slate/Niagara/Common/Selector.png' error.
[2023.05.03-18.48.08:444][  0]LogStreaming: Warning: Failed to read file '../../../Engine/Content/Editor/Slate/Niagara/Common/Selection.png' error.
[2023.05.03-18.48.08:444][  0]LogSlate: Could not find file for Slate resource: ../../../Engine/Content/Editor/Slate/Niagara/Common/Selection.png
[2023.05.03-18.48.08:444][  0]LogStreaming: Warning: Failed to read file '../../../Engine/Content/Editor/Slate/Niagara/Common/DropZoneIndicator_Above.png' error.
[2023.05.03-18.48.08:444][  0]LogSlate: Could not find file for Slate resource: ../../../Engine/Content/Editor/Slate/Niagara/Common/DropZoneIndicator_Above.png
[2023.05.03-18.48.08:444][  0]LogSlate: Could not find file for Slate resource: ../../../Engine/Content/Editor/Slate/Niagara/Common/Selector.png
[2023.05.03-18.48.08:524][  0]LogStreaming: Warning: Failed to read file '../../../Engine/Content/Editor/Slate/Niagara/Common/DropZoneIndicator_Onto.png' error.
[2023.05.03-18.48.08:524][  0]LogSlate: Could not find file for Slate resource: ../../../Engine/Content/Editor/Slate/Niagara/Common/DropZoneIndicator_Onto.png
[2023.05.03-18.48.08:524][  0]LogStreaming: Warning: Failed to read file '../../../Engine/Content/Editor/Slate/Niagara/Common/DropZoneIndicator_Below.png' error.
[2023.05.03-18.48.08:524][  0]LogSlate: Could not find file for Slate resource: ../../../Engine/Content/Editor/Slate/Niagara/Common/DropZoneIndicator_Below.png
[2023.05.03-18.48.08:524][  0]LogStreaming: Warning: Failed to read file '../../../Engine/Content/Editor/Slate/Niagara/Common/RoundedSelection_16x.png' error.
[2023.05.03-18.48.08:524][  0]LogSlate: Could not find file for Slate resource: ../../../Engine/Content/Editor/Slate/Niagara/Common/RoundedSelection_16x.png
[2023.05.03-18.48.08:524][  0]LogStreaming: Warning: Failed to read file '../../../Engine/Content/Editor/Slate/Niagara/Common/FlatButton.png' error.
[2023.05.03-18.48.08:524][  0]LogSlate: Could not find file for Slate resource: ../../../Engine/Content/Editor/Slate/Niagara/Common/FlatButton.png
[2023.05.03-18.48.08:524][  0]LogImageWrapper: Warning: PNG Warning: Duplicate iCCP chunk
[2023.05.03-18.48.08:524][  0]LogImageWrapper: Warning: PNG Warning: Duplicate iCCP chunk
[2023.05.03-18.48.08:524][  0]LogInit: Display: Engine is initialized. Leaving FEngineLoop::Init()
[2023.05.03-18.48.08:529][  0]SourceControl: Source control is disabled
[2023.05.03-18.48.08:529][  0]LogUnrealEdMisc: Loading editor; pre map load, took 26.297
[2023.05.03-18.48.08:530][  0]LightingResults: New page: Lighting Build
[2023.05.03-18.48.08:533][  0]LogWorld: UWorld::CleanupWorld for Untitled, bSessionEnded=true, bCleanupResources=true
[2023.05.03-18.48.08:534][  0]LogSlate: InvalidateAllWidgets triggered.  All widgets were invalidated
[2023.05.03-18.48.08:534][  0]MapCheck: New page: Map Check
[2023.05.03-18.48.08:534][  0]LightingResults: New page: Lighting Build
[2023.05.03-18.48.08:541][  0]LogAudio: Display: Audio Device unregistered from world 'None'.
[2023.05.03-18.48.08:545][  0]LogUObjectHash: Compacting FUObjectHashTables data took   0.56ms
[2023.05.03-18.48.10:317][  0]LogMaterial: Display: Missing cached shadermap for air_Condition in PCD3D_SM5, Default, SM5 (DDC key hash: DF19E522F453F81DF3D6C33B7E38C077ECEB0518), compiling. 
[2023.05.03-18.48.10:324][  0]LogMaterial: Warning: [AssetLog] E:\Asus\Documents\GitHub\TheTroubleMakers\Unreal Engine Project\SpeedLimit_UniAzad\Content\TheTroubleMakers\MahlaRanjbar\MyBuilding\air_Condition.uasset: Failed to compile Material for platform PCD3D_SM5, Default Material will be used in game.
[2023.05.03-18.48.10:324][  0]LogMaterial: Display: 	(Node TextureSample) Texture Sample> Missing input texture
[2023.05.03-18.48.11:068][  0]LogStaticMesh: Warning: Mesh Tree03 is recomputing physics on load. It must be resaved before it will cook deterministically. Please resave /Game/NaturePackage/Meshes/flora/Tree03.Tree03.
[2023.05.03-18.48.11:124][  0]LogStaticMesh: Warning: Mesh Tree02_2 is recomputing physics on load. It must be resaved before it will cook deterministically. Please resave /Game/NaturePackage/Meshes/flora/Tree02_2.Tree02_2.
[2023.05.03-18.48.12:372][  0]LogAudio: Display: Audio Device (ID: 1) registered with world 'Minimal_Default'.
[2023.05.03-18.48.12:374][  0]LogAIModule: Creating AISystem for world Minimal_Default
[2023.05.03-18.48.13:088][  0]LogEditorServer: Finished looking for orphan Actors (0.000 secs)
[2023.05.03-18.48.13:119][  0]LogUObjectHash: Compacting FUObjectHashTables data took   1.14ms
[2023.05.03-18.48.13:121][  0]Cmd: MAP CHECKDEP NOCLEARLOG
[2023.05.03-18.48.13:122][  0]MapCheck: Map check complete: 0 Error(s), 0 Warning(s), took 0.424ms to complete.
[2023.05.03-18.48.13:122][  0]LogFileHelpers: Loading map 'Minimal_Default' took 4.593
[2023.05.03-18.48.13:161][  0]LogUnrealEdMisc: Total Editor Startup Time, took 30.930
[2023.05.03-18.48.13:371][  0]LogSlate: Updating window title bar state: overlay mode, drag disabled, window buttons hidden, title bar hidden
[2023.05.03-18.48.13:377][  0]LogSlate: Updating window title bar state: overlay mode, drag disabled, window buttons hidden, title bar hidden
[2023.05.03-18.48.13:383][  0]LogSlate: Updating window title bar state: overlay mode, drag disabled, window buttons hidden, title bar hidden
[2023.05.03-18.48.13:388][  0]LogSlate: Updating window title bar state: overlay mode, drag disabled, window buttons hidden, title bar hidden
[2023.05.03-18.48.13:429][  0]LogNativeClassHierarchy: Verbose: Native class hierarchy populated in 0.0076 seconds. Added 3822 classes and 928 folders.
[2023.05.03-18.48.13:436][  0]LogNativeClassHierarchy: Verbose: Native class hierarchy updated for 'WidgetCarousel' in 0.0002 seconds. Added 0 classes and 0 folders.
[2023.05.03-18.48.13:451][  0]LogPakFile: PakFile PrimaryIndexSize=187
[2023.05.03-18.48.13:451][  0]LogPakFile: PakFile PathHashIndexSize=101
[2023.05.03-18.48.13:451][  0]LogPakFile: PakFile FullDirectoryIndexSize=148
[2023.05.03-18.48.13:452][  0]LogShaderLibrary: Display: ShaderCodeLibraryPakFileMountedCallback: PakFile 'E:/Downloads/unreal_engine_v4.27_compiled/Unreal Engine v4.27 Compiled/FeaturePacks/FP_FirstPerson.upack' (chunk index -1, root 'root:/') mounted
[2023.05.03-18.48.13:452][  0]LogShaderLibrary: Display: ShaderCodeLibraryPakFileMountedCallback: pending pak file info (ChunkID:-1 Root:root:/ File:E:/Downloads/unreal_engine_v4.27_compiled/Unreal Engine v4.27 Compiled/FeaturePacks/FP_FirstPerson.upack)
[2023.05.03-18.48.13:452][  0]LogPakFile: OnPakFileMounted2Time == 0.000496
[2023.05.03-18.48.13:462][  0]LogPakFile: PakFile PrimaryIndexSize=189
[2023.05.03-18.48.13:462][  0]LogPakFile: PakFile PathHashIndexSize=101
[2023.05.03-18.48.13:462][  0]LogPakFile: PakFile FullDirectoryIndexSize=152
[2023.05.03-18.48.13:462][  0]LogShaderLibrary: Display: ShaderCodeLibraryPakFileMountedCallback: PakFile 'E:/Downloads/unreal_engine_v4.27_compiled/Unreal Engine v4.27 Compiled/FeaturePacks/FP_FirstPersonBP.upack' (chunk index -1, root 'root:/') mounted
[2023.05.03-18.48.13:462][  0]LogShaderLibrary: Display: ShaderCodeLibraryPakFileMountedCallback: pending pak file info (ChunkID:-1 Root:root:/ File:E:/Downloads/unreal_engine_v4.27_compiled/Unreal Engine v4.27 Compiled/FeaturePacks/FP_FirstPersonBP.upack)
[2023.05.03-18.48.13:462][  0]LogPakFile: OnPakFileMounted2Time == 0.000034
[2023.05.03-18.48.13:466][  0]LogPakFile: PakFile PrimaryIndexSize=191
[2023.05.03-18.48.13:466][  0]LogPakFile: PakFile PathHashIndexSize=101
[2023.05.03-18.48.13:466][  0]LogPakFile: PakFile FullDirectoryIndexSize=160
[2023.05.03-18.48.13:466][  0]LogShaderLibrary: Display: ShaderCodeLibraryPakFileMountedCallback: PakFile 'E:/Downloads/unreal_engine_v4.27_compiled/Unreal Engine v4.27 Compiled/FeaturePacks/MobileStarterContent.upack' (chunk index -1, root 'root:/') mounted
[2023.05.03-18.48.13:466][  0]LogShaderLibrary: Display: ShaderCodeLibraryPakFileMountedCallback: pending pak file info (ChunkID:-1 Root:root:/ File:E:/Downloads/unreal_engine_v4.27_compiled/Unreal Engine v4.27 Compiled/FeaturePacks/MobileStarterContent.upack)
[2023.05.03-18.48.13:466][  0]LogPakFile: OnPakFileMounted2Time == 0.000028
[2023.05.03-18.48.13:473][  0]LogPakFile: PakFile PrimaryIndexSize=185
[2023.05.03-18.48.13:473][  0]LogPakFile: PakFile PathHashIndexSize=101
[2023.05.03-18.48.13:473][  0]LogPakFile: PakFile FullDirectoryIndexSize=148
[2023.05.03-18.48.13:473][  0]LogShaderLibrary: Display: ShaderCodeLibraryPakFileMountedCallback: PakFile 'E:/Downloads/unreal_engine_v4.27_compiled/Unreal Engine v4.27 Compiled/FeaturePacks/StarterContent.upack' (chunk index -1, root 'root:/') mounted
[2023.05.03-18.48.13:473][  0]LogShaderLibrary: Display: ShaderCodeLibraryPakFileMountedCallback: pending pak file info (ChunkID:-1 Root:root:/ File:E:/Downloads/unreal_engine_v4.27_compiled/Unreal Engine v4.27 Compiled/FeaturePacks/StarterContent.upack)
[2023.05.03-18.48.13:473][  0]LogPakFile: OnPakFileMounted2Time == 0.000048
[2023.05.03-18.48.13:479][  0]LogPakFile: PakFile PrimaryIndexSize=190
[2023.05.03-18.48.13:479][  0]LogPakFile: PakFile PathHashIndexSize=101
[2023.05.03-18.48.13:479][  0]LogPakFile: PakFile FullDirectoryIndexSize=154
[2023.05.03-18.48.13:479][  0]LogShaderLibrary: Display: ShaderCodeLibraryPakFileMountedCallback: PakFile 'E:/Downloads/unreal_engine_v4.27_compiled/Unreal Engine v4.27 Compiled/FeaturePacks/TP_2DSideScroller.upack' (chunk index -1, root 'root:/') mounted
[2023.05.03-18.48.13:479][  0]LogShaderLibrary: Display: ShaderCodeLibraryPakFileMountedCallback: pending pak file info (ChunkID:-1 Root:root:/ File:E:/Downloads/unreal_engine_v4.27_compiled/Unreal Engine v4.27 Compiled/FeaturePacks/TP_2DSideScroller.upack)
[2023.05.03-18.48.13:479][  0]LogPakFile: OnPakFileMounted2Time == 0.000032
[2023.05.03-18.48.13:484][  0]LogPakFile: PakFile PrimaryIndexSize=192
[2023.05.03-18.48.13:484][  0]LogPakFile: PakFile PathHashIndexSize=101
[2023.05.03-18.48.13:484][  0]LogPakFile: PakFile FullDirectoryIndexSize=158
[2023.05.03-18.48.13:484][  0]LogShaderLibrary: Display: ShaderCodeLibraryPakFileMountedCallback: PakFile 'E:/Downloads/unreal_engine_v4.27_compiled/Unreal Engine v4.27 Compiled/FeaturePacks/TP_2DSideScrollerBP.upack' (chunk index -1, root 'root:/') mounted
[2023.05.03-18.48.13:484][  0]LogShaderLibrary: Display: ShaderCodeLibraryPakFileMountedCallback: pending pak file info (ChunkID:-1 Root:root:/ File:E:/Downloads/unreal_engine_v4.27_compiled/Unreal Engine v4.27 Compiled/FeaturePacks/TP_2DSideScrollerBP.upack)
[2023.05.03-18.48.13:484][  0]LogPakFile: OnPakFileMounted2Time == 0.000034
[2023.05.03-18.48.13:490][  0]LogPakFile: PakFile PrimaryIndexSize=182
[2023.05.03-18.48.13:490][  0]LogPakFile: PakFile PathHashIndexSize=101
[2023.05.03-18.48.13:490][  0]LogPakFile: PakFile FullDirectoryIndexSize=138
[2023.05.03-18.48.13:490][  0]LogShaderLibrary: Display: ShaderCodeLibraryPakFileMountedCallback: PakFile 'E:/Downloads/unreal_engine_v4.27_compiled/Unreal Engine v4.27 Compiled/FeaturePacks/TP_Flying.upack' (chunk index -1, root 'root:/') mounted
[2023.05.03-18.48.13:490][  0]LogShaderLibrary: Display: ShaderCodeLibraryPakFileMountedCallback: pending pak file info (ChunkID:-1 Root:root:/ File:E:/Downloads/unreal_engine_v4.27_compiled/Unreal Engine v4.27 Compiled/FeaturePacks/TP_Flying.upack)
[2023.05.03-18.48.13:490][  0]LogPakFile: OnPakFileMounted2Time == 0.000034
[2023.05.03-18.48.13:497][  0]LogPakFile: PakFile PrimaryIndexSize=184
[2023.05.03-18.48.13:497][  0]LogPakFile: PakFile PathHashIndexSize=101
[2023.05.03-18.48.13:497][  0]LogPakFile: PakFile FullDirectoryIndexSize=142
[2023.05.03-18.48.13:497][  0]LogShaderLibrary: Display: ShaderCodeLibraryPakFileMountedCallback: PakFile 'E:/Downloads/unreal_engine_v4.27_compiled/Unreal Engine v4.27 Compiled/FeaturePacks/TP_FlyingBP.upack' (chunk index -1, root 'root:/') mounted
[2023.05.03-18.48.13:497][  0]LogShaderLibrary: Display: ShaderCodeLibraryPakFileMountedCallback: pending pak file info (ChunkID:-1 Root:root:/ File:E:/Downloads/unreal_engine_v4.27_compiled/Unreal Engine v4.27 Compiled/FeaturePacks/TP_FlyingBP.upack)
[2023.05.03-18.48.13:497][  0]LogPakFile: OnPakFileMounted2Time == 0.000026
[2023.05.03-18.48.13:503][  0]LogPakFile: PakFile PrimaryIndexSize=188
[2023.05.03-18.48.13:503][  0]LogPakFile: PakFile PathHashIndexSize=101
[2023.05.03-18.48.13:503][  0]LogPakFile: PakFile FullDirectoryIndexSize=150
[2023.05.03-18.48.13:503][  0]LogShaderLibrary: Display: ShaderCodeLibraryPakFileMountedCallback: PakFile 'E:/Downloads/unreal_engine_v4.27_compiled/Unreal Engine v4.27 Compiled/FeaturePacks/TP_HandheldARBP.upack' (chunk index -1, root 'root:/') mounted
[2023.05.03-18.48.13:503][  0]LogShaderLibrary: Display: ShaderCodeLibraryPakFileMountedCallback: pending pak file info (ChunkID:-1 Root:root:/ File:E:/Downloads/unreal_engine_v4.27_compiled/Unreal Engine v4.27 Compiled/FeaturePacks/TP_HandheldARBP.upack)
[2023.05.03-18.48.13:503][  0]LogPakFile: OnPakFileMounted2Time == 0.000036
[2023.05.03-18.48.13:510][  0]LogPakFile: PakFile PrimaryIndexSize=182
[2023.05.03-18.48.13:510][  0]LogPakFile: PakFile PathHashIndexSize=101
[2023.05.03-18.48.13:510][  0]LogPakFile: PakFile FullDirectoryIndexSize=138
[2023.05.03-18.48.13:510][  0]LogShaderLibrary: Display: ShaderCodeLibraryPakFileMountedCallback: PakFile 'E:/Downloads/unreal_engine_v4.27_compiled/Unreal Engine v4.27 Compiled/FeaturePacks/TP_Puzzle.upack' (chunk index -1, root 'root:/') mounted
[2023.05.03-18.48.13:510][  0]LogShaderLibrary: Display: ShaderCodeLibraryPakFileMountedCallback: pending pak file info (ChunkID:-1 Root:root:/ File:E:/Downloads/unreal_engine_v4.27_compiled/Unreal Engine v4.27 Compiled/FeaturePacks/TP_Puzzle.upack)
[2023.05.03-18.48.13:510][  0]LogPakFile: OnPakFileMounted2Time == 0.000049
[2023.05.03-18.48.13:515][  0]LogPakFile: PakFile PrimaryIndexSize=184
[2023.05.03-18.48.13:515][  0]LogPakFile: PakFile PathHashIndexSize=101
[2023.05.03-18.48.13:515][  0]LogPakFile: PakFile FullDirectoryIndexSize=142
[2023.05.03-18.48.13:515][  0]LogShaderLibrary: Display: ShaderCodeLibraryPakFileMountedCallback: PakFile 'E:/Downloads/unreal_engine_v4.27_compiled/Unreal Engine v4.27 Compiled/FeaturePacks/TP_PuzzleBP.upack' (chunk index -1, root 'root:/') mounted
[2023.05.03-18.48.13:515][  0]LogShaderLibrary: Display: ShaderCodeLibraryPakFileMountedCallback: pending pak file info (ChunkID:-1 Root:root:/ File:E:/Downloads/unreal_engine_v4.27_compiled/Unreal Engine v4.27 Compiled/FeaturePacks/TP_PuzzleBP.upack)
[2023.05.03-18.48.13:515][  0]LogPakFile: OnPakFileMounted2Time == 0.000026
[2023.05.03-18.48.13:521][  0]LogPakFile: PakFile PrimaryIndexSize=183
[2023.05.03-18.48.13:521][  0]LogPakFile: PakFile PathHashIndexSize=101
[2023.05.03-18.48.13:521][  0]LogPakFile: PakFile FullDirectoryIndexSize=140
[2023.05.03-18.48.13:522][  0]LogShaderLibrary: Display: ShaderCodeLibraryPakFileMountedCallback: PakFile 'E:/Downloads/unreal_engine_v4.27_compiled/Unreal Engine v4.27 Compiled/FeaturePacks/TP_Rolling.upack' (chunk index -1, root 'root:/') mounted
[2023.05.03-18.48.13:522][  0]LogShaderLibrary: Display: ShaderCodeLibraryPakFileMountedCallback: pending pak file info (ChunkID:-1 Root:root:/ File:E:/Downloads/unreal_engine_v4.27_compiled/Unreal Engine v4.27 Compiled/FeaturePacks/TP_Rolling.upack)
[2023.05.03-18.48.13:522][  0]LogPakFile: OnPakFileMounted2Time == 0.000050
[2023.05.03-18.48.13:527][  0]LogPakFile: PakFile PrimaryIndexSize=185
[2023.05.03-18.48.13:527][  0]LogPakFile: PakFile PathHashIndexSize=101
[2023.05.03-18.48.13:527][  0]LogPakFile: PakFile FullDirectoryIndexSize=144
[2023.05.03-18.48.13:527][  0]LogShaderLibrary: Display: ShaderCodeLibraryPakFileMountedCallback: PakFile 'E:/Downloads/unreal_engine_v4.27_compiled/Unreal Engine v4.27 Compiled/FeaturePacks/TP_RollingBP.upack' (chunk index -1, root 'root:/') mounted
[2023.05.03-18.48.13:527][  0]LogShaderLibrary: Display: ShaderCodeLibraryPakFileMountedCallback: pending pak file info (ChunkID:-1 Root:root:/ File:E:/Downloads/unreal_engine_v4.27_compiled/Unreal Engine v4.27 Compiled/FeaturePacks/TP_RollingBP.upack)
[2023.05.03-18.48.13:527][  0]LogPakFile: OnPakFileMounted2Time == 0.000038
[2023.05.03-18.48.13:533][  0]LogPakFile: PakFile PrimaryIndexSize=188
[2023.05.03-18.48.13:533][  0]LogPakFile: PakFile PathHashIndexSize=101
[2023.05.03-18.48.13:533][  0]LogPakFile: PakFile FullDirectoryIndexSize=150
[2023.05.03-18.48.13:533][  0]LogShaderLibrary: Display: ShaderCodeLibraryPakFileMountedCallback: PakFile 'E:/Downloads/unreal_engine_v4.27_compiled/Unreal Engine v4.27 Compiled/FeaturePacks/TP_SideScroller.upack' (chunk index -1, root 'root:/') mounted
[2023.05.03-18.48.13:533][  0]LogShaderLibrary: Display: ShaderCodeLibraryPakFileMountedCallback: pending pak file info (ChunkID:-1 Root:root:/ File:E:/Downloads/unreal_engine_v4.27_compiled/Unreal Engine v4.27 Compiled/FeaturePacks/TP_SideScroller.upack)
[2023.05.03-18.48.13:533][  0]LogPakFile: OnPakFileMounted2Time == 0.000028
[2023.05.03-18.48.13:538][  0]LogPakFile: PakFile PrimaryIndexSize=190
[2023.05.03-18.48.13:538][  0]LogPakFile: PakFile PathHashIndexSize=101
[2023.05.03-18.48.13:538][  0]LogPakFile: PakFile FullDirectoryIndexSize=154
[2023.05.03-18.48.13:538][  0]LogShaderLibrary: Display: ShaderCodeLibraryPakFileMountedCallback: PakFile 'E:/Downloads/unreal_engine_v4.27_compiled/Unreal Engine v4.27 Compiled/FeaturePacks/TP_SideScrollerBP.upack' (chunk index -1, root 'root:/') mounted
[2023.05.03-18.48.13:538][  0]LogShaderLibrary: Display: ShaderCodeLibraryPakFileMountedCallback: pending pak file info (ChunkID:-1 Root:root:/ File:E:/Downloads/unreal_engine_v4.27_compiled/Unreal Engine v4.27 Compiled/FeaturePacks/TP_SideScrollerBP.upack)
[2023.05.03-18.48.13:538][  0]LogPakFile: OnPakFileMounted2Time == 0.000033
[2023.05.03-18.48.13:545][  0]LogPakFile: PakFile PrimaryIndexSize=187
[2023.05.03-18.48.13:545][  0]LogPakFile: PakFile PathHashIndexSize=101
[2023.05.03-18.48.13:545][  0]LogPakFile: PakFile FullDirectoryIndexSize=148
[2023.05.03-18.48.13:545][  0]LogShaderLibrary: Display: ShaderCodeLibraryPakFileMountedCallback: PakFile 'E:/Downloads/unreal_engine_v4.27_compiled/Unreal Engine v4.27 Compiled/FeaturePacks/TP_ThirdPerson.upack' (chunk index -1, root 'root:/') mounted
[2023.05.03-18.48.13:545][  0]LogShaderLibrary: Display: ShaderCodeLibraryPakFileMountedCallback: pending pak file info (ChunkID:-1 Root:root:/ File:E:/Downloads/unreal_engine_v4.27_compiled/Unreal Engine v4.27 Compiled/FeaturePacks/TP_ThirdPerson.upack)
[2023.05.03-18.48.13:545][  0]LogPakFile: OnPakFileMounted2Time == 0.000029
[2023.05.03-18.48.13:549][  0]LogPakFile: PakFile PrimaryIndexSize=189
[2023.05.03-18.48.13:549][  0]LogPakFile: PakFile PathHashIndexSize=101
[2023.05.03-18.48.13:549][  0]LogPakFile: PakFile FullDirectoryIndexSize=152
[2023.05.03-18.48.13:549][  0]LogShaderLibrary: Display: ShaderCodeLibraryPakFileMountedCallback: PakFile 'E:/Downloads/unreal_engine_v4.27_compiled/Unreal Engine v4.27 Compiled/FeaturePacks/TP_ThirdPersonBP.upack' (chunk index -1, root 'root:/') mounted
[2023.05.03-18.48.13:549][  0]LogShaderLibrary: Display: ShaderCodeLibraryPakFileMountedCallback: pending pak file info (ChunkID:-1 Root:root:/ File:E:/Downloads/unreal_engine_v4.27_compiled/Unreal Engine v4.27 Compiled/FeaturePacks/TP_ThirdPersonBP.upack)
[2023.05.03-18.48.13:549][  0]LogPakFile: OnPakFileMounted2Time == 0.000026
[2023.05.03-18.48.13:557][  0]LogPakFile: PakFile PrimaryIndexSize=183
[2023.05.03-18.48.13:557][  0]LogPakFile: PakFile PathHashIndexSize=101
[2023.05.03-18.48.13:557][  0]LogPakFile: PakFile FullDirectoryIndexSize=140
[2023.05.03-18.48.13:557][  0]LogShaderLibrary: Display: ShaderCodeLibraryPakFileMountedCallback: PakFile 'E:/Downloads/unreal_engine_v4.27_compiled/Unreal Engine v4.27 Compiled/FeaturePacks/TP_TopDown.upack' (chunk index -1, root 'root:/') mounted
[2023.05.03-18.48.13:557][  0]LogShaderLibrary: Display: ShaderCodeLibraryPakFileMountedCallback: pending pak file info (ChunkID:-1 Root:root:/ File:E:/Downloads/unreal_engine_v4.27_compiled/Unreal Engine v4.27 Compiled/FeaturePacks/TP_TopDown.upack)
[2023.05.03-18.48.13:557][  0]LogPakFile: OnPakFileMounted2Time == 0.000046
[2023.05.03-18.48.13:562][  0]LogPakFile: PakFile PrimaryIndexSize=185
[2023.05.03-18.48.13:562][  0]LogPakFile: PakFile PathHashIndexSize=101
[2023.05.03-18.48.13:562][  0]LogPakFile: PakFile FullDirectoryIndexSize=144
[2023.05.03-18.48.13:562][  0]LogShaderLibrary: Display: ShaderCodeLibraryPakFileMountedCallback: PakFile 'E:/Downloads/unreal_engine_v4.27_compiled/Unreal Engine v4.27 Compiled/FeaturePacks/TP_TopDownBP.upack' (chunk index -1, root 'root:/') mounted
[2023.05.03-18.48.13:562][  0]LogShaderLibrary: Display: ShaderCodeLibraryPakFileMountedCallback: pending pak file info (ChunkID:-1 Root:root:/ File:E:/Downloads/unreal_engine_v4.27_compiled/Unreal Engine v4.27 Compiled/FeaturePacks/TP_TopDownBP.upack)
[2023.05.03-18.48.13:562][  0]LogPakFile: OnPakFileMounted2Time == 0.000027
[2023.05.03-18.48.13:569][  0]LogPakFile: PakFile PrimaryIndexSize=185
[2023.05.03-18.48.13:569][  0]LogPakFile: PakFile PathHashIndexSize=101
[2023.05.03-18.48.13:569][  0]LogPakFile: PakFile FullDirectoryIndexSize=144
[2023.05.03-18.48.13:569][  0]LogShaderLibrary: Display: ShaderCodeLibraryPakFileMountedCallback: PakFile 'E:/Downloads/unreal_engine_v4.27_compiled/Unreal Engine v4.27 Compiled/FeaturePacks/TP_TwinStick.upack' (chunk index -1, root 'root:/') mounted
[2023.05.03-18.48.13:569][  0]LogShaderLibrary: Display: ShaderCodeLibraryPakFileMountedCallback: pending pak file info (ChunkID:-1 Root:root:/ File:E:/Downloads/unreal_engine_v4.27_compiled/Unreal Engine v4.27 Compiled/FeaturePacks/TP_TwinStick.upack)
[2023.05.03-18.48.13:569][  0]LogPakFile: OnPakFileMounted2Time == 0.000032
[2023.05.03-18.48.13:576][  0]LogPakFile: PakFile PrimaryIndexSize=187
[2023.05.03-18.48.13:576][  0]LogPakFile: PakFile PathHashIndexSize=101
[2023.05.03-18.48.13:576][  0]LogPakFile: PakFile FullDirectoryIndexSize=148
[2023.05.03-18.48.13:576][  0]LogShaderLibrary: Display: ShaderCodeLibraryPakFileMountedCallback: PakFile 'E:/Downloads/unreal_engine_v4.27_compiled/Unreal Engine v4.27 Compiled/FeaturePacks/TP_TwinStickBP.upack' (chunk index -1, root 'root:/') mounted
[2023.05.03-18.48.13:576][  0]LogShaderLibrary: Display: ShaderCodeLibraryPakFileMountedCallback: pending pak file info (ChunkID:-1 Root:root:/ File:E:/Downloads/unreal_engine_v4.27_compiled/Unreal Engine v4.27 Compiled/FeaturePacks/TP_TwinStickBP.upack)
[2023.05.03-18.48.13:576][  0]LogPakFile: OnPakFileMounted2Time == 0.000042
[2023.05.03-18.48.13:582][  0]LogPakFile: PakFile PrimaryIndexSize=183
[2023.05.03-18.48.13:582][  0]LogPakFile: PakFile PathHashIndexSize=101
[2023.05.03-18.48.13:582][  0]LogPakFile: PakFile FullDirectoryIndexSize=140
[2023.05.03-18.48.13:582][  0]LogShaderLibrary: Display: ShaderCodeLibraryPakFileMountedCallback: PakFile 'E:/Downloads/unreal_engine_v4.27_compiled/Unreal Engine v4.27 Compiled/FeaturePacks/TP_Vehicle.upack' (chunk index -1, root 'root:/') mounted
[2023.05.03-18.48.13:582][  0]LogShaderLibrary: Display: ShaderCodeLibraryPakFileMountedCallback: pending pak file info (ChunkID:-1 Root:root:/ File:E:/Downloads/unreal_engine_v4.27_compiled/Unreal Engine v4.27 Compiled/FeaturePacks/TP_Vehicle.upack)
[2023.05.03-18.48.13:582][  0]LogPakFile: OnPakFileMounted2Time == 0.000028
[2023.05.03-18.48.13:589][  0]LogPakFile: PakFile PrimaryIndexSize=186
[2023.05.03-18.48.13:589][  0]LogPakFile: PakFile PathHashIndexSize=101
[2023.05.03-18.48.13:589][  0]LogPakFile: PakFile FullDirectoryIndexSize=146
[2023.05.03-18.48.13:589][  0]LogShaderLibrary: Display: ShaderCodeLibraryPakFileMountedCallback: PakFile 'E:/Downloads/unreal_engine_v4.27_compiled/Unreal Engine v4.27 Compiled/FeaturePacks/TP_VehicleAdv.upack' (chunk index -1, root 'root:/') mounted
[2023.05.03-18.48.13:589][  0]LogShaderLibrary: Display: ShaderCodeLibraryPakFileMountedCallback: pending pak file info (ChunkID:-1 Root:root:/ File:E:/Downloads/unreal_engine_v4.27_compiled/Unreal Engine v4.27 Compiled/FeaturePacks/TP_VehicleAdv.upack)
[2023.05.03-18.48.13:589][  0]LogPakFile: OnPakFileMounted2Time == 0.000037
[2023.05.03-18.48.13:594][  0]LogPakFile: PakFile PrimaryIndexSize=188
[2023.05.03-18.48.13:594][  0]LogPakFile: PakFile PathHashIndexSize=101
[2023.05.03-18.48.13:594][  0]LogPakFile: PakFile FullDirectoryIndexSize=150
[2023.05.03-18.48.13:594][  0]LogShaderLibrary: Display: ShaderCodeLibraryPakFileMountedCallback: PakFile 'E:/Downloads/unreal_engine_v4.27_compiled/Unreal Engine v4.27 Compiled/FeaturePacks/TP_VehicleAdvBP.upack' (chunk index -1, root 'root:/') mounted
[2023.05.03-18.48.13:594][  0]LogShaderLibrary: Display: ShaderCodeLibraryPakFileMountedCallback: pending pak file info (ChunkID:-1 Root:root:/ File:E:/Downloads/unreal_engine_v4.27_compiled/Unreal Engine v4.27 Compiled/FeaturePacks/TP_VehicleAdvBP.upack)
[2023.05.03-18.48.13:594][  0]LogPakFile: OnPakFileMounted2Time == 0.000033
[2023.05.03-18.48.13:599][  0]LogPakFile: PakFile PrimaryIndexSize=185
[2023.05.03-18.48.13:599][  0]LogPakFile: PakFile PathHashIndexSize=101
[2023.05.03-18.48.13:599][  0]LogPakFile: PakFile FullDirectoryIndexSize=144
[2023.05.03-18.48.13:599][  0]LogShaderLibrary: Display: ShaderCodeLibraryPakFileMountedCallback: PakFile 'E:/Downloads/unreal_engine_v4.27_compiled/Unreal Engine v4.27 Compiled/FeaturePacks/TP_VehicleBP.upack' (chunk index -1, root 'root:/') mounted
[2023.05.03-18.48.13:599][  0]LogShaderLibrary: Display: ShaderCodeLibraryPakFileMountedCallback: pending pak file info (ChunkID:-1 Root:root:/ File:E:/Downloads/unreal_engine_v4.27_compiled/Unreal Engine v4.27 Compiled/FeaturePacks/TP_VehicleBP.upack)
[2023.05.03-18.48.13:599][  0]LogPakFile: OnPakFileMounted2Time == 0.000028
[2023.05.03-18.48.13:604][  0]LogPakFile: PakFile PrimaryIndexSize=192
[2023.05.03-18.48.13:604][  0]LogPakFile: PakFile PathHashIndexSize=101
[2023.05.03-18.48.13:604][  0]LogPakFile: PakFile FullDirectoryIndexSize=158
[2023.05.03-18.48.13:604][  0]LogShaderLibrary: Display: ShaderCodeLibraryPakFileMountedCallback: PakFile 'E:/Downloads/unreal_engine_v4.27_compiled/Unreal Engine v4.27 Compiled/FeaturePacks/TP_VirtualRealityBP.upack' (chunk index -1, root 'root:/') mounted
[2023.05.03-18.48.13:604][  0]LogShaderLibrary: Display: ShaderCodeLibraryPakFileMountedCallback: pending pak file info (ChunkID:-1 Root:root:/ File:E:/Downloads/unreal_engine_v4.27_compiled/Unreal Engine v4.27 Compiled/FeaturePacks/TP_VirtualRealityBP.upack)
[2023.05.03-18.48.13:604][  0]LogPakFile: OnPakFileMounted2Time == 0.000026
[2023.05.03-18.48.13:929][  0]LogNativeClassHierarchy: Verbose: Native class hierarchy updated for 'AddContentDialog' in 0.0003 seconds. Added 0 classes and 0 folders.
[2023.05.03-18.48.13:935][  0]LogNativeClassHierarchy: Verbose: Native class hierarchy updated for 'SceneOutliner' in 0.0002 seconds. Added 2 classes and 0 folders.
[2023.05.03-18.48.14:104][  0]LogSlate: Took 0.005212 seconds to synchronously load lazily loaded font '../../../Engine/Content/Slate/Fonts/Roboto-Regular.ttf' (155K)
[2023.05.03-18.48.14:111][  0]LogSlate: Took 0.004853 seconds to synchronously load lazily loaded font '../../../Engine/Content/Editor/Slate/Fonts/FontAwesome.ttf' (139K)
[2023.05.03-18.48.14:119][  0]LogSlate: Took 0.005555 seconds to synchronously load lazily loaded font '../../../Engine/Content/Slate/Fonts/Roboto-Bold.ttf' (160K)
[2023.05.03-18.48.14:306][  0]LogRenderer: Reallocating scene render targets to support 1108x548 Format 10 NumSamples 1 (Frame:1).
[2023.05.03-18.48.14:690][  0]LogNativeClassHierarchy: Verbose: Native class hierarchy updated for 'HierarchicalLODOutliner' in 0.0003 seconds. Added 0 classes and 0 folders.
[2023.05.03-18.48.14:690][  0]LogLoad: (Engine Initialization) Total time: 32.46 seconds
[2023.05.03-18.48.14:690][  0]LogLoad: (Engine Initialization) Total Blueprint compile time: 0.00 seconds
[2023.05.03-18.48.14:754][  0]LogAssetRegistry: Asset discovery search completed in 20.1094 seconds
[2023.05.03-18.48.14:787][  0]LogCollectionManager: Fixed up redirectors for 0 collections in 0.000424 seconds (updated 0 objects)
[2023.05.03-18.48.14:840][  0]LogContentStreaming: Texture pool size now 1000 MB
[2023.05.03-18.48.14:918][  2]LogSlate: Took 0.005646 seconds to synchronously load lazily loaded font '../../../Engine/Content/Slate/Fonts/Roboto-Light.ttf' (167K)
[2023.05.03-18.48.20:810][584]LogSlate: Took 0.005191 seconds to synchronously load lazily loaded font '../../../Engine/Content/Slate/Fonts/Roboto-Italic.ttf' (157K)
[2023.05.03-18.48.25:407][853]LogSlate: Window 'Message' being destroyed
[2023.05.03-18.48.25:416][853]Message dialog closed, result: Yes, title: Message, text: Are you sure you want to remove 79 instances?
[2023.05.03-18.48.28:632][ 37]LogSlate: Window 'Message' being destroyed
[2023.05.03-18.48.28:639][ 37]Message dialog closed, result: Yes, title: Message, text: Are you sure you want to remove 117 instances?
[2023.05.03-18.48.40:617][419]LogActorComponent: UnregisterComponent: (/Engine/Transient.SphereBrushComponent) Not registered. Aborting.
[2023.05.03-18.48.46:313][ 59]LogEditorViewport: Clicking on Actor (LMB): StaticMeshActor (square_New_1f)
[2023.05.03-18.48.46:654][ 84]LogEditorViewport: Clicking on Actor (LMB): StaticMeshActor (square_New_1f)
[2023.05.03-18.48.47:824][222]Cmd: DELETE
[2023.05.03-18.48.47:824][222]Cmd: ACTOR DELETE
[2023.05.03-18.48.47:841][222]LogEditorActor: Deleted Actor: StaticMeshActor
[2023.05.03-18.48.47:848][222]LogUObjectHash: Compacting FUObjectHashTables data took   0.71ms
[2023.05.03-18.48.47:849][222]LogEditorActor: Deleted 1 Actors (0.016 secs)
[2023.05.03-18.48.48:710][324]LogEditorViewport: Clicking on Actor (LMB): Landscape (Landscape)
[2023.05.03-18.48.51:941][622]LogActorComponent: UnregisterComponent: (/Engine/Transient.SphereBrushComponent) Not registered. Aborting.
[2023.05.03-18.48.51:949][622]LogTexture: Display: Building textures: Texture2D_2 (G8, 128X128)
[2023.05.03-18.49.00:862][521]Cmd: DELETE
[2023.05.03-18.49.00:862][521]Cmd: ACTOR DELETE
[2023.05.03-18.49.06:294][ 95]Cmd: DELETE
[2023.05.03-18.49.06:294][ 95]Cmd: ACTOR DELETE
[2023.05.03-18.49.07:219][194]Cmd: DELETE
[2023.05.03-18.49.07:219][194]Cmd: ACTOR DELETE
[2023.05.03-18.49.08:244][304]Cmd: DELETE
[2023.05.03-18.49.08:245][304]Cmd: ACTOR DELETE
[2023.05.03-18.49.08:951][379]Cmd: DELETE
[2023.05.03-18.49.08:951][379]Cmd: ACTOR DELETE
[2023.05.03-18.49.09:582][445]Cmd: DELETE
[2023.05.03-18.49.09:582][445]Cmd: ACTOR DELETE
[2023.05.03-18.49.10:672][562]Cmd: DELETE
[2023.05.03-18.49.10:672][562]Cmd: ACTOR DELETE
[2023.05.03-18.49.12:122][562]LogSlate: Window 'Message' being destroyed
[2023.05.03-18.49.12:130][562]Message dialog closed, result: No, title: Message, text: Control point has two segments attached, do you want to join them?
[2023.05.03-18.49.14:117][772]Cmd: DELETE
[2023.05.03-18.49.14:117][772]Cmd: ACTOR DELETE
[2023.05.03-18.49.15:182][886]Cmd: DELETE
[2023.05.03-18.49.15:182][886]Cmd: ACTOR DELETE
[2023.05.03-18.49.15:862][953]Cmd: DELETE
[2023.05.03-18.49.15:862][953]Cmd: ACTOR DELETE
[2023.05.03-18.49.17:978][180]Cmd: DELETE
[2023.05.03-18.49.17:978][180]Cmd: ACTOR DELETE
[2023.05.03-18.49.19:063][180]LogSlate: Window 'Message' being destroyed
[2023.05.03-18.49.19:072][180]Message dialog closed, result: Yes, title: Message, text: Control point has two segments attached, do you want to join them?
[2023.05.03-18.49.19:902][262]Cmd: DELETE
[2023.05.03-18.49.19:902][262]Cmd: ACTOR DELETE
[2023.05.03-18.49.20:669][347]Cmd: DELETE
[2023.05.03-18.49.20:669][347]Cmd: ACTOR DELETE
[2023.05.03-18.49.22:549][549]Cmd: DELETE
[2023.05.03-18.49.22:549][549]Cmd: ACTOR DELETE
[2023.05.03-18.49.23:378][634]Cmd: DELETE
[2023.05.03-18.49.23:378][634]Cmd: ACTOR DELETE
[2023.05.03-18.49.24:129][710]Cmd: DELETE
[2023.05.03-18.49.24:129][710]Cmd: ACTOR DELETE
[2023.05.03-18.49.25:029][803]Cmd: DELETE
[2023.05.03-18.49.25:029][803]Cmd: ACTOR DELETE
[2023.05.03-18.49.25:759][878]Cmd: DELETE
[2023.05.03-18.49.25:759][878]Cmd: ACTOR DELETE
[2023.05.03-18.49.26:728][978]Cmd: DELETE
[2023.05.03-18.49.26:728][978]Cmd: ACTOR DELETE
[2023.05.03-18.49.27:506][ 57]Cmd: DELETE
[2023.05.03-18.49.27:506][ 57]Cmd: ACTOR DELETE
[2023.05.03-18.49.28:109][119]Cmd: DELETE
[2023.05.03-18.49.28:109][119]Cmd: ACTOR DELETE
[2023.05.03-18.49.29:936][310]Cmd: DELETE
[2023.05.03-18.49.29:936][310]Cmd: ACTOR DELETE
[2023.05.03-18.49.30:643][384]Cmd: DELETE
[2023.05.03-18.49.30:644][384]Cmd: ACTOR DELETE
[2023.05.03-18.49.31:417][467]Cmd: DELETE
[2023.05.03-18.49.31:417][467]Cmd: ACTOR DELETE
[2023.05.03-18.49.59:339][485]LogSlate: Took 0.000132 seconds to synchronously load lazily loaded font '../../../Engine/Content/Slate/Fonts/Roboto-Light.ttf' (167K)
[2023.05.03-18.49.59:412][485]LogFactory: FactoryCreateFile: StaticMesh with FbxFactory (0 0 ../../../../../../Asus/Documents/GitHub/TheTroubleMakers/Mr. Khorshidi Folder/Asset/Base Ground Uni/Base_Ground_Uni_f.fbx)
[2023.05.03-18.49.59:443][485]LogFbx: Loading FBX Scene from ../../../../../../Asus/Documents/GitHub/TheTroubleMakers/Mr. Khorshidi Folder/Asset/Base Ground Uni/Base_Ground_Uni_f.fbx
[2023.05.03-18.49.59:474][485]LogFbx: FBX Scene Loaded Succesfully
[2023.05.03-18.50.00:956][485]LogSlate: Window 'FBX Import Options' being destroyed
[2023.05.03-18.50.01:009][485]LogMaterial: Display: Missing cached shadermap for Main in PCD3D_SM5, Default, SM5 (DDC key hash: 4996EE219958320032A9AEDD6142C621CFA7BB61), compiling. 
[2023.05.03-18.50.01:022][485]LogTexture: Display: Building textures: GraphicsCrate-Road_Texture_02_prev_sm (BGRA8, 426X239)
[2023.05.03-18.50.01:032][485]LogMaterial: Display: Missing cached shadermap for Road in PCD3D_SM5, Default, SM5 (DDC key hash: D7A90170C0A3D39518F884DF16599E6DE242362A), compiling. 
[2023.05.03-18.50.01:046][485]LogTexture: Display: Building textures: 05_CONCRETE_MWAY_SIDE_jpg5ac5788d-c995-4c22-a783-850124594bb3Larger (BGRA8, 600X217)
[2023.05.03-18.50.01:055][485]LogMaterial: Display: Missing cached shadermap for Jadval in PCD3D_SM5, Default, SM5 (DDC key hash: F91E120DE10E049E9B81FE093E57235A86ADEF33), compiling. 
[2023.05.03-18.50.01:110][485]LogTexture: Display: Building textures: forrest_ground_01_diff_2k (OODLE_AutoDXT, 2048X2048)
[2023.05.03-18.50.01:578][485]LogTextureFormatOodle: Display: non-RDO encode 2048 x 2048 x 1 to format OODLE_AutoDXT (Oodle OodleTex_BC1_WithTransparency) lambda=0 effort=20 
[2023.05.03-18.50.01:579][485]LogTextureFormatOodle: Display: non-RDO encode 1024 x 1024 x 1 to format OODLE_AutoDXT (Oodle OodleTex_BC1_WithTransparency) lambda=0 effort=20 
[2023.05.03-18.50.01:596][485]LogMaterial: Display: Missing cached shadermap for Ground in PCD3D_SM5, Default, SM5 (DDC key hash: 6A7E45AE1FB7E989BCE67E6801333AB7C040CE7D), compiling. 
[2023.05.03-18.50.01:671][485]LogTexture: Display: Building textures: Shoe_Stones_-_www_IranDWG_com__6_ (BGRA8, 2754X2768)
[2023.05.03-18.50.01:857][485]LogMaterial: Display: Missing cached shadermap for mozaeik in PCD3D_SM5, Default, SM5 (DDC key hash: 42E58722882AC1E410E1430713D509459FBA1A3F), compiling. 
[2023.05.03-18.50.01:874][485]LogMaterial: Display: Missing cached shadermap for Main_001 in PCD3D_SM5, Default, SM5 (DDC key hash: 0781CCC2CFBC7DD23C73BB0F65B66EFE5CC7892D), compiling. 
[2023.05.03-18.50.01:878][485]LogTexture: Display: Building textures: GraphicsCrate-Road_Texture_02_prev_sm_ncl1_1 (BGRA8, 426X239)
[2023.05.03-18.50.01:890][485]LogMaterial: Display: Missing cached shadermap for Road_001 in PCD3D_SM5, Default, SM5 (DDC key hash: C529B0B1422310D534CF2DF772F56FAC404E691F), compiling. 
[2023.05.03-18.50.01:895][485]LogTexture: Display: Building textures: 05_CONCRETE_MWAY_SIDE_jpg5ac5788d-c995-4c22-a783-850124594bb3Larger_ncl1_1 (BGRA8, 600X217)
[2023.05.03-18.50.01:908][485]LogMaterial: Display: Missing cached shadermap for Jadval_001 in PCD3D_SM5, Default, SM5 (DDC key hash: 959B92AC6C7DA7FE375639B82FD9DC1E0AF6FE29), compiling. 
[2023.05.03-18.50.01:950][485]LogTexture: Display: Building textures: forrest_ground_01_diff_2k_ncl1_1 (OODLE_AutoDXT, 2048X2048)
[2023.05.03-18.50.02:423][485]LogTextureFormatOodle: Display: non-RDO encode 2048 x 2048 x 1 to format OODLE_AutoDXT (Oodle OodleTex_BC1_WithTransparency) lambda=0 effort=20 
[2023.05.03-18.50.02:423][485]LogTextureFormatOodle: Display: non-RDO encode 1024 x 1024 x 1 to format OODLE_AutoDXT (Oodle OodleTex_BC1_WithTransparency) lambda=0 effort=20 
[2023.05.03-18.50.02:436][485]LogMaterial: Display: Missing cached shadermap for Ground_001 in PCD3D_SM5, Default, SM5 (DDC key hash: A12873983DE71DFFA11E80405527AE4A634459B4), compiling. 
[2023.05.03-18.50.02:494][485]LogTexture: Display: Building textures: Shoe_Stones_-_www_IranDWG_com__6__ncl1_1 (BGRA8, 2754X2768)
[2023.05.03-18.50.02:665][485]LogMaterial: Display: Missing cached shadermap for mozaeik_001 in PCD3D_SM5, Default, SM5 (DDC key hash: B33CE4D3DC11CD394F60CB7D26BE8593229A919C), compiling. 
[2023.05.03-18.50.02:685][485]LogMaterial: Display: Missing cached shadermap for Main_002 in PCD3D_SM5, Default, SM5 (DDC key hash: 6BB6E6FC9A385BBA30A474D8B398AE28FC3A0118), compiling. 
[2023.05.03-18.50.02:692][485]LogTexture: Display: Building textures: GraphicsCrate-Road_Texture_02_prev_sm_ncl1_2 (BGRA8, 426X239)
[2023.05.03-18.50.02:704][485]LogMaterial: Display: Missing cached shadermap for Road_002 in PCD3D_SM5, Default, SM5 (DDC key hash: B6CD81033D1BE2C1ED6C6AD79CE8AA5BE2E7857F), compiling. 
[2023.05.03-18.50.02:709][485]LogTexture: Display: Building textures: 05_CONCRETE_MWAY_SIDE_jpg5ac5788d-c995-4c22-a783-850124594bb3Larger_ncl1_2 (BGRA8, 600X217)
[2023.05.03-18.50.02:732][485]LogMaterial: Display: Missing cached shadermap for Jadval_002 in PCD3D_SM5, Default, SM5 (DDC key hash: 651520DCC9D46988AD6191D1DF2306B010C664D5), compiling. 
[2023.05.03-18.50.02:804][485]LogTexture: Display: Building textures: Shoe_Stones_-_www_IranDWG_com__6__ncl1_2 (BGRA8, 2754X2768)
[2023.05.03-18.50.02:969][485]LogMaterial: Display: Missing cached shadermap for mozaeik_002 in PCD3D_SM5, Default, SM5 (DDC key hash: 6709979495023E76309CB05A3F129DABD642E81A), compiling. 
[2023.05.03-18.50.02:975][485]LogFbx: Display: Triangulating static mesh Plane.019
[2023.05.03-18.50.04:046][485]LogStaticMesh: Building static mesh Base_Ground_Uni_f...
[2023.05.03-18.50.05:212][485]LogStaticMesh: Built static mesh [1.17s] /Game/TheTroubleMakers/Alikhorshidi/Base_Ground_Uni_f.Base_Ground_Uni_f
[2023.05.03-18.50.05:367][485]LogStaticMesh: Warning: Base_Ground_Uni_f has degenerate tangent bases which will result in incorrect shading.  MikkTSpace relies on tangent bases and may result in mesh corruption, consider disabling this option.
[2023.05.03-18.50.05:367][485]LogStaticMesh: Warning: Base_Ground_Uni_f has some nearly zero bi-normals which can create some issues. (Tolerance of 1E-4)
[2023.05.03-18.50.05:522][485]FBXImport: FBX Scene Loading: Found texture name clash, name clash can be wrongly reassign at reimport , texture 'GraphicsCrate-Road_Texture_02_prev_sm' was renamed 'GraphicsCrate-Road_Texture_02_prev_sm_ncl1_1' 
[2023.05.03-18.50.05:522][485]FBXImport: FBX Scene Loading: Found texture name clash, name clash can be wrongly reassign at reimport , texture '05_CONCRETE_MWAY_SIDE_jpg5ac5788d-c995-4c22-a783-850124594bb3Larger' was renamed '05_CONCRETE_MWAY_SIDE_jpg5ac5788d-c995-4c22-a783-850124594bb3Larger_ncl1_1' 
[2023.05.03-18.50.05:522][485]FBXImport: FBX Scene Loading: Found texture name clash, name clash can be wrongly reassign at reimport , texture 'forrest_ground_01_diff_2k' was renamed 'forrest_ground_01_diff_2k_ncl1_1' 
[2023.05.03-18.50.05:522][485]FBXImport: FBX Scene Loading: Found texture name clash, name clash can be wrongly reassign at reimport , texture 'Shoe_Stones_-_www_IranDWG_com__6_' was renamed 'Shoe_Stones_-_www_IranDWG_com__6__ncl1_1' 
[2023.05.03-18.50.05:522][485]FBXImport: FBX Scene Loading: Found texture name clash, name clash can be wrongly reassign at reimport , texture 'GraphicsCrate-Road_Texture_02_prev_sm' was renamed 'GraphicsCrate-Road_Texture_02_prev_sm_ncl1_2' 
[2023.05.03-18.50.05:522][485]FBXImport: FBX Scene Loading: Found texture name clash, name clash can be wrongly reassign at reimport , texture '05_CONCRETE_MWAY_SIDE_jpg5ac5788d-c995-4c22-a783-850124594bb3Larger' was renamed '05_CONCRETE_MWAY_SIDE_jpg5ac5788d-c995-4c22-a783-850124594bb3Larger_ncl1_2' 
[2023.05.03-18.50.05:522][485]FBXImport: FBX Scene Loading: Found texture name clash, name clash can be wrongly reassign at reimport , texture 'forrest_ground_01_diff_2k' was renamed 'forrest_ground_01_diff_2k_ncl1_2' 
[2023.05.03-18.50.05:522][485]FBXImport: FBX Scene Loading: Found texture name clash, name clash can be wrongly reassign at reimport , texture 'Shoe_Stones_-_www_IranDWG_com__6_' was renamed 'Shoe_Stones_-_www_IranDWG_com__6__ncl1_2' 
[2023.05.03-18.50.05:522][485]FBXImport: Warning: No smoothing group information was found in this FBX scene.  Please make sure to enable the 'Export Smoothing Groups' option in the FBX Exporter plug-in before exporting the file.  Even for tools that don't support smoothing groups, the FBX Exporter will generate appropriate smoothing data at export-time so that correct vertex normals can be inferred while importing. 
[2023.05.03-18.50.05:522][485]FBXImport: Warning: Base_Ground_Uni_f has degenerate tangent bases which will result in incorrect shading.  MikkTSpace relies on tangent bases and may result in mesh corruption, consider disabling this option. 
[2023.05.03-18.50.05:522][485]FBXImport: Warning: Base_Ground_Uni_f has some nearly zero bi-normals which can create some issues. (Tolerance of 1E-4) 
[2023.05.03-18.50.05:805][485]LogSlate: Took 0.005137 seconds to synchronously load lazily loaded font '../../../Engine/Content/Slate/Fonts/DroidSansMono.ttf' (77K)
[2023.05.03-18.50.06:087][490]LogShaderCompilers: Display: Submitted 2 shader compile jobs with 'ForceLocal' priority
[2023.05.03-18.50.06:088][490]LogShaderCompilers: Display: Worker (1/5): shaders left to compile 2
[2023.05.03-18.50.06:088][490]LogShaderCompilers: Display: Worker (2/5): shaders left to compile 1
[2023.05.03-18.50.06:088][490]LogShaderCompilers: Display: Started 2 'Local' shader compile jobs with 'ForceLocal' priority
[2023.05.03-18.50.06:089][490]LogShaderCompilers: Display: Submitted 2 shader compile jobs with 'ForceLocal' priority
[2023.05.03-18.50.06:092][490]LogShaderCompilers: Display: Submitted 2 shader compile jobs with 'ForceLocal' priority
[2023.05.03-18.50.06:094][490]LogShaderCompilers: Display: Submitted 2 shader compile jobs with 'ForceLocal' priority
[2023.05.03-18.50.06:096][490]LogShaderCompilers: Display: Submitted 2 shader compile jobs with 'ForceLocal' priority
[2023.05.03-18.50.06:099][490]LogShaderCompilers: Display: Submitted 2 shader compile jobs with 'ForceLocal' priority
[2023.05.03-18.50.06:101][490]LogShaderCompilers: Display: Submitted 2 shader compile jobs with 'ForceLocal' priority
[2023.05.03-18.50.06:103][490]LogShaderCompilers: Display: Submitted 2 shader compile jobs with 'ForceLocal' priority
[2023.05.03-18.50.06:105][490]LogShaderCompilers: Display: Submitted 2 shader compile jobs with 'ForceLocal' priority
[2023.05.03-18.50.06:108][490]LogShaderCompilers: Display: Submitted 2 shader compile jobs with 'ForceLocal' priority
[2023.05.03-18.50.06:109][490]LogShaderCompilers: Display: Submitted 2 shader compile jobs with 'ForceLocal' priority
[2023.05.03-18.50.06:111][490]LogShaderCompilers: Display: Submitted 2 shader compile jobs with 'ForceLocal' priority
[2023.05.03-18.50.06:114][490]LogShaderCompilers: Display: Submitted 2 shader compile jobs with 'ForceLocal' priority
[2023.05.03-18.50.06:116][490]LogShaderCompilers: Display: Submitted 2 shader compile jobs with 'ForceLocal' priority
[2023.05.03-18.50.06:127][490]LogShaderCompilers: Display: Worker (3/5): shaders left to compile 26
[2023.05.03-18.50.06:127][490]LogShaderCompilers: Display: Worker (4/5): shaders left to compile 19
[2023.05.03-18.50.06:127][490]LogShaderCompilers: Display: Started 14 'Local' shader compile jobs with 'ForceLocal' priority
[2023.05.03-18.50.06:156][490]LogShaderCompilers: Display: Submitted 14 shader compile jobs with 'Normal' priority
[2023.05.03-18.50.06:166][490]LogShaderCompilers: Display: Submitted 14 shader compile jobs with 'Normal' priority
[2023.05.03-18.50.06:180][490]LogShaderCompilers: Display: Submitted 14 shader compile jobs with 'Normal' priority
[2023.05.03-18.50.06:191][490]LogShaderCompilers: Display: Submitted 14 shader compile jobs with 'Normal' priority
[2023.05.03-18.50.06:203][490]LogShaderCompilers: Display: Submitted 14 shader compile jobs with 'Normal' priority
[2023.05.03-18.50.06:214][490]LogShaderCompilers: Display: Submitted 14 shader compile jobs with 'Normal' priority
[2023.05.03-18.50.06:224][490]LogShaderCompilers: Display: Submitted 14 shader compile jobs with 'Normal' priority
[2023.05.03-18.50.06:236][490]LogShaderCompilers: Display: Submitted 14 shader compile jobs with 'Normal' priority
[2023.05.03-18.50.06:247][490]LogShaderCompilers: Display: Submitted 14 shader compile jobs with 'Normal' priority
[2023.05.03-18.50.06:258][490]LogShaderCompilers: Display: Submitted 14 shader compile jobs with 'Normal' priority
[2023.05.03-18.50.06:268][490]LogShaderCompilers: Display: Submitted 14 shader compile jobs with 'Normal' priority
[2023.05.03-18.50.06:280][490]LogShaderCompilers: Display: Submitted 14 shader compile jobs with 'Normal' priority
[2023.05.03-18.50.06:290][490]LogShaderCompilers: Display: Submitted 14 shader compile jobs with 'Normal' priority
[2023.05.03-18.50.06:301][490]LogShaderCompilers: Display: Submitted 14 shader compile jobs with 'Normal' priority
[2023.05.03-18.50.07:182][531]LogShaderCompilers: Display: Worker (2/5): shaders left to compile 12
[2023.05.03-18.50.07:182][531]LogShaderCompilers: Display: Started 4 'Local' shader compile jobs with 'ForceLocal' priority
[2023.05.03-18.50.07:296][536]LogShaderCompilers: Display: Worker (1/5): shaders left to compile 8
[2023.05.03-18.50.07:296][536]LogShaderCompilers: Display: Started 3 'Local' shader compile jobs with 'ForceLocal' priority
[2023.05.03-18.50.08:337][574]LogShaderCompilers: Display: Worker (1/5): shaders left to compile 5
[2023.05.03-18.50.08:337][574]LogShaderCompilers: Display: Started 2 'Local' shader compile jobs with 'ForceLocal' priority
[2023.05.03-18.50.08:544][584]LogShaderCompilers: Display: Worker (2/5): shaders left to compile 3
[2023.05.03-18.50.08:544][584]LogShaderCompilers: Display: Started 1 'Local' shader compile jobs with 'ForceLocal' priority
[2023.05.03-18.50.08:859][600]LogShaderCompilers: Display: Worker (2/5): shaders left to compile 2
[2023.05.03-18.50.08:859][600]LogShaderCompilers: Display: Started 1 'Local' shader compile jobs with 'ForceLocal' priority
[2023.05.03-18.50.09:043][609]LogShaderCompilers: Display: Worker (1/5): shaders left to compile 1
[2023.05.03-18.50.09:043][609]LogShaderCompilers: Display: Started 1 'Local' shader compile jobs with 'ForceLocal' priority
[2023.05.03-18.50.09:204][616]LogShaderCompilers: Display: Worker (4/5): shaders left to compile 196
[2023.05.03-18.50.09:204][616]LogShaderCompilers: Display: Started 10 'Local' shader compile jobs with 'Normal' priority
[2023.05.03-18.50.09:295][622]LogShaderCompilers: Display: Worker (2/5): shaders left to compile 186
[2023.05.03-18.50.09:295][622]LogShaderCompilers: Display: Started 10 'Local' shader compile jobs with 'Normal' priority
[2023.05.03-18.50.09:369][628]LogShaderCompilers: Display: Worker (3/5): shaders left to compile 176
[2023.05.03-18.50.09:369][628]LogShaderCompilers: Display: Started 10 'Local' shader compile jobs with 'Normal' priority
[2023.05.03-18.50.09:369][628]LogShaderCompilers: Display: Worker (1/5): shaders left to compile 166
[2023.05.03-18.50.09:369][628]LogShaderCompilers: Display: Started 10 'Local' shader compile jobs with 'Normal' priority
[2023.05.03-18.50.10:380][707]LogSlate: Window 'Message Log' being destroyed
[2023.05.03-18.50.10:386][707]LogSlate: Window 'Message Log' being destroyed
[2023.05.03-18.50.12:457][829]LogShaderCompilers: Display: Worker (3/5): shaders left to compile 156
[2023.05.03-18.50.12:457][829]LogShaderCompilers: Display: Started 10 'Local' shader compile jobs with 'Normal' priority
[2023.05.03-18.50.12:641][837]LogShaderCompilers: Display: Worker (4/5): shaders left to compile 146
[2023.05.03-18.50.12:641][837]LogShaderCompilers: Display: Started 10 'Local' shader compile jobs with 'Normal' priority
[2023.05.03-18.50.12:726][840]LogShaderCompilers: Display: Worker (2/5): shaders left to compile 136
[2023.05.03-18.50.12:726][840]LogShaderCompilers: Display: Started 10 'Local' shader compile jobs with 'Normal' priority
[2023.05.03-18.50.13:143][861]LogAssetEditorSubsystem: Opening Asset editor for StaticMesh /Game/TheTroubleMakers/Alikhorshidi/Base_Ground_Uni_f.Base_Ground_Uni_f
[2023.05.03-18.50.13:247][861]LogShaderCompilers: Display: Worker (1/5): shaders left to compile 126
[2023.05.03-18.50.13:247][861]LogShaderCompilers: Display: Started 10 'Local' shader compile jobs with 'Normal' priority
[2023.05.03-18.50.13:309][861]LogTexture: Default maximum texture size for cubemaps generated from long-lat sources has been changed from 512 to unlimited. In order to preserve old behaiour for '/Engine/EditorMaterials/AssetViewer/EpicQuadPanorama_CC+EV1.EpicQuadPanorama_CC+EV1', its maximum texture size has been explicitly set to 512.
[2023.05.03-18.50.13:468][861]LogTexture: Default maximum texture size for cubemaps generated from long-lat sources has been changed from 512 to unlimited. In order to preserve old behaiour for '/Engine/MapTemplates/Sky/SunsetAmbientCubemap.SunsetAmbientCubemap', its maximum texture size has been explicitly set to 512.
[2023.05.03-18.50.14:305][861]LogRenderer: Reallocating scene render targets to support 1432x912 Format 10 NumSamples 1 (Frame:1).
[2023.05.03-18.50.16:907][954]LogShaderCompilers: Display: Worker (3/5): shaders left to compile 116
[2023.05.03-18.50.16:907][954]LogShaderCompilers: Display: Started 10 'Local' shader compile jobs with 'Normal' priority
[2023.05.03-18.50.17:029][958]LogShaderCompilers: Display: Worker (4/5): shaders left to compile 106
[2023.05.03-18.50.17:029][958]LogShaderCompilers: Display: Started 10 'Local' shader compile jobs with 'Normal' priority
[2023.05.03-18.50.17:744][986]LogShaderCompilers: Display: Worker (2/5): shaders left to compile 96
[2023.05.03-18.50.17:744][986]LogShaderCompilers: Display: Started 10 'Local' shader compile jobs with 'Normal' priority
[2023.05.03-18.50.17:907][991]LogShaderCompilers: Display: Worker (1/5): shaders left to compile 86
[2023.05.03-18.50.17:907][991]LogShaderCompilers: Display: Started 10 'Local' shader compile jobs with 'Normal' priority
[2023.05.03-18.50.21:325][162]LogShaderCompilers: Display: Worker (4/5): shaders left to compile 76
[2023.05.03-18.50.21:325][162]LogShaderCompilers: Display: Started 10 'Local' shader compile jobs with 'Normal' priority
[2023.05.03-18.50.21:373][165]LogShaderCompilers: Display: Worker (3/5): shaders left to compile 66
[2023.05.03-18.50.21:373][165]LogShaderCompilers: Display: Started 10 'Local' shader compile jobs with 'Normal' priority
[2023.05.03-18.50.22:359][205]LogShaderCompilers: Display: Worker (1/5): shaders left to compile 56
[2023.05.03-18.50.22:359][205]LogShaderCompilers: Display: Started 10 'Local' shader compile jobs with 'Normal' priority
[2023.05.03-18.50.22:824][223]LogShaderCompilers: Display: Worker (2/5): shaders left to compile 46
[2023.05.03-18.50.22:824][223]LogShaderCompilers: Display: Started 10 'Local' shader compile jobs with 'Normal' priority
[2023.05.03-18.50.25:596][304]LogShaderCompilers: Display: Worker (4/5): shaders left to compile 36
[2023.05.03-18.50.25:596][304]LogShaderCompilers: Display: Started 10 'Local' shader compile jobs with 'Normal' priority
[2023.05.03-18.50.26:154][320]LogShaderCompilers: Display: Worker (3/5): shaders left to compile 26
[2023.05.03-18.50.26:154][320]LogShaderCompilers: Display: Started 7 'Local' shader compile jobs with 'Normal' priority
[2023.05.03-18.50.26:590][333]LogShaderCompilers: Display: Worker (1/5): shaders left to compile 19
[2023.05.03-18.50.26:590][333]LogShaderCompilers: Display: Started 5 'Local' shader compile jobs with 'Normal' priority
[2023.05.03-18.50.27:102][349]LogShaderCompilers: Display: Worker (2/5): shaders left to compile 14
[2023.05.03-18.50.27:102][349]LogShaderCompilers: Display: Started 4 'Local' shader compile jobs with 'Normal' priority
[2023.05.03-18.50.28:595][399]LogShaderCompilers: Display: Worker (2/5): shaders left to compile 10
[2023.05.03-18.50.28:595][399]LogShaderCompilers: Display: Started 3 'Local' shader compile jobs with 'Normal' priority
[2023.05.03-18.50.29:185][423]LogShaderCompilers: Display: Worker (1/5): shaders left to compile 7
[2023.05.03-18.50.29:186][423]LogShaderCompilers: Display: Started 2 'Local' shader compile jobs with 'Normal' priority
[2023.05.03-18.50.29:678][442]LogShaderCompilers: Display: Worker (3/5): shaders left to compile 5
[2023.05.03-18.50.29:678][442]LogShaderCompilers: Display: Started 2 'Local' shader compile jobs with 'Normal' priority
[2023.05.03-18.50.29:893][451]LogShaderCompilers: Display: Worker (4/5): shaders left to compile 3
[2023.05.03-18.50.29:893][451]LogShaderCompilers: Display: Started 1 'Local' shader compile jobs with 'Normal' priority
[2023.05.03-18.50.30:288][472]LogShaderCompilers: Display: Worker (2/5): shaders left to compile 2
[2023.05.03-18.50.30:288][472]LogShaderCompilers: Display: Started 1 'Local' shader compile jobs with 'Normal' priority
[2023.05.03-18.50.30:353][476]LogShaderCompilers: Display: Worker (1/5): shaders left to compile 1
[2023.05.03-18.50.30:353][476]LogShaderCompilers: Display: Started 1 'Local' shader compile jobs with 'Normal' priority
[2023.05.03-18.50.37:167][709]LogSavePackage: Moving '../../../../../../Asus/Documents/GitHub/TheTroubleMakers/Unreal Engine Project/SpeedLimit_UniAzad/Saved/Base_Ground_Uni_f2B24D5934E618952121F998740452EC6.tmp' to '../../../../../../Asus/Documents/GitHub/TheTroubleMakers/Unreal Engine Project/SpeedLimit_UniAzad/Content/TheTroubleMakers/Alikhorshidi/Base_Ground_Uni_f.uasset'
[2023.05.03-18.50.37:184][709]AssetCheck: New page: Asset Save: Base_Ground_Uni_f
[2023.05.03-18.50.37:184][709]LogContentValidation: Display: Validating StaticMesh /Game/TheTroubleMakers/Alikhorshidi/Base_Ground_Uni_f.Base_Ground_Uni_f
[2023.05.03-18.50.39:196][801]LogSlate: Window 'Base_Ground_Uni_f' being destroyed
[2023.05.03-18.50.39:206][801]LogSlate: Window 'Base_Ground_Uni_f' being destroyed
[2023.05.03-18.50.39:210][801]LogWorld: UWorld::CleanupWorld for World_5, bSessionEnded=true, bCleanupResources=true
[2023.05.03-18.50.39:210][801]LogSlate: InvalidateAllWidgets triggered.  All widgets were invalidated
[2023.05.03-18.50.42:012][959]LogActorFactory: Actor Factory created Base_Ground_Uni_f
[2023.05.03-18.50.42:014][959]LogTexture: Display: Building textures: Texture2D_0 (BGRA8, 512X512)
[2023.05.03-18.50.42:018][959]LogTexture: Display: Building textures: Texture2D_1 (BGRA8, 512X512)
[2023.05.03-18.50.42:023][959]LogTexture: Display: Building textures: Texture2D_3 (BGRA8, 512X512)
[2023.05.03-18.50.43:052][ 42]LogActorFactory: Actor Factory created Base_Ground_Uni_f
[2023.05.03-18.50.57:993][407]LogEditorViewport: Clicking on Actor (LMB): StaticMeshActor (Base_Ground_Uni_f)
[2023.05.03-18.51.50:922][223]LogEditorViewport: Clicking on Actor (LMB): Landscape (Landscape)
[2023.05.03-18.52.07:409][416]LogEditorViewport: Clicking on Actor (LMB): BP_Sky_Sphere_C (BP_Sky_Sphere)
[2023.05.03-18.52.07:618][431]Cmd: TRANSACTION UNDO
[2023.05.03-18.52.07:618][431]LogEditorTransaction: Undo Clicking on Actors
[2023.05.03-18.52.08:186][443]Cmd: TRANSACTION UNDO
[2023.05.03-18.52.08:186][443]LogEditorTransaction: Undo Set Location
[2023.05.03-18.52.09:745][543]Cmd: TRANSACTION UNDO
[2023.05.03-18.52.09:745][543]LogEditorTransaction: Undo Set Location
[2023.05.03-18.52.10:571][594]Cmd: TRANSACTION UNDO
[2023.05.03-18.52.10:571][594]LogEditorTransaction: Undo Clicking on Actors
[2023.05.03-18.52.37:667][ 89]LogEditorViewport: Clicking on Actor (LMB): Landscape (Landscape)
[2023.05.03-18.52.37:944][109]Cmd: TRANSACTION UNDO
[2023.05.03-18.52.37:944][109]LogEditorTransaction: Undo Clicking on Actors
[2023.05.03-18.52.38:441][117]Cmd: TRANSACTION UNDO
[2023.05.03-18.52.38:442][117]LogEditorTransaction: Undo Set Scale
[2023.05.03-18.52.39:290][180]LogEditorViewport: Clicking on Actor (LMB): Landscape (Landscape)
[2023.05.03-18.52.48:716][862]LogTexture: Display: Building textures: Texture2D_0 (BGRA8, 512X512)
[2023.05.03-18.52.53:595][191]LogEditorViewport: Clicking on Actor (LMB): Landscape (Landscape)
[2023.05.03-18.53.50:224][244]LogEditorViewport: Clicking on Actor (LMB): StaticMeshActor (Base_Ground_Uni_f)
[2023.05.03-18.53.55:148][578]LogEditorViewport: Clicking on Actor (LMB): StaticMeshActor (Engineering_Building_FBX2)
[2023.05.03-18.54.03:257][131]LogEditorViewport: Clicking on Actor (LMB): StaticMeshActor (Base_Ground_Uni_f)
[2023.05.03-18.54.23:507][545]LogTemp: Repeating last play command: Selected Viewport
[2023.05.03-18.54.23:515][545]LogPlayLevel: PlayLevel: No blueprints needed recompiling
[2023.05.03-18.54.23:519][545]PIE: New page: PIE session: Minimal_Default (May 4, 2023, 2:54:23 AM)
[2023.05.03-18.54.23:524][545]LogOnline: OSS: Creating online subsystem instance for: NULL
[2023.05.03-18.54.23:526][545]LogOnline: OSS: TryLoadSubsystemAndSetDefault: Loaded subsystem for module [NULL]
[2023.05.03-18.54.23:527][545]LogPlayLevel: Creating play world package: /Game/StarterContent/Maps/UEDPIE_0_Minimal_Default
[2023.05.03-18.54.23:549][545]LogPlayLevel: PIE: StaticDuplicateObject took: (0.021718s)
[2023.05.03-18.54.23:550][545]LogAIModule: Creating AISystem for world Minimal_Default
[2023.05.03-18.54.23:551][545]LogPlayLevel: PIE: World Init took: (0.002286s)
[2023.05.03-18.54.23:552][545]LogPlayLevel: PIE: Created PIE world by copying editor world from /Game/StarterContent/Maps/Minimal_Default.Minimal_Default to /Game/StarterContent/Maps/UEDPIE_0_Minimal_Default.Minimal_Default (0.024776s)
[2023.05.03-18.54.23:566][545]LogUObjectHash: Compacting FUObjectHashTables data took   0.74ms
[2023.05.03-18.54.23:575][545]LogAudio: Display: Creating Audio Device:                 Id: 2, Scope: Unique, Realtime: True
[2023.05.03-18.54.23:575][545]LogAudioMixer: Display: Audio Mixer Platform Settings:
[2023.05.03-18.54.23:575][545]LogAudioMixer: Display: 	Sample Rate:						  48000
[2023.05.03-18.54.23:575][545]LogAudioMixer: Display: 	Callback Buffer Frame Size Requested: 1024
[2023.05.03-18.54.23:575][545]LogAudioMixer: Display: 	Callback Buffer Frame Size To Use:	  1024
[2023.05.03-18.54.23:575][545]LogAudioMixer: Display: 	Number of buffers to queue:			  2
[2023.05.03-18.54.23:575][545]LogAudioMixer: Display: 	Max Channels (voices):				  32
[2023.05.03-18.54.23:575][545]LogAudioMixer: Display: 	Number of Async Source Workers:		  0
[2023.05.03-18.54.23:575][545]LogAudio: Display: AudioDevice MaxSources: 32
[2023.05.03-18.54.23:576][545]LogAudio: Display: Audio Spatialization Plugin: None (built-in).
[2023.05.03-18.54.23:576][545]LogAudio: Display: Audio Reverb Plugin: None (built-in).
[2023.05.03-18.54.23:576][545]LogAudio: Display: Audio Occlusion Plugin: None (built-in).
[2023.05.03-18.54.23:576][545]LogAudioMixer: Display: Initializing audio mixer.
[2023.05.03-18.54.23:579][545]LogAudioMixer: Display: 0: FrontLeft
[2023.05.03-18.54.23:579][545]LogAudioMixer: Display: 1: FrontRight
[2023.05.03-18.54.23:586][545]LogAudioMixer: Display: Using Audio Device Mi TV (HD Audio Driver for Display Audio)
[2023.05.03-18.54.23:586][545]LogAudioMixer: Display: Initializing Sound Submixes...
[2023.05.03-18.54.23:586][545]LogAudioMixer: Display: Creating Master Submix 'MasterSubmixDefault'
[2023.05.03-18.54.23:586][545]LogAudioMixer: Display: Creating Master Submix 'MasterReverbSubmixDefault'
[2023.05.03-18.54.23:586][545]LogAudioMixer: Display: Creating Master Submix 'MasterEQSubmixDefault'
[2023.05.03-18.54.23:586][545]LogAudioMixer: FMixerPlatformXAudio2::StartAudioStream() called
[2023.05.03-18.54.23:586][545]LogAudioMixer: Display: Output buffers initialized: Frames=1024, Channels=2, Samples=2048
[2023.05.03-18.54.23:587][545]LogAudioMixer: Display: Starting AudioMixerPlatformInterface::RunInternal()
[2023.05.03-18.54.23:587][545]LogAudioMixer: Display: FMixerPlatformXAudio2::SubmitBuffer() called for the first time
[2023.05.03-18.54.23:587][545]LogInit: FAudioDevice initialized.
[2023.05.03-18.54.23:587][545]LogAudio: Display: Audio Device (ID: 2) registered with world 'Minimal_Default'.
[2023.05.03-18.54.23:596][545]LogLoad: Game class is 'Zhian_Game_C'
[2023.05.03-18.54.23:608][545]LogWorld: Bringing World /Game/StarterContent/Maps/UEDPIE_0_Minimal_Default.Minimal_Default up for play (max tick rate 0) at 2023.05.03-22.24.23
[2023.05.03-18.54.23:613][545]LogWorld: Bringing up level for play took: 0.010827
[2023.05.03-18.54.23:614][545]LogOnline: OSS: Creating online subsystem instance for: :Context_7
[2023.05.03-18.54.23:622][545]LogNativeClassHierarchy: Verbose: Native class hierarchy updated for 'MovieSceneCapture' in 0.0004 seconds. Added 20 classes and 0 folders.
[2023.05.03-18.54.23:622][545]LogGameMode: Display: Match State Changed from EnteringMap to WaitingToStart
[2023.05.03-18.54.23:622][545]LogGameState: Match State Changed from EnteringMap to WaitingToStart
[2023.05.03-18.54.23:622][545]LogGameMode: Display: Match State Changed from WaitingToStart to InProgress
[2023.05.03-18.54.23:626][545]LogGameState: Match State Changed from WaitingToStart to InProgress
[2023.05.03-18.54.23:626][545]PIE: Server logged in
[2023.05.03-18.54.23:629][545]PIE: Play in editor total start time 0.116 seconds.
[2023.05.03-18.54.32:971][ 90]LogSlate: Updating window title bar state: overlay mode, drag disabled, window buttons hidden, title bar hidden
[2023.05.03-18.54.32:971][ 90]LogWorld: BeginTearingDown for /Game/StarterContent/Maps/UEDPIE_0_Minimal_Default
[2023.05.03-18.54.32:972][ 90]LogWorld: UWorld::CleanupWorld for Minimal_Default, bSessionEnded=true, bCleanupResources=true
[2023.05.03-18.54.32:973][ 90]LogSlate: InvalidateAllWidgets triggered.  All widgets were invalidated
[2023.05.03-18.54.32:991][ 90]LogPlayLevel: Display: Shutting down PIE online subsystems
[2023.05.03-18.54.33:006][ 90]LogSlate: InvalidateAllWidgets triggered.  All widgets were invalidated
[2023.05.03-18.54.33:013][ 90]LogAudio: Display: Audio Device unregistered from world 'None'.
[2023.05.03-18.54.33:016][ 90]LogAudioMixer: FMixerPlatformXAudio2::StopAudioStream() called
[2023.05.03-18.54.33:018][ 90]LogAudioMixer: FMixerPlatformXAudio2::StopAudioStream() called
[2023.05.03-18.54.33:021][ 90]LogSlate: Updating window title bar state: overlay mode, drag disabled, window buttons hidden, title bar hidden
[2023.05.03-18.54.33:028][ 90]LogUObjectHash: Compacting FUObjectHashTables data took   0.64ms
[2023.05.03-18.54.33:076][ 91]LogPlayLevel: Display: Destroying online subsystem :Context_7
[2023.05.03-18.54.36:893][377]LogTemp: Repeating last play command: Selected Viewport
[2023.05.03-18.54.36:898][377]LogPlayLevel: PlayLevel: No blueprints needed recompiling
[2023.05.03-18.54.36:898][377]PIE: New page: PIE session: Minimal_Default (May 4, 2023, 2:54:36 AM)
[2023.05.03-18.54.36:898][377]LogPlayLevel: Creating play world package: /Game/StarterContent/Maps/UEDPIE_0_Minimal_Default
[2023.05.03-18.54.36:918][377]LogPlayLevel: PIE: StaticDuplicateObject took: (0.020284s)
[2023.05.03-18.54.36:919][377]LogAIModule: Creating AISystem for world Minimal_Default
[2023.05.03-18.54.36:919][377]LogPlayLevel: PIE: World Init took: (0.001289s)
[2023.05.03-18.54.36:919][377]LogPlayLevel: PIE: Created PIE world by copying editor world from /Game/StarterContent/Maps/Minimal_Default.Minimal_Default to /Game/StarterContent/Maps/UEDPIE_0_Minimal_Default.Minimal_Default (0.021694s)
[2023.05.03-18.54.36:925][377]LogUObjectHash: Compacting FUObjectHashTables data took   0.58ms
[2023.05.03-18.54.36:926][377]LogAudio: Display: Creating Audio Device:                 Id: 3, Scope: Unique, Realtime: True
[2023.05.03-18.54.36:926][377]LogAudioMixer: Display: Audio Mixer Platform Settings:
[2023.05.03-18.54.36:926][377]LogAudioMixer: Display: 	Sample Rate:						  48000
[2023.05.03-18.54.36:926][377]LogAudioMixer: Display: 	Callback Buffer Frame Size Requested: 1024
[2023.05.03-18.54.36:926][377]LogAudioMixer: Display: 	Callback Buffer Frame Size To Use:	  1024
[2023.05.03-18.54.36:926][377]LogAudioMixer: Display: 	Number of buffers to queue:			  2
[2023.05.03-18.54.36:926][377]LogAudioMixer: Display: 	Max Channels (voices):				  32
[2023.05.03-18.54.36:926][377]LogAudioMixer: Display: 	Number of Async Source Workers:		  0
[2023.05.03-18.54.36:926][377]LogAudio: Display: AudioDevice MaxSources: 32
[2023.05.03-18.54.36:927][377]LogAudio: Display: Audio Spatialization Plugin: None (built-in).
[2023.05.03-18.54.36:927][377]LogAudio: Display: Audio Reverb Plugin: None (built-in).
[2023.05.03-18.54.36:927][377]LogAudio: Display: Audio Occlusion Plugin: None (built-in).
[2023.05.03-18.54.36:927][377]LogAudioMixer: Display: Initializing audio mixer.
[2023.05.03-18.54.36:930][377]LogAudioMixer: Display: 0: FrontLeft
[2023.05.03-18.54.36:930][377]LogAudioMixer: Display: 1: FrontRight
[2023.05.03-18.54.36:936][377]LogAudioMixer: Display: Using Audio Device Mi TV (HD Audio Driver for Display Audio)
[2023.05.03-18.54.36:936][377]LogAudioMixer: Display: Initializing Sound Submixes...
[2023.05.03-18.54.36:936][377]LogAudioMixer: Display: Creating Master Submix 'MasterSubmixDefault'
[2023.05.03-18.54.36:936][377]LogAudioMixer: Display: Creating Master Submix 'MasterReverbSubmixDefault'
[2023.05.03-18.54.36:936][377]LogAudioMixer: Display: Creating Master Submix 'MasterEQSubmixDefault'
[2023.05.03-18.54.36:936][377]LogAudioMixer: FMixerPlatformXAudio2::StartAudioStream() called
[2023.05.03-18.54.36:936][377]LogAudioMixer: Display: Output buffers initialized: Frames=1024, Channels=2, Samples=2048
[2023.05.03-18.54.36:937][377]LogAudioMixer: Display: Starting AudioMixerPlatformInterface::RunInternal()
[2023.05.03-18.54.36:937][377]LogAudioMixer: Display: FMixerPlatformXAudio2::SubmitBuffer() called for the first time
[2023.05.03-18.54.36:937][377]LogInit: FAudioDevice initialized.
[2023.05.03-18.54.36:937][377]LogAudio: Display: Audio Device (ID: 3) registered with world 'Minimal_Default'.
[2023.05.03-18.54.36:949][377]LogLoad: Game class is 'Zhian_Game_C'
[2023.05.03-18.54.36:954][377]LogWorld: Bringing World /Game/StarterContent/Maps/UEDPIE_0_Minimal_Default.Minimal_Default up for play (max tick rate 0) at 2023.05.03-22.24.36
[2023.05.03-18.54.36:954][377]LogWorld: Bringing up level for play took: 0.004448
[2023.05.03-18.54.36:954][377]LogOnline: OSS: Creating online subsystem instance for: :Context_8
[2023.05.03-18.54.36:957][377]LogGameMode: Display: Match State Changed from EnteringMap to WaitingToStart
[2023.05.03-18.54.36:957][377]LogGameState: Match State Changed from EnteringMap to WaitingToStart
[2023.05.03-18.54.36:957][377]LogGameMode: Display: Match State Changed from WaitingToStart to InProgress
[2023.05.03-18.54.36:958][377]LogGameState: Match State Changed from WaitingToStart to InProgress
[2023.05.03-18.54.36:958][377]PIE: Server logged in
[2023.05.03-18.54.36:959][377]PIE: Play in editor total start time 0.062 seconds.
[2023.05.03-18.55.59:278][638]LogSlate: Updating window title bar state: overlay mode, drag disabled, window buttons hidden, title bar hidden
[2023.05.03-18.55.59:278][638]LogWorld: BeginTearingDown for /Game/StarterContent/Maps/UEDPIE_0_Minimal_Default
[2023.05.03-18.55.59:278][638]LogWorld: UWorld::CleanupWorld for Minimal_Default, bSessionEnded=true, bCleanupResources=true
[2023.05.03-18.55.59:280][638]LogSlate: InvalidateAllWidgets triggered.  All widgets were invalidated
[2023.05.03-18.55.59:290][638]LogPlayLevel: Display: Shutting down PIE online subsystems
[2023.05.03-18.55.59:304][638]LogSlate: InvalidateAllWidgets triggered.  All widgets were invalidated
[2023.05.03-18.55.59:310][638]LogSlate: Updating window title bar state: overlay mode, drag disabled, window buttons hidden, title bar hidden
[2023.05.03-18.55.59:311][638]LogAudioMixer: FMixerPlatformXAudio2::StopAudioStream() called
[2023.05.03-18.55.59:312][638]LogAudioMixer: FMixerPlatformXAudio2::StopAudioStream() called
[2023.05.03-18.55.59:318][638]LogUObjectHash: Compacting FUObjectHashTables data took   0.78ms
[2023.05.03-18.55.59:367][639]LogPlayLevel: Display: Destroying online subsystem :Context_8
[2023.05.03-18.58.15:177][429]LogEditorViewport: Clicking on Actor (LMB): StaticMeshActor (Lamp_Leaf20)
[2023.05.03-18.58.19:049][720]Cmd: DELETE
[2023.05.03-18.58.19:049][720]Cmd: ACTOR DELETE
[2023.05.03-18.58.19:054][720]LogEditorActor: Deleted Actor: StaticMeshActor
[2023.05.03-18.58.19:061][720]LogUObjectHash: Compacting FUObjectHashTables data took   0.74ms
[2023.05.03-18.58.19:066][720]LogEditorActor: Deleted 1 Actors (0.018 secs)
[2023.05.03-18.58.20:237][812]LogEditorViewport: Clicking on Actor (LMB): StaticMeshActor (Base_Ground_Uni_f)
[2023.05.03-18.58.20:697][837]LogEditorViewport: Clicking on Actor (LMB): StaticMeshActor (Base_Ground_Uni_f)
[2023.05.03-18.58.21:112][866]LogEditorViewport: Clicking on Actor (LMB): StaticMeshActor (Lamp_Main20)
[2023.05.03-18.58.21:539][896]Cmd: DELETE
[2023.05.03-18.58.21:539][896]Cmd: ACTOR DELETE
[2023.05.03-18.58.21:544][896]LogEditorActor: Deleted Actor: StaticMeshActor
[2023.05.03-18.58.21:550][896]LogUObjectHash: Compacting FUObjectHashTables data took   0.43ms
[2023.05.03-18.58.21:552][896]LogEditorActor: Deleted 1 Actors (0.013 secs)
[2023.05.03-18.58.22:332][957]LogEditorViewport: Clicking on Actor (LMB): StaticMeshActor (Lamp_Lamp20)
[2023.05.03-18.58.22:478][965]Cmd: DELETE
[2023.05.03-18.58.22:478][965]Cmd: ACTOR DELETE
[2023.05.03-18.58.22:482][965]LogEditorActor: Deleted Actor: StaticMeshActor
[2023.05.03-18.58.22:488][965]LogUObjectHash: Compacting FUObjectHashTables data took   0.41ms
[2023.05.03-18.58.22:489][965]LogEditorActor: Deleted 1 Actors (0.012 secs)
[2023.05.03-18.58.23:348][ 32]LogEditorViewport: Clicking on Actor (LMB): StaticMeshActor (Lamp_Bast20)
[2023.05.03-18.58.23:673][ 55]Cmd: DELETE
[2023.05.03-18.58.23:674][ 55]Cmd: ACTOR DELETE
[2023.05.03-18.58.23:679][ 55]LogEditorActor: Deleted Actor: StaticMeshActor
[2023.05.03-18.58.23:685][ 55]LogUObjectHash: Compacting FUObjectHashTables data took   0.31ms
[2023.05.03-18.58.23:687][ 55]LogEditorActor: Deleted 1 Actors (0.012 secs)
[2023.05.03-18.58.24:595][126]LogEditorViewport: Clicking on Actor (LMB): StaticMeshActor (Base_Ground_Uni_f)
[2023.05.03-18.58.25:160][159]LogEditorViewport: Clicking on Actor (LMB): StaticMeshActor (Lamp_Main21)
[2023.05.03-18.58.25:976][219]Cmd: DELETE
[2023.05.03-18.58.25:976][219]Cmd: ACTOR DELETE
[2023.05.03-18.58.25:983][219]LogEditorActor: Deleted Actor: StaticMeshActor
[2023.05.03-18.58.25:989][219]LogUObjectHash: Compacting FUObjectHashTables data took   0.31ms
[2023.05.03-18.58.25:991][219]LogEditorActor: Deleted 1 Actors (0.014 secs)
[2023.05.03-18.58.27:224][316]LogEditorViewport: Clicking on Actor (LMB): StaticMeshActor (Lamp_Leaf21)
[2023.05.03-18.58.29:239][467]Cmd: DELETE
[2023.05.03-18.58.29:240][467]Cmd: ACTOR DELETE
[2023.05.03-18.58.29:244][467]LogEditorActor: Deleted Actor: StaticMeshActor
[2023.05.03-18.58.29:251][467]LogUObjectHash: Compacting FUObjectHashTables data took   0.30ms
[2023.05.03-18.58.29:252][467]LogEditorActor: Deleted 1 Actors (0.012 secs)
[2023.05.03-18.58.29:905][518]LogEditorViewport: Clicking on Actor (LMB): StaticMeshActor (Lamp_Bast21)
[2023.05.03-18.58.30:036][526]Cmd: DELETE
[2023.05.03-18.58.30:036][526]Cmd: ACTOR DELETE
[2023.05.03-18.58.30:041][526]LogEditorActor: Deleted Actor: StaticMeshActor
[2023.05.03-18.58.30:047][526]LogUObjectHash: Compacting FUObjectHashTables data took   0.41ms
[2023.05.03-18.58.30:048][526]LogEditorActor: Deleted 1 Actors (0.012 secs)
[2023.05.03-18.58.30:654][573]LogEditorViewport: Clicking on Actor (LMB): StaticMeshActor (Base_Ground_Uni_f)
[2023.05.03-18.58.31:045][593]LogEditorViewport: Clicking on Actor (LMB): StaticMeshActor (Lamp_Lamp21)
[2023.05.03-18.58.31:434][619]Cmd: DELETE
[2023.05.03-18.58.31:434][619]Cmd: ACTOR DELETE
[2023.05.03-18.58.31:439][619]LogEditorActor: Deleted Actor: StaticMeshActor
[2023.05.03-18.58.31:445][619]LogUObjectHash: Compacting FUObjectHashTables data took   0.32ms
[2023.05.03-18.58.31:446][619]LogEditorActor: Deleted 1 Actors (0.012 secs)
[2023.05.03-18.58.32:151][674]LogEditorViewport: Clicking on Actor (LMB): StaticMeshActor (Base_Ground_Uni_f)
[2023.05.03-18.58.32:554][695]LogEditorViewport: Clicking on Actor (LMB): StaticMeshActor (Base_Ground_Uni_f)
[2023.05.03-18.58.33:092][733]LogEditorViewport: Clicking on Actor (LMB): StaticMeshActor (Lamp_Main17)
[2023.05.03-18.58.33:505][762]Cmd: DELETE
[2023.05.03-18.58.33:505][762]Cmd: ACTOR DELETE
[2023.05.03-18.58.33:510][762]LogEditorActor: Deleted Actor: StaticMeshActor
[2023.05.03-18.58.33:517][762]LogUObjectHash: Compacting FUObjectHashTables data took   0.31ms
[2023.05.03-18.58.33:518][762]LogEditorActor: Deleted 1 Actors (0.013 secs)
[2023.05.03-18.58.34:123][809]LogEditorViewport: Clicking on Actor (LMB): StaticMeshActor (Base_Ground_Uni_f)
[2023.05.03-18.58.34:722][844]LogEditorViewport: Clicking on Actor (LMB): StaticMeshActor (Base_Ground_Uni_f)
[2023.05.03-18.58.35:220][879]LogEditorViewport: Clicking on Actor (LMB): StaticMeshActor (Lamp_Leaf17)
[2023.05.03-18.58.35:701][913]Cmd: DELETE
[2023.05.03-18.58.35:701][913]Cmd: ACTOR DELETE
[2023.05.03-18.58.35:706][913]LogEditorActor: Deleted Actor: StaticMeshActor
[2023.05.03-18.58.35:712][913]LogUObjectHash: Compacting FUObjectHashTables data took   0.30ms
[2023.05.03-18.58.35:713][913]LogEditorActor: Deleted 1 Actors (0.012 secs)
[2023.05.03-18.58.36:329][961]LogEditorViewport: Clicking on Actor (LMB): StaticMeshActor (Lamp_Lamp17)
[2023.05.03-18.58.36:575][977]Cmd: DELETE
[2023.05.03-18.58.36:575][977]Cmd: ACTOR DELETE
[2023.05.03-18.58.36:580][977]LogEditorActor: Deleted Actor: StaticMeshActor
[2023.05.03-18.58.36:587][977]LogUObjectHash: Compacting FUObjectHashTables data took   0.35ms
[2023.05.03-18.58.36:588][977]LogEditorActor: Deleted 1 Actors (0.012 secs)
[2023.05.03-18.58.39:708][222]LogEditorViewport: Clicking on Actor (LMB): StaticMeshActor (Lamp_Bast17)
[2023.05.03-18.58.40:206][258]Cmd: DELETE
[2023.05.03-18.58.40:206][258]Cmd: ACTOR DELETE
[2023.05.03-18.58.40:211][258]LogEditorActor: Deleted Actor: StaticMeshActor
[2023.05.03-18.58.40:218][258]LogUObjectHash: Compacting FUObjectHashTables data took   0.31ms
[2023.05.03-18.58.40:220][258]LogEditorActor: Deleted 1 Actors (0.013 secs)
[2023.05.03-18.58.40:962][317]LogEditorViewport: Clicking on Actor (LMB): StaticMeshActor (Base_Ground_Uni_f)
[2023.05.03-18.58.43:043][462]LogEditorViewport: Clicking on Actor (LMB): StaticMeshActor (Lamp_Bast16)
[2023.05.03-18.58.43:528][497]Cmd: DELETE
[2023.05.03-18.58.43:528][497]Cmd: ACTOR DELETE
[2023.05.03-18.58.43:532][497]LogEditorActor: Deleted Actor: StaticMeshActor
[2023.05.03-18.58.43:539][497]LogUObjectHash: Compacting FUObjectHashTables data took   0.42ms
[2023.05.03-18.58.43:541][497]LogEditorActor: Deleted 1 Actors (0.012 secs)
[2023.05.03-18.58.44:070][539]LogEditorViewport: Clicking on Actor (LMB): StaticMeshActor (Lamp_Main16)
[2023.05.03-18.58.44:415][563]Cmd: DELETE
[2023.05.03-18.58.44:415][563]Cmd: ACTOR DELETE
[2023.05.03-18.58.44:420][563]LogEditorActor: Deleted Actor: StaticMeshActor
[2023.05.03-18.58.44:426][563]LogUObjectHash: Compacting FUObjectHashTables data took   0.32ms
[2023.05.03-18.58.44:427][563]LogEditorActor: Deleted 1 Actors (0.012 secs)
[2023.05.03-18.58.44:931][603]LogEditorViewport: Clicking on Actor (LMB): StaticMeshActor (Lamp_Leaf16)
[2023.05.03-18.58.45:232][624]Cmd: DELETE
[2023.05.03-18.58.45:232][624]Cmd: ACTOR DELETE
[2023.05.03-18.58.45:237][624]LogEditorActor: Deleted Actor: StaticMeshActor
[2023.05.03-18.58.45:243][624]LogUObjectHash: Compacting FUObjectHashTables data took   0.35ms
[2023.05.03-18.58.45:244][624]LogEditorActor: Deleted 1 Actors (0.013 secs)
[2023.05.03-18.58.46:008][685]LogEditorViewport: Clicking on Actor (LMB): StaticMeshActor (Lamp_Lamp16)
[2023.05.03-18.58.46:270][702]Cmd: DELETE
[2023.05.03-18.58.46:270][702]Cmd: ACTOR DELETE
[2023.05.03-18.58.46:276][702]LogEditorActor: Deleted Actor: StaticMeshActor
[2023.05.03-18.58.46:283][702]LogUObjectHash: Compacting FUObjectHashTables data took   0.34ms
[2023.05.03-18.58.46:284][702]LogEditorActor: Deleted 1 Actors (0.013 secs)
[2023.05.03-18.58.47:163][772]LogEditorViewport: Clicking on Actor (LMB): StaticMeshActor (Base_Ground_Uni_f)
[2023.05.03-18.58.47:708][804]LogEditorViewport: Clicking on Actor (LMB): StaticMeshActor (Base_Ground_Uni_f)
[2023.05.03-18.58.48:195][839]LogEditorViewport: Clicking on Actor (LMB): StaticMeshActor (Lamp_Main15)
[2023.05.03-18.58.48:642][871]Cmd: DELETE
[2023.05.03-18.58.48:643][871]Cmd: ACTOR DELETE
[2023.05.03-18.58.48:647][871]LogEditorActor: Deleted Actor: StaticMeshActor
[2023.05.03-18.58.48:653][871]LogUObjectHash: Compacting FUObjectHashTables data took   0.32ms
[2023.05.03-18.58.48:654][871]LogEditorActor: Deleted 1 Actors (0.012 secs)
[2023.05.03-18.58.49:411][932]LogEditorViewport: Clicking on Actor (LMB): StaticMeshActor (Lamp_Bast15)
[2023.05.03-18.58.49:747][956]Cmd: DELETE
[2023.05.03-18.58.49:747][956]Cmd: ACTOR DELETE
[2023.05.03-18.58.49:751][956]LogEditorActor: Deleted Actor: StaticMeshActor
[2023.05.03-18.58.49:758][956]LogUObjectHash: Compacting FUObjectHashTables data took   0.33ms
[2023.05.03-18.58.49:759][956]LogEditorActor: Deleted 1 Actors (0.012 secs)
[2023.05.03-18.58.50:496][ 15]LogEditorViewport: Clicking on Actor (LMB): StaticMeshActor (Lamp_Leaf15)
[2023.05.03-18.58.50:832][ 39]Cmd: DELETE
[2023.05.03-18.58.50:832][ 39]Cmd: ACTOR DELETE
[2023.05.03-18.58.50:838][ 39]LogEditorActor: Deleted Actor: StaticMeshActor
[2023.05.03-18.58.50:844][ 39]LogUObjectHash: Compacting FUObjectHashTables data took   0.30ms
[2023.05.03-18.58.50:845][ 39]LogEditorActor: Deleted 1 Actors (0.012 secs)
[2023.05.03-18.58.51:656][104]LogEditorViewport: Clicking on Actor (LMB): StaticMeshActor (Lamp_Lamp15)
[2023.05.03-18.58.52:034][130]Cmd: DELETE
[2023.05.03-18.58.52:034][130]Cmd: ACTOR DELETE
[2023.05.03-18.58.52:039][130]LogEditorActor: Deleted Actor: StaticMeshActor
[2023.05.03-18.58.52:046][130]LogUObjectHash: Compacting FUObjectHashTables data took   0.34ms
[2023.05.03-18.58.52:047][130]LogEditorActor: Deleted 1 Actors (0.013 secs)
[2023.05.03-18.58.55:095][373]LogEditorViewport: Clicking on Actor (LMB): StaticMeshActor (Base_Ground_Uni_f)
[2023.05.03-18.58.55:586][401]LogEditorViewport: Clicking on Actor (LMB): StaticMeshActor (Lamp_Leaf14)
[2023.05.03-18.58.56:036][433]Cmd: DELETE
[2023.05.03-18.58.56:036][433]Cmd: ACTOR DELETE
[2023.05.03-18.58.56:043][433]LogEditorActor: Deleted Actor: StaticMeshActor
[2023.05.03-18.58.56:050][433]LogUObjectHash: Compacting FUObjectHashTables data took   0.78ms
[2023.05.03-18.58.56:051][433]LogEditorActor: Deleted 1 Actors (0.015 secs)
[2023.05.03-18.58.56:899][501]LogEditorViewport: Clicking on Actor (LMB): StaticMeshActor (Lamp_Main14)
[2023.05.03-18.58.57:236][525]Cmd: DELETE
[2023.05.03-18.58.57:236][525]Cmd: ACTOR DELETE
[2023.05.03-18.58.57:242][525]LogEditorActor: Deleted Actor: StaticMeshActor
[2023.05.03-18.58.57:248][525]LogUObjectHash: Compacting FUObjectHashTables data took   0.55ms
[2023.05.03-18.58.57:249][525]LogEditorActor: Deleted 1 Actors (0.013 secs)
[2023.05.03-18.58.58:066][590]LogEditorViewport: Clicking on Actor (LMB): StaticMeshActor (Lamp_Bast14)
[2023.05.03-18.58.58:487][620]Cmd: DELETE
[2023.05.03-18.58.58:487][620]Cmd: ACTOR DELETE
[2023.05.03-18.58.58:492][620]LogEditorActor: Deleted Actor: StaticMeshActor
[2023.05.03-18.58.58:499][620]LogUObjectHash: Compacting FUObjectHashTables data took   0.32ms
[2023.05.03-18.58.58:500][620]LogEditorActor: Deleted 1 Actors (0.013 secs)
[2023.05.03-18.58.59:261][681]LogEditorViewport: Clicking on Actor (LMB): StaticMeshActor (Lamp_Lamp14)
[2023.05.03-18.58.59:570][702]Cmd: DELETE
[2023.05.03-18.58.59:570][702]Cmd: ACTOR DELETE
[2023.05.03-18.58.59:575][702]LogEditorActor: Deleted Actor: StaticMeshActor
[2023.05.03-18.58.59:581][702]LogUObjectHash: Compacting FUObjectHashTables data took   0.45ms
[2023.05.03-18.58.59:582][702]LogEditorActor: Deleted 1 Actors (0.012 secs)
[2023.05.03-18.59.02:241][916]LogEditorViewport: Clicking on Actor (LMB): StaticMeshActor (Lamp_Main13)
[2023.05.03-18.59.02:523][936]Cmd: DELETE
[2023.05.03-18.59.02:523][936]Cmd: ACTOR DELETE
[2023.05.03-18.59.02:528][936]LogEditorActor: Deleted Actor: StaticMeshActor
[2023.05.03-18.59.02:534][936]LogUObjectHash: Compacting FUObjectHashTables data took   0.32ms
[2023.05.03-18.59.02:535][936]LogEditorActor: Deleted 1 Actors (0.012 secs)
[2023.05.03-18.59.03:147][985]LogEditorViewport: Clicking on Actor (LMB): StaticMeshActor (Lamp_Bast13)
[2023.05.03-18.59.03:568][ 15]Cmd: DELETE
[2023.05.03-18.59.03:568][ 15]Cmd: ACTOR DELETE
[2023.05.03-18.59.03:573][ 15]LogEditorActor: Deleted Actor: StaticMeshActor
[2023.05.03-18.59.03:581][ 15]LogUObjectHash: Compacting FUObjectHashTables data took   0.35ms
[2023.05.03-18.59.03:582][ 15]LogEditorActor: Deleted 1 Actors (0.013 secs)
[2023.05.03-18.59.04:402][ 80]LogEditorViewport: Clicking on Actor (LMB): StaticMeshActor (Base_Ground_Uni_f)
[2023.05.03-18.59.04:906][109]LogEditorViewport: Clicking on Actor (LMB): StaticMeshActor (Lamp_Leaf13)
[2023.05.03-18.59.05:411][146]Cmd: DELETE
[2023.05.03-18.59.05:411][146]Cmd: ACTOR DELETE
[2023.05.03-18.59.05:416][146]LogEditorActor: Deleted Actor: StaticMeshActor
[2023.05.03-18.59.05:422][146]LogUObjectHash: Compacting FUObjectHashTables data took   0.44ms
[2023.05.03-18.59.05:424][146]LogEditorActor: Deleted 1 Actors (0.012 secs)
[2023.05.03-18.59.05:931][187]LogEditorViewport: Clicking on Actor (LMB): StaticMeshActor (Lamp_Lamp13)
[2023.05.03-18.59.06:175][203]Cmd: DELETE
[2023.05.03-18.59.06:175][203]Cmd: ACTOR DELETE
[2023.05.03-18.59.06:179][203]LogEditorActor: Deleted Actor: StaticMeshActor
[2023.05.03-18.59.06:186][203]LogUObjectHash: Compacting FUObjectHashTables data took   0.42ms
[2023.05.03-18.59.06:187][203]LogEditorActor: Deleted 1 Actors (0.012 secs)
[2023.05.03-18.59.07:184][284]LogEditorViewport: Clicking on Actor (LMB): StaticMeshActor (Lamp_Main12)
[2023.05.03-18.59.07:513][308]Cmd: DELETE
[2023.05.03-18.59.07:513][308]Cmd: ACTOR DELETE
[2023.05.03-18.59.07:518][308]LogEditorActor: Deleted Actor: StaticMeshActor
[2023.05.03-18.59.07:525][308]LogUObjectHash: Compacting FUObjectHashTables data took   0.46ms
[2023.05.03-18.59.07:525][308]LogEditorActor: Deleted 1 Actors (0.012 secs)
[2023.05.03-18.59.10:671][563]LogEditorViewport: Clicking on Actor (LMB): StaticMeshActor (Base_Ground_Uni_f)
[2023.05.03-18.59.11:181][593]LogEditorViewport: Clicking on Actor (LMB): StaticMeshActor (Lamp_Main11)
[2023.05.03-18.59.11:601][623]Cmd: DELETE
[2023.05.03-18.59.11:601][623]Cmd: ACTOR DELETE
[2023.05.03-18.59.11:606][623]LogEditorActor: Deleted Actor: StaticMeshActor
[2023.05.03-18.59.11:612][623]LogUObjectHash: Compacting FUObjectHashTables data took   0.31ms
[2023.05.03-18.59.11:614][623]LogEditorActor: Deleted 1 Actors (0.012 secs)
[2023.05.03-18.59.12:350][683]LogEditorViewport: Clicking on Actor (LMB): StaticMeshActor (Base_Ground_Uni_f)
[2023.05.03-18.59.12:916][717]LogEditorViewport: Clicking on Actor (LMB): StaticMeshActor (Lamp_Leaf11)
[2023.05.03-18.59.13:299][745]Cmd: DELETE
[2023.05.03-18.59.13:299][745]Cmd: ACTOR DELETE
[2023.05.03-18.59.13:303][745]LogEditorActor: Deleted Actor: StaticMeshActor
[2023.05.03-18.59.13:309][745]LogUObjectHash: Compacting FUObjectHashTables data took   0.32ms
[2023.05.03-18.59.13:311][745]LogEditorActor: Deleted 1 Actors (0.012 secs)
[2023.05.03-18.59.13:804][785]LogEditorViewport: Clicking on Actor (LMB): StaticMeshActor (Base_Ground_Uni_f)
[2023.05.03-18.59.14:275][812]LogEditorViewport: Clicking on Actor (LMB): StaticMeshActor (Lamp_Bast11)
[2023.05.03-18.59.14:700][843]Cmd: DELETE
[2023.05.03-18.59.14:700][843]Cmd: ACTOR DELETE
[2023.05.03-18.59.14:705][843]LogEditorActor: Deleted Actor: StaticMeshActor
[2023.05.03-18.59.14:711][843]LogUObjectHash: Compacting FUObjectHashTables data took   0.30ms
[2023.05.03-18.59.14:713][843]LogEditorActor: Deleted 1 Actors (0.012 secs)
[2023.05.03-18.59.15:265][888]LogEditorViewport: Clicking on Actor (LMB): StaticMeshActor (Lamp_Lamp11)
[2023.05.03-18.59.15:601][911]Cmd: DELETE
[2023.05.03-18.59.15:601][911]Cmd: ACTOR DELETE
[2023.05.03-18.59.15:607][911]LogEditorActor: Deleted Actor: StaticMeshActor
[2023.05.03-18.59.15:613][911]LogUObjectHash: Compacting FUObjectHashTables data took   0.43ms
[2023.05.03-18.59.15:615][911]LogEditorActor: Deleted 1 Actors (0.014 secs)
[2023.05.03-18.59.18:586][150]LogEditorViewport: Clicking on Actor (LMB): StaticMeshActor (Base_Ground_Uni_f)
[2023.05.03-18.59.19:025][174]LogEditorViewport: Clicking on Actor (LMB): StaticMeshActor (Lamp_Bast10)
[2023.05.03-18.59.19:432][203]Cmd: DELETE
[2023.05.03-18.59.19:432][203]Cmd: ACTOR DELETE
[2023.05.03-18.59.19:437][203]LogEditorActor: Deleted Actor: StaticMeshActor
[2023.05.03-18.59.19:444][203]LogUObjectHash: Compacting FUObjectHashTables data took   0.33ms
[2023.05.03-18.59.19:445][203]LogEditorActor: Deleted 1 Actors (0.012 secs)
[2023.05.03-18.59.19:899][240]LogEditorViewport: Clicking on Actor (LMB): StaticMeshActor (Lamp_Main10)
[2023.05.03-18.59.20:210][262]Cmd: DELETE
[2023.05.03-18.59.20:210][262]Cmd: ACTOR DELETE
[2023.05.03-18.59.20:216][262]LogEditorActor: Deleted Actor: StaticMeshActor
[2023.05.03-18.59.20:223][262]LogUObjectHash: Compacting FUObjectHashTables data took   0.33ms
[2023.05.03-18.59.20:224][262]LogEditorActor: Deleted 1 Actors (0.014 secs)
[2023.05.03-18.59.20:647][296]LogEditorViewport: Clicking on Actor (LMB): StaticMeshActor (Base_Ground_Uni_f)
[2023.05.03-18.59.21:006][313]LogEditorViewport: Clicking on Component (LMB): StaticMeshComponent (StaticMeshComponent0)
[2023.05.03-18.59.21:475][346]LogEditorViewport: Clicking on Actor (LMB): StaticMeshActor (Lamp_Leaf10)
[2023.05.03-18.59.21:887][376]Cmd: DELETE
[2023.05.03-18.59.21:887][376]Cmd: ACTOR DELETE
[2023.05.03-18.59.21:893][376]LogEditorActor: Deleted Actor: StaticMeshActor
[2023.05.03-18.59.21:899][376]LogUObjectHash: Compacting FUObjectHashTables data took   0.33ms
[2023.05.03-18.59.21:900][376]LogEditorActor: Deleted 1 Actors (0.012 secs)
[2023.05.03-18.59.22:634][435]LogEditorViewport: Clicking on Actor (LMB): StaticMeshActor (Lamp_Lamp10)
[2023.05.03-18.59.22:834][448]Cmd: DELETE
[2023.05.03-18.59.22:834][448]Cmd: ACTOR DELETE
[2023.05.03-18.59.22:838][448]LogEditorActor: Deleted Actor: StaticMeshActor
[2023.05.03-18.59.22:845][448]LogUObjectHash: Compacting FUObjectHashTables data took   0.45ms
[2023.05.03-18.59.22:846][448]LogEditorActor: Deleted 1 Actors (0.012 secs)
[2023.05.03-18.59.24:497][581]LogEditorViewport: Clicking on Actor (LMB): StaticMeshActor (Lamp_Main9)
[2023.05.03-18.59.24:867][608]Cmd: DELETE
[2023.05.03-18.59.24:867][608]Cmd: ACTOR DELETE
[2023.05.03-18.59.24:871][608]LogEditorActor: Deleted Actor: StaticMeshActor
[2023.05.03-18.59.24:877][608]LogUObjectHash: Compacting FUObjectHashTables data took   0.32ms
[2023.05.03-18.59.24:878][608]LogEditorActor: Deleted 1 Actors (0.012 secs)
[2023.05.03-18.59.25:395][650]LogEditorViewport: Clicking on Actor (LMB): StaticMeshActor (Lamp_Bast9)
[2023.05.03-18.59.25:705][672]Cmd: DELETE
[2023.05.03-18.59.25:705][672]Cmd: ACTOR DELETE
[2023.05.03-18.59.25:710][672]LogEditorActor: Deleted Actor: StaticMeshActor
[2023.05.03-18.59.25:717][672]LogUObjectHash: Compacting FUObjectHashTables data took   0.35ms
[2023.05.03-18.59.25:717][672]LogEditorActor: Deleted 1 Actors (0.012 secs)
[2023.05.03-18.59.26:249][715]LogEditorViewport: Clicking on Actor (LMB): StaticMeshActor (Lamp_Leaf9)
[2023.05.03-18.59.26:610][741]Cmd: DELETE
[2023.05.03-18.59.26:610][741]Cmd: ACTOR DELETE
[2023.05.03-18.59.26:614][741]LogEditorActor: Deleted Actor: StaticMeshActor
[2023.05.03-18.59.26:620][741]LogUObjectHash: Compacting FUObjectHashTables data took   0.32ms
[2023.05.03-18.59.26:621][741]LogEditorActor: Deleted 1 Actors (0.012 secs)
[2023.05.03-18.59.27:361][801]LogEditorViewport: Clicking on Actor (LMB): StaticMeshActor (Lamp_Lamp9)
[2023.05.03-18.59.27:524][811]Cmd: DELETE
[2023.05.03-18.59.27:524][811]Cmd: ACTOR DELETE
[2023.05.03-18.59.27:530][811]LogEditorActor: Deleted Actor: StaticMeshActor
[2023.05.03-18.59.27:537][811]LogUObjectHash: Compacting FUObjectHashTables data took   0.40ms
[2023.05.03-18.59.27:537][811]LogEditorActor: Deleted 1 Actors (0.012 secs)
[2023.05.03-18.59.29:267][950]LogEditorViewport: Clicking on Actor (LMB): StaticMeshActor (Base_Ground_Uni_f)
[2023.05.03-18.59.30:078][  3]LogEditorViewport: Clicking on Actor (LMB): StaticMeshActor (Lamp_Main8)
[2023.05.03-18.59.30:536][ 37]Cmd: DELETE
[2023.05.03-18.59.30:536][ 37]Cmd: ACTOR DELETE
[2023.05.03-18.59.30:541][ 37]LogEditorActor: Deleted Actor: StaticMeshActor
[2023.05.03-18.59.30:548][ 37]LogUObjectHash: Compacting FUObjectHashTables data took   0.47ms
[2023.05.03-18.59.30:549][ 37]LogEditorActor: Deleted 1 Actors (0.012 secs)
[2023.05.03-18.59.31:265][ 96]LogEditorViewport: Clicking on Actor (LMB): StaticMeshActor (Lamp_Bast8)
[2023.05.03-18.59.31:603][121]Cmd: DELETE
[2023.05.03-18.59.31:604][121]Cmd: ACTOR DELETE
[2023.05.03-18.59.31:608][121]LogEditorActor: Deleted Actor: StaticMeshActor
[2023.05.03-18.59.31:614][121]LogUObjectHash: Compacting FUObjectHashTables data took   0.31ms
[2023.05.03-18.59.31:616][121]LogEditorActor: Deleted 1 Actors (0.012 secs)
[2023.05.03-18.59.32:077][159]LogEditorViewport: Clicking on Actor (LMB): StaticMeshActor (Lamp_Leaf8)
[2023.05.03-18.59.32:392][182]Cmd: DELETE
[2023.05.03-18.59.32:392][182]Cmd: ACTOR DELETE
[2023.05.03-18.59.32:397][182]LogEditorActor: Deleted Actor: StaticMeshActor
[2023.05.03-18.59.32:404][182]LogUObjectHash: Compacting FUObjectHashTables data took   0.34ms
[2023.05.03-18.59.32:405][182]LogEditorActor: Deleted 1 Actors (0.012 secs)
[2023.05.03-18.59.33:145][243]LogEditorViewport: Clicking on Actor (LMB): StaticMeshActor (Base_Ground_Uni_f)
[2023.05.03-18.59.33:427][256]Cmd: DELETE
[2023.05.03-18.59.33:427][256]Cmd: ACTOR DELETE
[2023.05.03-18.59.33:432][256]LogEditorActor: Deleted Actor: StaticMeshActor
[2023.05.03-18.59.33:439][256]LogUObjectHash: Compacting FUObjectHashTables data took   0.31ms
[2023.05.03-18.59.33:440][256]LogEditorActor: Deleted 1 Actors (0.012 secs)
[2023.05.03-18.59.34:912][383]Cmd: TRANSACTION UNDO
[2023.05.03-18.59.34:912][383]LogEditorTransaction: Undo Delete Actors
[2023.05.03-18.59.35:885][427]LogEditorViewport: Clicking on Actor (LMB): StaticMeshActor (Lamp_Lamp8)
[2023.05.03-18.59.37:713][573]Cmd: DELETE
[2023.05.03-18.59.37:713][573]Cmd: ACTOR DELETE
[2023.05.03-18.59.37:717][573]LogEditorActor: Deleted Actor: StaticMeshActor
[2023.05.03-18.59.37:725][573]LogUObjectHash: Compacting FUObjectHashTables data took   0.71ms
[2023.05.03-18.59.37:726][573]LogEditorActor: Deleted 1 Actors (0.013 secs)
[2023.05.03-18.59.39:888][752]LogEditorViewport: Clicking on Actor (LMB): StaticMeshActor (Lamp_Main7)
[2023.05.03-18.59.40:352][787]Cmd: DELETE
[2023.05.03-18.59.40:352][787]Cmd: ACTOR DELETE
[2023.05.03-18.59.40:356][787]LogEditorActor: Deleted Actor: StaticMeshActor
[2023.05.03-18.59.40:363][787]LogUObjectHash: Compacting FUObjectHashTables data took   0.30ms
[2023.05.03-18.59.40:364][787]LogEditorActor: Deleted 1 Actors (0.012 secs)
[2023.05.03-18.59.40:964][837]LogEditorViewport: Clicking on Actor (LMB): StaticMeshActor (Lamp_Leaf7)
[2023.05.03-18.59.41:255][858]Cmd: DELETE
[2023.05.03-18.59.41:255][858]Cmd: ACTOR DELETE
[2023.05.03-18.59.41:259][858]LogEditorActor: Deleted Actor: StaticMeshActor
[2023.05.03-18.59.41:266][858]LogUObjectHash: Compacting FUObjectHashTables data took   0.31ms
[2023.05.03-18.59.41:267][858]LogEditorActor: Deleted 1 Actors (0.012 secs)
[2023.05.03-18.59.42:106][928]LogEditorViewport: Clicking on Actor (LMB): StaticMeshActor (Lamp_Bast7)
[2023.05.03-18.59.42:480][956]Cmd: DELETE
[2023.05.03-18.59.42:480][956]Cmd: ACTOR DELETE
[2023.05.03-18.59.42:484][956]LogEditorActor: Deleted Actor: StaticMeshActor
[2023.05.03-18.59.42:491][956]LogUObjectHash: Compacting FUObjectHashTables data took   0.40ms
[2023.05.03-18.59.42:492][956]LogEditorActor: Deleted 1 Actors (0.012 secs)
[2023.05.03-18.59.43:081][  5]LogEditorViewport: Clicking on Actor (LMB): StaticMeshActor (Lamp_Lamp7)
[2023.05.03-18.59.43:311][ 21]Cmd: DELETE
[2023.05.03-18.59.43:311][ 21]Cmd: ACTOR DELETE
[2023.05.03-18.59.43:316][ 21]LogEditorActor: Deleted Actor: StaticMeshActor
[2023.05.03-18.59.43:322][ 21]LogUObjectHash: Compacting FUObjectHashTables data took   0.30ms
[2023.05.03-18.59.43:323][ 21]LogEditorActor: Deleted 1 Actors (0.012 secs)
[2023.05.03-18.59.48:352][437]LogEditorViewport: Clicking on Actor (LMB): StaticMeshActor (Lamp_Main6)
[2023.05.03-18.59.48:664][460]Cmd: DELETE
[2023.05.03-18.59.48:664][460]Cmd: ACTOR DELETE
[2023.05.03-18.59.48:669][460]LogEditorActor: Deleted Actor: StaticMeshActor
[2023.05.03-18.59.48:675][460]LogUObjectHash: Compacting FUObjectHashTables data took   0.30ms
[2023.05.03-18.59.48:676][460]LogEditorActor: Deleted 1 Actors (0.012 secs)
[2023.05.03-18.59.49:451][523]LogEditorViewport: Clicking on Actor (LMB): StaticMeshActor (Lamp_Leaf6)
[2023.05.03-18.59.49:687][540]Cmd: DELETE
[2023.05.03-18.59.49:687][540]Cmd: ACTOR DELETE
[2023.05.03-18.59.49:692][540]LogEditorActor: Deleted Actor: StaticMeshActor
[2023.05.03-18.59.49:698][540]LogUObjectHash: Compacting FUObjectHashTables data took   0.30ms
[2023.05.03-18.59.49:699][540]LogEditorActor: Deleted 1 Actors (0.012 secs)
[2023.05.03-18.59.50:245][586]LogEditorViewport: Clicking on Actor (LMB): StaticMeshActor (Lamp_Bast6)
[2023.05.03-18.59.50:642][616]Cmd: DELETE
[2023.05.03-18.59.50:642][616]Cmd: ACTOR DELETE
[2023.05.03-18.59.50:646][616]LogEditorActor: Deleted Actor: StaticMeshActor
[2023.05.03-18.59.50:654][616]LogUObjectHash: Compacting FUObjectHashTables data took   0.32ms
[2023.05.03-18.59.50:656][616]LogEditorActor: Deleted 1 Actors (0.013 secs)
[2023.05.03-18.59.51:236][663]LogEditorViewport: Clicking on Actor (LMB): StaticMeshActor (Lamp_Lamp6)
[2023.05.03-18.59.51:434][676]Cmd: DELETE
[2023.05.03-18.59.51:434][676]Cmd: ACTOR DELETE
[2023.05.03-18.59.51:439][676]LogEditorActor: Deleted Actor: StaticMeshActor
[2023.05.03-18.59.51:446][676]LogUObjectHash: Compacting FUObjectHashTables data took   0.37ms
[2023.05.03-18.59.51:447][676]LogEditorActor: Deleted 1 Actors (0.012 secs)
[2023.05.03-18.59.56:667][108]LogEditorViewport: Clicking on Actor (LMB): StaticMeshActor (Lamp_Main5)
[2023.05.03-18.59.56:937][128]Cmd: DELETE
[2023.05.03-18.59.56:937][128]Cmd: ACTOR DELETE
[2023.05.03-18.59.56:941][128]LogEditorActor: Deleted Actor: StaticMeshActor
[2023.05.03-18.59.56:948][128]LogUObjectHash: Compacting FUObjectHashTables data took   0.36ms
[2023.05.03-18.59.56:949][128]LogEditorActor: Deleted 1 Actors (0.012 secs)
[2023.05.03-18.59.57:548][178]LogEditorViewport: Clicking on Actor (LMB): StaticMeshActor (Lamp_Bast5)
[2023.05.03-18.59.57:840][199]Cmd: DELETE
[2023.05.03-18.59.57:840][199]Cmd: ACTOR DELETE
[2023.05.03-18.59.57:844][199]LogEditorActor: Deleted Actor: StaticMeshActor
[2023.05.03-18.59.57:851][199]LogUObjectHash: Compacting FUObjectHashTables data took   0.30ms
[2023.05.03-18.59.57:852][199]LogEditorActor: Deleted 1 Actors (0.011 secs)
[2023.05.03-18.59.58:392][244]LogEditorViewport: Clicking on Actor (LMB): StaticMeshActor (Lamp_Leaf5)
[2023.05.03-18.59.58:735][270]Cmd: DELETE
[2023.05.03-18.59.58:735][270]Cmd: ACTOR DELETE
[2023.05.03-18.59.58:739][270]LogEditorActor: Deleted Actor: StaticMeshActor
[2023.05.03-18.59.58:746][270]LogUObjectHash: Compacting FUObjectHashTables data took   0.31ms
[2023.05.03-18.59.58:747][270]LogEditorActor: Deleted 1 Actors (0.012 secs)
[2023.05.03-18.59.59:714][349]LogEditorViewport: Clicking on Actor (LMB): StaticMeshActor (Lamp_Lamp5)
[2023.05.03-19.00.01:237][469]Cmd: DELETE
[2023.05.03-19.00.01:237][469]Cmd: ACTOR DELETE
[2023.05.03-19.00.01:242][469]LogEditorActor: Deleted Actor: StaticMeshActor
[2023.05.03-19.00.01:248][469]LogUObjectHash: Compacting FUObjectHashTables data took   0.41ms
[2023.05.03-19.00.01:250][469]LogEditorActor: Deleted 1 Actors (0.012 secs)
[2023.05.03-19.00.02:767][594]LogEditorViewport: Clicking on Actor (LMB): StaticMeshActor (Base_Ground_Uni_f)
[2023.05.03-19.00.03:286][625]LogEditorViewport: Clicking on Actor (LMB): StaticMeshActor (Lamp_Main4)
[2023.05.03-19.00.03:704][656]Cmd: DELETE
[2023.05.03-19.00.03:704][656]Cmd: ACTOR DELETE
[2023.05.03-19.00.03:709][656]LogEditorActor: Deleted Actor: StaticMeshActor
[2023.05.03-19.00.03:716][656]LogUObjectHash: Compacting FUObjectHashTables data took   0.36ms
[2023.05.03-19.00.03:717][656]LogEditorActor: Deleted 1 Actors (0.012 secs)
[2023.05.03-19.00.04:801][746]LogEditorViewport: Clicking on Actor (LMB): StaticMeshActor (Base_Ground_Uni_f)
[2023.05.03-19.00.05:606][799]LogEditorViewport: Clicking on Actor (LMB): StaticMeshActor (Base_Ground_Uni_f)
[2023.05.03-19.00.06:183][843]LogEditorViewport: Clicking on Actor (LMB): StaticMeshActor (Lamp_Leaf4)
[2023.05.03-19.00.06:705][882]Cmd: DELETE
[2023.05.03-19.00.06:705][882]Cmd: ACTOR DELETE
[2023.05.03-19.00.06:709][882]LogEditorActor: Deleted Actor: StaticMeshActor
[2023.05.03-19.00.06:715][882]LogUObjectHash: Compacting FUObjectHashTables data took   0.36ms
[2023.05.03-19.00.06:716][882]LogEditorActor: Deleted 1 Actors (0.012 secs)
[2023.05.03-19.00.07:339][935]LogEditorViewport: Clicking on Actor (LMB): StaticMeshActor (Lamp_Bast4)
[2023.05.03-19.00.07:761][967]Cmd: DELETE
[2023.05.03-19.00.07:761][967]Cmd: ACTOR DELETE
[2023.05.03-19.00.07:765][967]LogEditorActor: Deleted Actor: StaticMeshActor
[2023.05.03-19.00.07:771][967]LogUObjectHash: Compacting FUObjectHashTables data took   0.35ms
[2023.05.03-19.00.07:772][967]LogEditorActor: Deleted 1 Actors (0.011 secs)
[2023.05.03-19.00.08:506][ 27]LogEditorViewport: Clicking on Actor (LMB): StaticMeshActor (Lamp_Lamp4)
[2023.05.03-19.00.08:709][ 41]Cmd: DELETE
[2023.05.03-19.00.08:709][ 41]Cmd: ACTOR DELETE
[2023.05.03-19.00.08:713][ 41]LogEditorActor: Deleted Actor: StaticMeshActor
[2023.05.03-19.00.08:720][ 41]LogUObjectHash: Compacting FUObjectHashTables data took   0.32ms
[2023.05.03-19.00.08:720][ 41]LogEditorActor: Deleted 1 Actors (0.012 secs)
[2023.05.03-19.00.10:656][199]LogEditorViewport: Clicking on Actor (LMB): StaticMeshActor (Lamp_Bast3)
[2023.05.03-19.00.10:887][216]Cmd: DELETE
[2023.05.03-19.00.10:887][216]Cmd: ACTOR DELETE
[2023.05.03-19.00.10:891][216]LogEditorActor: Deleted Actor: StaticMeshActor
[2023.05.03-19.00.10:898][216]LogUObjectHash: Compacting FUObjectHashTables data took   0.31ms
[2023.05.03-19.00.10:898][216]LogEditorActor: Deleted 1 Actors (0.011 secs)
[2023.05.03-19.00.11:419][259]LogEditorViewport: Clicking on Actor (LMB): StaticMeshActor (Lamp_Main3)
[2023.05.03-19.00.11:633][274]Cmd: DELETE
[2023.05.03-19.00.11:633][274]Cmd: ACTOR DELETE
[2023.05.03-19.00.11:636][274]LogEditorActor: Deleted Actor: StaticMeshActor
[2023.05.03-19.00.11:643][274]LogUObjectHash: Compacting FUObjectHashTables data took   0.33ms
[2023.05.03-19.00.11:644][274]LogEditorActor: Deleted 1 Actors (0.012 secs)
[2023.05.03-19.00.12:561][349]LogEditorViewport: Clicking on Actor (LMB): StaticMeshActor (Lamp_Leaf3)
[2023.05.03-19.00.12:965][379]Cmd: DELETE
[2023.05.03-19.00.12:965][379]Cmd: ACTOR DELETE
[2023.05.03-19.00.12:970][379]LogEditorActor: Deleted Actor: StaticMeshActor
[2023.05.03-19.00.12:976][379]LogUObjectHash: Compacting FUObjectHashTables data took   0.34ms
[2023.05.03-19.00.12:977][379]LogEditorActor: Deleted 1 Actors (0.012 secs)
[2023.05.03-19.00.13:599][430]LogEditorViewport: Clicking on Actor (LMB): StaticMeshActor (Lamp_Lamp3)
[2023.05.03-19.00.13:936][455]Cmd: DELETE
[2023.05.03-19.00.13:936][455]Cmd: ACTOR DELETE
[2023.05.03-19.00.13:940][455]LogEditorActor: Deleted Actor: StaticMeshActor
[2023.05.03-19.00.13:946][455]LogUObjectHash: Compacting FUObjectHashTables data took   0.35ms
[2023.05.03-19.00.13:947][455]LogEditorActor: Deleted 1 Actors (0.012 secs)
[2023.05.03-19.00.17:875][775]LogEditorViewport: Clicking on Actor (LMB): StaticMeshActor (Lamp_Leaf2)
[2023.05.03-19.00.18:256][804]Cmd: DELETE
[2023.05.03-19.00.18:256][804]Cmd: ACTOR DELETE
[2023.05.03-19.00.18:260][804]LogEditorActor: Deleted Actor: StaticMeshActor
[2023.05.03-19.00.18:267][804]LogUObjectHash: Compacting FUObjectHashTables data took   0.40ms
[2023.05.03-19.00.18:268][804]LogEditorActor: Deleted 1 Actors (0.012 secs)
[2023.05.03-19.00.18:830][850]LogEditorViewport: Clicking on Actor (LMB): StaticMeshActor (Lamp_Bast2)
[2023.05.03-19.00.19:004][862]Cmd: DELETE
[2023.05.03-19.00.19:004][862]Cmd: ACTOR DELETE
[2023.05.03-19.00.19:007][862]LogEditorActor: Deleted Actor: StaticMeshActor
[2023.05.03-19.00.19:014][862]LogUObjectHash: Compacting FUObjectHashTables data took   0.35ms
[2023.05.03-19.00.19:016][862]LogEditorActor: Deleted 1 Actors (0.011 secs)
[2023.05.03-19.00.19:527][904]LogEditorViewport: Clicking on Actor (LMB): StaticMeshActor (Lamp_Main2)
[2023.05.03-19.00.19:691][915]Cmd: DELETE
[2023.05.03-19.00.19:691][915]Cmd: ACTOR DELETE
[2023.05.03-19.00.19:696][915]LogEditorActor: Deleted Actor: StaticMeshActor
[2023.05.03-19.00.19:702][915]LogUObjectHash: Compacting FUObjectHashTables data took   0.33ms
[2023.05.03-19.00.19:703][915]LogEditorActor: Deleted 1 Actors (0.011 secs)
[2023.05.03-19.00.20:417][974]LogEditorViewport: Clicking on Actor (LMB): StaticMeshActor (Lamp_Lamp2)
[2023.05.03-19.00.20:574][984]Cmd: DELETE
[2023.05.03-19.00.20:574][984]Cmd: ACTOR DELETE
[2023.05.03-19.00.20:579][984]LogEditorActor: Deleted Actor: StaticMeshActor
[2023.05.03-19.00.20:585][984]LogUObjectHash: Compacting FUObjectHashTables data took   0.30ms
[2023.05.03-19.00.20:586][984]LogEditorActor: Deleted 1 Actors (0.011 secs)
[2023.05.03-19.00.22:664][153]LogEditorViewport: Clicking on Actor (LMB): StaticMeshActor (Base_Ground_Uni_f)
[2023.05.03-19.00.22:994][169]Cmd: DELETE
[2023.05.03-19.00.22:994][169]Cmd: ACTOR DELETE
[2023.05.03-19.00.22:999][169]LogEditorActor: Deleted Actor: StaticMeshActor
[2023.05.03-19.00.23:005][169]LogUObjectHash: Compacting FUObjectHashTables data took   0.34ms
[2023.05.03-19.00.23:005][169]LogEditorActor: Deleted 1 Actors (0.012 secs)
[2023.05.03-19.00.24:358][286]Cmd: TRANSACTION UNDO
[2023.05.03-19.00.24:358][286]LogEditorTransaction: Undo Delete Actors
[2023.05.03-19.00.25:207][322]LogEditorViewport: Clicking on Actor (LMB): StaticMeshActor (Base_Ground_Uni_f)
[2023.05.03-19.00.28:070][541]LogEditorViewport: Clicking on Actor (LMB): StaticMeshActor (Base_Ground_Uni_f)
[2023.05.03-19.00.28:607][580]LogEditorViewport: Clicking on Actor (LMB): StaticMeshActor (Lamp_Bast)
[2023.05.03-19.00.31:344][796]Cmd: DELETE
[2023.05.03-19.00.31:344][796]Cmd: ACTOR DELETE
[2023.05.03-19.00.31:349][796]LogEditorActor: Deleted Actor: StaticMeshActor
[2023.05.03-19.00.31:356][796]LogUObjectHash: Compacting FUObjectHashTables data took   0.65ms
[2023.05.03-19.00.31:358][796]LogEditorActor: Deleted 1 Actors (0.013 secs)
[2023.05.03-19.00.32:147][860]LogEditorViewport: Clicking on Actor (LMB): StaticMeshActor (Lamp_Main)
[2023.05.03-19.00.32:299][870]Cmd: DELETE
[2023.05.03-19.00.32:299][870]Cmd: ACTOR DELETE
[2023.05.03-19.00.32:304][870]LogEditorActor: Deleted Actor: StaticMeshActor
[2023.05.03-19.00.32:310][870]LogUObjectHash: Compacting FUObjectHashTables data took   0.41ms
[2023.05.03-19.00.32:311][870]LogEditorActor: Deleted 1 Actors (0.012 secs)
[2023.05.03-19.00.33:168][940]LogEditorViewport: Clicking on Actor (LMB): StaticMeshActor (Base_Ground_Uni_f)
[2023.05.03-19.00.33:714][973]LogEditorViewport: Clicking on Actor (LMB): StaticMeshActor (Lamp_Leaf)
[2023.05.03-19.00.34:126][  3]Cmd: DELETE
[2023.05.03-19.00.34:126][  3]Cmd: ACTOR DELETE
[2023.05.03-19.00.34:130][  3]LogEditorActor: Deleted Actor: StaticMeshActor
[2023.05.03-19.00.34:138][  3]LogUObjectHash: Compacting FUObjectHashTables data took   0.79ms
[2023.05.03-19.00.34:138][  3]LogEditorActor: Deleted 1 Actors (0.012 secs)
[2023.05.03-19.00.34:814][ 58]LogEditorViewport: Clicking on Actor (LMB): StaticMeshActor (Base_Ground_Uni_f)
[2023.05.03-19.00.35:455][ 99]LogEditorViewport: Clicking on Actor (LMB): StaticMeshActor (Lamp_Lamp)
[2023.05.03-19.00.35:887][129]Cmd: DELETE
[2023.05.03-19.00.35:887][129]Cmd: ACTOR DELETE
[2023.05.03-19.00.35:891][129]LogEditorActor: Deleted Actor: StaticMeshActor
[2023.05.03-19.00.35:897][129]LogUObjectHash: Compacting FUObjectHashTables data took   0.41ms
[2023.05.03-19.00.35:899][129]LogEditorActor: Deleted 1 Actors (0.012 secs)
[2023.05.03-19.00.40:747][502]LogEditorViewport: Clicking on Actor (LMB): StaticMeshActor (Lamp_Lamp12)
[2023.05.03-19.00.41:059][523]Cmd: DELETE
[2023.05.03-19.00.41:059][523]Cmd: ACTOR DELETE
[2023.05.03-19.00.41:063][523]LogEditorActor: Deleted Actor: StaticMeshActor
[2023.05.03-19.00.41:070][523]LogUObjectHash: Compacting FUObjectHashTables data took   0.45ms
[2023.05.03-19.00.41:071][523]LogEditorActor: Deleted 1 Actors (0.012 secs)
[2023.05.03-19.00.41:653][567]LogEditorViewport: Clicking on Actor (LMB): Landscape (Landscape)
[2023.05.03-19.00.42:291][610]LogEditorViewport: Clicking on Actor (LMB): Landscape (Landscape)
[2023.05.03-19.00.42:776][643]LogEditorViewport: Clicking on Actor (LMB): Landscape (Landscape)
[2023.05.03-19.00.43:160][669]LogEditorViewport: Clicking on Actor (LMB): StaticMeshActor (Lamp_Leaf12)
[2023.05.03-19.00.43:624][701]Cmd: DELETE
[2023.05.03-19.00.43:624][701]Cmd: ACTOR DELETE
[2023.05.03-19.00.43:629][701]LogEditorActor: Deleted Actor: StaticMeshActor
[2023.05.03-19.00.43:636][701]LogUObjectHash: Compacting FUObjectHashTables data took   0.36ms
[2023.05.03-19.00.43:637][701]LogEditorActor: Deleted 1 Actors (0.012 secs)
[2023.05.03-19.00.44:249][747]LogEditorViewport: Clicking on Actor (LMB): StaticMeshActor (Lamp_Bast12)
[2023.05.03-19.00.44:652][775]Cmd: DELETE
[2023.05.03-19.00.44:652][775]Cmd: ACTOR DELETE
[2023.05.03-19.00.44:656][775]LogEditorActor: Deleted Actor: StaticMeshActor
[2023.05.03-19.00.44:662][775]LogUObjectHash: Compacting FUObjectHashTables data took   0.32ms
[2023.05.03-19.00.44:663][775]LogEditorActor: Deleted 1 Actors (0.012 secs)
[2023.05.03-19.00.50:338][209]LogEditorViewport: Clicking on Actor (LMB): StaticMeshActor (Lamp_Leaf22)
[2023.05.03-19.00.50:527][221]Cmd: DELETE
[2023.05.03-19.00.50:527][221]Cmd: ACTOR DELETE
[2023.05.03-19.00.50:531][221]LogEditorActor: Deleted Actor: StaticMeshActor
[2023.05.03-19.00.50:538][221]LogUObjectHash: Compacting FUObjectHashTables data took   0.35ms
[2023.05.03-19.00.50:539][221]LogEditorActor: Deleted 1 Actors (0.011 secs)
[2023.05.03-19.00.51:008][256]LogEditorViewport: Clicking on Actor (LMB): StaticMeshActor (Lamp_Bast22)
[2023.05.03-19.00.51:224][270]Cmd: DELETE
[2023.05.03-19.00.51:224][270]Cmd: ACTOR DELETE
[2023.05.03-19.00.51:228][270]LogEditorActor: Deleted Actor: StaticMeshActor
[2023.05.03-19.00.51:236][270]LogUObjectHash: Compacting FUObjectHashTables data took   0.31ms
[2023.05.03-19.00.51:236][270]LogEditorActor: Deleted 1 Actors (0.012 secs)
[2023.05.03-19.00.51:650][301]LogEditorViewport: Clicking on Actor (LMB): StaticMeshActor (Lamp_Main22)
[2023.05.03-19.00.51:841][313]Cmd: DELETE
[2023.05.03-19.00.51:841][313]Cmd: ACTOR DELETE
[2023.05.03-19.00.51:846][313]LogEditorActor: Deleted Actor: StaticMeshActor
[2023.05.03-19.00.51:852][313]LogUObjectHash: Compacting FUObjectHashTables data took   0.45ms
[2023.05.03-19.00.51:853][313]LogEditorActor: Deleted 1 Actors (0.012 secs)
[2023.05.03-19.00.52:519][363]LogEditorViewport: Clicking on Actor (LMB): StaticMeshActor (Lamp_Lamp22)
[2023.05.03-19.00.52:854][385]Cmd: DELETE
[2023.05.03-19.00.52:854][385]Cmd: ACTOR DELETE
[2023.05.03-19.00.52:858][385]LogEditorActor: Deleted Actor: StaticMeshActor
[2023.05.03-19.00.52:864][385]LogUObjectHash: Compacting FUObjectHashTables data took   0.30ms
[2023.05.03-19.00.52:866][385]LogEditorActor: Deleted 1 Actors (0.011 secs)
[2023.05.03-19.01.20:367][560]LogEditorViewport: Clicking on Actor (LMB): Landscape (Landscape)
[2023.05.03-19.01.20:923][594]LogEditorViewport: Clicking on Actor (LMB): StaticMeshActor (LightBulb12)
[2023.05.03-19.01.22:463][693]Cmd: DELETE
[2023.05.03-19.01.22:463][693]Cmd: ACTOR DELETE
[2023.05.03-19.01.22:468][693]LogEditorActor: Deleted Actor: StaticMeshActor
[2023.05.03-19.01.22:475][693]LogUObjectHash: Compacting FUObjectHashTables data took   0.32ms
[2023.05.03-19.01.22:477][693]LogEditorActor: Deleted 1 Actors (0.013 secs)
[2023.05.03-19.01.23:319][750]LogEditorViewport: Clicking on Actor (LMB): StaticMeshActor (LightBulb9)
[2023.05.03-19.01.23:508][761]Cmd: DELETE
[2023.05.03-19.01.23:508][761]Cmd: ACTOR DELETE
[2023.05.03-19.01.23:513][761]LogEditorActor: Deleted Actor: StaticMeshActor
[2023.05.03-19.01.23:519][761]LogUObjectHash: Compacting FUObjectHashTables data took   0.30ms
[2023.05.03-19.01.23:520][761]LogEditorActor: Deleted 1 Actors (0.012 secs)
[2023.05.03-19.01.25:257][889]LogEditorViewport: Clicking on Actor (LMB): Landscape (Landscape)
[2023.05.03-19.01.25:686][917]LogEditorViewport: Clicking on Actor (LMB): StaticMeshActor (LightBulb10)
[2023.05.03-19.01.26:001][939]Cmd: DELETE
[2023.05.03-19.01.26:002][939]Cmd: ACTOR DELETE
[2023.05.03-19.01.26:006][939]LogEditorActor: Deleted Actor: StaticMeshActor
[2023.05.03-19.01.26:014][939]LogUObjectHash: Compacting FUObjectHashTables data took   0.47ms
[2023.05.03-19.01.26:015][939]LogEditorActor: Deleted 1 Actors (0.014 secs)
[2023.05.03-19.01.29:035][186]LogEditorViewport: Clicking on Actor (LMB): Landscape (Landscape)
[2023.05.03-19.01.29:636][231]LogEditorViewport: Clicking on Actor (LMB): Landscape (Landscape)
[2023.05.03-19.01.30:067][263]LogEditorViewport: Clicking on Actor (LMB): Landscape (Landscape)
[2023.05.03-19.01.30:495][295]LogEditorViewport: Clicking on Actor (LMB): StaticMeshActor (LightBulb11)
[2023.05.03-19.01.30:904][325]Cmd: DELETE
[2023.05.03-19.01.30:904][325]Cmd: ACTOR DELETE
[2023.05.03-19.01.30:909][325]LogEditorActor: Deleted Actor: StaticMeshActor
[2023.05.03-19.01.30:915][325]LogUObjectHash: Compacting FUObjectHashTables data took   0.36ms
[2023.05.03-19.01.30:917][325]LogEditorActor: Deleted 1 Actors (0.012 secs)
[2023.05.03-19.01.31:391][364]LogEditorViewport: Clicking on Actor (LMB): StaticMeshActor (Fountain2)
[2023.05.03-19.01.33:248][509]Cmd: DELETE
[2023.05.03-19.01.33:248][509]Cmd: ACTOR DELETE
[2023.05.03-19.01.33:252][509]LogEditorActor: Deleted Actor: StaticMeshActor
[2023.05.03-19.01.33:260][509]LogUObjectHash: Compacting FUObjectHashTables data took   0.47ms
[2023.05.03-19.01.33:262][509]LogEditorActor: Deleted 1 Actors (0.014 secs)
[2023.05.03-19.01.42:070][202]LogEditorViewport: Clicking on Actor (LMB): StaticMeshActor (Parking2)
[2023.05.03-19.01.45:342][438]LogEditorViewport: Clicking on Actor (LMB): StaticMeshActor (Parking2)
[2023.05.03-19.01.45:855][475]LogEditorViewport: Clicking on Actor (LMB): StaticMeshActor (LightBulb3)
[2023.05.03-19.01.48:270][651]LogEditorViewport: Clicking on Actor (LMB): StaticMeshActor (Parking2)
[2023.05.03-19.01.48:778][685]LogEditorViewport: Clicking on Actor (LMB): StaticMeshActor (LightBulb2)
[2023.05.03-19.01.49:285][720]Cmd: DELETE
[2023.05.03-19.01.49:286][720]Cmd: ACTOR DELETE
[2023.05.03-19.01.49:290][720]LogEditorActor: Deleted Actor: StaticMeshActor
[2023.05.03-19.01.49:297][720]LogUObjectHash: Compacting FUObjectHashTables data took   0.37ms
[2023.05.03-19.01.49:299][720]LogEditorActor: Deleted 1 Actors (0.013 secs)
[2023.05.03-19.01.50:107][781]LogEditorViewport: Clicking on Actor (LMB): StaticMeshActor (LightBulb3)
[2023.05.03-19.01.50:537][811]Cmd: DELETE
[2023.05.03-19.01.50:537][811]Cmd: ACTOR DELETE
[2023.05.03-19.01.50:541][811]LogEditorActor: Deleted Actor: StaticMeshActor
[2023.05.03-19.01.50:547][811]LogUObjectHash: Compacting FUObjectHashTables data took   0.30ms
[2023.05.03-19.01.50:548][811]LogEditorActor: Deleted 1 Actors (0.011 secs)
[2023.05.03-19.01.51:311][868]LogEditorViewport: Clicking on Actor (LMB): StaticMeshActor (LightBulb6)
[2023.05.03-19.01.51:528][882]Cmd: DELETE
[2023.05.03-19.01.51:528][882]Cmd: ACTOR DELETE
[2023.05.03-19.01.51:532][882]LogEditorActor: Deleted Actor: StaticMeshActor
[2023.05.03-19.01.51:539][882]LogUObjectHash: Compacting FUObjectHashTables data took   0.55ms
[2023.05.03-19.01.51:540][882]LogEditorActor: Deleted 1 Actors (0.012 secs)
[2023.05.03-19.01.52:289][938]LogEditorViewport: Clicking on Actor (LMB): StaticMeshActor (Engineering_Building_FBX2)
[2023.05.03-19.01.52:587][950]Cmd: DELETE
[2023.05.03-19.01.52:587][950]Cmd: ACTOR DELETE
[2023.05.03-19.01.52:590][950]LogEditorActor: Deleted Actor: StaticMeshActor
[2023.05.03-19.01.52:598][950]LogUObjectHash: Compacting FUObjectHashTables data took   0.36ms
[2023.05.03-19.01.52:599][950]LogEditorActor: Deleted 1 Actors (0.012 secs)
[2023.05.03-19.01.54:141][ 74]Cmd: TRANSACTION UNDO
[2023.05.03-19.01.54:141][ 74]LogEditorTransaction: Undo Delete Actors
[2023.05.03-19.01.56:041][181]LogEditorViewport: Clicking on Actor (LMB): StaticMeshActor (LightBulb5)
[2023.05.03-19.01.57:483][289]Cmd: DELETE
[2023.05.03-19.01.57:484][289]Cmd: ACTOR DELETE
[2023.05.03-19.01.57:488][289]LogEditorActor: Deleted Actor: StaticMeshActor
[2023.05.03-19.01.57:495][289]LogUObjectHash: Compacting FUObjectHashTables data took   0.32ms
[2023.05.03-19.01.57:496][289]LogEditorActor: Deleted 1 Actors (0.012 secs)
[2023.05.03-19.01.59:401][429]LogEditorViewport: Clicking on Actor (LMB): Landscape (Landscape)
[2023.05.03-19.01.59:873][460]LogEditorViewport: Clicking on Actor (LMB): Landscape (Landscape)
[2023.05.03-19.02.00:444][498]LogEditorViewport: Clicking on Actor (LMB): StaticMeshActor (LightBulb)
[2023.05.03-19.02.00:836][524]Cmd: DELETE
[2023.05.03-19.02.00:836][524]Cmd: ACTOR DELETE
[2023.05.03-19.02.00:840][524]LogEditorActor: Deleted Actor: StaticMeshActor
[2023.05.03-19.02.00:847][524]LogUObjectHash: Compacting FUObjectHashTables data took   0.47ms
[2023.05.03-19.02.00:849][524]LogEditorActor: Deleted 1 Actors (0.012 secs)
[2023.05.03-19.02.02:257][633]LogEditorViewport: Clicking on Actor (LMB): StaticMeshActor (Fountain1)
[2023.05.03-19.02.02:450][643]Cmd: DELETE
[2023.05.03-19.02.02:450][643]Cmd: ACTOR DELETE
[2023.05.03-19.02.02:454][643]LogEditorActor: Deleted Actor: StaticMeshActor
[2023.05.03-19.02.02:461][643]LogUObjectHash: Compacting FUObjectHashTables data took   0.43ms
[2023.05.03-19.02.02:462][643]LogEditorActor: Deleted 1 Actors (0.012 secs)
[2023.05.03-19.02.03:086][694]LogEditorViewport: Clicking on Actor (LMB): StaticMeshActor (LightBulb7)
[2023.05.03-19.02.03:299][708]Cmd: DELETE
[2023.05.03-19.02.03:299][708]Cmd: ACTOR DELETE
[2023.05.03-19.02.03:303][708]LogEditorActor: Deleted Actor: StaticMeshActor
[2023.05.03-19.02.03:310][708]LogUObjectHash: Compacting FUObjectHashTables data took   0.31ms
[2023.05.03-19.02.03:311][708]LogEditorActor: Deleted 1 Actors (0.011 secs)
[2023.05.03-19.02.04:198][779]LogEditorViewport: Clicking on Actor (LMB): StaticMeshActor (LightBulb8)
[2023.05.03-19.02.04:463][798]Cmd: DELETE
[2023.05.03-19.02.04:463][798]Cmd: ACTOR DELETE
[2023.05.03-19.02.04:467][798]LogEditorActor: Deleted Actor: StaticMeshActor
[2023.05.03-19.02.04:474][798]LogUObjectHash: Compacting FUObjectHashTables data took   0.30ms
[2023.05.03-19.02.04:474][798]LogEditorActor: Deleted 1 Actors (0.011 secs)
[2023.05.03-19.02.11:087][305]LogEditorViewport: Clicking on Actor (LMB): StaticMeshActor (Humanitis_Building_with_Door_FBX)
[2023.05.03-19.02.12:467][391]LogEditorViewport: Clicking on Actor (LMB): StaticMeshActor (Parking)
[2023.05.03-19.02.22:657][ 65]Cmd: TRANSACTION UNDO
[2023.05.03-19.02.22:657][ 65]LogEditorTransaction: Undo Move Actors
[2023.05.03-19.02.37:138][ 58]Cmd: TRANSACTION UNDO
[2023.05.03-19.02.37:138][ 58]LogEditorTransaction: Undo Move Actors
[2023.05.03-19.03.24:915][417]LogNavigationPoint: PostEditMove Clear paths rebuilt
[2023.05.03-19.03.31:307][592]LogNavigationPoint: PostEditMove Clear paths rebuilt
[2023.05.03-19.03.34:492][679]LogNavigationPoint: PostEditMove Clear paths rebuilt
[2023.05.03-19.03.37:903][773]LogNavigationPoint: PostEditMove Clear paths rebuilt
[2023.05.03-19.04.03:689][481]LogNavigationPoint: PostEditMove Clear paths rebuilt
[2023.05.03-19.04.05:257][524]LogEditorViewport: Clicking on Actor (LMB): StaticMeshActor (Engineering_Building_FBX2)
[2023.05.03-19.04.22:692][963]LogEditorViewport: Clicking on Actor (LMB): StaticMeshActor (Parking2)
[2023.05.03-19.04.40:712][499]LogEditorViewport: Clicking on Actor (LMB): StaticMeshActor (Engineering_Building_FBX2)
[2023.05.03-19.04.48:846][150]LogEditorViewport: Clicking on Actor (LMB): Landscape (Landscape)
[2023.05.03-19.04.49:772][217]LogEditorViewport: Clicking on Actor (LMB): Landscape (Landscape)
[2023.05.03-19.04.50:225][250]LogEditorViewport: Clicking on Actor (LMB): StaticMeshActor (Research_Building__team-edition_FBX)
[2023.05.03-19.05.14:786][186]LogEditorViewport: Clicking on Actor (LMB): Landscape (Landscape)
[2023.05.03-19.05.15:233][218]LogEditorViewport: Clicking on Actor (LMB): StaticMeshActor (Parking3)
[2023.05.03-19.05.31:410][524]LogTemp: Repeating last play command: Selected Viewport
[2023.05.03-19.05.31:416][524]LogPlayLevel: PlayLevel: No blueprints needed recompiling
[2023.05.03-19.05.31:417][524]PIE: New page: PIE session: Minimal_Default (May 4, 2023, 3:05:31 AM)
[2023.05.03-19.05.31:417][524]LogPlayLevel: Creating play world package: /Game/StarterContent/Maps/UEDPIE_0_Minimal_Default
[2023.05.03-19.05.31:436][524]LogPlayLevel: PIE: StaticDuplicateObject took: (0.020590s)
[2023.05.03-19.05.31:438][524]LogAIModule: Creating AISystem for world Minimal_Default
[2023.05.03-19.05.31:438][524]LogPlayLevel: PIE: World Init took: (0.001705s)
[2023.05.03-19.05.31:438][524]LogPlayLevel: PIE: Created PIE world by copying editor world from /Game/StarterContent/Maps/Minimal_Default.Minimal_Default to /Game/StarterContent/Maps/UEDPIE_0_Minimal_Default.Minimal_Default (0.022449s)
[2023.05.03-19.05.31:453][524]LogUObjectHash: Compacting FUObjectHashTables data took   0.73ms
[2023.05.03-19.05.31:458][524]LogAudio: Display: Creating Audio Device:                 Id: 4, Scope: Unique, Realtime: True
[2023.05.03-19.05.31:459][524]LogAudioMixer: Display: Audio Mixer Platform Settings:
[2023.05.03-19.05.31:459][524]LogAudioMixer: Display: 	Sample Rate:						  48000
[2023.05.03-19.05.31:459][524]LogAudioMixer: Display: 	Callback Buffer Frame Size Requested: 1024
[2023.05.03-19.05.31:459][524]LogAudioMixer: Display: 	Callback Buffer Frame Size To Use:	  1024
[2023.05.03-19.05.31:459][524]LogAudioMixer: Display: 	Number of buffers to queue:			  2
[2023.05.03-19.05.31:459][524]LogAudioMixer: Display: 	Max Channels (voices):				  32
[2023.05.03-19.05.31:459][524]LogAudioMixer: Display: 	Number of Async Source Workers:		  0
[2023.05.03-19.05.31:459][524]LogAudio: Display: AudioDevice MaxSources: 32
[2023.05.03-19.05.31:459][524]LogAudio: Display: Audio Spatialization Plugin: None (built-in).
[2023.05.03-19.05.31:459][524]LogAudio: Display: Audio Reverb Plugin: None (built-in).
[2023.05.03-19.05.31:459][524]LogAudio: Display: Audio Occlusion Plugin: None (built-in).
[2023.05.03-19.05.31:459][524]LogAudioMixer: Display: Initializing audio mixer.
[2023.05.03-19.05.31:463][524]LogAudioMixer: Display: 0: FrontLeft
[2023.05.03-19.05.31:463][524]LogAudioMixer: Display: 1: FrontRight
[2023.05.03-19.05.31:471][524]LogAudioMixer: Display: Using Audio Device Mi TV (HD Audio Driver for Display Audio)
[2023.05.03-19.05.31:471][524]LogAudioMixer: Display: Initializing Sound Submixes...
[2023.05.03-19.05.31:471][524]LogAudioMixer: Display: Creating Master Submix 'MasterSubmixDefault'
[2023.05.03-19.05.31:471][524]LogAudioMixer: Display: Creating Master Submix 'MasterReverbSubmixDefault'
[2023.05.03-19.05.31:471][524]LogAudioMixer: Display: Creating Master Submix 'MasterEQSubmixDefault'
[2023.05.03-19.05.31:471][524]LogAudioMixer: FMixerPlatformXAudio2::StartAudioStream() called
[2023.05.03-19.05.31:471][524]LogAudioMixer: Display: Output buffers initialized: Frames=1024, Channels=2, Samples=2048
[2023.05.03-19.05.31:473][524]LogAudioMixer: Display: Starting AudioMixerPlatformInterface::RunInternal()
[2023.05.03-19.05.31:473][524]LogAudioMixer: Display: FMixerPlatformXAudio2::SubmitBuffer() called for the first time
[2023.05.03-19.05.31:473][524]LogInit: FAudioDevice initialized.
[2023.05.03-19.05.31:473][524]LogAudio: Display: Audio Device (ID: 4) registered with world 'Minimal_Default'.
[2023.05.03-19.05.31:480][524]LogLoad: Game class is 'Zhian_Game_C'
[2023.05.03-19.05.31:485][524]LogWorld: Bringing World /Game/StarterContent/Maps/UEDPIE_0_Minimal_Default.Minimal_Default up for play (max tick rate 0) at 2023.05.03-22.35.31
[2023.05.03-19.05.31:485][524]LogWorld: Bringing up level for play took: 0.003857
[2023.05.03-19.05.31:486][524]LogOnline: OSS: Creating online subsystem instance for: :Context_9
[2023.05.03-19.05.31:488][524]LogGameMode: Display: Match State Changed from EnteringMap to WaitingToStart
[2023.05.03-19.05.31:488][524]LogGameState: Match State Changed from EnteringMap to WaitingToStart
[2023.05.03-19.05.31:488][524]LogGameMode: Display: Match State Changed from WaitingToStart to InProgress
[2023.05.03-19.05.31:489][524]LogGameState: Match State Changed from WaitingToStart to InProgress
[2023.05.03-19.05.31:489][524]PIE: Server logged in
[2023.05.03-19.05.31:490][524]PIE: Play in editor total start time 0.075 seconds.
[2023.05.03-19.07.51:527][789]LogSlate: Updating window title bar state: overlay mode, drag disabled, window buttons hidden, title bar hidden
[2023.05.03-19.07.51:527][789]LogWorld: BeginTearingDown for /Game/StarterContent/Maps/UEDPIE_0_Minimal_Default
[2023.05.03-19.07.51:527][789]LogWorld: UWorld::CleanupWorld for Minimal_Default, bSessionEnded=true, bCleanupResources=true
[2023.05.03-19.07.51:528][789]LogSlate: InvalidateAllWidgets triggered.  All widgets were invalidated
[2023.05.03-19.07.51:540][789]LogPlayLevel: Display: Shutting down PIE online subsystems
[2023.05.03-19.07.51:555][789]LogSlate: InvalidateAllWidgets triggered.  All widgets were invalidated
[2023.05.03-19.07.51:562][789]LogAudio: Display: Audio Device unregistered from world 'None'.
[2023.05.03-19.07.51:563][789]LogAudioMixer: FMixerPlatformXAudio2::StopAudioStream() called
[2023.05.03-19.07.51:564][789]LogAudioMixer: FMixerPlatformXAudio2::StopAudioStream() called
[2023.05.03-19.07.51:567][789]LogSlate: Updating window title bar state: overlay mode, drag disabled, window buttons hidden, title bar hidden
[2023.05.03-19.07.51:570][789]LogUObjectHash: Compacting FUObjectHashTables data took   0.86ms
[2023.05.03-19.07.51:612][790]LogPlayLevel: Display: Destroying online subsystem :Context_9
[2023.05.03-19.08.09:902][205]EditorErrors: New page: Actor attachment
[2023.05.03-19.08.10:753][262]LogEditorViewport: Clicking on Actor (LMB): Landscape (Landscape)
[2023.05.03-19.08.27:417][418]LogEditorViewport: Clicking on Actor (LMB): StaticMeshActor (Humanitis_Building_with_Door_FBX)
[2023.05.03-19.09.27:055][889]LogEditorViewport: Clicking on Actor (LMB): StaticMeshActor (Research_Building__team-edition_FBX)
[2023.05.03-19.09.39:159][816]LogEditorViewport: Clicking on Actor (LMB): StaticMeshActor (Engineering_Building_FBX2)
[2023.05.03-19.09.41:457][974]LogEditorViewport: Clicking on Actor (LMB): StaticMeshActor (Parking2)
[2023.05.03-19.10.03:096][633]LogEditorViewport: Clicking on Actor (LMB): StaticMeshActor (Parking)
[2023.05.03-19.10.04:133][712]LogEditorViewport: Clicking on Actor (LMB): Landscape (Landscape)
[2023.05.03-19.10.16:260][582]LogEditorViewport: Clicking on Actor (LMB): StaticMeshActor (Humanitis_Building_with_Door_FBX)
[2023.05.03-19.10.25:896][277]LogEditorViewport: Clicking on Actor (LMB): StaticMeshActor (Parking)
[2023.05.03-19.10.26:521][320]LogEditorViewport: Clicking on Actor (LMB): Landscape (Landscape)
[2023.05.03-19.10.49:852][950]LogEditorViewport: Clicking on Actor (LMB): StaticMeshActor (Parking3)
[2023.05.03-19.11.56:215][924]LogUObjectHash: Compacting FUObjectHashTables data took   1.03ms
[2023.05.03-19.11.56:238][924]LogTexture: Display: Building textures: Texture2D_0 (BGRA8, 512X512)
[2023.05.03-19.11.56:312][924]LogSavePackage: Moving '../../../../../../Asus/Documents/GitHub/TheTroubleMakers/Unreal Engine Project/SpeedLimit_UniAzad/Saved/Minimal_Default_Auto1EA13227B44B38422EA6F58B714E10DFF.tmp' to '../../../../../../Asus/Documents/GitHub/TheTroubleMakers/Unreal Engine Project/SpeedLimit_UniAzad/Saved/Autosaves/Game/StarterContent/Maps/Minimal_Default_Auto1.umap'
[2023.05.03-19.11.56:313][924]LogFileHelpers: Editor autosave (incl. external actors) for '/Game/StarterContent/Maps/Minimal_Default' took 0.106
[2023.05.03-19.11.56:313][924]LogFileHelpers: Editor autosave (incl. sublevels & external actors) for all levels took 0.106
[2023.05.03-19.43.50:434][225]LogEditorFactories: Performing atomic reimport of [E:/Asus/Documents/GitHub/TheTroubleMakers/Mr. Khorshidi Folder/Asset/Base Ground Uni/Base_Ground_Uni_f.fbx]
[2023.05.03-19.43.50:466][225]LogFbx: Loading FBX Scene from E:/Asus/Documents/GitHub/TheTroubleMakers/Mr. Khorshidi Folder/Asset/Base Ground Uni/Base_Ground_Uni_f.fbx
[2023.05.03-19.43.50:489][225]LogFbx: FBX Scene Loaded Succesfully
[2023.05.03-19.43.50:741][225]LogFbx: Display: Triangulating static mesh Plane.072
[2023.05.03-19.43.51:742][225]LogStaticMesh: Building static mesh Base_Ground_Uni_f...
[2023.05.03-19.43.52:951][225]LogStaticMesh: Built static mesh [1.21s] /Game/TheTroubleMakers/Alikhorshidi/Base_Ground_Uni_f.Base_Ground_Uni_f
[2023.05.03-19.43.53:087][225]LogStaticMesh: Warning: Base_Ground_Uni_f has degenerate tangent bases which will result in incorrect shading.  MikkTSpace relies on tangent bases and may result in mesh corruption, consider disabling this option.
[2023.05.03-19.43.53:087][225]LogStaticMesh: Warning: Base_Ground_Uni_f has some nearly zero bi-normals which can create some issues. (Tolerance of 1E-4)
[2023.05.03-19.43.53:258][225]LogEditorFactories: -- imported successfully
[2023.05.03-19.43.53:263][225]FBXImport: FBX Scene Loading: Found texture name clash, name clash can be wrongly reassign at reimport , texture 'GraphicsCrate-Road_Texture_02_prev_sm' was renamed 'GraphicsCrate-Road_Texture_02_prev_sm_ncl1_1' 
[2023.05.03-19.43.53:263][225]FBXImport: FBX Scene Loading: Found texture name clash, name clash can be wrongly reassign at reimport , texture '05_CONCRETE_MWAY_SIDE_jpg5ac5788d-c995-4c22-a783-850124594bb3Larger' was renamed '05_CONCRETE_MWAY_SIDE_jpg5ac5788d-c995-4c22-a783-850124594bb3Larger_ncl1_1' 
[2023.05.03-19.43.53:263][225]FBXImport: FBX Scene Loading: Found texture name clash, name clash can be wrongly reassign at reimport , texture 'forrest_ground_01_diff_2k' was renamed 'forrest_ground_01_diff_2k_ncl1_1' 
[2023.05.03-19.43.53:263][225]FBXImport: FBX Scene Loading: Found texture name clash, name clash can be wrongly reassign at reimport , texture 'Shoe_Stones_-_www_IranDWG_com__6_' was renamed 'Shoe_Stones_-_www_IranDWG_com__6__ncl1_1' 
[2023.05.03-19.43.53:263][225]FBXImport: FBX Scene Loading: Found texture name clash, name clash can be wrongly reassign at reimport , texture 'GraphicsCrate-Road_Texture_02_prev_sm' was renamed 'GraphicsCrate-Road_Texture_02_prev_sm_ncl1_2' 
[2023.05.03-19.43.53:263][225]FBXImport: FBX Scene Loading: Found texture name clash, name clash can be wrongly reassign at reimport , texture '05_CONCRETE_MWAY_SIDE_jpg5ac5788d-c995-4c22-a783-850124594bb3Larger' was renamed '05_CONCRETE_MWAY_SIDE_jpg5ac5788d-c995-4c22-a783-850124594bb3Larger_ncl1_2' 
[2023.05.03-19.43.53:263][225]FBXImport: FBX Scene Loading: Found texture name clash, name clash can be wrongly reassign at reimport , texture 'forrest_ground_01_diff_2k' was renamed 'forrest_ground_01_diff_2k_ncl1_2' 
[2023.05.03-19.43.53:263][225]FBXImport: FBX Scene Loading: Found texture name clash, name clash can be wrongly reassign at reimport , texture 'Shoe_Stones_-_www_IranDWG_com__6_' was renamed 'Shoe_Stones_-_www_IranDWG_com__6__ncl1_2' 
[2023.05.03-19.43.53:263][225]FBXImport: Warning: No smoothing group information was found in this FBX scene.  Please make sure to enable the 'Export Smoothing Groups' option in the FBX Exporter plug-in before exporting the file.  Even for tools that don't support smoothing groups, the FBX Exporter will generate appropriate smoothing data at export-time so that correct vertex normals can be inferred while importing. 
[2023.05.03-19.43.53:263][225]FBXImport: Warning: Base_Ground_Uni_f has degenerate tangent bases which will result in incorrect shading.  MikkTSpace relies on tangent bases and may result in mesh corruption, consider disabling this option. 
[2023.05.03-19.43.53:263][225]FBXImport: Warning: Base_Ground_Uni_f has some nearly zero bi-normals which can create some issues. (Tolerance of 1E-4) 
[2023.05.03-19.44.02:681][240]LogEditorViewport: Clicking on Actor (LMB): StaticMeshActor (Research_Building__team-edition_FBX)
[2023.05.03-19.44.03:433][311]LogEditorViewport: Clicking on Actor (LMB): StaticMeshActor (Parking3)
[2023.05.03-19.44.07:002][523]LogEditorViewport: Clicking on Actor (LMB): StaticMeshActor (Research_Building__team-edition_FBX)
[2023.05.03-19.44.23:428][494]LogAssetEditorSubsystem: Opening Asset editor for StaticMesh /Game/TheTroubleMakers/Alikhorshidi/Base_Ground_Uni_f.Base_Ground_Uni_f
[2023.05.03-19.44.37:198][ 89]LogSavePackage: Moving '../../../../../../Asus/Documents/GitHub/TheTroubleMakers/Unreal Engine Project/SpeedLimit_UniAzad/Saved/Base_Ground_Uni_f10CF88FE4F69A8277490FFB0BD1DDF50.tmp' to '../../../../../../Asus/Documents/GitHub/TheTroubleMakers/Unreal Engine Project/SpeedLimit_UniAzad/Content/TheTroubleMakers/Alikhorshidi/Base_Ground_Uni_f.uasset'
[2023.05.03-19.44.37:212][ 89]AssetCheck: New page: Asset Save: Base_Ground_Uni_f
[2023.05.03-19.44.37:212][ 89]LogContentValidation: Display: Validating StaticMesh /Game/TheTroubleMakers/Alikhorshidi/Base_Ground_Uni_f.Base_Ground_Uni_f
[2023.05.03-19.44.38:247][149]LogSlate: Window 'Base_Ground_Uni_f' being destroyed
[2023.05.03-19.44.38:256][149]LogSlate: Window 'Base_Ground_Uni_f' being destroyed
[2023.05.03-19.44.38:260][149]LogWorld: UWorld::CleanupWorld for World_6, bSessionEnded=true, bCleanupResources=true
[2023.05.03-19.44.38:260][149]LogSlate: InvalidateAllWidgets triggered.  All widgets were invalidated
[2023.05.03-19.44.47:786][708]LogTemp: Repeating last play command: Selected Viewport
[2023.05.03-19.44.47:791][708]LogPlayLevel: PlayLevel: No blueprints needed recompiling
[2023.05.03-19.44.47:791][708]PIE: New page: PIE session: Minimal_Default (May 4, 2023, 3:44:47 AM)
[2023.05.03-19.44.47:793][708]LogPlayLevel: Creating play world package: /Game/StarterContent/Maps/UEDPIE_0_Minimal_Default
[2023.05.03-19.44.47:808][708]LogPlayLevel: PIE: StaticDuplicateObject took: (0.016205s)
[2023.05.03-19.44.47:809][708]LogAIModule: Creating AISystem for world Minimal_Default
[2023.05.03-19.44.47:809][708]LogPlayLevel: PIE: World Init took: (0.000975s)
[2023.05.03-19.44.47:809][708]LogPlayLevel: PIE: Created PIE world by copying editor world from /Game/StarterContent/Maps/Minimal_Default.Minimal_Default to /Game/StarterContent/Maps/UEDPIE_0_Minimal_Default.Minimal_Default (0.017345s)
[2023.05.03-19.44.47:838][708]LogUObjectHash: Compacting FUObjectHashTables data took   0.76ms
[2023.05.03-19.44.47:843][708]LogAudio: Display: Creating Audio Device:                 Id: 5, Scope: Unique, Realtime: True
[2023.05.03-19.44.47:843][708]LogAudioMixer: Display: Audio Mixer Platform Settings:
[2023.05.03-19.44.47:843][708]LogAudioMixer: Display: 	Sample Rate:						  48000
[2023.05.03-19.44.47:843][708]LogAudioMixer: Display: 	Callback Buffer Frame Size Requested: 1024
[2023.05.03-19.44.47:843][708]LogAudioMixer: Display: 	Callback Buffer Frame Size To Use:	  1024
[2023.05.03-19.44.47:843][708]LogAudioMixer: Display: 	Number of buffers to queue:			  2
[2023.05.03-19.44.47:843][708]LogAudioMixer: Display: 	Max Channels (voices):				  32
[2023.05.03-19.44.47:843][708]LogAudioMixer: Display: 	Number of Async Source Workers:		  0
[2023.05.03-19.44.47:843][708]LogAudio: Display: AudioDevice MaxSources: 32
[2023.05.03-19.44.47:843][708]LogAudio: Display: Audio Spatialization Plugin: None (built-in).
[2023.05.03-19.44.47:843][708]LogAudio: Display: Audio Reverb Plugin: None (built-in).
[2023.05.03-19.44.47:843][708]LogAudio: Display: Audio Occlusion Plugin: None (built-in).
[2023.05.03-19.44.47:843][708]LogAudioMixer: Display: Initializing audio mixer.
[2023.05.03-19.44.47:847][708]LogAudioMixer: Display: 0: FrontLeft
[2023.05.03-19.44.47:847][708]LogAudioMixer: Display: 1: FrontRight
[2023.05.03-19.44.47:854][708]LogAudioMixer: Display: Using Audio Device Mi TV (HD Audio Driver for Display Audio)
[2023.05.03-19.44.47:854][708]LogAudioMixer: Display: Initializing Sound Submixes...
[2023.05.03-19.44.47:855][708]LogAudioMixer: Display: Creating Master Submix 'MasterSubmixDefault'
[2023.05.03-19.44.47:855][708]LogAudioMixer: Display: Creating Master Submix 'MasterReverbSubmixDefault'
[2023.05.03-19.44.47:855][708]LogAudioMixer: Display: Creating Master Submix 'MasterEQSubmixDefault'
[2023.05.03-19.44.47:855][708]LogAudioMixer: FMixerPlatformXAudio2::StartAudioStream() called
[2023.05.03-19.44.47:855][708]LogAudioMixer: Display: Output buffers initialized: Frames=1024, Channels=2, Samples=2048
[2023.05.03-19.44.47:856][708]LogAudioMixer: Display: Starting AudioMixerPlatformInterface::RunInternal()
[2023.05.03-19.44.47:856][708]LogAudioMixer: Display: FMixerPlatformXAudio2::SubmitBuffer() called for the first time
[2023.05.03-19.44.47:856][708]LogInit: FAudioDevice initialized.
[2023.05.03-19.44.47:856][708]LogAudio: Display: Audio Device (ID: 5) registered with world 'Minimal_Default'.
[2023.05.03-19.44.47:867][708]LogLoad: Game class is 'Zhian_Game_C'
[2023.05.03-19.44.47:871][708]LogWorld: Bringing World /Game/StarterContent/Maps/UEDPIE_0_Minimal_Default.Minimal_Default up for play (max tick rate 60) at 2023.05.03-23.14.47
[2023.05.03-19.44.47:872][708]LogWorld: Bringing up level for play took: 0.003937
[2023.05.03-19.44.47:872][708]LogOnline: OSS: Creating online subsystem instance for: :Context_11
[2023.05.03-19.44.47:874][708]LogGameMode: Display: Match State Changed from EnteringMap to WaitingToStart
[2023.05.03-19.44.47:874][708]LogGameState: Match State Changed from EnteringMap to WaitingToStart
[2023.05.03-19.44.47:874][708]LogGameMode: Display: Match State Changed from WaitingToStart to InProgress
[2023.05.03-19.44.47:875][708]LogGameState: Match State Changed from WaitingToStart to InProgress
[2023.05.03-19.44.47:875][708]PIE: Server logged in
[2023.05.03-19.44.47:876][708]PIE: Play in editor total start time 0.084 seconds.
[2023.05.03-19.45.38:558][744]LogSlate: Updating window title bar state: overlay mode, drag disabled, window buttons hidden, title bar hidden
[2023.05.03-19.45.38:558][744]LogWorld: BeginTearingDown for /Game/StarterContent/Maps/UEDPIE_0_Minimal_Default
[2023.05.03-19.45.38:559][744]LogWorld: UWorld::CleanupWorld for Minimal_Default, bSessionEnded=true, bCleanupResources=true
[2023.05.03-19.45.38:560][744]LogSlate: InvalidateAllWidgets triggered.  All widgets were invalidated
[2023.05.03-19.45.38:571][744]LogPlayLevel: Display: Shutting down PIE online subsystems
[2023.05.03-19.45.38:585][744]LogSlate: InvalidateAllWidgets triggered.  All widgets were invalidated
[2023.05.03-19.45.38:592][744]LogAudio: Display: Audio Device unregistered from world 'None'.
[2023.05.03-19.45.38:592][744]LogAudioMixer: FMixerPlatformXAudio2::StopAudioStream() called
[2023.05.03-19.45.38:593][744]LogAudioMixer: FMixerPlatformXAudio2::StopAudioStream() called
[2023.05.03-19.45.38:596][744]LogSlate: Updating window title bar state: overlay mode, drag disabled, window buttons hidden, title bar hidden
[2023.05.03-19.45.38:598][744]LogUObjectHash: Compacting FUObjectHashTables data took   0.54ms
[2023.05.03-19.45.38:646][745]LogPlayLevel: Display: Destroying online subsystem :Context_11
[2023.05.03-19.46.07:816][456]LogUObjectHash: Compacting FUObjectHashTables data took   0.54ms
[2023.05.03-19.46.08:870][456]LogSlate: Window 'Save Content' being destroyed
[2023.05.03-19.46.08:922][456]LogSavePackage: Moving '../../../../../../Asus/Documents/GitHub/TheTroubleMakers/Unreal Engine Project/SpeedLimit_UniAzad/Saved/05_CONCRETE_MWAY_SIDE_jpg5ac57886626DCCC446D2BD0642F0497330D3868.tmp' to '../../../../../../Asus/Documents/GitHub/TheTroubleMakers/Unreal Engine Project/SpeedLimit_UniAzad/Content/TheTroubleMakers/Alikhorshidi/05_CONCRETE_MWAY_SIDE_jpg5ac5788d-c995-4c22-a783-850124594bb3Larger.uasset'
[2023.05.03-19.46.08:935][456]LogSavePackage: Moving '../../../../../../Asus/Documents/GitHub/TheTroubleMakers/Unreal Engine Project/SpeedLimit_UniAzad/Saved/05_CONCRETE_MWAY_SIDE_jpg5ac57887D637572479C10D4C00D839807B3A096.tmp' to '../../../../../../Asus/Documents/GitHub/TheTroubleMakers/Unreal Engine Project/SpeedLimit_UniAzad/Content/TheTroubleMakers/Alikhorshidi/05_CONCRETE_MWAY_SIDE_jpg5ac5788d-c995-4c22-a783-850124594bb3Larger_ncl1_1.uasset'
[2023.05.03-19.46.08:947][456]LogSavePackage: Moving '../../../../../../Asus/Documents/GitHub/TheTroubleMakers/Unreal Engine Project/SpeedLimit_UniAzad/Saved/05_CONCRETE_MWAY_SIDE_jpg5ac57888F55976B45B315745FFA778756A5460A.tmp' to '../../../../../../Asus/Documents/GitHub/TheTroubleMakers/Unreal Engine Project/SpeedLimit_UniAzad/Content/TheTroubleMakers/Alikhorshidi/05_CONCRETE_MWAY_SIDE_jpg5ac5788d-c995-4c22-a783-850124594bb3Larger_ncl1_2.uasset'
[2023.05.03-19.46.09:319][456]LogSavePackage: Moving '../../../../../../Asus/Documents/GitHub/TheTroubleMakers/Unreal Engine Project/SpeedLimit_UniAzad/Saved/forrest_ground_01_diff_2k4E3152034EC40E7978CA71A2C782008D.tmp' to '../../../../../../Asus/Documents/GitHub/TheTroubleMakers/Unreal Engine Project/SpeedLimit_UniAzad/Content/TheTroubleMakers/Alikhorshidi/forrest_ground_01_diff_2k.uasset'
[2023.05.03-19.46.09:682][456]LogSavePackage: Moving '../../../../../../Asus/Documents/GitHub/TheTroubleMakers/Unreal Engine Project/SpeedLimit_UniAzad/Saved/forrest_ground_01_diff_2k_ncl1_1BF9B65584BEF707A27178FBA95DECC53.tmp' to '../../../../../../Asus/Documents/GitHub/TheTroubleMakers/Unreal Engine Project/SpeedLimit_UniAzad/Content/TheTroubleMakers/Alikhorshidi/forrest_ground_01_diff_2k_ncl1_1.uasset'
[2023.05.03-19.46.09:696][456]LogSavePackage: Moving '../../../../../../Asus/Documents/GitHub/TheTroubleMakers/Unreal Engine Project/SpeedLimit_UniAzad/Saved/GraphicsCrate-Road_Texture_02_prB0FC30B74569EE3CC6ED70970FA5D092.tmp' to '../../../../../../Asus/Documents/GitHub/TheTroubleMakers/Unreal Engine Project/SpeedLimit_UniAzad/Content/TheTroubleMakers/Alikhorshidi/GraphicsCrate-Road_Texture_02_prev_sm.uasset'
[2023.05.03-19.46.09:710][456]LogSavePackage: Moving '../../../../../../Asus/Documents/GitHub/TheTroubleMakers/Unreal Engine Project/SpeedLimit_UniAzad/Saved/GraphicsCrate-Road_Texture_02_pr6A43FAA543F7ED7DDE0CF8AC6C434408.tmp' to '../../../../../../Asus/Documents/GitHub/TheTroubleMakers/Unreal Engine Project/SpeedLimit_UniAzad/Content/TheTroubleMakers/Alikhorshidi/GraphicsCrate-Road_Texture_02_prev_sm_ncl1_1.uasset'
[2023.05.03-19.46.09:722][456]LogSavePackage: Moving '../../../../../../Asus/Documents/GitHub/TheTroubleMakers/Unreal Engine Project/SpeedLimit_UniAzad/Saved/GraphicsCrate-Road_Texture_02_pr67FEE5124A03184B596AEE8D786EA4F8.tmp' to '../../../../../../Asus/Documents/GitHub/TheTroubleMakers/Unreal Engine Project/SpeedLimit_UniAzad/Content/TheTroubleMakers/Alikhorshidi/GraphicsCrate-Road_Texture_02_prev_sm_ncl1_2.uasset'
[2023.05.03-19.46.09:742][456]LogSavePackage: Moving '../../../../../../Asus/Documents/GitHub/TheTroubleMakers/Unreal Engine Project/SpeedLimit_UniAzad/Saved/Ground0483FEF04EB7A6D1F49FB9A9F6FDF513.tmp' to '../../../../../../Asus/Documents/GitHub/TheTroubleMakers/Unreal Engine Project/SpeedLimit_UniAzad/Content/TheTroubleMakers/Alikhorshidi/Ground.uasset'
[2023.05.03-19.46.09:759][456]LogSavePackage: Moving '../../../../../../Asus/Documents/GitHub/TheTroubleMakers/Unreal Engine Project/SpeedLimit_UniAzad/Saved/Ground_0011E74A3564DED3CE775947FAF0A456B24.tmp' to '../../../../../../Asus/Documents/GitHub/TheTroubleMakers/Unreal Engine Project/SpeedLimit_UniAzad/Content/TheTroubleMakers/Alikhorshidi/Ground_001.uasset'
[2023.05.03-19.46.09:776][456]LogSavePackage: Moving '../../../../../../Asus/Documents/GitHub/TheTroubleMakers/Unreal Engine Project/SpeedLimit_UniAzad/Saved/JadvalAC797B684827256ACF334D968D24A236.tmp' to '../../../../../../Asus/Documents/GitHub/TheTroubleMakers/Unreal Engine Project/SpeedLimit_UniAzad/Content/TheTroubleMakers/Alikhorshidi/Jadval.uasset'
[2023.05.03-19.46.09:794][456]LogSavePackage: Moving '../../../../../../Asus/Documents/GitHub/TheTroubleMakers/Unreal Engine Project/SpeedLimit_UniAzad/Saved/Jadval_0017192A9834EEA624F30AC868E9993959F.tmp' to '../../../../../../Asus/Documents/GitHub/TheTroubleMakers/Unreal Engine Project/SpeedLimit_UniAzad/Content/TheTroubleMakers/Alikhorshidi/Jadval_001.uasset'
[2023.05.03-19.46.09:815][456]LogSavePackage: Moving '../../../../../../Asus/Documents/GitHub/TheTroubleMakers/Unreal Engine Project/SpeedLimit_UniAzad/Saved/Jadval_002166CAA4E4F441824DE0C8BBB48AC82F4.tmp' to '../../../../../../Asus/Documents/GitHub/TheTroubleMakers/Unreal Engine Project/SpeedLimit_UniAzad/Content/TheTroubleMakers/Alikhorshidi/Jadval_002.uasset'
[2023.05.03-19.46.09:833][456]LogSavePackage: Moving '../../../../../../Asus/Documents/GitHub/TheTroubleMakers/Unreal Engine Project/SpeedLimit_UniAzad/Saved/Main823DB6AE421614B602C9B8A1AAE14C87.tmp' to '../../../../../../Asus/Documents/GitHub/TheTroubleMakers/Unreal Engine Project/SpeedLimit_UniAzad/Content/TheTroubleMakers/Alikhorshidi/Main.uasset'
[2023.05.03-19.46.09:851][456]LogSavePackage: Moving '../../../../../../Asus/Documents/GitHub/TheTroubleMakers/Unreal Engine Project/SpeedLimit_UniAzad/Saved/Main_001592644814D75103368604D88A9305610.tmp' to '../../../../../../Asus/Documents/GitHub/TheTroubleMakers/Unreal Engine Project/SpeedLimit_UniAzad/Content/TheTroubleMakers/Alikhorshidi/Main_001.uasset'
[2023.05.03-19.46.09:869][456]LogSavePackage: Moving '../../../../../../Asus/Documents/GitHub/TheTroubleMakers/Unreal Engine Project/SpeedLimit_UniAzad/Saved/Main_002E6A7961E4933D7D9C04C6AAC4DED8400.tmp' to '../../../../../../Asus/Documents/GitHub/TheTroubleMakers/Unreal Engine Project/SpeedLimit_UniAzad/Content/TheTroubleMakers/Alikhorshidi/Main_002.uasset'
[2023.05.03-19.46.09:876][456]LogUObjectHash: Compacting FUObjectHashTables data took   0.87ms
[2023.05.03-19.46.09:932][456]LogSavePackage: Moving '../../../../../../Asus/Documents/GitHub/TheTroubleMakers/Unreal Engine Project/SpeedLimit_UniAzad/Saved/Minimal_Default13BEA9684763DBAC275B04A794C22F8C.tmp' to '../../../../../../Asus/Documents/GitHub/TheTroubleMakers/Unreal Engine Project/SpeedLimit_UniAzad/Content/StarterContent/Maps/Minimal_Default.umap'
[2023.05.03-19.46.09:966][456]LogFileHelpers: Saving map 'Minimal_Default' took 0.097
[2023.05.03-19.46.09:989][456]LogSavePackage: Moving '../../../../../../Asus/Documents/GitHub/TheTroubleMakers/Unreal Engine Project/SpeedLimit_UniAzad/Saved/mozaeik84F4678E4D79A3833D501EBE68C9911A.tmp' to '../../../../../../Asus/Documents/GitHub/TheTroubleMakers/Unreal Engine Project/SpeedLimit_UniAzad/Content/TheTroubleMakers/Alikhorshidi/mozaeik.uasset'
[2023.05.03-19.46.10:011][456]LogSavePackage: Moving '../../../../../../Asus/Documents/GitHub/TheTroubleMakers/Unreal Engine Project/SpeedLimit_UniAzad/Saved/mozaeik_0018ED1E09C4B4FC9B1B0741D9582FC7B65.tmp' to '../../../../../../Asus/Documents/GitHub/TheTroubleMakers/Unreal Engine Project/SpeedLimit_UniAzad/Content/TheTroubleMakers/Alikhorshidi/mozaeik_001.uasset'
[2023.05.03-19.46.10:030][456]LogSavePackage: Moving '../../../../../../Asus/Documents/GitHub/TheTroubleMakers/Unreal Engine Project/SpeedLimit_UniAzad/Saved/mozaeik_00276EB056F4F84DAEDB1251FB3B556409E.tmp' to '../../../../../../Asus/Documents/GitHub/TheTroubleMakers/Unreal Engine Project/SpeedLimit_UniAzad/Content/TheTroubleMakers/Alikhorshidi/mozaeik_002.uasset'
[2023.05.03-19.46.10:048][456]LogSavePackage: Moving '../../../../../../Asus/Documents/GitHub/TheTroubleMakers/Unreal Engine Project/SpeedLimit_UniAzad/Saved/RoadC6A8E0034CD068431CBA95BA7B3FF1DA.tmp' to '../../../../../../Asus/Documents/GitHub/TheTroubleMakers/Unreal Engine Project/SpeedLimit_UniAzad/Content/TheTroubleMakers/Alikhorshidi/Road.uasset'
[2023.05.03-19.46.10:066][456]LogSavePackage: Moving '../../../../../../Asus/Documents/GitHub/TheTroubleMakers/Unreal Engine Project/SpeedLimit_UniAzad/Saved/Road_001A2839AE34B997CEE5477B2AC27E32EDB.tmp' to '../../../../../../Asus/Documents/GitHub/TheTroubleMakers/Unreal Engine Project/SpeedLimit_UniAzad/Content/TheTroubleMakers/Alikhorshidi/Road_001.uasset'
[2023.05.03-19.46.10:083][456]LogSavePackage: Moving '../../../../../../Asus/Documents/GitHub/TheTroubleMakers/Unreal Engine Project/SpeedLimit_UniAzad/Saved/Road_002D9BE0C1C45D489728557B8B44117990D.tmp' to '../../../../../../Asus/Documents/GitHub/TheTroubleMakers/Unreal Engine Project/SpeedLimit_UniAzad/Content/TheTroubleMakers/Alikhorshidi/Road_002.uasset'
[2023.05.03-19.46.10:695][456]LogSavePackage: Moving '../../../../../../Asus/Documents/GitHub/TheTroubleMakers/Unreal Engine Project/SpeedLimit_UniAzad/Saved/Shoe_Stones_-_www_IranDWG_com__6D4628EF34D4567636CF812A9BB95F5D6.tmp' to '../../../../../../Asus/Documents/GitHub/TheTroubleMakers/Unreal Engine Project/SpeedLimit_UniAzad/Content/TheTroubleMakers/Alikhorshidi/Shoe_Stones_-_www_IranDWG_com__6_.uasset'
[2023.05.03-19.46.11:293][456]LogSavePackage: Moving '../../../../../../Asus/Documents/GitHub/TheTroubleMakers/Unreal Engine Project/SpeedLimit_UniAzad/Saved/Shoe_Stones_-_www_IranDWG_com__6711F2A3F4EE76712720429BB394A9C63.tmp' to '../../../../../../Asus/Documents/GitHub/TheTroubleMakers/Unreal Engine Project/SpeedLimit_UniAzad/Content/TheTroubleMakers/Alikhorshidi/Shoe_Stones_-_www_IranDWG_com__6__ncl1_1.uasset'
[2023.05.03-19.46.11:915][456]LogSavePackage: Moving '../../../../../../Asus/Documents/GitHub/TheTroubleMakers/Unreal Engine Project/SpeedLimit_UniAzad/Saved/Shoe_Stones_-_www_IranDWG_com__6148F420E4BEDC1DA0EC946A1E6013070.tmp' to '../../../../../../Asus/Documents/GitHub/TheTroubleMakers/Unreal Engine Project/SpeedLimit_UniAzad/Content/TheTroubleMakers/Alikhorshidi/Shoe_Stones_-_www_IranDWG_com__6__ncl1_2.uasset'
[2023.05.03-19.46.11:950][456]LogSlate: Window 'SpeedLimit_UniAzad - Unreal Editor' being destroyed
[2023.05.03-19.46.12:108][456]AssetCheck: New page: Asset Save: multiple assets
[2023.05.03-19.46.12:109][456]LogContentValidation: Display: Validating World /Game/StarterContent/Maps/Minimal_Default.Minimal_Default
[2023.05.03-19.46.12:109][456]LogContentValidation: Display: Validating Material /Game/TheTroubleMakers/Alikhorshidi/Main.Main
[2023.05.03-19.46.12:109][456]LogContentValidation: Display: Validating Material /Game/TheTroubleMakers/Alikhorshidi/Road.Road
[2023.05.03-19.46.12:109][456]LogContentValidation: Display: Validating Texture2D /Game/TheTroubleMakers/Alikhorshidi/GraphicsCrate-Road_Texture_02_prev_sm.GraphicsCrate-Road_Texture_02_prev_sm
[2023.05.03-19.46.12:109][456]LogContentValidation: Display: Validating Material /Game/TheTroubleMakers/Alikhorshidi/Jadval.Jadval
[2023.05.03-19.46.12:109][456]LogContentValidation: Display: Validating Texture2D /Game/TheTroubleMakers/Alikhorshidi/05_CONCRETE_MWAY_SIDE_jpg5ac5788d-c995-4c22-a783-850124594bb3Larger.05_CONCRETE_MWAY_SIDE_jpg5ac5788d-c995-4c22-a783-850124594bb3Larger
[2023.05.03-19.46.12:109][456]LogContentValidation: Display: Validating Material /Game/TheTroubleMakers/Alikhorshidi/Ground.Ground
[2023.05.03-19.46.12:109][456]LogContentValidation: Display: Validating Texture2D /Game/TheTroubleMakers/Alikhorshidi/forrest_ground_01_diff_2k.forrest_ground_01_diff_2k
[2023.05.03-19.46.12:109][456]LogContentValidation: Display: Validating Material /Game/TheTroubleMakers/Alikhorshidi/mozaeik.mozaeik
[2023.05.03-19.46.12:109][456]LogContentValidation: Display: Validating Texture2D /Game/TheTroubleMakers/Alikhorshidi/Shoe_Stones_-_www_IranDWG_com__6_.Shoe_Stones_-_www_IranDWG_com__6_
[2023.05.03-19.46.12:109][456]LogContentValidation: Display: Validating Material /Game/TheTroubleMakers/Alikhorshidi/Main_001.Main_001
[2023.05.03-19.46.12:109][456]LogContentValidation: Display: Validating Material /Game/TheTroubleMakers/Alikhorshidi/Road_001.Road_001
[2023.05.03-19.46.12:109][456]LogContentValidation: Display: Validating Texture2D /Game/TheTroubleMakers/Alikhorshidi/GraphicsCrate-Road_Texture_02_prev_sm_ncl1_1.GraphicsCrate-Road_Texture_02_prev_sm_ncl1_1
[2023.05.03-19.46.12:109][456]LogContentValidation: Display: Validating Material /Game/TheTroubleMakers/Alikhorshidi/Jadval_001.Jadval_001
[2023.05.03-19.46.12:109][456]LogContentValidation: Display: Validating Texture2D /Game/TheTroubleMakers/Alikhorshidi/05_CONCRETE_MWAY_SIDE_jpg5ac5788d-c995-4c22-a783-850124594bb3Larger_ncl1_1.05_CONCRETE_MWAY_SIDE_jpg5ac5788d-c995-4c22-a783-850124594bb3Larger_ncl1_1
[2023.05.03-19.46.12:109][456]LogContentValidation: Display: Validating Material /Game/TheTroubleMakers/Alikhorshidi/Ground_001.Ground_001
[2023.05.03-19.46.12:109][456]LogContentValidation: Display: Validating Texture2D /Game/TheTroubleMakers/Alikhorshidi/forrest_ground_01_diff_2k_ncl1_1.forrest_ground_01_diff_2k_ncl1_1
[2023.05.03-19.46.12:109][456]LogContentValidation: Display: Validating Material /Game/TheTroubleMakers/Alikhorshidi/mozaeik_001.mozaeik_001
[2023.05.03-19.46.12:109][456]LogContentValidation: Display: Validating Texture2D /Game/TheTroubleMakers/Alikhorshidi/Shoe_Stones_-_www_IranDWG_com__6__ncl1_1.Shoe_Stones_-_www_IranDWG_com__6__ncl1_1
[2023.05.03-19.46.12:109][456]LogContentValidation: Display: Validating Material /Game/TheTroubleMakers/Alikhorshidi/Main_002.Main_002
[2023.05.03-19.46.12:109][456]LogContentValidation: Display: Validating Material /Game/TheTroubleMakers/Alikhorshidi/Road_002.Road_002
[2023.05.03-19.46.12:109][456]LogContentValidation: Display: Validating Texture2D /Game/TheTroubleMakers/Alikhorshidi/GraphicsCrate-Road_Texture_02_prev_sm_ncl1_2.GraphicsCrate-Road_Texture_02_prev_sm_ncl1_2
[2023.05.03-19.46.12:109][456]LogContentValidation: Display: Validating Material /Game/TheTroubleMakers/Alikhorshidi/Jadval_002.Jadval_002
[2023.05.03-19.46.12:109][456]LogContentValidation: Display: Validating Texture2D /Game/TheTroubleMakers/Alikhorshidi/05_CONCRETE_MWAY_SIDE_jpg5ac5788d-c995-4c22-a783-850124594bb3Larger_ncl1_2.05_CONCRETE_MWAY_SIDE_jpg5ac5788d-c995-4c22-a783-850124594bb3Larger_ncl1_2
[2023.05.03-19.46.12:109][456]LogContentValidation: Display: Validating Material /Game/TheTroubleMakers/Alikhorshidi/mozaeik_002.mozaeik_002
[2023.05.03-19.46.12:109][456]LogContentValidation: Display: Validating Texture2D /Game/TheTroubleMakers/Alikhorshidi/Shoe_Stones_-_www_IranDWG_com__6__ncl1_2.Shoe_Stones_-_www_IranDWG_com__6__ncl1_2
[2023.05.03-19.46.12:111][457]Cmd: QUIT_EDITOR
[2023.05.03-19.46.12:111][457]LogCore: Engine exit requested (reason: UUnrealEdEngine::CloseEditor())
[2023.05.03-19.46.12:116][457]LogCore: Engine exit requested (reason: EngineExit() was called; note: exit was already requested)
[2023.05.03-19.46.12:928][457]LogAudio: Display: Beginning Audio Device Manager Shutdown (Module: AudioMixerXAudio2)...
[2023.05.03-19.46.12:928][457]LogAudio: Display: Destroying 1 Remaining Audio Device(s)...
[2023.05.03-19.46.12:928][457]LogAudio: Display: Audio Device unregistered from world 'Minimal_Default'.
[2023.05.03-19.46.12:930][457]LogAudioMixer: FMixerPlatformXAudio2::StopAudioStream() called
[2023.05.03-19.46.12:932][457]LogAudioMixer: FMixerPlatformXAudio2::StopAudioStream() called
[2023.05.03-19.46.12:958][457]LogAudio: Display: Audio Device Manager Shutdown
[2023.05.03-19.46.12:959][457]LogWindowsTextInputMethodSystem: Display: IME system deactivated.
[2023.05.03-19.46.12:970][457]LogExit: Preparing to exit.
[2023.05.03-19.46.13:747][457]LogUObjectHash: Compacting FUObjectHashTables data took   0.77ms
[2023.05.03-19.46.13:958][457]LogActorComponent: UnregisterComponent: (None.None) Not registered. Aborting.
[2023.05.03-19.46.13:958][457]LogActorComponent: UnregisterComponent: (None.None) Not registered. Aborting.
[2023.05.03-19.46.13:958][457]LogActorComponent: UnregisterComponent: (None.None) Not registered. Aborting.
[2023.05.03-19.46.13:959][457]LogActorComponent: UnregisterComponent: (None.None) Not registered. Aborting.
[2023.05.03-19.46.13:959][457]LogActorComponent: UnregisterComponent: (None.None) Not registered. Aborting.
[2023.05.03-19.46.13:959][457]LogActorComponent: UnregisterComponent: (None.None) Not registered. Aborting.
[2023.05.03-19.46.13:959][457]LogActorComponent: UnregisterComponent: (None.None) Not registered. Aborting.
[2023.05.03-19.46.13:959][457]LogWorld: UWorld::CleanupWorld for None, bSessionEnded=true, bCleanupResources=true
[2023.05.03-19.46.13:959][457]LogWorld: UWorld::CleanupWorld for World_2, bSessionEnded=true, bCleanupResources=true
[2023.05.03-19.46.13:959][457]LogWorld: UWorld::CleanupWorld for World_1, bSessionEnded=true, bCleanupResources=true
[2023.05.03-19.46.13:959][457]LogActorComponent: UnregisterComponent: (None.None) Not registered. Aborting.
[2023.05.03-19.46.13:959][457]LogActorComponent: UnregisterComponent: (None.None) Not registered. Aborting.
[2023.05.03-19.46.13:959][457]LogActorComponent: UnregisterComponent: (None.None) Not registered. Aborting.
[2023.05.03-19.46.13:959][457]LogActorComponent: UnregisterComponent: (None.None) Not registered. Aborting.
[2023.05.03-19.46.13:959][457]LogActorComponent: UnregisterComponent: (None.None) Not registered. Aborting.
[2023.05.03-19.46.13:959][457]LogActorComponent: UnregisterComponent: (None.None) Not registered. Aborting.
[2023.05.03-19.46.13:959][457]LogActorComponent: UnregisterComponent: (None.None) Not registered. Aborting.
[2023.05.03-19.46.13:959][457]LogWorld: UWorld::CleanupWorld for None, bSessionEnded=true, bCleanupResources=true
[2023.05.03-19.46.13:975][457]LogWorld: UWorld::CleanupWorld for World_0, bSessionEnded=true, bCleanupResources=true
[2023.05.03-19.46.13:996][457]LogDemo: Cleaned up 0 splitscreen connections with owner deletion
[2023.05.03-19.46.14:048][457]LogExit: Editor shut down
[2023.05.03-19.46.14:050][457]LogExit: Transaction tracking system shut down
[2023.05.03-19.46.14:444][457]LogExit: Object subsystem successfully closed.
[2023.05.03-19.46.14:460][457]LogShaderCompilers: Display: === FShaderJobCache stats ===
[2023.05.03-19.46.14:460][457]LogShaderCompilers: Display: Total job queries 227, among them cache hits 3 (1.32%)
[2023.05.03-19.46.14:460][457]LogShaderCompilers: Display: Tracking 224 distinct input hashes that result in 25 distinct outputs (11.16%)
[2023.05.03-19.46.14:461][457]LogShaderCompilers: Display: RAM used: 0.14 MB (0.00 GB) of 819.20 MB (0.80 GB) budget. Usage: 0.02%
[2023.05.03-19.46.14:461][457]LogShaderCompilers: Display: ================================================
[2023.05.03-19.46.14:489][457]LogShaderCompilers: Display: Shaders left to compile 0
[2023.05.03-19.46.14:539][457]LogModuleManager: Shutting down and abandoning module MovieSceneCapture (876)
[2023.05.03-19.46.14:539][457]LogModuleManager: Shutting down and abandoning module Voice (874)
[2023.05.03-19.46.14:539][457]LogModuleManager: Shutting down and abandoning module StaticMeshEditor (872)
[2023.05.03-19.46.14:539][457]LogModuleManager: Shutting down and abandoning module HierarchicalLODOutliner (870)
[2023.05.03-19.46.14:539][457]LogModuleManager: Shutting down and abandoning module SceneOutliner (868)
[2023.05.03-19.46.14:539][457]LogModuleManager: Shutting down and abandoning module AddContentDialog (866)
[2023.05.03-19.46.14:541][457]LogModuleManager: Shutting down and abandoning module WidgetCarousel (865)
[2023.05.03-19.46.14:541][457]LogModuleManager: Shutting down and abandoning module EditorWidgets (862)
[2023.05.03-19.46.14:541][457]LogModuleManager: Shutting down and abandoning module StatsViewer (860)
[2023.05.03-19.46.14:541][457]LogModuleManager: Shutting down and abandoning module PIEPreviewDeviceProfileSelector (858)
[2023.05.03-19.46.14:541][457]LogModuleManager: Shutting down and abandoning module SequenceRecorderSections (856)
[2023.05.03-19.46.14:542][457]LogModuleManager: Shutting down and abandoning module AutomationWorker (854)
[2023.05.03-19.46.14:542][457]LogModuleManager: Shutting down and abandoning module SteamVREditor (852)
[2023.05.03-19.46.14:542][457]LogModuleManager: Shutting down and abandoning module OculusMR (850)
[2023.05.03-19.46.14:542][457]LogModuleManager: Shutting down and abandoning module OpenXRInput (848)
[2023.05.03-19.46.14:542][457]LogModuleManager: Shutting down and abandoning module GooglePADEditor (846)
[2023.05.03-19.46.14:542][457]LogModuleManager: Shutting down and abandoning module AudioCaptureEditor (844)
[2023.05.03-19.46.14:542][457]LogModuleManager: Shutting down and abandoning module TakeRecorderSources (842)
[2023.05.03-19.46.14:543][457]LogModuleManager: Shutting down and abandoning module TakeRecorder (841)
[2023.05.03-19.46.14:543][457]LogModuleManager: Shutting down and abandoning module TakeTrackRecorders (838)
[2023.05.03-19.46.14:543][457]LogModuleManager: Shutting down and abandoning module TakesCore (836)
[2023.05.03-19.46.14:544][457]LogModuleManager: Shutting down and abandoning module TemplateSequenceEditor (834)
[2023.05.03-19.46.14:544][457]LogModuleManager: Shutting down and abandoning module MatineeToLevelSequence (832)
[2023.05.03-19.46.14:544][457]LogModuleManager: Shutting down and abandoning module LevelSequenceEditor (830)
[2023.05.03-19.46.14:545][457]LogModuleManager: Shutting down and abandoning module WmfMediaFactory (828)
[2023.05.03-19.46.14:545][457]LogModuleManager: Shutting down and abandoning module WmfMediaEditor (826)
[2023.05.03-19.46.14:545][457]LogModuleManager: Shutting down and abandoning module ActorSequenceEditor (824)
[2023.05.03-19.46.14:545][457]LogModuleManager: Shutting down and abandoning module MediaPlayerEditor (822)
[2023.05.03-19.46.14:546][457]LogModuleManager: Shutting down and abandoning module WebMMediaFactory (820)
[2023.05.03-19.46.14:546][457]LogModuleManager: Shutting down and abandoning module WebMMediaEditor (818)
[2023.05.03-19.46.14:546][457]LogModuleManager: Shutting down and abandoning module WebMMedia (816)
[2023.05.03-19.46.14:546][457]LogModuleManager: Shutting down and abandoning module MediaCompositingEditor (814)
[2023.05.03-19.46.14:547][457]LogModuleManager: Shutting down and abandoning module SequenceRecorder (813)
[2023.05.03-19.46.14:547][457]LogModuleManager: Shutting down and abandoning module OpenExrWrapper (810)
[2023.05.03-19.46.14:547][457]LogModuleManager: Shutting down and abandoning module ImgMediaFactory (808)
[2023.05.03-19.46.14:547][457]LogModuleManager: Shutting down and abandoning module ImgMediaEditor (806)
[2023.05.03-19.46.14:547][457]LogModuleManager: Shutting down and abandoning module AvfMediaFactory (804)
[2023.05.03-19.46.14:547][457]LogModuleManager: Shutting down and abandoning module AvfMediaEditor (802)
[2023.05.03-19.46.14:547][457]LogModuleManager: Shutting down and abandoning module AndroidMediaFactory (800)
[2023.05.03-19.46.14:547][457]LogModuleManager: Shutting down and abandoning module AndroidMediaEditor (798)
[2023.05.03-19.46.14:547][457]LogModuleManager: Shutting down and abandoning module MagicLeapMediaCodecFactory (796)
[2023.05.03-19.46.14:547][457]LogModuleManager: Shutting down and abandoning module MagicLeapMediaFactory (794)
[2023.05.03-19.46.14:547][457]LogModuleManager: Shutting down and abandoning module MagicLeapMediaEditor (792)
[2023.05.03-19.46.14:547][457]LogModuleManager: Shutting down and abandoning module PlanarCut (790)
[2023.05.03-19.46.14:547][457]LogModuleManager: Shutting down and abandoning module CharacterAI (788)
[2023.05.03-19.46.14:547][457]LogModuleManager: Shutting down and abandoning module TextureAlignMode (786)
[2023.05.03-19.46.14:547][457]LogModuleManager: Shutting down and abandoning module BspMode (784)
[2023.05.03-19.46.14:547][457]LogModuleManager: Shutting down and abandoning module GeometryMode (782)
[2023.05.03-19.46.14:548][457]LogModuleManager: Shutting down and abandoning module CameraShakePreviewer (780)
[2023.05.03-19.46.14:548][457]LogModuleManager: Shutting down and abandoning module SmartSnapping (778)
[2023.05.03-19.46.14:548][457]LogModuleManager: Shutting down and abandoning module SessionServices (776)
[2023.05.03-19.46.14:548][457]LogModuleManager: Shutting down and abandoning module MeshPaint (774)
[2023.05.03-19.46.14:549][457]LogModuleManager: Shutting down and abandoning module VirtualTexturingEditor (772)
[2023.05.03-19.46.14:549][457]LogModuleManager: Shutting down and abandoning module FoliageEdit (770)
[2023.05.03-19.46.14:549][457]LogModuleManager: Shutting down and abandoning module LandscapeEditor (768)
[2023.05.03-19.46.14:549][457]LogModuleManager: Shutting down and abandoning module MeshPaintMode (766)
[2023.05.03-19.46.14:549][457]LogModuleManager: Shutting down and abandoning module SceneDepthPickerMode (764)
[2023.05.03-19.46.14:549][457]LogModuleManager: Shutting down and abandoning module ActorPickerMode (762)
[2023.05.03-19.46.14:549][457]LogModuleManager: Shutting down and abandoning module PlacementMode (760)
[2023.05.03-19.46.14:549][457]LogModuleManager: Shutting down and abandoning module ViewportSnapping (758)
[2023.05.03-19.46.14:549][457]LogModuleManager: Shutting down and abandoning module ViewportInteraction (756)
[2023.05.03-19.46.14:549][457]LogModuleManager: Shutting down and abandoning module ClothPainter (754)
[2023.05.03-19.46.14:550][457]LogModuleManager: Shutting down and abandoning module SkeletalMeshEditor (753)
[2023.05.03-19.46.14:550][457]LogModuleManager: Shutting down and abandoning module LogVisualizer (750)
[2023.05.03-19.46.14:551][457]LogModuleManager: Shutting down and abandoning module IntroTutorials (748)
[2023.05.03-19.46.14:552][457]LogModuleManager: Shutting down and abandoning module GameProjectGeneration (747)
[2023.05.03-19.46.14:552][457]LogModuleManager: Shutting down and abandoning module LuminPlatformEditor (744)
[2023.05.03-19.46.14:552][457]LogModuleManager: Shutting down and abandoning module IOSPlatformEditor (742)
[2023.05.03-19.46.14:552][457]LogModuleManager: Shutting down and abandoning module AndroidPlatformEditor (740)
[2023.05.03-19.46.14:552][457]LogModuleManager: Shutting down and abandoning module AndroidDeviceDetection (739)
[2023.05.03-19.46.15:098][457]LogModuleManager: Shutting down and abandoning module WindowsPlatformEditor (736)
[2023.05.03-19.46.15:098][457]LogModuleManager: Shutting down and abandoning module LuminRuntimeSettings (734)
[2023.05.03-19.46.15:098][457]LogModuleManager: Shutting down and abandoning module IOSRuntimeSettings (732)
[2023.05.03-19.46.15:098][457]LogModuleManager: Shutting down and abandoning module AndroidRuntimeSettings (730)
[2023.05.03-19.46.15:098][457]LogModuleManager: Shutting down and abandoning module TraceInsights (728)
[2023.05.03-19.46.15:103][457]MemoryProfiler: Shutdown
[2023.05.03-19.46.15:103][457]NetworkingProfiler: Shutdown
[2023.05.03-19.46.15:103][457]LoadingProfiler: Shutdown
[2023.05.03-19.46.15:105][457]TimingProfiler: Shutdown
[2023.05.03-19.46.15:106][457]LogModuleManager: Shutting down and abandoning module TraceServices (727)
[2023.05.03-19.46.15:106][457]LogModuleManager: Shutting down and abandoning module EditorInteractiveToolsFramework (724)
[2023.05.03-19.46.15:106][457]LogModuleManager: Shutting down and abandoning module TimeManagementEditor (722)
[2023.05.03-19.46.15:106][457]LogModuleManager: Shutting down and abandoning module InputBindingEditor (720)
[2023.05.03-19.46.15:107][457]LogModuleManager: Shutting down and abandoning module MergeActors (718)
[2023.05.03-19.46.15:107][457]LogModuleManager: Shutting down and abandoning module LocalizationDashboard (716)
[2023.05.03-19.46.15:107][457]LogModuleManager: Shutting down and abandoning module LocalizationService (715)
[2023.05.03-19.46.15:107][457]LogModuleManager: Shutting down and abandoning module HardwareTargeting (712)
[2023.05.03-19.46.15:107][457]LogModuleManager: Shutting down and abandoning module DeviceProfileEditor (710)
[2023.05.03-19.46.15:108][457]LogModuleManager: Shutting down and abandoning module UndoHistory (708)
[2023.05.03-19.46.15:108][457]LogModuleManager: Shutting down and abandoning module XmlParser (706)
[2023.05.03-19.46.15:108][457]LogModuleManager: Shutting down and abandoning module Blutility (704)
[2023.05.03-19.46.15:108][457]LogModuleManager: Shutting down and abandoning module ProjectSettingsViewer (702)
[2023.05.03-19.46.15:108][457]LogModuleManager: Shutting down and abandoning module ProjectTargetPlatformEditor (701)
[2023.05.03-19.46.15:109][457]LogModuleManager: Shutting down and abandoning module EditorSettingsViewer (698)
[2023.05.03-19.46.15:109][457]LogModuleManager: Shutting down and abandoning module InternationalizationSettings (697)
[2023.05.03-19.46.15:109][457]LogModuleManager: Shutting down and abandoning module SettingsEditor (694)
[2023.05.03-19.46.15:109][457]LogModuleManager: Shutting down and abandoning module ProjectLauncher (692)
[2023.05.03-19.46.15:109][457]LogModuleManager: Shutting down and abandoning module SessionFrontend (690)
[2023.05.03-19.46.15:109][457]LogModuleManager: Shutting down and abandoning module ProfilerClient (688)
[2023.05.03-19.46.15:109][457]LogModuleManager: Shutting down and abandoning module DeviceManager (686)
[2023.05.03-19.46.15:110][457]LogModuleManager: Shutting down and abandoning module TargetDeviceServices (685)
[2023.05.03-19.46.15:142][457]LogModuleManager: Shutting down and abandoning module AutomationController (682)
[2023.05.03-19.46.15:143][457]LogModuleManager: Shutting down and abandoning module AutomationWindow (680)
[2023.05.03-19.46.15:144][457]LogModuleManager: Shutting down and abandoning module Layers (678)
[2023.05.03-19.46.15:144][457]LogModuleManager: Shutting down and abandoning module ComponentVisualizers (676)
[2023.05.03-19.46.15:144][457]LogModuleManager: Shutting down and abandoning module DetailCustomizations (674)
[2023.05.03-19.46.15:144][457]LogModuleManager: Shutting down and abandoning module PackagesDialog (672)
[2023.05.03-19.46.15:144][457]LogModuleManager: Shutting down and abandoning module AnimationBlueprintEditor (670)
[2023.05.03-19.46.15:146][457]LogModuleManager: Shutting down and abandoning module Persona (668)
[2023.05.03-19.46.15:148][457]LogModuleManager: Shutting down and abandoning module AdvancedPreviewScene (667)
[2023.05.03-19.46.15:148][457]LogModuleManager: Shutting down and abandoning module AnimGraph (665)
[2023.05.03-19.46.15:148][457]LogModuleManager: Shutting down and abandoning module Kismet (662)
[2023.05.03-19.46.15:151][457]LogModuleManager: Shutting down and abandoning module KismetWidgets (661)
[2023.05.03-19.46.15:151][457]LogModuleManager: Shutting down and abandoning module GraphEditor (658)
[2023.05.03-19.46.15:154][457]LogModuleManager: Shutting down and abandoning module StructViewer (656)
[2023.05.03-19.46.15:154][457]LogModuleManager: Shutting down and abandoning module ClassViewer (654)
[2023.05.03-19.46.15:154][457]LogModuleManager: Shutting down and abandoning module Toolbox (652)
[2023.05.03-19.46.15:154][457]LogModuleManager: Shutting down and abandoning module ModuleUI (650)
[2023.05.03-19.46.15:154][457]LogModuleManager: Shutting down and abandoning module OutputLog (648)
[2023.05.03-19.46.15:155][457]LogModuleManager: Shutting down and abandoning module GammaUI (646)
[2023.05.03-19.46.15:156][457]LogModuleManager: Shutting down and abandoning module Documentation (644)
[2023.05.03-19.46.15:156][457]LogModuleManager: Shutting down and abandoning module LiveCoding (642)
[2023.05.03-19.46.15:157][457]LogModuleManager: Shutting down and abandoning module LevelSequence (640)
[2023.05.03-19.46.15:157][457]LogModuleManager: Shutting down and abandoning module MovieSceneTracks (638)
[2023.05.03-19.46.15:157][457]LogModuleManager: Shutting down and abandoning module MovieScene (636)
[2023.05.03-19.46.15:158][457]LogModuleManager: Shutting down and abandoning module StreamingPauseRendering (634)
[2023.05.03-19.46.15:158][457]LogModuleManager: Shutting down and abandoning module LauncherPlatform (632)
[2023.05.03-19.46.15:158][457]LogModuleManager: Shutting down and abandoning module AnalyticsET (630)
[2023.05.03-19.46.15:158][457]LogModuleManager: Shutting down and abandoning module PortalServices (628)
[2023.05.03-19.46.15:158][457]LogModuleManager: Shutting down and abandoning module PortalRpc (626)
[2023.05.03-19.46.15:158][457]LogModuleManager: Shutting down and abandoning module MessagingRpc (624)
[2023.05.03-19.46.15:158][457]LogModuleManager: Shutting down and abandoning module AudioMixerXAudio2 (622)
[2023.05.03-19.46.15:158][457]LogModuleManager: Shutting down and abandoning module AudioMixerCore (621)
[2023.05.03-19.46.15:158][457]LogModuleManager: Shutting down and abandoning module AIModule (618)
[2023.05.03-19.46.15:159][457]LogModuleManager: Shutting down and abandoning module GameplayDebugger (617)
[2023.05.03-19.46.15:159][457]LogModuleManager: Shutting down and abandoning module AITestSuite (615)
[2023.05.03-19.46.15:159][457]LogModuleManager: Shutting down and abandoning module NavigationSystem (613)
[2023.05.03-19.46.15:159][457]LogModuleManager: Shutting down and abandoning module ImageWriteQueue (610)
[2023.05.03-19.46.15:159][457]LogModuleManager: Shutting down and abandoning module ProfilerService (608)
[2023.05.03-19.46.15:259][457]LogModuleManager: Shutting down and abandoning module TaskGraph (606)
[2023.05.03-19.46.15:261][457]LogModuleManager: Shutting down and abandoning module AudioSynesthesiaEditor (604)
[2023.05.03-19.46.15:261][457]LogModuleManager: Shutting down and abandoning module OculusEditor (602)
[2023.05.03-19.46.15:266][457]LogModuleManager: Shutting down and abandoning module OculusInput (600)
[2023.05.03-19.46.15:266][457]LogModuleManager: Shutting down and abandoning module ContentBrowserFileDataSource (598)
[2023.05.03-19.46.15:266][457]LogModuleManager: Shutting down and abandoning module ContentBrowserClassDataSource (596)
[2023.05.03-19.46.15:266][457]LogModuleManager: Shutting down and abandoning module ContentBrowserAssetDataSource (594)
[2023.05.03-19.46.15:266][457]LogModuleManager: Shutting down and abandoning module CollectionManager (593)
[2023.05.03-19.46.15:268][457]LogModuleManager: Shutting down and abandoning module SynthesisEditor (590)
[2023.05.03-19.46.15:268][457]LogModuleManager: Shutting down and abandoning module Synthesis (588)
[2023.05.03-19.46.15:269][457]LogModuleManager: Shutting down and abandoning module ProceduralMeshComponentEditor (586)
[2023.05.03-19.46.15:270][457]LogModuleManager: Shutting down and abandoning module ProceduralMeshComponent (584)
[2023.05.03-19.46.15:270][457]LogModuleManager: Shutting down and abandoning module OpenXREditor (582)
[2023.05.03-19.46.15:270][457]LogModuleManager: Shutting down and abandoning module MobilePatchingUtils (580)
[2023.05.03-19.46.15:270][457]LogModuleManager: Shutting down and abandoning module GooglePAD (578)
[2023.05.03-19.46.15:270][457]LogModuleManager: Shutting down and abandoning module EditableMesh (576)
[2023.05.03-19.46.15:271][457]LogModuleManager: Shutting down and abandoning module CustomMeshComponent (574)
[2023.05.03-19.46.15:271][457]LogModuleManager: Shutting down and abandoning module CableComponent (572)
[2023.05.03-19.46.15:271][457]LogModuleManager: Shutting down and abandoning module AudioCapture (570)
[2023.05.03-19.46.15:271][457]LogModuleManager: Shutting down and abandoning module AudioCaptureRtAudio (569)
[2023.05.03-19.46.15:271][457]LogModuleManager: Shutting down and abandoning module AssetTags (566)
[2023.05.03-19.46.15:271][457]LogModuleManager: Shutting down and abandoning module ArchVisCharacter (564)
[2023.05.03-19.46.15:271][457]LogModuleManager: Shutting down and abandoning module AppleImageUtilsBlueprintSupport (562)
[2023.05.03-19.46.15:271][457]LogModuleManager: Shutting down and abandoning module AppleImageUtils (560)
[2023.05.03-19.46.15:271][457]LogModuleManager: Shutting down and abandoning module AndroidPermission (558)
[2023.05.03-19.46.15:271][457]LogModuleManager: Shutting down and abandoning module ActorLayerUtilitiesEditor (556)
[2023.05.03-19.46.15:271][457]LogModuleManager: Shutting down and abandoning module ActorLayerUtilities (554)
[2023.05.03-19.46.15:271][457]LogModuleManager: Shutting down and abandoning module TakeSequencer (552)
[2023.05.03-19.46.15:271][457]LogModuleManager: Shutting down and abandoning module TakeMovieScene (550)
[2023.05.03-19.46.15:271][457]LogModuleManager: Shutting down and abandoning module ScreenshotTools (548)
[2023.05.03-19.46.15:271][457]LogModuleManager: Shutting down and abandoning module TemplateSequence (546)
[2023.05.03-19.46.15:272][457]LogModuleManager: Shutting down and abandoning module MediaCompositing (544)
[2023.05.03-19.46.15:272][457]LogModuleManager: Shutting down and abandoning module ImgMedia (542)
[2023.05.03-19.46.15:272][457]LogModuleManager: Shutting down and abandoning module MagicLeapSharedWorld (540)
[2023.05.03-19.46.15:272][457]LogModuleManager: Shutting down and abandoning module MagicLeapLightEstimation (538)
[2023.05.03-19.46.15:272][457]LogModuleManager: Shutting down and abandoning module MagicLeapHelperVulkan (536)
[2023.05.03-19.46.15:272][457]LogModuleManager: Shutting down and abandoning module MagicLeapHelperOpenGL (534)
[2023.05.03-19.46.15:272][457]LogModuleManager: Shutting down and abandoning module MagicLeapAudio (532)
[2023.05.03-19.46.15:272][457]LogModuleManager: Shutting down and abandoning module MotoSynthEditor (530)
[2023.05.03-19.46.15:272][457]LogModuleManager: Shutting down and abandoning module MotoSynth (528)
[2023.05.03-19.46.15:273][457]LogModuleManager: Shutting down and abandoning module OpenImageDenoise (526)
[2023.05.03-19.46.15:273][457]LogOpenImageDenoise: OIDN shutting down
[2023.05.03-19.46.15:273][457]LogModuleManager: Shutting down and abandoning module GeometryCollectionTracks (524)
[2023.05.03-19.46.15:273][457]LogModuleManager: Shutting down and abandoning module GeometryCollectionSequencer (523)
[2023.05.03-19.46.15:273][457]LogModuleManager: Shutting down and abandoning module GeometryCollectionEditor (520)
[2023.05.03-19.46.15:273][457]LogModuleManager: Shutting down and abandoning module MeshConversion (518)
[2023.05.03-19.46.15:273][457]LogModuleManager: Shutting down and abandoning module DynamicMesh (516)
[2023.05.03-19.46.15:274][457]LogModuleManager: Shutting down and abandoning module GeometryAlgorithms (514)
[2023.05.03-19.46.15:275][457]LogModuleManager: Shutting down and abandoning module GeometricObjects (512)
[2023.05.03-19.46.15:275][457]LogModuleManager: Shutting down and abandoning module GeometryCacheTracks (510)
[2023.05.03-19.46.15:275][457]LogModuleManager: Shutting down and abandoning module GeometryCacheStreamer (508)
[2023.05.03-19.46.15:276][457]LogModuleManager: Shutting down and abandoning module GeometryCacheSequencer (506)
[2023.05.03-19.46.15:276][457]LogModuleManager: Shutting down and abandoning module ChaosNiagara (504)
[2023.05.03-19.46.15:276][457]LogModuleManager: Shutting down and abandoning module ChaosClothEditor (502)
[2023.05.03-19.46.15:276][457]LogModuleManager: Shutting down and abandoning module FractureEditor (500)
[2023.05.03-19.46.15:277][457]LogModuleManager: Shutting down and abandoning module ChaosSolverEditor (498)
[2023.05.03-19.46.15:277][457]LogModuleManager: Shutting down and abandoning module FieldSystemEngine (497)
[2023.05.03-19.46.15:277][457]LogModuleManager: Shutting down and abandoning module BackChannel (494)
[2023.05.03-19.46.15:277][457]LogModuleManager: Shutting down and abandoning module AutomationUtilsEditor (492)
[2023.05.03-19.46.15:277][457]LogModuleManager: Shutting down and abandoning module AutomationUtils (490)
[2023.05.03-19.46.15:278][457]LogModuleManager: Shutting down and abandoning module AlembicImporter (488)
[2023.05.03-19.46.15:278][457]LogModuleManager: Shutting down and abandoning module AlembicLibrary (487)
[2023.05.03-19.46.15:278][457]LogModuleManager: Shutting down and abandoning module GeometryCache (486)
[2023.05.03-19.46.15:278][457]LogModuleManager: Shutting down and abandoning module GeometryCacheEd (485)
[2023.05.03-19.46.15:278][457]LogModuleManager: Shutting down and abandoning module VariantManagerContentEditor (480)
[2023.05.03-19.46.15:278][457]LogModuleManager: Shutting down and abandoning module NiagaraEditorWidgets (478)
[2023.05.03-19.46.15:281][457]LogModuleManager: Shutting down and abandoning module DatasmithContentEditor (476)
[2023.05.03-19.46.15:283][457]LogModuleManager: Shutting down and abandoning module PluginBrowser (474)
[2023.05.03-19.46.15:285][457]LogModuleManager: Shutting down and abandoning module SpeedTreeImporter (472)
[2023.05.03-19.46.15:285][457]LogModuleManager: Shutting down and abandoning module MobileLauncherProfileWizard (470)
[2023.05.03-19.46.15:285][457]LogModuleManager: Shutting down and abandoning module MaterialAnalyzer (468)
[2023.05.03-19.46.15:285][457]LogModuleManager: Shutting down and abandoning module CurveEditorTools (466)
[2023.05.03-19.46.15:287][457]LogModuleManager: Shutting down and abandoning module CryptoKeysOpenSSL (464)
[2023.05.03-19.46.15:287][457]LogModuleManager: Shutting down and abandoning module CryptoKeys (462)
[2023.05.03-19.46.15:287][457]LogModuleManager: Shutting down and abandoning module VisualStudioCodeSourceCodeAccess (460)
[2023.05.03-19.46.15:287][457]LogModuleManager: Shutting down and abandoning module VisualStudioSourceCodeAccess (458)
[2023.05.03-19.46.15:287][457]LogModuleManager: Shutting down and abandoning module UObjectPlugin (456)
[2023.05.03-19.46.15:287][457]LogModuleManager: Shutting down and abandoning module SubversionSourceControl (454)
[2023.05.03-19.46.15:288][457]LogModuleManager: Shutting down and abandoning module PluginUtils (452)
[2023.05.03-19.46.15:288][457]LogModuleManager: Shutting down and abandoning module RiderSourceCodeAccess (450)
[2023.05.03-19.46.15:288][457]LogModuleManager: Shutting down and abandoning module PlasticSourceControl (448)
[2023.05.03-19.46.15:288][457]LogModuleManager: Shutting down and abandoning module PerforceSourceControl (446)
[2023.05.03-19.46.15:289][457]LogModuleManager: Shutting down and abandoning module GitSourceControl (444)
[2023.05.03-19.46.15:290][457]LogModuleManager: Shutting down and abandoning module SourceControl (443)
[2023.05.03-19.46.15:290][457]LogModuleManager: Shutting down and abandoning module CLionSourceCodeAccess (440)
[2023.05.03-19.46.15:290][457]LogModuleManager: Shutting down and abandoning module GameplayCameras (438)
[2023.05.03-19.46.15:290][457]LogModuleManager: Shutting down and abandoning module AnimationSharingEd (436)
[2023.05.03-19.46.15:290][457]LogModuleManager: Shutting down and abandoning module OodleNetworkHandlerComponent (434)
[2023.05.03-19.46.15:290][457]LogModuleManager: Shutting down and abandoning module PaperTiledImporter (432)
[2023.05.03-19.46.15:290][457]LogModuleManager: Shutting down and abandoning module PaperSpriteSheetImporter (430)
[2023.05.03-19.46.15:290][457]LogModuleManager: Shutting down and abandoning module Paper2DEditor (428)
[2023.05.03-19.46.15:291][457]LogModuleManager: Shutting down and abandoning module LightPropagationVolumeEditor (426)
[2023.05.03-19.46.15:291][457]LogModuleManager: Shutting down and abandoning module LiveLinkSequencer (424)
[2023.05.03-19.46.15:291][457]LogModuleManager: Shutting down and abandoning module LiveLinkMovieScene (422)
[2023.05.03-19.46.15:291][457]LogModuleManager: Shutting down and abandoning module LiveLinkGraphNode (420)
[2023.05.03-19.46.15:291][457]LogModuleManager: Shutting down and abandoning module LiveLinkEditor (418)
[2023.05.03-19.46.15:291][457]LogModuleManager: Shutting down and abandoning module LiveLinkComponents (416)
[2023.05.03-19.46.15:291][457]LogModuleManager: Shutting down and abandoning module LiveLink (414)
[2023.05.03-19.46.15:792][457]LogModuleManager: Shutting down and abandoning module MeshPaintingToolset (412)
[2023.05.03-19.46.15:794][457]LogModuleManager: Shutting down and abandoning module MeshPaintEditorMode (410)
[2023.05.03-19.46.15:795][457]LogModuleManager: Shutting down and abandoning module SoundFields (408)
[2023.05.03-19.46.15:795][457]LogModuleManager: Shutting down and abandoning module RuntimePhysXCooking (406)
[2023.05.03-19.46.15:795][457]LogModuleManager: Shutting down and abandoning module SignificanceManager (404)
[2023.05.03-19.46.15:795][457]LogModuleManager: Shutting down and abandoning module PropertyAccessEditor (402)
[2023.05.03-19.46.15:796][457]LogModuleManager: Shutting down and abandoning module PhysXVehiclesEditor (400)
[2023.05.03-19.46.15:796][457]LogModuleManager: Shutting down and abandoning module LocationServicesBPLibrary (396)
[2023.05.03-19.46.15:796][457]LogModuleManager: Shutting down and abandoning module AudioSynesthesia (394)
[2023.05.03-19.46.15:797][457]LogModuleManager: Shutting down and abandoning module AudioSynesthesiaCore (392)
[2023.05.03-19.46.15:797][457]LogModuleManager: Shutting down and abandoning module ActorSequence (390)
[2023.05.03-19.46.15:797][457]LogModuleManager: Shutting down and abandoning module ImgMediaEngine (388)
[2023.05.03-19.46.15:797][457]LogModuleManager: Shutting down and abandoning module MagicLeapARPin (386)
[2023.05.03-19.46.15:797][457]LogModuleManager: Shutting down and abandoning module MagicLeapHandMeshing (384)
[2023.05.03-19.46.15:797][457]LogModuleManager: Shutting down and abandoning module MagicLeapSecureStorage (382)
[2023.05.03-19.46.15:797][457]LogModuleManager: Shutting down and abandoning module MagicLeapPrivileges (380)
[2023.05.03-19.46.15:797][457]LogModuleManager: Shutting down and abandoning module MagicLeapPlanes (378)
[2023.05.03-19.46.15:798][457]LogMagicLeapPlanes: Planes tracker already destroyed.
[2023.05.03-19.46.15:798][457]LogModuleManager: Shutting down and abandoning module MagicLeapImageTracker (376)
[2023.05.03-19.46.15:798][457]LogModuleManager: Shutting down and abandoning module MagicLeapIdentity (374)
[2023.05.03-19.46.15:798][457]LogModuleManager: Shutting down and abandoning module MagicLeapHandTracking (372)
[2023.05.03-19.46.15:799][457]LogModuleManager: Shutting down and abandoning module MagicLeapEyeTracker (370)
[2023.05.03-19.46.15:799][457]LogModuleManager: Shutting down and abandoning module MagicLeapController (368)
[2023.05.03-19.46.15:799][457]LogModuleManager: Shutting down and abandoning module MagicLeapARPinImpl (366)
[2023.05.03-19.46.15:799][457]LogModuleManager: Shutting down and abandoning module MagicLeapAR (364)
[2023.05.03-19.46.15:799][457]LogModuleManager: Shutting down and abandoning module UdpMessaging (362)
[2023.05.03-19.46.15:900][457]LogModuleManager: Shutting down and abandoning module TcpMessaging (360)
[2023.05.03-19.46.16:003][457]LogModuleManager: Shutting down and abandoning module PythonScriptPlugin (358)
[2023.05.03-19.46.16:003][457]LogModuleManager: Shutting down and abandoning module NiagaraAnimNotifies (356)
[2023.05.03-19.46.16:003][457]LogModuleManager: Shutting down and abandoning module Niagara (354)
[2023.05.03-19.46.16:006][457]LogModuleManager: Shutting down and abandoning module SignalProcessing (353)
[2023.05.03-19.46.16:006][457]LogModuleManager: Shutting down and abandoning module NiagaraEditor (351)
[2023.05.03-19.46.16:008][457]LogModuleManager: Shutting down and abandoning module NiagaraCore (348)
[2023.05.03-19.46.16:008][457]LogModuleManager: Shutting down and abandoning module FacialAnimationEditor (346)
[2023.05.03-19.46.16:008][457]LogModuleManager: Shutting down and abandoning module FacialAnimation (344)
[2023.05.03-19.46.16:008][457]LogModuleManager: Shutting down and abandoning module GameplayTagsEditor (342)
[2023.05.03-19.46.16:009][457]LogModuleManager: Shutting down and abandoning module DataValidation (340)
[2023.05.03-19.46.16:009][457]LogModuleManager: Shutting down and abandoning module AssetManagerEditor (338)
[2023.05.03-19.46.16:010][457]LogModuleManager: Shutting down and abandoning module LevelEditor (337)
[2023.05.03-19.46.16:014][457]LogModuleManager: Shutting down and abandoning module PixelInspectorModule (336)
[2023.05.03-19.46.16:014][457]LogModuleManager: Shutting down and abandoning module CommonMenuExtensions (334)
[2023.05.03-19.46.16:014][457]LogModuleManager: Shutting down and abandoning module MainFrame (332)
[2023.05.03-19.46.16:014][457]LogModuleManager: Shutting down and abandoning module HotReload (331)
[2023.05.03-19.46.16:015][457]LogModuleManager: Shutting down and abandoning module ToolMenus (327)
[2023.05.03-19.46.16:015][457]LogModuleManager: Shutting down and abandoning module ContentBrowser (325)
[2023.05.03-19.46.16:015][457]LogModuleManager: Shutting down and abandoning module ContentBrowserData (324)
[2023.05.03-19.46.16:015][457]LogModuleManager: Shutting down and abandoning module TreeMap (321)
[2023.05.03-19.46.16:015][457]LogModuleManager: Shutting down and abandoning module PropertyAccessNode (318)
[2023.05.03-19.46.16:015][457]LogModuleManager: Shutting down and abandoning module AnimationSharing (316)
[2023.05.03-19.46.16:015][457]LogModuleManager: Shutting down and abandoning module Paper2D (314)
[2023.05.03-19.46.16:016][457]LogModuleManager: Shutting down and abandoning module LightPropagationVolumeRuntime (312)
[2023.05.03-19.46.16:016][457]LogModuleManager: Shutting down and abandoning module EnvironmentQueryEditor (310)
[2023.05.03-19.46.16:017][457]LogModuleManager: Shutting down and abandoning module WindowsMoviePlayer (308)
[2023.05.03-19.46.16:017][457]LogModuleManager: Shutting down and abandoning module WebMMoviePlayer (306)
[2023.05.03-19.46.16:017][457]LogModuleManager: Shutting down and abandoning module NetworkReplayStreaming (304)
[2023.05.03-19.46.16:017][457]LogModuleManager: Shutting down and abandoning module PacketHandler (302)
[2023.05.03-19.46.16:017][457]LogModuleManager: Shutting down and abandoning module ClothingSystemEditor (300)
[2023.05.03-19.46.16:017][457]LogModuleManager: Shutting down and abandoning module ClothingSystemRuntimeNv (298)
[2023.05.03-19.46.16:018][457]LogModuleManager: Shutting down and abandoning module MediaAssets (296)
[2023.05.03-19.46.16:018][457]LogModuleManager: Shutting down and abandoning module Overlay (294)
[2023.05.03-19.46.16:018][457]LogModuleManager: Shutting down and abandoning module OverlayEditor (293)
[2023.05.03-19.46.16:018][457]LogModuleManager: Shutting down and abandoning module VREditor (290)
[2023.05.03-19.46.16:019][457]LogModuleManager: Shutting down and abandoning module StringTableEditor (288)
[2023.05.03-19.46.16:020][457]LogModuleManager: Shutting down and abandoning module GameplayTasksEditor (286)
[2023.05.03-19.46.16:020][457]LogModuleManager: Shutting down and abandoning module BehaviorTreeEditor (284)
[2023.05.03-19.46.16:021][457]LogModuleManager: Shutting down and abandoning module FunctionalTesting (282)
[2023.05.03-19.46.16:021][457]LogModuleManager: Shutting down and abandoning module CollisionAnalyzer (280)
[2023.05.03-19.46.16:022][457]LogModuleManager: Shutting down and abandoning module WorkspaceMenuStructure (279)
[2023.05.03-19.46.16:022][457]LogModuleManager: Shutting down and abandoning module UMG (276)
[2023.05.03-19.46.16:022][457]LogModuleManager: Shutting down and abandoning module UMGEditor (275)
[2023.05.03-19.46.16:022][457]LogModuleManager: Shutting down and abandoning module MessageLog (273)
[2023.05.03-19.46.16:023][457]LogModuleManager: Shutting down and abandoning module SlateReflector (268)
[2023.05.03-19.46.16:024][457]LogModuleManager: Shutting down and abandoning module Slate (266)
[2023.05.03-19.46.16:024][457]LogModuleManager: Shutting down and abandoning module SlateCore (264)
[2023.05.03-19.46.16:025][457]LogModuleManager: Shutting down and abandoning module LandscapeEditorUtilities (262)
[2023.05.03-19.46.16:025][457]LogModuleManager: Shutting down and abandoning module UnrealEd (260)
[2023.05.03-19.46.16:025][457]LogModuleManager: Shutting down and abandoning module MRMesh (258)
[2023.05.03-19.46.16:025][457]LogModuleManager: Shutting down and abandoning module SourceCodeAccess (256)
[2023.05.03-19.46.16:025][457]LogModuleManager: Shutting down and abandoning module HeadMountedDisplay (254)
[2023.05.03-19.46.16:025][457]LogModuleManager: Shutting down and abandoning module XAudio2 (252)
[2023.05.03-19.46.16:025][457]LogModuleManager: Shutting down and abandoning module Networking (250)
[2023.05.03-19.46.16:025][457]LogModuleManager: Shutting down and abandoning module Core (248)
[2023.05.03-19.46.16:025][457]LogModuleManager: Shutting down and abandoning module MaterialEditor (246)
[2023.05.03-19.46.16:025][457]LogModuleManager: Shutting down and abandoning module MovieSceneTools (244)
[2023.05.03-19.46.16:026][457]LogModuleManager: Shutting down and abandoning module CurveEditor (243)
[2023.05.03-19.46.16:027][457]LogModuleManager: Shutting down and abandoning module Sequencer (241)
[2023.05.03-19.46.16:028][457]LogModuleManager: Shutting down and abandoning module EditorStyle (240)
[2023.05.03-19.46.16:030][457]LogModuleManager: Shutting down and abandoning module KismetCompiler (236)
[2023.05.03-19.46.16:030][457]LogModuleManager: Shutting down and abandoning module MeshBuilder (234)
[2023.05.03-19.46.16:030][457]LogModuleManager: Shutting down and abandoning module MeshUtilities (232)
[2023.05.03-19.46.16:030][457]LogModuleManager: Shutting down and abandoning module MeshMergeUtilities (231)
[2023.05.03-19.46.16:030][457]LogModuleManager: Shutting down and abandoning module MeshReductionInterface (230)
[2023.05.03-19.46.16:030][457]LogModuleManager: Shutting down and abandoning module MeshBoneReduction (229)
[2023.05.03-19.46.16:030][457]LogModuleManager: Shutting down and abandoning module SkeletalMeshReduction (227)
[2023.05.03-19.46.16:030][457]LogModuleManager: Shutting down and abandoning module ProxyLODMeshReduction (225)
[2023.05.03-19.46.16:031][457]LogModuleManager: Shutting down and abandoning module QuadricMeshReduction (223)
[2023.05.03-19.46.16:031][457]LogModuleManager: Shutting down and abandoning module MaterialBaking (219)
[2023.05.03-19.46.16:031][457]LogModuleManager: Shutting down and abandoning module NullInstallBundleManager (214)
[2023.05.03-19.46.16:031][457]LogModuleManager: Shutting down and abandoning module DerivedDataCache (212)
[2023.05.03-19.46.16:031][457]LogModuleManager: Shutting down and abandoning module TargetPlatform (210)
[2023.05.03-19.46.16:032][457]LogModuleManager: Shutting down and abandoning module VulkanShaderFormat (209)
[2023.05.03-19.46.16:032][457]LogModuleManager: Shutting down and abandoning module ShaderFormatVectorVM (207)
[2023.05.03-19.46.16:032][457]LogModuleManager: Shutting down and abandoning module ShaderFormatOpenGL (205)
[2023.05.03-19.46.16:033][457]LogModuleManager: Shutting down and abandoning module ShaderFormatD3D (203)
[2023.05.03-19.46.16:033][457]LogModuleManager: Shutting down and abandoning module MetalShaderFormat (201)
[2023.05.03-19.46.16:033][457]LogModuleManager: Shutting down and abandoning module TextureFormatOodle (199)
[2023.05.03-19.46.16:033][457]LogModuleManager: Shutting down and abandoning module TextureFormatUncompressed (197)
[2023.05.03-19.46.16:033][457]LogModuleManager: Shutting down and abandoning module TextureFormatPVR (195)
[2023.05.03-19.46.16:033][457]LogModuleManager: Shutting down and abandoning module TextureFormatETC2 (193)
[2023.05.03-19.46.16:033][457]LogModuleManager: Shutting down and abandoning module TextureFormatDXT (191)
[2023.05.03-19.46.16:033][457]LogModuleManager: Shutting down and abandoning module TextureFormatIntelISPCTexComp (189)
[2023.05.03-19.46.16:033][457]LogModuleManager: Shutting down and abandoning module TextureFormatASTC (187)
[2023.05.03-19.46.16:033][457]LogModuleManager: Shutting down and abandoning module ImageWrapper (186)
[2023.05.03-19.46.16:033][457]LogModuleManager: Shutting down and abandoning module AudioFormatOpus (183)
[2023.05.03-19.46.16:034][457]LogModuleManager: Shutting down and abandoning module AudioFormatOgg (181)
[2023.05.03-19.46.16:034][457]LogModuleManager: Shutting down and abandoning module AudioFormatADPCM (179)
[2023.05.03-19.46.16:034][457]LogModuleManager: Shutting down and abandoning module WindowsServerTargetPlatform (177)
[2023.05.03-19.46.16:034][457]LogModuleManager: Shutting down and abandoning module WindowsClientTargetPlatform (175)
[2023.05.03-19.46.16:034][457]LogModuleManager: Shutting down and abandoning module WindowsTargetPlatform (173)
[2023.05.03-19.46.16:034][457]LogModuleManager: Shutting down and abandoning module WindowsNoEditorTargetPlatform (171)
[2023.05.03-19.46.16:034][457]LogModuleManager: Shutting down and abandoning module TVOSTargetPlatform (169)
[2023.05.03-19.46.16:038][457]LogModuleManager: Shutting down and abandoning module MacServerTargetPlatform (167)
[2023.05.03-19.46.16:038][457]LogModuleManager: Shutting down and abandoning module MacClientTargetPlatform (165)
[2023.05.03-19.46.16:038][457]LogModuleManager: Shutting down and abandoning module MacTargetPlatform (163)
[2023.05.03-19.46.16:039][457]LogModuleManager: Shutting down and abandoning module MacNoEditorTargetPlatform (161)
[2023.05.03-19.46.16:039][457]LogModuleManager: Shutting down and abandoning module LuminTargetPlatform (159)
[2023.05.03-19.46.16:046][457]LogModuleManager: Shutting down and abandoning module LinuxAArch64ServerTargetPlatform (157)
[2023.05.03-19.46.16:047][457]LogModuleManager: Shutting down and abandoning module LinuxAArch64ClientTargetPlatform (155)
[2023.05.03-19.46.16:047][457]LogModuleManager: Shutting down and abandoning module LinuxAArch64NoEditorTargetPlatform (153)
[2023.05.03-19.46.16:047][457]LogModuleManager: Shutting down and abandoning module LinuxServerTargetPlatform (151)
[2023.05.03-19.46.16:047][457]LogModuleManager: Shutting down and abandoning module LinuxClientTargetPlatform (149)
[2023.05.03-19.46.16:047][457]LogModuleManager: Shutting down and abandoning module LinuxNoEditorTargetPlatform (147)
[2023.05.03-19.46.16:047][457]LogModuleManager: Shutting down and abandoning module LinuxTargetPlatform (145)
[2023.05.03-19.46.16:047][457]LogModuleManager: Shutting down and abandoning module Messaging (143)
[2023.05.03-19.46.16:047][457]LogModuleManager: Shutting down and abandoning module IOSTargetPlatform (141)
[2023.05.03-19.46.16:050][457]LogModuleManager: Shutting down and abandoning module AndroidTargetPlatform (139)
[2023.05.03-19.46.16:062][457]LogModuleManager: Shutting down and abandoning module AllDesktopTargetPlatform (137)
[2023.05.03-19.46.16:062][457]LogModuleManager: Shutting down and abandoning module D3D11RHI (134)
[2023.05.03-19.46.16:062][457]LogModuleManager: Shutting down and abandoning module InputCore (132)
[2023.05.03-19.46.16:062][457]LogModuleManager: Shutting down and abandoning module Settings (130)
[2023.05.03-19.46.16:062][457]LogModuleManager: Shutting down and abandoning module DirectoryWatcher (128)
[2023.05.03-19.46.16:063][457]LogModuleManager: Shutting down and abandoning module PhysXCooking (126)
[2023.05.03-19.46.16:063][457]LogModuleManager: Shutting down and abandoning module Chaos (124)
[2023.05.03-19.46.16:063][457]LogModuleManager: Shutting down and abandoning module WindowsPlatformFeatures (122)
[2023.05.03-19.46.16:063][457]LogModuleManager: Shutting down and abandoning module GameplayMediaEncoder (121)
[2023.05.03-19.46.16:064][457]LogModuleManager: Shutting down and abandoning module AVEncoder (120)
[2023.05.03-19.46.16:064][457]LogModuleManager: Shutting down and abandoning module SteamVRInputDevice (116)
[2023.05.03-19.46.16:064][457]LogModuleManager: Shutting down and abandoning module SteamVRInput (114)
[2023.05.03-19.46.16:064][457]LogModuleManager: Shutting down and abandoning module SteamVR (112)
[2023.05.03-19.46.16:065][457]LogHMD: Freeing OpenVRDLLHandle.
[2023.05.03-19.46.16:065][457]LogModuleManager: Shutting down and abandoning module OculusHMD (110)
[2023.05.03-19.46.16:065][457]LogModuleManager: Shutting down and abandoning module OpenXRHandTracking (108)
[2023.05.03-19.46.16:066][457]LogSlate: Slate User Destroyed.  User Index 0, Is Virtual User: 0
[2023.05.03-19.46.16:066][457]LogModuleManager: Shutting down and abandoning module OpenXREyeTracker (106)
[2023.05.03-19.46.16:066][457]LogModuleManager: Shutting down and abandoning module OpenXRAR (104)
[2023.05.03-19.46.16:067][457]LogModuleManager: Shutting down and abandoning module AugmentedReality (103)
[2023.05.03-19.46.16:067][457]LogModuleManager: Shutting down and abandoning module OpenXRHMD (100)
[2023.05.03-19.46.16:068][457]LogModuleManager: Shutting down and abandoning module ExampleDeviceProfileSelector (98)
[2023.05.03-19.46.16:068][457]LogModuleManager: Shutting down and abandoning module ChunkDownloader (96)
[2023.05.03-19.46.16:068][457]LogModuleManager: Shutting down and abandoning module OnlineBlueprintSupport (94)
[2023.05.03-19.46.16:068][457]LogModuleManager: Shutting down and abandoning module OnlineSubsystem (90)
[2023.05.03-19.46.16:071][457]LogModuleManager: Shutting down and abandoning module XMPP (85)
[2023.05.03-19.46.16:072][457]LogModuleManager: Shutting down and abandoning module WebSockets (84)
[2023.05.03-19.46.16:095][457]LogModuleManager: Shutting down and abandoning module HTTP (81)
[2023.05.03-19.46.16:095][457]LogHttp: Display: Http module shutting down, but needs to wait on 1 outstanding Http requests:
[2023.05.03-19.46.16:096][457]LogHttp: Display: 	verb=[POST] url=[https://datarouter.ol.epicgames.com/datarouter/api/v1/public/data?SessionID=%7B0B1E59DA-4DD1-A070-AC31-A4A1418EA4C4%7D&AppID=UEEditor.Rocket.Release&AppVersion=4.27.0-17155196%2B%2B%2BUE4%2BRelease-4.27&UserID=6c323a574de77068069fd1a69ce5459b%7Ce0d89e8bb4f042d48aa65e438af618d2%7C27c992d2-39c7-4861-bb46-ff907c92b92a&AppEnvironment=datacollector-binary&UploadType=eteventstream] refs=[1] status=Processing
[2023.05.03-19.46.16:096][457]LogHttp: Display: cleaning up 1 outstanding Http requests.
[2023.05.03-19.46.16:101][457]LogModuleManager: Shutting down and abandoning module SSL (80)
[2023.05.03-19.46.16:103][457]LogModuleManager: Shutting down and abandoning module LauncherChunkInstaller (76)
[2023.05.03-19.46.16:103][457]LogModuleManager: Shutting down and abandoning module WmfMedia (74)
[2023.05.03-19.46.16:106][457]LogModuleManager: Shutting down and abandoning module Media (73)
[2023.05.03-19.46.16:107][457]LogModuleManager: Shutting down and abandoning module MediaInfo (72)
[2023.05.03-19.46.16:107][457]LogModuleManager: Shutting down and abandoning module ExrReaderGpu (68)
[2023.05.03-19.46.16:108][457]LogModuleManager: Shutting down and abandoning module MLSDK (66)
[2023.05.03-19.46.16:108][457]LogModuleManager: Shutting down and abandoning module MagicLeap (64)
[2023.05.03-19.46.16:108][457]LogModuleManager: Shutting down and abandoning module ChaosCloth (62)
[2023.05.03-19.46.16:108][457]LogModuleManager: Shutting down and abandoning module VariantManagerContent (60)
[2023.05.03-19.46.16:108][457]LogModuleManager: Shutting down and abandoning module NiagaraVertexFactories (58)
[2023.05.03-19.46.16:108][457]LogModuleManager: Shutting down and abandoning module NiagaraShader (56)
[2023.05.03-19.46.16:108][457]LogModuleManager: Shutting down and abandoning module DatasmithContent (54)
[2023.05.03-19.46.16:109][457]LogModuleManager: Shutting down and abandoning module PixWinPlugin (52)
[2023.05.03-19.46.16:109][457]LogModuleManager: Shutting down and abandoning module AISupportModule (50)
[2023.05.03-19.46.16:109][457]LogModuleManager: Shutting down and abandoning module DesktopPlatform (48)
[2023.05.03-19.46.16:109][457]LogModuleManager: Shutting down and abandoning module PythonScriptPluginPreload (46)
[2023.05.03-19.46.16:109][457]LogModuleManager: Shutting down and abandoning module PlatformCryptoOpenSSL (44)
[2023.05.03-19.46.16:110][457]LogModuleManager: Shutting down and abandoning module PlatformCryptoTypes (42)
[2023.05.03-19.46.16:110][457]LogModuleManager: Shutting down and abandoning module PlatformCrypto (40)
[2023.05.03-19.46.16:110][457]LogModuleManager: Shutting down and abandoning module OodleDataCompressionFormat (38)
[2023.05.03-19.46.16:110][457]LogModuleManager: Shutting down and abandoning module XGEController (36)
[2023.05.03-19.46.16:111][457]LogXGEController: Cleaning working directory: C:/Users/Asus/AppData/Local/Temp/UnrealXGEWorkingDir/
[2023.05.03-19.46.16:111][457]LogModuleManager: Shutting down and abandoning module AnimationModifiers (34)
[2023.05.03-19.46.16:111][457]LogModuleManager: Shutting down and abandoning module AudioEditor (32)
[2023.05.03-19.46.16:112][457]LogModuleManager: Shutting down and abandoning module PropertyEditor (31)
[2023.05.03-19.46.16:113][457]LogModuleManager: Shutting down and abandoning module TextureCompressor (28)
[2023.05.03-19.46.16:113][457]LogModuleManager: Shutting down and abandoning module RenderCore (26)
[2023.05.03-19.46.16:113][457]LogModuleManager: Shutting down and abandoning module Landscape (24)
[2023.05.03-19.46.16:113][457]LogModuleManager: Shutting down and abandoning module SlateRHIRenderer (22)
[2023.05.03-19.46.16:114][457]LogModuleManager: Shutting down and abandoning module AnimGraphRuntime (20)
[2023.05.03-19.46.16:115][457]LogModuleManager: Shutting down and abandoning module Renderer (18)
[2023.05.03-19.46.16:115][457]LogModuleManager: Shutting down and abandoning module Engine (16)
[2023.05.03-19.46.16:116][457]LogModuleManager: Shutting down and abandoning module CoreUObject (14)
[2023.05.03-19.46.16:116][457]LogModuleManager: Shutting down and abandoning module NetworkFile (12)
[2023.05.03-19.46.16:116][457]LogModuleManager: Shutting down and abandoning module CookedIterativeFile (10)
[2023.05.03-19.46.16:116][457]LogModuleManager: Shutting down and abandoning module StreamingFile (8)
[2023.05.03-19.46.16:117][457]LogModuleManager: Shutting down and abandoning module SandboxFile (6)
[2023.05.03-19.46.16:117][457]LogModuleManager: Shutting down and abandoning module PakFile (4)
[2023.05.03-19.46.16:117][457]LogModuleManager: Shutting down and abandoning module RSA (3)
[2023.05.03-19.46.16:117][457]LogContentStreaming: Display: There are 1 unreleased StreamingManagers
[2023.05.03-19.46.16:119][457]LogD3D11RHI: Shutdown
[2023.05.03-19.46.16:119][457]LogD3D11RHI: CleanupD3DDevice
[2023.05.03-19.46.16:139][457]LogExit: Exiting.
[2023.05.03-19.46.16:155][457]Log file closed, 05/03/23 23:16:16
