Log file open, 04/23/23 10:13:55
LogWindows: Failed to load 'aqProf.dll' (GetLastError=126)
LogWindows: File 'aqProf.dll' does not exist
LogWindows: Failed to load 'VtuneApi.dll' (GetLastError=126)
LogWindows: File 'VtuneApi.dll' does not exist
LogWindows: Failed to load 'VtuneApi32e.dll' (GetLastError=126)
LogWindows: File 'VtuneApi32e.dll' does not exist
LogConsoleResponse: Display: Failed to find resolution value strings in scalability ini. Falling back to default.
LogConsoleResponse: Display: Failed to find resolution value strings in scalability ini. Falling back to default.
LogInit: Display: Running engine for game: SpeedLimit_UniAzad
LogPlatformFile: Not using cached read wrapper
LogTaskGraph: Started task graph with 5 named threads and 23 total threads with 3 sets of task threads.
LogStats: Stats thread started at 0.364454
LogICUInternationalization: ICU TimeZone Detection - Raw Offset: +3:30, Platform Override: ''
LogInit: Display: Loading text-based GConfig....
LogPluginManager: Mounting plugin MeshPainting
LogPluginManager: Mounting plugin XGEController
LogPluginManager: Mounting plugin Paper2D
LogPluginManager: Mounting plugin AISupport
LogPluginManager: Mounting plugin EnvironmentQueryEditor
LogPluginManager: Mounting plugin LiveLink
LogPluginManager: Mounting plugin LightPropagationVolume
LogPluginManager: Mounting plugin CameraShakePreviewer
LogPluginManager: Mounting plugin GameplayCameras
LogPluginManager: Mounting plugin OodleData
LogPluginManager: Mounting plugin OodleNetwork
LogPluginManager: Mounting plugin DatasmithContent
LogPluginManager: Mounting plugin AnimationSharing
LogPluginManager: Mounting plugin CLionSourceCodeAccess
LogPluginManager: Mounting plugin CodeLiteSourceCodeAccess
LogPluginManager: Mounting plugin VariantManagerContent
LogPluginManager: Mounting plugin KDevelopSourceCodeAccess
LogPluginManager: Mounting plugin GitSourceControl
LogPluginManager: Mounting plugin NullSourceCodeAccess
LogPluginManager: Mounting plugin PerforceSourceControl
LogPluginManager: Mounting plugin PixWinPlugin
LogPluginManager: Mounting plugin PlasticSourceControl
LogPluginManager: Mounting plugin PluginUtils
LogPluginManager: Mounting plugin PropertyAccessNode
LogPluginManager: Mounting plugin RiderSourceCodeAccess
LogPluginManager: Mounting plugin SubversionSourceControl
LogPluginManager: Mounting plugin UObjectPlugin
LogPluginManager: Mounting plugin TextureFormatOodle
LogPluginManager: Mounting plugin VisualStudioCodeSourceCodeAccess
LogPluginManager: Mounting plugin VisualStudioSourceCodeAccess
LogPluginManager: Mounting plugin XCodeSourceCodeAccess
LogPluginManager: Mounting plugin AssetManagerEditor
LogPluginManager: Mounting plugin CurveEditorTools
LogPluginManager: Mounting plugin CryptoKeys
LogPluginManager: Mounting plugin DataValidation
LogPluginManager: Mounting plugin FacialAnimation
LogPluginManager: Mounting plugin GeometryMode
LogPluginManager: Mounting plugin GameplayTagsEditor
LogPluginManager: Mounting plugin MaterialAnalyzer
LogPluginManager: Mounting plugin PluginBrowser
LogPluginManager: Mounting plugin MacGraphicsSwitching
LogPluginManager: Mounting plugin MobileLauncherProfileWizard
LogPluginManager: Mounting plugin SpeedTreeImporter
LogPluginManager: Mounting plugin Niagara
LogPluginManager: Mounting plugin LuminPlatformFeatures
LogPluginManager: Mounting plugin MagicLeap
LogPluginManager: Mounting plugin MagicLeapLightEstimation
LogPluginManager: Mounting plugin MagicLeapMedia
LogPluginManager: Mounting plugin AndroidMedia
LogPluginManager: Mounting plugin MagicLeapPassableWorld
LogPluginManager: Mounting plugin AvfMedia
LogPluginManager: Mounting plugin MLSDK
LogPluginManager: Mounting plugin ImgMedia
LogPluginManager: Mounting plugin MediaCompositing
LogPluginManager: Mounting plugin MediaPlayerEditor
LogPluginManager: Mounting plugin WebMMedia
LogPluginManager: Mounting plugin WmfMedia
LogPluginManager: Mounting plugin AlembicImporter
LogPluginManager: Mounting plugin AutomationUtils
LogPluginManager: Mounting plugin BackChannel
LogPluginManager: Mounting plugin ChaosClothEditor
LogPluginManager: Mounting plugin ChaosCloth
LogPluginManager: Mounting plugin ChaosNiagara
LogPluginManager: Mounting plugin ChaosEditor
LogPluginManager: Mounting plugin ChaosSolverPlugin
LogPluginManager: Mounting plugin CharacterAI
LogPluginManager: Mounting plugin GeometryCache
LogPluginManager: Mounting plugin GeometryCollectionPlugin
LogPluginManager: Mounting plugin TcpMessaging
LogPluginManager: Mounting plugin UdpMessaging
LogPluginManager: Mounting plugin GeometryProcessing
LogPluginManager: Mounting plugin OpenImageDenoise
LogPluginManager: Mounting plugin MotoSynth
LogPluginManager: Mounting plugin PlanarCut
LogPluginManager: Mounting plugin PlatformCrypto
LogPluginManager: Mounting plugin ProxyLODPlugin
LogPluginManager: Mounting plugin PythonScriptPlugin
LogPluginManager: Mounting plugin SkeletalReduction
LogPluginManager: Mounting plugin ActorSequence
LogPluginManager: Mounting plugin LevelSequenceEditor
LogPluginManager: Mounting plugin MatineeToLevelSequence
LogPluginManager: Mounting plugin TemplateSequence
LogPluginManager: Mounting plugin OnlineSubsystem
LogPluginManager: Mounting plugin OnlineSubsystemNull
LogPluginManager: Mounting plugin OnlineSubsystemUtils
LogPluginManager: Mounting plugin LauncherChunkInstaller
LogPluginManager: Mounting plugin ActorLayerUtilities
LogPluginManager: Mounting plugin AndroidDeviceProfileSelector
LogPluginManager: Mounting plugin AndroidPermission
LogPluginManager: Mounting plugin AndroidMoviePlayer
LogPluginManager: Mounting plugin AppleImageUtils
LogPluginManager: Mounting plugin AppleMoviePlayer
LogPluginManager: Mounting plugin ArchVisCharacter
LogPluginManager: Mounting plugin AssetTags
LogPluginManager: Mounting plugin AudioCapture
LogPluginManager: Mounting plugin AudioSynesthesia
LogPluginManager: Mounting plugin ChunkDownloader
LogPluginManager: Mounting plugin CableComponent
LogPluginManager: Mounting plugin CustomMeshComponent
LogPluginManager: Mounting plugin EditableMesh
LogPluginManager: Mounting plugin ExampleDeviceProfileSelector
LogPluginManager: Mounting plugin GoogleCloudMessaging
LogPluginManager: Mounting plugin GooglePAD
LogPluginManager: Mounting plugin IOSDeviceProfileSelector
LogPluginManager: Mounting plugin LinuxDeviceProfileSelector
LogPluginManager: Mounting plugin LocationServicesBPLibrary
LogPluginManager: Mounting plugin MobilePatchingUtils
LogPluginManager: Mounting plugin OpenXR
LogPluginManager: Mounting plugin OpenXREyeTracker
LogPluginManager: Mounting plugin OpenXRHandTracking
LogPluginManager: Mounting plugin PhysXVehicles
LogPluginManager: Mounting plugin PostSplashScreen
LogPluginManager: Mounting plugin ProceduralMeshComponent
LogPluginManager: Mounting plugin PropertyAccessEditor
LogPluginManager: Mounting plugin RuntimePhysXCooking
LogPluginManager: Mounting plugin SignificanceManager
LogPluginManager: Mounting plugin SoundFields
LogPluginManager: Mounting plugin Synthesis
LogPluginManager: Mounting plugin WebMMoviePlayer
LogPluginManager: Mounting plugin WindowsMoviePlayer
LogPluginManager: Mounting plugin ScreenshotTools
LogPluginManager: Mounting plugin Takes
LogPluginManager: Mounting plugin ContentBrowserAssetDataSource
LogPluginManager: Mounting plugin ContentBrowserFileDataSource
LogPluginManager: Mounting plugin ContentBrowserClassDataSource
LogPluginManager: Mounting plugin OnlineSubsystemGooglePlay
LogPluginManager: Mounting plugin OnlineSubsystemIOS
LogPluginManager: Mounting plugin OculusVR
LogPluginManager: Mounting plugin SteamVR
PixWinPlugin: PIX capture plugin failed to initialize! Check that the process is launched from PIX.
LogInit: Using libcurl 7.55.1-DEV
LogInit:  - built for x86_64-pc-win32
LogInit:  - supports SSL with OpenSSL/1.1.1
LogInit:  - supports HTTP deflate (compression) using libz 1.2.8
LogInit:  - other features:
LogInit:      CURL_VERSION_SSL
LogInit:      CURL_VERSION_LIBZ
LogInit:      CURL_VERSION_IPV6
LogInit:      CURL_VERSION_ASYNCHDNS
LogInit:      CURL_VERSION_LARGEFILE
LogInit:      CURL_VERSION_IDN
LogInit:  CurlRequestOptions (configurable via config and command line):
LogInit:  - bVerifyPeer = true  - Libcurl will verify peer certificate
LogInit:  - bUseHttpProxy = false  - Libcurl will NOT use HTTP proxy
LogInit:  - bDontReuseConnections = false  - Libcurl will reuse connections
LogInit:  - MaxHostConnections = 16  - Libcurl will limit the number of connections to a host
LogInit:  - LocalHostAddr = Default
LogInit:  - BufferSize = 65536
LogOnline: OSS: Creating online subsystem instance for: NULL
LogInit: WinSock: version 1.1 (2.2), MaxSocks=32767, MaxUdp=65467
LogOnline: OSS: TryLoadSubsystemAndSetDefault: Loaded subsystem for module [NULL]
LogOculusPluginWrapper: OculusPlugin initialized successfully
LogHMD: Failed initializing OVRPlugin 1.59.0
LogInit: Build: ++UE4+Release-4.27-CL-17155196
LogInit: Engine Version: 4.27.0-17155196+++UE4+Release-4.27
LogInit: Compatible Engine Version: 4.27.0-17155196+++UE4+Release-4.27
LogInit: Net CL: 17155196
LogInit: OS: Windows 10 (Release 2009) (), CPU: 11th Gen Intel(R) Core(TM) i7-1195G7 @ 2.90GHz, GPU: Intel(R) Iris(R) Xe Graphics
LogInit: Compiled (64-bit): Aug 13 2021 06:13:13
LogInit: Compiled with Visual C++: 19.24.28315.00
LogInit: Build Configuration: Development
LogInit: Branch Name: ++UE4+Release-4.27
LogInit: Command Line: 
LogInit: Base Directory: E:/Downloads/unreal_engine_v4.27_compiled/Unreal Engine v4.27 Compiled/Engine/Binaries/Win64/
LogInit: Allocator: TBB
LogInit: Installed Engine Build: 1
LogDevObjectVersion: Number of dev versions registered: 29
LogDevObjectVersion:   Dev-Blueprints (B0D832E4-1F89-4F0D-ACCF-7EB736FD4AA2): 10
LogDevObjectVersion:   Dev-Build (E1C64328-A22C-4D53-A36C-8E866417BD8C): 0
LogDevObjectVersion:   Dev-Core (375EC13C-06E4-48FB-B500-84F0262A717E): 4
LogDevObjectVersion:   Dev-Editor (E4B068ED-F494-42E9-A231-DA0B2E46BB41): 40
LogDevObjectVersion:   Dev-Framework (CFFC743F-43B0-4480-9391-14DF171D2073): 37
LogDevObjectVersion:   Dev-Mobile (B02B49B5-BB20-44E9-A304-32B752E40360): 3
LogDevObjectVersion:   Dev-Networking (A4E4105C-59A1-49B5-A7C5-40C4547EDFEE): 0
LogDevObjectVersion:   Dev-Online (39C831C9-5AE6-47DC-9A44-9C173E1C8E7C): 0
LogDevObjectVersion:   Dev-Physics (78F01B33-EBEA-4F98-B9B4-84EACCB95AA2): 14
LogDevObjectVersion:   Dev-Platform (6631380F-2D4D-43E0-8009-CF276956A95A): 0
LogDevObjectVersion:   Dev-Rendering (12F88B9F-8875-4AFC-A67C-D90C383ABD29): 45
LogDevObjectVersion:   Dev-Sequencer (7B5AE74C-D270-4C10-A958-57980B212A5A): 13
LogDevObjectVersion:   Dev-VR (D7296918-1DD6-4BDD-9DE2-64A83CC13884): 3
LogDevObjectVersion:   Dev-LoadTimes (C2A15278-BFE7-4AFE-6C17-90FF531DF755): 1
LogDevObjectVersion:   Private-Geometry (6EACA3D4-40EC-4CC1-B786-8BED09428FC5): 3
LogDevObjectVersion:   Dev-AnimPhys (29E575DD-E0A3-4627-9D10-D276232CDCEA): 17
LogDevObjectVersion:   Dev-Anim (AF43A65D-7FD3-4947-9873-3E8ED9C1BB05): 15
LogDevObjectVersion:   Dev-ReflectionCapture (6B266CEC-1EC7-4B8F-A30B-E4D90942FC07): 1
LogDevObjectVersion:   Dev-Automation (0DF73D61-A23F-47EA-B727-89E90C41499A): 1
LogDevObjectVersion:   FortniteMain (601D1886-AC64-4F84-AA16-D3DE0DEAC7D6): 47
LogDevObjectVersion:   FortniteRelease (E7086368-6B23-4C58-8439-1B7016265E91): 1
LogDevObjectVersion:   Dev-Enterprise (9DFFBCD6-494F-0158-E221-12823C92A888): 10
LogDevObjectVersion:   Dev-Niagara (F2AED0AC-9AFE-416F-8664-AA7FFA26D6FC): 1
LogDevObjectVersion:   Dev-Destruction (174F1F0B-B4C6-45A5-B13F-2EE8D0FB917D): 10
LogDevObjectVersion:   Dev-Physics-Ext (35F94A83-E258-406C-A318-09F59610247C): 41
LogDevObjectVersion:   Dev-PhysicsMaterial-Chaos (B68FC16E-8B1B-42E2-B453-215C058844FE): 1
LogDevObjectVersion:   Dev-CineCamera (B2E18506-4273-CFC2-A54E-F4BB758BBA07): 1
LogDevObjectVersion:   Dev-VirtualProduction (64F58936-FD1B-42BA-BA96-7289D5D0FA4E): 1
LogDevObjectVersion:   Dev-MediaFramework (6F0ED827-A609-4895-9C91-998D90180EA4): 2
LogInit: Presizing for max 25165824 objects, including 0 objects not considered by GC, pre-allocating 0 bytes for permanent pool.
LogConfig: Applying CVar settings from Section [/Script/Engine.StreamingSettings] File [E:/Asus/Documents/GitHub/TheTroubleMakers/Unreal Engine Project/SpeedLimit_UniAzad/Saved/Config/Windows/Engine.ini]
LogConfig: Setting CVar [[s.MinBulkDataSizeForAsyncLoading:131072]]
LogConfig: Setting CVar [[s.AsyncLoadingThreadEnabled:0]]
LogConfig: Setting CVar [[s.EventDrivenLoaderEnabled:1]]
LogConfig: Setting CVar [[s.WarnIfTimeLimitExceeded:0]]
LogConfig: Setting CVar [[s.TimeLimitExceededMultiplier:1.5]]
LogConfig: Setting CVar [[s.TimeLimitExceededMinTime:0.005]]
LogConfig: Setting CVar [[s.UseBackgroundLevelStreaming:1]]
LogConfig: Setting CVar [[s.PriorityAsyncLoadingExtraTime:15.0]]
LogConfig: Setting CVar [[s.LevelStreamingActorsUpdateTimeLimit:5.0]]
LogConfig: Setting CVar [[s.PriorityLevelStreamingActorsUpdateExtraTime:5.0]]
LogConfig: Setting CVar [[s.LevelStreamingComponentsRegistrationGranularity:10]]
LogConfig: Setting CVar [[s.UnregisterComponentsTimeLimit:1.0]]
LogConfig: Setting CVar [[s.LevelStreamingComponentsUnregistrationGranularity:5]]
LogConfig: Setting CVar [[s.FlushStreamingOnExit:1]]
LogInit: Object subsystem initialized
LogConfig: Setting CVar [[con.DebugEarlyDefault:1]]
LogConfig: Setting CVar [[r.setres:1280x720]]
[2023.04.23-06.43.57:478][  0]LogConfig: Setting CVar [[r.VSync:0]]
[2023.04.23-06.43.57:478][  0]LogConfig: Setting CVar [[r.RHICmdBypass:0]]
[2023.04.23-06.43.57:478][  0]LogConfig: Applying CVar settings from Section [/Script/Engine.RendererSettings] File [E:/Asus/Documents/GitHub/TheTroubleMakers/Unreal Engine Project/SpeedLimit_UniAzad/Saved/Config/Windows/Engine.ini]
[2023.04.23-06.43.57:478][  0]LogConfig: Setting CVar [[r.GPUCrashDebugging:0]]
[2023.04.23-06.43.57:478][  0]LogConfig: Applying CVar settings from Section [/Script/Engine.RendererOverrideSettings] File [E:/Asus/Documents/GitHub/TheTroubleMakers/Unreal Engine Project/SpeedLimit_UniAzad/Saved/Config/Windows/Engine.ini]
[2023.04.23-06.43.57:478][  0]LogConfig: Applying CVar settings from Section [/Script/Engine.StreamingSettings] File [E:/Asus/Documents/GitHub/TheTroubleMakers/Unreal Engine Project/SpeedLimit_UniAzad/Saved/Config/Windows/Engine.ini]
[2023.04.23-06.43.57:478][  0]LogConfig: Setting CVar [[s.MinBulkDataSizeForAsyncLoading:131072]]
[2023.04.23-06.43.57:478][  0]LogConfig: Setting CVar [[s.AsyncLoadingThreadEnabled:0]]
[2023.04.23-06.43.57:478][  0]LogConfig: Setting CVar [[s.EventDrivenLoaderEnabled:1]]
[2023.04.23-06.43.57:478][  0]LogConfig: Setting CVar [[s.WarnIfTimeLimitExceeded:0]]
[2023.04.23-06.43.57:478][  0]LogConfig: Setting CVar [[s.TimeLimitExceededMultiplier:1.5]]
[2023.04.23-06.43.57:478][  0]LogConfig: Setting CVar [[s.TimeLimitExceededMinTime:0.005]]
[2023.04.23-06.43.57:478][  0]LogConfig: Setting CVar [[s.UseBackgroundLevelStreaming:1]]
[2023.04.23-06.43.57:478][  0]LogConfig: Setting CVar [[s.PriorityAsyncLoadingExtraTime:15.0]]
[2023.04.23-06.43.57:478][  0]LogConfig: Setting CVar [[s.LevelStreamingActorsUpdateTimeLimit:5.0]]
[2023.04.23-06.43.57:478][  0]LogConfig: Setting CVar [[s.PriorityLevelStreamingActorsUpdateExtraTime:5.0]]
[2023.04.23-06.43.57:478][  0]LogConfig: Setting CVar [[s.LevelStreamingComponentsRegistrationGranularity:10]]
[2023.04.23-06.43.57:478][  0]LogConfig: Setting CVar [[s.UnregisterComponentsTimeLimit:1.0]]
[2023.04.23-06.43.57:478][  0]LogConfig: Setting CVar [[s.LevelStreamingComponentsUnregistrationGranularity:5]]
[2023.04.23-06.43.57:478][  0]LogConfig: Setting CVar [[s.FlushStreamingOnExit:1]]
[2023.04.23-06.43.57:478][  0]LogConfig: Applying CVar settings from Section [/Script/Engine.GarbageCollectionSettings] File [E:/Asus/Documents/GitHub/TheTroubleMakers/Unreal Engine Project/SpeedLimit_UniAzad/Saved/Config/Windows/Engine.ini]
[2023.04.23-06.43.57:478][  0]LogConfig: Setting CVar [[gc.MaxObjectsNotConsideredByGC:1]]
[2023.04.23-06.43.57:479][  0]LogConfig: Setting CVar [[gc.SizeOfPermanentObjectPool:0]]
[2023.04.23-06.43.57:479][  0]LogConfig: Setting CVar [[gc.FlushStreamingOnGC:0]]
[2023.04.23-06.43.57:479][  0]LogConfig: Setting CVar [[gc.NumRetriesBeforeForcingGC:10]]
[2023.04.23-06.43.57:479][  0]LogConfig: Setting CVar [[gc.AllowParallelGC:1]]
[2023.04.23-06.43.57:479][  0]LogConfig: Setting CVar [[gc.TimeBetweenPurgingPendingKillObjects:61.1]]
[2023.04.23-06.43.57:479][  0]LogConfig: Setting CVar [[gc.MaxObjectsInEditor:25165824]]
[2023.04.23-06.43.57:479][  0]LogConfig: Setting CVar [[gc.IncrementalBeginDestroyEnabled:1]]
[2023.04.23-06.43.57:479][  0]LogConfig: Setting CVar [[gc.CreateGCClusters:1]]
[2023.04.23-06.43.57:479][  0]LogConfig: Setting CVar [[gc.MinGCClusterSize:5]]
[2023.04.23-06.43.57:479][  0]LogConfig: Setting CVar [[gc.ActorClusteringEnabled:0]]
[2023.04.23-06.43.57:479][  0]LogConfig: Setting CVar [[gc.BlueprintClusteringEnabled:0]]
[2023.04.23-06.43.57:479][  0]LogConfig: Setting CVar [[gc.UseDisregardForGCOnDedicatedServers:0]]
[2023.04.23-06.43.57:479][  0]LogConfig: Setting CVar [[gc.MultithreadedDestructionEnabled:1]]
[2023.04.23-06.43.57:479][  0]LogConfig: Applying CVar settings from Section [/Script/Engine.NetworkSettings] File [E:/Asus/Documents/GitHub/TheTroubleMakers/Unreal Engine Project/SpeedLimit_UniAzad/Saved/Config/Windows/Engine.ini]
[2023.04.23-06.43.57:479][  0]LogConfig: Applying CVar settings from Section [/Script/UnrealEd.CookerSettings] File [E:/Asus/Documents/GitHub/TheTroubleMakers/Unreal Engine Project/SpeedLimit_UniAzad/Saved/Config/Windows/Engine.ini]
[2023.04.23-06.43.57:514][  0]LogConfig: Applying CVar settings from Section [ViewDistanceQuality@3] File [E:/Asus/Documents/GitHub/TheTroubleMakers/Unreal Engine Project/SpeedLimit_UniAzad/Saved/Config/Windows/Scalability.ini]
[2023.04.23-06.43.57:514][  0]LogConfig: Setting CVar [[r.SkeletalMeshLODBias:0]]
[2023.04.23-06.43.57:514][  0]LogConfig: Setting CVar [[r.ViewDistanceScale:1.0]]
[2023.04.23-06.43.57:514][  0]LogConfig: Applying CVar settings from Section [AntiAliasingQuality@3] File [E:/Asus/Documents/GitHub/TheTroubleMakers/Unreal Engine Project/SpeedLimit_UniAzad/Saved/Config/Windows/Scalability.ini]
[2023.04.23-06.43.57:514][  0]LogConfig: Setting CVar [[r.PostProcessAAQuality:4]]
[2023.04.23-06.43.57:514][  0]LogConfig: Applying CVar settings from Section [ShadowQuality@3] File [E:/Asus/Documents/GitHub/TheTroubleMakers/Unreal Engine Project/SpeedLimit_UniAzad/Saved/Config/Windows/Scalability.ini]
[2023.04.23-06.43.57:514][  0]LogConfig: Setting CVar [[r.LightFunctionQuality:1]]
[2023.04.23-06.43.57:514][  0]LogConfig: Setting CVar [[r.ShadowQuality:5]]
[2023.04.23-06.43.57:514][  0]LogConfig: Setting CVar [[r.Shadow.CSM.MaxCascades:10]]
[2023.04.23-06.43.57:514][  0]LogConfig: Setting CVar [[r.Shadow.MaxResolution:2048]]
[2023.04.23-06.43.57:514][  0]LogConfig: Setting CVar [[r.Shadow.MaxCSMResolution:2048]]
[2023.04.23-06.43.57:514][  0]LogConfig: Setting CVar [[r.Shadow.RadiusThreshold:0.01]]
[2023.04.23-06.43.57:514][  0]LogConfig: Setting CVar [[r.Shadow.DistanceScale:1.0]]
[2023.04.23-06.43.57:514][  0]LogConfig: Setting CVar [[r.Shadow.CSM.TransitionScale:1.0]]
[2023.04.23-06.43.57:514][  0]LogConfig: Setting CVar [[r.Shadow.PreShadowResolutionFactor:1.0]]
[2023.04.23-06.43.57:514][  0]LogConfig: Setting CVar [[r.DistanceFieldShadowing:1]]
[2023.04.23-06.43.57:514][  0]LogConfig: Setting CVar [[r.DistanceFieldAO:1]]
[2023.04.23-06.43.57:514][  0]LogConfig: Setting CVar [[r.AOQuality:2]]
[2023.04.23-06.43.57:514][  0]LogConfig: Setting CVar [[r.VolumetricFog:1]]
[2023.04.23-06.43.57:514][  0]LogConfig: Setting CVar [[r.VolumetricFog.GridPixelSize:8]]
[2023.04.23-06.43.57:514][  0]LogConfig: Setting CVar [[r.VolumetricFog.GridSizeZ:128]]
[2023.04.23-06.43.57:514][  0]LogConfig: Setting CVar [[r.VolumetricFog.HistoryMissSupersampleCount:4]]
[2023.04.23-06.43.57:514][  0]LogConfig: Setting CVar [[r.LightMaxDrawDistanceScale:1]]
[2023.04.23-06.43.57:514][  0]LogConfig: Setting CVar [[r.CapsuleShadows:1]]
[2023.04.23-06.43.57:514][  0]LogConfig: Applying CVar settings from Section [PostProcessQuality@3] File [E:/Asus/Documents/GitHub/TheTroubleMakers/Unreal Engine Project/SpeedLimit_UniAzad/Saved/Config/Windows/Scalability.ini]
[2023.04.23-06.43.57:514][  0]LogConfig: Setting CVar [[r.MotionBlurQuality:4]]
[2023.04.23-06.43.57:514][  0]LogConfig: Setting CVar [[r.AmbientOcclusionMipLevelFactor:0.4]]
[2023.04.23-06.43.57:514][  0]LogConfig: Setting CVar [[r.AmbientOcclusionMaxQuality:100]]
[2023.04.23-06.43.57:514][  0]LogConfig: Setting CVar [[r.AmbientOcclusionLevels:-1]]
[2023.04.23-06.43.57:514][  0]LogConfig: Setting CVar [[r.AmbientOcclusionRadiusScale:1.0]]
[2023.04.23-06.43.57:514][  0]LogConfig: Setting CVar [[r.DepthOfFieldQuality:2]]
[2023.04.23-06.43.57:514][  0]LogConfig: Setting CVar [[r.RenderTargetPoolMin:400]]
[2023.04.23-06.43.57:514][  0]LogConfig: Setting CVar [[r.LensFlareQuality:2]]
[2023.04.23-06.43.57:514][  0]LogConfig: Setting CVar [[r.SceneColorFringeQuality:1]]
[2023.04.23-06.43.57:514][  0]LogConfig: Setting CVar [[r.EyeAdaptationQuality:2]]
[2023.04.23-06.43.57:514][  0]LogConfig: Setting CVar [[r.BloomQuality:5]]
[2023.04.23-06.43.57:514][  0]LogConfig: Setting CVar [[r.FastBlurThreshold:100]]
[2023.04.23-06.43.57:514][  0]LogConfig: Setting CVar [[r.Upscale.Quality:3]]
[2023.04.23-06.43.57:514][  0]LogConfig: Setting CVar [[r.Tonemapper.GrainQuantization:1]]
[2023.04.23-06.43.57:514][  0]LogConfig: Setting CVar [[r.LightShaftQuality:1]]
[2023.04.23-06.43.57:514][  0]LogConfig: Setting CVar [[r.Filter.SizeScale:1]]
[2023.04.23-06.43.57:514][  0]LogConfig: Setting CVar [[r.Tonemapper.Quality:5]]
[2023.04.23-06.43.57:514][  0]LogConfig: Setting CVar [[r.DOF.Gather.AccumulatorQuality:1        ; higher gathering accumulator quality]]
[2023.04.23-06.43.57:514][  0]LogConfig: Setting CVar [[r.DOF.Gather.PostfilterMethod:1          ; Median3x3 postfilering method]]
[2023.04.23-06.43.57:514][  0]LogConfig: Setting CVar [[r.DOF.Gather.EnableBokehSettings:0       ; no bokeh simulation when gathering]]
[2023.04.23-06.43.57:514][  0]LogConfig: Setting CVar [[r.DOF.Gather.RingCount:4                 ; medium number of samples when gathering]]
[2023.04.23-06.43.57:514][  0]LogConfig: Setting CVar [[r.DOF.Scatter.ForegroundCompositing:1    ; additive foreground scattering]]
[2023.04.23-06.43.57:514][  0]LogConfig: Setting CVar [[r.DOF.Scatter.BackgroundCompositing:2    ; additive background scattering]]
[2023.04.23-06.43.57:514][  0]LogConfig: Setting CVar [[r.DOF.Scatter.EnableBokehSettings:1      ; bokeh simulation when scattering]]
[2023.04.23-06.43.57:514][  0]LogConfig: Setting CVar [[r.DOF.Scatter.MaxSpriteRatio:0.1         ; only a maximum of 10% of scattered bokeh]]
[2023.04.23-06.43.57:514][  0]LogConfig: Setting CVar [[r.DOF.Recombine.Quality:1                ; cheap slight out of focus]]
[2023.04.23-06.43.57:514][  0]LogConfig: Setting CVar [[r.DOF.Recombine.EnableBokehSettings:0    ; no bokeh simulation on slight out of focus]]
[2023.04.23-06.43.57:514][  0]LogConfig: Setting CVar [[r.DOF.TemporalAAQuality:1                ; more stable temporal accumulation]]
[2023.04.23-06.43.57:514][  0]LogConfig: Setting CVar [[r.DOF.Kernel.MaxForegroundRadius:0.025]]
[2023.04.23-06.43.57:514][  0]LogConfig: Setting CVar [[r.DOF.Kernel.MaxBackgroundRadius:0.025]]
[2023.04.23-06.43.57:514][  0]LogConfig: Applying CVar settings from Section [TextureQuality@3] File [E:/Asus/Documents/GitHub/TheTroubleMakers/Unreal Engine Project/SpeedLimit_UniAzad/Saved/Config/Windows/Scalability.ini]
[2023.04.23-06.43.57:514][  0]LogConfig: Setting CVar [[r.Streaming.MipBias:0]]
[2023.04.23-06.43.57:514][  0]LogConfig: Setting CVar [[r.Streaming.AmortizeCPUToGPUCopy:0]]
[2023.04.23-06.43.57:514][  0]LogConfig: Setting CVar [[r.Streaming.MaxNumTexturesToStreamPerFrame:0]]
[2023.04.23-06.43.57:514][  0]LogConfig: Setting CVar [[r.Streaming.Boost:1]]
[2023.04.23-06.43.57:514][  0]LogConfig: Setting CVar [[r.MaxAnisotropy:8]]
[2023.04.23-06.43.57:514][  0]LogConfig: Setting CVar [[r.VT.MaxAnisotropy:8]]
[2023.04.23-06.43.57:514][  0]LogConfig: Setting CVar [[r.Streaming.LimitPoolSizeToVRAM:0]]
[2023.04.23-06.43.57:514][  0]LogConfig: Setting CVar [[r.Streaming.PoolSize:1000]]
[2023.04.23-06.43.57:514][  0]LogConfig: Setting CVar [[r.Streaming.MaxEffectiveScreenSize:0]]
[2023.04.23-06.43.57:514][  0]LogConfig: Applying CVar settings from Section [EffectsQuality@3] File [E:/Asus/Documents/GitHub/TheTroubleMakers/Unreal Engine Project/SpeedLimit_UniAzad/Saved/Config/Windows/Scalability.ini]
[2023.04.23-06.43.57:514][  0]LogConfig: Setting CVar [[r.TranslucencyLightingVolumeDim:64]]
[2023.04.23-06.43.57:514][  0]LogConfig: Setting CVar [[r.RefractionQuality:2]]
[2023.04.23-06.43.57:514][  0]LogConfig: Setting CVar [[r.SSR.Quality:3]]
[2023.04.23-06.43.57:514][  0]LogConfig: Setting CVar [[r.SSR.HalfResSceneColor:0]]
[2023.04.23-06.43.57:514][  0]LogConfig: Setting CVar [[r.SceneColorFormat:4]]
[2023.04.23-06.43.57:514][  0]LogConfig: Setting CVar [[r.DetailMode:2]]
[2023.04.23-06.43.57:514][  0]LogConfig: Setting CVar [[r.TranslucencyVolumeBlur:1]]
[2023.04.23-06.43.57:514][  0]LogConfig: Setting CVar [[r.MaterialQualityLevel:1 ; High quality]]
[2023.04.23-06.43.57:514][  0]LogConfig: Setting CVar [[r.AnisotropicMaterials:1]]
[2023.04.23-06.43.57:514][  0]LogConfig: Setting CVar [[r.SSS.Scale:1]]
[2023.04.23-06.43.57:514][  0]LogConfig: Setting CVar [[r.SSS.SampleSet:2]]
[2023.04.23-06.43.57:514][  0]LogConfig: Setting CVar [[r.SSS.Quality:1]]
[2023.04.23-06.43.57:514][  0]LogConfig: Setting CVar [[r.SSS.HalfRes:0]]
[2023.04.23-06.43.57:514][  0]LogConfig: Setting CVar [[r.SSGI.Quality:3]]
[2023.04.23-06.43.57:514][  0]LogConfig: Setting CVar [[r.EmitterSpawnRateScale:1.0]]
[2023.04.23-06.43.57:514][  0]LogConfig: Setting CVar [[r.ParticleLightQuality:2]]
[2023.04.23-06.43.57:514][  0]LogConfig: Setting CVar [[r.SkyAtmosphere.AerialPerspectiveLUT.FastApplyOnOpaque:1 ; Always have FastSkyLUT 1 in this case to avoid wrong sky]]
[2023.04.23-06.43.57:514][  0]LogConfig: Setting CVar [[r.SkyAtmosphere.AerialPerspectiveLUT.SampleCountMaxPerSlice:4]]
[2023.04.23-06.43.57:514][  0]LogConfig: Setting CVar [[r.SkyAtmosphere.AerialPerspectiveLUT.DepthResolution:16.0]]
[2023.04.23-06.43.57:514][  0]LogConfig: Setting CVar [[r.SkyAtmosphere.FastSkyLUT:1]]
[2023.04.23-06.43.57:514][  0]LogConfig: Setting CVar [[r.SkyAtmosphere.FastSkyLUT.SampleCountMin:4.0]]
[2023.04.23-06.43.57:514][  0]LogConfig: Setting CVar [[r.SkyAtmosphere.FastSkyLUT.SampleCountMax:128.0]]
[2023.04.23-06.43.57:514][  0]LogConfig: Setting CVar [[r.SkyAtmosphere.SampleCountMin:4.0]]
[2023.04.23-06.43.57:514][  0]LogConfig: Setting CVar [[r.SkyAtmosphere.SampleCountMax:128.0]]
[2023.04.23-06.43.57:514][  0]LogConfig: Setting CVar [[r.SkyAtmosphere.TransmittanceLUT.UseSmallFormat:0]]
[2023.04.23-06.43.57:514][  0]LogConfig: Setting CVar [[r.SkyAtmosphere.TransmittanceLUT.SampleCount:10.0]]
[2023.04.23-06.43.57:514][  0]LogConfig: Setting CVar [[r.SkyAtmosphere.MultiScatteringLUT.SampleCount:15.0]]
[2023.04.23-06.43.57:514][  0]LogConfig: Setting CVar [[r.SkyLight.RealTimeReflectionCapture:1]]
[2023.04.23-06.43.57:514][  0]LogConfig: Applying CVar settings from Section [FoliageQuality@3] File [E:/Asus/Documents/GitHub/TheTroubleMakers/Unreal Engine Project/SpeedLimit_UniAzad/Saved/Config/Windows/Scalability.ini]
[2023.04.23-06.43.57:514][  0]LogConfig: Setting CVar [[foliage.DensityScale:1.0]]
[2023.04.23-06.43.57:514][  0]LogConfig: Setting CVar [[grass.DensityScale:1.0]]
[2023.04.23-06.43.57:514][  0]LogConfig: Applying CVar settings from Section [ShadingQuality@3] File [E:/Asus/Documents/GitHub/TheTroubleMakers/Unreal Engine Project/SpeedLimit_UniAzad/Saved/Config/Windows/Scalability.ini]
[2023.04.23-06.43.57:514][  0]LogConfig: Setting CVar [[r.HairStrands.SkyLighting.IntegrationType:2]]
[2023.04.23-06.43.57:514][  0]LogConfig: Setting CVar [[r.HairStrands.SkyAO.SampleCount:4]]
[2023.04.23-06.43.57:514][  0]LogConfig: Setting CVar [[r.HairStrands.Visibility.MSAA.SamplePerPixel:4]]
[2023.04.23-06.43.57:514][  0]LogInit: Selected Device Profile: [Windows]
[2023.04.23-06.43.57:514][  0]LogInit: Applying CVar settings loaded from the selected device profile: [Windows]
[2023.04.23-06.43.57:514][  0]LogHAL: Display: Platform has ~ 16 GB [16856285184 / 17179869184 / 16], which maps to Larger [LargestMinGB=32, LargerMinGB=12, DefaultMinGB=8, SmallerMinGB=6, SmallestMinGB=0)
[2023.04.23-06.43.57:514][  0]LogInit: Going up to parent DeviceProfile []
[2023.04.23-06.43.57:514][  0]LogConfig: Applying CVar settings from Section [ViewDistanceQuality@3] File [E:/Asus/Documents/GitHub/TheTroubleMakers/Unreal Engine Project/SpeedLimit_UniAzad/Saved/Config/Windows/Scalability.ini]
[2023.04.23-06.43.57:514][  0]LogConfig: Setting CVar [[r.SkeletalMeshLODBias:0]]
[2023.04.23-06.43.57:514][  0]LogConfig: Setting CVar [[r.ViewDistanceScale:1.0]]
[2023.04.23-06.43.57:514][  0]LogConfig: Applying CVar settings from Section [AntiAliasingQuality@3] File [E:/Asus/Documents/GitHub/TheTroubleMakers/Unreal Engine Project/SpeedLimit_UniAzad/Saved/Config/Windows/Scalability.ini]
[2023.04.23-06.43.57:514][  0]LogConfig: Setting CVar [[r.PostProcessAAQuality:4]]
[2023.04.23-06.43.57:515][  0]LogConfig: Applying CVar settings from Section [ShadowQuality@3] File [E:/Asus/Documents/GitHub/TheTroubleMakers/Unreal Engine Project/SpeedLimit_UniAzad/Saved/Config/Windows/Scalability.ini]
[2023.04.23-06.43.57:515][  0]LogConfig: Setting CVar [[r.LightFunctionQuality:1]]
[2023.04.23-06.43.57:515][  0]LogConfig: Setting CVar [[r.ShadowQuality:5]]
[2023.04.23-06.43.57:515][  0]LogConfig: Setting CVar [[r.Shadow.CSM.MaxCascades:10]]
[2023.04.23-06.43.57:515][  0]LogConfig: Setting CVar [[r.Shadow.MaxResolution:2048]]
[2023.04.23-06.43.57:515][  0]LogConfig: Setting CVar [[r.Shadow.MaxCSMResolution:2048]]
[2023.04.23-06.43.57:515][  0]LogConfig: Setting CVar [[r.Shadow.RadiusThreshold:0.01]]
[2023.04.23-06.43.57:515][  0]LogConfig: Setting CVar [[r.Shadow.DistanceScale:1.0]]
[2023.04.23-06.43.57:515][  0]LogConfig: Setting CVar [[r.Shadow.CSM.TransitionScale:1.0]]
[2023.04.23-06.43.57:515][  0]LogConfig: Setting CVar [[r.Shadow.PreShadowResolutionFactor:1.0]]
[2023.04.23-06.43.57:515][  0]LogConfig: Setting CVar [[r.DistanceFieldShadowing:1]]
[2023.04.23-06.43.57:515][  0]LogConfig: Setting CVar [[r.DistanceFieldAO:1]]
[2023.04.23-06.43.57:515][  0]LogConfig: Setting CVar [[r.AOQuality:2]]
[2023.04.23-06.43.57:515][  0]LogConfig: Setting CVar [[r.VolumetricFog:1]]
[2023.04.23-06.43.57:515][  0]LogConfig: Setting CVar [[r.VolumetricFog.GridPixelSize:8]]
[2023.04.23-06.43.57:515][  0]LogConfig: Setting CVar [[r.VolumetricFog.GridSizeZ:128]]
[2023.04.23-06.43.57:515][  0]LogConfig: Setting CVar [[r.VolumetricFog.HistoryMissSupersampleCount:4]]
[2023.04.23-06.43.57:515][  0]LogConfig: Setting CVar [[r.LightMaxDrawDistanceScale:1]]
[2023.04.23-06.43.57:515][  0]LogConfig: Setting CVar [[r.CapsuleShadows:1]]
[2023.04.23-06.43.57:515][  0]LogConfig: Applying CVar settings from Section [PostProcessQuality@3] File [E:/Asus/Documents/GitHub/TheTroubleMakers/Unreal Engine Project/SpeedLimit_UniAzad/Saved/Config/Windows/Scalability.ini]
[2023.04.23-06.43.57:515][  0]LogConfig: Setting CVar [[r.MotionBlurQuality:4]]
[2023.04.23-06.43.57:515][  0]LogConfig: Setting CVar [[r.AmbientOcclusionMipLevelFactor:0.4]]
[2023.04.23-06.43.57:515][  0]LogConfig: Setting CVar [[r.AmbientOcclusionMaxQuality:100]]
[2023.04.23-06.43.57:515][  0]LogConfig: Setting CVar [[r.AmbientOcclusionLevels:-1]]
[2023.04.23-06.43.57:515][  0]LogConfig: Setting CVar [[r.AmbientOcclusionRadiusScale:1.0]]
[2023.04.23-06.43.57:515][  0]LogConfig: Setting CVar [[r.DepthOfFieldQuality:2]]
[2023.04.23-06.43.57:515][  0]LogConfig: Setting CVar [[r.RenderTargetPoolMin:400]]
[2023.04.23-06.43.57:515][  0]LogConfig: Setting CVar [[r.LensFlareQuality:2]]
[2023.04.23-06.43.57:515][  0]LogConfig: Setting CVar [[r.SceneColorFringeQuality:1]]
[2023.04.23-06.43.57:515][  0]LogConfig: Setting CVar [[r.EyeAdaptationQuality:2]]
[2023.04.23-06.43.57:515][  0]LogConfig: Setting CVar [[r.BloomQuality:5]]
[2023.04.23-06.43.57:515][  0]LogConfig: Setting CVar [[r.FastBlurThreshold:100]]
[2023.04.23-06.43.57:515][  0]LogConfig: Setting CVar [[r.Upscale.Quality:3]]
[2023.04.23-06.43.57:515][  0]LogConfig: Setting CVar [[r.Tonemapper.GrainQuantization:1]]
[2023.04.23-06.43.57:515][  0]LogConfig: Setting CVar [[r.LightShaftQuality:1]]
[2023.04.23-06.43.57:515][  0]LogConfig: Setting CVar [[r.Filter.SizeScale:1]]
[2023.04.23-06.43.57:515][  0]LogConfig: Setting CVar [[r.Tonemapper.Quality:5]]
[2023.04.23-06.43.57:515][  0]LogConfig: Setting CVar [[r.DOF.Gather.AccumulatorQuality:1        ; higher gathering accumulator quality]]
[2023.04.23-06.43.57:515][  0]LogConfig: Setting CVar [[r.DOF.Gather.PostfilterMethod:1          ; Median3x3 postfilering method]]
[2023.04.23-06.43.57:515][  0]LogConfig: Setting CVar [[r.DOF.Gather.EnableBokehSettings:0       ; no bokeh simulation when gathering]]
[2023.04.23-06.43.57:515][  0]LogConfig: Setting CVar [[r.DOF.Gather.RingCount:4                 ; medium number of samples when gathering]]
[2023.04.23-06.43.57:515][  0]LogConfig: Setting CVar [[r.DOF.Scatter.ForegroundCompositing:1    ; additive foreground scattering]]
[2023.04.23-06.43.57:515][  0]LogConfig: Setting CVar [[r.DOF.Scatter.BackgroundCompositing:2    ; additive background scattering]]
[2023.04.23-06.43.57:515][  0]LogConfig: Setting CVar [[r.DOF.Scatter.EnableBokehSettings:1      ; bokeh simulation when scattering]]
[2023.04.23-06.43.57:515][  0]LogConfig: Setting CVar [[r.DOF.Scatter.MaxSpriteRatio:0.1         ; only a maximum of 10% of scattered bokeh]]
[2023.04.23-06.43.57:515][  0]LogConfig: Setting CVar [[r.DOF.Recombine.Quality:1                ; cheap slight out of focus]]
[2023.04.23-06.43.57:515][  0]LogConfig: Setting CVar [[r.DOF.Recombine.EnableBokehSettings:0    ; no bokeh simulation on slight out of focus]]
[2023.04.23-06.43.57:515][  0]LogConfig: Setting CVar [[r.DOF.TemporalAAQuality:1                ; more stable temporal accumulation]]
[2023.04.23-06.43.57:515][  0]LogConfig: Setting CVar [[r.DOF.Kernel.MaxForegroundRadius:0.025]]
[2023.04.23-06.43.57:515][  0]LogConfig: Setting CVar [[r.DOF.Kernel.MaxBackgroundRadius:0.025]]
[2023.04.23-06.43.57:515][  0]LogConfig: Applying CVar settings from Section [TextureQuality@3] File [E:/Asus/Documents/GitHub/TheTroubleMakers/Unreal Engine Project/SpeedLimit_UniAzad/Saved/Config/Windows/Scalability.ini]
[2023.04.23-06.43.57:515][  0]LogConfig: Setting CVar [[r.Streaming.MipBias:0]]
[2023.04.23-06.43.57:515][  0]LogConfig: Setting CVar [[r.Streaming.AmortizeCPUToGPUCopy:0]]
[2023.04.23-06.43.57:515][  0]LogConfig: Setting CVar [[r.Streaming.MaxNumTexturesToStreamPerFrame:0]]
[2023.04.23-06.43.57:515][  0]LogConfig: Setting CVar [[r.Streaming.Boost:1]]
[2023.04.23-06.43.57:515][  0]LogConfig: Setting CVar [[r.MaxAnisotropy:8]]
[2023.04.23-06.43.57:515][  0]LogConfig: Setting CVar [[r.VT.MaxAnisotropy:8]]
[2023.04.23-06.43.57:515][  0]LogConfig: Setting CVar [[r.Streaming.LimitPoolSizeToVRAM:0]]
[2023.04.23-06.43.57:515][  0]LogConfig: Setting CVar [[r.Streaming.PoolSize:1000]]
[2023.04.23-06.43.57:515][  0]LogConfig: Setting CVar [[r.Streaming.MaxEffectiveScreenSize:0]]
[2023.04.23-06.43.57:515][  0]LogConfig: Applying CVar settings from Section [EffectsQuality@3] File [E:/Asus/Documents/GitHub/TheTroubleMakers/Unreal Engine Project/SpeedLimit_UniAzad/Saved/Config/Windows/Scalability.ini]
[2023.04.23-06.43.57:515][  0]LogConfig: Setting CVar [[r.TranslucencyLightingVolumeDim:64]]
[2023.04.23-06.43.57:515][  0]LogConfig: Setting CVar [[r.RefractionQuality:2]]
[2023.04.23-06.43.57:515][  0]LogConfig: Setting CVar [[r.SSR.Quality:3]]
[2023.04.23-06.43.57:515][  0]LogConfig: Setting CVar [[r.SSR.HalfResSceneColor:0]]
[2023.04.23-06.43.57:515][  0]LogConfig: Setting CVar [[r.SceneColorFormat:4]]
[2023.04.23-06.43.57:515][  0]LogConfig: Setting CVar [[r.DetailMode:2]]
[2023.04.23-06.43.57:515][  0]LogConfig: Setting CVar [[r.TranslucencyVolumeBlur:1]]
[2023.04.23-06.43.57:515][  0]LogConfig: Setting CVar [[r.MaterialQualityLevel:1 ; High quality]]
[2023.04.23-06.43.57:515][  0]LogConfig: Setting CVar [[r.AnisotropicMaterials:1]]
[2023.04.23-06.43.57:515][  0]LogConfig: Setting CVar [[r.SSS.Scale:1]]
[2023.04.23-06.43.57:515][  0]LogConfig: Setting CVar [[r.SSS.SampleSet:2]]
[2023.04.23-06.43.57:515][  0]LogConfig: Setting CVar [[r.SSS.Quality:1]]
[2023.04.23-06.43.57:515][  0]LogConfig: Setting CVar [[r.SSS.HalfRes:0]]
[2023.04.23-06.43.57:515][  0]LogConfig: Setting CVar [[r.SSGI.Quality:3]]
[2023.04.23-06.43.57:515][  0]LogConfig: Setting CVar [[r.EmitterSpawnRateScale:1.0]]
[2023.04.23-06.43.57:515][  0]LogConfig: Setting CVar [[r.ParticleLightQuality:2]]
[2023.04.23-06.43.57:515][  0]LogConfig: Setting CVar [[r.SkyAtmosphere.AerialPerspectiveLUT.FastApplyOnOpaque:1 ; Always have FastSkyLUT 1 in this case to avoid wrong sky]]
[2023.04.23-06.43.57:515][  0]LogConfig: Setting CVar [[r.SkyAtmosphere.AerialPerspectiveLUT.SampleCountMaxPerSlice:4]]
[2023.04.23-06.43.57:515][  0]LogConfig: Setting CVar [[r.SkyAtmosphere.AerialPerspectiveLUT.DepthResolution:16.0]]
[2023.04.23-06.43.57:515][  0]LogConfig: Setting CVar [[r.SkyAtmosphere.FastSkyLUT:1]]
[2023.04.23-06.43.57:515][  0]LogConfig: Setting CVar [[r.SkyAtmosphere.FastSkyLUT.SampleCountMin:4.0]]
[2023.04.23-06.43.57:515][  0]LogConfig: Setting CVar [[r.SkyAtmosphere.FastSkyLUT.SampleCountMax:128.0]]
[2023.04.23-06.43.57:515][  0]LogConfig: Setting CVar [[r.SkyAtmosphere.SampleCountMin:4.0]]
[2023.04.23-06.43.57:515][  0]LogConfig: Setting CVar [[r.SkyAtmosphere.SampleCountMax:128.0]]
[2023.04.23-06.43.57:515][  0]LogConfig: Setting CVar [[r.SkyAtmosphere.TransmittanceLUT.UseSmallFormat:0]]
[2023.04.23-06.43.57:515][  0]LogConfig: Setting CVar [[r.SkyAtmosphere.TransmittanceLUT.SampleCount:10.0]]
[2023.04.23-06.43.57:515][  0]LogConfig: Setting CVar [[r.SkyAtmosphere.MultiScatteringLUT.SampleCount:15.0]]
[2023.04.23-06.43.57:515][  0]LogConfig: Setting CVar [[r.SkyLight.RealTimeReflectionCapture:1]]
[2023.04.23-06.43.57:515][  0]LogConfig: Applying CVar settings from Section [FoliageQuality@3] File [E:/Asus/Documents/GitHub/TheTroubleMakers/Unreal Engine Project/SpeedLimit_UniAzad/Saved/Config/Windows/Scalability.ini]
[2023.04.23-06.43.57:515][  0]LogConfig: Setting CVar [[foliage.DensityScale:1.0]]
[2023.04.23-06.43.57:515][  0]LogConfig: Setting CVar [[grass.DensityScale:1.0]]
[2023.04.23-06.43.57:515][  0]LogConfig: Applying CVar settings from Section [ShadingQuality@3] File [E:/Asus/Documents/GitHub/TheTroubleMakers/Unreal Engine Project/SpeedLimit_UniAzad/Saved/Config/Windows/Scalability.ini]
[2023.04.23-06.43.57:515][  0]LogConfig: Setting CVar [[r.HairStrands.SkyLighting.IntegrationType:2]]
[2023.04.23-06.43.57:515][  0]LogConfig: Setting CVar [[r.HairStrands.SkyAO.SampleCount:4]]
[2023.04.23-06.43.57:515][  0]LogConfig: Setting CVar [[r.HairStrands.Visibility.MSAA.SamplePerPixel:4]]
[2023.04.23-06.43.57:515][  0]LogConfig: Applying CVar settings from Section [Startup] File [../../../Engine/Config/ConsoleVariables.ini]
[2023.04.23-06.43.57:520][  0]LogConfig: Setting CVar [[net.UseAdaptiveNetUpdateFrequency:0]]
[2023.04.23-06.43.57:520][  0]LogConfig: Setting CVar [[p.chaos.AllowCreatePhysxBodies:1]]
[2023.04.23-06.43.57:520][  0]LogConfig: Setting CVar [[fx.SkipVectorVMBackendOptimizations:1]]
[2023.04.23-06.43.57:520][  0]LogConfig: Applying CVar settings from Section [ConsoleVariables] File [E:/Asus/Documents/GitHub/TheTroubleMakers/Unreal Engine Project/SpeedLimit_UniAzad/Saved/Config/Windows/Engine.ini]
[2023.04.23-06.43.57:520][  0]LogConfig: Applying CVar settings from Section [ConsoleVariables] File [E:/Asus/Documents/GitHub/TheTroubleMakers/Unreal Engine Project/SpeedLimit_UniAzad/Saved/Config/Windows/Editor.ini]
[2023.04.23-06.43.57:520][  0]LogInit: Computer: LAPTOP-ENHDEN5K
[2023.04.23-06.43.57:520][  0]LogInit: User: Asus
[2023.04.23-06.43.57:520][  0]LogInit: CPU Page size=4096, Cores=4
[2023.04.23-06.43.57:520][  0]LogInit: High frequency timer resolution =10.000000 MHz
[2023.04.23-06.43.57:520][  0]LogMemory: Memory total: Physical=15.7GB (16GB approx)
[2023.04.23-06.43.57:520][  0]LogMemory: Platform Memory Stats for Windows
[2023.04.23-06.43.57:520][  0]LogMemory: Process Physical Memory: 141.73 MB used, 141.73 MB peak
[2023.04.23-06.43.57:520][  0]LogMemory: Process Virtual Memory: 112.79 MB used, 112.79 MB peak
[2023.04.23-06.43.57:520][  0]LogMemory: Physical Memory: 8449.56 MB used,  7625.85 MB free, 16075.41 MB total
[2023.04.23-06.43.57:520][  0]LogMemory: Virtual Memory: 134211064.00 MB used,  6662.03 MB free, 134217728.00 MB total
[2023.04.23-06.43.57:525][  0]LogWindows: WindowsPlatformFeatures enabled
[2023.04.23-06.43.57:718][  0]LogInit: Physics initialised using underlying interface: PhysX
[2023.04.23-06.43.57:720][  0]LogInit: Using OS detected language (en-US).
[2023.04.23-06.43.57:720][  0]LogInit: Using OS detected locale (en-US).
[2023.04.23-06.43.57:721][  0]LogTextLocalizationManager: No specific localization for 'en-US' exists, so the 'en' localization will be used.
[2023.04.23-06.43.57:898][  0]LogInit: Setting process to per monitor DPI aware
[2023.04.23-06.43.57:927][  0]LogWindowsTextInputMethodSystem: Display: IME system deactivated.
[2023.04.23-06.43.57:965][  0]LogSlate: New Slate User Created.  User Index 0, Is Virtual User: 0
[2023.04.23-06.43.57:965][  0]LogSlate: Slate User Registered.  User Index 0, Is Virtual User: 0
[2023.04.23-06.44.00:174][  0]LogD3D11RHI: Loaded GFSDK_Aftermath_Lib.x64.dll
[2023.04.23-06.44.00:202][  0]LogHMD: Failed to initialize OpenVR with code 110
[2023.04.23-06.44.00:202][  0]LogD3D11RHI: D3D11 min allowed feature level: 11_0
[2023.04.23-06.44.00:202][  0]LogD3D11RHI: D3D11 max allowed feature level: 11_0
[2023.04.23-06.44.00:202][  0]LogD3D11RHI: D3D11 adapters:
[2023.04.23-06.44.00:329][  0]LogD3D11RHI:    0. 'NVIDIA GeForce MX450' (Feature Level 11_0)
[2023.04.23-06.44.00:329][  0]LogD3D11RHI:       1920/0/8037 MB DedicatedVideo/DedicatedSystem/SharedSystem, Outputs:2, VendorId:0x10de
[2023.04.23-06.44.00:363][  0]LogD3D11RHI:    1. 'Intel(R) Iris(R) Xe Graphics' (Feature Level 11_0)
[2023.04.23-06.44.00:363][  0]LogD3D11RHI:       128/0/8037 MB DedicatedVideo/DedicatedSystem/SharedSystem, Outputs:0, VendorId:0x8086
[2023.04.23-06.44.00:365][  0]LogD3D11RHI:    2. 'Microsoft Basic Render Driver' (Feature Level 11_0)
[2023.04.23-06.44.00:365][  0]LogD3D11RHI:       0/0/8037 MB DedicatedVideo/DedicatedSystem/SharedSystem, Outputs:0, VendorId:0x1414
[2023.04.23-06.44.00:365][  0]LogD3D11RHI: Chosen D3D11 Adapter: 0
[2023.04.23-06.44.00:370][  0]LogD3D11RHI: Creating new Direct3DDevice
[2023.04.23-06.44.00:370][  0]LogD3D11RHI:     GPU DeviceId: 0x1f97 (for the marketing name, search the web for "GPU Device Id")
[2023.04.23-06.44.00:370][  0]LogWindows: EnumDisplayDevices:
[2023.04.23-06.44.00:370][  0]LogWindows:    0. 'Intel(R) Iris(R) Xe Graphics' (P:1 D:1)
[2023.04.23-06.44.00:370][  0]LogWindows:    1. 'Intel(R) Iris(R) Xe Graphics' (P:0 D:1)
[2023.04.23-06.44.00:370][  0]LogWindows:    2. 'Intel(R) Iris(R) Xe Graphics' (P:0 D:0)
[2023.04.23-06.44.00:370][  0]LogWindows:    3. 'Intel(R) Iris(R) Xe Graphics' (P:0 D:0)
[2023.04.23-06.44.00:371][  0]LogWindows: DebugString: PrimaryIsNotTheChoosenAdapter PrimaryIsNotTheChoosenAdapter PrimaryIsNotTheChoosenAdapter PrimaryIsNotTheChoosenAdapter FoundDriverCount:0 
[2023.04.23-06.44.00:371][  0]LogD3D11RHI:     Adapter Name: NVIDIA GeForce MX450
[2023.04.23-06.44.00:371][  0]LogD3D11RHI:   Driver Version: Unknown (internal:Unknown, unified:Unknown)
[2023.04.23-06.44.00:371][  0]LogD3D11RHI:      Driver Date: Unknown
[2023.04.23-06.44.00:371][  0]LogRHI: Texture pool is 1344 MB (70% of 1920 MB)
[2023.04.23-06.44.00:430][  0]LogD3D11RHI: RHI has support for 64 bit atomics
[2023.04.23-06.44.00:430][  0]LogD3D11RHI: Async texture creation enabled
[2023.04.23-06.44.00:430][  0]LogD3D11RHI: Array index from any shader is supported
[2023.04.23-06.44.00:449][  0]LogD3D11RHI: GPU Timing Frequency: 1000.000000 (Debug: 2 2)
[2023.04.23-06.44.00:506][  0]LogRHI: GeForceNow SDK initialized: 1
[2023.04.23-06.44.01:123][  0]LogTargetPlatformManager: Display: Loaded TargetPlatform 'AllDesktop'
[2023.04.23-06.44.01:153][  0]LogTargetPlatformManager: Display: Loaded TargetPlatform 'Android'
[2023.04.23-06.44.01:153][  0]LogTargetPlatformManager: Display: Loaded TargetPlatform 'Android_ASTC'
[2023.04.23-06.44.01:153][  0]LogTargetPlatformManager: Display: Loaded TargetPlatform 'Android_DXT'
[2023.04.23-06.44.01:153][  0]LogTargetPlatformManager: Display: Loaded TargetPlatform 'Android_ETC2'
[2023.04.23-06.44.01:153][  0]LogTargetPlatformManager: Display: Loaded TargetPlatform 'AndroidClient'
[2023.04.23-06.44.01:153][  0]LogTargetPlatformManager: Display: Loaded TargetPlatform 'Android_ASTCClient'
[2023.04.23-06.44.01:153][  0]LogTargetPlatformManager: Display: Loaded TargetPlatform 'Android_DXTClient'
[2023.04.23-06.44.01:153][  0]LogTargetPlatformManager: Display: Loaded TargetPlatform 'Android_ETC2Client'
[2023.04.23-06.44.01:153][  0]LogTargetPlatformManager: Display: Loaded TargetPlatform 'Android_Multi'
[2023.04.23-06.44.01:153][  0]LogTargetPlatformManager: Display: Loaded TargetPlatform 'Android_MultiClient'
[2023.04.23-06.44.01:215][  0]LogTargetPlatformManager: Display: Loaded TargetPlatform 'IOSClient'
[2023.04.23-06.44.01:215][  0]LogTargetPlatformManager: Display: Loaded TargetPlatform 'IOS'
[2023.04.23-06.44.01:246][  0]LogTargetPlatformManager: Display: Loaded TargetPlatform 'Linux'
[2023.04.23-06.44.01:263][  0]LogTargetPlatformManager: Display: Loaded TargetPlatform 'LinuxNoEditor'
[2023.04.23-06.44.01:281][  0]LogTargetPlatformManager: Display: Loaded TargetPlatform 'LinuxClient'
[2023.04.23-06.44.01:298][  0]LogTargetPlatformManager: Display: Loaded TargetPlatform 'LinuxServer'
[2023.04.23-06.44.01:325][  0]LogTargetPlatformManager: Display: Loaded TargetPlatform 'LinuxAArch64NoEditor'
[2023.04.23-06.44.01:344][  0]LogTargetPlatformManager: Display: Loaded TargetPlatform 'LinuxAArch64Client'
[2023.04.23-06.44.01:363][  0]LogTargetPlatformManager: Display: Loaded TargetPlatform 'LinuxAArch64Server'
[2023.04.23-06.44.01:400][  0]LogTargetPlatformManager: Display: Loaded TargetPlatform 'Lumin'
[2023.04.23-06.44.01:400][  0]LogTargetPlatformManager: Display: Loaded TargetPlatform 'LuminClient'
[2023.04.23-06.44.01:430][  0]LogTargetPlatformManager: Display: Loaded TargetPlatform 'MacNoEditor'
[2023.04.23-06.44.01:449][  0]LogTargetPlatformManager: Display: Loaded TargetPlatform 'Mac'
[2023.04.23-06.44.01:465][  0]LogTargetPlatformManager: Display: Loaded TargetPlatform 'MacClient'
[2023.04.23-06.44.01:483][  0]LogTargetPlatformManager: Display: Loaded TargetPlatform 'MacServer'
[2023.04.23-06.44.01:506][  0]LogTargetPlatformManager: Display: Loaded TargetPlatform 'TVOSClient'
[2023.04.23-06.44.01:506][  0]LogTargetPlatformManager: Display: Loaded TargetPlatform 'TVOS'
[2023.04.23-06.44.01:526][  0]LogTargetPlatformManager: Display: Loaded TargetPlatform 'WindowsNoEditor'
[2023.04.23-06.44.01:545][  0]LogTargetPlatformManager: Display: Loaded TargetPlatform 'Windows'
[2023.04.23-06.44.01:565][  0]LogTargetPlatformManager: Display: Loaded TargetPlatform 'WindowsClient'
[2023.04.23-06.44.01:584][  0]LogTargetPlatformManager: Display: Loaded TargetPlatform 'WindowsServer'
[2023.04.23-06.44.01:584][  0]LogTargetPlatformManager: Display: Building Assets For Windows
[2023.04.23-06.44.01:651][  0]LogAudioDebug: Display: Lib vorbis DLL was dynamically loaded.
[2023.04.23-06.44.01:840][  0]LogTextureFormatOodle: Display: Oodle Texture 2.9.0 init RDO Off
[2023.04.23-06.44.02:066][  0]LogRendererCore: Ray tracing is disabled. Reason: r.RayTracing=0.
[2023.04.23-06.44.02:067][  0]LogShaderCompilers: Guid format shader working directory is -53 characters bigger than the processId version (../../../../../../Asus/Documents/GitHub/TheTroubleMakers/Unreal Engine Project/SpeedLimit_UniAzad/Intermediate/Shaders/WorkingDirectory/12348/).
[2023.04.23-06.44.02:067][  0]LogShaderCompilers: Cleaned the shader compiler working directory 'C:/Users/Asus/AppData/Local/Temp/UnrealShaderWorkingDir/670AFB5349530147300C45A96CDDBAAD/'.
[2023.04.23-06.44.02:067][  0]LogXGEController: Cannot use XGE Controller as Incredibuild is not installed on this machine.
[2023.04.23-06.44.02:067][  0]LogShaderCompilers: Cannot use XGE Shader Compiler as Incredibuild is not installed on this machine.
[2023.04.23-06.44.02:067][  0]LogShaderCompilers: Display: Using Local Shader Compiler.
[2023.04.23-06.44.04:888][  0]LogDerivedDataCache: Display: Max Cache Size: 512 MB
[2023.04.23-06.44.04:942][  0]LogDerivedDataCache: Loaded boot cache 0.05s 95MB C:/Users/Asus/AppData/Local/UnrealEngine/4.27/DerivedDataCache/Boot.ddc.
[2023.04.23-06.44.04:943][  0]LogDerivedDataCache: Display: Loaded Boot cache: C:/Users/Asus/AppData/Local/UnrealEngine/4.27/DerivedDataCache/Boot.ddc
[2023.04.23-06.44.04:943][  0]LogDerivedDataCache: FDerivedDataBackendGraph:  Pak pak cache file ../../../../../../Asus/Documents/GitHub/TheTroubleMakers/Unreal Engine Project/SpeedLimit_UniAzad/DerivedDataCache/DDC.ddp not found, will not use a pak cache.
[2023.04.23-06.44.04:943][  0]LogDerivedDataCache: Unable to find inner node Pak for hierarchical cache Hierarchy.
[2023.04.23-06.44.04:943][  0]LogDerivedDataCache: FDerivedDataBackendGraph:  CompressedPak pak cache file ../../../../../../Asus/Documents/GitHub/TheTroubleMakers/Unreal Engine Project/SpeedLimit_UniAzad/DerivedDataCache/Compressed.ddp not found, will not use a pak cache.
[2023.04.23-06.44.04:943][  0]LogDerivedDataCache: Unable to find inner node CompressedPak for hierarchical cache Hierarchy.
[2023.04.23-06.44.04:961][  0]LogDerivedDataCache: Display: Pak cache opened for reading ../../../Engine/DerivedDataCache/Compressed.ddp.
[2023.04.23-06.44.04:961][  0]LogDerivedDataCache: FDerivedDataBackendGraph:  EnterprisePak pak cache file ../../../Enterprise/DerivedDataCache/Compressed.ddp not found, will not use a pak cache.
[2023.04.23-06.44.04:961][  0]LogDerivedDataCache: Unable to find inner node EnterprisePak for hierarchical cache Hierarchy.
[2023.04.23-06.44.05:013][  0]LogDerivedDataCache: Speed tests for C:/Users/Asus/AppData/Local/UnrealEngine/Common/DerivedDataCache took 0.05 seconds
[2023.04.23-06.44.05:013][  0]LogDerivedDataCache: Display: Performance to C:/Users/Asus/AppData/Local/UnrealEngine/Common/DerivedDataCache: Latency=0.01ms. RandomReadSpeed=20.77MBs, RandomWriteSpeed=169.64MBs. Assigned SpeedClass 'Local'
[2023.04.23-06.44.05:013][  0]LogDerivedDataCache: Using Local data cache path C:/Users/Asus/AppData/Local/UnrealEngine/Common/DerivedDataCache: Writable
[2023.04.23-06.44.05:014][  0]LogDerivedDataCache: Shared data cache path not found in *engine.ini, will not use an Shared cache.
[2023.04.23-06.44.05:014][  0]LogDerivedDataCache: Unable to find inner node Shared for hierarchical cache Hierarchy.
[2023.04.23-06.44.05:051][  0]LogSlate: Using FreeType 2.10.0
[2023.04.23-06.44.05:068][  0]LogSlate: SlateFontServices - WITH_FREETYPE: 1, WITH_HARFBUZZ: 1
[2023.04.23-06.44.05:249][  0]LogAssetRegistry: FAssetRegistry took 0.0021 seconds to start up
[2023.04.23-06.44.05:437][  0]LogInit: Selected Device Profile: [Windows]
[2023.04.23-06.44.05:437][  0]LogInit: Active device profile: [000001E5B4DB2C00][000001E5A6B56B40 49] Windows
[2023.04.23-06.44.05:437][  0]LogInit: Profiles: [000001E5B4DB2C00][000001E5A6B56B40 49] Windows, [000001E5B4D4CC00][000001E5AF5E6DC0 49] WindowsNoEditor, [000001E5B4DB2800][000001E5AF5EF080 49] WindowsServer, [000001E5B4DB1700][000001E5AF5F7340 49] WindowsClient, [000001E5B4DB2900][000001E5AF5FB600 49] IOS, [000001E5B4D4E200][000001E5AF5FF8C0 49] iPadAir, [000001E5B4D58300][000001E5AF603B80 49] iPadAir2, [000001E5B4C39300][000001E5AF616540 49] IPadPro, [000001E5B4C39400][000001E5AF606580 49] iPadAir3, [000001E5B4D58200][000001E5AF60E840 49] iPadAir4, [000001E5B4C38200][000001E5AF60AB00 49] iPadMini2, [000001E5B4D58100][000001E5AF5EAD80 49] iPadMini3, [000001E5B4C3AC00][000001E5AF613000 49] iPadMini4, [000001E5B4D5BB00][000001E5B58D12C0 49] iPadMini5, [000001E5B4D4F700][000001E5B58E5800 49] iPhone6, [000001E5B4D4F000][000001E5B58D5840 49] iPodTouch6, [000001E5B4C3BC00][000001E5B58F0200 49] iPhone7, [000001E5B4C3BB00][000001E5B58DC240 49] iPodTouch7, [000001E5B4D4C300][000001E5B58E0500 49] iPhone5S, [000001E5B4C38A00][000001E5B58D87C0 49] iPhone6Plus, [000001E5B4D4F300][000001E5B58E8A80 49] iPhone6S, [000001E5B4C3B800][000001E5B5908D40 49] iPhone6SPlus, [000001E5B4D4FF00][000001E5AF61AFC0 49] iPhone7Plus, [000001E5B4C39000][000001E5B590D240 49] iPhoneSE, [000001E5B4D4C200][000001E5B5915500 49] iPhone8, [000001E5B4C39F00][000001E5B59197C0 49] iPhone8Plus, [000001E5B4D4D200][000001E5B591DA80 49] iPhoneX, [000001E5B4C39C00][000001E5B59201C0 49] iPhoneXS, [000001E5B4D4E900][000001E5B5924480 49] iPhoneXSMax, [000001E5B4C3B200][000001E5B5928740 49] iPhoneXR, [000001E5B4D4D400][000001E5B592CA00 49] iPhone11, [000001E5B4C39B00][000001E5B5940CC0 49] iPhone11Pro, [000001E5B4D4E300][000001E5B5944F80 49] iPhone11ProMax, [000001E5B4C39700][000001E5B5911200 49] iPhoneSE2, [000001E5B4D4DE00][000001E5B5949480 49] iPhone12Mini, [000001E5B4C3A500][000001E5B5951740 49] iPhone12, [000001E5B4D4F100][000001E5B5955A00 49] iPhone12Pro, [000001E5B4C3BF00][000001E5B5958140 49] iPhone12ProMax, [000001E5B4D4C700][000001E5B595C400 49] iPadPro105, [000001E5B4C38E00][000001E5B59606C0 49] iPadPro129, [000001E5B4D4F800][000001E5B5964980 49] iPadPro97, [000001E5B4C38600][000001E5B5968C40 49] iPadPro2_129, [000001E5B4D4CF00][000001E5B596CF00 49] iPad5, [000001E5B4C39600][000001E5B59711C0 49] iPad6, [000001E5B4D4E600][000001E5B594D440 49] iPad7, [000001E5B4C3B400][000001E5B59756C0 49] iPad8, [000001E5B4D4DD00][000001E5B597D980 49] iPadPro11, [000001E5B4C39900][000001E5B59800C0 49] iPadPro2_11, [000001E5B4D4D800][000001E5B5984380 49] iPadPro3_129, [000001E5B4C39800][000001E5B5988640 49] iPadPro4_129, [000001E5B4D4EC00][000001E5B598C900 49] AppleTV, [000001E5B4C3BD00][000001E5B5990BC0 49] AppleTV4K, [000001E5B4D4C600][000001E5B5994E80 49] TVOS, [000001E5B4C3BE00][000001E5B5999140 49] Mac, [000001E5B4D4CB00][000001E5B599D400 49] MacClient, [000001E5B4C3BA00][000001E5B5979680 49] MacNoEditor, [000001E5B4D4D500][000001E5B59A1900 49] MacServer, [000001E5B4C3A100][000001E5B59A9BC0 49] Linux, [000001E5B4D4F600][000001E5B59AC300 49] LinuxAArch64, [000001E5B4C38100][000001E5B59B05C0 49] LinuxNoEditor, [000001E5B4D4FE00][000001E5B59B4880 49] LinuxAArch64NoEditor, [000001E5B4C3AE00][000001E5B59B8B40 49] LinuxClient, [000001E5B4D4ED00][000001E5B59BCE00 49] LinuxAArch64Client, [000001E5B4C38900][000001E5B59C10C0 49] LinuxServer, [000001E5B4D4D900][000001E5B59C5380 49] LinuxAArch64Server, [000001E5B4C3B000][000001E5B59C9640 49] Android, [000001E5B4D4DF00][000001E5B59A58C0 49] Android_Low, [000001E5B4C3B300][000001E5B59CDB40 49] Android_Mid, [000001E5B4D4FD00][000001E5B59D4280 49] Android_High, [000001E5B4DB0200][000001E5B59D8540 49] Android_Default, [000001E5B4D5A400][000001E5B59DC800 49] Android_Adreno4xx, [000001E5B4DB2000][000001E5B59E0AC0 49] Android_Adreno5xx_Low, [000001E5B4D58F00][000001E5B59E4D80 49] Android_Adreno5xx, [000001E5B4DB1300][000001E5B59E9040 49] Android_Adreno6xx, [000001E5B4D58800][000001E5B59ED300 49] Android_Adreno6xx_Vulkan, [000001E5B4DB1100][000001E5B59F15C0 49] Android_Mali_T6xx, [000001E5B4D5B100][000001E5B59F5880 49] Android_Mali_T7xx, [000001E5B4DB0500][000001E5B59D1B00 49] Android_Mali_T8xx, [000001E5B4D5BD00][000001E5B5A86200 49] Android_Mali_G71, [000001E5B4DB0300][000001E5AF3864C0 49] Android_Mali_G72, [000001E5B4D59A00][000001E5AF3D6780 49] Android_Mali_G72_Vulkan, [000001E5B4DB1500][000001E5AF3DAA40 49] Android_Mali_G76, [000001E5B4D58600][000001E5AF3DED00 49] Android_Mali_G76_Vulkan, [000001E5B4DB0600][000001E5AF3E2FC0 49] Android_Mali_G77, [000001E5B4D5A000][000001E5AF3E7280 49] Android_Mali_G77_Vulkan, [000001E5B4DB1B00][000001E5AF3EB540 49] Android_Mali_G78, [000001E5B4D58C00][000001E5AF3F3800 49] Android_Mali_G78_Vulkan, [000001E5B4DB0B00][000001E5AF3FBAC0 49] Android_Mali_G710, [000001E5B4D5A600][000001E5AF3821C0 49] Android_Mali_G710_Vulkan, [000001E5B4DB0700][000001E5B5864440 49] Android_Vulkan_SM5, [000001E5B4D5B800][000001E5B5874700 49] Android_PowerVR_G6xxx, [000001E5B4DB2200][000001E5B58789C0 49] Android_PowerVR_GT7xxx, [000001E5B4D5B000][000001E5B587CC80 49] Android_PowerVR_GE8xxx, [000001E5B4D4F200][000001E5B58A6F40 49] Android_PowerVR_GM9xxx, [000001E5B4C3A800][000001E5B58AB200 49] Android_PowerVR_GM9xxx_Vulkan, [000001E5B4D5B900][000001E5B58B34C0 49] Android_TegraK1, [000001E5B4C3A300][000001E5B58BB780 49] Android_Unknown_Vulkan, [000001E5B4D5A900][000001E5B5D13A40 49] Lumin, [000001E5B4DB2E00][000001E5B5D22180 49] Lumin_Desktop, [000001E5B4D4D700][000001E5B5870400 49] HoloLens, 
[2023.04.23-06.44.05:801][  0]LogMeshReduction: Using QuadricMeshReduction for automatic static mesh reduction
[2023.04.23-06.44.05:801][  0]LogMeshReduction: Using SimplygonMeshReduction for automatic skeletal mesh reduction
[2023.04.23-06.44.05:801][  0]LogMeshReduction: Using ProxyLODMeshReduction for automatic mesh merging
[2023.04.23-06.44.05:801][  0]LogMeshReduction: No distributed automatic mesh merging module available
[2023.04.23-06.44.05:801][  0]LogMeshMerging: No distributed automatic mesh merging module available
[2023.04.23-06.44.05:848][  0]LogNetVersion: SpeedLimit_UniAzad 1.0.0, NetCL: 17155196, EngineNetVer: 17, GameNetVer: 0 (Checksum: 2338214234)
[2023.04.23-06.44.07:944][  0]LogTexture: Default maximum texture size for cubemaps generated from long-lat sources has been changed from 512 to unlimited. In order to preserve old behaiour for '/Engine/MapTemplates/Sky/DaylightAmbientCubemap.DaylightAmbientCubemap', its maximum texture size has been explicitly set to 512.
[2023.04.23-06.44.08:052][  0]LogHMD: PokeAHoleMaterial loaded successfully
[2023.04.23-06.44.08:058][  0]LogUObjectArray: 17178 objects as part of root set at end of initial load.
[2023.04.23-06.44.08:058][  0]LogUObjectAllocator: 4301856 out of 0 bytes used by permanent object pool.
[2023.04.23-06.44.08:058][  0]LogUObjectArray: CloseDisregardForGC: 0/0 objects in disregard for GC pool
[2023.04.23-06.44.09:433][  0]LogNiagaraDebuggerClient: Niagara Debugger Client Initialized | Session: 4E9C848D4A2C5594F5DDD58B0ADD723E | Instance: CD5F919243C1EBCFF4DDE299FFCA748D (LAPTOP-ENHDEN5K-12348).
[2023.04.23-06.44.09:929][  0]LogStreaming: Warning: Failed to read file '../../../Engine/Content/Editor/Slate/Niagara/MenuSeparator.png' error.
[2023.04.23-06.44.09:929][  0]LogSlate: Could not find file for Slate resource: ../../../Engine/Content/Editor/Slate/Niagara/MenuSeparator.png
[2023.04.23-06.44.09:929][  0]LogStreaming: Warning: Failed to read file '../../../Engine/Content/Editor/Slate/Niagara/Common/Selector.png' error.
[2023.04.23-06.44.09:929][  0]LogSlate: Could not find file for Slate resource: ../../../Engine/Content/Editor/Slate/Niagara/Common/Selector.png
[2023.04.23-06.44.09:929][  0]LogStreaming: Warning: Failed to read file '../../../Engine/Content/Editor/Slate/Niagara/Common/Selection.png' error.
[2023.04.23-06.44.09:929][  0]LogSlate: Could not find file for Slate resource: ../../../Engine/Content/Editor/Slate/Niagara/Common/Selection.png
[2023.04.23-06.44.09:929][  0]LogStreaming: Warning: Failed to read file '../../../Engine/Content/Editor/Slate/Niagara/Common/DropZoneIndicator_Above.png' error.
[2023.04.23-06.44.09:929][  0]LogSlate: Could not find file for Slate resource: ../../../Engine/Content/Editor/Slate/Niagara/Common/DropZoneIndicator_Above.png
[2023.04.23-06.44.09:929][  0]LogStreaming: Warning: Failed to read file '../../../Engine/Content/Editor/Slate/Niagara/Common/DropZoneIndicator_Onto.png' error.
[2023.04.23-06.44.09:929][  0]LogSlate: Could not find file for Slate resource: ../../../Engine/Content/Editor/Slate/Niagara/Common/DropZoneIndicator_Onto.png
[2023.04.23-06.44.09:929][  0]LogStreaming: Warning: Failed to read file '../../../Engine/Content/Editor/Slate/Niagara/Common/DropZoneIndicator_Below.png' error.
[2023.04.23-06.44.09:929][  0]LogSlate: Could not find file for Slate resource: ../../../Engine/Content/Editor/Slate/Niagara/Common/DropZoneIndicator_Below.png
[2023.04.23-06.44.09:929][  0]LogStreaming: Warning: Failed to read file '../../../Engine/Content/Editor/Slate/Niagara/Common/RoundedSelection_16x.png' error.
[2023.04.23-06.44.09:929][  0]LogSlate: Could not find file for Slate resource: ../../../Engine/Content/Editor/Slate/Niagara/Common/RoundedSelection_16x.png
[2023.04.23-06.44.09:929][  0]LogStreaming: Warning: Failed to read file '../../../Engine/Content/Editor/Slate/Niagara/Common/FlatButton.png' error.
[2023.04.23-06.44.09:929][  0]LogSlate: Could not find file for Slate resource: ../../../Engine/Content/Editor/Slate/Niagara/Common/FlatButton.png
[2023.04.23-06.44.09:929][  0]LogImageWrapper: Warning: PNG Warning: Duplicate iCCP chunk
[2023.04.23-06.44.09:929][  0]LogImageWrapper: Warning: PNG Warning: Duplicate iCCP chunk
[2023.04.23-06.44.09:929][  0]LogTcpMessaging: Initializing TcpMessaging bridge
[2023.04.23-06.44.09:952][  0]LogUdpMessaging: Initializing bridge on interface 0.0.0.0:0 to multicast group 230.0.0.1:6666.
[2023.04.23-06.44.10:003][  0]LogPython: Using Python 3.7.7
[2023.04.23-06.44.11:454][  0]SourceControl: Source control is disabled
[2023.04.23-06.44.11:454][  0]SourceControl: Source control is disabled
[2023.04.23-06.44.11:482][  0]SourceControl: Source control is disabled
[2023.04.23-06.44.11:502][  0]SourceControl: Source control is disabled
[2023.04.23-06.44.11:574][  0]SourceControl: Source control is disabled
[2023.04.23-06.44.11:609][  0]LogUProjectInfo: Found projects:
[2023.04.23-06.44.12:739][  0]LogOpenImageDenoise: OIDN starting up
[2023.04.23-06.44.12:857][  0]LogAndroidPermission: UAndroidPermissionCallbackProxy::GetInstance
[2023.04.23-06.44.12:981][  0]LogAudioCaptureCore: Display: No Audio Capture implementations found. Audio input will be silent.
[2023.04.23-06.44.12:981][  0]LogAudioCaptureCore: Display: No Audio Capture implementations found. Audio input will be silent.
[2023.04.23-06.44.13:484][  0]LogCollectionManager: Loaded 0 collections in 0.000747 seconds
[2023.04.23-06.44.13:581][  0]LogFileCache: Scanning file cache for directory 'E:/Asus/Documents/GitHub/TheTroubleMakers/Unreal Engine Project/SpeedLimit_UniAzad/Saved/Collections/' took 0.00s
[2023.04.23-06.44.13:581][  0]LogFileCache: Scanning file cache for directory 'E:/Asus/Documents/GitHub/TheTroubleMakers/Unreal Engine Project/SpeedLimit_UniAzad/Content/Developers/Asus/Collections/' took 0.00s
[2023.04.23-06.44.13:581][  0]LogFileCache: Scanning file cache for directory 'E:/Asus/Documents/GitHub/TheTroubleMakers/Unreal Engine Project/SpeedLimit_UniAzad/Content/Collections/' took 0.00s
[2023.04.23-06.44.13:581][  0]LogOcInput: OculusInput pre-init called
[2023.04.23-06.44.13:813][  0]LogStreaming: Warning: Failed to read file '../../../Engine/Content/Editor/Slate/Niagara/MenuSeparator.png' error.
[2023.04.23-06.44.13:813][  0]LogSlate: Could not find file for Slate resource: ../../../Engine/Content/Editor/Slate/Niagara/MenuSeparator.png
[2023.04.23-06.44.13:813][  0]LogStreaming: Warning: Failed to read file '../../../Engine/Content/Editor/Slate/Niagara/Common/Selector.png' error.
[2023.04.23-06.44.13:813][  0]LogStreaming: Warning: Failed to read file '../../../Engine/Content/Editor/Slate/Niagara/Common/Selection.png' error.
[2023.04.23-06.44.13:813][  0]LogSlate: Could not find file for Slate resource: ../../../Engine/Content/Editor/Slate/Niagara/Common/Selection.png
[2023.04.23-06.44.13:813][  0]LogStreaming: Warning: Failed to read file '../../../Engine/Content/Editor/Slate/Niagara/Common/DropZoneIndicator_Above.png' error.
[2023.04.23-06.44.13:813][  0]LogSlate: Could not find file for Slate resource: ../../../Engine/Content/Editor/Slate/Niagara/Common/DropZoneIndicator_Above.png
[2023.04.23-06.44.13:813][  0]LogStreaming: Warning: Failed to read file '../../../Engine/Content/Editor/Slate/Niagara/Common/DropZoneIndicator_Below.png' error.
[2023.04.23-06.44.13:813][  0]LogSlate: Could not find file for Slate resource: ../../../Engine/Content/Editor/Slate/Niagara/Common/DropZoneIndicator_Below.png
[2023.04.23-06.44.13:813][  0]LogStreaming: Warning: Failed to read file '../../../Engine/Content/Editor/Slate/Niagara/Common/RoundedSelection_16x.png' error.
[2023.04.23-06.44.13:813][  0]LogStreaming: Warning: Failed to read file '../../../Engine/Content/Editor/Slate/Niagara/Common/DropZoneIndicator_Onto.png' error.
[2023.04.23-06.44.13:813][  0]LogSlate: Could not find file for Slate resource: ../../../Engine/Content/Editor/Slate/Niagara/Common/RoundedSelection_16x.png
[2023.04.23-06.44.13:813][  0]LogSlate: Could not find file for Slate resource: ../../../Engine/Content/Editor/Slate/Niagara/Common/DropZoneIndicator_Onto.png
[2023.04.23-06.44.13:813][  0]LogStreaming: Warning: Failed to read file '../../../Engine/Content/Editor/Slate/Niagara/Common/FlatButton.png' error.
[2023.04.23-06.44.13:813][  0]LogSlate: Could not find file for Slate resource: ../../../Engine/Content/Editor/Slate/Niagara/Common/FlatButton.png
[2023.04.23-06.44.13:813][  0]LogSlate: Could not find file for Slate resource: ../../../Engine/Content/Editor/Slate/Niagara/Common/Selector.png
[2023.04.23-06.44.13:961][  0]LogImageWrapper: Warning: PNG Warning: Duplicate iCCP chunk
[2023.04.23-06.44.13:961][  0]LogImageWrapper: Warning: PNG Warning: Duplicate iCCP chunk
[2023.04.23-06.44.13:961][  0]LogEngine: Initializing Engine...
[2023.04.23-06.44.14:036][  0]LogHMD: Failed to enumerate extensions. Please check that you have a valid OpenXR runtime installed.
[2023.04.23-06.44.14:037][  0]LogHMD: Failed to initialize OpenVR with code 110
[2023.04.23-06.44.14:037][  0]LogMagicLeap: Warning: VR disabled because ZI is not enabled.  To enable, in the editor, Edit -> Project Settings -> Plugins -> Magic Leap Plugin -> Enable Zero Iteration
[2023.04.23-06.44.14:039][  0]LogStats: UGameplayTagsManager::InitializeManager -  0.000 s
[2023.04.23-06.44.14:372][  0]LogInit: Initializing FReadOnlyCVARCache
[2023.04.23-06.44.14:400][  0]LogAIModule: Creating AISystem for world Untitled
[2023.04.23-06.44.14:401][  0]LogAudio: Display: Initializing Audio Device Manager...
[2023.04.23-06.44.14:419][  0]LogAudio: Display: Loading Default Audio Settings Objects...
[2023.04.23-06.44.14:424][  0]LogAudio: Display: No default SoundConcurrencyObject specified (or failed to load).
[2023.04.23-06.44.14:425][  0]LogAudio: Display: Audio Device Manager Initialized
[2023.04.23-06.44.14:425][  0]LogAudio: Display: Creating Audio Device:                 Id: 1, Scope: Shared, Realtime: True
[2023.04.23-06.44.14:425][  0]LogAudioMixer: Display: Audio Mixer Platform Settings:
[2023.04.23-06.44.14:425][  0]LogAudioMixer: Display: 	Sample Rate:						  48000
[2023.04.23-06.44.14:425][  0]LogAudioMixer: Display: 	Callback Buffer Frame Size Requested: 1024
[2023.04.23-06.44.14:425][  0]LogAudioMixer: Display: 	Callback Buffer Frame Size To Use:	  1024
[2023.04.23-06.44.14:425][  0]LogAudioMixer: Display: 	Number of buffers to queue:			  2
[2023.04.23-06.44.14:425][  0]LogAudioMixer: Display: 	Max Channels (voices):				  32
[2023.04.23-06.44.14:425][  0]LogAudioMixer: Display: 	Number of Async Source Workers:		  0
[2023.04.23-06.44.14:425][  0]LogAudio: Display: AudioDevice MaxSources: 32
[2023.04.23-06.44.14:426][  0]LogAudio: Display: Audio Spatialization Plugin: None (built-in).
[2023.04.23-06.44.14:426][  0]LogAudio: Display: Audio Reverb Plugin: None (built-in).
[2023.04.23-06.44.14:426][  0]LogAudio: Display: Audio Occlusion Plugin: None (built-in).
[2023.04.23-06.44.14:426][  0]LogAudioMixer: Display: Initializing audio mixer.
[2023.04.23-06.44.14:470][  0]LogAudioMixer: Display: 0: FrontLeft
[2023.04.23-06.44.14:470][  0]LogAudioMixer: Display: 1: FrontRight
[2023.04.23-06.44.14:500][  0]LogAudioMixer: Display: Using Audio Device Mi TV (HD Audio Driver for Display Audio)
[2023.04.23-06.44.14:500][  0]LogAudioMixer: Display: Initializing Sound Submixes...
[2023.04.23-06.44.14:522][  0]LogAudioMixer: Display: Creating Master Submix 'MasterSubmixDefault'
[2023.04.23-06.44.14:523][  0]LogAudioMixer: Display: Creating Master Submix 'MasterReverbSubmixDefault'
[2023.04.23-06.44.14:523][  0]LogAudioMixer: Display: Creating Master Submix 'MasterEQSubmixDefault'
[2023.04.23-06.44.14:523][  0]LogAudioMixer: FMixerPlatformXAudio2::StartAudioStream() called
[2023.04.23-06.44.14:523][  0]LogAudioMixer: Display: Output buffers initialized: Frames=1024, Channels=2, Samples=2048
[2023.04.23-06.44.14:525][  0]LogAudioMixer: Display: Starting AudioMixerPlatformInterface::RunInternal()
[2023.04.23-06.44.14:525][  0]LogAudioMixer: Display: FMixerPlatformXAudio2::SubmitBuffer() called for the first time
[2023.04.23-06.44.14:525][  0]LogInit: FAudioDevice initialized.
[2023.04.23-06.44.14:525][  0]LogAudio: Display: Audio Device (ID: 1) registered with world 'Untitled'.
[2023.04.23-06.44.14:525][  0]LogNetVersion: Set ProjectVersion to 1.0.0.0. Version Checksum will be recalculated on next use.
[2023.04.23-06.44.14:586][  0]LogDerivedDataCache: Saved boot cache 0.06s 95MB C:/Users/Asus/AppData/Local/UnrealEngine/4.27/DerivedDataCache/Boot.ddc.
[2023.04.23-06.44.14:587][  0]LogInit: Texture streaming: Enabled
[2023.04.23-06.44.14:640][  0]LogAnalytics: Display: [UEEditor.Rocket.Release] APIServer = https://datarouter.ol.epicgames.com/. AppVersion = 4.27.0-17155196+++UE4+Release-4.27
[2023.04.23-06.44.14:656][  0]LogEngineSessionManager: EngineSessionManager initialized
[2023.04.23-06.44.14:656][  0]LogEditorSessionSummary: Verbose: Initializing EditorSessionSummaryWriter for editor session tracking
[2023.04.23-06.44.14:657][  0]LogEditorSessionSummary: EditorSessionSummaryWriter initialized
[2023.04.23-06.44.14:714][  0]LogInit: Transaction tracking system initialized
[2023.04.23-06.44.14:832][  0]BlueprintLog: New page: Editor Load
[2023.04.23-06.44.15:134][  0]LocalizationService: Localization service is disabled
[2023.04.23-06.44.15:269][  0]TimingProfiler: Initialize
[2023.04.23-06.44.15:269][  0]TimingProfiler: OnSessionChanged
[2023.04.23-06.44.15:269][  0]LoadingProfiler: Initialize
[2023.04.23-06.44.15:270][  0]LoadingProfiler: OnSessionChanged
[2023.04.23-06.44.15:270][  0]NetworkingProfiler: Initialize
[2023.04.23-06.44.15:270][  0]NetworkingProfiler: OnSessionChanged
[2023.04.23-06.44.15:270][  0]MemoryProfiler: Initialize
[2023.04.23-06.44.15:270][  0]MemoryProfiler: OnSessionChanged
[2023.04.23-06.44.15:736][  0]LogCook: Display: CookSettings for Memory: MemoryMaxUsedVirtual 0MiB, MemoryMaxUsedPhysical 16384MiB, MemoryMinFreeVirtual 0MiB, MemoryMinFreePhysical 1024MiB
[2023.04.23-06.44.15:736][  0]LogCook: Display: Mobile HDR setting 1
[2023.04.23-06.44.16:580][  0]LogFileCache: Scanning file cache for directory 'E:/Asus/Documents/GitHub/TheTroubleMakers/Unreal Engine Project/SpeedLimit_UniAzad/Content/' took 0.01s
[2023.04.23-06.44.16:805][  0]LogStreaming: Warning: Failed to read file '../../../Engine/Content/Editor/Slate/Niagara/MenuSeparator.png' error.
[2023.04.23-06.44.16:805][  0]LogSlate: Could not find file for Slate resource: ../../../Engine/Content/Editor/Slate/Niagara/MenuSeparator.png
[2023.04.23-06.44.16:805][  0]LogStreaming: Warning: Failed to read file '../../../Engine/Content/Editor/Slate/Niagara/Common/Selector.png' error.
[2023.04.23-06.44.16:805][  0]LogSlate: Could not find file for Slate resource: ../../../Engine/Content/Editor/Slate/Niagara/Common/Selector.png
[2023.04.23-06.44.16:805][  0]LogStreaming: Warning: Failed to read file '../../../Engine/Content/Editor/Slate/Niagara/Common/Selection.png' error.
[2023.04.23-06.44.16:805][  0]LogSlate: Could not find file for Slate resource: ../../../Engine/Content/Editor/Slate/Niagara/Common/Selection.png
[2023.04.23-06.44.16:805][  0]LogStreaming: Warning: Failed to read file '../../../Engine/Content/Editor/Slate/Niagara/Common/DropZoneIndicator_Above.png' error.
[2023.04.23-06.44.16:805][  0]LogSlate: Could not find file for Slate resource: ../../../Engine/Content/Editor/Slate/Niagara/Common/DropZoneIndicator_Above.png
[2023.04.23-06.44.16:805][  0]LogStreaming: Warning: Failed to read file '../../../Engine/Content/Editor/Slate/Niagara/Common/DropZoneIndicator_Onto.png' error.
[2023.04.23-06.44.16:805][  0]LogSlate: Could not find file for Slate resource: ../../../Engine/Content/Editor/Slate/Niagara/Common/DropZoneIndicator_Onto.png
[2023.04.23-06.44.16:805][  0]LogStreaming: Warning: Failed to read file '../../../Engine/Content/Editor/Slate/Niagara/Common/DropZoneIndicator_Below.png' error.
[2023.04.23-06.44.16:805][  0]LogSlate: Could not find file for Slate resource: ../../../Engine/Content/Editor/Slate/Niagara/Common/DropZoneIndicator_Below.png
[2023.04.23-06.44.16:805][  0]LogStreaming: Warning: Failed to read file '../../../Engine/Content/Editor/Slate/Niagara/Common/RoundedSelection_16x.png' error.
[2023.04.23-06.44.16:805][  0]LogSlate: Could not find file for Slate resource: ../../../Engine/Content/Editor/Slate/Niagara/Common/RoundedSelection_16x.png
[2023.04.23-06.44.16:805][  0]LogStreaming: Warning: Failed to read file '../../../Engine/Content/Editor/Slate/Niagara/Common/FlatButton.png' error.
[2023.04.23-06.44.16:805][  0]LogSlate: Could not find file for Slate resource: ../../../Engine/Content/Editor/Slate/Niagara/Common/FlatButton.png
[2023.04.23-06.44.16:805][  0]LogImageWrapper: Warning: PNG Warning: Duplicate iCCP chunk
[2023.04.23-06.44.16:805][  0]LogImageWrapper: Warning: PNG Warning: Duplicate iCCP chunk
[2023.04.23-06.44.16:805][  0]LogInit: Display: Engine is initialized. Leaving FEngineLoop::Init()
[2023.04.23-06.44.16:808][  0]SourceControl: Source control is disabled
[2023.04.23-06.44.16:808][  0]LogUnrealEdMisc: Loading editor; pre map load, took 22.351
[2023.04.23-06.44.16:808][  0]LightingResults: New page: Lighting Build
[2023.04.23-06.44.16:810][  0]LogWorld: UWorld::CleanupWorld for Untitled, bSessionEnded=true, bCleanupResources=true
[2023.04.23-06.44.16:810][  0]LogSlate: InvalidateAllWidgets triggered.  All widgets were invalidated
[2023.04.23-06.44.16:810][  0]MapCheck: New page: Map Check
[2023.04.23-06.44.16:810][  0]LightingResults: New page: Lighting Build
[2023.04.23-06.44.16:815][  0]LogAudio: Display: Audio Device unregistered from world 'None'.
[2023.04.23-06.44.16:817][  0]LogUObjectHash: Compacting FUObjectHashTables data took   0.56ms
[2023.04.23-06.44.16:968][  0]LogAudio: Display: Audio Device (ID: 1) registered with world 'Minimal_Default'.
[2023.04.23-06.44.16:968][  0]LogAIModule: Creating AISystem for world Minimal_Default
[2023.04.23-06.44.16:981][  0]LogEditorServer: Finished looking for orphan Actors (0.000 secs)
[2023.04.23-06.44.16:987][  0]LogUObjectHash: Compacting FUObjectHashTables data took   0.67ms
[2023.04.23-06.44.16:988][  0]Cmd: MAP CHECKDEP NOCLEARLOG
[2023.04.23-06.44.16:988][  0]MapCheck: Map check complete: 0 Error(s), 0 Warning(s), took 0.117ms to complete.
[2023.04.23-06.44.16:988][  0]LogFileHelpers: Loading map 'Minimal_Default' took 0.180
[2023.04.23-06.44.16:990][  0]LogUnrealEdMisc: Total Editor Startup Time, took 22.533
[2023.04.23-06.44.17:147][  0]LogSlate: Updating window title bar state: overlay mode, drag disabled, window buttons hidden, title bar hidden
[2023.04.23-06.44.17:153][  0]LogSlate: Updating window title bar state: overlay mode, drag disabled, window buttons hidden, title bar hidden
[2023.04.23-06.44.17:158][  0]LogSlate: Updating window title bar state: overlay mode, drag disabled, window buttons hidden, title bar hidden
[2023.04.23-06.44.17:162][  0]LogSlate: Updating window title bar state: overlay mode, drag disabled, window buttons hidden, title bar hidden
[2023.04.23-06.44.17:179][  0]LogNativeClassHierarchy: Verbose: Native class hierarchy populated in 0.0073 seconds. Added 3822 classes and 928 folders.
[2023.04.23-06.44.17:180][  0]LogNativeClassHierarchy: Verbose: Native class hierarchy updated for 'WidgetCarousel' in 0.0002 seconds. Added 0 classes and 0 folders.
[2023.04.23-06.44.17:196][  0]LogPakFile: PakFile PrimaryIndexSize=187
[2023.04.23-06.44.17:196][  0]LogPakFile: PakFile PathHashIndexSize=101
[2023.04.23-06.44.17:196][  0]LogPakFile: PakFile FullDirectoryIndexSize=148
[2023.04.23-06.44.17:196][  0]LogShaderLibrary: Display: ShaderCodeLibraryPakFileMountedCallback: PakFile 'E:/Downloads/unreal_engine_v4.27_compiled/Unreal Engine v4.27 Compiled/FeaturePacks/FP_FirstPerson.upack' (chunk index -1, root 'root:/') mounted
[2023.04.23-06.44.17:196][  0]LogShaderLibrary: Display: ShaderCodeLibraryPakFileMountedCallback: pending pak file info (ChunkID:-1 Root:root:/ File:E:/Downloads/unreal_engine_v4.27_compiled/Unreal Engine v4.27 Compiled/FeaturePacks/FP_FirstPerson.upack)
[2023.04.23-06.44.17:196][  0]LogPakFile: OnPakFileMounted2Time == 0.000051
[2023.04.23-06.44.17:203][  0]LogPakFile: PakFile PrimaryIndexSize=189
[2023.04.23-06.44.17:203][  0]LogPakFile: PakFile PathHashIndexSize=101
[2023.04.23-06.44.17:203][  0]LogPakFile: PakFile FullDirectoryIndexSize=152
[2023.04.23-06.44.17:203][  0]LogShaderLibrary: Display: ShaderCodeLibraryPakFileMountedCallback: PakFile 'E:/Downloads/unreal_engine_v4.27_compiled/Unreal Engine v4.27 Compiled/FeaturePacks/FP_FirstPersonBP.upack' (chunk index -1, root 'root:/') mounted
[2023.04.23-06.44.17:203][  0]LogShaderLibrary: Display: ShaderCodeLibraryPakFileMountedCallback: pending pak file info (ChunkID:-1 Root:root:/ File:E:/Downloads/unreal_engine_v4.27_compiled/Unreal Engine v4.27 Compiled/FeaturePacks/FP_FirstPersonBP.upack)
[2023.04.23-06.44.17:203][  0]LogPakFile: OnPakFileMounted2Time == 0.000035
[2023.04.23-06.44.17:206][  0]LogPakFile: PakFile PrimaryIndexSize=191
[2023.04.23-06.44.17:206][  0]LogPakFile: PakFile PathHashIndexSize=101
[2023.04.23-06.44.17:206][  0]LogPakFile: PakFile FullDirectoryIndexSize=160
[2023.04.23-06.44.17:206][  0]LogShaderLibrary: Display: ShaderCodeLibraryPakFileMountedCallback: PakFile 'E:/Downloads/unreal_engine_v4.27_compiled/Unreal Engine v4.27 Compiled/FeaturePacks/MobileStarterContent.upack' (chunk index -1, root 'root:/') mounted
[2023.04.23-06.44.17:206][  0]LogShaderLibrary: Display: ShaderCodeLibraryPakFileMountedCallback: pending pak file info (ChunkID:-1 Root:root:/ File:E:/Downloads/unreal_engine_v4.27_compiled/Unreal Engine v4.27 Compiled/FeaturePacks/MobileStarterContent.upack)
[2023.04.23-06.44.17:206][  0]LogPakFile: OnPakFileMounted2Time == 0.000043
[2023.04.23-06.44.17:210][  0]LogPakFile: PakFile PrimaryIndexSize=185
[2023.04.23-06.44.17:210][  0]LogPakFile: PakFile PathHashIndexSize=101
[2023.04.23-06.44.17:210][  0]LogPakFile: PakFile FullDirectoryIndexSize=148
[2023.04.23-06.44.17:210][  0]LogShaderLibrary: Display: ShaderCodeLibraryPakFileMountedCallback: PakFile 'E:/Downloads/unreal_engine_v4.27_compiled/Unreal Engine v4.27 Compiled/FeaturePacks/StarterContent.upack' (chunk index -1, root 'root:/') mounted
[2023.04.23-06.44.17:210][  0]LogShaderLibrary: Display: ShaderCodeLibraryPakFileMountedCallback: pending pak file info (ChunkID:-1 Root:root:/ File:E:/Downloads/unreal_engine_v4.27_compiled/Unreal Engine v4.27 Compiled/FeaturePacks/StarterContent.upack)
[2023.04.23-06.44.17:210][  0]LogPakFile: OnPakFileMounted2Time == 0.000073
[2023.04.23-06.44.17:214][  0]LogPakFile: PakFile PrimaryIndexSize=190
[2023.04.23-06.44.17:214][  0]LogPakFile: PakFile PathHashIndexSize=101
[2023.04.23-06.44.17:214][  0]LogPakFile: PakFile FullDirectoryIndexSize=154
[2023.04.23-06.44.17:214][  0]LogShaderLibrary: Display: ShaderCodeLibraryPakFileMountedCallback: PakFile 'E:/Downloads/unreal_engine_v4.27_compiled/Unreal Engine v4.27 Compiled/FeaturePacks/TP_2DSideScroller.upack' (chunk index -1, root 'root:/') mounted
[2023.04.23-06.44.17:214][  0]LogShaderLibrary: Display: ShaderCodeLibraryPakFileMountedCallback: pending pak file info (ChunkID:-1 Root:root:/ File:E:/Downloads/unreal_engine_v4.27_compiled/Unreal Engine v4.27 Compiled/FeaturePacks/TP_2DSideScroller.upack)
[2023.04.23-06.44.17:214][  0]LogPakFile: OnPakFileMounted2Time == 0.000040
[2023.04.23-06.44.17:219][  0]LogPakFile: PakFile PrimaryIndexSize=192
[2023.04.23-06.44.17:219][  0]LogPakFile: PakFile PathHashIndexSize=101
[2023.04.23-06.44.17:219][  0]LogPakFile: PakFile FullDirectoryIndexSize=158
[2023.04.23-06.44.17:219][  0]LogShaderLibrary: Display: ShaderCodeLibraryPakFileMountedCallback: PakFile 'E:/Downloads/unreal_engine_v4.27_compiled/Unreal Engine v4.27 Compiled/FeaturePacks/TP_2DSideScrollerBP.upack' (chunk index -1, root 'root:/') mounted
[2023.04.23-06.44.17:219][  0]LogShaderLibrary: Display: ShaderCodeLibraryPakFileMountedCallback: pending pak file info (ChunkID:-1 Root:root:/ File:E:/Downloads/unreal_engine_v4.27_compiled/Unreal Engine v4.27 Compiled/FeaturePacks/TP_2DSideScrollerBP.upack)
[2023.04.23-06.44.17:219][  0]LogPakFile: OnPakFileMounted2Time == 0.000034
[2023.04.23-06.44.17:222][  0]LogPakFile: PakFile PrimaryIndexSize=182
[2023.04.23-06.44.17:222][  0]LogPakFile: PakFile PathHashIndexSize=101
[2023.04.23-06.44.17:222][  0]LogPakFile: PakFile FullDirectoryIndexSize=138
[2023.04.23-06.44.17:222][  0]LogShaderLibrary: Display: ShaderCodeLibraryPakFileMountedCallback: PakFile 'E:/Downloads/unreal_engine_v4.27_compiled/Unreal Engine v4.27 Compiled/FeaturePacks/TP_Flying.upack' (chunk index -1, root 'root:/') mounted
[2023.04.23-06.44.17:222][  0]LogShaderLibrary: Display: ShaderCodeLibraryPakFileMountedCallback: pending pak file info (ChunkID:-1 Root:root:/ File:E:/Downloads/unreal_engine_v4.27_compiled/Unreal Engine v4.27 Compiled/FeaturePacks/TP_Flying.upack)
[2023.04.23-06.44.17:222][  0]LogPakFile: OnPakFileMounted2Time == 0.000024
[2023.04.23-06.44.17:226][  0]LogPakFile: PakFile PrimaryIndexSize=184
[2023.04.23-06.44.17:226][  0]LogPakFile: PakFile PathHashIndexSize=101
[2023.04.23-06.44.17:226][  0]LogPakFile: PakFile FullDirectoryIndexSize=142
[2023.04.23-06.44.17:226][  0]LogShaderLibrary: Display: ShaderCodeLibraryPakFileMountedCallback: PakFile 'E:/Downloads/unreal_engine_v4.27_compiled/Unreal Engine v4.27 Compiled/FeaturePacks/TP_FlyingBP.upack' (chunk index -1, root 'root:/') mounted
[2023.04.23-06.44.17:226][  0]LogShaderLibrary: Display: ShaderCodeLibraryPakFileMountedCallback: pending pak file info (ChunkID:-1 Root:root:/ File:E:/Downloads/unreal_engine_v4.27_compiled/Unreal Engine v4.27 Compiled/FeaturePacks/TP_FlyingBP.upack)
[2023.04.23-06.44.17:226][  0]LogPakFile: OnPakFileMounted2Time == 0.000025
[2023.04.23-06.44.17:231][  0]LogPakFile: PakFile PrimaryIndexSize=188
[2023.04.23-06.44.17:231][  0]LogPakFile: PakFile PathHashIndexSize=101
[2023.04.23-06.44.17:231][  0]LogPakFile: PakFile FullDirectoryIndexSize=150
[2023.04.23-06.44.17:231][  0]LogShaderLibrary: Display: ShaderCodeLibraryPakFileMountedCallback: PakFile 'E:/Downloads/unreal_engine_v4.27_compiled/Unreal Engine v4.27 Compiled/FeaturePacks/TP_HandheldARBP.upack' (chunk index -1, root 'root:/') mounted
[2023.04.23-06.44.17:231][  0]LogShaderLibrary: Display: ShaderCodeLibraryPakFileMountedCallback: pending pak file info (ChunkID:-1 Root:root:/ File:E:/Downloads/unreal_engine_v4.27_compiled/Unreal Engine v4.27 Compiled/FeaturePacks/TP_HandheldARBP.upack)
[2023.04.23-06.44.17:231][  0]LogPakFile: OnPakFileMounted2Time == 0.000061
[2023.04.23-06.44.17:235][  0]LogPakFile: PakFile PrimaryIndexSize=182
[2023.04.23-06.44.17:235][  0]LogPakFile: PakFile PathHashIndexSize=101
[2023.04.23-06.44.17:235][  0]LogPakFile: PakFile FullDirectoryIndexSize=138
[2023.04.23-06.44.17:235][  0]LogShaderLibrary: Display: ShaderCodeLibraryPakFileMountedCallback: PakFile 'E:/Downloads/unreal_engine_v4.27_compiled/Unreal Engine v4.27 Compiled/FeaturePacks/TP_Puzzle.upack' (chunk index -1, root 'root:/') mounted
[2023.04.23-06.44.17:235][  0]LogShaderLibrary: Display: ShaderCodeLibraryPakFileMountedCallback: pending pak file info (ChunkID:-1 Root:root:/ File:E:/Downloads/unreal_engine_v4.27_compiled/Unreal Engine v4.27 Compiled/FeaturePacks/TP_Puzzle.upack)
[2023.04.23-06.44.17:235][  0]LogPakFile: OnPakFileMounted2Time == 0.000032
[2023.04.23-06.44.17:239][  0]LogPakFile: PakFile PrimaryIndexSize=184
[2023.04.23-06.44.17:239][  0]LogPakFile: PakFile PathHashIndexSize=101
[2023.04.23-06.44.17:239][  0]LogPakFile: PakFile FullDirectoryIndexSize=142
[2023.04.23-06.44.17:239][  0]LogShaderLibrary: Display: ShaderCodeLibraryPakFileMountedCallback: PakFile 'E:/Downloads/unreal_engine_v4.27_compiled/Unreal Engine v4.27 Compiled/FeaturePacks/TP_PuzzleBP.upack' (chunk index -1, root 'root:/') mounted
[2023.04.23-06.44.17:239][  0]LogShaderLibrary: Display: ShaderCodeLibraryPakFileMountedCallback: pending pak file info (ChunkID:-1 Root:root:/ File:E:/Downloads/unreal_engine_v4.27_compiled/Unreal Engine v4.27 Compiled/FeaturePacks/TP_PuzzleBP.upack)
[2023.04.23-06.44.17:239][  0]LogPakFile: OnPakFileMounted2Time == 0.000032
[2023.04.23-06.44.17:244][  0]LogPakFile: PakFile PrimaryIndexSize=183
[2023.04.23-06.44.17:244][  0]LogPakFile: PakFile PathHashIndexSize=101
[2023.04.23-06.44.17:244][  0]LogPakFile: PakFile FullDirectoryIndexSize=140
[2023.04.23-06.44.17:244][  0]LogShaderLibrary: Display: ShaderCodeLibraryPakFileMountedCallback: PakFile 'E:/Downloads/unreal_engine_v4.27_compiled/Unreal Engine v4.27 Compiled/FeaturePacks/TP_Rolling.upack' (chunk index -1, root 'root:/') mounted
[2023.04.23-06.44.17:244][  0]LogShaderLibrary: Display: ShaderCodeLibraryPakFileMountedCallback: pending pak file info (ChunkID:-1 Root:root:/ File:E:/Downloads/unreal_engine_v4.27_compiled/Unreal Engine v4.27 Compiled/FeaturePacks/TP_Rolling.upack)
[2023.04.23-06.44.17:244][  0]LogPakFile: OnPakFileMounted2Time == 0.000062
[2023.04.23-06.44.17:249][  0]LogPakFile: PakFile PrimaryIndexSize=185
[2023.04.23-06.44.17:249][  0]LogPakFile: PakFile PathHashIndexSize=101
[2023.04.23-06.44.17:249][  0]LogPakFile: PakFile FullDirectoryIndexSize=144
[2023.04.23-06.44.17:249][  0]LogShaderLibrary: Display: ShaderCodeLibraryPakFileMountedCallback: PakFile 'E:/Downloads/unreal_engine_v4.27_compiled/Unreal Engine v4.27 Compiled/FeaturePacks/TP_RollingBP.upack' (chunk index -1, root 'root:/') mounted
[2023.04.23-06.44.17:249][  0]LogShaderLibrary: Display: ShaderCodeLibraryPakFileMountedCallback: pending pak file info (ChunkID:-1 Root:root:/ File:E:/Downloads/unreal_engine_v4.27_compiled/Unreal Engine v4.27 Compiled/FeaturePacks/TP_RollingBP.upack)
[2023.04.23-06.44.17:249][  0]LogPakFile: OnPakFileMounted2Time == 0.000027
[2023.04.23-06.44.17:253][  0]LogPakFile: PakFile PrimaryIndexSize=188
[2023.04.23-06.44.17:253][  0]LogPakFile: PakFile PathHashIndexSize=101
[2023.04.23-06.44.17:253][  0]LogPakFile: PakFile FullDirectoryIndexSize=150
[2023.04.23-06.44.17:253][  0]LogShaderLibrary: Display: ShaderCodeLibraryPakFileMountedCallback: PakFile 'E:/Downloads/unreal_engine_v4.27_compiled/Unreal Engine v4.27 Compiled/FeaturePacks/TP_SideScroller.upack' (chunk index -1, root 'root:/') mounted
[2023.04.23-06.44.17:253][  0]LogShaderLibrary: Display: ShaderCodeLibraryPakFileMountedCallback: pending pak file info (ChunkID:-1 Root:root:/ File:E:/Downloads/unreal_engine_v4.27_compiled/Unreal Engine v4.27 Compiled/FeaturePacks/TP_SideScroller.upack)
[2023.04.23-06.44.17:253][  0]LogPakFile: OnPakFileMounted2Time == 0.000029
[2023.04.23-06.44.17:257][  0]LogPakFile: PakFile PrimaryIndexSize=190
[2023.04.23-06.44.17:257][  0]LogPakFile: PakFile PathHashIndexSize=101
[2023.04.23-06.44.17:257][  0]LogPakFile: PakFile FullDirectoryIndexSize=154
[2023.04.23-06.44.17:257][  0]LogShaderLibrary: Display: ShaderCodeLibraryPakFileMountedCallback: PakFile 'E:/Downloads/unreal_engine_v4.27_compiled/Unreal Engine v4.27 Compiled/FeaturePacks/TP_SideScrollerBP.upack' (chunk index -1, root 'root:/') mounted
[2023.04.23-06.44.17:257][  0]LogShaderLibrary: Display: ShaderCodeLibraryPakFileMountedCallback: pending pak file info (ChunkID:-1 Root:root:/ File:E:/Downloads/unreal_engine_v4.27_compiled/Unreal Engine v4.27 Compiled/FeaturePacks/TP_SideScrollerBP.upack)
[2023.04.23-06.44.17:257][  0]LogPakFile: OnPakFileMounted2Time == 0.000057
[2023.04.23-06.44.17:262][  0]LogPakFile: PakFile PrimaryIndexSize=187
[2023.04.23-06.44.17:262][  0]LogPakFile: PakFile PathHashIndexSize=101
[2023.04.23-06.44.17:262][  0]LogPakFile: PakFile FullDirectoryIndexSize=148
[2023.04.23-06.44.17:262][  0]LogShaderLibrary: Display: ShaderCodeLibraryPakFileMountedCallback: PakFile 'E:/Downloads/unreal_engine_v4.27_compiled/Unreal Engine v4.27 Compiled/FeaturePacks/TP_ThirdPerson.upack' (chunk index -1, root 'root:/') mounted
[2023.04.23-06.44.17:262][  0]LogShaderLibrary: Display: ShaderCodeLibraryPakFileMountedCallback: pending pak file info (ChunkID:-1 Root:root:/ File:E:/Downloads/unreal_engine_v4.27_compiled/Unreal Engine v4.27 Compiled/FeaturePacks/TP_ThirdPerson.upack)
[2023.04.23-06.44.17:262][  0]LogPakFile: OnPakFileMounted2Time == 0.000037
[2023.04.23-06.44.17:266][  0]LogPakFile: PakFile PrimaryIndexSize=189
[2023.04.23-06.44.17:266][  0]LogPakFile: PakFile PathHashIndexSize=101
[2023.04.23-06.44.17:266][  0]LogPakFile: PakFile FullDirectoryIndexSize=152
[2023.04.23-06.44.17:266][  0]LogShaderLibrary: Display: ShaderCodeLibraryPakFileMountedCallback: PakFile 'E:/Downloads/unreal_engine_v4.27_compiled/Unreal Engine v4.27 Compiled/FeaturePacks/TP_ThirdPersonBP.upack' (chunk index -1, root 'root:/') mounted
[2023.04.23-06.44.17:266][  0]LogShaderLibrary: Display: ShaderCodeLibraryPakFileMountedCallback: pending pak file info (ChunkID:-1 Root:root:/ File:E:/Downloads/unreal_engine_v4.27_compiled/Unreal Engine v4.27 Compiled/FeaturePacks/TP_ThirdPersonBP.upack)
[2023.04.23-06.44.17:266][  0]LogPakFile: OnPakFileMounted2Time == 0.000029
[2023.04.23-06.44.17:271][  0]LogPakFile: PakFile PrimaryIndexSize=183
[2023.04.23-06.44.17:271][  0]LogPakFile: PakFile PathHashIndexSize=101
[2023.04.23-06.44.17:271][  0]LogPakFile: PakFile FullDirectoryIndexSize=140
[2023.04.23-06.44.17:271][  0]LogShaderLibrary: Display: ShaderCodeLibraryPakFileMountedCallback: PakFile 'E:/Downloads/unreal_engine_v4.27_compiled/Unreal Engine v4.27 Compiled/FeaturePacks/TP_TopDown.upack' (chunk index -1, root 'root:/') mounted
[2023.04.23-06.44.17:271][  0]LogShaderLibrary: Display: ShaderCodeLibraryPakFileMountedCallback: pending pak file info (ChunkID:-1 Root:root:/ File:E:/Downloads/unreal_engine_v4.27_compiled/Unreal Engine v4.27 Compiled/FeaturePacks/TP_TopDown.upack)
[2023.04.23-06.44.17:271][  0]LogPakFile: OnPakFileMounted2Time == 0.000041
[2023.04.23-06.44.17:275][  0]LogPakFile: PakFile PrimaryIndexSize=185
[2023.04.23-06.44.17:275][  0]LogPakFile: PakFile PathHashIndexSize=101
[2023.04.23-06.44.17:275][  0]LogPakFile: PakFile FullDirectoryIndexSize=144
[2023.04.23-06.44.17:275][  0]LogShaderLibrary: Display: ShaderCodeLibraryPakFileMountedCallback: PakFile 'E:/Downloads/unreal_engine_v4.27_compiled/Unreal Engine v4.27 Compiled/FeaturePacks/TP_TopDownBP.upack' (chunk index -1, root 'root:/') mounted
[2023.04.23-06.44.17:275][  0]LogShaderLibrary: Display: ShaderCodeLibraryPakFileMountedCallback: pending pak file info (ChunkID:-1 Root:root:/ File:E:/Downloads/unreal_engine_v4.27_compiled/Unreal Engine v4.27 Compiled/FeaturePacks/TP_TopDownBP.upack)
[2023.04.23-06.44.17:275][  0]LogPakFile: OnPakFileMounted2Time == 0.000026
[2023.04.23-06.44.17:282][  0]LogPakFile: PakFile PrimaryIndexSize=185
[2023.04.23-06.44.17:282][  0]LogPakFile: PakFile PathHashIndexSize=101
[2023.04.23-06.44.17:282][  0]LogPakFile: PakFile FullDirectoryIndexSize=144
[2023.04.23-06.44.17:282][  0]LogShaderLibrary: Display: ShaderCodeLibraryPakFileMountedCallback: PakFile 'E:/Downloads/unreal_engine_v4.27_compiled/Unreal Engine v4.27 Compiled/FeaturePacks/TP_TwinStick.upack' (chunk index -1, root 'root:/') mounted
[2023.04.23-06.44.17:282][  0]LogShaderLibrary: Display: ShaderCodeLibraryPakFileMountedCallback: pending pak file info (ChunkID:-1 Root:root:/ File:E:/Downloads/unreal_engine_v4.27_compiled/Unreal Engine v4.27 Compiled/FeaturePacks/TP_TwinStick.upack)
[2023.04.23-06.44.17:282][  0]LogPakFile: OnPakFileMounted2Time == 0.000032
[2023.04.23-06.44.17:286][  0]LogPakFile: PakFile PrimaryIndexSize=187
[2023.04.23-06.44.17:286][  0]LogPakFile: PakFile PathHashIndexSize=101
[2023.04.23-06.44.17:286][  0]LogPakFile: PakFile FullDirectoryIndexSize=148
[2023.04.23-06.44.17:286][  0]LogShaderLibrary: Display: ShaderCodeLibraryPakFileMountedCallback: PakFile 'E:/Downloads/unreal_engine_v4.27_compiled/Unreal Engine v4.27 Compiled/FeaturePacks/TP_TwinStickBP.upack' (chunk index -1, root 'root:/') mounted
[2023.04.23-06.44.17:286][  0]LogShaderLibrary: Display: ShaderCodeLibraryPakFileMountedCallback: pending pak file info (ChunkID:-1 Root:root:/ File:E:/Downloads/unreal_engine_v4.27_compiled/Unreal Engine v4.27 Compiled/FeaturePacks/TP_TwinStickBP.upack)
[2023.04.23-06.44.17:286][  0]LogPakFile: OnPakFileMounted2Time == 0.000028
[2023.04.23-06.44.17:289][  0]LogPakFile: PakFile PrimaryIndexSize=183
[2023.04.23-06.44.17:289][  0]LogPakFile: PakFile PathHashIndexSize=101
[2023.04.23-06.44.17:289][  0]LogPakFile: PakFile FullDirectoryIndexSize=140
[2023.04.23-06.44.17:289][  0]LogShaderLibrary: Display: ShaderCodeLibraryPakFileMountedCallback: PakFile 'E:/Downloads/unreal_engine_v4.27_compiled/Unreal Engine v4.27 Compiled/FeaturePacks/TP_Vehicle.upack' (chunk index -1, root 'root:/') mounted
[2023.04.23-06.44.17:289][  0]LogShaderLibrary: Display: ShaderCodeLibraryPakFileMountedCallback: pending pak file info (ChunkID:-1 Root:root:/ File:E:/Downloads/unreal_engine_v4.27_compiled/Unreal Engine v4.27 Compiled/FeaturePacks/TP_Vehicle.upack)
[2023.04.23-06.44.17:289][  0]LogPakFile: OnPakFileMounted2Time == 0.000025
[2023.04.23-06.44.17:295][  0]LogPakFile: PakFile PrimaryIndexSize=186
[2023.04.23-06.44.17:295][  0]LogPakFile: PakFile PathHashIndexSize=101
[2023.04.23-06.44.17:295][  0]LogPakFile: PakFile FullDirectoryIndexSize=146
[2023.04.23-06.44.17:295][  0]LogShaderLibrary: Display: ShaderCodeLibraryPakFileMountedCallback: PakFile 'E:/Downloads/unreal_engine_v4.27_compiled/Unreal Engine v4.27 Compiled/FeaturePacks/TP_VehicleAdv.upack' (chunk index -1, root 'root:/') mounted
[2023.04.23-06.44.17:295][  0]LogShaderLibrary: Display: ShaderCodeLibraryPakFileMountedCallback: pending pak file info (ChunkID:-1 Root:root:/ File:E:/Downloads/unreal_engine_v4.27_compiled/Unreal Engine v4.27 Compiled/FeaturePacks/TP_VehicleAdv.upack)
[2023.04.23-06.44.17:295][  0]LogPakFile: OnPakFileMounted2Time == 0.000038
[2023.04.23-06.44.17:299][  0]LogPakFile: PakFile PrimaryIndexSize=188
[2023.04.23-06.44.17:299][  0]LogPakFile: PakFile PathHashIndexSize=101
[2023.04.23-06.44.17:299][  0]LogPakFile: PakFile FullDirectoryIndexSize=150
[2023.04.23-06.44.17:299][  0]LogShaderLibrary: Display: ShaderCodeLibraryPakFileMountedCallback: PakFile 'E:/Downloads/unreal_engine_v4.27_compiled/Unreal Engine v4.27 Compiled/FeaturePacks/TP_VehicleAdvBP.upack' (chunk index -1, root 'root:/') mounted
[2023.04.23-06.44.17:299][  0]LogShaderLibrary: Display: ShaderCodeLibraryPakFileMountedCallback: pending pak file info (ChunkID:-1 Root:root:/ File:E:/Downloads/unreal_engine_v4.27_compiled/Unreal Engine v4.27 Compiled/FeaturePacks/TP_VehicleAdvBP.upack)
[2023.04.23-06.44.17:299][  0]LogPakFile: OnPakFileMounted2Time == 0.000047
[2023.04.23-06.44.17:304][  0]LogPakFile: PakFile PrimaryIndexSize=185
[2023.04.23-06.44.17:304][  0]LogPakFile: PakFile PathHashIndexSize=101
[2023.04.23-06.44.17:304][  0]LogPakFile: PakFile FullDirectoryIndexSize=144
[2023.04.23-06.44.17:304][  0]LogShaderLibrary: Display: ShaderCodeLibraryPakFileMountedCallback: PakFile 'E:/Downloads/unreal_engine_v4.27_compiled/Unreal Engine v4.27 Compiled/FeaturePacks/TP_VehicleBP.upack' (chunk index -1, root 'root:/') mounted
[2023.04.23-06.44.17:304][  0]LogShaderLibrary: Display: ShaderCodeLibraryPakFileMountedCallback: pending pak file info (ChunkID:-1 Root:root:/ File:E:/Downloads/unreal_engine_v4.27_compiled/Unreal Engine v4.27 Compiled/FeaturePacks/TP_VehicleBP.upack)
[2023.04.23-06.44.17:304][  0]LogPakFile: OnPakFileMounted2Time == 0.000032
[2023.04.23-06.44.17:308][  0]LogPakFile: PakFile PrimaryIndexSize=192
[2023.04.23-06.44.17:308][  0]LogPakFile: PakFile PathHashIndexSize=101
[2023.04.23-06.44.17:308][  0]LogPakFile: PakFile FullDirectoryIndexSize=158
[2023.04.23-06.44.17:308][  0]LogShaderLibrary: Display: ShaderCodeLibraryPakFileMountedCallback: PakFile 'E:/Downloads/unreal_engine_v4.27_compiled/Unreal Engine v4.27 Compiled/FeaturePacks/TP_VirtualRealityBP.upack' (chunk index -1, root 'root:/') mounted
[2023.04.23-06.44.17:308][  0]LogShaderLibrary: Display: ShaderCodeLibraryPakFileMountedCallback: pending pak file info (ChunkID:-1 Root:root:/ File:E:/Downloads/unreal_engine_v4.27_compiled/Unreal Engine v4.27 Compiled/FeaturePacks/TP_VirtualRealityBP.upack)
[2023.04.23-06.44.17:308][  0]LogPakFile: OnPakFileMounted2Time == 0.000028
[2023.04.23-06.44.17:609][  0]LogNativeClassHierarchy: Verbose: Native class hierarchy updated for 'AddContentDialog' in 0.0004 seconds. Added 0 classes and 0 folders.
[2023.04.23-06.44.17:609][  0]LogNativeClassHierarchy: Verbose: Native class hierarchy updated for 'SceneOutliner' in 0.0003 seconds. Added 2 classes and 0 folders.
[2023.04.23-06.44.17:715][  0]LogSlate: Took 0.004619 seconds to synchronously load lazily loaded font '../../../Engine/Content/Slate/Fonts/Roboto-Regular.ttf' (155K)
[2023.04.23-06.44.17:719][  0]LogSlate: Took 0.003978 seconds to synchronously load lazily loaded font '../../../Engine/Content/Editor/Slate/Fonts/FontAwesome.ttf' (139K)
[2023.04.23-06.44.17:724][  0]LogSlate: Took 0.003153 seconds to synchronously load lazily loaded font '../../../Engine/Content/Slate/Fonts/Roboto-Bold.ttf' (160K)
[2023.04.23-06.44.17:854][  0]LogRenderer: Reallocating scene render targets to support 1208x568 Format 10 NumSamples 1 (Frame:1).
[2023.04.23-06.44.17:984][  0]LogNativeClassHierarchy: Verbose: Native class hierarchy updated for 'HierarchicalLODOutliner' in 0.0002 seconds. Added 0 classes and 0 folders.
[2023.04.23-06.44.17:984][  0]LogLoad: (Engine Initialization) Total time: 23.53 seconds
[2023.04.23-06.44.17:984][  0]LogLoad: (Engine Initialization) Total Blueprint compile time: 0.00 seconds
[2023.04.23-06.44.18:026][  0]LogAssetRegistry: Asset discovery search completed in 12.7781 seconds
[2023.04.23-06.44.18:055][  0]LogCollectionManager: Fixed up redirectors for 0 collections in 0.000003 seconds (updated 0 objects)
[2023.04.23-06.44.18:056][  0]LogContentStreaming: Texture pool size now 1000 MB
[2023.04.23-06.44.18:682][  2]LogSlate: Took 0.003643 seconds to synchronously load lazily loaded font '../../../Engine/Content/Slate/Fonts/Roboto-Light.ttf' (167K)
[2023.04.23-06.44.37:681][244]LogSlate: Took 0.000125 seconds to synchronously load lazily loaded font '../../../Engine/Content/Slate/Fonts/Roboto-Light.ttf' (167K)
[2023.04.23-06.44.37:737][244]LogFactory: FactoryCreateFile: StaticMesh with FbxFactory (0 0 ../../../../../../Asus/Documents/GitHub/TheTroubleMakers/Mr. Khorshidi Folder/My Car/Blue Nissan car Main finall.fbx)
[2023.04.23-06.44.37:746][244]LogFbx: Loading FBX Scene from ../../../../../../Asus/Documents/GitHub/TheTroubleMakers/Mr. Khorshidi Folder/My Car/Blue Nissan car Main finall.fbx
[2023.04.23-06.44.37:757][244]LogFbx: FBX Scene Loaded Succesfully
[2023.04.23-06.44.39:089][244]LogSlate: Window 'FBX Import Options' being destroyed
[2023.04.23-06.44.39:103][244]LogFbx: Valid bind pose for Pose (Text.003) - Boody
[2023.04.23-06.44.39:103][244]LogFbx: Valid bind pose for Pose (Cylinder.001) - Boody
[2023.04.23-06.44.39:103][244]LogFbx: Valid bind pose for Pose (Cylinder.002) - Boody
[2023.04.23-06.44.39:103][244]LogFbx: Valid bind pose for Pose (Cylinder.004) - Boody
[2023.04.23-06.44.39:103][244]LogFbx: Valid bind pose for Pose (Cylinder.007) - Boody
[2023.04.23-06.44.39:107][244]LogMaterial: Display: Material /Game/TheTroubleMakers/Alikhorshidi/MyCar/Material_002.Material_002 needed to have new flag set bUsedWithSkeletalMesh !
[2023.04.23-06.44.39:108][244]LogMaterial: Display: Missing cached shadermap for Material_002 in PCD3D_SM5, Default, SM5 (DDC key hash: FD839A79692FC298DF8E3792A785A9FD19788298), compiling. 
[2023.04.23-06.44.39:151][244]LogShaderCompilers: Display: Submitted 32 shader compile jobs with 'Low' priority
[2023.04.23-06.44.39:153][244]LogMaterial: Display: Missing cached shadermap for Material_002 in PCD3D_SM5, Default, SM5 (DDC key hash: 5AD491DE05681FBEAF599D7B2E1ACB3ABEF94246), compiling. 
[2023.04.23-06.44.39:155][244]LogMaterial: Display: Material /Game/TheTroubleMakers/Alikhorshidi/MyCar/car_001.car_001 needed to have new flag set bUsedWithSkeletalMesh !
[2023.04.23-06.44.39:156][244]LogMaterial: Display: Missing cached shadermap for car_001 in PCD3D_SM5, Default, SM5 (DDC key hash: 520CDF228EDE806DA82DC7AD10FF6AF0B2E9BBDB), compiling. 
[2023.04.23-06.44.39:175][244]LogShaderCompilers: Display: Submitted 32 shader compile jobs with 'Low' priority
[2023.04.23-06.44.39:177][244]LogMaterial: Display: Missing cached shadermap for car_001 in PCD3D_SM5, Default, SM5 (DDC key hash: 2711BC15CA1C49B19FB56C6F06B949EE4804DFF5), compiling. 
[2023.04.23-06.44.39:179][244]LogMaterial: Display: Material /Game/TheTroubleMakers/Alikhorshidi/MyCar/windows.windows needed to have new flag set bUsedWithSkeletalMesh !
[2023.04.23-06.44.39:180][244]LogMaterial: Display: Missing cached shadermap for windows in PCD3D_SM5, Default, SM5 (DDC key hash: 6D989E9DE2A437F4775A4996128DFF71BEA84755), compiling. 
[2023.04.23-06.44.39:199][244]LogShaderCompilers: Display: Submitted 32 shader compile jobs with 'Low' priority
[2023.04.23-06.44.39:202][244]LogMaterial: Display: Missing cached shadermap for windows in PCD3D_SM5, Default, SM5 (DDC key hash: 0BCB426A2A5F96F27FED739E4DDC2F7E27177B4D), compiling. 
[2023.04.23-06.44.39:203][244]LogMaterial: Display: Material /Game/TheTroubleMakers/Alikhorshidi/MyCar/Material_005.Material_005 needed to have new flag set bUsedWithSkeletalMesh !
[2023.04.23-06.44.39:205][244]LogMaterial: Display: Missing cached shadermap for Material_005 in PCD3D_SM5, Default, SM5 (DDC key hash: 60BD653E2F7A4EFA66921886D22E6155C68D014B), compiling. 
[2023.04.23-06.44.39:224][244]LogShaderCompilers: Display: Submitted 32 shader compile jobs with 'Low' priority
[2023.04.23-06.44.39:225][244]LogShaderCompilers: Display: Worker (1/5): shaders left to compile 32
[2023.04.23-06.44.39:225][244]LogShaderCompilers: Display: Worker (2/5): shaders left to compile 23
[2023.04.23-06.44.39:225][244]LogShaderCompilers: Display: Worker (3/5): shaders left to compile 14
[2023.04.23-06.44.39:225][244]LogShaderCompilers: Display: Worker (4/5): shaders left to compile 5
[2023.04.23-06.44.39:225][244]LogShaderCompilers: Display: Started 32 'Local' shader compile jobs with 'Low' priority
[2023.04.23-06.44.39:226][244]LogMaterial: Display: Missing cached shadermap for Material_005 in PCD3D_SM5, Default, SM5 (DDC key hash: 2601CE6BFEE77E36D2345987B9DE423EC3004D9F), compiling. 
[2023.04.23-06.44.39:227][244]LogMaterial: Display: Material /Game/TheTroubleMakers/Alikhorshidi/MyCar/Material_003.Material_003 needed to have new flag set bUsedWithSkeletalMesh !
[2023.04.23-06.44.39:229][244]LogMaterial: Display: Missing cached shadermap for Material_003 in PCD3D_SM5, Default, SM5 (DDC key hash: F38E510C472B5223A34D3D729C67915CBCAE204D), compiling. 
[2023.04.23-06.44.39:253][244]LogShaderCompilers: Display: Submitted 32 shader compile jobs with 'Low' priority
[2023.04.23-06.44.39:255][244]LogMaterial: Display: Missing cached shadermap for Material_003 in PCD3D_SM5, Default, SM5 (DDC key hash: D80C2077BFBF1A380DF2B2299550E94C0844DD8D), compiling. 
[2023.04.23-06.44.39:257][244]LogMaterial: Display: Material /Game/TheTroubleMakers/Alikhorshidi/MyCar/Material_001.Material_001 needed to have new flag set bUsedWithSkeletalMesh !
[2023.04.23-06.44.39:258][244]LogMaterial: Display: Missing cached shadermap for Material_001 in PCD3D_SM5, Default, SM5 (DDC key hash: BB278ED303DBCDC883879DF3D544EC082DFB5A43), compiling. 
[2023.04.23-06.44.39:282][244]LogShaderCompilers: Display: Submitted 32 shader compile jobs with 'Low' priority
[2023.04.23-06.44.39:284][244]LogMaterial: Display: Missing cached shadermap for Material_001 in PCD3D_SM5, Default, SM5 (DDC key hash: 3AEEF2F9F02866F09989D18E23D996CE129D441C), compiling. 
[2023.04.23-06.44.39:286][244]LogMaterial: Display: Material /Game/TheTroubleMakers/Alikhorshidi/MyCar/Material_015.Material_015 needed to have new flag set bUsedWithSkeletalMesh !
[2023.04.23-06.44.39:287][244]LogMaterial: Display: Missing cached shadermap for Material_015 in PCD3D_SM5, Default, SM5 (DDC key hash: EE8C1D185FE7D0591CB56C888296E7ACD0B13C7F), compiling. 
[2023.04.23-06.44.39:317][244]LogShaderCompilers: Display: Submitted 32 shader compile jobs with 'Low' priority
[2023.04.23-06.44.39:319][244]LogMaterial: Display: Missing cached shadermap for Material_015 in PCD3D_SM5, Default, SM5 (DDC key hash: 62F935AF44E2E2E8DB05A7381199F36A685552F5), compiling. 
[2023.04.23-06.44.39:322][244]LogMaterial: Display: Material /Game/TheTroubleMakers/Alikhorshidi/MyCar/Material_017.Material_017 needed to have new flag set bUsedWithSkeletalMesh !
[2023.04.23-06.44.39:323][244]LogMaterial: Display: Missing cached shadermap for Material_017 in PCD3D_SM5, Default, SM5 (DDC key hash: 0C6883C6B2E0A52C4C08A5BF1B1A918544CDA605), compiling. 
[2023.04.23-06.44.39:352][244]LogShaderCompilers: Display: Submitted 32 shader compile jobs with 'Low' priority
[2023.04.23-06.44.39:355][244]LogMaterial: Display: Missing cached shadermap for Material_017 in PCD3D_SM5, Default, SM5 (DDC key hash: A2507C43862745A224F8BCF9E43BCC433749290A), compiling. 
[2023.04.23-06.44.39:357][244]LogMaterial: Display: Material /Game/TheTroubleMakers/Alikhorshidi/MyCar/Material_018.Material_018 needed to have new flag set bUsedWithSkeletalMesh !
[2023.04.23-06.44.39:358][244]LogMaterial: Display: Missing cached shadermap for Material_018 in PCD3D_SM5, Default, SM5 (DDC key hash: DFA057CC57034F913F4895EFEF112C5A08445540), compiling. 
[2023.04.23-06.44.39:385][244]LogShaderCompilers: Display: Submitted 32 shader compile jobs with 'Low' priority
[2023.04.23-06.44.39:388][244]LogMaterial: Display: Missing cached shadermap for Material_018 in PCD3D_SM5, Default, SM5 (DDC key hash: 727CEC1E2DB53E187A464D128AC49AB522651794), compiling. 
[2023.04.23-06.44.39:390][244]LogMaterial: Display: Material /Game/TheTroubleMakers/Alikhorshidi/MyCar/Material_019.Material_019 needed to have new flag set bUsedWithSkeletalMesh !
[2023.04.23-06.44.39:392][244]LogMaterial: Display: Missing cached shadermap for Material_019 in PCD3D_SM5, Default, SM5 (DDC key hash: C8784E5492BFC6ACC45BC4C8FACF7D49FB0AA8FE), compiling. 
[2023.04.23-06.44.39:415][244]LogShaderCompilers: Display: Submitted 32 shader compile jobs with 'Low' priority
[2023.04.23-06.44.39:417][244]LogMaterial: Display: Missing cached shadermap for Material_019 in PCD3D_SM5, Default, SM5 (DDC key hash: C8FA2FA864DC90819544D945E263B84AA3B8487F), compiling. 
[2023.04.23-06.44.39:420][244]LogMaterial: Display: Material /Game/TheTroubleMakers/Alikhorshidi/MyCar/Material_026.Material_026 needed to have new flag set bUsedWithSkeletalMesh !
[2023.04.23-06.44.39:421][244]LogMaterial: Display: Missing cached shadermap for Material_026 in PCD3D_SM5, Default, SM5 (DDC key hash: 2DC1F9B3B0BA8F676D468F8619594E50BC71BA6F), compiling. 
[2023.04.23-06.44.39:445][244]LogShaderCompilers: Display: Submitted 32 shader compile jobs with 'Low' priority
[2023.04.23-06.44.39:448][244]LogMaterial: Display: Missing cached shadermap for Material_026 in PCD3D_SM5, Default, SM5 (DDC key hash: 0E1A54EE319B6D759A6E7A40095577E505CAB72A), compiling. 
[2023.04.23-06.44.39:449][244]LogMaterial: Display: Material /Game/TheTroubleMakers/Alikhorshidi/MyCar/Material_022.Material_022 needed to have new flag set bUsedWithSkeletalMesh !
[2023.04.23-06.44.39:449][244]LogMaterial: Display: Missing cached shadermap for Material_022 in PCD3D_SM5, Default, SM5 (DDC key hash: B18A5C3787DAE4DB06DE29E1C95D107F40285E8E), compiling. 
[2023.04.23-06.44.39:472][244]LogShaderCompilers: Display: Submitted 32 shader compile jobs with 'Low' priority
[2023.04.23-06.44.39:474][244]LogMaterial: Display: Missing cached shadermap for Material_022 in PCD3D_SM5, Default, SM5 (DDC key hash: 403C983753A63BD905CD38B8CB1758EE8C914CED), compiling. 
[2023.04.23-06.44.39:477][244]LogMaterial: Display: Material /Game/TheTroubleMakers/Alikhorshidi/MyCar/Material_023.Material_023 needed to have new flag set bUsedWithSkeletalMesh !
[2023.04.23-06.44.39:477][244]LogMaterial: Display: Missing cached shadermap for Material_023 in PCD3D_SM5, Default, SM5 (DDC key hash: 3701D4950B7C9232687820FC9ADB5A82C61D0677), compiling. 
[2023.04.23-06.44.39:499][244]LogShaderCompilers: Display: Submitted 32 shader compile jobs with 'Low' priority
[2023.04.23-06.44.39:502][244]LogMaterial: Display: Missing cached shadermap for Material_023 in PCD3D_SM5, Default, SM5 (DDC key hash: 6EAD02EE084D2E62C7CFED35C78C36A727426452), compiling. 
[2023.04.23-06.44.39:504][244]LogMaterial: Display: Material /Game/TheTroubleMakers/Alikhorshidi/MyCar/Material_024.Material_024 needed to have new flag set bUsedWithSkeletalMesh !
[2023.04.23-06.44.39:505][244]LogMaterial: Display: Missing cached shadermap for Material_024 in PCD3D_SM5, Default, SM5 (DDC key hash: 5918407658801C4B8E27A717FAFC67D17AE29563), compiling. 
[2023.04.23-06.44.39:524][244]LogShaderCompilers: Display: Submitted 32 shader compile jobs with 'Low' priority
[2023.04.23-06.44.39:527][244]LogMaterial: Display: Missing cached shadermap for Material_024 in PCD3D_SM5, Default, SM5 (DDC key hash: 9C8009AA4F30D3B3E323751395640C2CEA8AC31A), compiling. 
[2023.04.23-06.44.39:529][244]LogMaterial: Display: Material /Game/TheTroubleMakers/Alikhorshidi/MyCar/Material_025.Material_025 needed to have new flag set bUsedWithSkeletalMesh !
[2023.04.23-06.44.39:529][244]LogMaterial: Display: Missing cached shadermap for Material_025 in PCD3D_SM5, Default, SM5 (DDC key hash: F957187DB71CD4B0BBD13DE53E33B97318D71DEF), compiling. 
[2023.04.23-06.44.39:554][244]LogShaderCompilers: Display: Submitted 32 shader compile jobs with 'Low' priority
[2023.04.23-06.44.39:557][244]LogMaterial: Display: Missing cached shadermap for Material_025 in PCD3D_SM5, Default, SM5 (DDC key hash: C26CB3D90D205F9F55D51FB4655F30CB82B6FB8D), compiling. 
[2023.04.23-06.44.39:560][244]LogMaterial: Display: Material /Game/TheTroubleMakers/Alikhorshidi/MyCar/Material_027.Material_027 needed to have new flag set bUsedWithSkeletalMesh !
[2023.04.23-06.44.39:561][244]LogMaterial: Display: Missing cached shadermap for Material_027 in PCD3D_SM5, Default, SM5 (DDC key hash: 76FE5508B814132D8B9F6157AFB1A501D5BE0FA8), compiling. 
[2023.04.23-06.44.39:586][244]LogShaderCompilers: Display: Submitted 32 shader compile jobs with 'Low' priority
[2023.04.23-06.44.39:589][244]LogMaterial: Display: Missing cached shadermap for Material_027 in PCD3D_SM5, Default, SM5 (DDC key hash: B365288AD0C0BD5A1C22997EA3EED60A809D6D98), compiling. 
[2023.04.23-06.44.39:589][244]LogMaterial: Display: Material /Game/TheTroubleMakers/Alikhorshidi/MyCar/Material.Material needed to have new flag set bUsedWithSkeletalMesh !
[2023.04.23-06.44.39:591][244]LogMaterial: Display: Missing cached shadermap for Material in PCD3D_SM5, Default, SM5 (DDC key hash: 6E440B148BCEC6A6F86CB6D6934B66C171C6003B), compiling. 
[2023.04.23-06.44.39:615][244]LogShaderCompilers: Display: Submitted 32 shader compile jobs with 'Low' priority
[2023.04.23-06.44.39:616][244]LogMaterial: Display: Missing cached shadermap for Material in PCD3D_SM5, Default, SM5 (DDC key hash: 59F477BF27D661D8132C31BA81B879FCF1B810D9), compiling. 
[2023.04.23-06.44.39:619][244]LogMaterial: Display: Material /Game/TheTroubleMakers/Alikhorshidi/MyCar/Material_016.Material_016 needed to have new flag set bUsedWithSkeletalMesh !
[2023.04.23-06.44.39:619][244]LogMaterial: Display: Missing cached shadermap for Material_016 in PCD3D_SM5, Default, SM5 (DDC key hash: CF8494ED688619D536464007912B72EC4349DA33), compiling. 
[2023.04.23-06.44.39:640][244]LogShaderCompilers: Display: Submitted 32 shader compile jobs with 'Low' priority
[2023.04.23-06.44.39:641][244]LogMaterial: Display: Missing cached shadermap for Material_016 in PCD3D_SM5, Default, SM5 (DDC key hash: 709EAFC1DB8FFAD2BF9C5BA9D0FD75DE21D42317), compiling. 
[2023.04.23-06.44.39:643][244]LogFbx: Triangulating skeletal mesh Boody
[2023.04.23-06.44.39:851][244]LogMaterial: Display: Material /Game/TheTroubleMakers/Alikhorshidi/MyCar/Material_006.Material_006 needed to have new flag set bUsedWithSkeletalMesh !
[2023.04.23-06.44.39:852][244]LogMaterial: Display: Missing cached shadermap for Material_006 in PCD3D_SM5, Default, SM5 (DDC key hash: 18973257D55DBE1327877E88B91D27CBA62AA3DE), compiling. 
[2023.04.23-06.44.39:877][244]LogShaderCompilers: Display: Submitted 32 shader compile jobs with 'Low' priority
[2023.04.23-06.44.39:880][244]LogMaterial: Display: Missing cached shadermap for Material_006 in PCD3D_SM5, Default, SM5 (DDC key hash: 9206973C11307CA5FD736053FC491FB6D35C7C0B), compiling. 
[2023.04.23-06.44.39:882][244]LogMaterial: Display: Material /Game/TheTroubleMakers/Alikhorshidi/MyCar/Material_008.Material_008 needed to have new flag set bUsedWithSkeletalMesh !
[2023.04.23-06.44.39:883][244]LogMaterial: Display: Missing cached shadermap for Material_008 in PCD3D_SM5, Default, SM5 (DDC key hash: 8881BBF32700FAE5B9D9C4F121459243619D65C6), compiling. 
[2023.04.23-06.44.39:912][244]LogShaderCompilers: Display: Submitted 32 shader compile jobs with 'Low' priority
[2023.04.23-06.44.39:914][244]LogMaterial: Display: Missing cached shadermap for Material_008 in PCD3D_SM5, Default, SM5 (DDC key hash: 9229D3C0BE953401B09B52206D8DE81D58604485), compiling. 
[2023.04.23-06.44.39:917][244]LogMaterial: Display: Material /Game/TheTroubleMakers/Alikhorshidi/MyCar/Material_010.Material_010 needed to have new flag set bUsedWithSkeletalMesh !
[2023.04.23-06.44.39:917][244]LogMaterial: Display: Missing cached shadermap for Material_010 in PCD3D_SM5, Default, SM5 (DDC key hash: 9FEADE2CF01E3B227C5F6C9C7B28914FAB158B11), compiling. 
[2023.04.23-06.44.39:941][244]LogShaderCompilers: Display: Submitted 32 shader compile jobs with 'Low' priority
[2023.04.23-06.44.39:944][244]LogMaterial: Display: Missing cached shadermap for Material_010 in PCD3D_SM5, Default, SM5 (DDC key hash: 800C672D20AEDB9E488AD9CDC0BCF610551CD2C6), compiling. 
[2023.04.23-06.44.39:946][244]LogMaterial: Display: Material /Game/TheTroubleMakers/Alikhorshidi/MyCar/Material_011.Material_011 needed to have new flag set bUsedWithSkeletalMesh !
[2023.04.23-06.44.39:947][244]LogMaterial: Display: Missing cached shadermap for Material_011 in PCD3D_SM5, Default, SM5 (DDC key hash: 6B4B8D09E6A103269985D9BC74C088BAFA210288), compiling. 
[2023.04.23-06.44.39:969][244]LogShaderCompilers: Display: Submitted 32 shader compile jobs with 'Low' priority
[2023.04.23-06.44.39:971][244]LogMaterial: Display: Missing cached shadermap for Material_011 in PCD3D_SM5, Default, SM5 (DDC key hash: F48F0F358679133CB327CF20080FC5F8B378B054), compiling. 
[2023.04.23-06.44.39:972][244]LogMaterial: Display: Material /Game/TheTroubleMakers/Alikhorshidi/MyCar/Material_014.Material_014 needed to have new flag set bUsedWithSkeletalMesh !
[2023.04.23-06.44.39:973][244]LogMaterial: Display: Missing cached shadermap for Material_014 in PCD3D_SM5, Default, SM5 (DDC key hash: EEEAFE8E83225FEBFB14645DBC8688C742D306F3), compiling. 
[2023.04.23-06.44.39:998][244]LogShaderCompilers: Display: Submitted 32 shader compile jobs with 'Low' priority
[2023.04.23-06.44.40:000][244]LogMaterial: Display: Missing cached shadermap for Material_014 in PCD3D_SM5, Default, SM5 (DDC key hash: B892D0D59DDEB62143C9DE9D25F8FD6A801D8A9E), compiling. 
[2023.04.23-06.44.40:001][244]LogFbx: Triangulating skeletal mesh FR
[2023.04.23-06.44.40:007][244]LogFbx: Triangulating skeletal mesh RR
[2023.04.23-06.44.40:011][244]LogFbx: Triangulating skeletal mesh RL
[2023.04.23-06.44.40:015][244]LogFbx: Triangulating skeletal mesh FL
[2023.04.23-06.44.40:045][244]LogFbx: Warning: Bones digested - 5  Depth of hierarchy - 2
[2023.04.23-06.44.40:592][244]LogSkeletalMesh: Section 0: Material=0, 1120 triangles
[2023.04.23-06.44.40:592][244]LogSkeletalMesh: Section 1: Material=1, 1716 triangles
[2023.04.23-06.44.40:592][244]LogSkeletalMesh: Section 2: Material=2, 48 triangles
[2023.04.23-06.44.40:592][244]LogSkeletalMesh: Section 3: Material=3, 332 triangles
[2023.04.23-06.44.40:592][244]LogSkeletalMesh: Section 4: Material=4, 64 triangles
[2023.04.23-06.44.40:592][244]LogSkeletalMesh: Section 5: Material=5, 56 triangles
[2023.04.23-06.44.40:592][244]LogSkeletalMesh: Section 6: Material=6, 152 triangles
[2023.04.23-06.44.40:592][244]LogSkeletalMesh: Section 7: Material=7, 36 triangles
[2023.04.23-06.44.40:592][244]LogSkeletalMesh: Section 8: Material=8, 4 triangles
[2023.04.23-06.44.40:592][244]LogSkeletalMesh: Section 9: Material=9, 4252 triangles
[2023.04.23-06.44.40:592][244]LogSkeletalMesh: Section 10: Material=10, 8 triangles
[2023.04.23-06.44.40:592][244]LogSkeletalMesh: Section 11: Material=11, 3840 triangles
[2023.04.23-06.44.40:592][244]LogSkeletalMesh: Section 12: Material=12, 40 triangles
[2023.04.23-06.44.40:592][244]LogSkeletalMesh: Section 13: Material=13, 8 triangles
[2023.04.23-06.44.40:592][244]LogSkeletalMesh: Section 14: Material=14, 8 triangles
[2023.04.23-06.44.40:592][244]LogSkeletalMesh: Section 15: Material=15, 16 triangles
[2023.04.23-06.44.40:592][244]LogSkeletalMesh: Section 16: Material=16, 4 triangles
[2023.04.23-06.44.40:592][244]LogSkeletalMesh: Section 17: Material=17, 1936 triangles
[2023.04.23-06.44.40:592][244]LogSkeletalMesh: Section 18: Material=18, 352 triangles
[2023.04.23-06.44.40:592][244]LogSkeletalMesh: Section 19: Material=19, 296 triangles
[2023.04.23-06.44.40:592][244]LogSkeletalMesh: Section 20: Material=20, 208 triangles
[2023.04.23-06.44.40:592][244]LogSkeletalMesh: Section 21: Material=21, 64 triangles
[2023.04.23-06.44.40:592][244]LogSkeletalMesh: Section 22: Material=22, 216 triangles
[2023.04.23-06.44.40:595][244]LogSkeletalMesh: Building Skeletal Mesh Blue_Nissan_car_Main_finall...
[2023.04.23-06.44.41:076][244]LogSkeletalMesh: Section 0: Material=0, 1120 triangles
[2023.04.23-06.44.41:076][244]LogSkeletalMesh: Section 1: Material=1, 1716 triangles
[2023.04.23-06.44.41:076][244]LogSkeletalMesh: Section 2: Material=2, 48 triangles
[2023.04.23-06.44.41:076][244]LogSkeletalMesh: Section 3: Material=3, 332 triangles
[2023.04.23-06.44.41:076][244]LogSkeletalMesh: Section 4: Material=4, 64 triangles
[2023.04.23-06.44.41:076][244]LogSkeletalMesh: Section 5: Material=5, 56 triangles
[2023.04.23-06.44.41:076][244]LogSkeletalMesh: Section 6: Material=6, 152 triangles
[2023.04.23-06.44.41:076][244]LogSkeletalMesh: Section 7: Material=7, 36 triangles
[2023.04.23-06.44.41:076][244]LogSkeletalMesh: Section 8: Material=8, 4 triangles
[2023.04.23-06.44.41:076][244]LogSkeletalMesh: Section 9: Material=9, 4252 triangles
[2023.04.23-06.44.41:076][244]LogSkeletalMesh: Section 10: Material=10, 8 triangles
[2023.04.23-06.44.41:076][244]LogSkeletalMesh: Section 11: Material=11, 3840 triangles
[2023.04.23-06.44.41:076][244]LogSkeletalMesh: Section 12: Material=12, 40 triangles
[2023.04.23-06.44.41:076][244]LogSkeletalMesh: Section 13: Material=13, 8 triangles
[2023.04.23-06.44.41:076][244]LogSkeletalMesh: Section 14: Material=14, 8 triangles
[2023.04.23-06.44.41:076][244]LogSkeletalMesh: Section 15: Material=15, 16 triangles
[2023.04.23-06.44.41:076][244]LogSkeletalMesh: Section 16: Material=16, 4 triangles
[2023.04.23-06.44.41:076][244]LogSkeletalMesh: Section 17: Material=17, 1936 triangles
[2023.04.23-06.44.41:076][244]LogSkeletalMesh: Section 18: Material=18, 352 triangles
[2023.04.23-06.44.41:076][244]LogSkeletalMesh: Section 19: Material=19, 296 triangles
[2023.04.23-06.44.41:076][244]LogSkeletalMesh: Section 20: Material=20, 208 triangles
[2023.04.23-06.44.41:076][244]LogSkeletalMesh: Section 21: Material=21, 64 triangles
[2023.04.23-06.44.41:076][244]LogSkeletalMesh: Section 22: Material=22, 216 triangles
[2023.04.23-06.44.41:106][244]LogSkeletalMesh: Built Skeletal Mesh [0.51s] /Game/TheTroubleMakers/Alikhorshidi/MyCar/Blue_Nissan_car_Main_finall.Blue_Nissan_car_Main_finall
[2023.04.23-06.44.41:117][244]LogWorld: UWorld::CleanupWorld for World_0, bSessionEnded=true, bCleanupResources=true
[2023.04.23-06.44.41:117][244]LogSlate: InvalidateAllWidgets triggered.  All widgets were invalidated
[2023.04.23-06.44.41:137][244]FBXImport: FBX File Loading: Found name clash, node 'RL' was renamed to 'RL1' 
[2023.04.23-06.44.41:137][244]FBXImport: FBX File Loading: Found name clash, node 'RR' was renamed to 'RR2' 
[2023.04.23-06.44.41:137][244]FBXImport: FBX File Loading: Found name clash, node 'FL' was renamed to 'FL3' 
[2023.04.23-06.44.41:137][244]FBXImport: FBX File Loading: Found name clash, node 'FR' was renamed to 'FR4' 
[2023.04.23-06.44.41:137][244]FBXImport: Warning: No smoothing group information was found in this FBX scene.  Please make sure to enable the 'Export Smoothing Groups' option in the FBX Exporter plug-in before exporting the file.  Even for tools that don't support smoothing groups, the FBX Exporter will generate appropriate smoothing data at export-time so that correct vertex normals can be inferred while importing. 
[2023.04.23-06.44.41:252][244]LogSlate: Took 0.005533 seconds to synchronously load lazily loaded font '../../../Engine/Content/Slate/Fonts/DroidSansMono.ttf' (77K)
[2023.04.23-06.44.41:390][248]LogShaderCompilers: Display: Submitted 2 shader compile jobs with 'ForceLocal' priority
[2023.04.23-06.44.41:390][248]LogShaderCompilers: Display: Worker (4/5): shaders left to compile 2
[2023.04.23-06.44.41:390][248]LogShaderCompilers: Display: Started 1 'Local' shader compile jobs with 'ForceLocal' priority
[2023.04.23-06.44.41:390][248]LogShaderCompilers: Display: Submitted 2 shader compile jobs with 'ForceLocal' priority
[2023.04.23-06.44.41:394][248]LogShaderCompilers: Display: Submitted 2 shader compile jobs with 'ForceLocal' priority
[2023.04.23-06.44.41:398][248]LogShaderCompilers: Display: Submitted 2 shader compile jobs with 'ForceLocal' priority
[2023.04.23-06.44.41:400][248]LogShaderCompilers: Display: Submitted 2 shader compile jobs with 'ForceLocal' priority
[2023.04.23-06.44.41:403][248]LogShaderCompilers: Display: Submitted 2 shader compile jobs with 'ForceLocal' priority
[2023.04.23-06.44.41:407][248]LogShaderCompilers: Display: Submitted 2 shader compile jobs with 'ForceLocal' priority
[2023.04.23-06.44.41:410][248]LogShaderCompilers: Display: Submitted 2 shader compile jobs with 'ForceLocal' priority
[2023.04.23-06.44.41:412][248]LogShaderCompilers: Display: Submitted 2 shader compile jobs with 'ForceLocal' priority
[2023.04.23-06.44.41:414][248]LogShaderCompilers: Display: Submitted 2 shader compile jobs with 'ForceLocal' priority
[2023.04.23-06.44.41:418][248]LogShaderCompilers: Display: Submitted 2 shader compile jobs with 'ForceLocal' priority
[2023.04.23-06.44.41:421][248]LogShaderCompilers: Display: Submitted 2 shader compile jobs with 'ForceLocal' priority
[2023.04.23-06.44.41:425][248]LogShaderCompilers: Display: Submitted 2 shader compile jobs with 'ForceLocal' priority
[2023.04.23-06.44.41:427][248]LogShaderCompilers: Display: Submitted 2 shader compile jobs with 'ForceLocal' priority
[2023.04.23-06.44.41:431][248]LogShaderCompilers: Display: Submitted 2 shader compile jobs with 'ForceLocal' priority
[2023.04.23-06.44.41:433][248]LogShaderCompilers: Display: Submitted 2 shader compile jobs with 'ForceLocal' priority
[2023.04.23-06.44.41:436][248]LogShaderCompilers: Display: Submitted 2 shader compile jobs with 'ForceLocal' priority
[2023.04.23-06.44.41:440][248]LogShaderCompilers: Display: Submitted 2 shader compile jobs with 'ForceLocal' priority
[2023.04.23-06.44.41:442][248]LogShaderCompilers: Display: Submitted 2 shader compile jobs with 'ForceLocal' priority
[2023.04.23-06.44.41:446][248]LogShaderCompilers: Display: Submitted 2 shader compile jobs with 'ForceLocal' priority
[2023.04.23-06.44.41:449][248]LogShaderCompilers: Display: Submitted 2 shader compile jobs with 'ForceLocal' priority
[2023.04.23-06.44.41:452][248]LogShaderCompilers: Display: Submitted 2 shader compile jobs with 'ForceLocal' priority
[2023.04.23-06.44.41:455][248]LogShaderCompilers: Display: Submitted 2 shader compile jobs with 'ForceLocal' priority
[2023.04.23-06.44.41:617][250]LogShaderCompilers: Display: Submitted 2 shader compile jobs with 'ForceLocal' priority
[2023.04.23-06.44.41:636][251]LogShaderCompilers: Display: Submitted 28 shader compile jobs with 'Normal' priority
[2023.04.23-06.44.41:665][252]LogShaderCompilers: Display: Submitted 2 shader compile jobs with 'ForceLocal' priority
[2023.04.23-06.44.41:683][252]LogShaderCompilers: Display: Submitted 28 shader compile jobs with 'Normal' priority
[2023.04.23-06.44.41:688][252]LogShaderCompilers: Display: Worker (4/5): shaders left to compile 49
[2023.04.23-06.44.41:688][252]LogShaderCompilers: Display: Started 10 'Local' shader compile jobs with 'ForceLocal' priority
[2023.04.23-06.44.41:689][252]LogShaderCompilers: Display: Submitted 2 shader compile jobs with 'ForceLocal' priority
[2023.04.23-06.44.41:711][252]LogShaderCompilers: Display: Submitted 28 shader compile jobs with 'Normal' priority
[2023.04.23-06.44.41:721][252]LogShaderCompilers: Display: Submitted 2 shader compile jobs with 'ForceLocal' priority
[2023.04.23-06.44.41:746][252]LogShaderCompilers: Display: Submitted 28 shader compile jobs with 'Normal' priority
[2023.04.23-06.44.41:751][252]LogShaderCompilers: Display: Submitted 2 shader compile jobs with 'ForceLocal' priority
[2023.04.23-06.44.41:774][252]LogShaderCompilers: Display: Submitted 28 shader compile jobs with 'Normal' priority
[2023.04.23-06.44.41:781][252]LogShaderCompilers: Display: Submitted 2 shader compile jobs with 'ForceLocal' priority
[2023.04.23-06.44.41:808][252]LogShaderCompilers: Display: Submitted 28 shader compile jobs with 'Normal' priority
[2023.04.23-06.44.41:818][252]LogShaderCompilers: Display: Submitted 2 shader compile jobs with 'ForceLocal' priority
[2023.04.23-06.44.41:839][252]LogShaderCompilers: Display: Submitted 28 shader compile jobs with 'Normal' priority
[2023.04.23-06.44.41:847][252]LogShaderCompilers: Display: Submitted 2 shader compile jobs with 'ForceLocal' priority
[2023.04.23-06.44.41:873][252]LogShaderCompilers: Display: Submitted 28 shader compile jobs with 'Normal' priority
[2023.04.23-06.44.41:881][252]LogShaderCompilers: Display: Submitted 2 shader compile jobs with 'ForceLocal' priority
[2023.04.23-06.44.41:907][252]LogShaderCompilers: Display: Submitted 28 shader compile jobs with 'Normal' priority
[2023.04.23-06.44.41:920][252]LogShaderCompilers: Display: Submitted 2 shader compile jobs with 'ForceLocal' priority
[2023.04.23-06.44.41:940][252]LogShaderCompilers: Display: Submitted 28 shader compile jobs with 'Normal' priority
[2023.04.23-06.44.41:947][252]LogShaderCompilers: Display: Submitted 2 shader compile jobs with 'ForceLocal' priority
[2023.04.23-06.44.41:969][252]LogShaderCompilers: Display: Submitted 28 shader compile jobs with 'Normal' priority
[2023.04.23-06.44.41:976][252]LogShaderCompilers: Display: Submitted 2 shader compile jobs with 'ForceLocal' priority
[2023.04.23-06.44.42:000][252]LogShaderCompilers: Display: Submitted 28 shader compile jobs with 'Normal' priority
[2023.04.23-06.44.42:011][252]LogShaderCompilers: Display: Submitted 2 shader compile jobs with 'ForceLocal' priority
[2023.04.23-06.44.42:039][252]LogShaderCompilers: Display: Submitted 28 shader compile jobs with 'Normal' priority
[2023.04.23-06.44.42:045][252]LogShaderCompilers: Display: Submitted 2 shader compile jobs with 'ForceLocal' priority
[2023.04.23-06.44.42:070][252]LogShaderCompilers: Display: Submitted 28 shader compile jobs with 'Normal' priority
[2023.04.23-06.44.42:077][252]LogShaderCompilers: Display: Submitted 2 shader compile jobs with 'ForceLocal' priority
[2023.04.23-06.44.42:108][252]LogShaderCompilers: Display: Submitted 28 shader compile jobs with 'Normal' priority
[2023.04.23-06.44.42:119][252]LogShaderCompilers: Display: Submitted 2 shader compile jobs with 'ForceLocal' priority
[2023.04.23-06.44.42:144][252]LogShaderCompilers: Display: Submitted 28 shader compile jobs with 'Normal' priority
[2023.04.23-06.44.42:150][252]LogShaderCompilers: Display: Submitted 2 shader compile jobs with 'ForceLocal' priority
[2023.04.23-06.44.42:173][252]LogShaderCompilers: Display: Submitted 28 shader compile jobs with 'Normal' priority
[2023.04.23-06.44.42:180][252]LogShaderCompilers: Display: Submitted 2 shader compile jobs with 'ForceLocal' priority
[2023.04.23-06.44.42:204][252]LogShaderCompilers: Display: Submitted 28 shader compile jobs with 'Normal' priority
[2023.04.23-06.44.42:214][252]LogShaderCompilers: Display: Submitted 2 shader compile jobs with 'ForceLocal' priority
[2023.04.23-06.44.42:233][252]LogShaderCompilers: Display: Worker (3/5): shaders left to compile 73
[2023.04.23-06.44.42:233][252]LogShaderCompilers: Display: Started 10 'Local' shader compile jobs with 'ForceLocal' priority
[2023.04.23-06.44.42:236][252]LogShaderCompilers: Display: Submitted 28 shader compile jobs with 'Normal' priority
[2023.04.23-06.44.42:244][252]LogShaderCompilers: Display: Submitted 2 shader compile jobs with 'ForceLocal' priority
[2023.04.23-06.44.42:269][252]LogShaderCompilers: Display: Submitted 28 shader compile jobs with 'Normal' priority
[2023.04.23-06.44.42:275][252]LogShaderCompilers: Display: Submitted 2 shader compile jobs with 'ForceLocal' priority
[2023.04.23-06.44.42:299][252]LogShaderCompilers: Display: Submitted 28 shader compile jobs with 'Normal' priority
[2023.04.23-06.44.42:309][252]LogShaderCompilers: Display: Submitted 2 shader compile jobs with 'ForceLocal' priority
[2023.04.23-06.44.42:336][252]LogShaderCompilers: Display: Submitted 28 shader compile jobs with 'Normal' priority
[2023.04.23-06.44.42:343][252]LogShaderCompilers: Display: Submitted 2 shader compile jobs with 'ForceLocal' priority
[2023.04.23-06.44.42:369][252]LogShaderCompilers: Display: Submitted 28 shader compile jobs with 'Normal' priority
[2023.04.23-06.44.42:584][259]LogShaderCompilers: Display: Worker (1/5): shaders left to compile 71
[2023.04.23-06.44.42:584][259]LogShaderCompilers: Display: Started 10 'Local' shader compile jobs with 'ForceLocal' priority
[2023.04.23-06.44.42:591][259]LogShaderCompilers: Display: Worker (2/5): shaders left to compile 61
[2023.04.23-06.44.42:592][259]LogShaderCompilers: Display: Started 10 'Local' shader compile jobs with 'ForceLocal' priority
[2023.04.23-06.44.44:527][365]LogShaderCompilers: Display: Worker (4/5): shaders left to compile 51
[2023.04.23-06.44.44:527][365]LogShaderCompilers: Display: Started 10 'Local' shader compile jobs with 'ForceLocal' priority
[2023.04.23-06.44.45:579][447]LogShaderCompilers: Display: Worker (3/5): shaders left to compile 41
[2023.04.23-06.44.45:579][447]LogShaderCompilers: Display: Started 10 'Local' shader compile jobs with 'ForceLocal' priority
[2023.04.23-06.44.45:750][464]LogShaderCompilers: Display: Worker (1/5): shaders left to compile 31
[2023.04.23-06.44.45:750][464]LogShaderCompilers: Display: Started 8 'Local' shader compile jobs with 'ForceLocal' priority
[2023.04.23-06.44.45:825][471]LogShaderCompilers: Display: Worker (2/5): shaders left to compile 23
[2023.04.23-06.44.45:825][471]LogShaderCompilers: Display: Started 6 'Local' shader compile jobs with 'ForceLocal' priority
[2023.04.23-06.44.47:396][630]LogShaderCompilers: Display: Worker (2/5): shaders left to compile 17
[2023.04.23-06.44.47:396][630]LogShaderCompilers: Display: Started 5 'Local' shader compile jobs with 'ForceLocal' priority
[2023.04.23-06.44.47:823][672]LogShaderCompilers: Display: Worker (1/5): shaders left to compile 12
[2023.04.23-06.44.47:823][672]LogShaderCompilers: Display: Started 4 'Local' shader compile jobs with 'ForceLocal' priority
[2023.04.23-06.44.47:916][682]LogShaderCompilers: Display: Worker (4/5): shaders left to compile 8
[2023.04.23-06.44.47:916][682]LogShaderCompilers: Display: Started 3 'Local' shader compile jobs with 'ForceLocal' priority
[2023.04.23-06.44.48:332][724]LogShaderCompilers: Display: Worker (3/5): shaders left to compile 5
[2023.04.23-06.44.48:333][724]LogShaderCompilers: Display: Started 2 'Local' shader compile jobs with 'ForceLocal' priority
[2023.04.23-06.44.48:679][759]LogShaderCompilers: Display: Worker (4/5): shaders left to compile 3
[2023.04.23-06.44.48:679][759]LogShaderCompilers: Display: Started 1 'Local' shader compile jobs with 'ForceLocal' priority
[2023.04.23-06.44.48:733][764]LogShaderCompilers: Display: Worker (2/5): shaders left to compile 2
[2023.04.23-06.44.48:733][764]LogShaderCompilers: Display: Started 1 'Local' shader compile jobs with 'ForceLocal' priority
[2023.04.23-06.44.48:869][778]LogShaderCompilers: Display: Worker (1/5): shaders left to compile 1
[2023.04.23-06.44.48:870][778]LogShaderCompilers: Display: Started 1 'Local' shader compile jobs with 'ForceLocal' priority
[2023.04.23-06.44.48:884][779]LogShaderCompilers: Display: Worker (3/5): shaders left to compile 644
[2023.04.23-06.44.48:884][779]LogShaderCompilers: Display: Started 10 'Local' shader compile jobs with 'Normal' priority
[2023.04.23-06.44.48:971][788]LogShaderCompilers: Display: Worker (2/5): shaders left to compile 634
[2023.04.23-06.44.48:971][788]LogShaderCompilers: Display: Started 10 'Local' shader compile jobs with 'Normal' priority
[2023.04.23-06.44.49:021][793]LogShaderCompilers: Display: Worker (4/5): shaders left to compile 624
[2023.04.23-06.44.49:021][793]LogShaderCompilers: Display: Started 10 'Local' shader compile jobs with 'Normal' priority
[2023.04.23-06.44.49:103][801]LogShaderCompilers: Display: Worker (1/5): shaders left to compile 614
[2023.04.23-06.44.49:103][801]LogShaderCompilers: Display: Started 10 'Local' shader compile jobs with 'Normal' priority
[2023.04.23-06.44.51:521][ 44]LogShaderCompilers: Display: Worker (4/5): shaders left to compile 604
[2023.04.23-06.44.51:521][ 44]LogShaderCompilers: Display: Started 10 'Local' shader compile jobs with 'Normal' priority
[2023.04.23-06.44.51:859][ 78]LogShaderCompilers: Display: Worker (2/5): shaders left to compile 594
[2023.04.23-06.44.51:859][ 78]LogShaderCompilers: Display: Started 10 'Local' shader compile jobs with 'Normal' priority
[2023.04.23-06.44.52:271][119]LogShaderCompilers: Display: Worker (3/5): shaders left to compile 584
[2023.04.23-06.44.52:271][119]LogShaderCompilers: Display: Started 10 'Local' shader compile jobs with 'Normal' priority
[2023.04.23-06.44.52:879][180]LogShaderCompilers: Display: Worker (1/5): shaders left to compile 574
[2023.04.23-06.44.52:879][180]LogShaderCompilers: Display: Started 10 'Local' shader compile jobs with 'Normal' priority
[2023.04.23-06.44.54:236][316]LogShaderCompilers: Display: Worker (4/5): shaders left to compile 564
[2023.04.23-06.44.54:236][316]LogShaderCompilers: Display: Started 10 'Local' shader compile jobs with 'Normal' priority
[2023.04.23-06.44.54:710][364]LogShaderCompilers: Display: Worker (2/5): shaders left to compile 554
[2023.04.23-06.44.54:710][364]LogShaderCompilers: Display: Started 10 'Local' shader compile jobs with 'Normal' priority
[2023.04.23-06.44.54:747][367]LogSlate: Window 'Message Log' being destroyed
[2023.04.23-06.44.54:758][367]LogSlate: Window 'Message Log' being destroyed
[2023.04.23-06.44.55:659][444]LogShaderCompilers: Display: Worker (1/5): shaders left to compile 544
[2023.04.23-06.44.55:659][444]LogShaderCompilers: Display: Started 10 'Local' shader compile jobs with 'Normal' priority
[2023.04.23-06.44.56:270][479]LogShaderCompilers: Display: Worker (3/5): shaders left to compile 534
[2023.04.23-06.44.56:270][479]LogShaderCompilers: Display: Started 10 'Local' shader compile jobs with 'Normal' priority
[2023.04.23-06.44.57:899][574]LogShaderCompilers: Display: Worker (4/5): shaders left to compile 524
[2023.04.23-06.44.57:899][574]LogShaderCompilers: Display: Started 10 'Local' shader compile jobs with 'Normal' priority
[2023.04.23-06.44.58:325][592]LogShaderCompilers: Display: Worker (2/5): shaders left to compile 514
[2023.04.23-06.44.58:325][592]LogShaderCompilers: Display: Started 10 'Local' shader compile jobs with 'Normal' priority
[2023.04.23-06.44.59:083][626]LogShaderCompilers: Display: Worker (1/5): shaders left to compile 504
[2023.04.23-06.44.59:083][626]LogShaderCompilers: Display: Started 10 'Local' shader compile jobs with 'Normal' priority
[2023.04.23-06.44.59:899][665]LogShaderCompilers: Display: Worker (3/5): shaders left to compile 494
[2023.04.23-06.44.59:899][665]LogShaderCompilers: Display: Started 10 'Local' shader compile jobs with 'Normal' priority
[2023.04.23-06.45.01:421][753]LogShaderCompilers: Display: Worker (4/5): shaders left to compile 484
[2023.04.23-06.45.01:421][753]LogShaderCompilers: Display: Started 10 'Local' shader compile jobs with 'Normal' priority
[2023.04.23-06.45.01:610][761]LogShaderCompilers: Display: Worker (2/5): shaders left to compile 474
[2023.04.23-06.45.01:610][761]LogShaderCompilers: Display: Started 10 'Local' shader compile jobs with 'Normal' priority
[2023.04.23-06.45.03:006][830]LogShaderCompilers: Display: Worker (1/5): shaders left to compile 464
[2023.04.23-06.45.03:006][830]LogShaderCompilers: Display: Started 10 'Local' shader compile jobs with 'Normal' priority
[2023.04.23-06.45.03:327][845]LogShaderCompilers: Display: Worker (3/5): shaders left to compile 454
[2023.04.23-06.45.03:328][845]LogShaderCompilers: Display: Started 10 'Local' shader compile jobs with 'Normal' priority
[2023.04.23-06.45.04:311][897]LogShaderCompilers: Display: Worker (4/5): shaders left to compile 444
[2023.04.23-06.45.04:311][897]LogShaderCompilers: Display: Started 10 'Local' shader compile jobs with 'Normal' priority
[2023.04.23-06.45.05:822][974]LogShaderCompilers: Display: Worker (2/5): shaders left to compile 434
[2023.04.23-06.45.05:822][974]LogShaderCompilers: Display: Started 10 'Local' shader compile jobs with 'Normal' priority
[2023.04.23-06.45.06:012][984]LogShaderCompilers: Display: Worker (1/5): shaders left to compile 424
[2023.04.23-06.45.06:012][984]LogShaderCompilers: Display: Started 10 'Local' shader compile jobs with 'Normal' priority
[2023.04.23-06.45.06:479][  8]LogShaderCompilers: Display: Worker (3/5): shaders left to compile 414
[2023.04.23-06.45.06:479][  8]LogShaderCompilers: Display: Started 10 'Local' shader compile jobs with 'Normal' priority
[2023.04.23-06.45.08:324][103]LogShaderCompilers: Display: Worker (4/5): shaders left to compile 404
[2023.04.23-06.45.08:324][103]LogShaderCompilers: Display: Started 10 'Local' shader compile jobs with 'Normal' priority
[2023.04.23-06.45.08:787][127]LogShaderCompilers: Display: Worker (2/5): shaders left to compile 394
[2023.04.23-06.45.08:788][127]LogShaderCompilers: Display: Started 10 'Local' shader compile jobs with 'Normal' priority
[2023.04.23-06.45.09:575][167]LogShaderCompilers: Display: Worker (1/5): shaders left to compile 384
[2023.04.23-06.45.09:575][167]LogShaderCompilers: Display: Started 10 'Local' shader compile jobs with 'Normal' priority
[2023.04.23-06.45.09:878][182]LogShaderCompilers: Display: Worker (3/5): shaders left to compile 374
[2023.04.23-06.45.09:878][182]LogShaderCompilers: Display: Started 10 'Local' shader compile jobs with 'Normal' priority
[2023.04.23-06.45.11:537][267]LogShaderCompilers: Display: Worker (4/5): shaders left to compile 364
[2023.04.23-06.45.11:537][267]LogShaderCompilers: Display: Started 10 'Local' shader compile jobs with 'Normal' priority
[2023.04.23-06.45.12:298][306]LogShaderCompilers: Display: Worker (2/5): shaders left to compile 354
[2023.04.23-06.45.12:299][306]LogShaderCompilers: Display: Started 10 'Local' shader compile jobs with 'Normal' priority
[2023.04.23-06.45.12:956][340]LogShaderCompilers: Display: Worker (1/5): shaders left to compile 344
[2023.04.23-06.45.12:956][340]LogShaderCompilers: Display: Started 10 'Local' shader compile jobs with 'Normal' priority
[2023.04.23-06.45.13:030][344]LogShaderCompilers: Display: Worker (3/5): shaders left to compile 334
[2023.04.23-06.45.13:030][344]LogShaderCompilers: Display: Started 10 'Local' shader compile jobs with 'Normal' priority
[2023.04.23-06.45.15:346][463]LogShaderCompilers: Display: Worker (4/5): shaders left to compile 324
[2023.04.23-06.45.15:346][463]LogShaderCompilers: Display: Started 10 'Local' shader compile jobs with 'Normal' priority
[2023.04.23-06.45.15:597][475]LogShaderCompilers: Display: Worker (2/5): shaders left to compile 314
[2023.04.23-06.45.15:597][475]LogShaderCompilers: Display: Started 10 'Local' shader compile jobs with 'Normal' priority
[2023.04.23-06.45.15:765][484]LogShaderCompilers: Display: Worker (1/5): shaders left to compile 304
[2023.04.23-06.45.15:765][484]LogShaderCompilers: Display: Started 10 'Local' shader compile jobs with 'Normal' priority
[2023.04.23-06.45.17:244][560]LogShaderCompilers: Display: Worker (3/5): shaders left to compile 294
[2023.04.23-06.45.17:244][560]LogShaderCompilers: Display: Started 10 'Local' shader compile jobs with 'Normal' priority
[2023.04.23-06.45.18:370][618]LogShaderCompilers: Display: Worker (4/5): shaders left to compile 284
[2023.04.23-06.45.18:370][618]LogShaderCompilers: Display: Started 10 'Local' shader compile jobs with 'Normal' priority
[2023.04.23-06.45.18:745][637]LogShaderCompilers: Display: Worker (2/5): shaders left to compile 274
[2023.04.23-06.45.18:745][637]LogShaderCompilers: Display: Started 10 'Local' shader compile jobs with 'Normal' priority
[2023.04.23-06.45.19:917][697]LogShaderCompilers: Display: Worker (1/5): shaders left to compile 264
[2023.04.23-06.45.19:917][697]LogShaderCompilers: Display: Started 10 'Local' shader compile jobs with 'Normal' priority
[2023.04.23-06.45.20:169][709]LogShaderCompilers: Display: Worker (3/5): shaders left to compile 254
[2023.04.23-06.45.20:169][709]LogShaderCompilers: Display: Started 10 'Local' shader compile jobs with 'Normal' priority
[2023.04.23-06.45.21:804][793]LogShaderCompilers: Display: Worker (4/5): shaders left to compile 244
[2023.04.23-06.45.21:804][793]LogShaderCompilers: Display: Started 10 'Local' shader compile jobs with 'Normal' priority
[2023.04.23-06.45.22:132][810]LogShaderCompilers: Display: Worker (2/5): shaders left to compile 234
[2023.04.23-06.45.22:132][810]LogShaderCompilers: Display: Started 10 'Local' shader compile jobs with 'Normal' priority
[2023.04.23-06.45.23:141][862]LogShaderCompilers: Display: Worker (1/5): shaders left to compile 224
[2023.04.23-06.45.23:141][862]LogShaderCompilers: Display: Started 10 'Local' shader compile jobs with 'Normal' priority
[2023.04.23-06.45.23:669][889]LogShaderCompilers: Display: Worker (3/5): shaders left to compile 214
[2023.04.23-06.45.23:669][889]LogShaderCompilers: Display: Started 10 'Local' shader compile jobs with 'Normal' priority
[2023.04.23-06.45.25:228][967]LogShaderCompilers: Display: Worker (4/5): shaders left to compile 204
[2023.04.23-06.45.25:228][967]LogShaderCompilers: Display: Started 10 'Local' shader compile jobs with 'Normal' priority
[2023.04.23-06.45.25:384][975]LogShaderCompilers: Display: Worker (2/5): shaders left to compile 194
[2023.04.23-06.45.25:384][975]LogShaderCompilers: Display: Started 10 'Local' shader compile jobs with 'Normal' priority
[2023.04.23-06.45.26:942][ 54]LogShaderCompilers: Display: Worker (1/5): shaders left to compile 184
[2023.04.23-06.45.26:942][ 54]LogShaderCompilers: Display: Started 10 'Local' shader compile jobs with 'Normal' priority
[2023.04.23-06.45.26:967][ 55]LogShaderCompilers: Display: Worker (3/5): shaders left to compile 174
[2023.04.23-06.45.26:967][ 55]LogShaderCompilers: Display: Started 10 'Local' shader compile jobs with 'Normal' priority
[2023.04.23-06.45.28:050][110]LogShaderCompilers: Display: Worker (4/5): shaders left to compile 164
[2023.04.23-06.45.28:050][110]LogShaderCompilers: Display: Started 10 'Local' shader compile jobs with 'Normal' priority
[2023.04.23-06.45.29:556][186]LogShaderCompilers: Display: Worker (2/5): shaders left to compile 154
[2023.04.23-06.45.29:556][186]LogShaderCompilers: Display: Started 10 'Local' shader compile jobs with 'Normal' priority
[2023.04.23-06.45.29:875][202]LogShaderCompilers: Display: Worker (1/5): shaders left to compile 144
[2023.04.23-06.45.29:875][202]LogShaderCompilers: Display: Started 10 'Local' shader compile jobs with 'Normal' priority
[2023.04.23-06.45.30:036][210]LogShaderCompilers: Display: Worker (3/5): shaders left to compile 134
[2023.04.23-06.45.30:036][210]LogShaderCompilers: Display: Started 10 'Local' shader compile jobs with 'Normal' priority
[2023.04.23-06.45.32:298][323]LogShaderCompilers: Display: Worker (4/5): shaders left to compile 124
[2023.04.23-06.45.32:298][323]LogShaderCompilers: Display: Started 10 'Local' shader compile jobs with 'Normal' priority
[2023.04.23-06.45.32:747][346]LogShaderCompilers: Display: Worker (2/5): shaders left to compile 114
[2023.04.23-06.45.32:747][346]LogShaderCompilers: Display: Started 10 'Local' shader compile jobs with 'Normal' priority
[2023.04.23-06.45.33:646][391]LogShaderCompilers: Display: Worker (1/5): shaders left to compile 104
[2023.04.23-06.45.33:646][391]LogShaderCompilers: Display: Started 10 'Local' shader compile jobs with 'Normal' priority
[2023.04.23-06.45.33:743][396]LogShaderCompilers: Display: Worker (3/5): shaders left to compile 94
[2023.04.23-06.45.33:743][396]LogShaderCompilers: Display: Started 10 'Local' shader compile jobs with 'Normal' priority
[2023.04.23-06.45.35:854][501]LogShaderCompilers: Display: Worker (4/5): shaders left to compile 84
[2023.04.23-06.45.35:854][501]LogShaderCompilers: Display: Started 10 'Local' shader compile jobs with 'Normal' priority
[2023.04.23-06.45.36:595][538]LogShaderCompilers: Display: Worker (2/5): shaders left to compile 74
[2023.04.23-06.45.36:595][538]LogShaderCompilers: Display: Started 10 'Local' shader compile jobs with 'Normal' priority
[2023.04.23-06.45.37:263][572]LogShaderCompilers: Display: Worker (3/5): shaders left to compile 64
[2023.04.23-06.45.37:263][572]LogShaderCompilers: Display: Started 10 'Local' shader compile jobs with 'Normal' priority
[2023.04.23-06.45.37:323][574]LogShaderCompilers: Display: Worker (1/5): shaders left to compile 54
[2023.04.23-06.45.37:323][574]LogShaderCompilers: Display: Started 10 'Local' shader compile jobs with 'Normal' priority
[2023.04.23-06.45.39:679][692]LogShaderCompilers: Display: Worker (4/5): shaders left to compile 44
[2023.04.23-06.45.39:679][692]LogShaderCompilers: Display: Started 10 'Local' shader compile jobs with 'Normal' priority
[2023.04.23-06.45.39:918][705]LogShaderCompilers: Display: Worker (2/5): shaders left to compile 34
[2023.04.23-06.45.39:918][705]LogShaderCompilers: Display: Started 9 'Local' shader compile jobs with 'Normal' priority
[2023.04.23-06.45.40:133][715]LogShaderCompilers: Display: Worker (3/5): shaders left to compile 25
[2023.04.23-06.45.40:133][715]LogShaderCompilers: Display: Started 7 'Local' shader compile jobs with 'Normal' priority
[2023.04.23-06.45.41:516][784]LogShaderCompilers: Display: Worker (1/5): shaders left to compile 18
[2023.04.23-06.45.41:516][784]LogShaderCompilers: Display: Started 5 'Local' shader compile jobs with 'Normal' priority
[2023.04.23-06.45.42:605][839]LogShaderCompilers: Display: Worker (2/5): shaders left to compile 13
[2023.04.23-06.45.42:605][839]LogShaderCompilers: Display: Started 4 'Local' shader compile jobs with 'Normal' priority
[2023.04.23-06.45.42:699][844]LogShaderCompilers: Display: Worker (4/5): shaders left to compile 9
[2023.04.23-06.45.42:699][844]LogShaderCompilers: Display: Started 3 'Local' shader compile jobs with 'Normal' priority
[2023.04.23-06.45.43:195][869]LogShaderCompilers: Display: Worker (3/5): shaders left to compile 6
[2023.04.23-06.45.43:195][869]LogShaderCompilers: Display: Started 2 'Local' shader compile jobs with 'Normal' priority
[2023.04.23-06.45.43:257][873]LogShaderCompilers: Display: Worker (1/5): shaders left to compile 4
[2023.04.23-06.45.43:257][873]LogShaderCompilers: Display: Started 2 'Local' shader compile jobs with 'Normal' priority
[2023.04.23-06.45.43:625][891]LogShaderCompilers: Display: Worker (4/5): shaders left to compile 2
[2023.04.23-06.45.43:625][891]LogShaderCompilers: Display: Started 1 'Local' shader compile jobs with 'Normal' priority
[2023.04.23-06.45.43:798][900]LogShaderCompilers: Display: Worker (2/5): shaders left to compile 1
[2023.04.23-06.45.43:798][900]LogShaderCompilers: Display: Started 1 'Local' shader compile jobs with 'Normal' priority
[2023.04.23-06.45.47:399][ 70]LogAssetEditorSubsystem: Opening Asset editor for SkeletalMesh /Game/TheTroubleMakers/Alikhorshidi/MyCar/Blue_Nissan_car_Main_finall.Blue_Nissan_car_Main_finall
[2023.04.23-06.45.47:425][ 70]LogNativeClassHierarchy: Verbose: Native class hierarchy updated for 'SkeletonEditor' in 0.0002 seconds. Added 1 classes and 2 folders.
[2023.04.23-06.45.47:433][ 70]LogTexture: Default maximum texture size for cubemaps generated from long-lat sources has been changed from 512 to unlimited. In order to preserve old behaiour for '/Engine/EditorMaterials/AssetViewer/EpicQuadPanorama_CC+EV1.EpicQuadPanorama_CC+EV1', its maximum texture size has been explicitly set to 512.
[2023.04.23-06.45.47:514][ 70]LogTexture: Default maximum texture size for cubemaps generated from long-lat sources has been changed from 512 to unlimited. In order to preserve old behaiour for '/Engine/MapTemplates/Sky/SunsetAmbientCubemap.SunsetAmbientCubemap', its maximum texture size has been explicitly set to 512.
[2023.04.23-06.45.47:585][ 70]LogActorComponent: RegisterComponentWithWorld: (/Engine/Transient.World_4:PersistentLevel.AnimationEditorPreviewActor_0.DebugSkelMeshComponent_0) Already registered. Aborting.
[2023.04.23-06.45.47:586][ 70]LogNativeClassHierarchy: Verbose: Native class hierarchy updated for 'PinnedCommandList' in 0.0003 seconds. Added 1 classes and 0 folders.
[2023.04.23-06.45.47:957][ 70]LogRenderer: Reallocating scene render targets to support 1208x876 Format 10 NumSamples 1 (Frame:1).
[2023.04.23-06.45.51:009][201]LogAssetEditorSubsystem: Opening Asset editor for PhysicsAsset /Game/TheTroubleMakers/Alikhorshidi/MyCar/Blue_Nissan_car_Main_finall_PhysicsAsset.Blue_Nissan_car_Main_finall_PhysicsAsset
[2023.04.23-06.45.51:039][201]LogNativeClassHierarchy: Verbose: Native class hierarchy updated for 'PhysicsAssetEditor' in 0.0003 seconds. Added 8 classes and 3 folders.
[2023.04.23-06.45.51:044][201]LogActorComponent: RegisterComponentWithWorld: (/Engine/Transient.World_5:PersistentLevel.AnimationEditorPreviewActor_0.PhysicsAssetEditorSkeletalMeshComponent_0) Already registered. Aborting.
[2023.04.23-06.45.51:209][201]LogSlate: Took 0.004246 seconds to synchronously load lazily loaded font '../../../Engine/Content/Slate/Fonts/Roboto-BoldCondensed.ttf' (158K)
[2023.04.23-06.46.25:619][750]LogWorld: UWorld::CleanupWorld for World_4, bSessionEnded=true, bCleanupResources=true
[2023.04.23-06.46.25:619][750]LogSlate: InvalidateAllWidgets triggered.  All widgets were invalidated
[2023.04.23-06.46.27:983][886]LogSlate: Window 'Blue_Nissan_car_Main_finall_PhysicsAsset' being destroyed
[2023.04.23-06.46.50:778][483]LogUObjectHash: Compacting FUObjectHashTables data took   0.73ms
[2023.04.23-06.46.50:791][483]LogSavePackage: Moving '../../../../../../Asus/Documents/GitHub/TheTroubleMakers/Unreal Engine Project/SpeedLimit_UniAzad/Saved/Minimal_DefaultE9BB9AC14DA162189D4B9AA2A21B5AA5.tmp' to '../../../../../../Asus/Documents/GitHub/TheTroubleMakers/Unreal Engine Project/SpeedLimit_UniAzad/Content/StarterContent/Maps/Minimal_Default.umap'
[2023.04.23-06.46.50:819][483]AssetCheck: New page: Asset Save: Minimal_Default
[2023.04.23-06.46.50:819][483]LogContentValidation: Display: Validating World /Game/StarterContent/Maps/Minimal_Default.Minimal_Default
[2023.04.23-06.46.52:228][603]LogUObjectHash: Compacting FUObjectHashTables data took   0.60ms
[2023.04.23-06.46.54:005][603]LogSlate: Window 'Save Content' being destroyed
[2023.04.23-06.46.54:092][603]LogSavePackage: Moving '../../../../../../Asus/Documents/GitHub/TheTroubleMakers/Unreal Engine Project/SpeedLimit_UniAzad/Saved/Blue_Nissan_car_Main_finall7297029744BE8B78CA5A1186ABAE0EB0.tmp' to '../../../../../../Asus/Documents/GitHub/TheTroubleMakers/Unreal Engine Project/SpeedLimit_UniAzad/Content/TheTroubleMakers/Alikhorshidi/MyCar/Blue_Nissan_car_Main_finall.uasset'
[2023.04.23-06.46.54:121][603]LogSavePackage: Moving '../../../../../../Asus/Documents/GitHub/TheTroubleMakers/Unreal Engine Project/SpeedLimit_UniAzad/Saved/Blue_Nissan_car_Main_finall_PhysBDAB75294DAD858852C6DCB0F4A45A0E.tmp' to '../../../../../../Asus/Documents/GitHub/TheTroubleMakers/Unreal Engine Project/SpeedLimit_UniAzad/Content/TheTroubleMakers/Alikhorshidi/MyCar/Blue_Nissan_car_Main_finall_PhysicsAsset.uasset'
[2023.04.23-06.46.54:122][603]LogSavePackage: Moving '../../../../../../Asus/Documents/GitHub/TheTroubleMakers/Unreal Engine Project/SpeedLimit_UniAzad/Saved/Blue_Nissan_car_Main_finall_Skel3CC9B0914D6F4DDC437535BC0F5370DF.tmp' to '../../../../../../Asus/Documents/GitHub/TheTroubleMakers/Unreal Engine Project/SpeedLimit_UniAzad/Content/TheTroubleMakers/Alikhorshidi/MyCar/Blue_Nissan_car_Main_finall_Skeleton.uasset'
[2023.04.23-06.46.54:147][603]LogSavePackage: Moving '../../../../../../Asus/Documents/GitHub/TheTroubleMakers/Unreal Engine Project/SpeedLimit_UniAzad/Saved/car_0015AA6F7614B52040B04078DA3E5C1501C.tmp' to '../../../../../../Asus/Documents/GitHub/TheTroubleMakers/Unreal Engine Project/SpeedLimit_UniAzad/Content/TheTroubleMakers/Alikhorshidi/MyCar/car_001.uasset'
[2023.04.23-06.46.54:172][603]LogSavePackage: Moving '../../../../../../Asus/Documents/GitHub/TheTroubleMakers/Unreal Engine Project/SpeedLimit_UniAzad/Saved/Material8A4F81794EB54F139BCC35A155AF0A76.tmp' to '../../../../../../Asus/Documents/GitHub/TheTroubleMakers/Unreal Engine Project/SpeedLimit_UniAzad/Content/TheTroubleMakers/Alikhorshidi/MyCar/Material.uasset'
[2023.04.23-06.46.54:197][603]LogSavePackage: Moving '../../../../../../Asus/Documents/GitHub/TheTroubleMakers/Unreal Engine Project/SpeedLimit_UniAzad/Saved/Material_001E660998D4CE5C648521319895A74EA90.tmp' to '../../../../../../Asus/Documents/GitHub/TheTroubleMakers/Unreal Engine Project/SpeedLimit_UniAzad/Content/TheTroubleMakers/Alikhorshidi/MyCar/Material_001.uasset'
[2023.04.23-06.46.54:223][603]LogSavePackage: Moving '../../../../../../Asus/Documents/GitHub/TheTroubleMakers/Unreal Engine Project/SpeedLimit_UniAzad/Saved/Material_002782CE16A46792685F84CC7B835D6AAA4.tmp' to '../../../../../../Asus/Documents/GitHub/TheTroubleMakers/Unreal Engine Project/SpeedLimit_UniAzad/Content/TheTroubleMakers/Alikhorshidi/MyCar/Material_002.uasset'
[2023.04.23-06.46.54:252][603]LogSavePackage: Moving '../../../../../../Asus/Documents/GitHub/TheTroubleMakers/Unreal Engine Project/SpeedLimit_UniAzad/Saved/Material_0035923719F4CDB46F2EB97BB8EEC16027F.tmp' to '../../../../../../Asus/Documents/GitHub/TheTroubleMakers/Unreal Engine Project/SpeedLimit_UniAzad/Content/TheTroubleMakers/Alikhorshidi/MyCar/Material_003.uasset'
[2023.04.23-06.46.54:278][603]LogSavePackage: Moving '../../../../../../Asus/Documents/GitHub/TheTroubleMakers/Unreal Engine Project/SpeedLimit_UniAzad/Saved/Material_0056E85863745EE5D90380C42917BCB7E0D.tmp' to '../../../../../../Asus/Documents/GitHub/TheTroubleMakers/Unreal Engine Project/SpeedLimit_UniAzad/Content/TheTroubleMakers/Alikhorshidi/MyCar/Material_005.uasset'
[2023.04.23-06.46.54:303][603]LogSavePackage: Moving '../../../../../../Asus/Documents/GitHub/TheTroubleMakers/Unreal Engine Project/SpeedLimit_UniAzad/Saved/Material_006253A2CBF4F72A3C9C1B4F7A69406C7FC.tmp' to '../../../../../../Asus/Documents/GitHub/TheTroubleMakers/Unreal Engine Project/SpeedLimit_UniAzad/Content/TheTroubleMakers/Alikhorshidi/MyCar/Material_006.uasset'
[2023.04.23-06.46.54:328][603]LogSavePackage: Moving '../../../../../../Asus/Documents/GitHub/TheTroubleMakers/Unreal Engine Project/SpeedLimit_UniAzad/Saved/Material_008AC55223A4900AB12DB3D2DB77CE61FBC.tmp' to '../../../../../../Asus/Documents/GitHub/TheTroubleMakers/Unreal Engine Project/SpeedLimit_UniAzad/Content/TheTroubleMakers/Alikhorshidi/MyCar/Material_008.uasset'
[2023.04.23-06.46.54:353][603]LogSavePackage: Moving '../../../../../../Asus/Documents/GitHub/TheTroubleMakers/Unreal Engine Project/SpeedLimit_UniAzad/Saved/Material_010028C2B4040FE6FF69B58D9B776B7055B.tmp' to '../../../../../../Asus/Documents/GitHub/TheTroubleMakers/Unreal Engine Project/SpeedLimit_UniAzad/Content/TheTroubleMakers/Alikhorshidi/MyCar/Material_010.uasset'
[2023.04.23-06.46.54:378][603]LogSavePackage: Moving '../../../../../../Asus/Documents/GitHub/TheTroubleMakers/Unreal Engine Project/SpeedLimit_UniAzad/Saved/Material_011DCAAFA0F4EAA49D0CF2B5FAC5556CFD2.tmp' to '../../../../../../Asus/Documents/GitHub/TheTroubleMakers/Unreal Engine Project/SpeedLimit_UniAzad/Content/TheTroubleMakers/Alikhorshidi/MyCar/Material_011.uasset'
[2023.04.23-06.46.54:403][603]LogSavePackage: Moving '../../../../../../Asus/Documents/GitHub/TheTroubleMakers/Unreal Engine Project/SpeedLimit_UniAzad/Saved/Material_014945D8E434CC34C365E8BF086423B70F2.tmp' to '../../../../../../Asus/Documents/GitHub/TheTroubleMakers/Unreal Engine Project/SpeedLimit_UniAzad/Content/TheTroubleMakers/Alikhorshidi/MyCar/Material_014.uasset'
[2023.04.23-06.46.54:428][603]LogSavePackage: Moving '../../../../../../Asus/Documents/GitHub/TheTroubleMakers/Unreal Engine Project/SpeedLimit_UniAzad/Saved/Material_01506F3C067421EFCEC906628BDCBDB4320.tmp' to '../../../../../../Asus/Documents/GitHub/TheTroubleMakers/Unreal Engine Project/SpeedLimit_UniAzad/Content/TheTroubleMakers/Alikhorshidi/MyCar/Material_015.uasset'
[2023.04.23-06.46.54:455][603]LogSavePackage: Moving '../../../../../../Asus/Documents/GitHub/TheTroubleMakers/Unreal Engine Project/SpeedLimit_UniAzad/Saved/Material_01698D3728C496BB46E293202943B7C97FE.tmp' to '../../../../../../Asus/Documents/GitHub/TheTroubleMakers/Unreal Engine Project/SpeedLimit_UniAzad/Content/TheTroubleMakers/Alikhorshidi/MyCar/Material_016.uasset'
[2023.04.23-06.46.54:481][603]LogSavePackage: Moving '../../../../../../Asus/Documents/GitHub/TheTroubleMakers/Unreal Engine Project/SpeedLimit_UniAzad/Saved/Material_01769CD4C10486FF7C53FA2B09F13351FA8.tmp' to '../../../../../../Asus/Documents/GitHub/TheTroubleMakers/Unreal Engine Project/SpeedLimit_UniAzad/Content/TheTroubleMakers/Alikhorshidi/MyCar/Material_017.uasset'
[2023.04.23-06.46.54:507][603]LogSavePackage: Moving '../../../../../../Asus/Documents/GitHub/TheTroubleMakers/Unreal Engine Project/SpeedLimit_UniAzad/Saved/Material_018F5FFDE684A034C8B3F2B13BEE4C477ED.tmp' to '../../../../../../Asus/Documents/GitHub/TheTroubleMakers/Unreal Engine Project/SpeedLimit_UniAzad/Content/TheTroubleMakers/Alikhorshidi/MyCar/Material_018.uasset'
[2023.04.23-06.46.54:532][603]LogSavePackage: Moving '../../../../../../Asus/Documents/GitHub/TheTroubleMakers/Unreal Engine Project/SpeedLimit_UniAzad/Saved/Material_01997C56CE548E1C09860ED99A6020C1BC9.tmp' to '../../../../../../Asus/Documents/GitHub/TheTroubleMakers/Unreal Engine Project/SpeedLimit_UniAzad/Content/TheTroubleMakers/Alikhorshidi/MyCar/Material_019.uasset'
[2023.04.23-06.46.54:557][603]LogSavePackage: Moving '../../../../../../Asus/Documents/GitHub/TheTroubleMakers/Unreal Engine Project/SpeedLimit_UniAzad/Saved/Material_0228296B0F942F3F2849316E9A58E32B80B.tmp' to '../../../../../../Asus/Documents/GitHub/TheTroubleMakers/Unreal Engine Project/SpeedLimit_UniAzad/Content/TheTroubleMakers/Alikhorshidi/MyCar/Material_022.uasset'
[2023.04.23-06.46.54:583][603]LogSavePackage: Moving '../../../../../../Asus/Documents/GitHub/TheTroubleMakers/Unreal Engine Project/SpeedLimit_UniAzad/Saved/Material_02320A06185423B54E2535035A050EE6E9F.tmp' to '../../../../../../Asus/Documents/GitHub/TheTroubleMakers/Unreal Engine Project/SpeedLimit_UniAzad/Content/TheTroubleMakers/Alikhorshidi/MyCar/Material_023.uasset'
[2023.04.23-06.46.54:609][603]LogSavePackage: Moving '../../../../../../Asus/Documents/GitHub/TheTroubleMakers/Unreal Engine Project/SpeedLimit_UniAzad/Saved/Material_024437985524A37A3297D7A7BBF6687E320.tmp' to '../../../../../../Asus/Documents/GitHub/TheTroubleMakers/Unreal Engine Project/SpeedLimit_UniAzad/Content/TheTroubleMakers/Alikhorshidi/MyCar/Material_024.uasset'
[2023.04.23-06.46.54:634][603]LogSavePackage: Moving '../../../../../../Asus/Documents/GitHub/TheTroubleMakers/Unreal Engine Project/SpeedLimit_UniAzad/Saved/Material_025167AAE5E4D22EDB82DBA5381682AE05A.tmp' to '../../../../../../Asus/Documents/GitHub/TheTroubleMakers/Unreal Engine Project/SpeedLimit_UniAzad/Content/TheTroubleMakers/Alikhorshidi/MyCar/Material_025.uasset'
[2023.04.23-06.46.54:661][603]LogSavePackage: Moving '../../../../../../Asus/Documents/GitHub/TheTroubleMakers/Unreal Engine Project/SpeedLimit_UniAzad/Saved/Material_026CD1532024582911E783704A38444FDE5.tmp' to '../../../../../../Asus/Documents/GitHub/TheTroubleMakers/Unreal Engine Project/SpeedLimit_UniAzad/Content/TheTroubleMakers/Alikhorshidi/MyCar/Material_026.uasset'
[2023.04.23-06.46.54:677][603]LogSavePackage: Moving '../../../../../../Asus/Documents/GitHub/TheTroubleMakers/Unreal Engine Project/SpeedLimit_UniAzad/Saved/Material_027F5E0111C420DEC8B016433AD5F1BBF9E.tmp' to '../../../../../../Asus/Documents/GitHub/TheTroubleMakers/Unreal Engine Project/SpeedLimit_UniAzad/Content/TheTroubleMakers/Alikhorshidi/MyCar/Material_027.uasset'
[2023.04.23-06.46.54:692][603]LogSavePackage: Moving '../../../../../../Asus/Documents/GitHub/TheTroubleMakers/Unreal Engine Project/SpeedLimit_UniAzad/Saved/windows068E5E22483390464C748DAFEA4FC7E0.tmp' to '../../../../../../Asus/Documents/GitHub/TheTroubleMakers/Unreal Engine Project/SpeedLimit_UniAzad/Content/TheTroubleMakers/Alikhorshidi/MyCar/windows.uasset'
[2023.04.23-06.46.54:750][603]LogWorld: UWorld::CleanupWorld for World_5, bSessionEnded=true, bCleanupResources=true
[2023.04.23-06.46.54:751][603]LogSlate: InvalidateAllWidgets triggered.  All widgets were invalidated
[2023.04.23-06.46.54:780][603]LogSlate: Window 'SpeedLimit_UniAzad - Unreal Editor' being destroyed
[2023.04.23-06.46.54:887][603]AssetCheck: New page: Asset Save: multiple assets
[2023.04.23-06.46.54:887][603]LogContentValidation: Display: Validating Material /Game/TheTroubleMakers/Alikhorshidi/MyCar/car_001.car_001
[2023.04.23-06.46.54:887][603]LogContentValidation: Display: Validating Material /Game/TheTroubleMakers/Alikhorshidi/MyCar/Material_002.Material_002
[2023.04.23-06.46.54:887][603]LogContentValidation: Display: Validating SkeletalMesh /Game/TheTroubleMakers/Alikhorshidi/MyCar/Blue_Nissan_car_Main_finall.Blue_Nissan_car_Main_finall
[2023.04.23-06.46.54:887][603]LogContentValidation: Display: Validating Material /Game/TheTroubleMakers/Alikhorshidi/MyCar/windows.windows
[2023.04.23-06.46.54:887][603]LogContentValidation: Display: Validating Material /Game/TheTroubleMakers/Alikhorshidi/MyCar/Material_005.Material_005
[2023.04.23-06.46.54:887][603]LogContentValidation: Display: Validating Material /Game/TheTroubleMakers/Alikhorshidi/MyCar/Material_003.Material_003
[2023.04.23-06.46.54:887][603]LogContentValidation: Display: Validating Material /Game/TheTroubleMakers/Alikhorshidi/MyCar/Material_001.Material_001
[2023.04.23-06.46.54:887][603]LogContentValidation: Display: Validating Material /Game/TheTroubleMakers/Alikhorshidi/MyCar/Material_015.Material_015
[2023.04.23-06.46.54:887][603]LogContentValidation: Display: Validating Material /Game/TheTroubleMakers/Alikhorshidi/MyCar/Material_017.Material_017
[2023.04.23-06.46.54:887][603]LogContentValidation: Display: Validating Material /Game/TheTroubleMakers/Alikhorshidi/MyCar/Material_018.Material_018
[2023.04.23-06.46.54:887][603]LogContentValidation: Display: Validating Material /Game/TheTroubleMakers/Alikhorshidi/MyCar/Material_019.Material_019
[2023.04.23-06.46.54:887][603]LogContentValidation: Display: Validating Material /Game/TheTroubleMakers/Alikhorshidi/MyCar/Material_026.Material_026
[2023.04.23-06.46.54:887][603]LogContentValidation: Display: Validating Material /Game/TheTroubleMakers/Alikhorshidi/MyCar/Material_022.Material_022
[2023.04.23-06.46.54:887][603]LogContentValidation: Display: Validating Material /Game/TheTroubleMakers/Alikhorshidi/MyCar/Material_023.Material_023
[2023.04.23-06.46.54:887][603]LogContentValidation: Display: Validating Material /Game/TheTroubleMakers/Alikhorshidi/MyCar/Material_024.Material_024
[2023.04.23-06.46.54:887][603]LogContentValidation: Display: Validating Material /Game/TheTroubleMakers/Alikhorshidi/MyCar/Material_025.Material_025
[2023.04.23-06.46.54:887][603]LogContentValidation: Display: Validating Material /Game/TheTroubleMakers/Alikhorshidi/MyCar/Material_027.Material_027
[2023.04.23-06.46.54:887][603]LogContentValidation: Display: Validating Material /Game/TheTroubleMakers/Alikhorshidi/MyCar/Material.Material
[2023.04.23-06.46.54:887][603]LogContentValidation: Display: Validating Material /Game/TheTroubleMakers/Alikhorshidi/MyCar/Material_016.Material_016
[2023.04.23-06.46.54:888][603]LogContentValidation: Display: Validating Material /Game/TheTroubleMakers/Alikhorshidi/MyCar/Material_006.Material_006
[2023.04.23-06.46.54:888][603]LogContentValidation: Display: Validating Material /Game/TheTroubleMakers/Alikhorshidi/MyCar/Material_008.Material_008
[2023.04.23-06.46.54:888][603]LogContentValidation: Display: Validating Material /Game/TheTroubleMakers/Alikhorshidi/MyCar/Material_010.Material_010
[2023.04.23-06.46.54:888][603]LogContentValidation: Display: Validating Material /Game/TheTroubleMakers/Alikhorshidi/MyCar/Material_011.Material_011
[2023.04.23-06.46.54:888][603]LogContentValidation: Display: Validating Material /Game/TheTroubleMakers/Alikhorshidi/MyCar/Material_014.Material_014
[2023.04.23-06.46.54:888][603]LogContentValidation: Display: Validating Skeleton /Game/TheTroubleMakers/Alikhorshidi/MyCar/Blue_Nissan_car_Main_finall_Skeleton.Blue_Nissan_car_Main_finall_Skeleton
[2023.04.23-06.46.54:888][603]LogContentValidation: Display: Validating PhysicsAsset /Game/TheTroubleMakers/Alikhorshidi/MyCar/Blue_Nissan_car_Main_finall_PhysicsAsset.Blue_Nissan_car_Main_finall_PhysicsAsset
[2023.04.23-06.46.54:889][604]Cmd: QUIT_EDITOR
[2023.04.23-06.46.54:889][604]LogCore: Engine exit requested (reason: UUnrealEdEngine::CloseEditor())
[2023.04.23-06.46.54:890][604]LogCore: Engine exit requested (reason: EngineExit() was called; note: exit was already requested)
[2023.04.23-06.46.54:892][604]LogAudio: Display: Beginning Audio Device Manager Shutdown (Module: AudioMixerXAudio2)...
[2023.04.23-06.46.54:892][604]LogAudio: Display: Destroying 1 Remaining Audio Device(s)...
[2023.04.23-06.46.54:892][604]LogAudio: Display: Audio Device unregistered from world 'Minimal_Default'.
[2023.04.23-06.46.54:892][604]LogAudioMixer: FMixerPlatformXAudio2::StopAudioStream() called
[2023.04.23-06.46.54:893][604]LogAudioMixer: FMixerPlatformXAudio2::StopAudioStream() called
[2023.04.23-06.46.54:897][604]LogAudio: Display: Audio Device Manager Shutdown
[2023.04.23-06.46.54:897][604]LogWindowsTextInputMethodSystem: Display: IME system deactivated.
[2023.04.23-06.46.54:906][604]LogExit: Preparing to exit.
[2023.04.23-06.46.54:916][604]LogUObjectHash: Compacting FUObjectHashTables data took   0.86ms
[2023.04.23-06.46.55:248][604]LogWorld: UWorld::CleanupWorld for World_3, bSessionEnded=true, bCleanupResources=true
[2023.04.23-06.46.55:249][604]LogWorld: UWorld::CleanupWorld for World_2, bSessionEnded=true, bCleanupResources=true
[2023.04.23-06.46.55:249][604]LogWorld: UWorld::CleanupWorld for World_1, bSessionEnded=true, bCleanupResources=true
[2023.04.23-06.46.55:253][604]LogDirectoryWatcher: Display: A directory notification failed, and we were unable to create a new request. GetLastError code [6] Handle [FFFFFFFFFFFFFFFF], Path [E:/Asus/Documents/GitHub/TheTroubleMakers/Unreal Engine Project/SpeedLimit_UniAzad/Content/] 
[2023.04.23-06.46.55:273][604]LogDemo: Cleaned up 0 splitscreen connections with owner deletion
[2023.04.23-06.46.55:276][604]LogWorld: UWorld::CleanupWorld for None, bSessionEnded=true, bCleanupResources=true
[2023.04.23-06.46.55:276][604]LogExit: Editor shut down
[2023.04.23-06.46.55:276][604]LogExit: Transaction tracking system shut down
[2023.04.23-06.46.55:363][604]LogExit: Object subsystem successfully closed.
[2023.04.23-06.46.55:377][604]LogShaderCompilers: Display: === FShaderJobCache stats ===
[2023.04.23-06.46.55:377][604]LogShaderCompilers: Display: Total job queries 1548, among them cache hits 76 (4.91%)
[2023.04.23-06.46.55:377][604]LogShaderCompilers: Display: Tracking 768 distinct input hashes that result in 42 distinct outputs (5.47%)
[2023.04.23-06.46.55:377][604]LogShaderCompilers: Display: RAM used: 0.27 MB (0.00 GB) of 819.20 MB (0.80 GB) budget. Usage: 0.03%
[2023.04.23-06.46.55:377][604]LogShaderCompilers: Display: ================================================
[2023.04.23-06.46.55:394][604]LogShaderCompilers: Display: Shaders left to compile 0
[2023.04.23-06.46.55:404][604]LogModuleManager: Shutting down and abandoning module PhysicsAssetEditor (876)
[2023.04.23-06.46.55:404][604]LogModuleManager: Shutting down and abandoning module PinnedCommandList (874)
[2023.04.23-06.46.55:404][604]LogModuleManager: Shutting down and abandoning module SkeletonEditor (872)
[2023.04.23-06.46.55:404][604]LogModuleManager: Shutting down and abandoning module HierarchicalLODOutliner (870)
[2023.04.23-06.46.55:404][604]LogModuleManager: Shutting down and abandoning module SceneOutliner (868)
[2023.04.23-06.46.55:404][604]LogModuleManager: Shutting down and abandoning module AddContentDialog (866)
[2023.04.23-06.46.55:404][604]LogModuleManager: Shutting down and abandoning module WidgetCarousel (865)
[2023.04.23-06.46.55:404][604]LogModuleManager: Shutting down and abandoning module EditorWidgets (862)
[2023.04.23-06.46.55:404][604]LogModuleManager: Shutting down and abandoning module StatsViewer (860)
[2023.04.23-06.46.55:404][604]LogModuleManager: Shutting down and abandoning module PIEPreviewDeviceProfileSelector (858)
[2023.04.23-06.46.55:404][604]LogModuleManager: Shutting down and abandoning module SequenceRecorderSections (856)
[2023.04.23-06.46.55:404][604]LogModuleManager: Shutting down and abandoning module AutomationWorker (854)
[2023.04.23-06.46.55:404][604]LogModuleManager: Shutting down and abandoning module SteamVREditor (852)
[2023.04.23-06.46.55:404][604]LogModuleManager: Shutting down and abandoning module OculusMR (850)
[2023.04.23-06.46.55:404][604]LogModuleManager: Shutting down and abandoning module TakeRecorderSources (848)
[2023.04.23-06.46.55:404][604]LogModuleManager: Shutting down and abandoning module TakeRecorder (847)
[2023.04.23-06.46.55:405][604]LogModuleManager: Shutting down and abandoning module TakeTrackRecorders (844)
[2023.04.23-06.46.55:405][604]LogModuleManager: Shutting down and abandoning module TakesCore (842)
[2023.04.23-06.46.55:405][604]LogModuleManager: Shutting down and abandoning module OpenXRInput (840)
[2023.04.23-06.46.55:405][604]LogModuleManager: Shutting down and abandoning module GooglePADEditor (838)
[2023.04.23-06.46.55:405][604]LogModuleManager: Shutting down and abandoning module AudioCaptureEditor (836)
[2023.04.23-06.46.55:405][604]LogModuleManager: Shutting down and abandoning module TemplateSequenceEditor (834)
[2023.04.23-06.46.55:405][604]LogModuleManager: Shutting down and abandoning module MatineeToLevelSequence (832)
[2023.04.23-06.46.55:405][604]LogModuleManager: Shutting down and abandoning module LevelSequenceEditor (830)
[2023.04.23-06.46.55:405][604]LogModuleManager: Shutting down and abandoning module ActorSequenceEditor (828)
[2023.04.23-06.46.55:405][604]LogModuleManager: Shutting down and abandoning module PlanarCut (826)
[2023.04.23-06.46.55:405][604]LogModuleManager: Shutting down and abandoning module CharacterAI (824)
[2023.04.23-06.46.55:405][604]LogModuleManager: Shutting down and abandoning module WmfMediaFactory (822)
[2023.04.23-06.46.55:405][604]LogModuleManager: Shutting down and abandoning module WmfMediaEditor (820)
[2023.04.23-06.46.55:405][604]LogModuleManager: Shutting down and abandoning module WebMMediaFactory (818)
[2023.04.23-06.46.55:405][604]LogModuleManager: Shutting down and abandoning module WebMMediaEditor (816)
[2023.04.23-06.46.55:405][604]LogModuleManager: Shutting down and abandoning module WebMMedia (814)
[2023.04.23-06.46.55:405][604]LogModuleManager: Shutting down and abandoning module MediaPlayerEditor (812)
[2023.04.23-06.46.55:405][604]LogModuleManager: Shutting down and abandoning module MediaCompositingEditor (810)
[2023.04.23-06.46.55:405][604]LogModuleManager: Shutting down and abandoning module SequenceRecorder (809)
[2023.04.23-06.46.55:405][604]LogModuleManager: Shutting down and abandoning module OpenExrWrapper (806)
[2023.04.23-06.46.55:405][604]LogModuleManager: Shutting down and abandoning module ImgMediaFactory (804)
[2023.04.23-06.46.55:405][604]LogModuleManager: Shutting down and abandoning module ImgMediaEditor (802)
[2023.04.23-06.46.55:405][604]LogModuleManager: Shutting down and abandoning module AvfMediaFactory (800)
[2023.04.23-06.46.55:405][604]LogModuleManager: Shutting down and abandoning module AvfMediaEditor (798)
[2023.04.23-06.46.55:405][604]LogModuleManager: Shutting down and abandoning module AndroidMediaFactory (796)
[2023.04.23-06.46.55:405][604]LogModuleManager: Shutting down and abandoning module AndroidMediaEditor (794)
[2023.04.23-06.46.55:405][604]LogModuleManager: Shutting down and abandoning module MagicLeapMediaCodecFactory (792)
[2023.04.23-06.46.55:405][604]LogModuleManager: Shutting down and abandoning module MagicLeapMediaFactory (790)
[2023.04.23-06.46.55:405][604]LogModuleManager: Shutting down and abandoning module MagicLeapMediaEditor (788)
[2023.04.23-06.46.55:405][604]LogModuleManager: Shutting down and abandoning module TextureAlignMode (786)
[2023.04.23-06.46.55:405][604]LogModuleManager: Shutting down and abandoning module BspMode (784)
[2023.04.23-06.46.55:405][604]LogModuleManager: Shutting down and abandoning module GeometryMode (782)
[2023.04.23-06.46.55:405][604]LogModuleManager: Shutting down and abandoning module CameraShakePreviewer (780)
[2023.04.23-06.46.55:405][604]LogModuleManager: Shutting down and abandoning module SmartSnapping (778)
[2023.04.23-06.46.55:405][604]LogModuleManager: Shutting down and abandoning module SessionServices (776)
[2023.04.23-06.46.55:405][604]LogModuleManager: Shutting down and abandoning module MeshPaint (774)
[2023.04.23-06.46.55:405][604]LogModuleManager: Shutting down and abandoning module VirtualTexturingEditor (772)
[2023.04.23-06.46.55:405][604]LogModuleManager: Shutting down and abandoning module FoliageEdit (770)
[2023.04.23-06.46.55:405][604]LogModuleManager: Shutting down and abandoning module LandscapeEditor (768)
[2023.04.23-06.46.55:405][604]LogModuleManager: Shutting down and abandoning module MeshPaintMode (766)
[2023.04.23-06.46.55:405][604]LogModuleManager: Shutting down and abandoning module SceneDepthPickerMode (764)
[2023.04.23-06.46.55:405][604]LogModuleManager: Shutting down and abandoning module ActorPickerMode (762)
[2023.04.23-06.46.55:405][604]LogModuleManager: Shutting down and abandoning module PlacementMode (760)
[2023.04.23-06.46.55:405][604]LogModuleManager: Shutting down and abandoning module ViewportSnapping (758)
[2023.04.23-06.46.55:405][604]LogModuleManager: Shutting down and abandoning module ViewportInteraction (756)
[2023.04.23-06.46.55:405][604]LogModuleManager: Shutting down and abandoning module ClothPainter (754)
[2023.04.23-06.46.55:405][604]LogModuleManager: Shutting down and abandoning module SkeletalMeshEditor (753)
[2023.04.23-06.46.55:405][604]LogModuleManager: Shutting down and abandoning module LogVisualizer (750)
[2023.04.23-06.46.55:405][604]LogModuleManager: Shutting down and abandoning module IntroTutorials (748)
[2023.04.23-06.46.55:406][604]LogModuleManager: Shutting down and abandoning module GameProjectGeneration (747)
[2023.04.23-06.46.55:406][604]LogModuleManager: Shutting down and abandoning module LuminPlatformEditor (744)
[2023.04.23-06.46.55:406][604]LogModuleManager: Shutting down and abandoning module IOSPlatformEditor (742)
[2023.04.23-06.46.55:406][604]LogModuleManager: Shutting down and abandoning module AndroidPlatformEditor (740)
[2023.04.23-06.46.55:406][604]LogModuleManager: Shutting down and abandoning module AndroidDeviceDetection (739)
[2023.04.23-06.46.55:627][604]LogModuleManager: Shutting down and abandoning module WindowsPlatformEditor (736)
[2023.04.23-06.46.55:627][604]LogModuleManager: Shutting down and abandoning module LuminRuntimeSettings (734)
[2023.04.23-06.46.55:627][604]LogModuleManager: Shutting down and abandoning module IOSRuntimeSettings (732)
[2023.04.23-06.46.55:627][604]LogModuleManager: Shutting down and abandoning module AndroidRuntimeSettings (730)
[2023.04.23-06.46.55:627][604]LogModuleManager: Shutting down and abandoning module TraceInsights (728)
[2023.04.23-06.46.55:627][604]MemoryProfiler: Shutdown
[2023.04.23-06.46.55:627][604]NetworkingProfiler: Shutdown
[2023.04.23-06.46.55:627][604]LoadingProfiler: Shutdown
[2023.04.23-06.46.55:627][604]TimingProfiler: Shutdown
[2023.04.23-06.46.55:627][604]LogModuleManager: Shutting down and abandoning module TraceServices (727)
[2023.04.23-06.46.55:627][604]LogModuleManager: Shutting down and abandoning module EditorInteractiveToolsFramework (724)
[2023.04.23-06.46.55:627][604]LogModuleManager: Shutting down and abandoning module TimeManagementEditor (722)
[2023.04.23-06.46.55:627][604]LogModuleManager: Shutting down and abandoning module InputBindingEditor (720)
[2023.04.23-06.46.55:627][604]LogModuleManager: Shutting down and abandoning module MergeActors (718)
[2023.04.23-06.46.55:627][604]LogModuleManager: Shutting down and abandoning module LocalizationDashboard (716)
[2023.04.23-06.46.55:627][604]LogModuleManager: Shutting down and abandoning module LocalizationService (715)
[2023.04.23-06.46.55:628][604]LogModuleManager: Shutting down and abandoning module HardwareTargeting (712)
[2023.04.23-06.46.55:628][604]LogModuleManager: Shutting down and abandoning module DeviceProfileEditor (710)
[2023.04.23-06.46.55:628][604]LogModuleManager: Shutting down and abandoning module UndoHistory (708)
[2023.04.23-06.46.55:628][604]LogModuleManager: Shutting down and abandoning module XmlParser (706)
[2023.04.23-06.46.55:628][604]LogModuleManager: Shutting down and abandoning module Blutility (704)
[2023.04.23-06.46.55:628][604]LogModuleManager: Shutting down and abandoning module ProjectSettingsViewer (702)
[2023.04.23-06.46.55:628][604]LogModuleManager: Shutting down and abandoning module ProjectTargetPlatformEditor (701)
[2023.04.23-06.46.55:628][604]LogModuleManager: Shutting down and abandoning module EditorSettingsViewer (698)
[2023.04.23-06.46.55:628][604]LogModuleManager: Shutting down and abandoning module InternationalizationSettings (697)
[2023.04.23-06.46.55:628][604]LogModuleManager: Shutting down and abandoning module SettingsEditor (694)
[2023.04.23-06.46.55:628][604]LogModuleManager: Shutting down and abandoning module ProjectLauncher (692)
[2023.04.23-06.46.55:628][604]LogModuleManager: Shutting down and abandoning module SessionFrontend (690)
[2023.04.23-06.46.55:628][604]LogModuleManager: Shutting down and abandoning module ProfilerClient (688)
[2023.04.23-06.46.55:628][604]LogModuleManager: Shutting down and abandoning module DeviceManager (686)
[2023.04.23-06.46.55:628][604]LogModuleManager: Shutting down and abandoning module TargetDeviceServices (685)
[2023.04.23-06.46.55:660][604]LogModuleManager: Shutting down and abandoning module AutomationController (682)
[2023.04.23-06.46.55:660][604]LogModuleManager: Shutting down and abandoning module AutomationWindow (680)
[2023.04.23-06.46.55:660][604]LogModuleManager: Shutting down and abandoning module Layers (678)
[2023.04.23-06.46.55:660][604]LogModuleManager: Shutting down and abandoning module ComponentVisualizers (676)
[2023.04.23-06.46.55:660][604]LogModuleManager: Shutting down and abandoning module DetailCustomizations (674)
[2023.04.23-06.46.55:660][604]LogModuleManager: Shutting down and abandoning module PackagesDialog (672)
[2023.04.23-06.46.55:660][604]LogModuleManager: Shutting down and abandoning module AnimationBlueprintEditor (670)
[2023.04.23-06.46.55:660][604]LogModuleManager: Shutting down and abandoning module Persona (668)
[2023.04.23-06.46.55:660][604]LogModuleManager: Shutting down and abandoning module AdvancedPreviewScene (667)
[2023.04.23-06.46.55:660][604]LogModuleManager: Shutting down and abandoning module AnimGraph (665)
[2023.04.23-06.46.55:660][604]LogModuleManager: Shutting down and abandoning module Kismet (662)
[2023.04.23-06.46.55:661][604]LogModuleManager: Shutting down and abandoning module KismetWidgets (661)
[2023.04.23-06.46.55:661][604]LogModuleManager: Shutting down and abandoning module GraphEditor (658)
[2023.04.23-06.46.55:661][604]LogModuleManager: Shutting down and abandoning module StructViewer (656)
[2023.04.23-06.46.55:661][604]LogModuleManager: Shutting down and abandoning module ClassViewer (654)
[2023.04.23-06.46.55:661][604]LogModuleManager: Shutting down and abandoning module Toolbox (652)
[2023.04.23-06.46.55:661][604]LogModuleManager: Shutting down and abandoning module ModuleUI (650)
[2023.04.23-06.46.55:661][604]LogModuleManager: Shutting down and abandoning module OutputLog (648)
[2023.04.23-06.46.55:661][604]LogModuleManager: Shutting down and abandoning module GammaUI (646)
[2023.04.23-06.46.55:661][604]LogModuleManager: Shutting down and abandoning module Documentation (644)
[2023.04.23-06.46.55:661][604]LogModuleManager: Shutting down and abandoning module LiveCoding (642)
[2023.04.23-06.46.55:661][604]LogModuleManager: Shutting down and abandoning module LevelSequence (640)
[2023.04.23-06.46.55:661][604]LogModuleManager: Shutting down and abandoning module MovieSceneTracks (638)
[2023.04.23-06.46.55:661][604]LogModuleManager: Shutting down and abandoning module MovieScene (636)
[2023.04.23-06.46.55:662][604]LogModuleManager: Shutting down and abandoning module StreamingPauseRendering (634)
[2023.04.23-06.46.55:662][604]LogModuleManager: Shutting down and abandoning module LauncherPlatform (632)
[2023.04.23-06.46.55:662][604]LogModuleManager: Shutting down and abandoning module AnalyticsET (630)
[2023.04.23-06.46.55:662][604]LogModuleManager: Shutting down and abandoning module PortalServices (628)
[2023.04.23-06.46.55:662][604]LogModuleManager: Shutting down and abandoning module PortalRpc (626)
[2023.04.23-06.46.55:662][604]LogModuleManager: Shutting down and abandoning module MessagingRpc (624)
[2023.04.23-06.46.55:662][604]LogModuleManager: Shutting down and abandoning module AudioMixerXAudio2 (622)
[2023.04.23-06.46.55:662][604]LogModuleManager: Shutting down and abandoning module AudioMixerCore (621)
[2023.04.23-06.46.55:662][604]LogModuleManager: Shutting down and abandoning module AIModule (618)
[2023.04.23-06.46.55:662][604]LogModuleManager: Shutting down and abandoning module GameplayDebugger (617)
[2023.04.23-06.46.55:662][604]LogModuleManager: Shutting down and abandoning module AITestSuite (615)
[2023.04.23-06.46.55:662][604]LogModuleManager: Shutting down and abandoning module NavigationSystem (613)
[2023.04.23-06.46.55:662][604]LogModuleManager: Shutting down and abandoning module ImageWriteQueue (610)
[2023.04.23-06.46.55:662][604]LogModuleManager: Shutting down and abandoning module ProfilerService (608)
[2023.04.23-06.46.55:728][604]LogModuleManager: Shutting down and abandoning module TaskGraph (606)
[2023.04.23-06.46.55:728][604]LogModuleManager: Shutting down and abandoning module AudioSynesthesiaEditor (604)
[2023.04.23-06.46.55:728][604]LogModuleManager: Shutting down and abandoning module OculusEditor (602)
[2023.04.23-06.46.55:728][604]LogModuleManager: Shutting down and abandoning module OculusInput (600)
[2023.04.23-06.46.55:728][604]LogModuleManager: Shutting down and abandoning module ContentBrowserClassDataSource (598)
[2023.04.23-06.46.55:728][604]LogModuleManager: Shutting down and abandoning module ContentBrowserFileDataSource (596)
[2023.04.23-06.46.55:728][604]LogModuleManager: Shutting down and abandoning module ContentBrowserAssetDataSource (594)
[2023.04.23-06.46.55:729][604]LogModuleManager: Shutting down and abandoning module CollectionManager (593)
[2023.04.23-06.46.55:729][604]LogModuleManager: Shutting down and abandoning module TakeSequencer (590)
[2023.04.23-06.46.55:729][604]LogModuleManager: Shutting down and abandoning module TakeMovieScene (588)
[2023.04.23-06.46.55:729][604]LogModuleManager: Shutting down and abandoning module ScreenshotTools (586)
[2023.04.23-06.46.55:729][604]LogModuleManager: Shutting down and abandoning module SynthesisEditor (584)
[2023.04.23-06.46.55:729][604]LogModuleManager: Shutting down and abandoning module Synthesis (582)
[2023.04.23-06.46.55:729][604]LogModuleManager: Shutting down and abandoning module ProceduralMeshComponentEditor (580)
[2023.04.23-06.46.55:729][604]LogModuleManager: Shutting down and abandoning module ProceduralMeshComponent (578)
[2023.04.23-06.46.55:729][604]LogModuleManager: Shutting down and abandoning module OpenXREditor (576)
[2023.04.23-06.46.55:729][604]LogModuleManager: Shutting down and abandoning module MobilePatchingUtils (574)
[2023.04.23-06.46.55:729][604]LogModuleManager: Shutting down and abandoning module GooglePAD (572)
[2023.04.23-06.46.55:729][604]LogModuleManager: Shutting down and abandoning module EditableMesh (570)
[2023.04.23-06.46.55:729][604]LogModuleManager: Shutting down and abandoning module CustomMeshComponent (568)
[2023.04.23-06.46.55:729][604]LogModuleManager: Shutting down and abandoning module CableComponent (566)
[2023.04.23-06.46.55:729][604]LogModuleManager: Shutting down and abandoning module AudioCapture (564)
[2023.04.23-06.46.55:729][604]LogModuleManager: Shutting down and abandoning module AudioCaptureRtAudio (563)
[2023.04.23-06.46.55:730][604]LogModuleManager: Shutting down and abandoning module AssetTags (560)
[2023.04.23-06.46.55:730][604]LogModuleManager: Shutting down and abandoning module ArchVisCharacter (558)
[2023.04.23-06.46.55:730][604]LogModuleManager: Shutting down and abandoning module AppleImageUtilsBlueprintSupport (556)
[2023.04.23-06.46.55:730][604]LogModuleManager: Shutting down and abandoning module AppleImageUtils (554)
[2023.04.23-06.46.55:730][604]LogModuleManager: Shutting down and abandoning module AndroidPermission (552)
[2023.04.23-06.46.55:730][604]LogModuleManager: Shutting down and abandoning module ActorLayerUtilitiesEditor (550)
[2023.04.23-06.46.55:730][604]LogModuleManager: Shutting down and abandoning module ActorLayerUtilities (548)
[2023.04.23-06.46.55:730][604]LogModuleManager: Shutting down and abandoning module TemplateSequence (546)
[2023.04.23-06.46.55:730][604]LogModuleManager: Shutting down and abandoning module MotoSynthEditor (544)
[2023.04.23-06.46.55:730][604]LogModuleManager: Shutting down and abandoning module MotoSynth (542)
[2023.04.23-06.46.55:730][604]LogModuleManager: Shutting down and abandoning module OpenImageDenoise (540)
[2023.04.23-06.46.55:730][604]LogOpenImageDenoise: OIDN shutting down
[2023.04.23-06.46.55:730][604]LogModuleManager: Shutting down and abandoning module MeshConversion (538)
[2023.04.23-06.46.55:730][604]LogModuleManager: Shutting down and abandoning module DynamicMesh (536)
[2023.04.23-06.46.55:730][604]LogModuleManager: Shutting down and abandoning module GeometryAlgorithms (534)
[2023.04.23-06.46.55:730][604]LogModuleManager: Shutting down and abandoning module GeometricObjects (532)
[2023.04.23-06.46.55:730][604]LogModuleManager: Shutting down and abandoning module GeometryCollectionTracks (530)
[2023.04.23-06.46.55:730][604]LogModuleManager: Shutting down and abandoning module GeometryCollectionSequencer (529)
[2023.04.23-06.46.55:730][604]LogModuleManager: Shutting down and abandoning module GeometryCollectionEditor (526)
[2023.04.23-06.46.55:730][604]LogModuleManager: Shutting down and abandoning module GeometryCacheTracks (524)
[2023.04.23-06.46.55:730][604]LogModuleManager: Shutting down and abandoning module GeometryCacheStreamer (522)
[2023.04.23-06.46.55:730][604]LogModuleManager: Shutting down and abandoning module GeometryCacheSequencer (520)
[2023.04.23-06.46.55:730][604]LogModuleManager: Shutting down and abandoning module ChaosSolverEditor (518)
[2023.04.23-06.46.55:730][604]LogModuleManager: Shutting down and abandoning module FractureEditor (516)
[2023.04.23-06.46.55:730][604]LogModuleManager: Shutting down and abandoning module ChaosNiagara (514)
[2023.04.23-06.46.55:730][604]LogModuleManager: Shutting down and abandoning module FieldSystemEngine (513)
[2023.04.23-06.46.55:730][604]LogModuleManager: Shutting down and abandoning module ChaosClothEditor (510)
[2023.04.23-06.46.55:730][604]LogModuleManager: Shutting down and abandoning module BackChannel (508)
[2023.04.23-06.46.55:730][604]LogModuleManager: Shutting down and abandoning module AutomationUtilsEditor (506)
[2023.04.23-06.46.55:730][604]LogModuleManager: Shutting down and abandoning module AutomationUtils (504)
[2023.04.23-06.46.55:730][604]LogModuleManager: Shutting down and abandoning module AlembicImporter (502)
[2023.04.23-06.46.55:730][604]LogModuleManager: Shutting down and abandoning module AlembicLibrary (501)
[2023.04.23-06.46.55:730][604]LogModuleManager: Shutting down and abandoning module GeometryCache (500)
[2023.04.23-06.46.55:730][604]LogModuleManager: Shutting down and abandoning module GeometryCacheEd (499)
[2023.04.23-06.46.55:730][604]LogModuleManager: Shutting down and abandoning module MediaCompositing (494)
[2023.04.23-06.46.55:731][604]LogModuleManager: Shutting down and abandoning module ImgMedia (492)
[2023.04.23-06.46.55:731][604]LogModuleManager: Shutting down and abandoning module MagicLeapSharedWorld (490)
[2023.04.23-06.46.55:731][604]LogModuleManager: Shutting down and abandoning module MagicLeapLightEstimation (488)
[2023.04.23-06.46.55:731][604]LogModuleManager: Shutting down and abandoning module MagicLeapHelperVulkan (486)
[2023.04.23-06.46.55:731][604]LogModuleManager: Shutting down and abandoning module MagicLeapHelperOpenGL (484)
[2023.04.23-06.46.55:731][604]LogModuleManager: Shutting down and abandoning module MagicLeapAudio (482)
[2023.04.23-06.46.55:731][604]LogModuleManager: Shutting down and abandoning module NiagaraEditorWidgets (480)
[2023.04.23-06.46.55:731][604]LogModuleManager: Shutting down and abandoning module SpeedTreeImporter (478)
[2023.04.23-06.46.55:731][604]LogModuleManager: Shutting down and abandoning module MobileLauncherProfileWizard (476)
[2023.04.23-06.46.55:731][604]LogModuleManager: Shutting down and abandoning module PluginBrowser (474)
[2023.04.23-06.46.55:731][604]LogModuleManager: Shutting down and abandoning module MaterialAnalyzer (472)
[2023.04.23-06.46.55:731][604]LogModuleManager: Shutting down and abandoning module CryptoKeysOpenSSL (470)
[2023.04.23-06.46.55:731][604]LogModuleManager: Shutting down and abandoning module CryptoKeys (468)
[2023.04.23-06.46.55:731][604]LogModuleManager: Shutting down and abandoning module CurveEditorTools (466)
[2023.04.23-06.46.55:731][604]LogModuleManager: Shutting down and abandoning module VisualStudioSourceCodeAccess (464)
[2023.04.23-06.46.55:731][604]LogModuleManager: Shutting down and abandoning module VisualStudioCodeSourceCodeAccess (462)
[2023.04.23-06.46.55:731][604]LogModuleManager: Shutting down and abandoning module UObjectPlugin (460)
[2023.04.23-06.46.55:731][604]LogModuleManager: Shutting down and abandoning module SubversionSourceControl (458)
[2023.04.23-06.46.55:731][604]LogModuleManager: Shutting down and abandoning module RiderSourceCodeAccess (456)
[2023.04.23-06.46.55:731][604]LogModuleManager: Shutting down and abandoning module PluginUtils (454)
[2023.04.23-06.46.55:731][604]LogModuleManager: Shutting down and abandoning module PlasticSourceControl (452)
[2023.04.23-06.46.55:731][604]LogModuleManager: Shutting down and abandoning module PerforceSourceControl (450)
[2023.04.23-06.46.55:731][604]LogModuleManager: Shutting down and abandoning module GitSourceControl (448)
[2023.04.23-06.46.55:731][604]LogModuleManager: Shutting down and abandoning module SourceControl (447)
[2023.04.23-06.46.55:732][604]LogModuleManager: Shutting down and abandoning module VariantManagerContentEditor (444)
[2023.04.23-06.46.55:732][604]LogModuleManager: Shutting down and abandoning module CLionSourceCodeAccess (442)
[2023.04.23-06.46.55:732][604]LogModuleManager: Shutting down and abandoning module AnimationSharingEd (440)
[2023.04.23-06.46.55:732][604]LogModuleManager: Shutting down and abandoning module DatasmithContentEditor (438)
[2023.04.23-06.46.55:732][604]LogModuleManager: Shutting down and abandoning module OodleNetworkHandlerComponent (436)
[2023.04.23-06.46.55:732][604]LogModuleManager: Shutting down and abandoning module GameplayCameras (434)
[2023.04.23-06.46.55:732][604]LogModuleManager: Shutting down and abandoning module LightPropagationVolumeEditor (432)
[2023.04.23-06.46.55:732][604]LogModuleManager: Shutting down and abandoning module LiveLinkSequencer (430)
[2023.04.23-06.46.55:732][604]LogModuleManager: Shutting down and abandoning module LiveLinkMovieScene (428)
[2023.04.23-06.46.55:732][604]LogModuleManager: Shutting down and abandoning module LiveLinkGraphNode (426)
[2023.04.23-06.46.55:732][604]LogModuleManager: Shutting down and abandoning module LiveLinkEditor (424)
[2023.04.23-06.46.55:732][604]LogModuleManager: Shutting down and abandoning module LiveLinkComponents (422)
[2023.04.23-06.46.55:732][604]LogModuleManager: Shutting down and abandoning module LiveLink (420)
[2023.04.23-06.46.56:102][604]LogModuleManager: Shutting down and abandoning module PaperTiledImporter (418)
[2023.04.23-06.46.56:102][604]LogModuleManager: Shutting down and abandoning module PaperSpriteSheetImporter (416)
[2023.04.23-06.46.56:102][604]LogModuleManager: Shutting down and abandoning module Paper2DEditor (414)
[2023.04.23-06.46.56:102][604]LogModuleManager: Shutting down and abandoning module MeshPaintingToolset (412)
[2023.04.23-06.46.56:102][604]LogModuleManager: Shutting down and abandoning module MeshPaintEditorMode (410)
[2023.04.23-06.46.56:102][604]LogModuleManager: Shutting down and abandoning module SoundFields (408)
[2023.04.23-06.46.56:102][604]LogModuleManager: Shutting down and abandoning module SignificanceManager (406)
[2023.04.23-06.46.56:102][604]LogModuleManager: Shutting down and abandoning module RuntimePhysXCooking (404)
[2023.04.23-06.46.56:102][604]LogModuleManager: Shutting down and abandoning module PropertyAccessEditor (402)
[2023.04.23-06.46.56:102][604]LogModuleManager: Shutting down and abandoning module PhysXVehiclesEditor (400)
[2023.04.23-06.46.56:102][604]LogModuleManager: Shutting down and abandoning module LocationServicesBPLibrary (396)
[2023.04.23-06.46.56:102][604]LogModuleManager: Shutting down and abandoning module AudioSynesthesia (394)
[2023.04.23-06.46.56:102][604]LogModuleManager: Shutting down and abandoning module AudioSynesthesiaCore (392)
[2023.04.23-06.46.56:102][604]LogModuleManager: Shutting down and abandoning module ActorSequence (390)
[2023.04.23-06.46.56:102][604]LogModuleManager: Shutting down and abandoning module PythonScriptPlugin (388)
[2023.04.23-06.46.56:102][604]LogModuleManager: Shutting down and abandoning module UdpMessaging (386)
[2023.04.23-06.46.56:203][604]LogModuleManager: Shutting down and abandoning module TcpMessaging (384)
[2023.04.23-06.46.56:303][604]LogModuleManager: Shutting down and abandoning module ImgMediaEngine (382)
[2023.04.23-06.46.56:303][604]LogModuleManager: Shutting down and abandoning module MagicLeapARPin (380)
[2023.04.23-06.46.56:303][604]LogModuleManager: Shutting down and abandoning module MagicLeapHandMeshing (378)
[2023.04.23-06.46.56:303][604]LogModuleManager: Shutting down and abandoning module MagicLeapSecureStorage (376)
[2023.04.23-06.46.56:303][604]LogModuleManager: Shutting down and abandoning module MagicLeapPrivileges (374)
[2023.04.23-06.46.56:303][604]LogModuleManager: Shutting down and abandoning module MagicLeapPlanes (372)
[2023.04.23-06.46.56:303][604]LogMagicLeapPlanes: Planes tracker already destroyed.
[2023.04.23-06.46.56:303][604]LogModuleManager: Shutting down and abandoning module MagicLeapImageTracker (370)
[2023.04.23-06.46.56:303][604]LogModuleManager: Shutting down and abandoning module MagicLeapIdentity (368)
[2023.04.23-06.46.56:303][604]LogModuleManager: Shutting down and abandoning module MagicLeapHandTracking (366)
[2023.04.23-06.46.56:303][604]LogModuleManager: Shutting down and abandoning module MagicLeapEyeTracker (364)
[2023.04.23-06.46.56:303][604]LogModuleManager: Shutting down and abandoning module MagicLeapController (362)
[2023.04.23-06.46.56:303][604]LogModuleManager: Shutting down and abandoning module MagicLeapARPinImpl (360)
[2023.04.23-06.46.56:303][604]LogModuleManager: Shutting down and abandoning module MagicLeapAR (358)
[2023.04.23-06.46.56:303][604]LogModuleManager: Shutting down and abandoning module NiagaraAnimNotifies (356)
[2023.04.23-06.46.56:303][604]LogModuleManager: Shutting down and abandoning module Niagara (354)
[2023.04.23-06.46.56:303][604]LogModuleManager: Shutting down and abandoning module SignalProcessing (353)
[2023.04.23-06.46.56:303][604]LogModuleManager: Shutting down and abandoning module NiagaraEditor (351)
[2023.04.23-06.46.56:303][604]LogModuleManager: Shutting down and abandoning module NiagaraCore (348)
[2023.04.23-06.46.56:303][604]LogModuleManager: Shutting down and abandoning module GameplayTagsEditor (346)
[2023.04.23-06.46.56:303][604]LogModuleManager: Shutting down and abandoning module FacialAnimationEditor (344)
[2023.04.23-06.46.56:303][604]LogModuleManager: Shutting down and abandoning module FacialAnimation (342)
[2023.04.23-06.46.56:303][604]LogModuleManager: Shutting down and abandoning module DataValidation (340)
[2023.04.23-06.46.56:303][604]LogModuleManager: Shutting down and abandoning module AssetManagerEditor (338)
[2023.04.23-06.46.56:303][604]LogModuleManager: Shutting down and abandoning module LevelEditor (337)
[2023.04.23-06.46.56:305][604]LogModuleManager: Shutting down and abandoning module PixelInspectorModule (336)
[2023.04.23-06.46.56:305][604]LogModuleManager: Shutting down and abandoning module CommonMenuExtensions (334)
[2023.04.23-06.46.56:305][604]LogModuleManager: Shutting down and abandoning module MainFrame (332)
[2023.04.23-06.46.56:305][604]LogModuleManager: Shutting down and abandoning module HotReload (331)
[2023.04.23-06.46.56:305][604]LogModuleManager: Shutting down and abandoning module ToolMenus (327)
[2023.04.23-06.46.56:305][604]LogModuleManager: Shutting down and abandoning module ContentBrowser (325)
[2023.04.23-06.46.56:305][604]LogModuleManager: Shutting down and abandoning module ContentBrowserData (324)
[2023.04.23-06.46.56:305][604]LogModuleManager: Shutting down and abandoning module TreeMap (321)
[2023.04.23-06.46.56:305][604]LogModuleManager: Shutting down and abandoning module PropertyAccessNode (318)
[2023.04.23-06.46.56:305][604]LogModuleManager: Shutting down and abandoning module AnimationSharing (316)
[2023.04.23-06.46.56:305][604]LogModuleManager: Shutting down and abandoning module LightPropagationVolumeRuntime (314)
[2023.04.23-06.46.56:305][604]LogModuleManager: Shutting down and abandoning module EnvironmentQueryEditor (312)
[2023.04.23-06.46.56:305][604]LogModuleManager: Shutting down and abandoning module Paper2D (310)
[2023.04.23-06.46.56:305][604]LogModuleManager: Shutting down and abandoning module WindowsMoviePlayer (308)
[2023.04.23-06.46.56:306][604]LogModuleManager: Shutting down and abandoning module WebMMoviePlayer (306)
[2023.04.23-06.46.56:306][604]LogModuleManager: Shutting down and abandoning module NetworkReplayStreaming (304)
[2023.04.23-06.46.56:306][604]LogModuleManager: Shutting down and abandoning module PacketHandler (302)
[2023.04.23-06.46.56:306][604]LogModuleManager: Shutting down and abandoning module ClothingSystemEditor (300)
[2023.04.23-06.46.56:306][604]LogModuleManager: Shutting down and abandoning module ClothingSystemRuntimeNv (298)
[2023.04.23-06.46.56:306][604]LogModuleManager: Shutting down and abandoning module MediaAssets (296)
[2023.04.23-06.46.56:306][604]LogModuleManager: Shutting down and abandoning module Overlay (294)
[2023.04.23-06.46.56:306][604]LogModuleManager: Shutting down and abandoning module OverlayEditor (293)
[2023.04.23-06.46.56:306][604]LogModuleManager: Shutting down and abandoning module VREditor (290)
[2023.04.23-06.46.56:306][604]LogModuleManager: Shutting down and abandoning module StringTableEditor (288)
[2023.04.23-06.46.56:306][604]LogModuleManager: Shutting down and abandoning module GameplayTasksEditor (286)
[2023.04.23-06.46.56:307][604]LogModuleManager: Shutting down and abandoning module BehaviorTreeEditor (284)
[2023.04.23-06.46.56:307][604]LogModuleManager: Shutting down and abandoning module FunctionalTesting (282)
[2023.04.23-06.46.56:307][604]LogModuleManager: Shutting down and abandoning module CollisionAnalyzer (280)
[2023.04.23-06.46.56:307][604]LogModuleManager: Shutting down and abandoning module WorkspaceMenuStructure (279)
[2023.04.23-06.46.56:307][604]LogModuleManager: Shutting down and abandoning module UMG (276)
[2023.04.23-06.46.56:307][604]LogModuleManager: Shutting down and abandoning module UMGEditor (275)
[2023.04.23-06.46.56:307][604]LogModuleManager: Shutting down and abandoning module MessageLog (273)
[2023.04.23-06.46.56:307][604]LogModuleManager: Shutting down and abandoning module SlateReflector (268)
[2023.04.23-06.46.56:307][604]LogModuleManager: Shutting down and abandoning module Slate (266)
[2023.04.23-06.46.56:307][604]LogModuleManager: Shutting down and abandoning module SlateCore (264)
[2023.04.23-06.46.56:307][604]LogModuleManager: Shutting down and abandoning module LandscapeEditorUtilities (262)
[2023.04.23-06.46.56:307][604]LogModuleManager: Shutting down and abandoning module UnrealEd (260)
[2023.04.23-06.46.56:307][604]LogModuleManager: Shutting down and abandoning module MRMesh (258)
[2023.04.23-06.46.56:307][604]LogModuleManager: Shutting down and abandoning module SourceCodeAccess (256)
[2023.04.23-06.46.56:307][604]LogModuleManager: Shutting down and abandoning module HeadMountedDisplay (254)
[2023.04.23-06.46.56:307][604]LogModuleManager: Shutting down and abandoning module XAudio2 (252)
[2023.04.23-06.46.56:307][604]LogModuleManager: Shutting down and abandoning module Networking (250)
[2023.04.23-06.46.56:307][604]LogModuleManager: Shutting down and abandoning module Core (248)
[2023.04.23-06.46.56:307][604]LogModuleManager: Shutting down and abandoning module MaterialEditor (246)
[2023.04.23-06.46.56:307][604]LogModuleManager: Shutting down and abandoning module MovieSceneTools (244)
[2023.04.23-06.46.56:307][604]LogModuleManager: Shutting down and abandoning module CurveEditor (243)
[2023.04.23-06.46.56:307][604]LogModuleManager: Shutting down and abandoning module Sequencer (241)
[2023.04.23-06.46.56:307][604]LogModuleManager: Shutting down and abandoning module EditorStyle (240)
[2023.04.23-06.46.56:309][604]LogModuleManager: Shutting down and abandoning module KismetCompiler (236)
[2023.04.23-06.46.56:309][604]LogModuleManager: Shutting down and abandoning module MeshBuilder (234)
[2023.04.23-06.46.56:309][604]LogModuleManager: Shutting down and abandoning module MeshUtilities (232)
[2023.04.23-06.46.56:309][604]LogModuleManager: Shutting down and abandoning module MeshMergeUtilities (231)
[2023.04.23-06.46.56:309][604]LogModuleManager: Shutting down and abandoning module MeshReductionInterface (230)
[2023.04.23-06.46.56:309][604]LogModuleManager: Shutting down and abandoning module MeshBoneReduction (229)
[2023.04.23-06.46.56:309][604]LogModuleManager: Shutting down and abandoning module SkeletalMeshReduction (227)
[2023.04.23-06.46.56:309][604]LogModuleManager: Shutting down and abandoning module ProxyLODMeshReduction (225)
[2023.04.23-06.46.56:309][604]LogModuleManager: Shutting down and abandoning module QuadricMeshReduction (223)
[2023.04.23-06.46.56:309][604]LogModuleManager: Shutting down and abandoning module MaterialBaking (219)
[2023.04.23-06.46.56:309][604]LogModuleManager: Shutting down and abandoning module NullInstallBundleManager (214)
[2023.04.23-06.46.56:309][604]LogModuleManager: Shutting down and abandoning module DerivedDataCache (212)
[2023.04.23-06.46.56:309][604]LogModuleManager: Shutting down and abandoning module TargetPlatform (210)
[2023.04.23-06.46.56:309][604]LogModuleManager: Shutting down and abandoning module VulkanShaderFormat (209)
[2023.04.23-06.46.56:309][604]LogModuleManager: Shutting down and abandoning module ShaderFormatVectorVM (207)
[2023.04.23-06.46.56:309][604]LogModuleManager: Shutting down and abandoning module ShaderFormatOpenGL (205)
[2023.04.23-06.46.56:309][604]LogModuleManager: Shutting down and abandoning module ShaderFormatD3D (203)
[2023.04.23-06.46.56:309][604]LogModuleManager: Shutting down and abandoning module MetalShaderFormat (201)
[2023.04.23-06.46.56:309][604]LogModuleManager: Shutting down and abandoning module TextureFormatOodle (199)
[2023.04.23-06.46.56:309][604]LogModuleManager: Shutting down and abandoning module TextureFormatUncompressed (197)
[2023.04.23-06.46.56:309][604]LogModuleManager: Shutting down and abandoning module TextureFormatPVR (195)
[2023.04.23-06.46.56:309][604]LogModuleManager: Shutting down and abandoning module TextureFormatETC2 (193)
[2023.04.23-06.46.56:309][604]LogModuleManager: Shutting down and abandoning module TextureFormatDXT (191)
[2023.04.23-06.46.56:309][604]LogModuleManager: Shutting down and abandoning module TextureFormatIntelISPCTexComp (189)
[2023.04.23-06.46.56:309][604]LogModuleManager: Shutting down and abandoning module TextureFormatASTC (187)
[2023.04.23-06.46.56:309][604]LogModuleManager: Shutting down and abandoning module ImageWrapper (186)
[2023.04.23-06.46.56:309][604]LogModuleManager: Shutting down and abandoning module AudioFormatOpus (183)
[2023.04.23-06.46.56:309][604]LogModuleManager: Shutting down and abandoning module AudioFormatOgg (181)
[2023.04.23-06.46.56:309][604]LogModuleManager: Shutting down and abandoning module AudioFormatADPCM (179)
[2023.04.23-06.46.56:309][604]LogModuleManager: Shutting down and abandoning module WindowsServerTargetPlatform (177)
[2023.04.23-06.46.56:309][604]LogModuleManager: Shutting down and abandoning module WindowsClientTargetPlatform (175)
[2023.04.23-06.46.56:309][604]LogModuleManager: Shutting down and abandoning module WindowsTargetPlatform (173)
[2023.04.23-06.46.56:309][604]LogModuleManager: Shutting down and abandoning module WindowsNoEditorTargetPlatform (171)
[2023.04.23-06.46.56:309][604]LogModuleManager: Shutting down and abandoning module TVOSTargetPlatform (169)
[2023.04.23-06.46.56:310][604]LogModuleManager: Shutting down and abandoning module MacServerTargetPlatform (167)
[2023.04.23-06.46.56:310][604]LogModuleManager: Shutting down and abandoning module MacClientTargetPlatform (165)
[2023.04.23-06.46.56:310][604]LogModuleManager: Shutting down and abandoning module MacTargetPlatform (163)
[2023.04.23-06.46.56:310][604]LogModuleManager: Shutting down and abandoning module MacNoEditorTargetPlatform (161)
[2023.04.23-06.46.56:310][604]LogModuleManager: Shutting down and abandoning module LuminTargetPlatform (159)
[2023.04.23-06.46.56:310][604]LogModuleManager: Shutting down and abandoning module LinuxAArch64ServerTargetPlatform (157)
[2023.04.23-06.46.56:310][604]LogModuleManager: Shutting down and abandoning module LinuxAArch64ClientTargetPlatform (155)
[2023.04.23-06.46.56:310][604]LogModuleManager: Shutting down and abandoning module LinuxAArch64NoEditorTargetPlatform (153)
[2023.04.23-06.46.56:310][604]LogModuleManager: Shutting down and abandoning module LinuxServerTargetPlatform (151)
[2023.04.23-06.46.56:310][604]LogModuleManager: Shutting down and abandoning module LinuxClientTargetPlatform (149)
[2023.04.23-06.46.56:310][604]LogModuleManager: Shutting down and abandoning module LinuxNoEditorTargetPlatform (147)
[2023.04.23-06.46.56:310][604]LogModuleManager: Shutting down and abandoning module LinuxTargetPlatform (145)
[2023.04.23-06.46.56:310][604]LogModuleManager: Shutting down and abandoning module Messaging (143)
[2023.04.23-06.46.56:310][604]LogModuleManager: Shutting down and abandoning module IOSTargetPlatform (141)
[2023.04.23-06.46.56:311][604]LogModuleManager: Shutting down and abandoning module AndroidTargetPlatform (139)
[2023.04.23-06.46.56:314][604]LogModuleManager: Shutting down and abandoning module AllDesktopTargetPlatform (137)
[2023.04.23-06.46.56:314][604]LogModuleManager: Shutting down and abandoning module D3D11RHI (134)
[2023.04.23-06.46.56:314][604]LogModuleManager: Shutting down and abandoning module InputCore (132)
[2023.04.23-06.46.56:314][604]LogModuleManager: Shutting down and abandoning module Settings (130)
[2023.04.23-06.46.56:314][604]LogModuleManager: Shutting down and abandoning module DirectoryWatcher (128)
[2023.04.23-06.46.56:314][604]LogModuleManager: Shutting down and abandoning module PhysXCooking (126)
[2023.04.23-06.46.56:314][604]LogModuleManager: Shutting down and abandoning module Chaos (124)
[2023.04.23-06.46.56:314][604]LogModuleManager: Shutting down and abandoning module WindowsPlatformFeatures (122)
[2023.04.23-06.46.56:314][604]LogModuleManager: Shutting down and abandoning module GameplayMediaEncoder (121)
[2023.04.23-06.46.56:314][604]LogModuleManager: Shutting down and abandoning module AVEncoder (120)
[2023.04.23-06.46.56:314][604]LogModuleManager: Shutting down and abandoning module SteamVRInputDevice (116)
[2023.04.23-06.46.56:314][604]LogModuleManager: Shutting down and abandoning module SteamVRInput (114)
[2023.04.23-06.46.56:314][604]LogModuleManager: Shutting down and abandoning module SteamVR (112)
[2023.04.23-06.46.56:314][604]LogHMD: Freeing OpenVRDLLHandle.
[2023.04.23-06.46.56:314][604]LogModuleManager: Shutting down and abandoning module OculusHMD (110)
[2023.04.23-06.46.56:314][604]LogModuleManager: Shutting down and abandoning module OpenXRHandTracking (108)
[2023.04.23-06.46.56:314][604]LogSlate: Slate User Destroyed.  User Index 0, Is Virtual User: 0
[2023.04.23-06.46.56:315][604]LogModuleManager: Shutting down and abandoning module OpenXREyeTracker (106)
[2023.04.23-06.46.56:315][604]LogModuleManager: Shutting down and abandoning module OpenXRAR (104)
[2023.04.23-06.46.56:315][604]LogModuleManager: Shutting down and abandoning module AugmentedReality (103)
[2023.04.23-06.46.56:315][604]LogModuleManager: Shutting down and abandoning module OpenXRHMD (100)
[2023.04.23-06.46.56:315][604]LogModuleManager: Shutting down and abandoning module ExampleDeviceProfileSelector (98)
[2023.04.23-06.46.56:315][604]LogModuleManager: Shutting down and abandoning module ChunkDownloader (96)
[2023.04.23-06.46.56:315][604]LogModuleManager: Shutting down and abandoning module LauncherChunkInstaller (94)
[2023.04.23-06.46.56:315][604]LogModuleManager: Shutting down and abandoning module OnlineBlueprintSupport (92)
[2023.04.23-06.46.56:315][604]LogModuleManager: Shutting down and abandoning module OnlineSubsystem (88)
[2023.04.23-06.46.56:317][604]LogModuleManager: Shutting down and abandoning module XMPP (83)
[2023.04.23-06.46.56:317][604]LogModuleManager: Shutting down and abandoning module WebSockets (82)
[2023.04.23-06.46.56:339][604]LogModuleManager: Shutting down and abandoning module HTTP (79)
[2023.04.23-06.46.56:339][604]LogHttp: Display: Http module shutting down, but needs to wait on 1 outstanding Http requests:
[2023.04.23-06.46.56:339][604]LogHttp: Display: 	verb=[POST] url=[https://datarouter.ol.epicgames.com/datarouter/api/v1/public/data?SessionID=%7B2E5108C0-48BB-286B-41E0-81ACCB244032%7D&AppID=UEEditor.Rocket.Release&AppVersion=4.27.0-17155196%2B%2B%2BUE4%2BRelease-4.27&UserID=6c323a574de77068069fd1a69ce5459b%7Ce0d89e8bb4f042d48aa65e438af618d2%7C27c992d2-39c7-4861-bb46-ff907c92b92a&AppEnvironment=datacollector-binary&UploadType=eteventstream] refs=[1] status=Processing
[2023.04.23-06.46.56:339][604]LogHttp: Display: cleaning up 1 outstanding Http requests.
[2023.04.23-06.46.56:350][604]LogModuleManager: Shutting down and abandoning module SSL (78)
[2023.04.23-06.46.56:350][604]LogModuleManager: Shutting down and abandoning module ChaosCloth (74)
[2023.04.23-06.46.56:350][604]LogModuleManager: Shutting down and abandoning module WmfMedia (72)
[2023.04.23-06.46.56:352][604]LogModuleManager: Shutting down and abandoning module Media (71)
[2023.04.23-06.46.56:353][604]LogModuleManager: Shutting down and abandoning module MediaInfo (70)
[2023.04.23-06.46.56:353][604]LogModuleManager: Shutting down and abandoning module ExrReaderGpu (66)
[2023.04.23-06.46.56:353][604]LogModuleManager: Shutting down and abandoning module MLSDK (64)
[2023.04.23-06.46.56:353][604]LogModuleManager: Shutting down and abandoning module MagicLeap (62)
[2023.04.23-06.46.56:353][604]LogModuleManager: Shutting down and abandoning module NiagaraVertexFactories (60)
[2023.04.23-06.46.56:353][604]LogModuleManager: Shutting down and abandoning module NiagaraShader (58)
[2023.04.23-06.46.56:353][604]LogModuleManager: Shutting down and abandoning module PixWinPlugin (56)
[2023.04.23-06.46.56:353][604]LogModuleManager: Shutting down and abandoning module VariantManagerContent (54)
[2023.04.23-06.46.56:353][604]LogModuleManager: Shutting down and abandoning module DatasmithContent (52)
[2023.04.23-06.46.56:353][604]LogModuleManager: Shutting down and abandoning module AISupportModule (50)
[2023.04.23-06.46.56:353][604]LogModuleManager: Shutting down and abandoning module DesktopPlatform (48)
[2023.04.23-06.46.56:353][604]LogModuleManager: Shutting down and abandoning module PythonScriptPluginPreload (46)
[2023.04.23-06.46.56:353][604]LogModuleManager: Shutting down and abandoning module PlatformCryptoOpenSSL (44)
[2023.04.23-06.46.56:353][604]LogModuleManager: Shutting down and abandoning module PlatformCryptoTypes (42)
[2023.04.23-06.46.56:353][604]LogModuleManager: Shutting down and abandoning module PlatformCrypto (40)
[2023.04.23-06.46.56:353][604]LogModuleManager: Shutting down and abandoning module OodleDataCompressionFormat (38)
[2023.04.23-06.46.56:353][604]LogModuleManager: Shutting down and abandoning module XGEController (36)
[2023.04.23-06.46.56:353][604]LogXGEController: Cleaning working directory: C:/Users/Asus/AppData/Local/Temp/UnrealXGEWorkingDir/
[2023.04.23-06.46.56:353][604]LogModuleManager: Shutting down and abandoning module AnimationModifiers (34)
[2023.04.23-06.46.56:353][604]LogModuleManager: Shutting down and abandoning module AudioEditor (32)
[2023.04.23-06.46.56:355][604]LogModuleManager: Shutting down and abandoning module PropertyEditor (31)
[2023.04.23-06.46.56:355][604]LogModuleManager: Shutting down and abandoning module TextureCompressor (28)
[2023.04.23-06.46.56:355][604]LogModuleManager: Shutting down and abandoning module RenderCore (26)
[2023.04.23-06.46.56:355][604]LogModuleManager: Shutting down and abandoning module Landscape (24)
[2023.04.23-06.46.56:355][604]LogModuleManager: Shutting down and abandoning module SlateRHIRenderer (22)
[2023.04.23-06.46.56:355][604]LogModuleManager: Shutting down and abandoning module AnimGraphRuntime (20)
[2023.04.23-06.46.56:355][604]LogModuleManager: Shutting down and abandoning module Renderer (18)
[2023.04.23-06.46.56:355][604]LogModuleManager: Shutting down and abandoning module Engine (16)
[2023.04.23-06.46.56:355][604]LogModuleManager: Shutting down and abandoning module CoreUObject (14)
[2023.04.23-06.46.56:355][604]LogModuleManager: Shutting down and abandoning module NetworkFile (12)
[2023.04.23-06.46.56:355][604]LogModuleManager: Shutting down and abandoning module CookedIterativeFile (10)
[2023.04.23-06.46.56:355][604]LogModuleManager: Shutting down and abandoning module StreamingFile (8)
[2023.04.23-06.46.56:355][604]LogModuleManager: Shutting down and abandoning module SandboxFile (6)
[2023.04.23-06.46.56:355][604]LogModuleManager: Shutting down and abandoning module PakFile (4)
[2023.04.23-06.46.56:355][604]LogModuleManager: Shutting down and abandoning module RSA (3)
[2023.04.23-06.46.56:355][604]LogContentStreaming: Display: There are 1 unreleased StreamingManagers
[2023.04.23-06.46.56:358][604]LogD3D11RHI: Shutdown
[2023.04.23-06.46.56:358][604]LogD3D11RHI: CleanupD3DDevice
[2023.04.23-06.46.56:372][604]LogExit: Exiting.
[2023.04.23-06.46.56:377][604]Log file closed, 04/23/23 10:16:56
