Log file open, 05/06/23 23:46:57
LogWindows: Failed to load 'aqProf.dll' (GetLastError=126)
LogWindows: File 'aqProf.dll' does not exist
LogWindows: Failed to load 'VtuneApi.dll' (GetLastError=126)
LogWindows: File 'VtuneApi.dll' does not exist
LogWindows: Failed to load 'VtuneApi32e.dll' (GetLastError=126)
LogWindows: File 'VtuneApi32e.dll' does not exist
LogConsoleResponse: Display: Failed to find resolution value strings in scalability ini. Falling back to default.
LogConsoleResponse: Display: Failed to find resolution value strings in scalability ini. Falling back to default.
LogInit: Display: Running engine for game: SpeedLimit_UniAzad
LogPlatformFile: Not using cached read wrapper
LogTaskGraph: Started task graph with 5 named threads and 23 total threads with 3 sets of task threads.
LogStats: Stats thread started at 0.173310
LogICUInternationalization: ICU TimeZone Detection - Raw Offset: +3:30, Platform Override: ''
LogInit: Display: Loading text-based GConfig....
LogPluginManager: Mounting plugin MeshPainting
LogPluginManager: Mounting plugin XGEController
LogPluginManager: Mounting plugin Paper2D
LogPluginManager: Mounting plugin AISupport
LogPluginManager: Mounting plugin EnvironmentQueryEditor
LogPluginManager: Mounting plugin LightPropagationVolume
LogPluginManager: Mounting plugin LiveLink
LogPluginManager: Mounting plugin GameplayCameras
LogPluginManager: Mounting plugin CameraShakePreviewer
LogPluginManager: Mounting plugin AssetManagerEditor
LogPluginManager: Mounting plugin CryptoKeys
LogPluginManager: Mounting plugin CurveEditorTools
LogPluginManager: Mounting plugin FacialAnimation
LogPluginManager: Mounting plugin GeometryMode
LogPluginManager: Mounting plugin DataValidation
LogPluginManager: Mounting plugin GameplayTagsEditor
LogPluginManager: Mounting plugin MacGraphicsSwitching
LogPluginManager: Mounting plugin SpeedTreeImporter
LogPluginManager: Mounting plugin PluginBrowser
LogPluginManager: Mounting plugin MaterialAnalyzer
LogPluginManager: Mounting plugin MobileLauncherProfileWizard
LogPluginManager: Mounting plugin AnimationSharing
LogPluginManager: Mounting plugin CLionSourceCodeAccess
LogPluginManager: Mounting plugin CodeLiteSourceCodeAccess
LogPluginManager: Mounting plugin GitSourceControl
LogPluginManager: Mounting plugin KDevelopSourceCodeAccess
LogPluginManager: Mounting plugin NullSourceCodeAccess
LogPluginManager: Mounting plugin PlasticSourceControl
LogPluginManager: Mounting plugin PluginUtils
LogPluginManager: Mounting plugin PropertyAccessNode
LogPluginManager: Mounting plugin RiderSourceCodeAccess
LogPluginManager: Mounting plugin SubversionSourceControl
LogPluginManager: Mounting plugin PixWinPlugin
LogPluginManager: Mounting plugin TextureFormatOodle
LogPluginManager: Mounting plugin PerforceSourceControl
LogPluginManager: Mounting plugin UObjectPlugin
LogPluginManager: Mounting plugin VisualStudioSourceCodeAccess
LogPluginManager: Mounting plugin VisualStudioCodeSourceCodeAccess
LogPluginManager: Mounting plugin XCodeSourceCodeAccess
LogPluginManager: Mounting plugin OodleData
LogPluginManager: Mounting plugin AlembicImporter
LogPluginManager: Mounting plugin BackChannel
LogPluginManager: Mounting plugin AutomationUtils
LogPluginManager: Mounting plugin OodleNetwork
LogPluginManager: Mounting plugin ChaosClothEditor
LogPluginManager: Mounting plugin ChaosCloth
LogPluginManager: Mounting plugin ChaosEditor
LogPluginManager: Mounting plugin ChaosSolverPlugin
LogPluginManager: Mounting plugin ChaosNiagara
LogPluginManager: Mounting plugin CharacterAI
LogPluginManager: Mounting plugin GeometryCache
LogPluginManager: Mounting plugin GeometryProcessing
LogPluginManager: Mounting plugin GeometryCollectionPlugin
LogPluginManager: Mounting plugin OpenImageDenoise
LogPluginManager: Mounting plugin PlatformCrypto
LogPluginManager: Mounting plugin PlanarCut
LogPluginManager: Mounting plugin ProxyLODPlugin
LogPluginManager: Mounting plugin PythonScriptPlugin
LogPluginManager: Mounting plugin MotoSynth
LogPluginManager: Mounting plugin SkeletalReduction
LogPluginManager: Mounting plugin Niagara
LogPluginManager: Mounting plugin LuminPlatformFeatures
LogPluginManager: Mounting plugin MagicLeap
LogPluginManager: Mounting plugin MagicLeapLightEstimation
LogPluginManager: Mounting plugin MagicLeapMedia
LogPluginManager: Mounting plugin MLSDK
LogPluginManager: Mounting plugin MagicLeapPassableWorld
LogPluginManager: Mounting plugin TcpMessaging
LogPluginManager: Mounting plugin UdpMessaging
LogPluginManager: Mounting plugin ActorSequence
LogPluginManager: Mounting plugin LevelSequenceEditor
LogPluginManager: Mounting plugin MatineeToLevelSequence
LogPluginManager: Mounting plugin TemplateSequence
LogPluginManager: Mounting plugin AndroidMedia
LogPluginManager: Mounting plugin OnlineSubsystem
LogPluginManager: Mounting plugin AvfMedia
LogPluginManager: Mounting plugin OnlineSubsystemNull
LogPluginManager: Mounting plugin LauncherChunkInstaller
LogPluginManager: Mounting plugin ImgMedia
LogPluginManager: Mounting plugin OnlineSubsystemUtils
LogPluginManager: Mounting plugin MediaCompositing
LogPluginManager: Mounting plugin MediaPlayerEditor
LogPluginManager: Mounting plugin WebMMedia
LogPluginManager: Mounting plugin ActorLayerUtilities
LogPluginManager: Mounting plugin WmfMedia
LogPluginManager: Mounting plugin AndroidPermission
LogPluginManager: Mounting plugin AndroidMoviePlayer
LogPluginManager: Mounting plugin AndroidDeviceProfileSelector
LogPluginManager: Mounting plugin AppleImageUtils
LogPluginManager: Mounting plugin AppleMoviePlayer
LogPluginManager: Mounting plugin ArchVisCharacter
LogPluginManager: Mounting plugin AudioCapture
LogPluginManager: Mounting plugin AssetTags
LogPluginManager: Mounting plugin AudioSynesthesia
LogPluginManager: Mounting plugin CableComponent
LogPluginManager: Mounting plugin ChunkDownloader
LogPluginManager: Mounting plugin CustomMeshComponent
LogPluginManager: Mounting plugin EditableMesh
LogPluginManager: Mounting plugin ExampleDeviceProfileSelector
LogPluginManager: Mounting plugin GoogleCloudMessaging
LogPluginManager: Mounting plugin GooglePAD
LogPluginManager: Mounting plugin IOSDeviceProfileSelector
LogPluginManager: Mounting plugin LinuxDeviceProfileSelector
LogPluginManager: Mounting plugin LocationServicesBPLibrary
LogPluginManager: Mounting plugin MobilePatchingUtils
LogPluginManager: Mounting plugin OpenXR
LogPluginManager: Mounting plugin OpenXRHandTracking
LogPluginManager: Mounting plugin OpenXREyeTracker
LogPluginManager: Mounting plugin PhysXVehicles
LogPluginManager: Mounting plugin PostSplashScreen
LogPluginManager: Mounting plugin ProceduralMeshComponent
LogPluginManager: Mounting plugin PropertyAccessEditor
LogPluginManager: Mounting plugin RuntimePhysXCooking
LogPluginManager: Mounting plugin SignificanceManager
LogPluginManager: Mounting plugin SoundFields
LogPluginManager: Mounting plugin Synthesis
LogPluginManager: Mounting plugin WebMMoviePlayer
LogPluginManager: Mounting plugin ScreenshotTools
LogPluginManager: Mounting plugin WindowsMoviePlayer
LogPluginManager: Mounting plugin Takes
LogPluginManager: Mounting plugin DatasmithContent
LogPluginManager: Mounting plugin VariantManagerContent
LogPluginManager: Mounting plugin ContentBrowserAssetDataSource
LogPluginManager: Mounting plugin ContentBrowserClassDataSource
LogPluginManager: Mounting plugin ContentBrowserFileDataSource
LogPluginManager: Mounting plugin OnlineSubsystemGooglePlay
LogPluginManager: Mounting plugin OnlineSubsystemIOS
LogPluginManager: Mounting plugin OculusVR
LogPluginManager: Mounting plugin SteamVR
PixWinPlugin: PIX capture plugin failed to initialize! Check that the process is launched from PIX.
LogInit: Using libcurl 7.55.1-DEV
LogInit:  - built for x86_64-pc-win32
LogInit:  - supports SSL with OpenSSL/1.1.1
LogInit:  - supports HTTP deflate (compression) using libz 1.2.8
LogInit:  - other features:
LogInit:      CURL_VERSION_SSL
LogInit:      CURL_VERSION_LIBZ
LogInit:      CURL_VERSION_IPV6
LogInit:      CURL_VERSION_ASYNCHDNS
LogInit:      CURL_VERSION_LARGEFILE
LogInit:      CURL_VERSION_IDN
LogInit:  CurlRequestOptions (configurable via config and command line):
LogInit:  - bVerifyPeer = true  - Libcurl will verify peer certificate
LogInit:  - bUseHttpProxy = false  - Libcurl will NOT use HTTP proxy
LogInit:  - bDontReuseConnections = false  - Libcurl will reuse connections
LogInit:  - MaxHostConnections = 16  - Libcurl will limit the number of connections to a host
LogInit:  - LocalHostAddr = Default
LogInit:  - BufferSize = 65536
LogOnline: OSS: Creating online subsystem instance for: NULL
LogInit: WinSock: version 1.1 (2.2), MaxSocks=32767, MaxUdp=65467
LogOnline: OSS: TryLoadSubsystemAndSetDefault: Loaded subsystem for module [NULL]
LogOculusPluginWrapper: OculusPlugin initialized successfully
LogHMD: Failed initializing OVRPlugin 1.59.0
LogInit: Build: ++UE4+Release-4.27-CL-17155196
LogInit: Engine Version: 4.27.0-17155196+++UE4+Release-4.27
LogInit: Compatible Engine Version: 4.27.0-17155196+++UE4+Release-4.27
LogInit: Net CL: 17155196
LogInit: OS: Windows 10 (Release 2009) (), CPU: 11th Gen Intel(R) Core(TM) i7-1195G7 @ 2.90GHz, GPU: Intel(R) Iris(R) Xe Graphics
LogInit: Compiled (64-bit): Aug 13 2021 06:13:13
LogInit: Compiled with Visual C++: 19.24.28315.00
LogInit: Build Configuration: Development
LogInit: Branch Name: ++UE4+Release-4.27
LogInit: Command Line: 
LogInit: Base Directory: E:/Downloads/unreal_engine_v4.27_compiled/Unreal Engine v4.27 Compiled/Engine/Binaries/Win64/
LogInit: Allocator: TBB
LogInit: Installed Engine Build: 1
LogDevObjectVersion: Number of dev versions registered: 29
LogDevObjectVersion:   Dev-Blueprints (B0D832E4-1F89-4F0D-ACCF-7EB736FD4AA2): 10
LogDevObjectVersion:   Dev-Build (E1C64328-A22C-4D53-A36C-8E866417BD8C): 0
LogDevObjectVersion:   Dev-Core (375EC13C-06E4-48FB-B500-84F0262A717E): 4
LogDevObjectVersion:   Dev-Editor (E4B068ED-F494-42E9-A231-DA0B2E46BB41): 40
LogDevObjectVersion:   Dev-Framework (CFFC743F-43B0-4480-9391-14DF171D2073): 37
LogDevObjectVersion:   Dev-Mobile (B02B49B5-BB20-44E9-A304-32B752E40360): 3
LogDevObjectVersion:   Dev-Networking (A4E4105C-59A1-49B5-A7C5-40C4547EDFEE): 0
LogDevObjectVersion:   Dev-Online (39C831C9-5AE6-47DC-9A44-9C173E1C8E7C): 0
LogDevObjectVersion:   Dev-Physics (78F01B33-EBEA-4F98-B9B4-84EACCB95AA2): 14
LogDevObjectVersion:   Dev-Platform (6631380F-2D4D-43E0-8009-CF276956A95A): 0
LogDevObjectVersion:   Dev-Rendering (12F88B9F-8875-4AFC-A67C-D90C383ABD29): 45
LogDevObjectVersion:   Dev-Sequencer (7B5AE74C-D270-4C10-A958-57980B212A5A): 13
LogDevObjectVersion:   Dev-VR (D7296918-1DD6-4BDD-9DE2-64A83CC13884): 3
LogDevObjectVersion:   Dev-LoadTimes (C2A15278-BFE7-4AFE-6C17-90FF531DF755): 1
LogDevObjectVersion:   Private-Geometry (6EACA3D4-40EC-4CC1-B786-8BED09428FC5): 3
LogDevObjectVersion:   Dev-AnimPhys (29E575DD-E0A3-4627-9D10-D276232CDCEA): 17
LogDevObjectVersion:   Dev-Anim (AF43A65D-7FD3-4947-9873-3E8ED9C1BB05): 15
LogDevObjectVersion:   Dev-ReflectionCapture (6B266CEC-1EC7-4B8F-A30B-E4D90942FC07): 1
LogDevObjectVersion:   Dev-Automation (0DF73D61-A23F-47EA-B727-89E90C41499A): 1
LogDevObjectVersion:   FortniteMain (601D1886-AC64-4F84-AA16-D3DE0DEAC7D6): 47
LogDevObjectVersion:   FortniteRelease (E7086368-6B23-4C58-8439-1B7016265E91): 1
LogDevObjectVersion:   Dev-Enterprise (9DFFBCD6-494F-0158-E221-12823C92A888): 10
LogDevObjectVersion:   Dev-Niagara (F2AED0AC-9AFE-416F-8664-AA7FFA26D6FC): 1
LogDevObjectVersion:   Dev-Destruction (174F1F0B-B4C6-45A5-B13F-2EE8D0FB917D): 10
LogDevObjectVersion:   Dev-Physics-Ext (35F94A83-E258-406C-A318-09F59610247C): 41
LogDevObjectVersion:   Dev-PhysicsMaterial-Chaos (B68FC16E-8B1B-42E2-B453-215C058844FE): 1
LogDevObjectVersion:   Dev-CineCamera (B2E18506-4273-CFC2-A54E-F4BB758BBA07): 1
LogDevObjectVersion:   Dev-VirtualProduction (64F58936-FD1B-42BA-BA96-7289D5D0FA4E): 1
LogDevObjectVersion:   Dev-MediaFramework (6F0ED827-A609-4895-9C91-998D90180EA4): 2
LogInit: Presizing for max 25165824 objects, including 0 objects not considered by GC, pre-allocating 0 bytes for permanent pool.
LogConfig: Applying CVar settings from Section [/Script/Engine.StreamingSettings] File [E:/Asus/Documents/GitHub/TheTroubleMakers/Unreal Engine Project/SpeedLimit_UniAzad/Saved/Config/Windows/Engine.ini]
LogConfig: Setting CVar [[s.MinBulkDataSizeForAsyncLoading:131072]]
LogConfig: Setting CVar [[s.AsyncLoadingThreadEnabled:0]]
LogConfig: Setting CVar [[s.EventDrivenLoaderEnabled:1]]
LogConfig: Setting CVar [[s.WarnIfTimeLimitExceeded:0]]
LogConfig: Setting CVar [[s.TimeLimitExceededMultiplier:1.5]]
LogConfig: Setting CVar [[s.TimeLimitExceededMinTime:0.005]]
LogConfig: Setting CVar [[s.UseBackgroundLevelStreaming:1]]
LogConfig: Setting CVar [[s.PriorityAsyncLoadingExtraTime:15.0]]
LogConfig: Setting CVar [[s.LevelStreamingActorsUpdateTimeLimit:5.0]]
LogConfig: Setting CVar [[s.PriorityLevelStreamingActorsUpdateExtraTime:5.0]]
LogConfig: Setting CVar [[s.LevelStreamingComponentsRegistrationGranularity:10]]
LogConfig: Setting CVar [[s.UnregisterComponentsTimeLimit:1.0]]
LogConfig: Setting CVar [[s.LevelStreamingComponentsUnregistrationGranularity:5]]
LogConfig: Setting CVar [[s.FlushStreamingOnExit:1]]
LogInit: Object subsystem initialized
LogConfig: Setting CVar [[con.DebugEarlyDefault:1]]
LogConfig: Setting CVar [[r.setres:1280x720]]
[2023.05.06-20.16.57:399][  0]LogConfig: Setting CVar [[r.VSync:0]]
[2023.05.06-20.16.57:399][  0]LogConfig: Setting CVar [[r.RHICmdBypass:0]]
[2023.05.06-20.16.57:399][  0]LogConfig: Applying CVar settings from Section [/Script/Engine.RendererSettings] File [E:/Asus/Documents/GitHub/TheTroubleMakers/Unreal Engine Project/SpeedLimit_UniAzad/Saved/Config/Windows/Engine.ini]
[2023.05.06-20.16.57:399][  0]LogConfig: Setting CVar [[r.GPUCrashDebugging:0]]
[2023.05.06-20.16.57:399][  0]LogConfig: Applying CVar settings from Section [/Script/Engine.RendererOverrideSettings] File [E:/Asus/Documents/GitHub/TheTroubleMakers/Unreal Engine Project/SpeedLimit_UniAzad/Saved/Config/Windows/Engine.ini]
[2023.05.06-20.16.57:399][  0]LogConfig: Applying CVar settings from Section [/Script/Engine.StreamingSettings] File [E:/Asus/Documents/GitHub/TheTroubleMakers/Unreal Engine Project/SpeedLimit_UniAzad/Saved/Config/Windows/Engine.ini]
[2023.05.06-20.16.57:399][  0]LogConfig: Setting CVar [[s.MinBulkDataSizeForAsyncLoading:131072]]
[2023.05.06-20.16.57:399][  0]LogConfig: Setting CVar [[s.AsyncLoadingThreadEnabled:0]]
[2023.05.06-20.16.57:399][  0]LogConfig: Setting CVar [[s.EventDrivenLoaderEnabled:1]]
[2023.05.06-20.16.57:399][  0]LogConfig: Setting CVar [[s.WarnIfTimeLimitExceeded:0]]
[2023.05.06-20.16.57:399][  0]LogConfig: Setting CVar [[s.TimeLimitExceededMultiplier:1.5]]
[2023.05.06-20.16.57:399][  0]LogConfig: Setting CVar [[s.TimeLimitExceededMinTime:0.005]]
[2023.05.06-20.16.57:399][  0]LogConfig: Setting CVar [[s.UseBackgroundLevelStreaming:1]]
[2023.05.06-20.16.57:399][  0]LogConfig: Setting CVar [[s.PriorityAsyncLoadingExtraTime:15.0]]
[2023.05.06-20.16.57:399][  0]LogConfig: Setting CVar [[s.LevelStreamingActorsUpdateTimeLimit:5.0]]
[2023.05.06-20.16.57:399][  0]LogConfig: Setting CVar [[s.PriorityLevelStreamingActorsUpdateExtraTime:5.0]]
[2023.05.06-20.16.57:399][  0]LogConfig: Setting CVar [[s.LevelStreamingComponentsRegistrationGranularity:10]]
[2023.05.06-20.16.57:399][  0]LogConfig: Setting CVar [[s.UnregisterComponentsTimeLimit:1.0]]
[2023.05.06-20.16.57:399][  0]LogConfig: Setting CVar [[s.LevelStreamingComponentsUnregistrationGranularity:5]]
[2023.05.06-20.16.57:399][  0]LogConfig: Setting CVar [[s.FlushStreamingOnExit:1]]
[2023.05.06-20.16.57:399][  0]LogConfig: Applying CVar settings from Section [/Script/Engine.GarbageCollectionSettings] File [E:/Asus/Documents/GitHub/TheTroubleMakers/Unreal Engine Project/SpeedLimit_UniAzad/Saved/Config/Windows/Engine.ini]
[2023.05.06-20.16.57:399][  0]LogConfig: Setting CVar [[gc.MaxObjectsNotConsideredByGC:1]]
[2023.05.06-20.16.57:399][  0]LogConfig: Setting CVar [[gc.SizeOfPermanentObjectPool:0]]
[2023.05.06-20.16.57:399][  0]LogConfig: Setting CVar [[gc.FlushStreamingOnGC:0]]
[2023.05.06-20.16.57:399][  0]LogConfig: Setting CVar [[gc.NumRetriesBeforeForcingGC:10]]
[2023.05.06-20.16.57:399][  0]LogConfig: Setting CVar [[gc.AllowParallelGC:1]]
[2023.05.06-20.16.57:399][  0]LogConfig: Setting CVar [[gc.TimeBetweenPurgingPendingKillObjects:61.1]]
[2023.05.06-20.16.57:399][  0]LogConfig: Setting CVar [[gc.MaxObjectsInEditor:25165824]]
[2023.05.06-20.16.57:399][  0]LogConfig: Setting CVar [[gc.IncrementalBeginDestroyEnabled:1]]
[2023.05.06-20.16.57:399][  0]LogConfig: Setting CVar [[gc.CreateGCClusters:1]]
[2023.05.06-20.16.57:399][  0]LogConfig: Setting CVar [[gc.MinGCClusterSize:5]]
[2023.05.06-20.16.57:399][  0]LogConfig: Setting CVar [[gc.ActorClusteringEnabled:0]]
[2023.05.06-20.16.57:399][  0]LogConfig: Setting CVar [[gc.BlueprintClusteringEnabled:0]]
[2023.05.06-20.16.57:399][  0]LogConfig: Setting CVar [[gc.UseDisregardForGCOnDedicatedServers:0]]
[2023.05.06-20.16.57:399][  0]LogConfig: Setting CVar [[gc.MultithreadedDestructionEnabled:1]]
[2023.05.06-20.16.57:399][  0]LogConfig: Applying CVar settings from Section [/Script/Engine.NetworkSettings] File [E:/Asus/Documents/GitHub/TheTroubleMakers/Unreal Engine Project/SpeedLimit_UniAzad/Saved/Config/Windows/Engine.ini]
[2023.05.06-20.16.57:399][  0]LogConfig: Applying CVar settings from Section [/Script/UnrealEd.CookerSettings] File [E:/Asus/Documents/GitHub/TheTroubleMakers/Unreal Engine Project/SpeedLimit_UniAzad/Saved/Config/Windows/Engine.ini]
[2023.05.06-20.16.57:425][  0]LogConfig: Applying CVar settings from Section [ViewDistanceQuality@3] File [E:/Asus/Documents/GitHub/TheTroubleMakers/Unreal Engine Project/SpeedLimit_UniAzad/Saved/Config/Windows/Scalability.ini]
[2023.05.06-20.16.57:425][  0]LogConfig: Setting CVar [[r.SkeletalMeshLODBias:0]]
[2023.05.06-20.16.57:425][  0]LogConfig: Setting CVar [[r.ViewDistanceScale:1.0]]
[2023.05.06-20.16.57:425][  0]LogConfig: Applying CVar settings from Section [AntiAliasingQuality@3] File [E:/Asus/Documents/GitHub/TheTroubleMakers/Unreal Engine Project/SpeedLimit_UniAzad/Saved/Config/Windows/Scalability.ini]
[2023.05.06-20.16.57:425][  0]LogConfig: Setting CVar [[r.PostProcessAAQuality:4]]
[2023.05.06-20.16.57:425][  0]LogConfig: Applying CVar settings from Section [ShadowQuality@3] File [E:/Asus/Documents/GitHub/TheTroubleMakers/Unreal Engine Project/SpeedLimit_UniAzad/Saved/Config/Windows/Scalability.ini]
[2023.05.06-20.16.57:425][  0]LogConfig: Setting CVar [[r.LightFunctionQuality:1]]
[2023.05.06-20.16.57:425][  0]LogConfig: Setting CVar [[r.ShadowQuality:5]]
[2023.05.06-20.16.57:425][  0]LogConfig: Setting CVar [[r.Shadow.CSM.MaxCascades:10]]
[2023.05.06-20.16.57:425][  0]LogConfig: Setting CVar [[r.Shadow.MaxResolution:2048]]
[2023.05.06-20.16.57:426][  0]LogConfig: Setting CVar [[r.Shadow.MaxCSMResolution:2048]]
[2023.05.06-20.16.57:426][  0]LogConfig: Setting CVar [[r.Shadow.RadiusThreshold:0.01]]
[2023.05.06-20.16.57:426][  0]LogConfig: Setting CVar [[r.Shadow.DistanceScale:1.0]]
[2023.05.06-20.16.57:426][  0]LogConfig: Setting CVar [[r.Shadow.CSM.TransitionScale:1.0]]
[2023.05.06-20.16.57:426][  0]LogConfig: Setting CVar [[r.Shadow.PreShadowResolutionFactor:1.0]]
[2023.05.06-20.16.57:426][  0]LogConfig: Setting CVar [[r.DistanceFieldShadowing:1]]
[2023.05.06-20.16.57:426][  0]LogConfig: Setting CVar [[r.DistanceFieldAO:1]]
[2023.05.06-20.16.57:426][  0]LogConfig: Setting CVar [[r.AOQuality:2]]
[2023.05.06-20.16.57:426][  0]LogConfig: Setting CVar [[r.VolumetricFog:1]]
[2023.05.06-20.16.57:426][  0]LogConfig: Setting CVar [[r.VolumetricFog.GridPixelSize:8]]
[2023.05.06-20.16.57:426][  0]LogConfig: Setting CVar [[r.VolumetricFog.GridSizeZ:128]]
[2023.05.06-20.16.57:426][  0]LogConfig: Setting CVar [[r.VolumetricFog.HistoryMissSupersampleCount:4]]
[2023.05.06-20.16.57:426][  0]LogConfig: Setting CVar [[r.LightMaxDrawDistanceScale:1]]
[2023.05.06-20.16.57:426][  0]LogConfig: Setting CVar [[r.CapsuleShadows:1]]
[2023.05.06-20.16.57:426][  0]LogConfig: Applying CVar settings from Section [PostProcessQuality@3] File [E:/Asus/Documents/GitHub/TheTroubleMakers/Unreal Engine Project/SpeedLimit_UniAzad/Saved/Config/Windows/Scalability.ini]
[2023.05.06-20.16.57:426][  0]LogConfig: Setting CVar [[r.MotionBlurQuality:4]]
[2023.05.06-20.16.57:426][  0]LogConfig: Setting CVar [[r.AmbientOcclusionMipLevelFactor:0.4]]
[2023.05.06-20.16.57:426][  0]LogConfig: Setting CVar [[r.AmbientOcclusionMaxQuality:100]]
[2023.05.06-20.16.57:426][  0]LogConfig: Setting CVar [[r.AmbientOcclusionLevels:-1]]
[2023.05.06-20.16.57:426][  0]LogConfig: Setting CVar [[r.AmbientOcclusionRadiusScale:1.0]]
[2023.05.06-20.16.57:426][  0]LogConfig: Setting CVar [[r.DepthOfFieldQuality:2]]
[2023.05.06-20.16.57:426][  0]LogConfig: Setting CVar [[r.RenderTargetPoolMin:400]]
[2023.05.06-20.16.57:426][  0]LogConfig: Setting CVar [[r.LensFlareQuality:2]]
[2023.05.06-20.16.57:426][  0]LogConfig: Setting CVar [[r.SceneColorFringeQuality:1]]
[2023.05.06-20.16.57:426][  0]LogConfig: Setting CVar [[r.EyeAdaptationQuality:2]]
[2023.05.06-20.16.57:426][  0]LogConfig: Setting CVar [[r.BloomQuality:5]]
[2023.05.06-20.16.57:426][  0]LogConfig: Setting CVar [[r.FastBlurThreshold:100]]
[2023.05.06-20.16.57:426][  0]LogConfig: Setting CVar [[r.Upscale.Quality:3]]
[2023.05.06-20.16.57:426][  0]LogConfig: Setting CVar [[r.Tonemapper.GrainQuantization:1]]
[2023.05.06-20.16.57:426][  0]LogConfig: Setting CVar [[r.LightShaftQuality:1]]
[2023.05.06-20.16.57:426][  0]LogConfig: Setting CVar [[r.Filter.SizeScale:1]]
[2023.05.06-20.16.57:426][  0]LogConfig: Setting CVar [[r.Tonemapper.Quality:5]]
[2023.05.06-20.16.57:426][  0]LogConfig: Setting CVar [[r.DOF.Gather.AccumulatorQuality:1        ; higher gathering accumulator quality]]
[2023.05.06-20.16.57:426][  0]LogConfig: Setting CVar [[r.DOF.Gather.PostfilterMethod:1          ; Median3x3 postfilering method]]
[2023.05.06-20.16.57:426][  0]LogConfig: Setting CVar [[r.DOF.Gather.EnableBokehSettings:0       ; no bokeh simulation when gathering]]
[2023.05.06-20.16.57:426][  0]LogConfig: Setting CVar [[r.DOF.Gather.RingCount:4                 ; medium number of samples when gathering]]
[2023.05.06-20.16.57:426][  0]LogConfig: Setting CVar [[r.DOF.Scatter.ForegroundCompositing:1    ; additive foreground scattering]]
[2023.05.06-20.16.57:426][  0]LogConfig: Setting CVar [[r.DOF.Scatter.BackgroundCompositing:2    ; additive background scattering]]
[2023.05.06-20.16.57:426][  0]LogConfig: Setting CVar [[r.DOF.Scatter.EnableBokehSettings:1      ; bokeh simulation when scattering]]
[2023.05.06-20.16.57:426][  0]LogConfig: Setting CVar [[r.DOF.Scatter.MaxSpriteRatio:0.1         ; only a maximum of 10% of scattered bokeh]]
[2023.05.06-20.16.57:426][  0]LogConfig: Setting CVar [[r.DOF.Recombine.Quality:1                ; cheap slight out of focus]]
[2023.05.06-20.16.57:426][  0]LogConfig: Setting CVar [[r.DOF.Recombine.EnableBokehSettings:0    ; no bokeh simulation on slight out of focus]]
[2023.05.06-20.16.57:426][  0]LogConfig: Setting CVar [[r.DOF.TemporalAAQuality:1                ; more stable temporal accumulation]]
[2023.05.06-20.16.57:426][  0]LogConfig: Setting CVar [[r.DOF.Kernel.MaxForegroundRadius:0.025]]
[2023.05.06-20.16.57:426][  0]LogConfig: Setting CVar [[r.DOF.Kernel.MaxBackgroundRadius:0.025]]
[2023.05.06-20.16.57:426][  0]LogConfig: Applying CVar settings from Section [TextureQuality@3] File [E:/Asus/Documents/GitHub/TheTroubleMakers/Unreal Engine Project/SpeedLimit_UniAzad/Saved/Config/Windows/Scalability.ini]
[2023.05.06-20.16.57:426][  0]LogConfig: Setting CVar [[r.Streaming.MipBias:0]]
[2023.05.06-20.16.57:426][  0]LogConfig: Setting CVar [[r.Streaming.AmortizeCPUToGPUCopy:0]]
[2023.05.06-20.16.57:426][  0]LogConfig: Setting CVar [[r.Streaming.MaxNumTexturesToStreamPerFrame:0]]
[2023.05.06-20.16.57:426][  0]LogConfig: Setting CVar [[r.Streaming.Boost:1]]
[2023.05.06-20.16.57:426][  0]LogConfig: Setting CVar [[r.MaxAnisotropy:8]]
[2023.05.06-20.16.57:426][  0]LogConfig: Setting CVar [[r.VT.MaxAnisotropy:8]]
[2023.05.06-20.16.57:426][  0]LogConfig: Setting CVar [[r.Streaming.LimitPoolSizeToVRAM:0]]
[2023.05.06-20.16.57:426][  0]LogConfig: Setting CVar [[r.Streaming.PoolSize:1000]]
[2023.05.06-20.16.57:426][  0]LogConfig: Setting CVar [[r.Streaming.MaxEffectiveScreenSize:0]]
[2023.05.06-20.16.57:426][  0]LogConfig: Applying CVar settings from Section [EffectsQuality@3] File [E:/Asus/Documents/GitHub/TheTroubleMakers/Unreal Engine Project/SpeedLimit_UniAzad/Saved/Config/Windows/Scalability.ini]
[2023.05.06-20.16.57:426][  0]LogConfig: Setting CVar [[r.TranslucencyLightingVolumeDim:64]]
[2023.05.06-20.16.57:426][  0]LogConfig: Setting CVar [[r.RefractionQuality:2]]
[2023.05.06-20.16.57:426][  0]LogConfig: Setting CVar [[r.SSR.Quality:3]]
[2023.05.06-20.16.57:426][  0]LogConfig: Setting CVar [[r.SSR.HalfResSceneColor:0]]
[2023.05.06-20.16.57:426][  0]LogConfig: Setting CVar [[r.SceneColorFormat:4]]
[2023.05.06-20.16.57:426][  0]LogConfig: Setting CVar [[r.DetailMode:2]]
[2023.05.06-20.16.57:426][  0]LogConfig: Setting CVar [[r.TranslucencyVolumeBlur:1]]
[2023.05.06-20.16.57:426][  0]LogConfig: Setting CVar [[r.MaterialQualityLevel:1 ; High quality]]
[2023.05.06-20.16.57:426][  0]LogConfig: Setting CVar [[r.AnisotropicMaterials:1]]
[2023.05.06-20.16.57:426][  0]LogConfig: Setting CVar [[r.SSS.Scale:1]]
[2023.05.06-20.16.57:426][  0]LogConfig: Setting CVar [[r.SSS.SampleSet:2]]
[2023.05.06-20.16.57:426][  0]LogConfig: Setting CVar [[r.SSS.Quality:1]]
[2023.05.06-20.16.57:426][  0]LogConfig: Setting CVar [[r.SSS.HalfRes:0]]
[2023.05.06-20.16.57:426][  0]LogConfig: Setting CVar [[r.SSGI.Quality:3]]
[2023.05.06-20.16.57:426][  0]LogConfig: Setting CVar [[r.EmitterSpawnRateScale:1.0]]
[2023.05.06-20.16.57:426][  0]LogConfig: Setting CVar [[r.ParticleLightQuality:2]]
[2023.05.06-20.16.57:426][  0]LogConfig: Setting CVar [[r.SkyAtmosphere.AerialPerspectiveLUT.FastApplyOnOpaque:1 ; Always have FastSkyLUT 1 in this case to avoid wrong sky]]
[2023.05.06-20.16.57:426][  0]LogConfig: Setting CVar [[r.SkyAtmosphere.AerialPerspectiveLUT.SampleCountMaxPerSlice:4]]
[2023.05.06-20.16.57:426][  0]LogConfig: Setting CVar [[r.SkyAtmosphere.AerialPerspectiveLUT.DepthResolution:16.0]]
[2023.05.06-20.16.57:426][  0]LogConfig: Setting CVar [[r.SkyAtmosphere.FastSkyLUT:1]]
[2023.05.06-20.16.57:426][  0]LogConfig: Setting CVar [[r.SkyAtmosphere.FastSkyLUT.SampleCountMin:4.0]]
[2023.05.06-20.16.57:426][  0]LogConfig: Setting CVar [[r.SkyAtmosphere.FastSkyLUT.SampleCountMax:128.0]]
[2023.05.06-20.16.57:426][  0]LogConfig: Setting CVar [[r.SkyAtmosphere.SampleCountMin:4.0]]
[2023.05.06-20.16.57:426][  0]LogConfig: Setting CVar [[r.SkyAtmosphere.SampleCountMax:128.0]]
[2023.05.06-20.16.57:426][  0]LogConfig: Setting CVar [[r.SkyAtmosphere.TransmittanceLUT.UseSmallFormat:0]]
[2023.05.06-20.16.57:426][  0]LogConfig: Setting CVar [[r.SkyAtmosphere.TransmittanceLUT.SampleCount:10.0]]
[2023.05.06-20.16.57:426][  0]LogConfig: Setting CVar [[r.SkyAtmosphere.MultiScatteringLUT.SampleCount:15.0]]
[2023.05.06-20.16.57:426][  0]LogConfig: Setting CVar [[r.SkyLight.RealTimeReflectionCapture:1]]
[2023.05.06-20.16.57:426][  0]LogConfig: Applying CVar settings from Section [FoliageQuality@3] File [E:/Asus/Documents/GitHub/TheTroubleMakers/Unreal Engine Project/SpeedLimit_UniAzad/Saved/Config/Windows/Scalability.ini]
[2023.05.06-20.16.57:426][  0]LogConfig: Setting CVar [[foliage.DensityScale:1.0]]
[2023.05.06-20.16.57:426][  0]LogConfig: Setting CVar [[grass.DensityScale:1.0]]
[2023.05.06-20.16.57:426][  0]LogConfig: Applying CVar settings from Section [ShadingQuality@3] File [E:/Asus/Documents/GitHub/TheTroubleMakers/Unreal Engine Project/SpeedLimit_UniAzad/Saved/Config/Windows/Scalability.ini]
[2023.05.06-20.16.57:426][  0]LogConfig: Setting CVar [[r.HairStrands.SkyLighting.IntegrationType:2]]
[2023.05.06-20.16.57:426][  0]LogConfig: Setting CVar [[r.HairStrands.SkyAO.SampleCount:4]]
[2023.05.06-20.16.57:426][  0]LogConfig: Setting CVar [[r.HairStrands.Visibility.MSAA.SamplePerPixel:4]]
[2023.05.06-20.16.57:426][  0]LogInit: Selected Device Profile: [Windows]
[2023.05.06-20.16.57:426][  0]LogInit: Applying CVar settings loaded from the selected device profile: [Windows]
[2023.05.06-20.16.57:426][  0]LogHAL: Display: Platform has ~ 16 GB [16856285184 / 17179869184 / 16], which maps to Larger [LargestMinGB=32, LargerMinGB=12, DefaultMinGB=8, SmallerMinGB=6, SmallestMinGB=0)
[2023.05.06-20.16.57:426][  0]LogInit: Going up to parent DeviceProfile []
[2023.05.06-20.16.57:426][  0]LogConfig: Applying CVar settings from Section [ViewDistanceQuality@3] File [E:/Asus/Documents/GitHub/TheTroubleMakers/Unreal Engine Project/SpeedLimit_UniAzad/Saved/Config/Windows/Scalability.ini]
[2023.05.06-20.16.57:426][  0]LogConfig: Setting CVar [[r.SkeletalMeshLODBias:0]]
[2023.05.06-20.16.57:426][  0]LogConfig: Setting CVar [[r.ViewDistanceScale:1.0]]
[2023.05.06-20.16.57:426][  0]LogConfig: Applying CVar settings from Section [AntiAliasingQuality@3] File [E:/Asus/Documents/GitHub/TheTroubleMakers/Unreal Engine Project/SpeedLimit_UniAzad/Saved/Config/Windows/Scalability.ini]
[2023.05.06-20.16.57:426][  0]LogConfig: Setting CVar [[r.PostProcessAAQuality:4]]
[2023.05.06-20.16.57:426][  0]LogConfig: Applying CVar settings from Section [ShadowQuality@3] File [E:/Asus/Documents/GitHub/TheTroubleMakers/Unreal Engine Project/SpeedLimit_UniAzad/Saved/Config/Windows/Scalability.ini]
[2023.05.06-20.16.57:426][  0]LogConfig: Setting CVar [[r.LightFunctionQuality:1]]
[2023.05.06-20.16.57:426][  0]LogConfig: Setting CVar [[r.ShadowQuality:5]]
[2023.05.06-20.16.57:426][  0]LogConfig: Setting CVar [[r.Shadow.CSM.MaxCascades:10]]
[2023.05.06-20.16.57:426][  0]LogConfig: Setting CVar [[r.Shadow.MaxResolution:2048]]
[2023.05.06-20.16.57:426][  0]LogConfig: Setting CVar [[r.Shadow.MaxCSMResolution:2048]]
[2023.05.06-20.16.57:426][  0]LogConfig: Setting CVar [[r.Shadow.RadiusThreshold:0.01]]
[2023.05.06-20.16.57:426][  0]LogConfig: Setting CVar [[r.Shadow.DistanceScale:1.0]]
[2023.05.06-20.16.57:426][  0]LogConfig: Setting CVar [[r.Shadow.CSM.TransitionScale:1.0]]
[2023.05.06-20.16.57:426][  0]LogConfig: Setting CVar [[r.Shadow.PreShadowResolutionFactor:1.0]]
[2023.05.06-20.16.57:426][  0]LogConfig: Setting CVar [[r.DistanceFieldShadowing:1]]
[2023.05.06-20.16.57:426][  0]LogConfig: Setting CVar [[r.DistanceFieldAO:1]]
[2023.05.06-20.16.57:426][  0]LogConfig: Setting CVar [[r.AOQuality:2]]
[2023.05.06-20.16.57:426][  0]LogConfig: Setting CVar [[r.VolumetricFog:1]]
[2023.05.06-20.16.57:426][  0]LogConfig: Setting CVar [[r.VolumetricFog.GridPixelSize:8]]
[2023.05.06-20.16.57:426][  0]LogConfig: Setting CVar [[r.VolumetricFog.GridSizeZ:128]]
[2023.05.06-20.16.57:426][  0]LogConfig: Setting CVar [[r.VolumetricFog.HistoryMissSupersampleCount:4]]
[2023.05.06-20.16.57:426][  0]LogConfig: Setting CVar [[r.LightMaxDrawDistanceScale:1]]
[2023.05.06-20.16.57:426][  0]LogConfig: Setting CVar [[r.CapsuleShadows:1]]
[2023.05.06-20.16.57:426][  0]LogConfig: Applying CVar settings from Section [PostProcessQuality@3] File [E:/Asus/Documents/GitHub/TheTroubleMakers/Unreal Engine Project/SpeedLimit_UniAzad/Saved/Config/Windows/Scalability.ini]
[2023.05.06-20.16.57:426][  0]LogConfig: Setting CVar [[r.MotionBlurQuality:4]]
[2023.05.06-20.16.57:426][  0]LogConfig: Setting CVar [[r.AmbientOcclusionMipLevelFactor:0.4]]
[2023.05.06-20.16.57:426][  0]LogConfig: Setting CVar [[r.AmbientOcclusionMaxQuality:100]]
[2023.05.06-20.16.57:426][  0]LogConfig: Setting CVar [[r.AmbientOcclusionLevels:-1]]
[2023.05.06-20.16.57:426][  0]LogConfig: Setting CVar [[r.AmbientOcclusionRadiusScale:1.0]]
[2023.05.06-20.16.57:426][  0]LogConfig: Setting CVar [[r.DepthOfFieldQuality:2]]
[2023.05.06-20.16.57:426][  0]LogConfig: Setting CVar [[r.RenderTargetPoolMin:400]]
[2023.05.06-20.16.57:426][  0]LogConfig: Setting CVar [[r.LensFlareQuality:2]]
[2023.05.06-20.16.57:426][  0]LogConfig: Setting CVar [[r.SceneColorFringeQuality:1]]
[2023.05.06-20.16.57:427][  0]LogConfig: Setting CVar [[r.EyeAdaptationQuality:2]]
[2023.05.06-20.16.57:427][  0]LogConfig: Setting CVar [[r.BloomQuality:5]]
[2023.05.06-20.16.57:427][  0]LogConfig: Setting CVar [[r.FastBlurThreshold:100]]
[2023.05.06-20.16.57:427][  0]LogConfig: Setting CVar [[r.Upscale.Quality:3]]
[2023.05.06-20.16.57:427][  0]LogConfig: Setting CVar [[r.Tonemapper.GrainQuantization:1]]
[2023.05.06-20.16.57:427][  0]LogConfig: Setting CVar [[r.LightShaftQuality:1]]
[2023.05.06-20.16.57:427][  0]LogConfig: Setting CVar [[r.Filter.SizeScale:1]]
[2023.05.06-20.16.57:427][  0]LogConfig: Setting CVar [[r.Tonemapper.Quality:5]]
[2023.05.06-20.16.57:427][  0]LogConfig: Setting CVar [[r.DOF.Gather.AccumulatorQuality:1        ; higher gathering accumulator quality]]
[2023.05.06-20.16.57:427][  0]LogConfig: Setting CVar [[r.DOF.Gather.PostfilterMethod:1          ; Median3x3 postfilering method]]
[2023.05.06-20.16.57:427][  0]LogConfig: Setting CVar [[r.DOF.Gather.EnableBokehSettings:0       ; no bokeh simulation when gathering]]
[2023.05.06-20.16.57:427][  0]LogConfig: Setting CVar [[r.DOF.Gather.RingCount:4                 ; medium number of samples when gathering]]
[2023.05.06-20.16.57:427][  0]LogConfig: Setting CVar [[r.DOF.Scatter.ForegroundCompositing:1    ; additive foreground scattering]]
[2023.05.06-20.16.57:427][  0]LogConfig: Setting CVar [[r.DOF.Scatter.BackgroundCompositing:2    ; additive background scattering]]
[2023.05.06-20.16.57:427][  0]LogConfig: Setting CVar [[r.DOF.Scatter.EnableBokehSettings:1      ; bokeh simulation when scattering]]
[2023.05.06-20.16.57:427][  0]LogConfig: Setting CVar [[r.DOF.Scatter.MaxSpriteRatio:0.1         ; only a maximum of 10% of scattered bokeh]]
[2023.05.06-20.16.57:427][  0]LogConfig: Setting CVar [[r.DOF.Recombine.Quality:1                ; cheap slight out of focus]]
[2023.05.06-20.16.57:427][  0]LogConfig: Setting CVar [[r.DOF.Recombine.EnableBokehSettings:0    ; no bokeh simulation on slight out of focus]]
[2023.05.06-20.16.57:427][  0]LogConfig: Setting CVar [[r.DOF.TemporalAAQuality:1                ; more stable temporal accumulation]]
[2023.05.06-20.16.57:427][  0]LogConfig: Setting CVar [[r.DOF.Kernel.MaxForegroundRadius:0.025]]
[2023.05.06-20.16.57:427][  0]LogConfig: Setting CVar [[r.DOF.Kernel.MaxBackgroundRadius:0.025]]
[2023.05.06-20.16.57:427][  0]LogConfig: Applying CVar settings from Section [TextureQuality@3] File [E:/Asus/Documents/GitHub/TheTroubleMakers/Unreal Engine Project/SpeedLimit_UniAzad/Saved/Config/Windows/Scalability.ini]
[2023.05.06-20.16.57:427][  0]LogConfig: Setting CVar [[r.Streaming.MipBias:0]]
[2023.05.06-20.16.57:427][  0]LogConfig: Setting CVar [[r.Streaming.AmortizeCPUToGPUCopy:0]]
[2023.05.06-20.16.57:427][  0]LogConfig: Setting CVar [[r.Streaming.MaxNumTexturesToStreamPerFrame:0]]
[2023.05.06-20.16.57:427][  0]LogConfig: Setting CVar [[r.Streaming.Boost:1]]
[2023.05.06-20.16.57:427][  0]LogConfig: Setting CVar [[r.MaxAnisotropy:8]]
[2023.05.06-20.16.57:427][  0]LogConfig: Setting CVar [[r.VT.MaxAnisotropy:8]]
[2023.05.06-20.16.57:427][  0]LogConfig: Setting CVar [[r.Streaming.LimitPoolSizeToVRAM:0]]
[2023.05.06-20.16.57:427][  0]LogConfig: Setting CVar [[r.Streaming.PoolSize:1000]]
[2023.05.06-20.16.57:427][  0]LogConfig: Setting CVar [[r.Streaming.MaxEffectiveScreenSize:0]]
[2023.05.06-20.16.57:427][  0]LogConfig: Applying CVar settings from Section [EffectsQuality@3] File [E:/Asus/Documents/GitHub/TheTroubleMakers/Unreal Engine Project/SpeedLimit_UniAzad/Saved/Config/Windows/Scalability.ini]
[2023.05.06-20.16.57:427][  0]LogConfig: Setting CVar [[r.TranslucencyLightingVolumeDim:64]]
[2023.05.06-20.16.57:427][  0]LogConfig: Setting CVar [[r.RefractionQuality:2]]
[2023.05.06-20.16.57:427][  0]LogConfig: Setting CVar [[r.SSR.Quality:3]]
[2023.05.06-20.16.57:427][  0]LogConfig: Setting CVar [[r.SSR.HalfResSceneColor:0]]
[2023.05.06-20.16.57:427][  0]LogConfig: Setting CVar [[r.SceneColorFormat:4]]
[2023.05.06-20.16.57:427][  0]LogConfig: Setting CVar [[r.DetailMode:2]]
[2023.05.06-20.16.57:427][  0]LogConfig: Setting CVar [[r.TranslucencyVolumeBlur:1]]
[2023.05.06-20.16.57:427][  0]LogConfig: Setting CVar [[r.MaterialQualityLevel:1 ; High quality]]
[2023.05.06-20.16.57:427][  0]LogConfig: Setting CVar [[r.AnisotropicMaterials:1]]
[2023.05.06-20.16.57:427][  0]LogConfig: Setting CVar [[r.SSS.Scale:1]]
[2023.05.06-20.16.57:427][  0]LogConfig: Setting CVar [[r.SSS.SampleSet:2]]
[2023.05.06-20.16.57:427][  0]LogConfig: Setting CVar [[r.SSS.Quality:1]]
[2023.05.06-20.16.57:427][  0]LogConfig: Setting CVar [[r.SSS.HalfRes:0]]
[2023.05.06-20.16.57:427][  0]LogConfig: Setting CVar [[r.SSGI.Quality:3]]
[2023.05.06-20.16.57:427][  0]LogConfig: Setting CVar [[r.EmitterSpawnRateScale:1.0]]
[2023.05.06-20.16.57:427][  0]LogConfig: Setting CVar [[r.ParticleLightQuality:2]]
[2023.05.06-20.16.57:427][  0]LogConfig: Setting CVar [[r.SkyAtmosphere.AerialPerspectiveLUT.FastApplyOnOpaque:1 ; Always have FastSkyLUT 1 in this case to avoid wrong sky]]
[2023.05.06-20.16.57:427][  0]LogConfig: Setting CVar [[r.SkyAtmosphere.AerialPerspectiveLUT.SampleCountMaxPerSlice:4]]
[2023.05.06-20.16.57:427][  0]LogConfig: Setting CVar [[r.SkyAtmosphere.AerialPerspectiveLUT.DepthResolution:16.0]]
[2023.05.06-20.16.57:427][  0]LogConfig: Setting CVar [[r.SkyAtmosphere.FastSkyLUT:1]]
[2023.05.06-20.16.57:427][  0]LogConfig: Setting CVar [[r.SkyAtmosphere.FastSkyLUT.SampleCountMin:4.0]]
[2023.05.06-20.16.57:427][  0]LogConfig: Setting CVar [[r.SkyAtmosphere.FastSkyLUT.SampleCountMax:128.0]]
[2023.05.06-20.16.57:427][  0]LogConfig: Setting CVar [[r.SkyAtmosphere.SampleCountMin:4.0]]
[2023.05.06-20.16.57:427][  0]LogConfig: Setting CVar [[r.SkyAtmosphere.SampleCountMax:128.0]]
[2023.05.06-20.16.57:427][  0]LogConfig: Setting CVar [[r.SkyAtmosphere.TransmittanceLUT.UseSmallFormat:0]]
[2023.05.06-20.16.57:427][  0]LogConfig: Setting CVar [[r.SkyAtmosphere.TransmittanceLUT.SampleCount:10.0]]
[2023.05.06-20.16.57:427][  0]LogConfig: Setting CVar [[r.SkyAtmosphere.MultiScatteringLUT.SampleCount:15.0]]
[2023.05.06-20.16.57:427][  0]LogConfig: Setting CVar [[r.SkyLight.RealTimeReflectionCapture:1]]
[2023.05.06-20.16.57:427][  0]LogConfig: Applying CVar settings from Section [FoliageQuality@3] File [E:/Asus/Documents/GitHub/TheTroubleMakers/Unreal Engine Project/SpeedLimit_UniAzad/Saved/Config/Windows/Scalability.ini]
[2023.05.06-20.16.57:427][  0]LogConfig: Setting CVar [[foliage.DensityScale:1.0]]
[2023.05.06-20.16.57:427][  0]LogConfig: Setting CVar [[grass.DensityScale:1.0]]
[2023.05.06-20.16.57:427][  0]LogConfig: Applying CVar settings from Section [ShadingQuality@3] File [E:/Asus/Documents/GitHub/TheTroubleMakers/Unreal Engine Project/SpeedLimit_UniAzad/Saved/Config/Windows/Scalability.ini]
[2023.05.06-20.16.57:427][  0]LogConfig: Setting CVar [[r.HairStrands.SkyLighting.IntegrationType:2]]
[2023.05.06-20.16.57:427][  0]LogConfig: Setting CVar [[r.HairStrands.SkyAO.SampleCount:4]]
[2023.05.06-20.16.57:427][  0]LogConfig: Setting CVar [[r.HairStrands.Visibility.MSAA.SamplePerPixel:4]]
[2023.05.06-20.16.57:427][  0]LogConfig: Applying CVar settings from Section [Startup] File [../../../Engine/Config/ConsoleVariables.ini]
[2023.05.06-20.16.57:427][  0]LogConfig: Setting CVar [[net.UseAdaptiveNetUpdateFrequency:0]]
[2023.05.06-20.16.57:427][  0]LogConfig: Setting CVar [[p.chaos.AllowCreatePhysxBodies:1]]
[2023.05.06-20.16.57:427][  0]LogConfig: Setting CVar [[fx.SkipVectorVMBackendOptimizations:1]]
[2023.05.06-20.16.57:427][  0]LogConfig: Applying CVar settings from Section [ConsoleVariables] File [E:/Asus/Documents/GitHub/TheTroubleMakers/Unreal Engine Project/SpeedLimit_UniAzad/Saved/Config/Windows/Engine.ini]
[2023.05.06-20.16.57:427][  0]LogConfig: Applying CVar settings from Section [ConsoleVariables] File [E:/Asus/Documents/GitHub/TheTroubleMakers/Unreal Engine Project/SpeedLimit_UniAzad/Saved/Config/Windows/Editor.ini]
[2023.05.06-20.16.57:427][  0]LogInit: Computer: LAPTOP-ENHDEN5K
[2023.05.06-20.16.57:427][  0]LogInit: User: Asus
[2023.05.06-20.16.57:427][  0]LogInit: CPU Page size=4096, Cores=4
[2023.05.06-20.16.57:427][  0]LogInit: High frequency timer resolution =10.000000 MHz
[2023.05.06-20.16.57:427][  0]LogMemory: Memory total: Physical=15.7GB (16GB approx)
[2023.05.06-20.16.57:427][  0]LogMemory: Platform Memory Stats for Windows
[2023.05.06-20.16.57:427][  0]LogMemory: Process Physical Memory: 142.24 MB used, 142.24 MB peak
[2023.05.06-20.16.57:427][  0]LogMemory: Process Virtual Memory: 126.85 MB used, 126.85 MB peak
[2023.05.06-20.16.57:427][  0]LogMemory: Physical Memory: 9138.48 MB used,  6936.93 MB free, 16075.41 MB total
[2023.05.06-20.16.57:427][  0]LogMemory: Virtual Memory: 134209728.00 MB used,  7997.55 MB free, 134217728.00 MB total
[2023.05.06-20.16.57:432][  0]LogWindows: WindowsPlatformFeatures enabled
[2023.05.06-20.16.57:460][  0]LogInit: Physics initialised using underlying interface: PhysX
[2023.05.06-20.16.57:462][  0]LogInit: Using OS detected language (en-US).
[2023.05.06-20.16.57:462][  0]LogInit: Using OS detected locale (en-US).
[2023.05.06-20.16.57:463][  0]LogTextLocalizationManager: No specific localization for 'en-US' exists, so the 'en' localization will be used.
[2023.05.06-20.16.57:611][  0]LogInit: Setting process to per monitor DPI aware
[2023.05.06-20.16.57:626][  0]LogWindowsTextInputMethodSystem: Display: IME system deactivated.
[2023.05.06-20.16.57:636][  0]LogSlate: New Slate User Created.  User Index 0, Is Virtual User: 0
[2023.05.06-20.16.57:636][  0]LogSlate: Slate User Registered.  User Index 0, Is Virtual User: 0
[2023.05.06-20.16.57:723][  0]LogD3D11RHI: Loaded GFSDK_Aftermath_Lib.x64.dll
[2023.05.06-20.16.57:753][  0]LogHMD: Failed to initialize OpenVR with code 110
[2023.05.06-20.16.57:753][  0]LogD3D11RHI: D3D11 min allowed feature level: 11_0
[2023.05.06-20.16.57:753][  0]LogD3D11RHI: D3D11 max allowed feature level: 11_0
[2023.05.06-20.16.57:753][  0]LogD3D11RHI: D3D11 adapters:
[2023.05.06-20.16.57:853][  0]LogD3D11RHI:    0. 'NVIDIA GeForce MX450' (Feature Level 11_0)
[2023.05.06-20.16.57:853][  0]LogD3D11RHI:       1920/0/8037 MB DedicatedVideo/DedicatedSystem/SharedSystem, Outputs:2, VendorId:0x10de
[2023.05.06-20.16.57:878][  0]LogD3D11RHI:    1. 'Intel(R) Iris(R) Xe Graphics' (Feature Level 11_0)
[2023.05.06-20.16.57:878][  0]LogD3D11RHI:       128/0/8037 MB DedicatedVideo/DedicatedSystem/SharedSystem, Outputs:0, VendorId:0x8086
[2023.05.06-20.16.57:879][  0]LogD3D11RHI:    2. 'Microsoft Basic Render Driver' (Feature Level 11_0)
[2023.05.06-20.16.57:879][  0]LogD3D11RHI:       0/0/8037 MB DedicatedVideo/DedicatedSystem/SharedSystem, Outputs:0, VendorId:0x1414
[2023.05.06-20.16.57:879][  0]LogD3D11RHI: Chosen D3D11 Adapter: 0
[2023.05.06-20.16.57:884][  0]LogD3D11RHI: Creating new Direct3DDevice
[2023.05.06-20.16.57:884][  0]LogD3D11RHI:     GPU DeviceId: 0x1f97 (for the marketing name, search the web for "GPU Device Id")
[2023.05.06-20.16.57:884][  0]LogWindows: EnumDisplayDevices:
[2023.05.06-20.16.57:884][  0]LogWindows:    0. 'Intel(R) Iris(R) Xe Graphics' (P:1 D:1)
[2023.05.06-20.16.57:884][  0]LogWindows:    1. 'Intel(R) Iris(R) Xe Graphics' (P:0 D:1)
[2023.05.06-20.16.57:884][  0]LogWindows:    2. 'Intel(R) Iris(R) Xe Graphics' (P:0 D:0)
[2023.05.06-20.16.57:884][  0]LogWindows:    3. 'Intel(R) Iris(R) Xe Graphics' (P:0 D:0)
[2023.05.06-20.16.57:884][  0]LogWindows: DebugString: PrimaryIsNotTheChoosenAdapter PrimaryIsNotTheChoosenAdapter PrimaryIsNotTheChoosenAdapter PrimaryIsNotTheChoosenAdapter FoundDriverCount:0 
[2023.05.06-20.16.57:884][  0]LogD3D11RHI:     Adapter Name: NVIDIA GeForce MX450
[2023.05.06-20.16.57:884][  0]LogD3D11RHI:   Driver Version: Unknown (internal:Unknown, unified:Unknown)
[2023.05.06-20.16.57:884][  0]LogD3D11RHI:      Driver Date: Unknown
[2023.05.06-20.16.57:884][  0]LogRHI: Texture pool is 1344 MB (70% of 1920 MB)
[2023.05.06-20.16.57:942][  0]LogD3D11RHI: RHI has support for 64 bit atomics
[2023.05.06-20.16.57:943][  0]LogD3D11RHI: Async texture creation enabled
[2023.05.06-20.16.57:943][  0]LogD3D11RHI: Array index from any shader is supported
[2023.05.06-20.16.57:959][  0]LogD3D11RHI: GPU Timing Frequency: 1000.000000 (Debug: 2 2)
[2023.05.06-20.16.57:977][  0]LogRHI: GeForceNow SDK initialized: 1
[2023.05.06-20.16.58:187][  0]LogTargetPlatformManager: Display: Loaded TargetPlatform 'AllDesktop'
[2023.05.06-20.16.58:202][  0]LogTargetPlatformManager: Display: Loaded TargetPlatform 'Android'
[2023.05.06-20.16.58:202][  0]LogTargetPlatformManager: Display: Loaded TargetPlatform 'Android_ASTC'
[2023.05.06-20.16.58:202][  0]LogTargetPlatformManager: Display: Loaded TargetPlatform 'Android_DXT'
[2023.05.06-20.16.58:202][  0]LogTargetPlatformManager: Display: Loaded TargetPlatform 'Android_ETC2'
[2023.05.06-20.16.58:202][  0]LogTargetPlatformManager: Display: Loaded TargetPlatform 'AndroidClient'
[2023.05.06-20.16.58:202][  0]LogTargetPlatformManager: Display: Loaded TargetPlatform 'Android_ASTCClient'
[2023.05.06-20.16.58:202][  0]LogTargetPlatformManager: Display: Loaded TargetPlatform 'Android_DXTClient'
[2023.05.06-20.16.58:202][  0]LogTargetPlatformManager: Display: Loaded TargetPlatform 'Android_ETC2Client'
[2023.05.06-20.16.58:202][  0]LogTargetPlatformManager: Display: Loaded TargetPlatform 'Android_Multi'
[2023.05.06-20.16.58:202][  0]LogTargetPlatformManager: Display: Loaded TargetPlatform 'Android_MultiClient'
[2023.05.06-20.16.58:216][  0]LogTargetPlatformManager: Display: Loaded TargetPlatform 'IOSClient'
[2023.05.06-20.16.58:216][  0]LogTargetPlatformManager: Display: Loaded TargetPlatform 'IOS'
[2023.05.06-20.16.58:222][  0]LogTargetPlatformManager: Display: Loaded TargetPlatform 'Linux'
[2023.05.06-20.16.58:225][  0]LogTargetPlatformManager: Display: Loaded TargetPlatform 'LinuxNoEditor'
[2023.05.06-20.16.58:228][  0]LogTargetPlatformManager: Display: Loaded TargetPlatform 'LinuxClient'
[2023.05.06-20.16.58:231][  0]LogTargetPlatformManager: Display: Loaded TargetPlatform 'LinuxServer'
[2023.05.06-20.16.58:236][  0]LogTargetPlatformManager: Display: Loaded TargetPlatform 'LinuxAArch64NoEditor'
[2023.05.06-20.16.58:240][  0]LogTargetPlatformManager: Display: Loaded TargetPlatform 'LinuxAArch64Client'
[2023.05.06-20.16.58:244][  0]LogTargetPlatformManager: Display: Loaded TargetPlatform 'LinuxAArch64Server'
[2023.05.06-20.16.58:258][  0]LogTargetPlatformManager: Display: Loaded TargetPlatform 'Lumin'
[2023.05.06-20.16.58:258][  0]LogTargetPlatformManager: Display: Loaded TargetPlatform 'LuminClient'
[2023.05.06-20.16.58:264][  0]LogTargetPlatformManager: Display: Loaded TargetPlatform 'MacNoEditor'
[2023.05.06-20.16.58:266][  0]LogTargetPlatformManager: Display: Loaded TargetPlatform 'Mac'
[2023.05.06-20.16.58:269][  0]LogTargetPlatformManager: Display: Loaded TargetPlatform 'MacClient'
[2023.05.06-20.16.58:272][  0]LogTargetPlatformManager: Display: Loaded TargetPlatform 'MacServer'
[2023.05.06-20.16.58:278][  0]LogTargetPlatformManager: Display: Loaded TargetPlatform 'TVOSClient'
[2023.05.06-20.16.58:279][  0]LogTargetPlatformManager: Display: Loaded TargetPlatform 'TVOS'
[2023.05.06-20.16.58:284][  0]LogTargetPlatformManager: Display: Loaded TargetPlatform 'WindowsNoEditor'
[2023.05.06-20.16.58:287][  0]LogTargetPlatformManager: Display: Loaded TargetPlatform 'Windows'
[2023.05.06-20.16.58:289][  0]LogTargetPlatformManager: Display: Loaded TargetPlatform 'WindowsClient'
[2023.05.06-20.16.58:292][  0]LogTargetPlatformManager: Display: Loaded TargetPlatform 'WindowsServer'
[2023.05.06-20.16.58:292][  0]LogTargetPlatformManager: Display: Building Assets For Windows
[2023.05.06-20.16.58:296][  0]LogAudioDebug: Display: Lib vorbis DLL was dynamically loaded.
[2023.05.06-20.16.58:313][  0]LogTextureFormatOodle: Display: Oodle Texture 2.9.0 init RDO Off
[2023.05.06-20.16.58:332][  0]LogRendererCore: Ray tracing is disabled. Reason: r.RayTracing=0.
[2023.05.06-20.16.58:332][  0]LogShaderCompilers: Guid format shader working directory is -53 characters bigger than the processId version (../../../../../../Asus/Documents/GitHub/TheTroubleMakers/Unreal Engine Project/SpeedLimit_UniAzad/Intermediate/Shaders/WorkingDirectory/15200/).
[2023.05.06-20.16.58:333][  0]LogShaderCompilers: Cleaned the shader compiler working directory 'C:/Users/Asus/AppData/Local/Temp/UnrealShaderWorkingDir/37DA8C134F9FC6872CD59FBC878A5E18/'.
[2023.05.06-20.16.58:333][  0]LogXGEController: Cannot use XGE Controller as Incredibuild is not installed on this machine.
[2023.05.06-20.16.58:333][  0]LogShaderCompilers: Cannot use XGE Shader Compiler as Incredibuild is not installed on this machine.
[2023.05.06-20.16.58:333][  0]LogShaderCompilers: Display: Using Local Shader Compiler.
[2023.05.06-20.16.58:872][  0]LogDerivedDataCache: Display: Max Cache Size: 512 MB
[2023.05.06-20.16.58:916][  0]LogDerivedDataCache: Loaded boot cache 0.04s 95MB C:/Users/Asus/AppData/Local/UnrealEngine/4.27/DerivedDataCache/Boot.ddc.
[2023.05.06-20.16.58:916][  0]LogDerivedDataCache: Display: Loaded Boot cache: C:/Users/Asus/AppData/Local/UnrealEngine/4.27/DerivedDataCache/Boot.ddc
[2023.05.06-20.16.58:916][  0]LogDerivedDataCache: FDerivedDataBackendGraph:  Pak pak cache file ../../../../../../Asus/Documents/GitHub/TheTroubleMakers/Unreal Engine Project/SpeedLimit_UniAzad/DerivedDataCache/DDC.ddp not found, will not use a pak cache.
[2023.05.06-20.16.58:916][  0]LogDerivedDataCache: Unable to find inner node Pak for hierarchical cache Hierarchy.
[2023.05.06-20.16.58:916][  0]LogDerivedDataCache: FDerivedDataBackendGraph:  CompressedPak pak cache file ../../../../../../Asus/Documents/GitHub/TheTroubleMakers/Unreal Engine Project/SpeedLimit_UniAzad/DerivedDataCache/Compressed.ddp not found, will not use a pak cache.
[2023.05.06-20.16.58:916][  0]LogDerivedDataCache: Unable to find inner node CompressedPak for hierarchical cache Hierarchy.
[2023.05.06-20.16.58:928][  0]LogDerivedDataCache: Display: Pak cache opened for reading ../../../Engine/DerivedDataCache/Compressed.ddp.
[2023.05.06-20.16.58:928][  0]LogDerivedDataCache: FDerivedDataBackendGraph:  EnterprisePak pak cache file ../../../Enterprise/DerivedDataCache/Compressed.ddp not found, will not use a pak cache.
[2023.05.06-20.16.58:928][  0]LogDerivedDataCache: Unable to find inner node EnterprisePak for hierarchical cache Hierarchy.
[2023.05.06-20.16.58:933][  0]LogDerivedDataCache: Speed tests for C:/Users/Asus/AppData/Local/UnrealEngine/Common/DerivedDataCache took 0.01 seconds
[2023.05.06-20.16.58:933][  0]LogDerivedDataCache: Display: Performance to C:/Users/Asus/AppData/Local/UnrealEngine/Common/DerivedDataCache: Latency=0.01ms. RandomReadSpeed=1674.51MBs, RandomWriteSpeed=207.94MBs. Assigned SpeedClass 'Local'
[2023.05.06-20.16.58:935][  0]LogDerivedDataCache: Using Local data cache path C:/Users/Asus/AppData/Local/UnrealEngine/Common/DerivedDataCache: Writable
[2023.05.06-20.16.58:935][  0]LogDerivedDataCache: Shared data cache path not found in *engine.ini, will not use an Shared cache.
[2023.05.06-20.16.58:935][  0]LogDerivedDataCache: Unable to find inner node Shared for hierarchical cache Hierarchy.
[2023.05.06-20.16.58:973][  0]LogSlate: Using FreeType 2.10.0
[2023.05.06-20.16.58:973][  0]LogSlate: SlateFontServices - WITH_FREETYPE: 1, WITH_HARFBUZZ: 1
[2023.05.06-20.16.58:991][  0]LogAssetRegistry: FAssetRegistry took 0.0022 seconds to start up
[2023.05.06-20.16.59:153][  0]LogInit: Selected Device Profile: [Windows]
[2023.05.06-20.16.59:153][  0]LogInit: Active device profile: [00000289BA58ED00][00000289B38E9940 49] Windows
[2023.05.06-20.16.59:153][  0]LogInit: Profiles: [00000289BA58ED00][00000289B38E9940 49] Windows, [00000289BA54A300][00000289B38F1C00 49] WindowsNoEditor, [00000289BA58DF00][00000289BB232340 49] WindowsServer, [00000289BA54B000][00000289BB236600 49] WindowsClient, [00000289BA58D200][00000289BB23A8C0 49] IOS, [00000289BA54BE00][00000289BB23EB80 49] iPadAir, [00000289BA58C700][00000289B38ECE00 49] iPadAir2, [00000289BA4E9F00][00000289BB257300 49] IPadPro, [00000289BA4EA000][00000289BB243340 49] iPadAir3, [00000289BA54B600][00000289BB24F600 49] iPadAir4, [00000289BA4EAF00][00000289BB24B8C0 49] iPadMini2, [00000289BA54AA00][00000289BB253B80 49] iPadMini3, [00000289BA4EBC00][00000289BB25A2C0 49] iPadMini4, [00000289BA549C00][00000289BB2CE580 49] iPadMini5, [00000289BA4F9500][00000289B399CAC0 49] iPhone6, [00000289BA4F9600][00000289AF640B00 49] iPodTouch6, [00000289BA58D600][00000289AF61F000 49] iPhone7, [00000289BA58EB00][00000289AF661040 49] iPodTouch7, [00000289BA4E9E00][00000289BB2472C0 49] iPhone5S, [00000289BA58E900][00000289AF65D580 49] iPhone6Plus, [00000289BA4EB400][00000289AFD15840 49] iPhone6S, [00000289BA58C900][00000289AFD19B00 49] iPhone6SPlus, [00000289BA4E9700][00000289AF68C240 49] iPhone7Plus, [00000289BA58FB00][00000289AF690500 49] iPhoneSE, [00000289BA58D000][00000289AF6947C0 49] iPhone8, [00000289BA4F8700][00000289AF698A80 49] iPhone8Plus, [00000289BA58C300][00000289AF69CD40 49] iPhoneX, [00000289BA4F8C00][00000289AF6A5000 49] iPhoneXS, [00000289BA58F000][00000289AF665280 49] iPhoneXSMax, [00000289BA4F8A00][00000289AF6B5500 49] iPhoneXR, [00000289BA58EC00][00000289AF6C17C0 49] iPhone11, [00000289BA4F9100][00000289BB383A80 49] iPhone11Pro, [00000289BA4E9800][00000289BB3861C0 49] iPhone11ProMax, [00000289BA4F8400][00000289BB38A480 49] iPhoneSE2, [00000289BA4E8F00][00000289BB3B4740 49] iPhone12Mini, [00000289BA4FBF00][00000289BB3B8A00 49] iPhone12, [00000289BA4EB000][00000289BB3C0CC0 49] iPhone12Pro, [00000289BA4F9900][00000289BB3C8F80 49] iPhone12ProMax, [00000289BA4E9D00][00000289BB3DD240 49] iPadPro105, [00000289BA4F8200][00000289AF6B94C0 49] iPadPro129, [00000289BA4EA700][00000289BB2C1740 49] iPadPro97, [00000289BA4FA900][00000289BB2C9A00 49] iPadPro2_129, [00000289BA4E8800][00000289B396E140 49] iPad5, [00000289BA4F9E00][00000289B3992400 49] iPad6, [00000289BA4EB500][00000289B39966C0 49] iPad7, [00000289BA4FA500][00000289BCBE6980 49] iPad8, [00000289BA4E8200][00000289BCBEAC40 49] iPadPro11, [00000289BA4F9A00][00000289BCBEEF00 49] iPadPro2_11, [00000289BA4E9400][00000289AFD0D1C0 49] iPadPro3_129, [00000289BA4FBA00][00000289AFD11480 49] iPadPro4_129, [00000289BA4EB200][00000289BB2C5700 49] AppleTV, [00000289BA4F9400][00000289BCBF3980 49] AppleTV4K, [00000289BA4E8500][00000289BCBFA0C0 49] TVOS, [00000289BA4F8300][00000289AF5FC380 49] Mac, [00000289BA4E9200][00000289AF600640 49] MacClient, [00000289BA4F9D00][00000289AF604900 49] MacNoEditor, [00000289BA4EAE00][00000289AF60CBC0 49] MacServer, [00000289BA4F8D00][00000289AF610E80 49] Linux, [00000289BA4E8400][00000289AF615140 49] LinuxAArch64, [00000289BA4FB600][00000289B8D37400 49] LinuxNoEditor, [00000289BA4EAB00][00000289B8D3F6C0 49] LinuxAArch64NoEditor, [00000289BA4FAC00][00000289BCBF7940 49] LinuxClient, [00000289BA4E8D00][00000289B8D4FBC0 49] LinuxAArch64Client, [00000289BA4FA700][00000289B8D5A300 49] LinuxServer, [00000289BA4E9900][00000289B8D5E5C0 49] LinuxAArch64Server, [00000289BA4FB100][00000289B8D62880 49] Android, [00000289BA4E8100][00000289B8D66B40 49] Android_Low, [00000289BA4FBC00][00000289B8D6AE00 49] Android_Mid, [00000289BA4EB300][00000289BC5D90C0 49] Android_High, [00000289BA4F9C00][00000289BC5DD380 49] Android_Default, [00000289BA4EA800][00000289B391F640 49] Android_Adreno4xx, [00000289BA4F9700][00000289BC7DB900 49] Android_Adreno5xx_Low, [00000289BA4E9C00][00000289B8D57B80 49] Android_Adreno5xx, [00000289BA4FB200][00000289BC7E22C0 49] Android_Adreno6xx, [00000289BA4EA300][00000289BC7E6580 49] Android_Adreno6xx_Vulkan, [00000289BA4FB700][00000289BC7EA840 49] Android_Mali_T6xx, [00000289BA4EB100][00000289B3936B00 49] Android_Mali_T7xx, [00000289BA4FBB00][00000289B393ADC0 49] Android_Mali_T8xx, [00000289BA4EA100][00000289B393F080 49] Android_Mali_G71, [00000289BA4FAF00][00000289B3943340 49] Android_Mali_G72, [00000289BA4EBE00][00000289B395D600 49] Android_Mali_G72_Vulkan, [00000289BA4FBD00][00000289BB2D38C0 49] Android_Mali_G76, [00000289BA4E8700][00000289BC7DFB40 49] Android_Mali_G76_Vulkan, [00000289BA58C400][00000289BB354240 49] Android_Mali_G77, [00000289BA54A000][00000289BB35C500 49] Android_Mali_G77_Vulkan, [00000289BA58F400][00000289BB3607C0 49] Android_Mali_G78, [00000289BA54BB00][00000289BB364A80 49] Android_Mali_G78_Vulkan, [00000289BA58D100][00000289BB36CD40 49] Android_Mali_G710, [00000289BA549400][00000289BB371000 49] Android_Mali_G710_Vulkan, [00000289BA58FC00][00000289BB3752C0 49] Android_Vulkan_SM5, [00000289BA54B800][00000289BD385580 49] Android_PowerVR_G6xxx, [00000289BA58CB00][00000289AFC77840 49] Android_PowerVR_GT7xxx, [00000289BA548400][00000289AFC7BB00 49] Android_PowerVR_GE8xxx, [00000289BA58EA00][00000289BB358200 49] Android_PowerVR_GM9xxx, [00000289BA54B700][00000289BD136480 49] Android_PowerVR_GM9xxx_Vulkan, [00000289BA58E200][00000289BD13E740 49] Android_TegraK1, [00000289BA548700][00000289BD142A00 49] Android_Unknown_Vulkan, [00000289BA58E000][00000289BB368CC0 49] Lumin, [00000289BA549A00][00000289BD168F80 49] Lumin_Desktop, [00000289BA58F600][00000289AFCB7240 49] HoloLens, 
[2023.05.06-20.16.59:246][  0]LogMeshReduction: Using QuadricMeshReduction for automatic static mesh reduction
[2023.05.06-20.16.59:246][  0]LogMeshReduction: Using SimplygonMeshReduction for automatic skeletal mesh reduction
[2023.05.06-20.16.59:246][  0]LogMeshReduction: Using ProxyLODMeshReduction for automatic mesh merging
[2023.05.06-20.16.59:246][  0]LogMeshReduction: No distributed automatic mesh merging module available
[2023.05.06-20.16.59:246][  0]LogMeshMerging: No distributed automatic mesh merging module available
[2023.05.06-20.16.59:256][  0]LogNetVersion: SpeedLimit_UniAzad 1.0.0, NetCL: 17155196, EngineNetVer: 17, GameNetVer: 0 (Checksum: 2338214234)
[2023.05.06-20.16.59:522][  0]LogTexture: Default maximum texture size for cubemaps generated from long-lat sources has been changed from 512 to unlimited. In order to preserve old behaiour for '/Engine/MapTemplates/Sky/DaylightAmbientCubemap.DaylightAmbientCubemap', its maximum texture size has been explicitly set to 512.
[2023.05.06-20.16.59:561][  0]LogHMD: PokeAHoleMaterial loaded successfully
[2023.05.06-20.16.59:566][  0]LogUObjectArray: 17178 objects as part of root set at end of initial load.
[2023.05.06-20.16.59:566][  0]LogUObjectAllocator: 4301856 out of 0 bytes used by permanent object pool.
[2023.05.06-20.16.59:566][  0]LogUObjectArray: CloseDisregardForGC: 0/0 objects in disregard for GC pool
[2023.05.06-20.16.59:731][  0]LogPython: Using Python 3.7.7
[2023.05.06-20.17.00:072][  0]LogNiagaraDebuggerClient: Niagara Debugger Client Initialized | Session: 06BFE12245558E2E13344BB656B0FEC4 | Instance: 2BFC47C34719426D398D49A3A3684C27 (LAPTOP-ENHDEN5K-15200).
[2023.05.06-20.17.00:175][  0]LogStreaming: Warning: Failed to read file '../../../Engine/Content/Editor/Slate/Niagara/MenuSeparator.png' error.
[2023.05.06-20.17.00:175][  0]LogSlate: Could not find file for Slate resource: ../../../Engine/Content/Editor/Slate/Niagara/MenuSeparator.png
[2023.05.06-20.17.00:175][  0]LogStreaming: Warning: Failed to read file '../../../Engine/Content/Editor/Slate/Niagara/Common/Selector.png' error.
[2023.05.06-20.17.00:175][  0]LogSlate: Could not find file for Slate resource: ../../../Engine/Content/Editor/Slate/Niagara/Common/Selector.png
[2023.05.06-20.17.00:175][  0]LogStreaming: Warning: Failed to read file '../../../Engine/Content/Editor/Slate/Niagara/Common/Selection.png' error.
[2023.05.06-20.17.00:175][  0]LogSlate: Could not find file for Slate resource: ../../../Engine/Content/Editor/Slate/Niagara/Common/Selection.png
[2023.05.06-20.17.00:175][  0]LogStreaming: Warning: Failed to read file '../../../Engine/Content/Editor/Slate/Niagara/Common/DropZoneIndicator_Above.png' error.
[2023.05.06-20.17.00:175][  0]LogSlate: Could not find file for Slate resource: ../../../Engine/Content/Editor/Slate/Niagara/Common/DropZoneIndicator_Above.png
[2023.05.06-20.17.00:175][  0]LogStreaming: Warning: Failed to read file '../../../Engine/Content/Editor/Slate/Niagara/Common/DropZoneIndicator_Onto.png' error.
[2023.05.06-20.17.00:175][  0]LogSlate: Could not find file for Slate resource: ../../../Engine/Content/Editor/Slate/Niagara/Common/DropZoneIndicator_Onto.png
[2023.05.06-20.17.00:175][  0]LogStreaming: Warning: Failed to read file '../../../Engine/Content/Editor/Slate/Niagara/Common/DropZoneIndicator_Below.png' error.
[2023.05.06-20.17.00:175][  0]LogSlate: Could not find file for Slate resource: ../../../Engine/Content/Editor/Slate/Niagara/Common/DropZoneIndicator_Below.png
[2023.05.06-20.17.00:175][  0]LogStreaming: Warning: Failed to read file '../../../Engine/Content/Editor/Slate/Niagara/Common/RoundedSelection_16x.png' error.
[2023.05.06-20.17.00:175][  0]LogSlate: Could not find file for Slate resource: ../../../Engine/Content/Editor/Slate/Niagara/Common/RoundedSelection_16x.png
[2023.05.06-20.17.00:175][  0]LogStreaming: Warning: Failed to read file '../../../Engine/Content/Editor/Slate/Niagara/Common/FlatButton.png' error.
[2023.05.06-20.17.00:175][  0]LogSlate: Could not find file for Slate resource: ../../../Engine/Content/Editor/Slate/Niagara/Common/FlatButton.png
[2023.05.06-20.17.00:175][  0]LogImageWrapper: Warning: PNG Warning: Duplicate iCCP chunk
[2023.05.06-20.17.00:175][  0]LogImageWrapper: Warning: PNG Warning: Duplicate iCCP chunk
[2023.05.06-20.17.00:175][  0]LogTcpMessaging: Initializing TcpMessaging bridge
[2023.05.06-20.17.00:177][  0]LogUdpMessaging: Initializing bridge on interface 0.0.0.0:0 to multicast group 230.0.0.1:6666.
[2023.05.06-20.17.00:321][  0]SourceControl: Source control is disabled
[2023.05.06-20.17.00:321][  0]SourceControl: Source control is disabled
[2023.05.06-20.17.00:322][  0]SourceControl: Source control is disabled
[2023.05.06-20.17.00:328][  0]SourceControl: Source control is disabled
[2023.05.06-20.17.00:329][  0]SourceControl: Source control is disabled
[2023.05.06-20.17.00:333][  0]LogUProjectInfo: Found projects:
[2023.05.06-20.17.00:410][  0]LogOpenImageDenoise: OIDN starting up
[2023.05.06-20.17.00:448][  0]LogAndroidPermission: UAndroidPermissionCallbackProxy::GetInstance
[2023.05.06-20.17.00:459][  0]LogAudioCaptureCore: Display: No Audio Capture implementations found. Audio input will be silent.
[2023.05.06-20.17.00:460][  0]LogAudioCaptureCore: Display: No Audio Capture implementations found. Audio input will be silent.
[2023.05.06-20.17.00:555][  0]LogCollectionManager: Loaded 0 collections in 0.000409 seconds
[2023.05.06-20.17.00:571][  0]LogFileCache: Scanning file cache for directory 'E:/Asus/Documents/GitHub/TheTroubleMakers/Unreal Engine Project/SpeedLimit_UniAzad/Saved/Collections/' took 0.00s
[2023.05.06-20.17.00:571][  0]LogFileCache: Scanning file cache for directory 'E:/Asus/Documents/GitHub/TheTroubleMakers/Unreal Engine Project/SpeedLimit_UniAzad/Content/Developers/Asus/Collections/' took 0.00s
[2023.05.06-20.17.00:571][  0]LogFileCache: Scanning file cache for directory 'E:/Asus/Documents/GitHub/TheTroubleMakers/Unreal Engine Project/SpeedLimit_UniAzad/Content/Collections/' took 0.00s
[2023.05.06-20.17.00:571][  0]LogOcInput: OculusInput pre-init called
[2023.05.06-20.17.00:699][  0]LogStreaming: Warning: Failed to read file '../../../Engine/Content/Editor/Slate/Niagara/MenuSeparator.png' error.
[2023.05.06-20.17.00:699][  0]LogSlate: Could not find file for Slate resource: ../../../Engine/Content/Editor/Slate/Niagara/MenuSeparator.png
[2023.05.06-20.17.00:699][  0]LogStreaming: Warning: Failed to read file '../../../Engine/Content/Editor/Slate/Niagara/Common/Selector.png' error.
[2023.05.06-20.17.00:699][  0]LogSlate: Could not find file for Slate resource: ../../../Engine/Content/Editor/Slate/Niagara/Common/Selector.png
[2023.05.06-20.17.00:699][  0]LogStreaming: Warning: Failed to read file '../../../Engine/Content/Editor/Slate/Niagara/Common/Selection.png' error.
[2023.05.06-20.17.00:699][  0]LogSlate: Could not find file for Slate resource: ../../../Engine/Content/Editor/Slate/Niagara/Common/Selection.png
[2023.05.06-20.17.00:699][  0]LogStreaming: Warning: Failed to read file '../../../Engine/Content/Editor/Slate/Niagara/Common/DropZoneIndicator_Above.png' error.
[2023.05.06-20.17.00:699][  0]LogSlate: Could not find file for Slate resource: ../../../Engine/Content/Editor/Slate/Niagara/Common/DropZoneIndicator_Above.png
[2023.05.06-20.17.00:699][  0]LogStreaming: Warning: Failed to read file '../../../Engine/Content/Editor/Slate/Niagara/Common/DropZoneIndicator_Onto.png' error.
[2023.05.06-20.17.00:699][  0]LogSlate: Could not find file for Slate resource: ../../../Engine/Content/Editor/Slate/Niagara/Common/DropZoneIndicator_Onto.png
[2023.05.06-20.17.00:699][  0]LogStreaming: Warning: Failed to read file '../../../Engine/Content/Editor/Slate/Niagara/Common/DropZoneIndicator_Below.png' error.
[2023.05.06-20.17.00:699][  0]LogSlate: Could not find file for Slate resource: ../../../Engine/Content/Editor/Slate/Niagara/Common/DropZoneIndicator_Below.png
[2023.05.06-20.17.00:699][  0]LogStreaming: Warning: Failed to read file '../../../Engine/Content/Editor/Slate/Niagara/Common/RoundedSelection_16x.png' error.
[2023.05.06-20.17.00:699][  0]LogSlate: Could not find file for Slate resource: ../../../Engine/Content/Editor/Slate/Niagara/Common/RoundedSelection_16x.png
[2023.05.06-20.17.00:699][  0]LogStreaming: Warning: Failed to read file '../../../Engine/Content/Editor/Slate/Niagara/Common/FlatButton.png' error.
[2023.05.06-20.17.00:699][  0]LogSlate: Could not find file for Slate resource: ../../../Engine/Content/Editor/Slate/Niagara/Common/FlatButton.png
[2023.05.06-20.17.00:699][  0]LogImageWrapper: Warning: PNG Warning: Duplicate iCCP chunk
[2023.05.06-20.17.00:699][  0]LogImageWrapper: Warning: PNG Warning: Duplicate iCCP chunk
[2023.05.06-20.17.00:754][  0]LogEngine: Initializing Engine...
[2023.05.06-20.17.00:755][  0]LogHMD: Failed to enumerate extensions. Please check that you have a valid OpenXR runtime installed.
[2023.05.06-20.17.00:756][  0]LogHMD: Failed to initialize OpenVR with code 110
[2023.05.06-20.17.00:756][  0]LogMagicLeap: Warning: VR disabled because ZI is not enabled.  To enable, in the editor, Edit -> Project Settings -> Plugins -> Magic Leap Plugin -> Enable Zero Iteration
[2023.05.06-20.17.00:756][  0]LogStats: UGameplayTagsManager::InitializeManager -  0.000 s
[2023.05.06-20.17.00:836][  0]LogInit: Initializing FReadOnlyCVARCache
[2023.05.06-20.17.00:841][  0]LogAIModule: Creating AISystem for world Untitled
[2023.05.06-20.17.00:848][  0]LogAudio: Display: Initializing Audio Device Manager...
[2023.05.06-20.17.00:850][  0]LogAudio: Display: Loading Default Audio Settings Objects...
[2023.05.06-20.17.00:851][  0]LogAudio: Display: No default SoundConcurrencyObject specified (or failed to load).
[2023.05.06-20.17.00:851][  0]LogAudio: Display: Audio Device Manager Initialized
[2023.05.06-20.17.00:851][  0]LogAudio: Display: Creating Audio Device:                 Id: 1, Scope: Shared, Realtime: True
[2023.05.06-20.17.00:851][  0]LogAudioMixer: Display: Audio Mixer Platform Settings:
[2023.05.06-20.17.00:851][  0]LogAudioMixer: Display: 	Sample Rate:						  48000
[2023.05.06-20.17.00:851][  0]LogAudioMixer: Display: 	Callback Buffer Frame Size Requested: 1024
[2023.05.06-20.17.00:851][  0]LogAudioMixer: Display: 	Callback Buffer Frame Size To Use:	  1024
[2023.05.06-20.17.00:851][  0]LogAudioMixer: Display: 	Number of buffers to queue:			  2
[2023.05.06-20.17.00:851][  0]LogAudioMixer: Display: 	Max Channels (voices):				  32
[2023.05.06-20.17.00:851][  0]LogAudioMixer: Display: 	Number of Async Source Workers:		  0
[2023.05.06-20.17.00:851][  0]LogAudio: Display: AudioDevice MaxSources: 32
[2023.05.06-20.17.00:851][  0]LogAudio: Display: Audio Spatialization Plugin: None (built-in).
[2023.05.06-20.17.00:851][  0]LogAudio: Display: Audio Reverb Plugin: None (built-in).
[2023.05.06-20.17.00:851][  0]LogAudio: Display: Audio Occlusion Plugin: None (built-in).
[2023.05.06-20.17.00:851][  0]LogAudioMixer: Display: Initializing audio mixer.
[2023.05.06-20.17.00:858][  0]LogAudioMixer: Display: 0: FrontLeft
[2023.05.06-20.17.00:858][  0]LogAudioMixer: Display: 1: FrontRight
[2023.05.06-20.17.00:874][  0]LogAudioMixer: Display: Using Audio Device Mi TV (HD Audio Driver for Display Audio)
[2023.05.06-20.17.00:876][  0]LogAudioMixer: Display: Initializing Sound Submixes...
[2023.05.06-20.17.00:877][  0]LogAudioMixer: Display: Creating Master Submix 'MasterSubmixDefault'
[2023.05.06-20.17.00:877][  0]LogAudioMixer: Display: Creating Master Submix 'MasterReverbSubmixDefault'
[2023.05.06-20.17.00:878][  0]LogAudioMixer: Display: Creating Master Submix 'MasterEQSubmixDefault'
[2023.05.06-20.17.00:878][  0]LogAudioMixer: FMixerPlatformXAudio2::StartAudioStream() called
[2023.05.06-20.17.00:878][  0]LogAudioMixer: Display: Output buffers initialized: Frames=1024, Channels=2, Samples=2048
[2023.05.06-20.17.00:879][  0]LogAudioMixer: Display: Starting AudioMixerPlatformInterface::RunInternal()
[2023.05.06-20.17.00:879][  0]LogAudioMixer: Display: FMixerPlatformXAudio2::SubmitBuffer() called for the first time
[2023.05.06-20.17.00:879][  0]LogInit: FAudioDevice initialized.
[2023.05.06-20.17.00:879][  0]LogAudio: Display: Audio Device (ID: 1) registered with world 'Untitled'.
[2023.05.06-20.17.00:879][  0]LogNetVersion: Set ProjectVersion to 1.0.0.0. Version Checksum will be recalculated on next use.
[2023.05.06-20.17.00:924][  0]LogDerivedDataCache: Saved boot cache 0.04s 95MB C:/Users/Asus/AppData/Local/UnrealEngine/4.27/DerivedDataCache/Boot.ddc.
[2023.05.06-20.17.00:925][  0]LogInit: Texture streaming: Enabled
[2023.05.06-20.17.00:932][  0]LogAnalytics: Display: [UEEditor.Rocket.Release] APIServer = https://datarouter.ol.epicgames.com/. AppVersion = 4.27.0-17155196+++UE4+Release-4.27
[2023.05.06-20.17.00:935][  0]LogEngineSessionManager: EngineSessionManager initialized
[2023.05.06-20.17.00:935][  0]LogEditorSessionSummary: Verbose: Initializing EditorSessionSummaryWriter for editor session tracking
[2023.05.06-20.17.00:935][  0]LogEditorSessionSummary: EditorSessionSummaryWriter initialized
[2023.05.06-20.17.00:951][  0]LogInit: Transaction tracking system initialized
[2023.05.06-20.17.00:965][  0]BlueprintLog: New page: Editor Load
[2023.05.06-20.17.01:000][  0]LocalizationService: Localization service is disabled
[2023.05.06-20.17.01:014][  0]TimingProfiler: Initialize
[2023.05.06-20.17.01:014][  0]TimingProfiler: OnSessionChanged
[2023.05.06-20.17.01:014][  0]LoadingProfiler: Initialize
[2023.05.06-20.17.01:014][  0]LoadingProfiler: OnSessionChanged
[2023.05.06-20.17.01:014][  0]NetworkingProfiler: Initialize
[2023.05.06-20.17.01:014][  0]NetworkingProfiler: OnSessionChanged
[2023.05.06-20.17.01:014][  0]MemoryProfiler: Initialize
[2023.05.06-20.17.01:014][  0]MemoryProfiler: OnSessionChanged
[2023.05.06-20.17.01:099][  0]LogCook: Display: CookSettings for Memory: MemoryMaxUsedVirtual 0MiB, MemoryMaxUsedPhysical 16384MiB, MemoryMinFreeVirtual 0MiB, MemoryMinFreePhysical 1024MiB
[2023.05.06-20.17.01:099][  0]LogCook: Display: Mobile HDR setting 1
[2023.05.06-20.17.01:152][  0]LogFileCache: Scanning file cache for directory 'E:/Asus/Documents/GitHub/TheTroubleMakers/Unreal Engine Project/SpeedLimit_UniAzad/Content/' took 0.00s
[2023.05.06-20.17.01:330][  0]LogStreaming: Warning: Failed to read file '../../../Engine/Content/Editor/Slate/Niagara/MenuSeparator.png' error.
[2023.05.06-20.17.01:330][  0]LogSlate: Could not find file for Slate resource: ../../../Engine/Content/Editor/Slate/Niagara/MenuSeparator.png
[2023.05.06-20.17.01:330][  0]LogStreaming: Warning: Failed to read file '../../../Engine/Content/Editor/Slate/Niagara/Common/Selector.png' error.
[2023.05.06-20.17.01:330][  0]LogSlate: Could not find file for Slate resource: ../../../Engine/Content/Editor/Slate/Niagara/Common/Selector.png
[2023.05.06-20.17.01:330][  0]LogStreaming: Warning: Failed to read file '../../../Engine/Content/Editor/Slate/Niagara/Common/Selection.png' error.
[2023.05.06-20.17.01:330][  0]LogSlate: Could not find file for Slate resource: ../../../Engine/Content/Editor/Slate/Niagara/Common/Selection.png
[2023.05.06-20.17.01:330][  0]LogStreaming: Warning: Failed to read file '../../../Engine/Content/Editor/Slate/Niagara/Common/DropZoneIndicator_Above.png' error.
[2023.05.06-20.17.01:330][  0]LogStreaming: Warning: Failed to read file '../../../Engine/Content/Editor/Slate/Niagara/Common/DropZoneIndicator_Onto.png' error.
[2023.05.06-20.17.01:330][  0]LogSlate: Could not find file for Slate resource: ../../../Engine/Content/Editor/Slate/Niagara/Common/DropZoneIndicator_Onto.png
[2023.05.06-20.17.01:330][  0]LogStreaming: Warning: Failed to read file '../../../Engine/Content/Editor/Slate/Niagara/Common/DropZoneIndicator_Below.png' error.
[2023.05.06-20.17.01:330][  0]LogSlate: Could not find file for Slate resource: ../../../Engine/Content/Editor/Slate/Niagara/Common/DropZoneIndicator_Below.png
[2023.05.06-20.17.01:330][  0]LogStreaming: Warning: Failed to read file '../../../Engine/Content/Editor/Slate/Niagara/Common/RoundedSelection_16x.png' error.
[2023.05.06-20.17.01:330][  0]LogSlate: Could not find file for Slate resource: ../../../Engine/Content/Editor/Slate/Niagara/Common/RoundedSelection_16x.png
[2023.05.06-20.17.01:330][  0]LogSlate: Could not find file for Slate resource: ../../../Engine/Content/Editor/Slate/Niagara/Common/DropZoneIndicator_Above.png
[2023.05.06-20.17.01:368][  0]LogStreaming: Warning: Failed to read file '../../../Engine/Content/Editor/Slate/Niagara/Common/FlatButton.png' error.
[2023.05.06-20.17.01:368][  0]LogSlate: Could not find file for Slate resource: ../../../Engine/Content/Editor/Slate/Niagara/Common/FlatButton.png
[2023.05.06-20.17.01:368][  0]LogImageWrapper: Warning: PNG Warning: Duplicate iCCP chunk
[2023.05.06-20.17.01:369][  0]LogImageWrapper: Warning: PNG Warning: Duplicate iCCP chunk
[2023.05.06-20.17.01:369][  0]LogInit: Display: Engine is initialized. Leaving FEngineLoop::Init()
[2023.05.06-20.17.01:370][  0]SourceControl: Source control is disabled
[2023.05.06-20.17.01:370][  0]LogUnrealEdMisc: Loading editor; pre map load, took 4.713
[2023.05.06-20.17.01:371][  0]LightingResults: New page: Lighting Build
[2023.05.06-20.17.01:371][  0]LogWorld: UWorld::CleanupWorld for Untitled, bSessionEnded=true, bCleanupResources=true
[2023.05.06-20.17.01:372][  0]LogSlate: InvalidateAllWidgets triggered.  All widgets were invalidated
[2023.05.06-20.17.01:372][  0]MapCheck: New page: Map Check
[2023.05.06-20.17.01:372][  0]LightingResults: New page: Lighting Build
[2023.05.06-20.17.01:375][  0]LogAudio: Display: Audio Device unregistered from world 'None'.
[2023.05.06-20.17.01:377][  0]LogUObjectHash: Compacting FUObjectHashTables data took   0.54ms
[2023.05.06-20.17.02:378][  0]LogMaterial: Display: Missing cached shadermap for air_Condition in PCD3D_SM5, Default, SM5 (DDC key hash: DF19E522F453F81DF3D6C33B7E38C077ECEB0518), compiling. 
[2023.05.06-20.17.02:379][  0]LogMaterial: Warning: [AssetLog] E:\Asus\Documents\GitHub\TheTroubleMakers\Unreal Engine Project\SpeedLimit_UniAzad\Content\TheTroubleMakers\MahlaRanjbar\MyBuilding\air_Condition.uasset: Failed to compile Material for platform PCD3D_SM5, Default Material will be used in game.
[2023.05.06-20.17.02:379][  0]LogMaterial: Display: 	(Node TextureSample) Texture Sample> Missing input texture
[2023.05.06-20.17.02:433][  0]LogAudio: Display: Audio Device (ID: 1) registered with world 'Minimal_Default'.
[2023.05.06-20.17.02:435][  0]LogAIModule: Creating AISystem for world Minimal_Default
[2023.05.06-20.17.02:450][  0]LogEditorServer: Finished looking for orphan Actors (0.000 secs)
[2023.05.06-20.17.02:473][  0]LogUObjectHash: Compacting FUObjectHashTables data took   0.74ms
[2023.05.06-20.17.02:473][  0]Cmd: MAP CHECKDEP NOCLEARLOG
[2023.05.06-20.17.02:474][  0]MapCheck: Map check complete: 0 Error(s), 0 Warning(s), took 0.11ms to complete.
[2023.05.06-20.17.02:474][  0]LogFileHelpers: Loading map 'Minimal_Default' took 1.103
[2023.05.06-20.17.02:476][  0]LogUnrealEdMisc: Total Editor Startup Time, took 5.819
[2023.05.06-20.17.02:586][  0]LogSlate: Updating window title bar state: overlay mode, drag disabled, window buttons hidden, title bar hidden
[2023.05.06-20.17.02:591][  0]LogSlate: Updating window title bar state: overlay mode, drag disabled, window buttons hidden, title bar hidden
[2023.05.06-20.17.02:596][  0]LogSlate: Updating window title bar state: overlay mode, drag disabled, window buttons hidden, title bar hidden
[2023.05.06-20.17.02:602][  0]LogSlate: Updating window title bar state: overlay mode, drag disabled, window buttons hidden, title bar hidden
[2023.05.06-20.17.02:614][  0]LogNativeClassHierarchy: Verbose: Native class hierarchy populated in 0.0093 seconds. Added 3822 classes and 928 folders.
[2023.05.06-20.17.02:616][  0]LogNativeClassHierarchy: Verbose: Native class hierarchy updated for 'WidgetCarousel' in 0.0002 seconds. Added 0 classes and 0 folders.
[2023.05.06-20.17.02:617][  0]LogPakFile: PakFile PrimaryIndexSize=187
[2023.05.06-20.17.02:617][  0]LogPakFile: PakFile PathHashIndexSize=101
[2023.05.06-20.17.02:617][  0]LogPakFile: PakFile FullDirectoryIndexSize=148
[2023.05.06-20.17.02:617][  0]LogShaderLibrary: Display: ShaderCodeLibraryPakFileMountedCallback: PakFile 'E:/Downloads/unreal_engine_v4.27_compiled/Unreal Engine v4.27 Compiled/FeaturePacks/FP_FirstPerson.upack' (chunk index -1, root 'root:/') mounted
[2023.05.06-20.17.02:617][  0]LogShaderLibrary: Display: ShaderCodeLibraryPakFileMountedCallback: pending pak file info (ChunkID:-1 Root:root:/ File:E:/Downloads/unreal_engine_v4.27_compiled/Unreal Engine v4.27 Compiled/FeaturePacks/FP_FirstPerson.upack)
[2023.05.06-20.17.02:617][  0]LogPakFile: OnPakFileMounted2Time == 0.000050
[2023.05.06-20.17.02:618][  0]LogPakFile: PakFile PrimaryIndexSize=189
[2023.05.06-20.17.02:618][  0]LogPakFile: PakFile PathHashIndexSize=101
[2023.05.06-20.17.02:618][  0]LogPakFile: PakFile FullDirectoryIndexSize=152
[2023.05.06-20.17.02:618][  0]LogShaderLibrary: Display: ShaderCodeLibraryPakFileMountedCallback: PakFile 'E:/Downloads/unreal_engine_v4.27_compiled/Unreal Engine v4.27 Compiled/FeaturePacks/FP_FirstPersonBP.upack' (chunk index -1, root 'root:/') mounted
[2023.05.06-20.17.02:618][  0]LogShaderLibrary: Display: ShaderCodeLibraryPakFileMountedCallback: pending pak file info (ChunkID:-1 Root:root:/ File:E:/Downloads/unreal_engine_v4.27_compiled/Unreal Engine v4.27 Compiled/FeaturePacks/FP_FirstPersonBP.upack)
[2023.05.06-20.17.02:618][  0]LogPakFile: OnPakFileMounted2Time == 0.000031
[2023.05.06-20.17.02:618][  0]LogPakFile: PakFile PrimaryIndexSize=191
[2023.05.06-20.17.02:618][  0]LogPakFile: PakFile PathHashIndexSize=101
[2023.05.06-20.17.02:618][  0]LogPakFile: PakFile FullDirectoryIndexSize=160
[2023.05.06-20.17.02:618][  0]LogShaderLibrary: Display: ShaderCodeLibraryPakFileMountedCallback: PakFile 'E:/Downloads/unreal_engine_v4.27_compiled/Unreal Engine v4.27 Compiled/FeaturePacks/MobileStarterContent.upack' (chunk index -1, root 'root:/') mounted
[2023.05.06-20.17.02:618][  0]LogShaderLibrary: Display: ShaderCodeLibraryPakFileMountedCallback: pending pak file info (ChunkID:-1 Root:root:/ File:E:/Downloads/unreal_engine_v4.27_compiled/Unreal Engine v4.27 Compiled/FeaturePacks/MobileStarterContent.upack)
[2023.05.06-20.17.02:618][  0]LogPakFile: OnPakFileMounted2Time == 0.000022
[2023.05.06-20.17.02:619][  0]LogPakFile: PakFile PrimaryIndexSize=185
[2023.05.06-20.17.02:619][  0]LogPakFile: PakFile PathHashIndexSize=101
[2023.05.06-20.17.02:619][  0]LogPakFile: PakFile FullDirectoryIndexSize=148
[2023.05.06-20.17.02:619][  0]LogShaderLibrary: Display: ShaderCodeLibraryPakFileMountedCallback: PakFile 'E:/Downloads/unreal_engine_v4.27_compiled/Unreal Engine v4.27 Compiled/FeaturePacks/StarterContent.upack' (chunk index -1, root 'root:/') mounted
[2023.05.06-20.17.02:619][  0]LogShaderLibrary: Display: ShaderCodeLibraryPakFileMountedCallback: pending pak file info (ChunkID:-1 Root:root:/ File:E:/Downloads/unreal_engine_v4.27_compiled/Unreal Engine v4.27 Compiled/FeaturePacks/StarterContent.upack)
[2023.05.06-20.17.02:619][  0]LogPakFile: OnPakFileMounted2Time == 0.000025
[2023.05.06-20.17.02:619][  0]LogPakFile: PakFile PrimaryIndexSize=190
[2023.05.06-20.17.02:619][  0]LogPakFile: PakFile PathHashIndexSize=101
[2023.05.06-20.17.02:619][  0]LogPakFile: PakFile FullDirectoryIndexSize=154
[2023.05.06-20.17.02:619][  0]LogShaderLibrary: Display: ShaderCodeLibraryPakFileMountedCallback: PakFile 'E:/Downloads/unreal_engine_v4.27_compiled/Unreal Engine v4.27 Compiled/FeaturePacks/TP_2DSideScroller.upack' (chunk index -1, root 'root:/') mounted
[2023.05.06-20.17.02:619][  0]LogShaderLibrary: Display: ShaderCodeLibraryPakFileMountedCallback: pending pak file info (ChunkID:-1 Root:root:/ File:E:/Downloads/unreal_engine_v4.27_compiled/Unreal Engine v4.27 Compiled/FeaturePacks/TP_2DSideScroller.upack)
[2023.05.06-20.17.02:619][  0]LogPakFile: OnPakFileMounted2Time == 0.000041
[2023.05.06-20.17.02:619][  0]LogPakFile: PakFile PrimaryIndexSize=192
[2023.05.06-20.17.02:619][  0]LogPakFile: PakFile PathHashIndexSize=101
[2023.05.06-20.17.02:619][  0]LogPakFile: PakFile FullDirectoryIndexSize=158
[2023.05.06-20.17.02:619][  0]LogShaderLibrary: Display: ShaderCodeLibraryPakFileMountedCallback: PakFile 'E:/Downloads/unreal_engine_v4.27_compiled/Unreal Engine v4.27 Compiled/FeaturePacks/TP_2DSideScrollerBP.upack' (chunk index -1, root 'root:/') mounted
[2023.05.06-20.17.02:619][  0]LogShaderLibrary: Display: ShaderCodeLibraryPakFileMountedCallback: pending pak file info (ChunkID:-1 Root:root:/ File:E:/Downloads/unreal_engine_v4.27_compiled/Unreal Engine v4.27 Compiled/FeaturePacks/TP_2DSideScrollerBP.upack)
[2023.05.06-20.17.02:619][  0]LogPakFile: OnPakFileMounted2Time == 0.000022
[2023.05.06-20.17.02:620][  0]LogPakFile: PakFile PrimaryIndexSize=182
[2023.05.06-20.17.02:620][  0]LogPakFile: PakFile PathHashIndexSize=101
[2023.05.06-20.17.02:620][  0]LogPakFile: PakFile FullDirectoryIndexSize=138
[2023.05.06-20.17.02:620][  0]LogShaderLibrary: Display: ShaderCodeLibraryPakFileMountedCallback: PakFile 'E:/Downloads/unreal_engine_v4.27_compiled/Unreal Engine v4.27 Compiled/FeaturePacks/TP_Flying.upack' (chunk index -1, root 'root:/') mounted
[2023.05.06-20.17.02:620][  0]LogShaderLibrary: Display: ShaderCodeLibraryPakFileMountedCallback: pending pak file info (ChunkID:-1 Root:root:/ File:E:/Downloads/unreal_engine_v4.27_compiled/Unreal Engine v4.27 Compiled/FeaturePacks/TP_Flying.upack)
[2023.05.06-20.17.02:620][  0]LogPakFile: OnPakFileMounted2Time == 0.000022
[2023.05.06-20.17.02:620][  0]LogPakFile: PakFile PrimaryIndexSize=184
[2023.05.06-20.17.02:620][  0]LogPakFile: PakFile PathHashIndexSize=101
[2023.05.06-20.17.02:620][  0]LogPakFile: PakFile FullDirectoryIndexSize=142
[2023.05.06-20.17.02:620][  0]LogShaderLibrary: Display: ShaderCodeLibraryPakFileMountedCallback: PakFile 'E:/Downloads/unreal_engine_v4.27_compiled/Unreal Engine v4.27 Compiled/FeaturePacks/TP_FlyingBP.upack' (chunk index -1, root 'root:/') mounted
[2023.05.06-20.17.02:620][  0]LogShaderLibrary: Display: ShaderCodeLibraryPakFileMountedCallback: pending pak file info (ChunkID:-1 Root:root:/ File:E:/Downloads/unreal_engine_v4.27_compiled/Unreal Engine v4.27 Compiled/FeaturePacks/TP_FlyingBP.upack)
[2023.05.06-20.17.02:620][  0]LogPakFile: OnPakFileMounted2Time == 0.000026
[2023.05.06-20.17.02:620][  0]LogPakFile: PakFile PrimaryIndexSize=188
[2023.05.06-20.17.02:620][  0]LogPakFile: PakFile PathHashIndexSize=101
[2023.05.06-20.17.02:620][  0]LogPakFile: PakFile FullDirectoryIndexSize=150
[2023.05.06-20.17.02:620][  0]LogShaderLibrary: Display: ShaderCodeLibraryPakFileMountedCallback: PakFile 'E:/Downloads/unreal_engine_v4.27_compiled/Unreal Engine v4.27 Compiled/FeaturePacks/TP_HandheldARBP.upack' (chunk index -1, root 'root:/') mounted
[2023.05.06-20.17.02:620][  0]LogShaderLibrary: Display: ShaderCodeLibraryPakFileMountedCallback: pending pak file info (ChunkID:-1 Root:root:/ File:E:/Downloads/unreal_engine_v4.27_compiled/Unreal Engine v4.27 Compiled/FeaturePacks/TP_HandheldARBP.upack)
[2023.05.06-20.17.02:621][  0]LogPakFile: OnPakFileMounted2Time == 0.000159
[2023.05.06-20.17.02:621][  0]LogPakFile: PakFile PrimaryIndexSize=182
[2023.05.06-20.17.02:621][  0]LogPakFile: PakFile PathHashIndexSize=101
[2023.05.06-20.17.02:621][  0]LogPakFile: PakFile FullDirectoryIndexSize=138
[2023.05.06-20.17.02:621][  0]LogShaderLibrary: Display: ShaderCodeLibraryPakFileMountedCallback: PakFile 'E:/Downloads/unreal_engine_v4.27_compiled/Unreal Engine v4.27 Compiled/FeaturePacks/TP_Puzzle.upack' (chunk index -1, root 'root:/') mounted
[2023.05.06-20.17.02:621][  0]LogShaderLibrary: Display: ShaderCodeLibraryPakFileMountedCallback: pending pak file info (ChunkID:-1 Root:root:/ File:E:/Downloads/unreal_engine_v4.27_compiled/Unreal Engine v4.27 Compiled/FeaturePacks/TP_Puzzle.upack)
[2023.05.06-20.17.02:621][  0]LogPakFile: OnPakFileMounted2Time == 0.000024
[2023.05.06-20.17.02:621][  0]LogPakFile: PakFile PrimaryIndexSize=184
[2023.05.06-20.17.02:621][  0]LogPakFile: PakFile PathHashIndexSize=101
[2023.05.06-20.17.02:621][  0]LogPakFile: PakFile FullDirectoryIndexSize=142
[2023.05.06-20.17.02:621][  0]LogShaderLibrary: Display: ShaderCodeLibraryPakFileMountedCallback: PakFile 'E:/Downloads/unreal_engine_v4.27_compiled/Unreal Engine v4.27 Compiled/FeaturePacks/TP_PuzzleBP.upack' (chunk index -1, root 'root:/') mounted
[2023.05.06-20.17.02:622][  0]LogShaderLibrary: Display: ShaderCodeLibraryPakFileMountedCallback: pending pak file info (ChunkID:-1 Root:root:/ File:E:/Downloads/unreal_engine_v4.27_compiled/Unreal Engine v4.27 Compiled/FeaturePacks/TP_PuzzleBP.upack)
[2023.05.06-20.17.02:622][  0]LogPakFile: OnPakFileMounted2Time == 0.000021
[2023.05.06-20.17.02:622][  0]LogPakFile: PakFile PrimaryIndexSize=183
[2023.05.06-20.17.02:622][  0]LogPakFile: PakFile PathHashIndexSize=101
[2023.05.06-20.17.02:622][  0]LogPakFile: PakFile FullDirectoryIndexSize=140
[2023.05.06-20.17.02:622][  0]LogShaderLibrary: Display: ShaderCodeLibraryPakFileMountedCallback: PakFile 'E:/Downloads/unreal_engine_v4.27_compiled/Unreal Engine v4.27 Compiled/FeaturePacks/TP_Rolling.upack' (chunk index -1, root 'root:/') mounted
[2023.05.06-20.17.02:622][  0]LogShaderLibrary: Display: ShaderCodeLibraryPakFileMountedCallback: pending pak file info (ChunkID:-1 Root:root:/ File:E:/Downloads/unreal_engine_v4.27_compiled/Unreal Engine v4.27 Compiled/FeaturePacks/TP_Rolling.upack)
[2023.05.06-20.17.02:622][  0]LogPakFile: OnPakFileMounted2Time == 0.000021
[2023.05.06-20.17.02:622][  0]LogPakFile: PakFile PrimaryIndexSize=185
[2023.05.06-20.17.02:622][  0]LogPakFile: PakFile PathHashIndexSize=101
[2023.05.06-20.17.02:622][  0]LogPakFile: PakFile FullDirectoryIndexSize=144
[2023.05.06-20.17.02:622][  0]LogShaderLibrary: Display: ShaderCodeLibraryPakFileMountedCallback: PakFile 'E:/Downloads/unreal_engine_v4.27_compiled/Unreal Engine v4.27 Compiled/FeaturePacks/TP_RollingBP.upack' (chunk index -1, root 'root:/') mounted
[2023.05.06-20.17.02:622][  0]LogShaderLibrary: Display: ShaderCodeLibraryPakFileMountedCallback: pending pak file info (ChunkID:-1 Root:root:/ File:E:/Downloads/unreal_engine_v4.27_compiled/Unreal Engine v4.27 Compiled/FeaturePacks/TP_RollingBP.upack)
[2023.05.06-20.17.02:622][  0]LogPakFile: OnPakFileMounted2Time == 0.000025
[2023.05.06-20.17.02:622][  0]LogPakFile: PakFile PrimaryIndexSize=188
[2023.05.06-20.17.02:622][  0]LogPakFile: PakFile PathHashIndexSize=101
[2023.05.06-20.17.02:622][  0]LogPakFile: PakFile FullDirectoryIndexSize=150
[2023.05.06-20.17.02:622][  0]LogShaderLibrary: Display: ShaderCodeLibraryPakFileMountedCallback: PakFile 'E:/Downloads/unreal_engine_v4.27_compiled/Unreal Engine v4.27 Compiled/FeaturePacks/TP_SideScroller.upack' (chunk index -1, root 'root:/') mounted
[2023.05.06-20.17.02:622][  0]LogShaderLibrary: Display: ShaderCodeLibraryPakFileMountedCallback: pending pak file info (ChunkID:-1 Root:root:/ File:E:/Downloads/unreal_engine_v4.27_compiled/Unreal Engine v4.27 Compiled/FeaturePacks/TP_SideScroller.upack)
[2023.05.06-20.17.02:622][  0]LogPakFile: OnPakFileMounted2Time == 0.000024
[2023.05.06-20.17.02:623][  0]LogPakFile: PakFile PrimaryIndexSize=190
[2023.05.06-20.17.02:623][  0]LogPakFile: PakFile PathHashIndexSize=101
[2023.05.06-20.17.02:623][  0]LogPakFile: PakFile FullDirectoryIndexSize=154
[2023.05.06-20.17.02:623][  0]LogShaderLibrary: Display: ShaderCodeLibraryPakFileMountedCallback: PakFile 'E:/Downloads/unreal_engine_v4.27_compiled/Unreal Engine v4.27 Compiled/FeaturePacks/TP_SideScrollerBP.upack' (chunk index -1, root 'root:/') mounted
[2023.05.06-20.17.02:623][  0]LogShaderLibrary: Display: ShaderCodeLibraryPakFileMountedCallback: pending pak file info (ChunkID:-1 Root:root:/ File:E:/Downloads/unreal_engine_v4.27_compiled/Unreal Engine v4.27 Compiled/FeaturePacks/TP_SideScrollerBP.upack)
[2023.05.06-20.17.02:623][  0]LogPakFile: OnPakFileMounted2Time == 0.000022
[2023.05.06-20.17.02:623][  0]LogPakFile: PakFile PrimaryIndexSize=187
[2023.05.06-20.17.02:623][  0]LogPakFile: PakFile PathHashIndexSize=101
[2023.05.06-20.17.02:623][  0]LogPakFile: PakFile FullDirectoryIndexSize=148
[2023.05.06-20.17.02:623][  0]LogShaderLibrary: Display: ShaderCodeLibraryPakFileMountedCallback: PakFile 'E:/Downloads/unreal_engine_v4.27_compiled/Unreal Engine v4.27 Compiled/FeaturePacks/TP_ThirdPerson.upack' (chunk index -1, root 'root:/') mounted
[2023.05.06-20.17.02:623][  0]LogShaderLibrary: Display: ShaderCodeLibraryPakFileMountedCallback: pending pak file info (ChunkID:-1 Root:root:/ File:E:/Downloads/unreal_engine_v4.27_compiled/Unreal Engine v4.27 Compiled/FeaturePacks/TP_ThirdPerson.upack)
[2023.05.06-20.17.02:623][  0]LogPakFile: OnPakFileMounted2Time == 0.000024
[2023.05.06-20.17.02:624][  0]LogPakFile: PakFile PrimaryIndexSize=189
[2023.05.06-20.17.02:624][  0]LogPakFile: PakFile PathHashIndexSize=101
[2023.05.06-20.17.02:624][  0]LogPakFile: PakFile FullDirectoryIndexSize=152
[2023.05.06-20.17.02:624][  0]LogShaderLibrary: Display: ShaderCodeLibraryPakFileMountedCallback: PakFile 'E:/Downloads/unreal_engine_v4.27_compiled/Unreal Engine v4.27 Compiled/FeaturePacks/TP_ThirdPersonBP.upack' (chunk index -1, root 'root:/') mounted
[2023.05.06-20.17.02:624][  0]LogShaderLibrary: Display: ShaderCodeLibraryPakFileMountedCallback: pending pak file info (ChunkID:-1 Root:root:/ File:E:/Downloads/unreal_engine_v4.27_compiled/Unreal Engine v4.27 Compiled/FeaturePacks/TP_ThirdPersonBP.upack)
[2023.05.06-20.17.02:624][  0]LogPakFile: OnPakFileMounted2Time == 0.000026
[2023.05.06-20.17.02:624][  0]LogPakFile: PakFile PrimaryIndexSize=183
[2023.05.06-20.17.02:624][  0]LogPakFile: PakFile PathHashIndexSize=101
[2023.05.06-20.17.02:624][  0]LogPakFile: PakFile FullDirectoryIndexSize=140
[2023.05.06-20.17.02:624][  0]LogShaderLibrary: Display: ShaderCodeLibraryPakFileMountedCallback: PakFile 'E:/Downloads/unreal_engine_v4.27_compiled/Unreal Engine v4.27 Compiled/FeaturePacks/TP_TopDown.upack' (chunk index -1, root 'root:/') mounted
[2023.05.06-20.17.02:624][  0]LogShaderLibrary: Display: ShaderCodeLibraryPakFileMountedCallback: pending pak file info (ChunkID:-1 Root:root:/ File:E:/Downloads/unreal_engine_v4.27_compiled/Unreal Engine v4.27 Compiled/FeaturePacks/TP_TopDown.upack)
[2023.05.06-20.17.02:624][  0]LogPakFile: OnPakFileMounted2Time == 0.000033
[2023.05.06-20.17.02:624][  0]LogPakFile: PakFile PrimaryIndexSize=185
[2023.05.06-20.17.02:624][  0]LogPakFile: PakFile PathHashIndexSize=101
[2023.05.06-20.17.02:624][  0]LogPakFile: PakFile FullDirectoryIndexSize=144
[2023.05.06-20.17.02:624][  0]LogShaderLibrary: Display: ShaderCodeLibraryPakFileMountedCallback: PakFile 'E:/Downloads/unreal_engine_v4.27_compiled/Unreal Engine v4.27 Compiled/FeaturePacks/TP_TopDownBP.upack' (chunk index -1, root 'root:/') mounted
[2023.05.06-20.17.02:624][  0]LogShaderLibrary: Display: ShaderCodeLibraryPakFileMountedCallback: pending pak file info (ChunkID:-1 Root:root:/ File:E:/Downloads/unreal_engine_v4.27_compiled/Unreal Engine v4.27 Compiled/FeaturePacks/TP_TopDownBP.upack)
[2023.05.06-20.17.02:624][  0]LogPakFile: OnPakFileMounted2Time == 0.000027
[2023.05.06-20.17.02:625][  0]LogPakFile: PakFile PrimaryIndexSize=185
[2023.05.06-20.17.02:625][  0]LogPakFile: PakFile PathHashIndexSize=101
[2023.05.06-20.17.02:625][  0]LogPakFile: PakFile FullDirectoryIndexSize=144
[2023.05.06-20.17.02:625][  0]LogShaderLibrary: Display: ShaderCodeLibraryPakFileMountedCallback: PakFile 'E:/Downloads/unreal_engine_v4.27_compiled/Unreal Engine v4.27 Compiled/FeaturePacks/TP_TwinStick.upack' (chunk index -1, root 'root:/') mounted
[2023.05.06-20.17.02:625][  0]LogShaderLibrary: Display: ShaderCodeLibraryPakFileMountedCallback: pending pak file info (ChunkID:-1 Root:root:/ File:E:/Downloads/unreal_engine_v4.27_compiled/Unreal Engine v4.27 Compiled/FeaturePacks/TP_TwinStick.upack)
[2023.05.06-20.17.02:625][  0]LogPakFile: OnPakFileMounted2Time == 0.000021
[2023.05.06-20.17.02:625][  0]LogPakFile: PakFile PrimaryIndexSize=187
[2023.05.06-20.17.02:625][  0]LogPakFile: PakFile PathHashIndexSize=101
[2023.05.06-20.17.02:625][  0]LogPakFile: PakFile FullDirectoryIndexSize=148
[2023.05.06-20.17.02:625][  0]LogShaderLibrary: Display: ShaderCodeLibraryPakFileMountedCallback: PakFile 'E:/Downloads/unreal_engine_v4.27_compiled/Unreal Engine v4.27 Compiled/FeaturePacks/TP_TwinStickBP.upack' (chunk index -1, root 'root:/') mounted
[2023.05.06-20.17.02:625][  0]LogShaderLibrary: Display: ShaderCodeLibraryPakFileMountedCallback: pending pak file info (ChunkID:-1 Root:root:/ File:E:/Downloads/unreal_engine_v4.27_compiled/Unreal Engine v4.27 Compiled/FeaturePacks/TP_TwinStickBP.upack)
[2023.05.06-20.17.02:625][  0]LogPakFile: OnPakFileMounted2Time == 0.000022
[2023.05.06-20.17.02:626][  0]LogPakFile: PakFile PrimaryIndexSize=183
[2023.05.06-20.17.02:626][  0]LogPakFile: PakFile PathHashIndexSize=101
[2023.05.06-20.17.02:626][  0]LogPakFile: PakFile FullDirectoryIndexSize=140
[2023.05.06-20.17.02:626][  0]LogShaderLibrary: Display: ShaderCodeLibraryPakFileMountedCallback: PakFile 'E:/Downloads/unreal_engine_v4.27_compiled/Unreal Engine v4.27 Compiled/FeaturePacks/TP_Vehicle.upack' (chunk index -1, root 'root:/') mounted
[2023.05.06-20.17.02:626][  0]LogShaderLibrary: Display: ShaderCodeLibraryPakFileMountedCallback: pending pak file info (ChunkID:-1 Root:root:/ File:E:/Downloads/unreal_engine_v4.27_compiled/Unreal Engine v4.27 Compiled/FeaturePacks/TP_Vehicle.upack)
[2023.05.06-20.17.02:626][  0]LogPakFile: OnPakFileMounted2Time == 0.000023
[2023.05.06-20.17.02:626][  0]LogPakFile: PakFile PrimaryIndexSize=186
[2023.05.06-20.17.02:626][  0]LogPakFile: PakFile PathHashIndexSize=101
[2023.05.06-20.17.02:626][  0]LogPakFile: PakFile FullDirectoryIndexSize=146
[2023.05.06-20.17.02:626][  0]LogShaderLibrary: Display: ShaderCodeLibraryPakFileMountedCallback: PakFile 'E:/Downloads/unreal_engine_v4.27_compiled/Unreal Engine v4.27 Compiled/FeaturePacks/TP_VehicleAdv.upack' (chunk index -1, root 'root:/') mounted
[2023.05.06-20.17.02:626][  0]LogShaderLibrary: Display: ShaderCodeLibraryPakFileMountedCallback: pending pak file info (ChunkID:-1 Root:root:/ File:E:/Downloads/unreal_engine_v4.27_compiled/Unreal Engine v4.27 Compiled/FeaturePacks/TP_VehicleAdv.upack)
[2023.05.06-20.17.02:626][  0]LogPakFile: OnPakFileMounted2Time == 0.000023
[2023.05.06-20.17.02:626][  0]LogPakFile: PakFile PrimaryIndexSize=188
[2023.05.06-20.17.02:626][  0]LogPakFile: PakFile PathHashIndexSize=101
[2023.05.06-20.17.02:626][  0]LogPakFile: PakFile FullDirectoryIndexSize=150
[2023.05.06-20.17.02:626][  0]LogShaderLibrary: Display: ShaderCodeLibraryPakFileMountedCallback: PakFile 'E:/Downloads/unreal_engine_v4.27_compiled/Unreal Engine v4.27 Compiled/FeaturePacks/TP_VehicleAdvBP.upack' (chunk index -1, root 'root:/') mounted
[2023.05.06-20.17.02:626][  0]LogShaderLibrary: Display: ShaderCodeLibraryPakFileMountedCallback: pending pak file info (ChunkID:-1 Root:root:/ File:E:/Downloads/unreal_engine_v4.27_compiled/Unreal Engine v4.27 Compiled/FeaturePacks/TP_VehicleAdvBP.upack)
[2023.05.06-20.17.02:626][  0]LogPakFile: OnPakFileMounted2Time == 0.000024
[2023.05.06-20.17.02:627][  0]LogPakFile: PakFile PrimaryIndexSize=185
[2023.05.06-20.17.02:627][  0]LogPakFile: PakFile PathHashIndexSize=101
[2023.05.06-20.17.02:627][  0]LogPakFile: PakFile FullDirectoryIndexSize=144
[2023.05.06-20.17.02:627][  0]LogShaderLibrary: Display: ShaderCodeLibraryPakFileMountedCallback: PakFile 'E:/Downloads/unreal_engine_v4.27_compiled/Unreal Engine v4.27 Compiled/FeaturePacks/TP_VehicleBP.upack' (chunk index -1, root 'root:/') mounted
[2023.05.06-20.17.02:627][  0]LogShaderLibrary: Display: ShaderCodeLibraryPakFileMountedCallback: pending pak file info (ChunkID:-1 Root:root:/ File:E:/Downloads/unreal_engine_v4.27_compiled/Unreal Engine v4.27 Compiled/FeaturePacks/TP_VehicleBP.upack)
[2023.05.06-20.17.02:627][  0]LogPakFile: OnPakFileMounted2Time == 0.000022
[2023.05.06-20.17.02:627][  0]LogPakFile: PakFile PrimaryIndexSize=192
[2023.05.06-20.17.02:627][  0]LogPakFile: PakFile PathHashIndexSize=101
[2023.05.06-20.17.02:627][  0]LogPakFile: PakFile FullDirectoryIndexSize=158
[2023.05.06-20.17.02:627][  0]LogShaderLibrary: Display: ShaderCodeLibraryPakFileMountedCallback: PakFile 'E:/Downloads/unreal_engine_v4.27_compiled/Unreal Engine v4.27 Compiled/FeaturePacks/TP_VirtualRealityBP.upack' (chunk index -1, root 'root:/') mounted
[2023.05.06-20.17.02:627][  0]LogShaderLibrary: Display: ShaderCodeLibraryPakFileMountedCallback: pending pak file info (ChunkID:-1 Root:root:/ File:E:/Downloads/unreal_engine_v4.27_compiled/Unreal Engine v4.27 Compiled/FeaturePacks/TP_VirtualRealityBP.upack)
[2023.05.06-20.17.02:627][  0]LogPakFile: OnPakFileMounted2Time == 0.000036
[2023.05.06-20.17.02:655][  0]LogNativeClassHierarchy: Verbose: Native class hierarchy updated for 'AddContentDialog' in 0.0002 seconds. Added 0 classes and 0 folders.
[2023.05.06-20.17.02:657][  0]LogNativeClassHierarchy: Verbose: Native class hierarchy updated for 'SceneOutliner' in 0.0002 seconds. Added 2 classes and 0 folders.
[2023.05.06-20.17.02:729][  0]LogSlate: Took 0.000147 seconds to synchronously load lazily loaded font '../../../Engine/Content/Slate/Fonts/Roboto-Regular.ttf' (155K)
[2023.05.06-20.17.02:731][  0]LogSlate: Took 0.000156 seconds to synchronously load lazily loaded font '../../../Engine/Content/Editor/Slate/Fonts/FontAwesome.ttf' (139K)
[2023.05.06-20.17.02:732][  0]LogSlate: Took 0.000126 seconds to synchronously load lazily loaded font '../../../Engine/Content/Slate/Fonts/Roboto-Bold.ttf' (160K)
[2023.05.06-20.17.02:797][  0]LogRenderer: Reallocating scene render targets to support 1108x548 Format 10 NumSamples 1 (Frame:1).
[2023.05.06-20.17.02:878][  0]LogNativeClassHierarchy: Verbose: Native class hierarchy updated for 'HierarchicalLODOutliner' in 0.0002 seconds. Added 0 classes and 0 folders.
[2023.05.06-20.17.02:878][  0]LogLoad: (Engine Initialization) Total time: 6.22 seconds
[2023.05.06-20.17.02:878][  0]LogLoad: (Engine Initialization) Total Blueprint compile time: 0.00 seconds
[2023.05.06-20.17.02:925][  0]LogAssetRegistry: Asset discovery search completed in 3.9353 seconds
[2023.05.06-20.17.02:929][  0]LogCollectionManager: Fixed up redirectors for 0 collections in 0.000004 seconds (updated 0 objects)
[2023.05.06-20.17.02:952][  0]LogContentStreaming: Texture pool size now 1000 MB
[2023.05.06-20.17.03:089][  3]LogSlate: Took 0.000245 seconds to synchronously load lazily loaded font '../../../Engine/Content/Slate/Fonts/Roboto-Light.ttf' (167K)
[2023.05.06-20.17.09:035][483]LogUObjectHash: Compacting FUObjectHashTables data took   0.47ms
[2023.05.06-20.17.10:354][483]LogSlate: Window 'Delete Assets' being destroyed
[2023.05.06-20.17.10:375][483]LogUObjectGlobals: Force Deleting 45 Package(s):
	Asset Name: /Game/TheTroubleMakers/Alikhorshidi/Asset/Material/05_CONCRETE_MWAY_SIDE_jpg5ac5788d-c995-4c22-a783-850124594bb3Larger.05_CONCRETE_MWAY_SIDE_jpg5ac5788d-c995-4c22-a783-850124594bb3Larger
	Asset Name: /Game/TheTroubleMakers/Alikhorshidi/Asset/Material/05_CONCRETE_MWAY_SIDE_jpg5ac5788d-c995-4c22-a783-850124594bb3Larger_ncl1_1.05_CONCRETE_MWAY_SIDE_jpg5ac5788d-c995-4c22-a783-850124594bb3Larger_ncl1_1
	Asset Name: /Game/TheTroubleMakers/Alikhorshidi/Asset/Material/05_CONCRETE_MWAY_SIDE_jpg5ac5788d-c995-4c22-a783-850124594bb3Larger_ncl1_2.05_CONCRETE_MWAY_SIDE_jpg5ac5788d-c995-4c22-a783-850124594bb3Larger_ncl1_2
	Asset Name: /Game/TheTroubleMakers/Alikhorshidi/Asset/Material/05_CONCRETE_MWAY_SIDE_jpg5ac5788d-c995-4c22-a783-850124594bb3Larger_ncl1_3.05_CONCRETE_MWAY_SIDE_jpg5ac5788d-c995-4c22-a783-850124594bb3Larger_ncl1_3
	Asset Name: /Game/TheTroubleMakers/Alikhorshidi/Asset/Material/05_CONCRETE_MWAY_SIDE_jpg5ac5788d-c995-4c22-a783-850124594bb3Larger_ncl1_4.05_CONCRETE_MWAY_SIDE_jpg5ac5788d-c995-4c22-a783-850124594bb3Larger_ncl1_4
	Asset Name: /Game/TheTroubleMakers/Alikhorshidi/Asset/Material/Base_Ground_Uni_f.Base_Ground_Uni_f
	Asset Name: /Game/TheTroubleMakers/Alikhorshidi/Asset/Material/Floor.Floor
	Asset Name: /Game/TheTroubleMakers/Alikhorshidi/Asset/Material/Floor_2.Floor_2
	Asset Name: /Game/TheTroubleMakers/Alikhorshidi/Asset/Material/Floor_2_001.Floor_2_001
	Asset Name: /Game/TheTroubleMakers/Alikhorshidi/Asset/Material/forrest_ground_01_diff_2k_ncl1_1.forrest_ground_01_diff_2k_ncl1_1
[2023.05.06-20.17.10:381][483]LogSlate: Took 0.000166 seconds to synchronously load lazily loaded font '../../../Engine/Content/Slate/Fonts/Roboto-Light.ttf' (167K)
[2023.05.06-20.17.11:555][483]LogMaterial: Display: Missing cached shadermap for Floor in PCD3D_SM5, Default, SM5 (DDC key hash: DF96828E0A456768D676EF60011846C72E89AB82), compiling. 
[2023.05.06-20.17.11:557][483]LogMaterial: Warning: [AssetLog] E:\Asus\Documents\GitHub\TheTroubleMakers\Unreal Engine Project\SpeedLimit_UniAzad\Content\TheTroubleMakers\Alikhorshidi\Asset\Material\Floor.uasset: Failed to compile Material for platform PCD3D_SM5, Default Material will be used in game.
[2023.05.06-20.17.11:557][483]LogMaterial: Display: 	(Node TextureSample) Texture Sample> Missing input texture
[2023.05.06-20.17.11:558][483]LogMaterial: Display: Missing cached shadermap for Floor_2 in PCD3D_SM5, Default, SM5 (DDC key hash: 254B0EF40295BC1D1EBAD92ECC3F46C27F6E6DCD), compiling. 
[2023.05.06-20.17.11:558][483]LogMaterial: Warning: [AssetLog] E:\Asus\Documents\GitHub\TheTroubleMakers\Unreal Engine Project\SpeedLimit_UniAzad\Content\TheTroubleMakers\Alikhorshidi\Asset\Material\Floor_2.uasset: Failed to compile Material for platform PCD3D_SM5, Default Material will be used in game.
[2023.05.06-20.17.11:558][483]LogMaterial: Display: 	(Node TextureSample) Texture Sample> Missing input texture
[2023.05.06-20.17.11:559][483]LogMaterial: Display: Missing cached shadermap for Floor_2_001 in PCD3D_SM5, Default, SM5 (DDC key hash: 5452843B7AD475F1FAB73FE63B0A395ED3872891), compiling. 
[2023.05.06-20.17.11:559][483]LogMaterial: Warning: [AssetLog] E:\Asus\Documents\GitHub\TheTroubleMakers\Unreal Engine Project\SpeedLimit_UniAzad\Content\TheTroubleMakers\Alikhorshidi\Asset\Material\Floor_2_001.uasset: Failed to compile Material for platform PCD3D_SM5, Default Material will be used in game.
[2023.05.06-20.17.11:559][483]LogMaterial: Display: 	(Node TextureSample) Texture Sample> Missing input texture
[2023.05.06-20.17.11:560][483]LogMaterial: Display: Missing cached shadermap for Ground in PCD3D_SM5, Default, SM5 (DDC key hash: EA5D46F59BCDFBDF4901639C936DC3E69AAEA1EB), compiling. 
[2023.05.06-20.17.11:560][483]LogMaterial: Warning: [AssetLog] E:\Asus\Documents\GitHub\TheTroubleMakers\Unreal Engine Project\SpeedLimit_UniAzad\Content\TheTroubleMakers\Alikhorshidi\Asset\Material\Ground.uasset: Failed to compile Material for platform PCD3D_SM5, Default Material will be used in game.
[2023.05.06-20.17.11:560][483]LogMaterial: Display: 	(Node TextureSample) Texture Sample> Missing input texture
[2023.05.06-20.17.11:560][483]LogMaterial: Display: Missing cached shadermap for Ground_001 in PCD3D_SM5, Default, SM5 (DDC key hash: 209F912AA51977B4F4A6A52FA88A4AAFD9E40B09), compiling. 
[2023.05.06-20.17.11:561][483]LogMaterial: Warning: [AssetLog] E:\Asus\Documents\GitHub\TheTroubleMakers\Unreal Engine Project\SpeedLimit_UniAzad\Content\TheTroubleMakers\Alikhorshidi\Asset\Material\Ground_001.uasset: Failed to compile Material for platform PCD3D_SM5, Default Material will be used in game.
[2023.05.06-20.17.11:561][483]LogMaterial: Display: 	(Node TextureSample) Texture Sample> Missing input texture
[2023.05.06-20.17.11:561][483]LogMaterial: Display: Missing cached shadermap for Ground_003 in PCD3D_SM5, Default, SM5 (DDC key hash: F89D0FE5202763BE174B4C2E9705E2B3A7C97F96), compiling. 
[2023.05.06-20.17.11:562][483]LogMaterial: Warning: [AssetLog] E:\Asus\Documents\GitHub\TheTroubleMakers\Unreal Engine Project\SpeedLimit_UniAzad\Content\TheTroubleMakers\Alikhorshidi\Asset\Material\Ground_003.uasset: Failed to compile Material for platform PCD3D_SM5, Default Material will be used in game.
[2023.05.06-20.17.11:562][483]LogMaterial: Display: 	(Node TextureSample) Texture Sample> Missing input texture
[2023.05.06-20.17.11:562][483]LogMaterial: Display: Missing cached shadermap for Ground_004 in PCD3D_SM5, Default, SM5 (DDC key hash: 929E4F1C6C7F74AEAEE6CFB2B7B5B03C94FBD1D0), compiling. 
[2023.05.06-20.17.11:563][483]LogMaterial: Warning: [AssetLog] E:\Asus\Documents\GitHub\TheTroubleMakers\Unreal Engine Project\SpeedLimit_UniAzad\Content\TheTroubleMakers\Alikhorshidi\Asset\Material\Ground_004.uasset: Failed to compile Material for platform PCD3D_SM5, Default Material will be used in game.
[2023.05.06-20.17.11:563][483]LogMaterial: Display: 	(Node TextureSample) Texture Sample> Missing input texture
[2023.05.06-20.17.11:563][483]LogMaterial: Display: Missing cached shadermap for Jadval in PCD3D_SM5, Default, SM5 (DDC key hash: E080ECE85F80AF09992CE1DFA3467F279EAAD77F), compiling. 
[2023.05.06-20.17.11:563][483]LogMaterial: Warning: [AssetLog] E:\Asus\Documents\GitHub\TheTroubleMakers\Unreal Engine Project\SpeedLimit_UniAzad\Content\TheTroubleMakers\Alikhorshidi\Asset\Material\Jadval.uasset: Failed to compile Material for platform PCD3D_SM5, Default Material will be used in game.
[2023.05.06-20.17.11:563][483]LogMaterial: Display: 	(Node TextureSample) Texture Sample> Missing input texture
[2023.05.06-20.17.11:564][483]LogMaterial: Display: Missing cached shadermap for Jadval_001 in PCD3D_SM5, Default, SM5 (DDC key hash: 073D36B1878D76BBC8A7BCB98F3942374C5CB4B5), compiling. 
[2023.05.06-20.17.11:564][483]LogMaterial: Warning: [AssetLog] E:\Asus\Documents\GitHub\TheTroubleMakers\Unreal Engine Project\SpeedLimit_UniAzad\Content\TheTroubleMakers\Alikhorshidi\Asset\Material\Jadval_001.uasset: Failed to compile Material for platform PCD3D_SM5, Default Material will be used in game.
[2023.05.06-20.17.11:564][483]LogMaterial: Display: 	(Node TextureSample) Texture Sample> Missing input texture
[2023.05.06-20.17.11:565][483]LogMaterial: Display: Missing cached shadermap for Jadval_002 in PCD3D_SM5, Default, SM5 (DDC key hash: E6F95CB5D0530F3035417ED679C60A765DEF120F), compiling. 
[2023.05.06-20.17.11:565][483]LogMaterial: Warning: [AssetLog] E:\Asus\Documents\GitHub\TheTroubleMakers\Unreal Engine Project\SpeedLimit_UniAzad\Content\TheTroubleMakers\Alikhorshidi\Asset\Material\Jadval_002.uasset: Failed to compile Material for platform PCD3D_SM5, Default Material will be used in game.
[2023.05.06-20.17.11:565][483]LogMaterial: Display: 	(Node TextureSample) Texture Sample> Missing input texture
[2023.05.06-20.17.11:566][483]LogMaterial: Display: Missing cached shadermap for Jadval_003 in PCD3D_SM5, Default, SM5 (DDC key hash: 4BDE8ECFFA6B23EF7B144CB283C928AAA676D3E1), compiling. 
[2023.05.06-20.17.11:566][483]LogMaterial: Warning: [AssetLog] E:\Asus\Documents\GitHub\TheTroubleMakers\Unreal Engine Project\SpeedLimit_UniAzad\Content\TheTroubleMakers\Alikhorshidi\Asset\Material\Jadval_003.uasset: Failed to compile Material for platform PCD3D_SM5, Default Material will be used in game.
[2023.05.06-20.17.11:566][483]LogMaterial: Display: 	(Node TextureSample) Texture Sample> Missing input texture
[2023.05.06-20.17.11:567][483]LogMaterial: Display: Missing cached shadermap for Jadval_004 in PCD3D_SM5, Default, SM5 (DDC key hash: 6C7B43433D2CEAD30F49DA9A83DFD1F32D883710), compiling. 
[2023.05.06-20.17.11:567][483]LogMaterial: Warning: [AssetLog] E:\Asus\Documents\GitHub\TheTroubleMakers\Unreal Engine Project\SpeedLimit_UniAzad\Content\TheTroubleMakers\Alikhorshidi\Asset\Material\Jadval_004.uasset: Failed to compile Material for platform PCD3D_SM5, Default Material will be used in game.
[2023.05.06-20.17.11:567][483]LogMaterial: Display: 	(Node TextureSample) Texture Sample> Missing input texture
[2023.05.06-20.17.11:568][483]LogMaterial: Display: Missing cached shadermap for mozaeik in PCD3D_SM5, Default, SM5 (DDC key hash: 8A6D4987C44D1DFD5BF25CED4AAE62090244C820), compiling. 
[2023.05.06-20.17.11:568][483]LogMaterial: Warning: [AssetLog] E:\Asus\Documents\GitHub\TheTroubleMakers\Unreal Engine Project\SpeedLimit_UniAzad\Content\TheTroubleMakers\Alikhorshidi\Asset\Material\mozaeik.uasset: Failed to compile Material for platform PCD3D_SM5, Default Material will be used in game.
[2023.05.06-20.17.11:568][483]LogMaterial: Display: 	(Node TextureSample) Texture Sample> Missing input texture
[2023.05.06-20.17.11:568][483]LogMaterial: Display: Missing cached shadermap for mozaeik_001 in PCD3D_SM5, Default, SM5 (DDC key hash: CFFBDADD2B14C45BCBD45E2EA848C5F2696A2B31), compiling. 
[2023.05.06-20.17.11:569][483]LogMaterial: Warning: [AssetLog] E:\Asus\Documents\GitHub\TheTroubleMakers\Unreal Engine Project\SpeedLimit_UniAzad\Content\TheTroubleMakers\Alikhorshidi\Asset\Material\mozaeik_001.uasset: Failed to compile Material for platform PCD3D_SM5, Default Material will be used in game.
[2023.05.06-20.17.11:569][483]LogMaterial: Display: 	(Node TextureSample) Texture Sample> Missing input texture
[2023.05.06-20.17.11:569][483]LogMaterial: Display: Missing cached shadermap for mozaeik_002 in PCD3D_SM5, Default, SM5 (DDC key hash: 012C98B074C086909DFBB267259D335013F54B47), compiling. 
[2023.05.06-20.17.11:570][483]LogMaterial: Warning: [AssetLog] E:\Asus\Documents\GitHub\TheTroubleMakers\Unreal Engine Project\SpeedLimit_UniAzad\Content\TheTroubleMakers\Alikhorshidi\Asset\Material\mozaeik_002.uasset: Failed to compile Material for platform PCD3D_SM5, Default Material will be used in game.
[2023.05.06-20.17.11:570][483]LogMaterial: Display: 	(Node TextureSample) Texture Sample> Missing input texture
[2023.05.06-20.17.11:570][483]LogMaterial: Display: Missing cached shadermap for Road in PCD3D_SM5, Default, SM5 (DDC key hash: E37EBB6DBD16EBD612EF5D293B7208B1C060C728), compiling. 
[2023.05.06-20.17.11:571][483]LogMaterial: Warning: [AssetLog] E:\Asus\Documents\GitHub\TheTroubleMakers\Unreal Engine Project\SpeedLimit_UniAzad\Content\TheTroubleMakers\Alikhorshidi\Asset\Material\Road.uasset: Failed to compile Material for platform PCD3D_SM5, Default Material will be used in game.
[2023.05.06-20.17.11:571][483]LogMaterial: Display: 	(Node TextureSample) Texture Sample> Missing input texture
[2023.05.06-20.17.11:571][483]LogMaterial: Display: Missing cached shadermap for Road_001 in PCD3D_SM5, Default, SM5 (DDC key hash: 04E35ABE7B135305479EB8077E7F6D150F9B7E7B), compiling. 
[2023.05.06-20.17.11:571][483]LogMaterial: Warning: [AssetLog] E:\Asus\Documents\GitHub\TheTroubleMakers\Unreal Engine Project\SpeedLimit_UniAzad\Content\TheTroubleMakers\Alikhorshidi\Asset\Material\Road_001.uasset: Failed to compile Material for platform PCD3D_SM5, Default Material will be used in game.
[2023.05.06-20.17.11:571][483]LogMaterial: Display: 	(Node TextureSample) Texture Sample> Missing input texture
[2023.05.06-20.17.11:572][483]LogMaterial: Display: Missing cached shadermap for Road_002 in PCD3D_SM5, Default, SM5 (DDC key hash: 686563211D53E525E6CC13811E05644EB87A0F5A), compiling. 
[2023.05.06-20.17.11:572][483]LogMaterial: Warning: [AssetLog] E:\Asus\Documents\GitHub\TheTroubleMakers\Unreal Engine Project\SpeedLimit_UniAzad\Content\TheTroubleMakers\Alikhorshidi\Asset\Material\Road_002.uasset: Failed to compile Material for platform PCD3D_SM5, Default Material will be used in game.
[2023.05.06-20.17.11:572][483]LogMaterial: Display: 	(Node TextureSample) Texture Sample> Missing input texture
[2023.05.06-20.17.21:430][483]LogUObjectHash: Compacting FUObjectHashTables data took   0.57ms
[2023.05.06-20.17.21:454][483]LogUObjectHash: Compacting FUObjectHashTables data took   0.22ms
[2023.05.06-20.17.21:459][483]LogUObjectHash: Compacting FUObjectHashTables data took   0.22ms
[2023.05.06-20.17.21:462][483]LogUObjectHash: Compacting FUObjectHashTables data took   0.22ms
[2023.05.06-20.17.21:467][483]LogUObjectHash: Compacting FUObjectHashTables data took   0.22ms
[2023.05.06-20.17.21:471][483]LogUObjectHash: Compacting FUObjectHashTables data took   0.22ms
[2023.05.06-20.17.21:476][483]LogUObjectHash: Compacting FUObjectHashTables data took   0.25ms
[2023.05.06-20.17.21:480][483]LogUObjectHash: Compacting FUObjectHashTables data took   0.22ms
[2023.05.06-20.17.21:486][483]LogUObjectHash: Compacting FUObjectHashTables data took   0.23ms
[2023.05.06-20.17.21:491][483]LogUObjectHash: Compacting FUObjectHashTables data took   0.22ms
[2023.05.06-20.17.21:494][483]LogUObjectHash: Compacting FUObjectHashTables data took   0.24ms
[2023.05.06-20.17.21:499][483]LogUObjectHash: Compacting FUObjectHashTables data took   0.23ms
[2023.05.06-20.17.21:504][483]LogUObjectHash: Compacting FUObjectHashTables data took   0.23ms
[2023.05.06-20.17.21:508][483]LogUObjectHash: Compacting FUObjectHashTables data took   0.25ms
[2023.05.06-20.17.21:513][483]LogUObjectHash: Compacting FUObjectHashTables data took   0.22ms
[2023.05.06-20.17.21:516][483]LogUObjectHash: Compacting FUObjectHashTables data took   0.22ms
[2023.05.06-20.17.21:520][483]LogUObjectHash: Compacting FUObjectHashTables data took   0.22ms
[2023.05.06-20.17.21:525][483]LogUObjectHash: Compacting FUObjectHashTables data took   0.22ms
[2023.05.06-20.17.21:529][483]LogUObjectHash: Compacting FUObjectHashTables data took   0.21ms
[2023.05.06-20.17.21:533][483]LogUObjectHash: Compacting FUObjectHashTables data took   0.21ms
[2023.05.06-20.17.21:536][483]LogUObjectHash: Compacting FUObjectHashTables data took   0.22ms
[2023.05.06-20.17.21:541][483]LogUObjectHash: Compacting FUObjectHashTables data took   0.21ms
[2023.05.06-20.17.21:544][483]LogUObjectHash: Compacting FUObjectHashTables data took   0.24ms
[2023.05.06-20.17.21:549][483]LogUObjectHash: Compacting FUObjectHashTables data took   0.24ms
[2023.05.06-20.17.21:553][483]LogUObjectHash: Compacting FUObjectHashTables data took   0.21ms
[2023.05.06-20.17.21:557][483]LogUObjectHash: Compacting FUObjectHashTables data took   0.22ms
[2023.05.06-20.17.21:560][483]LogUObjectHash: Compacting FUObjectHashTables data took   0.22ms
[2023.05.06-20.17.21:565][483]LogUObjectHash: Compacting FUObjectHashTables data took   0.22ms
[2023.05.06-20.17.21:568][483]LogUObjectHash: Compacting FUObjectHashTables data took   0.22ms
[2023.05.06-20.17.21:573][483]LogUObjectHash: Compacting FUObjectHashTables data took   0.22ms
[2023.05.06-20.17.21:577][483]LogUObjectHash: Compacting FUObjectHashTables data took   0.21ms
[2023.05.06-20.17.21:582][483]LogUObjectHash: Compacting FUObjectHashTables data took   0.22ms
[2023.05.06-20.17.21:587][483]LogUObjectHash: Compacting FUObjectHashTables data took   0.22ms
[2023.05.06-20.17.21:591][483]LogUObjectHash: Compacting FUObjectHashTables data took   0.23ms
[2023.05.06-20.17.21:596][483]LogUObjectHash: Compacting FUObjectHashTables data took   0.24ms
[2023.05.06-20.17.21:600][483]LogUObjectHash: Compacting FUObjectHashTables data took   0.25ms
[2023.05.06-20.17.21:604][483]LogUObjectHash: Compacting FUObjectHashTables data took   0.22ms
[2023.05.06-20.17.21:607][483]LogUObjectHash: Compacting FUObjectHashTables data took   0.22ms
[2023.05.06-20.17.21:612][483]LogUObjectHash: Compacting FUObjectHashTables data took   0.22ms
[2023.05.06-20.17.21:616][483]LogUObjectHash: Compacting FUObjectHashTables data took   0.22ms
[2023.05.06-20.17.21:620][483]LogUObjectHash: Compacting FUObjectHashTables data took   0.22ms
[2023.05.06-20.17.21:625][483]LogUObjectHash: Compacting FUObjectHashTables data took   0.22ms
[2023.05.06-20.17.21:628][483]LogUObjectHash: Compacting FUObjectHashTables data took   0.22ms
[2023.05.06-20.17.21:633][483]LogUObjectHash: Compacting FUObjectHashTables data took   0.23ms
[2023.05.06-20.17.21:636][483]LogUObjectHash: Compacting FUObjectHashTables data took   0.22ms
[2023.05.06-20.17.21:641][483]LogUObjectHash: Compacting FUObjectHashTables data took   0.49ms
[2023.05.06-20.17.21:646][483]LogUObjectHash: Compacting FUObjectHashTables data took   0.21ms
[2023.05.06-20.17.33:628][507]LogFactory: FactoryCreateFile: StaticMesh with FbxFactory (0 0 ../../../../../../Asus/Documents/GitHub/TheTroubleMakers/University Environment Assets/Road/Base_Ground_Uni_f2.fbx)
[2023.05.06-20.17.33:637][507]LogFbx: Loading FBX Scene from ../../../../../../Asus/Documents/GitHub/TheTroubleMakers/University Environment Assets/Road/Base_Ground_Uni_f2.fbx
[2023.05.06-20.17.33:667][507]LogFbx: FBX Scene Loaded Succesfully
[2023.05.06-20.17.34:963][507]LogSlate: Window 'FBX Import Options' being destroyed
[2023.05.06-20.17.34:977][507]LogMaterial: Display: Missing cached shadermap for Main_001 in PCD3D_SM5, Default, SM5 (DDC key hash: 8D13D760FB7D3FECB07B65A6C79DCDE18BE65BEF), compiling. 
[2023.05.06-20.17.34:982][507]LogTexture: Display: Building textures: GraphicsCrate-Road_Texture_02_prev_sm (BGRA8, 426X239)
[2023.05.06-20.17.34:991][507]LogMaterial: Display: Missing cached shadermap for Road_001 in PCD3D_SM5, Default, SM5 (DDC key hash: DD9F933965FA99DF920DC050BAF253C74CF17876), compiling. 
[2023.05.06-20.17.34:996][507]LogTexture: Display: Building textures: 05_CONCRETE_MWAY_SIDE_jpg5ac5788d-c995-4c22-a783-850124594bb3Larger (BGRA8, 600X217)
[2023.05.06-20.17.35:003][507]LogMaterial: Display: Missing cached shadermap for Jadval_001 in PCD3D_SM5, Default, SM5 (DDC key hash: A5EFA0E81976E6ACE96C6794CC4BE3DBEEE13B86), compiling. 
[2023.05.06-20.17.35:045][507]LogTexture: Display: Building textures: forrest_ground_01_diff_2k (OODLE_AutoDXT, 2048X2048)
[2023.05.06-20.17.35:515][507]LogTextureFormatOodle: Display: non-RDO encode 2048 x 2048 x 1 to format OODLE_AutoDXT (Oodle OodleTex_BC1_WithTransparency) lambda=0 effort=20 
[2023.05.06-20.17.35:517][507]LogTextureFormatOodle: Display: non-RDO encode 1024 x 1024 x 1 to format OODLE_AutoDXT (Oodle OodleTex_BC1_WithTransparency) lambda=0 effort=20 
[2023.05.06-20.17.35:532][507]LogMaterial: Display: Missing cached shadermap for Ground_001 in PCD3D_SM5, Default, SM5 (DDC key hash: A77D91F54FA2A07CBB8C89C22CA1298F1A93A4DD), compiling. 
[2023.05.06-20.17.35:587][507]LogTexture: Display: Building textures: Shoe_Stones_-_www_IranDWG_com__6_ (BGRA8, 2754X2768)
[2023.05.06-20.17.35:752][507]LogMaterial: Display: Missing cached shadermap for mozaeik_001 in PCD3D_SM5, Default, SM5 (DDC key hash: 502E0E5BF4CE259C0992C8466670483D229C0710), compiling. 
[2023.05.06-20.17.35:764][507]LogMaterial: Display: Missing cached shadermap for Main_003 in PCD3D_SM5, Default, SM5 (DDC key hash: 6B75D3DE32DCA23B9268D0CFB72664AE7FD89054), compiling. 
[2023.05.06-20.17.35:771][507]LogTexture: Display: Building textures: GraphicsCrate-Road_Texture_02_prev_sm_ncl1_1 (BGRA8, 426X239)
[2023.05.06-20.17.35:778][507]LogMaterial: Display: Missing cached shadermap for Road in PCD3D_SM5, Default, SM5 (DDC key hash: FE069CDB5C87AE6DBE326284BD8EA97E53D5C07A), compiling. 
[2023.05.06-20.17.35:782][507]LogTexture: Display: Building textures: 05_CONCRETE_MWAY_SIDE_jpg5ac5788d-c995-4c22-a783-850124594bb3Larger_ncl1_1 (BGRA8, 600X217)
[2023.05.06-20.17.35:806][507]LogMaterial: Display: Missing cached shadermap for Jadval_003 in PCD3D_SM5, Default, SM5 (DDC key hash: 79545264B5BA3922927575E635C07C6F67C7D8B0), compiling. 
[2023.05.06-20.17.35:843][507]LogTexture: Display: Building textures: forrest_ground_01_diff_2k_ncl1_1 (OODLE_AutoDXT, 2048X2048)
[2023.05.06-20.17.36:345][507]LogTextureFormatOodle: Display: non-RDO encode 1024 x 1024 x 1 to format OODLE_AutoDXT (Oodle OodleTex_BC1_WithTransparency) lambda=0 effort=20 
[2023.05.06-20.17.36:345][507]LogTextureFormatOodle: Display: non-RDO encode 2048 x 2048 x 1 to format OODLE_AutoDXT (Oodle OodleTex_BC1_WithTransparency) lambda=0 effort=20 
[2023.05.06-20.17.36:356][507]LogMaterial: Display: Missing cached shadermap for Ground_003 in PCD3D_SM5, Default, SM5 (DDC key hash: 655A497241F582D0E10AEB3F9E5E0AE5845017FF), compiling. 
[2023.05.06-20.17.36:415][507]LogTexture: Display: Building textures: Shoe_Stones_-_www_IranDWG_com__6__ncl1_1 (BGRA8, 2754X2768)
[2023.05.06-20.17.36:564][507]LogMaterial: Display: Missing cached shadermap for mozaeik_003 in PCD3D_SM5, Default, SM5 (DDC key hash: 1CAEBA8852FDBD11B5D19D1E53D89260624C2BB5), compiling. 
[2023.05.06-20.17.36:575][507]LogMaterial: Display: Missing cached shadermap for Main_002 in PCD3D_SM5, Default, SM5 (DDC key hash: B4A929C049F84F6179AC71515A64DDBA73B84055), compiling. 
[2023.05.06-20.17.36:581][507]LogTexture: Display: Building textures: GraphicsCrate-Road_Texture_02_prev_sm_ncl1_2 (BGRA8, 426X239)
[2023.05.06-20.17.36:587][507]LogMaterial: Display: Missing cached shadermap for Road_002 in PCD3D_SM5, Default, SM5 (DDC key hash: 7C9F132831D7CF312C9AFC5363BBAD0484A7FDAE), compiling. 
[2023.05.06-20.17.36:592][507]LogTexture: Display: Building textures: 05_CONCRETE_MWAY_SIDE_jpg5ac5788d-c995-4c22-a783-850124594bb3Larger_ncl1_2 (BGRA8, 600X217)
[2023.05.06-20.17.36:602][507]LogMaterial: Display: Missing cached shadermap for Jadval_002 in PCD3D_SM5, Default, SM5 (DDC key hash: CC57903386F44B1D87D7E30391D8613EDFB56C6E), compiling. 
[2023.05.06-20.17.36:662][507]LogTexture: Display: Building textures: Shoe_Stones_-_www_IranDWG_com__6__ncl1_2 (BGRA8, 2754X2768)
[2023.05.06-20.17.36:808][507]LogMaterial: Display: Missing cached shadermap for mozaeik_002 in PCD3D_SM5, Default, SM5 (DDC key hash: 48A3EE77DF56DF59C064F732363E98B1996B8DC5), compiling. 
[2023.05.06-20.17.36:819][507]LogMaterial: Display: Missing cached shadermap for Main_004 in PCD3D_SM5, Default, SM5 (DDC key hash: F39F93F33BE391CEAF0B0ABDCAE129C669D32CA6), compiling. 
[2023.05.06-20.17.36:831][507]LogTexture: Display: Building textures: Venexia-Tile-822x8-Giudecca-650x650 (BGRA8, 650X650)
[2023.05.06-20.17.36:842][507]LogMaterial: Display: Missing cached shadermap for Floor in PCD3D_SM5, Default, SM5 (DDC key hash: 4F1B2FBA714BDB1295F34B98AD0CBF53599BA817), compiling. 
[2023.05.06-20.17.36:855][507]LogMaterial: Display: Missing cached shadermap for Main_005 in PCD3D_SM5, Default, SM5 (DDC key hash: 162D86749A51B5BA45F8D7826520E6895EB6A111), compiling. 
[2023.05.06-20.17.36:861][507]LogTexture: Display: Building textures: Shoe_Stones_-_www_IranDWG_com__5_ (BGRA8, 700X691)
[2023.05.06-20.17.36:872][507]LogMaterial: Display: Missing cached shadermap for Floor_2_001 in PCD3D_SM5, Default, SM5 (DDC key hash: 17188946E95496F15C043D0B9448A78D0B70ED84), compiling. 
[2023.05.06-20.17.36:884][507]LogMaterial: Display: Missing cached shadermap for Main_006 in PCD3D_SM5, Default, SM5 (DDC key hash: B9C7521099B347997F5D5D46B8F196B4FDDEBC3F), compiling. 
[2023.05.06-20.17.36:919][507]LogTexture: Display: Building textures: forrest_ground_01_diff_2k_ncl1_3 (OODLE_AutoDXT, 2048X2048)
[2023.05.06-20.17.37:388][507]LogTextureFormatOodle: Display: non-RDO encode 2048 x 2048 x 1 to format OODLE_AutoDXT (Oodle OodleTex_BC1_WithTransparency) lambda=0 effort=20 
[2023.05.06-20.17.37:388][507]LogTextureFormatOodle: Display: non-RDO encode 1024 x 1024 x 1 to format OODLE_AutoDXT (Oodle OodleTex_BC1_WithTransparency) lambda=0 effort=20 
[2023.05.06-20.17.37:398][507]LogMaterial: Display: Missing cached shadermap for Ground_004 in PCD3D_SM5, Default, SM5 (DDC key hash: 91658DCAA986C7EF1CCD0BE5F27EF8679F55D8F9), compiling. 
[2023.05.06-20.17.37:401][507]LogTexture: Display: Building textures: 05_CONCRETE_MWAY_SIDE_jpg5ac5788d-c995-4c22-a783-850124594bb3Larger_ncl1_3 (BGRA8, 600X217)
[2023.05.06-20.17.37:411][507]LogMaterial: Display: Missing cached shadermap for Jadval_004 in PCD3D_SM5, Default, SM5 (DDC key hash: DA0B34BF49051AC3A09629690ED3086E5C27B3E7), compiling. 
[2023.05.06-20.17.37:422][507]LogMaterial: Display: Missing cached shadermap for Main_007 in PCD3D_SM5, Default, SM5 (DDC key hash: 7604658A8A90B5AEDF9FAA0F771E5014CE4743A8), compiling. 
[2023.05.06-20.17.37:425][507]LogTexture: Display: Building textures: 05_CONCRETE_MWAY_SIDE_jpg5ac5788d-c995-4c22-a783-850124594bb3Larger_ncl1_4 (BGRA8, 600X217)
[2023.05.06-20.17.37:434][507]LogMaterial: Display: Missing cached shadermap for Jadval in PCD3D_SM5, Default, SM5 (DDC key hash: A06C83C4156ADAB92BB10B00DD5574B878EA8FDA), compiling. 
[2023.05.06-20.17.37:469][507]LogTexture: Display: Building textures: forrest_ground_01_diff_2k_ncl1_4 (OODLE_AutoDXT, 2048X2048)
[2023.05.06-20.17.37:923][507]LogTextureFormatOodle: Display: non-RDO encode 1024 x 1024 x 1 to format OODLE_AutoDXT (Oodle OodleTex_BC1_WithTransparency) lambda=0 effort=20 
[2023.05.06-20.17.37:923][507]LogTextureFormatOodle: Display: non-RDO encode 2048 x 2048 x 1 to format OODLE_AutoDXT (Oodle OodleTex_BC1_WithTransparency) lambda=0 effort=20 
[2023.05.06-20.17.37:934][507]LogMaterial: Display: Missing cached shadermap for Ground in PCD3D_SM5, Default, SM5 (DDC key hash: 659EA2DD498080CA639A0E7CF6E2A0CCD47B8632), compiling. 
[2023.05.06-20.17.37:944][507]LogMaterial: Display: Missing cached shadermap for Main_008 in PCD3D_SM5, Default, SM5 (DDC key hash: 90F2A736E857BF232C6667C75BD4AFDB2C60A1F0), compiling. 
[2023.05.06-20.17.37:951][507]LogTexture: Display: Building textures: Shoe_Stones_-_www_IranDWG_com__5__ncl1_1 (BGRA8, 700X691)
[2023.05.06-20.17.37:962][507]LogMaterial: Display: Missing cached shadermap for Floor_2 in PCD3D_SM5, Default, SM5 (DDC key hash: 721DD48FE6E85B26D45C8969C973A26F5C37555F), compiling. 
[2023.05.06-20.17.37:974][507]LogMaterial: Display: Missing cached shadermap for Main in PCD3D_SM5, Default, SM5 (DDC key hash: 33EF17710EA629E73E8DFB58169EC341ED08A7A4), compiling. 
[2023.05.06-20.17.38:029][507]LogTexture: Display: Building textures: Shoe_Stones_-_www_IranDWG_com__6__ncl1_3 (BGRA8, 2754X2768)
[2023.05.06-20.17.38:197][507]LogMaterial: Display: Missing cached shadermap for mozaeik in PCD3D_SM5, Default, SM5 (DDC key hash: 1E4F4C19353C91C2333E7035FDB460B709DC825B), compiling. 
[2023.05.06-20.17.38:199][507]LogFbx: Display: Triangulating static mesh Cylinder.003
[2023.05.06-20.17.39:418][507]LogStaticMesh: Building static mesh Base_Ground_Uni_f2...
[2023.05.06-20.17.40:883][507]LogStaticMesh: Built static mesh [1.47s] /Game/TheTroubleMakers/Alikhorshidi/Asset/Material/Base_Ground_Uni_f2.Base_Ground_Uni_f2
[2023.05.06-20.17.41:062][507]LogStaticMesh: Warning: Base_Ground_Uni_f2 has degenerate tangent bases which will result in incorrect shading.  MikkTSpace relies on tangent bases and may result in mesh corruption, consider disabling this option.
[2023.05.06-20.17.41:062][507]LogStaticMesh: Warning: Base_Ground_Uni_f2 has some nearly zero bi-normals which can create some issues. (Tolerance of 1E-4)
[2023.05.06-20.17.41:240][507]FBXImport: FBX Scene Loading: Found texture name clash, name clash can be wrongly reassign at reimport , texture 'GraphicsCrate-Road_Texture_02_prev_sm' was renamed 'GraphicsCrate-Road_Texture_02_prev_sm_ncl1_1' 
[2023.05.06-20.17.41:240][507]FBXImport: FBX Scene Loading: Found texture name clash, name clash can be wrongly reassign at reimport , texture '05_CONCRETE_MWAY_SIDE_jpg5ac5788d-c995-4c22-a783-850124594bb3Larger' was renamed '05_CONCRETE_MWAY_SIDE_jpg5ac5788d-c995-4c22-a783-850124594bb3Larger_ncl1_1' 
[2023.05.06-20.17.41:240][507]FBXImport: FBX Scene Loading: Found texture name clash, name clash can be wrongly reassign at reimport , texture 'forrest_ground_01_diff_2k' was renamed 'forrest_ground_01_diff_2k_ncl1_1' 
[2023.05.06-20.17.41:240][507]FBXImport: FBX Scene Loading: Found texture name clash, name clash can be wrongly reassign at reimport , texture 'Shoe_Stones_-_www_IranDWG_com__6_' was renamed 'Shoe_Stones_-_www_IranDWG_com__6__ncl1_1' 
[2023.05.06-20.17.41:240][507]FBXImport: FBX Scene Loading: Found texture name clash, name clash can be wrongly reassign at reimport , texture 'GraphicsCrate-Road_Texture_02_prev_sm' was renamed 'GraphicsCrate-Road_Texture_02_prev_sm_ncl1_2' 
[2023.05.06-20.17.41:240][507]FBXImport: FBX Scene Loading: Found texture name clash, name clash can be wrongly reassign at reimport , texture '05_CONCRETE_MWAY_SIDE_jpg5ac5788d-c995-4c22-a783-850124594bb3Larger' was renamed '05_CONCRETE_MWAY_SIDE_jpg5ac5788d-c995-4c22-a783-850124594bb3Larger_ncl1_2' 
[2023.05.06-20.17.41:240][507]FBXImport: FBX Scene Loading: Found texture name clash, name clash can be wrongly reassign at reimport , texture 'forrest_ground_01_diff_2k' was renamed 'forrest_ground_01_diff_2k_ncl1_2' 
[2023.05.06-20.17.41:240][507]FBXImport: FBX Scene Loading: Found texture name clash, name clash can be wrongly reassign at reimport , texture 'Shoe_Stones_-_www_IranDWG_com__6_' was renamed 'Shoe_Stones_-_www_IranDWG_com__6__ncl1_2' 
[2023.05.06-20.17.41:240][507]FBXImport: FBX Scene Loading: Found texture name clash, name clash can be wrongly reassign at reimport , texture 'forrest_ground_01_diff_2k' was renamed 'forrest_ground_01_diff_2k_ncl1_3' 
[2023.05.06-20.17.41:240][507]FBXImport: FBX Scene Loading: Found texture name clash, name clash can be wrongly reassign at reimport , texture '05_CONCRETE_MWAY_SIDE_jpg5ac5788d-c995-4c22-a783-850124594bb3Larger' was renamed '05_CONCRETE_MWAY_SIDE_jpg5ac5788d-c995-4c22-a783-850124594bb3Larger_ncl1_3' 
[2023.05.06-20.17.41:240][507]FBXImport: FBX Scene Loading: Found texture name clash, name clash can be wrongly reassign at reimport , texture '05_CONCRETE_MWAY_SIDE_jpg5ac5788d-c995-4c22-a783-850124594bb3Larger' was renamed '05_CONCRETE_MWAY_SIDE_jpg5ac5788d-c995-4c22-a783-850124594bb3Larger_ncl1_4' 
[2023.05.06-20.17.41:240][507]FBXImport: FBX Scene Loading: Found texture name clash, name clash can be wrongly reassign at reimport , texture 'forrest_ground_01_diff_2k' was renamed 'forrest_ground_01_diff_2k_ncl1_4' 
[2023.05.06-20.17.41:240][507]FBXImport: FBX Scene Loading: Found texture name clash, name clash can be wrongly reassign at reimport , texture 'Shoe_Stones_-_www_IranDWG_com__5_' was renamed 'Shoe_Stones_-_www_IranDWG_com__5__ncl1_1' 
[2023.05.06-20.17.41:240][507]FBXImport: FBX Scene Loading: Found texture name clash, name clash can be wrongly reassign at reimport , texture 'Shoe_Stones_-_www_IranDWG_com__6_' was renamed 'Shoe_Stones_-_www_IranDWG_com__6__ncl1_3' 
[2023.05.06-20.17.41:240][507]FBXImport: Warning: No smoothing group information was found in this FBX scene.  Please make sure to enable the 'Export Smoothing Groups' option in the FBX Exporter plug-in before exporting the file.  Even for tools that don't support smoothing groups, the FBX Exporter will generate appropriate smoothing data at export-time so that correct vertex normals can be inferred while importing. 
[2023.05.06-20.17.41:240][507]FBXImport: Warning: Base_Ground_Uni_f2 has degenerate tangent bases which will result in incorrect shading.  MikkTSpace relies on tangent bases and may result in mesh corruption, consider disabling this option. 
[2023.05.06-20.17.41:240][507]FBXImport: Warning: Base_Ground_Uni_f2 has some nearly zero bi-normals which can create some issues. (Tolerance of 1E-4) 
[2023.05.06-20.17.41:520][507]LogShaderCompilers: Display: Submitted 2 shader compile jobs with 'ForceLocal' priority
[2023.05.06-20.17.41:520][507]LogSlate: Took 0.000085 seconds to synchronously load lazily loaded font '../../../Engine/Content/Slate/Fonts/DroidSansMono.ttf' (77K)
[2023.05.06-20.17.41:528][508]LogShaderCompilers: Display: Worker (1/5): shaders left to compile 2
[2023.05.06-20.17.41:528][508]LogShaderCompilers: Display: Worker (2/5): shaders left to compile 1
[2023.05.06-20.17.41:528][508]LogShaderCompilers: Display: Started 2 'Local' shader compile jobs with 'ForceLocal' priority
[2023.05.06-20.17.41:559][509]LogShaderCompilers: Display: Submitted 14 shader compile jobs with 'Normal' priority
[2023.05.06-20.17.41:559][509]LogShaderCompilers: Display: Worker (3/5): shaders left to compile 14
[2023.05.06-20.17.41:559][509]LogShaderCompilers: Display: Worker (4/5): shaders left to compile 10
[2023.05.06-20.17.41:559][509]LogShaderCompilers: Display: Started 8 'Local' shader compile jobs with 'Normal' priority
[2023.05.06-20.17.41:573][509]LogShaderCompilers: Display: Submitted 2 shader compile jobs with 'ForceLocal' priority
[2023.05.06-20.17.41:585][509]LogShaderCompilers: Display: Submitted 14 shader compile jobs with 'Normal' priority
[2023.05.06-20.17.41:594][509]LogShaderCompilers: Display: Submitted 2 shader compile jobs with 'ForceLocal' priority
[2023.05.06-20.17.41:605][509]LogShaderCompilers: Display: Submitted 14 shader compile jobs with 'Normal' priority
[2023.05.06-20.17.41:738][509]LogShaderCompilers: Display: Submitted 2 shader compile jobs with 'ForceLocal' priority
[2023.05.06-20.17.41:750][509]LogShaderCompilers: Display: Submitted 14 shader compile jobs with 'Normal' priority
[2023.05.06-20.17.41:757][509]LogShaderCompilers: Display: Submitted 2 shader compile jobs with 'ForceLocal' priority
[2023.05.06-20.17.41:769][509]LogShaderCompilers: Display: Submitted 14 shader compile jobs with 'Normal' priority
[2023.05.06-20.17.41:777][509]LogShaderCompilers: Display: Submitted 2 shader compile jobs with 'ForceLocal' priority
[2023.05.06-20.17.41:788][509]LogShaderCompilers: Display: Submitted 14 shader compile jobs with 'Normal' priority
[2023.05.06-20.17.41:802][509]LogShaderCompilers: Display: Submitted 2 shader compile jobs with 'ForceLocal' priority
[2023.05.06-20.17.41:814][509]LogShaderCompilers: Display: Submitted 14 shader compile jobs with 'Normal' priority
[2023.05.06-20.17.41:821][509]LogShaderCompilers: Display: Submitted 2 shader compile jobs with 'ForceLocal' priority
[2023.05.06-20.17.41:833][509]LogShaderCompilers: Display: Submitted 14 shader compile jobs with 'Normal' priority
[2023.05.06-20.17.41:841][509]LogShaderCompilers: Display: Submitted 2 shader compile jobs with 'ForceLocal' priority
[2023.05.06-20.17.41:853][509]LogShaderCompilers: Display: Submitted 14 shader compile jobs with 'Normal' priority
[2023.05.06-20.17.41:863][509]LogShaderCompilers: Display: Submitted 2 shader compile jobs with 'ForceLocal' priority
[2023.05.06-20.17.41:875][509]LogShaderCompilers: Display: Submitted 14 shader compile jobs with 'Normal' priority
[2023.05.06-20.17.41:881][509]LogShaderCompilers: Display: Submitted 2 shader compile jobs with 'ForceLocal' priority
[2023.05.06-20.17.41:893][509]LogShaderCompilers: Display: Submitted 14 shader compile jobs with 'Normal' priority
[2023.05.06-20.17.41:900][509]LogShaderCompilers: Display: Submitted 2 shader compile jobs with 'ForceLocal' priority
[2023.05.06-20.17.41:913][509]LogShaderCompilers: Display: Submitted 14 shader compile jobs with 'Normal' priority
[2023.05.06-20.17.41:925][509]LogShaderCompilers: Display: Submitted 2 shader compile jobs with 'ForceLocal' priority
[2023.05.06-20.17.41:937][509]LogShaderCompilers: Display: Submitted 14 shader compile jobs with 'Normal' priority
[2023.05.06-20.17.41:944][509]LogShaderCompilers: Display: Submitted 2 shader compile jobs with 'ForceLocal' priority
[2023.05.06-20.17.41:956][509]LogShaderCompilers: Display: Submitted 14 shader compile jobs with 'Normal' priority
[2023.05.06-20.17.41:963][509]LogShaderCompilers: Display: Submitted 2 shader compile jobs with 'ForceLocal' priority
[2023.05.06-20.17.41:976][509]LogShaderCompilers: Display: Submitted 14 shader compile jobs with 'Normal' priority
[2023.05.06-20.17.41:988][509]LogShaderCompilers: Display: Submitted 2 shader compile jobs with 'ForceLocal' priority
[2023.05.06-20.17.41:998][509]LogShaderCompilers: Display: Submitted 14 shader compile jobs with 'Normal' priority
[2023.05.06-20.17.42:007][509]LogShaderCompilers: Display: Submitted 2 shader compile jobs with 'ForceLocal' priority
[2023.05.06-20.17.42:017][509]LogShaderCompilers: Display: Submitted 14 shader compile jobs with 'Normal' priority
[2023.05.06-20.17.42:025][509]LogShaderCompilers: Display: Submitted 2 shader compile jobs with 'ForceLocal' priority
[2023.05.06-20.17.42:035][509]LogShaderCompilers: Display: Submitted 14 shader compile jobs with 'Normal' priority
[2023.05.06-20.17.42:045][509]LogShaderCompilers: Display: Submitted 2 shader compile jobs with 'ForceLocal' priority
[2023.05.06-20.17.42:059][509]LogShaderCompilers: Display: Submitted 14 shader compile jobs with 'Normal' priority
[2023.05.06-20.17.42:067][509]LogShaderCompilers: Display: Submitted 2 shader compile jobs with 'ForceLocal' priority
[2023.05.06-20.17.42:079][509]LogShaderCompilers: Display: Submitted 14 shader compile jobs with 'Normal' priority
[2023.05.06-20.17.42:087][509]LogShaderCompilers: Display: Submitted 2 shader compile jobs with 'ForceLocal' priority
[2023.05.06-20.17.42:099][509]LogShaderCompilers: Display: Submitted 14 shader compile jobs with 'Normal' priority
[2023.05.06-20.17.42:111][509]LogShaderCompilers: Display: Submitted 2 shader compile jobs with 'ForceLocal' priority
[2023.05.06-20.17.42:123][509]LogShaderCompilers: Display: Submitted 14 shader compile jobs with 'Normal' priority
[2023.05.06-20.17.42:130][509]LogShaderCompilers: Display: Submitted 2 shader compile jobs with 'ForceLocal' priority
[2023.05.06-20.17.42:142][509]LogShaderCompilers: Display: Worker (2/5): shaders left to compile 44
[2023.05.06-20.17.42:142][509]LogShaderCompilers: Display: Started 10 'Local' shader compile jobs with 'ForceLocal' priority
[2023.05.06-20.17.42:142][509]LogShaderCompilers: Display: Submitted 14 shader compile jobs with 'Normal' priority
[2023.05.06-20.17.42:150][509]LogShaderCompilers: Display: Submitted 2 shader compile jobs with 'ForceLocal' priority
[2023.05.06-20.17.42:162][509]LogShaderCompilers: Display: Submitted 14 shader compile jobs with 'Normal' priority
[2023.05.06-20.17.42:173][509]LogShaderCompilers: Display: Submitted 2 shader compile jobs with 'ForceLocal' priority
[2023.05.06-20.17.42:185][509]LogShaderCompilers: Display: Submitted 14 shader compile jobs with 'Normal' priority
[2023.05.06-20.17.42:192][509]LogShaderCompilers: Display: Submitted 2 shader compile jobs with 'ForceLocal' priority
[2023.05.06-20.17.42:205][509]LogShaderCompilers: Display: Submitted 14 shader compile jobs with 'Normal' priority
[2023.05.06-20.17.42:257][510]LogShaderCompilers: Display: Worker (1/5): shaders left to compile 40
[2023.05.06-20.17.42:257][510]LogShaderCompilers: Display: Started 10 'Local' shader compile jobs with 'ForceLocal' priority
[2023.05.06-20.17.42:274][511]LogShaderCompilers: Display: Submitted 2 shader compile jobs with 'ForceLocal' priority
[2023.05.06-20.17.42:274][511]LogShaderCompilers: Display: Submitted 2 shader compile jobs with 'ForceLocal' priority
[2023.05.06-20.17.42:289][512]LogShaderCompilers: Display: Submitted 14 shader compile jobs with 'Normal' priority
[2023.05.06-20.17.42:293][512]LogShaderCompilers: Display: Submitted 14 shader compile jobs with 'Normal' priority
[2023.05.06-20.17.43:190][562]LogShaderCompilers: Display: Worker (3/5): shaders left to compile 34
[2023.05.06-20.17.43:190][562]LogShaderCompilers: Display: Started 9 'Local' shader compile jobs with 'ForceLocal' priority
[2023.05.06-20.17.43:675][571]LogShaderCompilers: Display: Worker (4/5): shaders left to compile 25
[2023.05.06-20.17.43:675][571]LogShaderCompilers: Display: Started 7 'Local' shader compile jobs with 'ForceLocal' priority
[2023.05.06-20.17.44:403][623]LogSlate: Window 'Message Log' being destroyed
[2023.05.06-20.17.44:409][623]LogSlate: Window 'Message Log' being destroyed
[2023.05.06-20.17.46:028][733]LogShaderCompilers: Display: Worker (2/5): shaders left to compile 18
[2023.05.06-20.17.46:028][733]LogShaderCompilers: Display: Started 5 'Local' shader compile jobs with 'ForceLocal' priority
[2023.05.06-20.17.46:159][742]LogShaderCompilers: Display: Worker (1/5): shaders left to compile 13
[2023.05.06-20.17.46:159][742]LogShaderCompilers: Display: Worker (4/5): shaders left to compile 9
[2023.05.06-20.17.46:159][742]LogShaderCompilers: Display: Started 8 'Local' shader compile jobs with 'ForceLocal' priority
[2023.05.06-20.17.46:652][775]LogShaderCompilers: Display: Worker (3/5): shaders left to compile 5
[2023.05.06-20.17.46:653][775]LogShaderCompilers: Display: Started 2 'Local' shader compile jobs with 'ForceLocal' priority
[2023.05.06-20.17.47:623][839]LogShaderCompilers: Display: Worker (3/5): shaders left to compile 3
[2023.05.06-20.17.47:623][839]LogShaderCompilers: Display: Started 1 'Local' shader compile jobs with 'ForceLocal' priority
[2023.05.06-20.17.47:732][846]LogShaderCompilers: Display: Worker (4/5): shaders left to compile 2
[2023.05.06-20.17.47:732][846]LogShaderCompilers: Display: Started 1 'Local' shader compile jobs with 'ForceLocal' priority
[2023.05.06-20.17.47:828][852]LogShaderCompilers: Display: Worker (1/5): shaders left to compile 1
[2023.05.06-20.17.47:828][852]LogShaderCompilers: Display: Started 1 'Local' shader compile jobs with 'ForceLocal' priority
[2023.05.06-20.17.47:981][862]LogShaderCompilers: Display: Worker (3/5): shaders left to compile 384
[2023.05.06-20.17.47:981][862]LogShaderCompilers: Display: Started 10 'Local' shader compile jobs with 'Normal' priority
[2023.05.06-20.17.48:000][863]LogShaderCompilers: Display: Worker (2/5): shaders left to compile 374
[2023.05.06-20.17.48:000][863]LogShaderCompilers: Display: Started 10 'Local' shader compile jobs with 'Normal' priority
[2023.05.06-20.17.48:159][873]LogShaderCompilers: Display: Worker (1/5): shaders left to compile 364
[2023.05.06-20.17.48:159][873]LogShaderCompilers: Display: Started 10 'Local' shader compile jobs with 'Normal' priority
[2023.05.06-20.17.48:188][875]LogShaderCompilers: Display: Worker (4/5): shaders left to compile 354
[2023.05.06-20.17.48:188][875]LogShaderCompilers: Display: Started 10 'Local' shader compile jobs with 'Normal' priority
[2023.05.06-20.17.51:708][105]LogShaderCompilers: Display: Worker (3/5): shaders left to compile 344
[2023.05.06-20.17.51:708][105]LogShaderCompilers: Display: Started 10 'Local' shader compile jobs with 'Normal' priority
[2023.05.06-20.17.51:725][106]LogShaderCompilers: Display: Worker (1/5): shaders left to compile 334
[2023.05.06-20.17.51:725][106]LogShaderCompilers: Display: Started 10 'Local' shader compile jobs with 'Normal' priority
[2023.05.06-20.17.51:761][109]LogShaderCompilers: Display: Worker (2/5): shaders left to compile 324
[2023.05.06-20.17.51:761][109]LogShaderCompilers: Display: Started 10 'Local' shader compile jobs with 'Normal' priority
[2023.05.06-20.17.52:240][141]LogShaderCompilers: Display: Worker (4/5): shaders left to compile 314
[2023.05.06-20.17.52:240][141]LogShaderCompilers: Display: Started 10 'Local' shader compile jobs with 'Normal' priority
[2023.05.06-20.17.55:784][366]LogShaderCompilers: Display: Worker (3/5): shaders left to compile 304
[2023.05.06-20.17.55:784][366]LogShaderCompilers: Display: Started 10 'Local' shader compile jobs with 'Normal' priority
[2023.05.06-20.17.55:853][371]LogShaderCompilers: Display: Worker (1/5): shaders left to compile 294
[2023.05.06-20.17.55:853][371]LogShaderCompilers: Display: Started 10 'Local' shader compile jobs with 'Normal' priority
[2023.05.06-20.17.56:434][408]LogShaderCompilers: Display: Worker (2/5): shaders left to compile 284
[2023.05.06-20.17.56:434][408]LogShaderCompilers: Display: Started 10 'Local' shader compile jobs with 'Normal' priority
[2023.05.06-20.17.56:590][418]LogShaderCompilers: Display: Worker (4/5): shaders left to compile 274
[2023.05.06-20.17.56:590][418]LogShaderCompilers: Display: Started 10 'Local' shader compile jobs with 'Normal' priority
[2023.05.06-20.17.59:892][627]LogShaderCompilers: Display: Worker (1/5): shaders left to compile 264
[2023.05.06-20.17.59:892][627]LogShaderCompilers: Display: Started 10 'Local' shader compile jobs with 'Normal' priority
[2023.05.06-20.18.00:180][646]LogShaderCompilers: Display: Worker (3/5): shaders left to compile 254
[2023.05.06-20.18.00:180][646]LogShaderCompilers: Display: Started 10 'Local' shader compile jobs with 'Normal' priority
[2023.05.06-20.18.00:753][682]LogShaderCompilers: Display: Worker (4/5): shaders left to compile 244
[2023.05.06-20.18.00:753][682]LogShaderCompilers: Display: Started 10 'Local' shader compile jobs with 'Normal' priority
[2023.05.06-20.18.01:087][704]LogShaderCompilers: Display: Worker (2/5): shaders left to compile 234
[2023.05.06-20.18.01:087][704]LogShaderCompilers: Display: Started 10 'Local' shader compile jobs with 'Normal' priority
[2023.05.06-20.18.04:005][890]LogShaderCompilers: Display: Worker (1/5): shaders left to compile 224
[2023.05.06-20.18.04:005][890]LogShaderCompilers: Display: Started 10 'Local' shader compile jobs with 'Normal' priority
[2023.05.06-20.18.04:882][946]LogShaderCompilers: Display: Worker (3/5): shaders left to compile 214
[2023.05.06-20.18.04:882][946]LogShaderCompilers: Display: Started 10 'Local' shader compile jobs with 'Normal' priority
[2023.05.06-20.18.05:083][959]LogShaderCompilers: Display: Worker (4/5): shaders left to compile 204
[2023.05.06-20.18.05:084][959]LogShaderCompilers: Display: Started 10 'Local' shader compile jobs with 'Normal' priority
[2023.05.06-20.18.05:375][978]LogShaderCompilers: Display: Worker (2/5): shaders left to compile 194
[2023.05.06-20.18.05:375][978]LogShaderCompilers: Display: Started 10 'Local' shader compile jobs with 'Normal' priority
[2023.05.06-20.18.07:877][137]LogShaderCompilers: Display: Worker (1/5): shaders left to compile 184
[2023.05.06-20.18.07:877][137]LogShaderCompilers: Display: Started 10 'Local' shader compile jobs with 'Normal' priority
[2023.05.06-20.18.09:213][211]LogShaderCompilers: Display: Worker (4/5): shaders left to compile 174
[2023.05.06-20.18.09:213][211]LogShaderCompilers: Display: Started 10 'Local' shader compile jobs with 'Normal' priority
[2023.05.06-20.18.09:489][226]LogShaderCompilers: Display: Worker (2/5): shaders left to compile 164
[2023.05.06-20.18.09:489][226]LogShaderCompilers: Display: Started 10 'Local' shader compile jobs with 'Normal' priority
[2023.05.06-20.18.09:585][232]LogShaderCompilers: Display: Worker (3/5): shaders left to compile 154
[2023.05.06-20.18.09:585][232]LogShaderCompilers: Display: Started 10 'Local' shader compile jobs with 'Normal' priority
[2023.05.06-20.18.12:325][380]LogShaderCompilers: Display: Worker (1/5): shaders left to compile 144
[2023.05.06-20.18.12:325][380]LogShaderCompilers: Display: Started 10 'Local' shader compile jobs with 'Normal' priority
[2023.05.06-20.18.13:175][426]LogShaderCompilers: Display: Worker (4/5): shaders left to compile 134
[2023.05.06-20.18.13:175][426]LogShaderCompilers: Display: Started 10 'Local' shader compile jobs with 'Normal' priority
[2023.05.06-20.18.13:364][437]LogShaderCompilers: Display: Worker (3/5): shaders left to compile 124
[2023.05.06-20.18.13:364][437]LogShaderCompilers: Display: Started 10 'Local' shader compile jobs with 'Normal' priority
[2023.05.06-20.18.13:523][446]LogShaderCompilers: Display: Worker (2/5): shaders left to compile 114
[2023.05.06-20.18.13:523][446]LogShaderCompilers: Display: Started 10 'Local' shader compile jobs with 'Normal' priority
[2023.05.06-20.18.16:681][616]LogShaderCompilers: Display: Worker (1/5): shaders left to compile 104
[2023.05.06-20.18.16:681][616]LogShaderCompilers: Display: Started 10 'Local' shader compile jobs with 'Normal' priority
[2023.05.06-20.18.17:119][641]LogShaderCompilers: Display: Worker (4/5): shaders left to compile 94
[2023.05.06-20.18.17:119][641]LogShaderCompilers: Display: Started 10 'Local' shader compile jobs with 'Normal' priority
[2023.05.06-20.18.17:236][647]LogShaderCompilers: Display: Worker (3/5): shaders left to compile 84
[2023.05.06-20.18.17:236][647]LogShaderCompilers: Display: Started 10 'Local' shader compile jobs with 'Normal' priority
[2023.05.06-20.18.17:762][676]LogShaderCompilers: Display: Worker (2/5): shaders left to compile 74
[2023.05.06-20.18.17:762][676]LogShaderCompilers: Display: Started 10 'Local' shader compile jobs with 'Normal' priority
[2023.05.06-20.18.20:803][840]LogShaderCompilers: Display: Worker (1/5): shaders left to compile 64
[2023.05.06-20.18.20:803][840]LogShaderCompilers: Display: Started 10 'Local' shader compile jobs with 'Normal' priority
[2023.05.06-20.18.20:975][849]LogShaderCompilers: Display: Worker (3/5): shaders left to compile 54
[2023.05.06-20.18.20:975][849]LogShaderCompilers: Display: Started 10 'Local' shader compile jobs with 'Normal' priority
[2023.05.06-20.18.21:202][862]LogShaderCompilers: Display: Worker (4/5): shaders left to compile 44
[2023.05.06-20.18.21:203][862]LogShaderCompilers: Display: Started 10 'Local' shader compile jobs with 'Normal' priority
[2023.05.06-20.18.22:117][912]LogShaderCompilers: Display: Worker (2/5): shaders left to compile 34
[2023.05.06-20.18.22:117][912]LogShaderCompilers: Display: Started 9 'Local' shader compile jobs with 'Normal' priority
[2023.05.06-20.18.24:722][ 52]LogShaderCompilers: Display: Worker (1/5): shaders left to compile 25
[2023.05.06-20.18.24:722][ 52]LogShaderCompilers: Display: Started 7 'Local' shader compile jobs with 'Normal' priority
[2023.05.06-20.18.24:872][ 60]LogShaderCompilers: Display: Worker (3/5): shaders left to compile 18
[2023.05.06-20.18.24:872][ 60]LogShaderCompilers: Display: Started 5 'Local' shader compile jobs with 'Normal' priority
[2023.05.06-20.18.25:650][102]LogShaderCompilers: Display: Worker (4/5): shaders left to compile 13
[2023.05.06-20.18.25:650][102]LogShaderCompilers: Display: Started 4 'Local' shader compile jobs with 'Normal' priority
[2023.05.06-20.18.25:650][102]LogShaderCompilers: Display: Worker (2/5): shaders left to compile 9
[2023.05.06-20.18.25:650][102]LogShaderCompilers: Display: Started 3 'Local' shader compile jobs with 'Normal' priority
[2023.05.06-20.18.26:835][166]LogShaderCompilers: Display: Worker (2/5): shaders left to compile 6
[2023.05.06-20.18.26:835][166]LogShaderCompilers: Display: Started 2 'Local' shader compile jobs with 'Normal' priority
[2023.05.06-20.18.27:065][178]LogShaderCompilers: Display: Worker (3/5): shaders left to compile 4
[2023.05.06-20.18.27:065][178]LogShaderCompilers: Display: Started 2 'Local' shader compile jobs with 'Normal' priority
[2023.05.06-20.18.27:569][205]LogShaderCompilers: Display: Worker (1/5): shaders left to compile 2
[2023.05.06-20.18.27:569][205]LogShaderCompilers: Display: Started 1 'Local' shader compile jobs with 'Normal' priority
[2023.05.06-20.18.27:773][216]LogShaderCompilers: Display: Worker (4/5): shaders left to compile 1
[2023.05.06-20.18.27:773][216]LogShaderCompilers: Display: Started 1 'Local' shader compile jobs with 'Normal' priority
[2023.05.06-20.18.35:757][666]LogActorFactory: Actor Factory created Base_Ground_Uni_f2
[2023.05.06-20.18.37:081][773]LogActorFactory: Actor Factory created Base_Ground_Uni_f2
[2023.05.06-20.18.41:521][164]LogEditorViewport: Clicking on Actor (LMB): Landscape (Landscape)
[2023.05.06-20.18.41:900][196]LogEditorViewport: Clicking on Actor (LMB): StaticMeshActor (Parking)
[2023.05.06-20.18.55:384][339]Cmd: TRANSACTION UNDO
[2023.05.06-20.18.55:384][339]LogEditorTransaction: Undo Move Actors
[2023.05.06-20.18.55:907][350]Cmd: TRANSACTION UNDO
[2023.05.06-20.18.55:907][350]LogEditorTransaction: Undo Move Actors
[2023.05.06-20.18.57:071][447]Cmd: TRANSACTION UNDO
[2023.05.06-20.18.57:071][447]LogEditorTransaction: Undo Move Actors
[2023.05.06-20.18.59:102][617]LogEditorViewport: Clicking on Actor (LMB): StaticMeshActor (Base_Ground_Uni_f6)
[2023.05.06-20.19.25:963][550]LogEditorViewport: Clicking on Actor (LMB): StaticMeshActor (Engineering_Building_FBX2)
[2023.05.06-20.19.28:911][754]LogEditorViewport: Clicking on Actor (LMB): StaticMeshActor (Base_Ground_Uni_f6)
[2023.05.06-20.19.52:472][369]LogEditorViewport: Clicking on Actor (LMB): StaticMeshActor (Parking2)
[2023.05.06-20.20.03:648][ 98]LogEditorViewport: Clicking on Actor (LMB): StaticMeshActor (Humanitis_Building_with_Door_FBX)
[2023.05.06-20.20.12:480][649]LogEditorViewport: Clicking on Actor (LMB): StaticMeshActor (Humanitis_Building_with_Door_FBX)
[2023.05.06-20.20.15:881][858]LogEditorViewport: Clicking on Actor (LMB): StaticMeshActor (Parking)
[2023.05.06-20.20.27:283][558]LogEditorViewport: Clicking on Actor (LMB): StaticMeshActor (Humanitis_Building_with_Door_FBX)
[2023.05.06-20.20.38:464][265]LogAssetEditorSubsystem: Opening Asset editor for StaticMesh /Game/TheTroubleMakers/Alikhorshidi/Asset/Material/Base_Ground_Uni_f2.Base_Ground_Uni_f2
[2023.05.06-20.20.38:572][265]LogTexture: Default maximum texture size for cubemaps generated from long-lat sources has been changed from 512 to unlimited. In order to preserve old behaiour for '/Engine/EditorMaterials/AssetViewer/EpicQuadPanorama_CC+EV1.EpicQuadPanorama_CC+EV1', its maximum texture size has been explicitly set to 512.
[2023.05.06-20.20.38:668][265]LogTexture: Default maximum texture size for cubemaps generated from long-lat sources has been changed from 512 to unlimited. In order to preserve old behaiour for '/Engine/MapTemplates/Sky/SunsetAmbientCubemap.SunsetAmbientCubemap', its maximum texture size has been explicitly set to 512.
[2023.05.06-20.20.39:095][265]LogRenderer: Reallocating scene render targets to support 1432x912 Format 10 NumSamples 1 (Frame:1).
[2023.05.06-20.21.11:413][ 95]LogSlate: Took 0.006376 seconds to synchronously load lazily loaded font '../../../Engine/Content/Slate/Fonts/Roboto-Italic.ttf' (157K)
[2023.05.06-20.21.22:248][686]LogSavePackage: Moving '../../../../../../Asus/Documents/GitHub/TheTroubleMakers/Unreal Engine Project/SpeedLimit_UniAzad/Saved/Base_Ground_Uni_f28A8F7F0F45533D9B658CB48BC089D51B.tmp' to '../../../../../../Asus/Documents/GitHub/TheTroubleMakers/Unreal Engine Project/SpeedLimit_UniAzad/Content/TheTroubleMakers/Alikhorshidi/Asset/Material/Base_Ground_Uni_f2.uasset'
[2023.05.06-20.21.22:260][686]AssetCheck: New page: Asset Save: Base_Ground_Uni_f2
[2023.05.06-20.21.22:260][686]LogContentValidation: Display: Validating StaticMesh /Game/TheTroubleMakers/Alikhorshidi/Asset/Material/Base_Ground_Uni_f2.Base_Ground_Uni_f2
[2023.05.06-20.21.22:998][715]LogSlate: Window 'Base_Ground_Uni_f2' being destroyed
[2023.05.06-20.21.23:007][715]LogWorld: UWorld::CleanupWorld for World_2, bSessionEnded=true, bCleanupResources=true
[2023.05.06-20.21.23:007][715]LogSlate: InvalidateAllWidgets triggered.  All widgets were invalidated
[2023.05.06-20.21.24:762][825]LogTemp: Repeating last play command: Selected Viewport
[2023.05.06-20.21.24:768][825]LogPlayLevel: PlayLevel: No blueprints needed recompiling
[2023.05.06-20.21.24:769][825]PIE: New page: PIE session: Minimal_Default (May 7, 2023, 4:21:24 AM)
[2023.05.06-20.21.24:770][825]LogOnline: OSS: Creating online subsystem instance for: NULL
[2023.05.06-20.21.24:772][825]LogOnline: OSS: TryLoadSubsystemAndSetDefault: Loaded subsystem for module [NULL]
[2023.05.06-20.21.24:773][825]LogPlayLevel: Creating play world package: /Game/StarterContent/Maps/UEDPIE_0_Minimal_Default
[2023.05.06-20.21.24:788][825]LogPlayLevel: PIE: StaticDuplicateObject took: (0.015430s)
[2023.05.06-20.21.24:789][825]LogAIModule: Creating AISystem for world Minimal_Default
[2023.05.06-20.21.24:790][825]LogPlayLevel: PIE: World Init took: (0.001448s)
[2023.05.06-20.21.24:790][825]LogPlayLevel: PIE: Created PIE world by copying editor world from /Game/StarterContent/Maps/Minimal_Default.Minimal_Default to /Game/StarterContent/Maps/UEDPIE_0_Minimal_Default.Minimal_Default (0.017253s)
[2023.05.06-20.21.24:796][825]LogUObjectHash: Compacting FUObjectHashTables data took   0.78ms
[2023.05.06-20.21.24:799][825]LogAudio: Display: Creating Audio Device:                 Id: 2, Scope: Unique, Realtime: True
[2023.05.06-20.21.24:799][825]LogAudioMixer: Display: Audio Mixer Platform Settings:
[2023.05.06-20.21.24:799][825]LogAudioMixer: Display: 	Sample Rate:						  48000
[2023.05.06-20.21.24:799][825]LogAudioMixer: Display: 	Callback Buffer Frame Size Requested: 1024
[2023.05.06-20.21.24:799][825]LogAudioMixer: Display: 	Callback Buffer Frame Size To Use:	  1024
[2023.05.06-20.21.24:799][825]LogAudioMixer: Display: 	Number of buffers to queue:			  2
[2023.05.06-20.21.24:799][825]LogAudioMixer: Display: 	Max Channels (voices):				  32
[2023.05.06-20.21.24:799][825]LogAudioMixer: Display: 	Number of Async Source Workers:		  0
[2023.05.06-20.21.24:799][825]LogAudio: Display: AudioDevice MaxSources: 32
[2023.05.06-20.21.24:800][825]LogAudio: Display: Audio Spatialization Plugin: None (built-in).
[2023.05.06-20.21.24:800][825]LogAudio: Display: Audio Reverb Plugin: None (built-in).
[2023.05.06-20.21.24:800][825]LogAudio: Display: Audio Occlusion Plugin: None (built-in).
[2023.05.06-20.21.24:800][825]LogAudioMixer: Display: Initializing audio mixer.
[2023.05.06-20.21.24:802][825]LogAudioMixer: Display: 0: FrontLeft
[2023.05.06-20.21.24:802][825]LogAudioMixer: Display: 1: FrontRight
[2023.05.06-20.21.24:808][825]LogAudioMixer: Display: Using Audio Device Mi TV (HD Audio Driver for Display Audio)
[2023.05.06-20.21.24:808][825]LogAudioMixer: Display: Initializing Sound Submixes...
[2023.05.06-20.21.24:808][825]LogAudioMixer: Display: Creating Master Submix 'MasterSubmixDefault'
[2023.05.06-20.21.24:808][825]LogAudioMixer: Display: Creating Master Submix 'MasterReverbSubmixDefault'
[2023.05.06-20.21.24:808][825]LogAudioMixer: Display: Creating Master Submix 'MasterEQSubmixDefault'
[2023.05.06-20.21.24:809][825]LogAudioMixer: FMixerPlatformXAudio2::StartAudioStream() called
[2023.05.06-20.21.24:809][825]LogAudioMixer: Display: Output buffers initialized: Frames=1024, Channels=2, Samples=2048
[2023.05.06-20.21.24:810][825]LogAudioMixer: Display: Starting AudioMixerPlatformInterface::RunInternal()
[2023.05.06-20.21.24:810][825]LogAudioMixer: Display: FMixerPlatformXAudio2::SubmitBuffer() called for the first time
[2023.05.06-20.21.24:810][825]LogInit: FAudioDevice initialized.
[2023.05.06-20.21.24:810][825]LogAudio: Display: Audio Device (ID: 2) registered with world 'Minimal_Default'.
[2023.05.06-20.21.24:818][825]LogLoad: Game class is 'NissanGame_C'
[2023.05.06-20.21.24:826][825]LogWorld: Bringing World /Game/StarterContent/Maps/UEDPIE_0_Minimal_Default.Minimal_Default up for play (max tick rate 0) at 2023.05.06-23.51.24
[2023.05.06-20.21.24:829][825]LogWorld: Bringing up level for play took: 0.007740
[2023.05.06-20.21.24:830][825]LogOnline: OSS: Creating online subsystem instance for: :Context_4
[2023.05.06-20.21.24:837][825]LogNativeClassHierarchy: Verbose: Native class hierarchy updated for 'MovieSceneCapture' in 0.0003 seconds. Added 20 classes and 0 folders.
[2023.05.06-20.21.24:837][825]LogGameMode: Display: Match State Changed from EnteringMap to WaitingToStart
[2023.05.06-20.21.24:837][825]LogGameState: Match State Changed from EnteringMap to WaitingToStart
[2023.05.06-20.21.24:837][825]LogGameMode: Display: Match State Changed from WaitingToStart to InProgress
[2023.05.06-20.21.24:841][825]LogGameState: Match State Changed from WaitingToStart to InProgress
[2023.05.06-20.21.24:841][825]PIE: Server logged in
[2023.05.06-20.21.24:843][825]PIE: Play in editor total start time 0.077 seconds.
[2023.05.06-20.22.22:729][151]LogSlate: Updating window title bar state: overlay mode, drag disabled, window buttons hidden, title bar hidden
[2023.05.06-20.22.22:730][151]LogWorld: BeginTearingDown for /Game/StarterContent/Maps/UEDPIE_0_Minimal_Default
[2023.05.06-20.22.22:730][151]LogWorld: UWorld::CleanupWorld for Minimal_Default, bSessionEnded=true, bCleanupResources=true
[2023.05.06-20.22.22:731][151]LogSlate: InvalidateAllWidgets triggered.  All widgets were invalidated
[2023.05.06-20.22.22:748][151]LogPlayLevel: Display: Shutting down PIE online subsystems
[2023.05.06-20.22.22:760][151]LogSlate: InvalidateAllWidgets triggered.  All widgets were invalidated
[2023.05.06-20.22.22:765][151]LogAudio: Display: Audio Device unregistered from world 'None'.
[2023.05.06-20.22.22:765][151]LogAudioMixer: FMixerPlatformXAudio2::StopAudioStream() called
[2023.05.06-20.22.22:767][151]LogAudioMixer: FMixerPlatformXAudio2::StopAudioStream() called
[2023.05.06-20.22.22:769][151]LogSlate: Updating window title bar state: overlay mode, drag disabled, window buttons hidden, title bar hidden
[2023.05.06-20.22.22:772][151]LogUObjectHash: Compacting FUObjectHashTables data took   0.53ms
[2023.05.06-20.22.22:828][153]LogPlayLevel: Display: Destroying online subsystem :Context_4
[2023.05.06-20.22.25:344][349]LogEditorViewport: Clicking on Actor (LMB): StaticMeshActor (Parking3)
[2023.05.06-20.23.02:495][944]LogTexture: Display: Building textures: Texture2D_2 (G8, 128X128)
[2023.05.06-20.23.13:005][727]LogEditorViewport: Clicking Background
[2023.05.06-20.23.22:082][408]LogEditorViewport: Clicking Background
[2023.05.06-20.23.24:641][602]LogEditorViewport: Clicking on Actor (double click): Landscape (Landscape)
[2023.05.06-20.23.33:319][198]LogEditorViewport: Clicking on Actor (double click): Landscape (Landscape)
[2023.05.06-20.23.38:387][537]LogTexture: Display: Building textures: Texture2D_0 (BGRA8, 512X512)
[2023.05.06-20.23.48:101][167]Cmd: TRANSACTION UNDO
[2023.05.06-20.23.48:101][167]LogEditorTransaction: Undo Landscape Editing: Smooth
[2023.05.06-20.23.48:147][167]LogTexture: Display: Building textures: Texture2D_1 (BGRA8, 512X512)
[2023.05.06-20.23.48:151][167]LogTexture: Display: Building textures: Texture2D_0 (BGRA8, 512X512)
[2023.05.06-20.23.48:888][195]Cmd: TRANSACTION UNDO
[2023.05.06-20.23.48:888][195]LogEditorTransaction: Undo Landscape Editing: Smooth
[2023.05.06-20.23.48:931][195]LogTexture: Display: Building textures: Texture2D_1 (BGRA8, 512X512)
[2023.05.06-20.23.48:935][195]LogTexture: Display: Building textures: Texture2D_0 (BGRA8, 512X512)
[2023.05.06-20.24.43:020][ 80]LogEditorViewport: Clicking on Actor (LMB): StaticMeshActor (Base_Ground_Uni_f6)
[2023.05.06-20.25.41:289][910]LogEditorViewport: Clicking on Actor (LMB): StaticMeshActor (Humanitis_Building_with_Door_FBX)
[2023.05.06-20.26.40:090][ 19]LogUObjectHash: Compacting FUObjectHashTables data took   0.71ms
[2023.05.06-20.26.41:358][ 19]LogSlate: Window 'Save Content' being destroyed
[2023.05.06-20.26.41:394][ 19]LogSavePackage: Moving '../../../../../../Asus/Documents/GitHub/TheTroubleMakers/Unreal Engine Project/SpeedLimit_UniAzad/Saved/05_CONCRETE_MWAY_SIDE_jpg5ac578877349E164F225AA6B3B5889352CD7848.tmp' to '../../../../../../Asus/Documents/GitHub/TheTroubleMakers/Unreal Engine Project/SpeedLimit_UniAzad/Content/TheTroubleMakers/Alikhorshidi/Asset/Material/05_CONCRETE_MWAY_SIDE_jpg5ac5788d-c995-4c22-a783-850124594bb3Larger.uasset'
[2023.05.06-20.26.41:405][ 19]LogSavePackage: Moving '../../../../../../Asus/Documents/GitHub/TheTroubleMakers/Unreal Engine Project/SpeedLimit_UniAzad/Saved/05_CONCRETE_MWAY_SIDE_jpg5ac5788D112CEC843605C8D728EC9A3FF8F50B8.tmp' to '../../../../../../Asus/Documents/GitHub/TheTroubleMakers/Unreal Engine Project/SpeedLimit_UniAzad/Content/TheTroubleMakers/Alikhorshidi/Asset/Material/05_CONCRETE_MWAY_SIDE_jpg5ac5788d-c995-4c22-a783-850124594bb3Larger_ncl1_1.uasset'
[2023.05.06-20.26.41:417][ 19]LogSavePackage: Moving '../../../../../../Asus/Documents/GitHub/TheTroubleMakers/Unreal Engine Project/SpeedLimit_UniAzad/Saved/05_CONCRETE_MWAY_SIDE_jpg5ac578868161FFE43403AD6EAC7E6B22BDB78EC.tmp' to '../../../../../../Asus/Documents/GitHub/TheTroubleMakers/Unreal Engine Project/SpeedLimit_UniAzad/Content/TheTroubleMakers/Alikhorshidi/Asset/Material/05_CONCRETE_MWAY_SIDE_jpg5ac5788d-c995-4c22-a783-850124594bb3Larger_ncl1_2.uasset'
[2023.05.06-20.26.41:428][ 19]LogSavePackage: Moving '../../../../../../Asus/Documents/GitHub/TheTroubleMakers/Unreal Engine Project/SpeedLimit_UniAzad/Saved/05_CONCRETE_MWAY_SIDE_jpg5ac578810088D9D456EF0AC4C6976ABEA70793E.tmp' to '../../../../../../Asus/Documents/GitHub/TheTroubleMakers/Unreal Engine Project/SpeedLimit_UniAzad/Content/TheTroubleMakers/Alikhorshidi/Asset/Material/05_CONCRETE_MWAY_SIDE_jpg5ac5788d-c995-4c22-a783-850124594bb3Larger_ncl1_3.uasset'
[2023.05.06-20.26.41:439][ 19]LogSavePackage: Moving '../../../../../../Asus/Documents/GitHub/TheTroubleMakers/Unreal Engine Project/SpeedLimit_UniAzad/Saved/05_CONCRETE_MWAY_SIDE_jpg5ac5788F217894641F25646B500899DF95792EE.tmp' to '../../../../../../Asus/Documents/GitHub/TheTroubleMakers/Unreal Engine Project/SpeedLimit_UniAzad/Content/TheTroubleMakers/Alikhorshidi/Asset/Material/05_CONCRETE_MWAY_SIDE_jpg5ac5788d-c995-4c22-a783-850124594bb3Larger_ncl1_4.uasset'
[2023.05.06-20.26.41:454][ 19]LogSavePackage: Moving '../../../../../../Asus/Documents/GitHub/TheTroubleMakers/Unreal Engine Project/SpeedLimit_UniAzad/Saved/FloorDF54985A45EDD10ABEC076A5D57D2272.tmp' to '../../../../../../Asus/Documents/GitHub/TheTroubleMakers/Unreal Engine Project/SpeedLimit_UniAzad/Content/TheTroubleMakers/Alikhorshidi/Asset/Material/Floor.uasset'
[2023.05.06-20.26.41:469][ 19]LogSavePackage: Moving '../../../../../../Asus/Documents/GitHub/TheTroubleMakers/Unreal Engine Project/SpeedLimit_UniAzad/Saved/Floor_21DA1556F4A5599A4744AA097E8FD34CD.tmp' to '../../../../../../Asus/Documents/GitHub/TheTroubleMakers/Unreal Engine Project/SpeedLimit_UniAzad/Content/TheTroubleMakers/Alikhorshidi/Asset/Material/Floor_2.uasset'
[2023.05.06-20.26.41:484][ 19]LogSavePackage: Moving '../../../../../../Asus/Documents/GitHub/TheTroubleMakers/Unreal Engine Project/SpeedLimit_UniAzad/Saved/Floor_2_0016CDF2EF34D4FC19D0F2DA7A805BF2F0F.tmp' to '../../../../../../Asus/Documents/GitHub/TheTroubleMakers/Unreal Engine Project/SpeedLimit_UniAzad/Content/TheTroubleMakers/Alikhorshidi/Asset/Material/Floor_2_001.uasset'
[2023.05.06-20.26.41:850][ 19]LogSavePackage: Moving '../../../../../../Asus/Documents/GitHub/TheTroubleMakers/Unreal Engine Project/SpeedLimit_UniAzad/Saved/forrest_ground_01_diff_2k2932111041FE9553ED82D599DA75A242.tmp' to '../../../../../../Asus/Documents/GitHub/TheTroubleMakers/Unreal Engine Project/SpeedLimit_UniAzad/Content/TheTroubleMakers/Alikhorshidi/Asset/Material/forrest_ground_01_diff_2k.uasset'
[2023.05.06-20.26.42:231][ 19]LogSavePackage: Moving '../../../../../../Asus/Documents/GitHub/TheTroubleMakers/Unreal Engine Project/SpeedLimit_UniAzad/Saved/forrest_ground_01_diff_2k_ncl1_1F4993F9C408FA510C29C0D9A87A5759B.tmp' to '../../../../../../Asus/Documents/GitHub/TheTroubleMakers/Unreal Engine Project/SpeedLimit_UniAzad/Content/TheTroubleMakers/Alikhorshidi/Asset/Material/forrest_ground_01_diff_2k_ncl1_1.uasset'
[2023.05.06-20.26.42:621][ 19]LogSavePackage: Moving '../../../../../../Asus/Documents/GitHub/TheTroubleMakers/Unreal Engine Project/SpeedLimit_UniAzad/Saved/forrest_ground_01_diff_2k_ncl1_3C5BCF88B41D67E60F663FFBB9E43657F.tmp' to '../../../../../../Asus/Documents/GitHub/TheTroubleMakers/Unreal Engine Project/SpeedLimit_UniAzad/Content/TheTroubleMakers/Alikhorshidi/Asset/Material/forrest_ground_01_diff_2k_ncl1_3.uasset'
[2023.05.06-20.26.43:005][ 19]LogSavePackage: Moving '../../../../../../Asus/Documents/GitHub/TheTroubleMakers/Unreal Engine Project/SpeedLimit_UniAzad/Saved/forrest_ground_01_diff_2k_ncl1_4EDF425F54AA834AE5B5AE6858E43AC4E.tmp' to '../../../../../../Asus/Documents/GitHub/TheTroubleMakers/Unreal Engine Project/SpeedLimit_UniAzad/Content/TheTroubleMakers/Alikhorshidi/Asset/Material/forrest_ground_01_diff_2k_ncl1_4.uasset'
[2023.05.06-20.26.43:020][ 19]LogSavePackage: Moving '../../../../../../Asus/Documents/GitHub/TheTroubleMakers/Unreal Engine Project/SpeedLimit_UniAzad/Saved/GraphicsCrate-Road_Texture_02_pr0536B88F43EB7865024DB78AC342DE41.tmp' to '../../../../../../Asus/Documents/GitHub/TheTroubleMakers/Unreal Engine Project/SpeedLimit_UniAzad/Content/TheTroubleMakers/Alikhorshidi/Asset/Material/GraphicsCrate-Road_Texture_02_prev_sm.uasset'
[2023.05.06-20.26.43:035][ 19]LogSavePackage: Moving '../../../../../../Asus/Documents/GitHub/TheTroubleMakers/Unreal Engine Project/SpeedLimit_UniAzad/Saved/GraphicsCrate-Road_Texture_02_pr87AC4AD24984831A98BEBCBFB82373F8.tmp' to '../../../../../../Asus/Documents/GitHub/TheTroubleMakers/Unreal Engine Project/SpeedLimit_UniAzad/Content/TheTroubleMakers/Alikhorshidi/Asset/Material/GraphicsCrate-Road_Texture_02_prev_sm_ncl1_1.uasset'
[2023.05.06-20.26.43:051][ 19]LogSavePackage: Moving '../../../../../../Asus/Documents/GitHub/TheTroubleMakers/Unreal Engine Project/SpeedLimit_UniAzad/Saved/GraphicsCrate-Road_Texture_02_prD949A1AA4F71D67DC8154E9AFAC8CA66.tmp' to '../../../../../../Asus/Documents/GitHub/TheTroubleMakers/Unreal Engine Project/SpeedLimit_UniAzad/Content/TheTroubleMakers/Alikhorshidi/Asset/Material/GraphicsCrate-Road_Texture_02_prev_sm_ncl1_2.uasset'
[2023.05.06-20.26.43:077][ 19]LogSavePackage: Moving '../../../../../../Asus/Documents/GitHub/TheTroubleMakers/Unreal Engine Project/SpeedLimit_UniAzad/Saved/GroundFAA33B4047290C3C803A6394EAF46472.tmp' to '../../../../../../Asus/Documents/GitHub/TheTroubleMakers/Unreal Engine Project/SpeedLimit_UniAzad/Content/TheTroubleMakers/Alikhorshidi/Asset/Material/Ground.uasset'
[2023.05.06-20.26.43:103][ 19]LogSavePackage: Moving '../../../../../../Asus/Documents/GitHub/TheTroubleMakers/Unreal Engine Project/SpeedLimit_UniAzad/Saved/Ground_0014B75480445F69EA41C1360906F7C0DB9.tmp' to '../../../../../../Asus/Documents/GitHub/TheTroubleMakers/Unreal Engine Project/SpeedLimit_UniAzad/Content/TheTroubleMakers/Alikhorshidi/Asset/Material/Ground_001.uasset'
[2023.05.06-20.26.43:131][ 19]LogSavePackage: Moving '../../../../../../Asus/Documents/GitHub/TheTroubleMakers/Unreal Engine Project/SpeedLimit_UniAzad/Saved/Ground_003D9BFB19843C0BCB20437BE8EE847E1AD.tmp' to '../../../../../../Asus/Documents/GitHub/TheTroubleMakers/Unreal Engine Project/SpeedLimit_UniAzad/Content/TheTroubleMakers/Alikhorshidi/Asset/Material/Ground_003.uasset'
[2023.05.06-20.26.43:158][ 19]LogSavePackage: Moving '../../../../../../Asus/Documents/GitHub/TheTroubleMakers/Unreal Engine Project/SpeedLimit_UniAzad/Saved/Ground_004969ACA97427256535CBC71ABFD803F5C.tmp' to '../../../../../../Asus/Documents/GitHub/TheTroubleMakers/Unreal Engine Project/SpeedLimit_UniAzad/Content/TheTroubleMakers/Alikhorshidi/Asset/Material/Ground_004.uasset'
[2023.05.06-20.26.43:183][ 19]LogSavePackage: Moving '../../../../../../Asus/Documents/GitHub/TheTroubleMakers/Unreal Engine Project/SpeedLimit_UniAzad/Saved/Jadval62615DA44CE1BAF68C5771A2A8F098DF.tmp' to '../../../../../../Asus/Documents/GitHub/TheTroubleMakers/Unreal Engine Project/SpeedLimit_UniAzad/Content/TheTroubleMakers/Alikhorshidi/Asset/Material/Jadval.uasset'
[2023.05.06-20.26.43:209][ 19]LogSavePackage: Moving '../../../../../../Asus/Documents/GitHub/TheTroubleMakers/Unreal Engine Project/SpeedLimit_UniAzad/Saved/Jadval_001D0BE9B4E484FAE8F1EAC6F9EBD949249.tmp' to '../../../../../../Asus/Documents/GitHub/TheTroubleMakers/Unreal Engine Project/SpeedLimit_UniAzad/Content/TheTroubleMakers/Alikhorshidi/Asset/Material/Jadval_001.uasset'
[2023.05.06-20.26.43:235][ 19]LogSavePackage: Moving '../../../../../../Asus/Documents/GitHub/TheTroubleMakers/Unreal Engine Project/SpeedLimit_UniAzad/Saved/Jadval_002C2F8FBB14F50588C83084E9871690F33.tmp' to '../../../../../../Asus/Documents/GitHub/TheTroubleMakers/Unreal Engine Project/SpeedLimit_UniAzad/Content/TheTroubleMakers/Alikhorshidi/Asset/Material/Jadval_002.uasset'
[2023.05.06-20.26.43:262][ 19]LogSavePackage: Moving '../../../../../../Asus/Documents/GitHub/TheTroubleMakers/Unreal Engine Project/SpeedLimit_UniAzad/Saved/Jadval_003DF4387394B9F6954C61C03B4E216DFA9.tmp' to '../../../../../../Asus/Documents/GitHub/TheTroubleMakers/Unreal Engine Project/SpeedLimit_UniAzad/Content/TheTroubleMakers/Alikhorshidi/Asset/Material/Jadval_003.uasset'
[2023.05.06-20.26.43:287][ 19]LogSavePackage: Moving '../../../../../../Asus/Documents/GitHub/TheTroubleMakers/Unreal Engine Project/SpeedLimit_UniAzad/Saved/Jadval_00460CAB0F94A14974057D8C7AE3E26A6DD.tmp' to '../../../../../../Asus/Documents/GitHub/TheTroubleMakers/Unreal Engine Project/SpeedLimit_UniAzad/Content/TheTroubleMakers/Alikhorshidi/Asset/Material/Jadval_004.uasset'
[2023.05.06-20.26.43:313][ 19]LogSavePackage: Moving '../../../../../../Asus/Documents/GitHub/TheTroubleMakers/Unreal Engine Project/SpeedLimit_UniAzad/Saved/Main7FC12E954C06F9972C5FED8F067262D0.tmp' to '../../../../../../Asus/Documents/GitHub/TheTroubleMakers/Unreal Engine Project/SpeedLimit_UniAzad/Content/TheTroubleMakers/Alikhorshidi/Asset/Material/Main.uasset'
[2023.05.06-20.26.43:338][ 19]LogSavePackage: Moving '../../../../../../Asus/Documents/GitHub/TheTroubleMakers/Unreal Engine Project/SpeedLimit_UniAzad/Saved/Main_00101C84E904F0539DB1A2B3295F0014A87.tmp' to '../../../../../../Asus/Documents/GitHub/TheTroubleMakers/Unreal Engine Project/SpeedLimit_UniAzad/Content/TheTroubleMakers/Alikhorshidi/Asset/Material/Main_001.uasset'
[2023.05.06-20.26.43:364][ 19]LogSavePackage: Moving '../../../../../../Asus/Documents/GitHub/TheTroubleMakers/Unreal Engine Project/SpeedLimit_UniAzad/Saved/Main_0021BBA65F44F91EA6F878E5D8B85B1A1C8.tmp' to '../../../../../../Asus/Documents/GitHub/TheTroubleMakers/Unreal Engine Project/SpeedLimit_UniAzad/Content/TheTroubleMakers/Alikhorshidi/Asset/Material/Main_002.uasset'
[2023.05.06-20.26.43:390][ 19]LogSavePackage: Moving '../../../../../../Asus/Documents/GitHub/TheTroubleMakers/Unreal Engine Project/SpeedLimit_UniAzad/Saved/Main_0038641721848A4B8D64089CDACE727FA8F.tmp' to '../../../../../../Asus/Documents/GitHub/TheTroubleMakers/Unreal Engine Project/SpeedLimit_UniAzad/Content/TheTroubleMakers/Alikhorshidi/Asset/Material/Main_003.uasset'
[2023.05.06-20.26.43:416][ 19]LogSavePackage: Moving '../../../../../../Asus/Documents/GitHub/TheTroubleMakers/Unreal Engine Project/SpeedLimit_UniAzad/Saved/Main_004D467F9D04CC194B389599CBC91BF094D.tmp' to '../../../../../../Asus/Documents/GitHub/TheTroubleMakers/Unreal Engine Project/SpeedLimit_UniAzad/Content/TheTroubleMakers/Alikhorshidi/Asset/Material/Main_004.uasset'
[2023.05.06-20.26.43:442][ 19]LogSavePackage: Moving '../../../../../../Asus/Documents/GitHub/TheTroubleMakers/Unreal Engine Project/SpeedLimit_UniAzad/Saved/Main_005B509FD3D4EDD1B80482C1AAFAAE1238E.tmp' to '../../../../../../Asus/Documents/GitHub/TheTroubleMakers/Unreal Engine Project/SpeedLimit_UniAzad/Content/TheTroubleMakers/Alikhorshidi/Asset/Material/Main_005.uasset'
[2023.05.06-20.26.43:466][ 19]LogSavePackage: Moving '../../../../../../Asus/Documents/GitHub/TheTroubleMakers/Unreal Engine Project/SpeedLimit_UniAzad/Saved/Main_0068D7D13A548C64CD59D626E9437EB37A0.tmp' to '../../../../../../Asus/Documents/GitHub/TheTroubleMakers/Unreal Engine Project/SpeedLimit_UniAzad/Content/TheTroubleMakers/Alikhorshidi/Asset/Material/Main_006.uasset'
[2023.05.06-20.26.43:492][ 19]LogSavePackage: Moving '../../../../../../Asus/Documents/GitHub/TheTroubleMakers/Unreal Engine Project/SpeedLimit_UniAzad/Saved/Main_007E7C2AE2D4BEC9ACC4942C8862E51F3A4.tmp' to '../../../../../../Asus/Documents/GitHub/TheTroubleMakers/Unreal Engine Project/SpeedLimit_UniAzad/Content/TheTroubleMakers/Alikhorshidi/Asset/Material/Main_007.uasset'
[2023.05.06-20.26.43:516][ 19]LogSavePackage: Moving '../../../../../../Asus/Documents/GitHub/TheTroubleMakers/Unreal Engine Project/SpeedLimit_UniAzad/Saved/Main_0089AD6A8424E97697A2652F3B810991AA7.tmp' to '../../../../../../Asus/Documents/GitHub/TheTroubleMakers/Unreal Engine Project/SpeedLimit_UniAzad/Content/TheTroubleMakers/Alikhorshidi/Asset/Material/Main_008.uasset'
[2023.05.06-20.26.43:523][ 19]LogUObjectHash: Compacting FUObjectHashTables data took   0.41ms
[2023.05.06-20.26.43:536][ 19]LogTexture: Display: Building textures: Texture2D_1 (BGRA8, 512X512)
[2023.05.06-20.26.43:542][ 19]LogTexture: Display: Building textures: Texture2D_3 (BGRA8, 512X512)
[2023.05.06-20.26.43:546][ 19]LogTexture: Display: Building textures: Texture2D_0 (BGRA8, 512X512)
[2023.05.06-20.26.43:613][ 19]LogSavePackage: Moving '../../../../../../Asus/Documents/GitHub/TheTroubleMakers/Unreal Engine Project/SpeedLimit_UniAzad/Saved/Minimal_DefaultDAC05D1C418F6D471F2A5DA485121098.tmp' to '../../../../../../Asus/Documents/GitHub/TheTroubleMakers/Unreal Engine Project/SpeedLimit_UniAzad/Content/StarterContent/Maps/Minimal_Default.umap'
[2023.05.06-20.26.43:634][ 19]LogFileHelpers: Saving map 'Minimal_Default' took 0.117
[2023.05.06-20.26.43:661][ 19]LogSavePackage: Moving '../../../../../../Asus/Documents/GitHub/TheTroubleMakers/Unreal Engine Project/SpeedLimit_UniAzad/Saved/mozaeikA1974A7440776C7C61E5818E21807F84.tmp' to '../../../../../../Asus/Documents/GitHub/TheTroubleMakers/Unreal Engine Project/SpeedLimit_UniAzad/Content/TheTroubleMakers/Alikhorshidi/Asset/Material/mozaeik.uasset'
[2023.05.06-20.26.43:689][ 19]LogSavePackage: Moving '../../../../../../Asus/Documents/GitHub/TheTroubleMakers/Unreal Engine Project/SpeedLimit_UniAzad/Saved/mozaeik_001861699A74C2B25C25482818D6650E897.tmp' to '../../../../../../Asus/Documents/GitHub/TheTroubleMakers/Unreal Engine Project/SpeedLimit_UniAzad/Content/TheTroubleMakers/Alikhorshidi/Asset/Material/mozaeik_001.uasset'
[2023.05.06-20.26.43:716][ 19]LogSavePackage: Moving '../../../../../../Asus/Documents/GitHub/TheTroubleMakers/Unreal Engine Project/SpeedLimit_UniAzad/Saved/mozaeik_0028C6AA3EE43BC8A8D1AD1A08C74F6662B.tmp' to '../../../../../../Asus/Documents/GitHub/TheTroubleMakers/Unreal Engine Project/SpeedLimit_UniAzad/Content/TheTroubleMakers/Alikhorshidi/Asset/Material/mozaeik_002.uasset'
[2023.05.06-20.26.43:745][ 19]LogSavePackage: Moving '../../../../../../Asus/Documents/GitHub/TheTroubleMakers/Unreal Engine Project/SpeedLimit_UniAzad/Saved/mozaeik_003621670D743DC4F79D565CE8D49C2774C.tmp' to '../../../../../../Asus/Documents/GitHub/TheTroubleMakers/Unreal Engine Project/SpeedLimit_UniAzad/Content/TheTroubleMakers/Alikhorshidi/Asset/Material/mozaeik_003.uasset'
[2023.05.06-20.26.43:770][ 19]LogSavePackage: Moving '../../../../../../Asus/Documents/GitHub/TheTroubleMakers/Unreal Engine Project/SpeedLimit_UniAzad/Saved/Road9C3ECFE7482D50C96FF8FC8E3623ACCE.tmp' to '../../../../../../Asus/Documents/GitHub/TheTroubleMakers/Unreal Engine Project/SpeedLimit_UniAzad/Content/TheTroubleMakers/Alikhorshidi/Asset/Material/Road.uasset'
[2023.05.06-20.26.43:795][ 19]LogSavePackage: Moving '../../../../../../Asus/Documents/GitHub/TheTroubleMakers/Unreal Engine Project/SpeedLimit_UniAzad/Saved/Road_001EBF54BF64AE65ECA32A6B589468F7F51.tmp' to '../../../../../../Asus/Documents/GitHub/TheTroubleMakers/Unreal Engine Project/SpeedLimit_UniAzad/Content/TheTroubleMakers/Alikhorshidi/Asset/Material/Road_001.uasset'
[2023.05.06-20.26.43:822][ 19]LogSavePackage: Moving '../../../../../../Asus/Documents/GitHub/TheTroubleMakers/Unreal Engine Project/SpeedLimit_UniAzad/Saved/Road_0027335037446ED44B3C9A3F9893523BF64.tmp' to '../../../../../../Asus/Documents/GitHub/TheTroubleMakers/Unreal Engine Project/SpeedLimit_UniAzad/Content/TheTroubleMakers/Alikhorshidi/Asset/Material/Road_002.uasset'
[2023.05.06-20.26.43:869][ 19]LogSavePackage: Moving '../../../../../../Asus/Documents/GitHub/TheTroubleMakers/Unreal Engine Project/SpeedLimit_UniAzad/Saved/Shoe_Stones_-_www_IranDWG_com__507C8974C44BB0DDFDEF44195A709EC1C.tmp' to '../../../../../../Asus/Documents/GitHub/TheTroubleMakers/Unreal Engine Project/SpeedLimit_UniAzad/Content/TheTroubleMakers/Alikhorshidi/Asset/Material/Shoe_Stones_-_www_IranDWG_com__5_.uasset'
[2023.05.06-20.26.43:915][ 19]LogSavePackage: Moving '../../../../../../Asus/Documents/GitHub/TheTroubleMakers/Unreal Engine Project/SpeedLimit_UniAzad/Saved/Shoe_Stones_-_www_IranDWG_com__57225BEBC407559B1F0CB9692D4F3826C.tmp' to '../../../../../../Asus/Documents/GitHub/TheTroubleMakers/Unreal Engine Project/SpeedLimit_UniAzad/Content/TheTroubleMakers/Alikhorshidi/Asset/Material/Shoe_Stones_-_www_IranDWG_com__5__ncl1_1.uasset'
[2023.05.06-20.26.44:555][ 19]LogSavePackage: Moving '../../../../../../Asus/Documents/GitHub/TheTroubleMakers/Unreal Engine Project/SpeedLimit_UniAzad/Saved/Shoe_Stones_-_www_IranDWG_com__62D2D00AD402053C2652557A1BAEBFDD8.tmp' to '../../../../../../Asus/Documents/GitHub/TheTroubleMakers/Unreal Engine Project/SpeedLimit_UniAzad/Content/TheTroubleMakers/Alikhorshidi/Asset/Material/Shoe_Stones_-_www_IranDWG_com__6_.uasset'
[2023.05.06-20.26.45:206][ 19]LogSavePackage: Moving '../../../../../../Asus/Documents/GitHub/TheTroubleMakers/Unreal Engine Project/SpeedLimit_UniAzad/Saved/Shoe_Stones_-_www_IranDWG_com__6D35545F24DC5503EF26AB4BC7EFB3347.tmp' to '../../../../../../Asus/Documents/GitHub/TheTroubleMakers/Unreal Engine Project/SpeedLimit_UniAzad/Content/TheTroubleMakers/Alikhorshidi/Asset/Material/Shoe_Stones_-_www_IranDWG_com__6__ncl1_1.uasset'
[2023.05.06-20.26.45:859][ 19]LogSavePackage: Moving '../../../../../../Asus/Documents/GitHub/TheTroubleMakers/Unreal Engine Project/SpeedLimit_UniAzad/Saved/Shoe_Stones_-_www_IranDWG_com__65B67CB16435ED0CFCE6CCCA7145CAA73.tmp' to '../../../../../../Asus/Documents/GitHub/TheTroubleMakers/Unreal Engine Project/SpeedLimit_UniAzad/Content/TheTroubleMakers/Alikhorshidi/Asset/Material/Shoe_Stones_-_www_IranDWG_com__6__ncl1_2.uasset'
[2023.05.06-20.26.46:506][ 19]LogSavePackage: Moving '../../../../../../Asus/Documents/GitHub/TheTroubleMakers/Unreal Engine Project/SpeedLimit_UniAzad/Saved/Shoe_Stones_-_www_IranDWG_com__6FA58E6EF495CE0ADA791C2AB864571F6.tmp' to '../../../../../../Asus/Documents/GitHub/TheTroubleMakers/Unreal Engine Project/SpeedLimit_UniAzad/Content/TheTroubleMakers/Alikhorshidi/Asset/Material/Shoe_Stones_-_www_IranDWG_com__6__ncl1_3.uasset'
[2023.05.06-20.26.46:550][ 19]LogSavePackage: Moving '../../../../../../Asus/Documents/GitHub/TheTroubleMakers/Unreal Engine Project/SpeedLimit_UniAzad/Saved/Venexia-Tile-822x8-Giudecca-650x2CDFB2AD48C43FC08083DE8144EF453B.tmp' to '../../../../../../Asus/Documents/GitHub/TheTroubleMakers/Unreal Engine Project/SpeedLimit_UniAzad/Content/TheTroubleMakers/Alikhorshidi/Asset/Material/Venexia-Tile-822x8-Giudecca-650x650.uasset'
[2023.05.06-20.26.46:592][ 19]LogSlate: Window 'SpeedLimit_UniAzad - Unreal Editor' being destroyed
[2023.05.06-20.26.46:699][ 19]AssetCheck: New page: Asset Save: multiple assets
[2023.05.06-20.26.46:699][ 19]LogContentValidation: Display: Validating Texture2D /Game/TheTroubleMakers/Alikhorshidi/Asset/Material/Shoe_Stones_-_www_IranDWG_com__6__ncl1_3.Shoe_Stones_-_www_IranDWG_com__6__ncl1_3
[2023.05.06-20.26.46:699][ 19]LogContentValidation: Display: Validating Material /Game/TheTroubleMakers/Alikhorshidi/Asset/Material/mozaeik.mozaeik
[2023.05.06-20.26.46:699][ 19]LogContentValidation: Display: Validating Material /Game/TheTroubleMakers/Alikhorshidi/Asset/Material/Jadval_003.Jadval_003
[2023.05.06-20.26.46:699][ 19]LogContentValidation: Display: Validating Texture2D /Game/TheTroubleMakers/Alikhorshidi/Asset/Material/Shoe_Stones_-_www_IranDWG_com__5__ncl1_1.Shoe_Stones_-_www_IranDWG_com__5__ncl1_1
[2023.05.06-20.26.46:699][ 19]LogContentValidation: Display: Validating Texture2D /Game/TheTroubleMakers/Alikhorshidi/Asset/Material/05_CONCRETE_MWAY_SIDE_jpg5ac5788d-c995-4c22-a783-850124594bb3Larger_ncl1_1.05_CONCRETE_MWAY_SIDE_jpg5ac5788d-c995-4c22-a783-850124594bb3Larger_ncl1_1
[2023.05.06-20.26.46:700][ 19]LogContentValidation: Display: Validating Material /Game/TheTroubleMakers/Alikhorshidi/Asset/Material/Floor_2.Floor_2
[2023.05.06-20.26.46:700][ 19]LogContentValidation: Display: Validating Material /Game/TheTroubleMakers/Alikhorshidi/Asset/Material/Main_008.Main_008
[2023.05.06-20.26.46:700][ 19]LogContentValidation: Display: Validating Texture2D /Game/TheTroubleMakers/Alikhorshidi/Asset/Material/forrest_ground_01_diff_2k_ncl1_4.forrest_ground_01_diff_2k_ncl1_4
[2023.05.06-20.26.46:700][ 19]LogContentValidation: Display: Validating Texture2D /Game/TheTroubleMakers/Alikhorshidi/Asset/Material/GraphicsCrate-Road_Texture_02_prev_sm_ncl1_1.GraphicsCrate-Road_Texture_02_prev_sm_ncl1_1
[2023.05.06-20.26.46:700][ 19]LogContentValidation: Display: Validating Material /Game/TheTroubleMakers/Alikhorshidi/Asset/Material/Road.Road
[2023.05.06-20.26.46:700][ 19]LogContentValidation: Display: Validating Material /Game/TheTroubleMakers/Alikhorshidi/Asset/Material/Ground.Ground
[2023.05.06-20.26.46:700][ 19]LogContentValidation: Display: Validating Material /Game/TheTroubleMakers/Alikhorshidi/Asset/Material/Main_003.Main_003
[2023.05.06-20.26.46:700][ 19]LogContentValidation: Display: Validating Texture2D /Game/TheTroubleMakers/Alikhorshidi/Asset/Material/05_CONCRETE_MWAY_SIDE_jpg5ac5788d-c995-4c22-a783-850124594bb3Larger_ncl1_4.05_CONCRETE_MWAY_SIDE_jpg5ac5788d-c995-4c22-a783-850124594bb3Larger_ncl1_4
[2023.05.06-20.26.46:700][ 19]LogContentValidation: Display: Validating Material /Game/TheTroubleMakers/Alikhorshidi/Asset/Material/Jadval.Jadval
[2023.05.06-20.26.46:700][ 19]LogContentValidation: Display: Validating Material /Game/TheTroubleMakers/Alikhorshidi/Asset/Material/Main_007.Main_007
[2023.05.06-20.26.46:700][ 19]LogContentValidation: Display: Validating Texture2D /Game/TheTroubleMakers/Alikhorshidi/Asset/Material/Shoe_Stones_-_www_IranDWG_com__6_.Shoe_Stones_-_www_IranDWG_com__6_
[2023.05.06-20.26.46:700][ 19]LogContentValidation: Display: Validating Texture2D /Game/TheTroubleMakers/Alikhorshidi/Asset/Material/05_CONCRETE_MWAY_SIDE_jpg5ac5788d-c995-4c22-a783-850124594bb3Larger_ncl1_3.05_CONCRETE_MWAY_SIDE_jpg5ac5788d-c995-4c22-a783-850124594bb3Larger_ncl1_3
[2023.05.06-20.26.46:700][ 19]LogContentValidation: Display: Validating Material /Game/TheTroubleMakers/Alikhorshidi/Asset/Material/mozaeik_001.mozaeik_001
[2023.05.06-20.26.46:700][ 19]LogContentValidation: Display: Validating Texture2D /Game/TheTroubleMakers/Alikhorshidi/Asset/Material/forrest_ground_01_diff_2k.forrest_ground_01_diff_2k
[2023.05.06-20.26.46:700][ 19]LogContentValidation: Display: Validating Material /Game/TheTroubleMakers/Alikhorshidi/Asset/Material/Jadval_004.Jadval_004
[2023.05.06-20.26.46:700][ 19]LogContentValidation: Display: Validating Material /Game/TheTroubleMakers/Alikhorshidi/Asset/Material/Ground_001.Ground_001
[2023.05.06-20.26.46:700][ 19]LogContentValidation: Display: Validating Texture2D /Game/TheTroubleMakers/Alikhorshidi/Asset/Material/forrest_ground_01_diff_2k_ncl1_3.forrest_ground_01_diff_2k_ncl1_3
[2023.05.06-20.26.46:700][ 19]LogContentValidation: Display: Validating Material /Game/TheTroubleMakers/Alikhorshidi/Asset/Material/Ground_004.Ground_004
[2023.05.06-20.26.46:700][ 19]LogContentValidation: Display: Validating Material /Game/TheTroubleMakers/Alikhorshidi/Asset/Material/Main_006.Main_006
[2023.05.06-20.26.46:700][ 19]LogContentValidation: Display: Validating Texture2D /Game/TheTroubleMakers/Alikhorshidi/Asset/Material/05_CONCRETE_MWAY_SIDE_jpg5ac5788d-c995-4c22-a783-850124594bb3Larger.05_CONCRETE_MWAY_SIDE_jpg5ac5788d-c995-4c22-a783-850124594bb3Larger
[2023.05.06-20.26.46:700][ 19]LogContentValidation: Display: Validating Material /Game/TheTroubleMakers/Alikhorshidi/Asset/Material/Jadval_001.Jadval_001
[2023.05.06-20.26.46:700][ 19]LogContentValidation: Display: Validating Texture2D /Game/TheTroubleMakers/Alikhorshidi/Asset/Material/Shoe_Stones_-_www_IranDWG_com__5_.Shoe_Stones_-_www_IranDWG_com__5_
[2023.05.06-20.26.46:700][ 19]LogContentValidation: Display: Validating Texture2D /Game/TheTroubleMakers/Alikhorshidi/Asset/Material/GraphicsCrate-Road_Texture_02_prev_sm.GraphicsCrate-Road_Texture_02_prev_sm
[2023.05.06-20.26.46:700][ 19]LogContentValidation: Display: Validating Material /Game/TheTroubleMakers/Alikhorshidi/Asset/Material/Floor_2_001.Floor_2_001
[2023.05.06-20.26.46:700][ 19]LogContentValidation: Display: Validating Material /Game/TheTroubleMakers/Alikhorshidi/Asset/Material/Road_001.Road_001
[2023.05.06-20.26.46:700][ 19]LogContentValidation: Display: Validating Material /Game/TheTroubleMakers/Alikhorshidi/Asset/Material/Main_005.Main_005
[2023.05.06-20.26.46:700][ 19]LogContentValidation: Display: Validating Texture2D /Game/TheTroubleMakers/Alikhorshidi/Asset/Material/Venexia-Tile-822x8-Giudecca-650x650.Venexia-Tile-822x8-Giudecca-650x650
[2023.05.06-20.26.46:700][ 19]LogContentValidation: Display: Validating Material /Game/TheTroubleMakers/Alikhorshidi/Asset/Material/Floor.Floor
[2023.05.06-20.26.46:700][ 19]LogContentValidation: Display: Validating Material /Game/TheTroubleMakers/Alikhorshidi/Asset/Material/Main_001.Main_001
[2023.05.06-20.26.46:700][ 19]LogContentValidation: Display: Validating Material /Game/TheTroubleMakers/Alikhorshidi/Asset/Material/Main_004.Main_004
[2023.05.06-20.26.46:700][ 19]LogContentValidation: Display: Validating Texture2D /Game/TheTroubleMakers/Alikhorshidi/Asset/Material/Shoe_Stones_-_www_IranDWG_com__6__ncl1_2.Shoe_Stones_-_www_IranDWG_com__6__ncl1_2
[2023.05.06-20.26.46:700][ 19]LogContentValidation: Display: Validating Material /Game/TheTroubleMakers/Alikhorshidi/Asset/Material/mozaeik_002.mozaeik_002
[2023.05.06-20.26.46:700][ 19]LogContentValidation: Display: Validating Texture2D /Game/TheTroubleMakers/Alikhorshidi/Asset/Material/05_CONCRETE_MWAY_SIDE_jpg5ac5788d-c995-4c22-a783-850124594bb3Larger_ncl1_2.05_CONCRETE_MWAY_SIDE_jpg5ac5788d-c995-4c22-a783-850124594bb3Larger_ncl1_2
[2023.05.06-20.26.46:700][ 19]LogContentValidation: Display: Validating Material /Game/TheTroubleMakers/Alikhorshidi/Asset/Material/Jadval_002.Jadval_002
[2023.05.06-20.26.46:700][ 19]LogContentValidation: Display: Validating Texture2D /Game/TheTroubleMakers/Alikhorshidi/Asset/Material/GraphicsCrate-Road_Texture_02_prev_sm_ncl1_2.GraphicsCrate-Road_Texture_02_prev_sm_ncl1_2
[2023.05.06-20.26.46:700][ 19]LogContentValidation: Display: Validating Material /Game/TheTroubleMakers/Alikhorshidi/Asset/Material/Road_002.Road_002
[2023.05.06-20.26.46:700][ 19]LogContentValidation: Display: Validating Material /Game/TheTroubleMakers/Alikhorshidi/Asset/Material/Main_002.Main_002
[2023.05.06-20.26.46:700][ 19]LogContentValidation: Display: Validating Texture2D /Game/TheTroubleMakers/Alikhorshidi/Asset/Material/Shoe_Stones_-_www_IranDWG_com__6__ncl1_1.Shoe_Stones_-_www_IranDWG_com__6__ncl1_1
[2023.05.06-20.26.46:700][ 19]LogContentValidation: Display: Validating Material /Game/TheTroubleMakers/Alikhorshidi/Asset/Material/mozaeik_003.mozaeik_003
[2023.05.06-20.26.46:700][ 19]LogContentValidation: Display: Validating Texture2D /Game/TheTroubleMakers/Alikhorshidi/Asset/Material/forrest_ground_01_diff_2k_ncl1_1.forrest_ground_01_diff_2k_ncl1_1
[2023.05.06-20.26.46:700][ 19]LogContentValidation: Display: Validating Material /Game/TheTroubleMakers/Alikhorshidi/Asset/Material/Ground_003.Ground_003
[2023.05.06-20.26.46:700][ 19]LogContentValidation: Display: Validating World /Game/StarterContent/Maps/Minimal_Default.Minimal_Default
[2023.05.06-20.26.46:700][ 19]LogContentValidation: Display: Validating Material /Game/TheTroubleMakers/Alikhorshidi/Asset/Material/Main.Main
[2023.05.06-20.26.46:701][ 20]Cmd: QUIT_EDITOR
[2023.05.06-20.26.46:701][ 20]LogCore: Engine exit requested (reason: UUnrealEdEngine::CloseEditor())
[2023.05.06-20.26.46:703][ 20]LogCore: Engine exit requested (reason: EngineExit() was called; note: exit was already requested)
[2023.05.06-20.26.46:855][ 20]LogAudio: Display: Beginning Audio Device Manager Shutdown (Module: AudioMixerXAudio2)...
[2023.05.06-20.26.46:855][ 20]LogAudio: Display: Destroying 1 Remaining Audio Device(s)...
[2023.05.06-20.26.46:855][ 20]LogAudio: Display: Audio Device unregistered from world 'Minimal_Default'.
[2023.05.06-20.26.46:855][ 20]LogAudioMixer: FMixerPlatformXAudio2::StopAudioStream() called
[2023.05.06-20.26.46:856][ 20]LogAudioMixer: FMixerPlatformXAudio2::StopAudioStream() called
[2023.05.06-20.26.46:858][ 20]LogAudio: Display: Audio Device Manager Shutdown
[2023.05.06-20.26.46:859][ 20]LogWindowsTextInputMethodSystem: Display: IME system deactivated.
[2023.05.06-20.26.46:865][ 20]LogExit: Preparing to exit.
[2023.05.06-20.26.47:494][ 20]LogUObjectHash: Compacting FUObjectHashTables data took   0.61ms
[2023.05.06-20.26.47:638][ 20]LogWorld: UWorld::CleanupWorld for World_3, bSessionEnded=true, bCleanupResources=true
[2023.05.06-20.26.47:639][ 20]LogWorld: UWorld::CleanupWorld for World_0, bSessionEnded=true, bCleanupResources=true
[2023.05.06-20.26.47:639][ 20]LogWorld: UWorld::CleanupWorld for World_1, bSessionEnded=true, bCleanupResources=true
[2023.05.06-20.26.47:639][ 20]LogWorld: UWorld::CleanupWorld for World_4, bSessionEnded=true, bCleanupResources=true
[2023.05.06-20.26.47:642][ 20]LogDirectoryWatcher: Display: A directory notification failed, and we were unable to create a new request. GetLastError code [6] Handle [FFFFFFFFFFFFFFFF], Path [E:/Asus/Documents/GitHub/TheTroubleMakers/Unreal Engine Project/SpeedLimit_UniAzad/Content/] 
[2023.05.06-20.26.47:662][ 20]LogDemo: Cleaned up 0 splitscreen connections with owner deletion
[2023.05.06-20.26.47:669][ 20]LogWorld: UWorld::CleanupWorld for None, bSessionEnded=true, bCleanupResources=true
[2023.05.06-20.26.47:669][ 20]LogExit: Editor shut down
[2023.05.06-20.26.47:670][ 20]LogExit: Transaction tracking system shut down
[2023.05.06-20.26.47:803][ 20]LogExit: Object subsystem successfully closed.
[2023.05.06-20.26.47:814][ 20]LogShaderCompilers: Display: === FShaderJobCache stats ===
[2023.05.06-20.26.47:814][ 20]LogShaderCompilers: Display: Total job queries 455, among them cache hits 7 (1.54%)
[2023.05.06-20.26.47:814][ 20]LogShaderCompilers: Display: Tracking 448 distinct input hashes that result in 25 distinct outputs (5.58%)
[2023.05.06-20.26.47:814][ 20]LogShaderCompilers: Display: RAM used: 0.16 MB (0.00 GB) of 819.20 MB (0.80 GB) budget. Usage: 0.02%
[2023.05.06-20.26.47:814][ 20]LogShaderCompilers: Display: ================================================
[2023.05.06-20.26.47:821][ 20]LogShaderCompilers: Display: Shaders left to compile 0
[2023.05.06-20.26.47:830][ 20]LogModuleManager: Shutting down and abandoning module MovieSceneCapture (878)
[2023.05.06-20.26.47:830][ 20]LogModuleManager: Shutting down and abandoning module Voice (876)
[2023.05.06-20.26.47:831][ 20]LogModuleManager: Shutting down and abandoning module StaticMeshEditor (874)
[2023.05.06-20.26.47:831][ 20]LogModuleManager: Shutting down and abandoning module HierarchicalLODUtilities (872)
[2023.05.06-20.26.47:831][ 20]LogModuleManager: Shutting down and abandoning module HierarchicalLODOutliner (870)
[2023.05.06-20.26.47:831][ 20]LogModuleManager: Shutting down and abandoning module SceneOutliner (868)
[2023.05.06-20.26.47:831][ 20]LogModuleManager: Shutting down and abandoning module AddContentDialog (866)
[2023.05.06-20.26.47:831][ 20]LogModuleManager: Shutting down and abandoning module WidgetCarousel (865)
[2023.05.06-20.26.47:831][ 20]LogModuleManager: Shutting down and abandoning module EditorWidgets (862)
[2023.05.06-20.26.47:831][ 20]LogModuleManager: Shutting down and abandoning module StatsViewer (860)
[2023.05.06-20.26.47:831][ 20]LogModuleManager: Shutting down and abandoning module PIEPreviewDeviceProfileSelector (858)
[2023.05.06-20.26.47:831][ 20]LogModuleManager: Shutting down and abandoning module SequenceRecorderSections (856)
[2023.05.06-20.26.47:831][ 20]LogModuleManager: Shutting down and abandoning module AutomationWorker (854)
[2023.05.06-20.26.47:831][ 20]LogModuleManager: Shutting down and abandoning module SteamVREditor (852)
[2023.05.06-20.26.47:831][ 20]LogModuleManager: Shutting down and abandoning module OculusMR (850)
[2023.05.06-20.26.47:831][ 20]LogModuleManager: Shutting down and abandoning module TakeRecorderSources (848)
[2023.05.06-20.26.47:831][ 20]LogModuleManager: Shutting down and abandoning module TakeRecorder (847)
[2023.05.06-20.26.47:831][ 20]LogModuleManager: Shutting down and abandoning module TakeTrackRecorders (844)
[2023.05.06-20.26.47:831][ 20]LogModuleManager: Shutting down and abandoning module TakesCore (842)
[2023.05.06-20.26.47:831][ 20]LogModuleManager: Shutting down and abandoning module OpenXRInput (840)
[2023.05.06-20.26.47:831][ 20]LogModuleManager: Shutting down and abandoning module GooglePADEditor (838)
[2023.05.06-20.26.47:831][ 20]LogModuleManager: Shutting down and abandoning module AudioCaptureEditor (836)
[2023.05.06-20.26.47:831][ 20]LogModuleManager: Shutting down and abandoning module WmfMediaFactory (834)
[2023.05.06-20.26.47:831][ 20]LogModuleManager: Shutting down and abandoning module WmfMediaEditor (832)
[2023.05.06-20.26.47:831][ 20]LogModuleManager: Shutting down and abandoning module WebMMediaFactory (830)
[2023.05.06-20.26.47:831][ 20]LogModuleManager: Shutting down and abandoning module WebMMediaEditor (828)
[2023.05.06-20.26.47:831][ 20]LogModuleManager: Shutting down and abandoning module WebMMedia (826)
[2023.05.06-20.26.47:831][ 20]LogModuleManager: Shutting down and abandoning module MediaPlayerEditor (824)
[2023.05.06-20.26.47:831][ 20]LogModuleManager: Shutting down and abandoning module MediaCompositingEditor (822)
[2023.05.06-20.26.47:831][ 20]LogModuleManager: Shutting down and abandoning module SequenceRecorder (821)
[2023.05.06-20.26.47:831][ 20]LogModuleManager: Shutting down and abandoning module OpenExrWrapper (818)
[2023.05.06-20.26.47:831][ 20]LogModuleManager: Shutting down and abandoning module ImgMediaFactory (816)
[2023.05.06-20.26.47:831][ 20]LogModuleManager: Shutting down and abandoning module ImgMediaEditor (814)
[2023.05.06-20.26.47:832][ 20]LogModuleManager: Shutting down and abandoning module AvfMediaFactory (812)
[2023.05.06-20.26.47:832][ 20]LogModuleManager: Shutting down and abandoning module AvfMediaEditor (810)
[2023.05.06-20.26.47:832][ 20]LogModuleManager: Shutting down and abandoning module AndroidMediaFactory (808)
[2023.05.06-20.26.47:832][ 20]LogModuleManager: Shutting down and abandoning module AndroidMediaEditor (806)
[2023.05.06-20.26.47:832][ 20]LogModuleManager: Shutting down and abandoning module TemplateSequenceEditor (804)
[2023.05.06-20.26.47:832][ 20]LogModuleManager: Shutting down and abandoning module MatineeToLevelSequence (802)
[2023.05.06-20.26.47:832][ 20]LogModuleManager: Shutting down and abandoning module LevelSequenceEditor (800)
[2023.05.06-20.26.47:832][ 20]LogModuleManager: Shutting down and abandoning module ActorSequenceEditor (798)
[2023.05.06-20.26.47:832][ 20]LogModuleManager: Shutting down and abandoning module MagicLeapMediaCodecFactory (796)
[2023.05.06-20.26.47:832][ 20]LogModuleManager: Shutting down and abandoning module MagicLeapMediaFactory (794)
[2023.05.06-20.26.47:832][ 20]LogModuleManager: Shutting down and abandoning module MagicLeapMediaEditor (792)
[2023.05.06-20.26.47:832][ 20]LogModuleManager: Shutting down and abandoning module PlanarCut (790)
[2023.05.06-20.26.47:832][ 20]LogModuleManager: Shutting down and abandoning module CharacterAI (788)
[2023.05.06-20.26.47:832][ 20]LogModuleManager: Shutting down and abandoning module TextureAlignMode (786)
[2023.05.06-20.26.47:832][ 20]LogModuleManager: Shutting down and abandoning module BspMode (784)
[2023.05.06-20.26.47:832][ 20]LogModuleManager: Shutting down and abandoning module GeometryMode (782)
[2023.05.06-20.26.47:832][ 20]LogModuleManager: Shutting down and abandoning module CameraShakePreviewer (780)
[2023.05.06-20.26.47:832][ 20]LogModuleManager: Shutting down and abandoning module SmartSnapping (778)
[2023.05.06-20.26.47:832][ 20]LogModuleManager: Shutting down and abandoning module SessionServices (776)
[2023.05.06-20.26.47:832][ 20]LogModuleManager: Shutting down and abandoning module MeshPaint (774)
[2023.05.06-20.26.47:832][ 20]LogModuleManager: Shutting down and abandoning module VirtualTexturingEditor (772)
[2023.05.06-20.26.47:832][ 20]LogModuleManager: Shutting down and abandoning module FoliageEdit (770)
[2023.05.06-20.26.47:832][ 20]LogModuleManager: Shutting down and abandoning module LandscapeEditor (768)
[2023.05.06-20.26.47:832][ 20]LogModuleManager: Shutting down and abandoning module MeshPaintMode (766)
[2023.05.06-20.26.47:832][ 20]LogModuleManager: Shutting down and abandoning module SceneDepthPickerMode (764)
[2023.05.06-20.26.47:832][ 20]LogModuleManager: Shutting down and abandoning module ActorPickerMode (762)
[2023.05.06-20.26.47:832][ 20]LogModuleManager: Shutting down and abandoning module PlacementMode (760)
[2023.05.06-20.26.47:832][ 20]LogModuleManager: Shutting down and abandoning module ViewportSnapping (758)
[2023.05.06-20.26.47:832][ 20]LogModuleManager: Shutting down and abandoning module ViewportInteraction (756)
[2023.05.06-20.26.47:832][ 20]LogModuleManager: Shutting down and abandoning module ClothPainter (754)
[2023.05.06-20.26.47:832][ 20]LogModuleManager: Shutting down and abandoning module SkeletalMeshEditor (753)
[2023.05.06-20.26.47:832][ 20]LogModuleManager: Shutting down and abandoning module LogVisualizer (750)
[2023.05.06-20.26.47:832][ 20]LogModuleManager: Shutting down and abandoning module IntroTutorials (748)
[2023.05.06-20.26.47:832][ 20]LogModuleManager: Shutting down and abandoning module GameProjectGeneration (747)
[2023.05.06-20.26.47:832][ 20]LogModuleManager: Shutting down and abandoning module LuminPlatformEditor (744)
[2023.05.06-20.26.47:832][ 20]LogModuleManager: Shutting down and abandoning module IOSPlatformEditor (742)
[2023.05.06-20.26.47:832][ 20]LogModuleManager: Shutting down and abandoning module AndroidPlatformEditor (740)
[2023.05.06-20.26.47:832][ 20]LogModuleManager: Shutting down and abandoning module AndroidDeviceDetection (739)
[2023.05.06-20.26.49:366][ 20]LogModuleManager: Shutting down and abandoning module WindowsPlatformEditor (736)
[2023.05.06-20.26.49:366][ 20]LogModuleManager: Shutting down and abandoning module LuminRuntimeSettings (734)
[2023.05.06-20.26.49:366][ 20]LogModuleManager: Shutting down and abandoning module IOSRuntimeSettings (732)
[2023.05.06-20.26.49:366][ 20]LogModuleManager: Shutting down and abandoning module AndroidRuntimeSettings (730)
[2023.05.06-20.26.49:366][ 20]LogModuleManager: Shutting down and abandoning module TraceInsights (728)
[2023.05.06-20.26.49:366][ 20]MemoryProfiler: Shutdown
[2023.05.06-20.26.49:366][ 20]NetworkingProfiler: Shutdown
[2023.05.06-20.26.49:367][ 20]LoadingProfiler: Shutdown
[2023.05.06-20.26.49:367][ 20]TimingProfiler: Shutdown
[2023.05.06-20.26.49:367][ 20]LogModuleManager: Shutting down and abandoning module TraceServices (727)
[2023.05.06-20.26.49:367][ 20]LogModuleManager: Shutting down and abandoning module EditorInteractiveToolsFramework (724)
[2023.05.06-20.26.49:367][ 20]LogModuleManager: Shutting down and abandoning module TimeManagementEditor (722)
[2023.05.06-20.26.49:367][ 20]LogModuleManager: Shutting down and abandoning module InputBindingEditor (720)
[2023.05.06-20.26.49:367][ 20]LogModuleManager: Shutting down and abandoning module MergeActors (718)
[2023.05.06-20.26.49:367][ 20]LogModuleManager: Shutting down and abandoning module LocalizationDashboard (716)
[2023.05.06-20.26.49:367][ 20]LogModuleManager: Shutting down and abandoning module LocalizationService (715)
[2023.05.06-20.26.49:367][ 20]LogModuleManager: Shutting down and abandoning module HardwareTargeting (712)
[2023.05.06-20.26.49:367][ 20]LogModuleManager: Shutting down and abandoning module DeviceProfileEditor (710)
[2023.05.06-20.26.49:367][ 20]LogModuleManager: Shutting down and abandoning module UndoHistory (708)
[2023.05.06-20.26.49:367][ 20]LogModuleManager: Shutting down and abandoning module XmlParser (706)
[2023.05.06-20.26.49:367][ 20]LogModuleManager: Shutting down and abandoning module Blutility (704)
[2023.05.06-20.26.49:367][ 20]LogModuleManager: Shutting down and abandoning module ProjectSettingsViewer (702)
[2023.05.06-20.26.49:367][ 20]LogModuleManager: Shutting down and abandoning module ProjectTargetPlatformEditor (701)
[2023.05.06-20.26.49:368][ 20]LogModuleManager: Shutting down and abandoning module EditorSettingsViewer (698)
[2023.05.06-20.26.49:368][ 20]LogModuleManager: Shutting down and abandoning module InternationalizationSettings (697)
[2023.05.06-20.26.49:368][ 20]LogModuleManager: Shutting down and abandoning module SettingsEditor (694)
[2023.05.06-20.26.49:368][ 20]LogModuleManager: Shutting down and abandoning module ProjectLauncher (692)
[2023.05.06-20.26.49:368][ 20]LogModuleManager: Shutting down and abandoning module SessionFrontend (690)
[2023.05.06-20.26.49:368][ 20]LogModuleManager: Shutting down and abandoning module ProfilerClient (688)
[2023.05.06-20.26.49:368][ 20]LogModuleManager: Shutting down and abandoning module DeviceManager (686)
[2023.05.06-20.26.49:368][ 20]LogModuleManager: Shutting down and abandoning module TargetDeviceServices (685)
[2023.05.06-20.26.49:400][ 20]LogModuleManager: Shutting down and abandoning module AutomationController (682)
[2023.05.06-20.26.49:400][ 20]LogModuleManager: Shutting down and abandoning module AutomationWindow (680)
[2023.05.06-20.26.49:400][ 20]LogModuleManager: Shutting down and abandoning module Layers (678)
[2023.05.06-20.26.49:400][ 20]LogModuleManager: Shutting down and abandoning module ComponentVisualizers (676)
[2023.05.06-20.26.49:400][ 20]LogModuleManager: Shutting down and abandoning module DetailCustomizations (674)
[2023.05.06-20.26.49:400][ 20]LogModuleManager: Shutting down and abandoning module PackagesDialog (672)
[2023.05.06-20.26.49:400][ 20]LogModuleManager: Shutting down and abandoning module AnimationBlueprintEditor (670)
[2023.05.06-20.26.49:400][ 20]LogModuleManager: Shutting down and abandoning module Persona (668)
[2023.05.06-20.26.49:401][ 20]LogModuleManager: Shutting down and abandoning module AdvancedPreviewScene (667)
[2023.05.06-20.26.49:401][ 20]LogModuleManager: Shutting down and abandoning module AnimGraph (665)
[2023.05.06-20.26.49:401][ 20]LogModuleManager: Shutting down and abandoning module Kismet (662)
[2023.05.06-20.26.49:401][ 20]LogModuleManager: Shutting down and abandoning module KismetWidgets (661)
[2023.05.06-20.26.49:401][ 20]LogModuleManager: Shutting down and abandoning module GraphEditor (658)
[2023.05.06-20.26.49:401][ 20]LogModuleManager: Shutting down and abandoning module StructViewer (656)
[2023.05.06-20.26.49:401][ 20]LogModuleManager: Shutting down and abandoning module ClassViewer (654)
[2023.05.06-20.26.49:401][ 20]LogModuleManager: Shutting down and abandoning module Toolbox (652)
[2023.05.06-20.26.49:401][ 20]LogModuleManager: Shutting down and abandoning module ModuleUI (650)
[2023.05.06-20.26.49:402][ 20]LogModuleManager: Shutting down and abandoning module OutputLog (648)
[2023.05.06-20.26.49:402][ 20]LogModuleManager: Shutting down and abandoning module GammaUI (646)
[2023.05.06-20.26.49:402][ 20]LogModuleManager: Shutting down and abandoning module Documentation (644)
[2023.05.06-20.26.49:402][ 20]LogModuleManager: Shutting down and abandoning module LiveCoding (642)
[2023.05.06-20.26.49:402][ 20]LogModuleManager: Shutting down and abandoning module LevelSequence (640)
[2023.05.06-20.26.49:402][ 20]LogModuleManager: Shutting down and abandoning module MovieSceneTracks (638)
[2023.05.06-20.26.49:402][ 20]LogModuleManager: Shutting down and abandoning module MovieScene (636)
[2023.05.06-20.26.49:403][ 20]LogModuleManager: Shutting down and abandoning module StreamingPauseRendering (634)
[2023.05.06-20.26.49:403][ 20]LogModuleManager: Shutting down and abandoning module LauncherPlatform (632)
[2023.05.06-20.26.49:403][ 20]LogModuleManager: Shutting down and abandoning module AnalyticsET (630)
[2023.05.06-20.26.49:403][ 20]LogModuleManager: Shutting down and abandoning module PortalServices (628)
[2023.05.06-20.26.49:403][ 20]LogModuleManager: Shutting down and abandoning module PortalRpc (626)
[2023.05.06-20.26.49:403][ 20]LogModuleManager: Shutting down and abandoning module MessagingRpc (624)
[2023.05.06-20.26.49:403][ 20]LogModuleManager: Shutting down and abandoning module AudioMixerXAudio2 (622)
[2023.05.06-20.26.49:403][ 20]LogModuleManager: Shutting down and abandoning module AudioMixerCore (621)
[2023.05.06-20.26.49:403][ 20]LogModuleManager: Shutting down and abandoning module AIModule (618)
[2023.05.06-20.26.49:403][ 20]LogModuleManager: Shutting down and abandoning module GameplayDebugger (617)
[2023.05.06-20.26.49:403][ 20]LogModuleManager: Shutting down and abandoning module AITestSuite (615)
[2023.05.06-20.26.49:403][ 20]LogModuleManager: Shutting down and abandoning module NavigationSystem (613)
[2023.05.06-20.26.49:403][ 20]LogModuleManager: Shutting down and abandoning module ImageWriteQueue (610)
[2023.05.06-20.26.49:403][ 20]LogModuleManager: Shutting down and abandoning module ProfilerService (608)
[2023.05.06-20.26.49:469][ 20]LogModuleManager: Shutting down and abandoning module TaskGraph (606)
[2023.05.06-20.26.49:469][ 20]LogModuleManager: Shutting down and abandoning module AudioSynesthesiaEditor (604)
[2023.05.06-20.26.49:469][ 20]LogModuleManager: Shutting down and abandoning module OculusEditor (602)
[2023.05.06-20.26.49:469][ 20]LogModuleManager: Shutting down and abandoning module OculusInput (600)
[2023.05.06-20.26.49:469][ 20]LogModuleManager: Shutting down and abandoning module ContentBrowserFileDataSource (598)
[2023.05.06-20.26.49:469][ 20]LogModuleManager: Shutting down and abandoning module ContentBrowserClassDataSource (596)
[2023.05.06-20.26.49:469][ 20]LogModuleManager: Shutting down and abandoning module ContentBrowserAssetDataSource (594)
[2023.05.06-20.26.49:469][ 20]LogModuleManager: Shutting down and abandoning module CollectionManager (593)
[2023.05.06-20.26.49:470][ 20]LogModuleManager: Shutting down and abandoning module VariantManagerContentEditor (590)
[2023.05.06-20.26.49:470][ 20]LogModuleManager: Shutting down and abandoning module DatasmithContentEditor (588)
[2023.05.06-20.26.49:470][ 20]LogModuleManager: Shutting down and abandoning module TakeSequencer (586)
[2023.05.06-20.26.49:470][ 20]LogModuleManager: Shutting down and abandoning module TakeMovieScene (584)
[2023.05.06-20.26.49:470][ 20]LogModuleManager: Shutting down and abandoning module ScreenshotTools (582)
[2023.05.06-20.26.49:470][ 20]LogModuleManager: Shutting down and abandoning module SynthesisEditor (580)
[2023.05.06-20.26.49:470][ 20]LogModuleManager: Shutting down and abandoning module Synthesis (578)
[2023.05.06-20.26.49:470][ 20]LogModuleManager: Shutting down and abandoning module ProceduralMeshComponentEditor (576)
[2023.05.06-20.26.49:470][ 20]LogModuleManager: Shutting down and abandoning module ProceduralMeshComponent (574)
[2023.05.06-20.26.49:470][ 20]LogModuleManager: Shutting down and abandoning module OpenXREditor (572)
[2023.05.06-20.26.49:470][ 20]LogModuleManager: Shutting down and abandoning module MobilePatchingUtils (570)
[2023.05.06-20.26.49:470][ 20]LogModuleManager: Shutting down and abandoning module GooglePAD (568)
[2023.05.06-20.26.49:471][ 20]LogModuleManager: Shutting down and abandoning module EditableMesh (566)
[2023.05.06-20.26.49:471][ 20]LogModuleManager: Shutting down and abandoning module CustomMeshComponent (564)
[2023.05.06-20.26.49:471][ 20]LogModuleManager: Shutting down and abandoning module CableComponent (562)
[2023.05.06-20.26.49:471][ 20]LogModuleManager: Shutting down and abandoning module AssetTags (560)
[2023.05.06-20.26.49:471][ 20]LogModuleManager: Shutting down and abandoning module AudioCapture (558)
[2023.05.06-20.26.49:471][ 20]LogModuleManager: Shutting down and abandoning module AudioCaptureRtAudio (557)
[2023.05.06-20.26.49:471][ 20]LogModuleManager: Shutting down and abandoning module ArchVisCharacter (554)
[2023.05.06-20.26.49:471][ 20]LogModuleManager: Shutting down and abandoning module AppleImageUtilsBlueprintSupport (552)
[2023.05.06-20.26.49:471][ 20]LogModuleManager: Shutting down and abandoning module AppleImageUtils (550)
[2023.05.06-20.26.49:471][ 20]LogModuleManager: Shutting down and abandoning module AndroidPermission (548)
[2023.05.06-20.26.49:471][ 20]LogModuleManager: Shutting down and abandoning module ActorLayerUtilitiesEditor (546)
[2023.05.06-20.26.49:471][ 20]LogModuleManager: Shutting down and abandoning module ActorLayerUtilities (544)
[2023.05.06-20.26.49:471][ 20]LogModuleManager: Shutting down and abandoning module MediaCompositing (542)
[2023.05.06-20.26.49:471][ 20]LogModuleManager: Shutting down and abandoning module ImgMedia (540)
[2023.05.06-20.26.49:471][ 20]LogModuleManager: Shutting down and abandoning module TemplateSequence (538)
[2023.05.06-20.26.49:471][ 20]LogModuleManager: Shutting down and abandoning module MagicLeapSharedWorld (536)
[2023.05.06-20.26.49:471][ 20]LogModuleManager: Shutting down and abandoning module MagicLeapLightEstimation (534)
[2023.05.06-20.26.49:471][ 20]LogModuleManager: Shutting down and abandoning module MagicLeapHelperVulkan (532)
[2023.05.06-20.26.49:471][ 20]LogModuleManager: Shutting down and abandoning module MagicLeapHelperOpenGL (530)
[2023.05.06-20.26.49:471][ 20]LogModuleManager: Shutting down and abandoning module MagicLeapAudio (528)
[2023.05.06-20.26.49:471][ 20]LogModuleManager: Shutting down and abandoning module NiagaraEditorWidgets (526)
[2023.05.06-20.26.49:471][ 20]LogModuleManager: Shutting down and abandoning module MotoSynthEditor (524)
[2023.05.06-20.26.49:471][ 20]LogModuleManager: Shutting down and abandoning module MotoSynth (522)
[2023.05.06-20.26.49:471][ 20]LogModuleManager: Shutting down and abandoning module OpenImageDenoise (520)
[2023.05.06-20.26.49:471][ 20]LogOpenImageDenoise: OIDN shutting down
[2023.05.06-20.26.49:471][ 20]LogModuleManager: Shutting down and abandoning module GeometryCollectionTracks (518)
[2023.05.06-20.26.49:471][ 20]LogModuleManager: Shutting down and abandoning module GeometryCollectionSequencer (517)
[2023.05.06-20.26.49:471][ 20]LogModuleManager: Shutting down and abandoning module GeometryCollectionEditor (514)
[2023.05.06-20.26.49:471][ 20]LogModuleManager: Shutting down and abandoning module MeshConversion (512)
[2023.05.06-20.26.49:471][ 20]LogModuleManager: Shutting down and abandoning module DynamicMesh (510)
[2023.05.06-20.26.49:471][ 20]LogModuleManager: Shutting down and abandoning module GeometryAlgorithms (508)
[2023.05.06-20.26.49:471][ 20]LogModuleManager: Shutting down and abandoning module GeometricObjects (506)
[2023.05.06-20.26.49:471][ 20]LogModuleManager: Shutting down and abandoning module GeometryCacheTracks (504)
[2023.05.06-20.26.49:472][ 20]LogModuleManager: Shutting down and abandoning module GeometryCacheStreamer (502)
[2023.05.06-20.26.49:472][ 20]LogModuleManager: Shutting down and abandoning module GeometryCacheSequencer (500)
[2023.05.06-20.26.49:472][ 20]LogModuleManager: Shutting down and abandoning module ChaosNiagara (498)
[2023.05.06-20.26.49:472][ 20]LogModuleManager: Shutting down and abandoning module ChaosSolverEditor (496)
[2023.05.06-20.26.49:472][ 20]LogModuleManager: Shutting down and abandoning module FractureEditor (494)
[2023.05.06-20.26.49:472][ 20]LogModuleManager: Shutting down and abandoning module FieldSystemEngine (493)
[2023.05.06-20.26.49:472][ 20]LogModuleManager: Shutting down and abandoning module ChaosClothEditor (490)
[2023.05.06-20.26.49:472][ 20]LogModuleManager: Shutting down and abandoning module OodleNetworkHandlerComponent (488)
[2023.05.06-20.26.49:472][ 20]LogModuleManager: Shutting down and abandoning module AutomationUtilsEditor (486)
[2023.05.06-20.26.49:472][ 20]LogModuleManager: Shutting down and abandoning module AutomationUtils (484)
[2023.05.06-20.26.49:472][ 20]LogModuleManager: Shutting down and abandoning module BackChannel (482)
[2023.05.06-20.26.49:472][ 20]LogModuleManager: Shutting down and abandoning module AlembicImporter (480)
[2023.05.06-20.26.49:472][ 20]LogModuleManager: Shutting down and abandoning module AlembicLibrary (479)
[2023.05.06-20.26.49:472][ 20]LogModuleManager: Shutting down and abandoning module GeometryCache (478)
[2023.05.06-20.26.49:472][ 20]LogModuleManager: Shutting down and abandoning module GeometryCacheEd (477)
[2023.05.06-20.26.49:472][ 20]LogModuleManager: Shutting down and abandoning module VisualStudioCodeSourceCodeAccess (472)
[2023.05.06-20.26.49:472][ 20]LogModuleManager: Shutting down and abandoning module VisualStudioSourceCodeAccess (470)
[2023.05.06-20.26.49:472][ 20]LogModuleManager: Shutting down and abandoning module UObjectPlugin (468)
[2023.05.06-20.26.49:472][ 20]LogModuleManager: Shutting down and abandoning module PerforceSourceControl (466)
[2023.05.06-20.26.49:472][ 20]LogModuleManager: Shutting down and abandoning module SubversionSourceControl (464)
[2023.05.06-20.26.49:472][ 20]LogModuleManager: Shutting down and abandoning module RiderSourceCodeAccess (462)
[2023.05.06-20.26.49:472][ 20]LogModuleManager: Shutting down and abandoning module PluginUtils (460)
[2023.05.06-20.26.49:472][ 20]LogModuleManager: Shutting down and abandoning module PlasticSourceControl (458)
[2023.05.06-20.26.49:472][ 20]LogModuleManager: Shutting down and abandoning module GitSourceControl (456)
[2023.05.06-20.26.49:472][ 20]LogModuleManager: Shutting down and abandoning module SourceControl (455)
[2023.05.06-20.26.49:472][ 20]LogModuleManager: Shutting down and abandoning module CLionSourceCodeAccess (452)
[2023.05.06-20.26.49:472][ 20]LogModuleManager: Shutting down and abandoning module AnimationSharingEd (450)
[2023.05.06-20.26.49:472][ 20]LogModuleManager: Shutting down and abandoning module MobileLauncherProfileWizard (448)
[2023.05.06-20.26.49:472][ 20]LogModuleManager: Shutting down and abandoning module MaterialAnalyzer (446)
[2023.05.06-20.26.49:473][ 20]LogModuleManager: Shutting down and abandoning module PluginBrowser (444)
[2023.05.06-20.26.49:473][ 20]LogModuleManager: Shutting down and abandoning module SpeedTreeImporter (442)
[2023.05.06-20.26.49:473][ 20]LogModuleManager: Shutting down and abandoning module CurveEditorTools (440)
[2023.05.06-20.26.49:473][ 20]LogModuleManager: Shutting down and abandoning module CryptoKeysOpenSSL (438)
[2023.05.06-20.26.49:473][ 20]LogModuleManager: Shutting down and abandoning module CryptoKeys (436)
[2023.05.06-20.26.49:473][ 20]LogModuleManager: Shutting down and abandoning module GameplayCameras (434)
[2023.05.06-20.26.49:473][ 20]LogModuleManager: Shutting down and abandoning module LiveLinkSequencer (432)
[2023.05.06-20.26.49:473][ 20]LogModuleManager: Shutting down and abandoning module LiveLinkMovieScene (430)
[2023.05.06-20.26.49:473][ 20]LogModuleManager: Shutting down and abandoning module LiveLinkGraphNode (428)
[2023.05.06-20.26.49:473][ 20]LogModuleManager: Shutting down and abandoning module LiveLinkEditor (426)
[2023.05.06-20.26.49:473][ 20]LogModuleManager: Shutting down and abandoning module LiveLinkComponents (424)
[2023.05.06-20.26.49:473][ 20]LogModuleManager: Shutting down and abandoning module LiveLink (422)
[2023.05.06-20.26.49:565][ 20]LogModuleManager: Shutting down and abandoning module LightPropagationVolumeEditor (420)
[2023.05.06-20.26.49:565][ 20]LogModuleManager: Shutting down and abandoning module PaperTiledImporter (418)
[2023.05.06-20.26.49:565][ 20]LogModuleManager: Shutting down and abandoning module PaperSpriteSheetImporter (416)
[2023.05.06-20.26.49:565][ 20]LogModuleManager: Shutting down and abandoning module Paper2DEditor (414)
[2023.05.06-20.26.49:566][ 20]LogModuleManager: Shutting down and abandoning module MeshPaintingToolset (412)
[2023.05.06-20.26.49:566][ 20]LogModuleManager: Shutting down and abandoning module MeshPaintEditorMode (410)
[2023.05.06-20.26.49:566][ 20]LogModuleManager: Shutting down and abandoning module SoundFields (408)
[2023.05.06-20.26.49:566][ 20]LogModuleManager: Shutting down and abandoning module SignificanceManager (406)
[2023.05.06-20.26.49:566][ 20]LogModuleManager: Shutting down and abandoning module RuntimePhysXCooking (404)
[2023.05.06-20.26.49:566][ 20]LogModuleManager: Shutting down and abandoning module PropertyAccessEditor (402)
[2023.05.06-20.26.49:566][ 20]LogModuleManager: Shutting down and abandoning module PhysXVehiclesEditor (400)
[2023.05.06-20.26.49:566][ 20]LogModuleManager: Shutting down and abandoning module LocationServicesBPLibrary (396)
[2023.05.06-20.26.49:566][ 20]LogModuleManager: Shutting down and abandoning module AudioSynesthesia (394)
[2023.05.06-20.26.49:566][ 20]LogModuleManager: Shutting down and abandoning module AudioSynesthesiaCore (392)
[2023.05.06-20.26.49:566][ 20]LogModuleManager: Shutting down and abandoning module ImgMediaEngine (390)
[2023.05.06-20.26.49:566][ 20]LogModuleManager: Shutting down and abandoning module ActorSequence (388)
[2023.05.06-20.26.49:566][ 20]LogModuleManager: Shutting down and abandoning module UdpMessaging (386)
[2023.05.06-20.26.49:667][ 20]LogModuleManager: Shutting down and abandoning module TcpMessaging (384)
[2023.05.06-20.26.49:767][ 20]LogModuleManager: Shutting down and abandoning module MagicLeapARPin (382)
[2023.05.06-20.26.49:767][ 20]LogModuleManager: Shutting down and abandoning module MagicLeapHandMeshing (380)
[2023.05.06-20.26.49:767][ 20]LogModuleManager: Shutting down and abandoning module MagicLeapSecureStorage (378)
[2023.05.06-20.26.49:767][ 20]LogModuleManager: Shutting down and abandoning module MagicLeapPrivileges (376)
[2023.05.06-20.26.49:767][ 20]LogModuleManager: Shutting down and abandoning module MagicLeapPlanes (374)
[2023.05.06-20.26.49:767][ 20]LogMagicLeapPlanes: Planes tracker already destroyed.
[2023.05.06-20.26.49:767][ 20]LogModuleManager: Shutting down and abandoning module MagicLeapImageTracker (372)
[2023.05.06-20.26.49:767][ 20]LogModuleManager: Shutting down and abandoning module MagicLeapIdentity (370)
[2023.05.06-20.26.49:767][ 20]LogModuleManager: Shutting down and abandoning module MagicLeapHandTracking (368)
[2023.05.06-20.26.49:767][ 20]LogModuleManager: Shutting down and abandoning module MagicLeapEyeTracker (366)
[2023.05.06-20.26.49:767][ 20]LogModuleManager: Shutting down and abandoning module MagicLeapController (364)
[2023.05.06-20.26.49:767][ 20]LogModuleManager: Shutting down and abandoning module MagicLeapARPinImpl (362)
[2023.05.06-20.26.49:767][ 20]LogModuleManager: Shutting down and abandoning module MagicLeapAR (360)
[2023.05.06-20.26.49:767][ 20]LogModuleManager: Shutting down and abandoning module NiagaraAnimNotifies (358)
[2023.05.06-20.26.49:767][ 20]LogModuleManager: Shutting down and abandoning module Niagara (356)
[2023.05.06-20.26.49:767][ 20]LogModuleManager: Shutting down and abandoning module SignalProcessing (355)
[2023.05.06-20.26.49:767][ 20]LogModuleManager: Shutting down and abandoning module NiagaraEditor (353)
[2023.05.06-20.26.49:768][ 20]LogModuleManager: Shutting down and abandoning module NiagaraCore (350)
[2023.05.06-20.26.49:768][ 20]LogModuleManager: Shutting down and abandoning module PythonScriptPlugin (348)
[2023.05.06-20.26.49:768][ 20]LogModuleManager: Shutting down and abandoning module PropertyAccessNode (346)
[2023.05.06-20.26.49:768][ 20]LogModuleManager: Shutting down and abandoning module AnimationSharing (344)
[2023.05.06-20.26.49:768][ 20]LogModuleManager: Shutting down and abandoning module GameplayTagsEditor (342)
[2023.05.06-20.26.49:768][ 20]LogModuleManager: Shutting down and abandoning module DataValidation (340)
[2023.05.06-20.26.49:768][ 20]LogModuleManager: Shutting down and abandoning module FacialAnimationEditor (338)
[2023.05.06-20.26.49:768][ 20]LogModuleManager: Shutting down and abandoning module FacialAnimation (336)
[2023.05.06-20.26.49:768][ 20]LogModuleManager: Shutting down and abandoning module AssetManagerEditor (334)
[2023.05.06-20.26.49:769][ 20]LogModuleManager: Shutting down and abandoning module LevelEditor (333)
[2023.05.06-20.26.49:771][ 20]LogModuleManager: Shutting down and abandoning module PixelInspectorModule (332)
[2023.05.06-20.26.49:771][ 20]LogModuleManager: Shutting down and abandoning module CommonMenuExtensions (330)
[2023.05.06-20.26.49:771][ 20]LogModuleManager: Shutting down and abandoning module MainFrame (328)
[2023.05.06-20.26.49:771][ 20]LogModuleManager: Shutting down and abandoning module HotReload (327)
[2023.05.06-20.26.49:771][ 20]LogModuleManager: Shutting down and abandoning module ToolMenus (323)
[2023.05.06-20.26.49:771][ 20]LogModuleManager: Shutting down and abandoning module ContentBrowser (321)
[2023.05.06-20.26.49:771][ 20]LogModuleManager: Shutting down and abandoning module ContentBrowserData (320)
[2023.05.06-20.26.49:771][ 20]LogModuleManager: Shutting down and abandoning module TreeMap (317)
[2023.05.06-20.26.49:771][ 20]LogModuleManager: Shutting down and abandoning module LightPropagationVolumeRuntime (314)
[2023.05.06-20.26.49:771][ 20]LogModuleManager: Shutting down and abandoning module EnvironmentQueryEditor (312)
[2023.05.06-20.26.49:772][ 20]LogModuleManager: Shutting down and abandoning module Paper2D (310)
[2023.05.06-20.26.49:772][ 20]LogModuleManager: Shutting down and abandoning module WindowsMoviePlayer (308)
[2023.05.06-20.26.49:772][ 20]LogModuleManager: Shutting down and abandoning module WebMMoviePlayer (306)
[2023.05.06-20.26.49:772][ 20]LogModuleManager: Shutting down and abandoning module NetworkReplayStreaming (304)
[2023.05.06-20.26.49:772][ 20]LogModuleManager: Shutting down and abandoning module PacketHandler (302)
[2023.05.06-20.26.49:772][ 20]LogModuleManager: Shutting down and abandoning module ClothingSystemEditor (300)
[2023.05.06-20.26.49:772][ 20]LogModuleManager: Shutting down and abandoning module ClothingSystemRuntimeNv (298)
[2023.05.06-20.26.49:772][ 20]LogModuleManager: Shutting down and abandoning module MediaAssets (296)
[2023.05.06-20.26.49:772][ 20]LogModuleManager: Shutting down and abandoning module Overlay (294)
[2023.05.06-20.26.49:772][ 20]LogModuleManager: Shutting down and abandoning module OverlayEditor (293)
[2023.05.06-20.26.49:772][ 20]LogModuleManager: Shutting down and abandoning module VREditor (290)
[2023.05.06-20.26.49:772][ 20]LogModuleManager: Shutting down and abandoning module StringTableEditor (288)
[2023.05.06-20.26.49:772][ 20]LogModuleManager: Shutting down and abandoning module GameplayTasksEditor (286)
[2023.05.06-20.26.49:772][ 20]LogModuleManager: Shutting down and abandoning module BehaviorTreeEditor (284)
[2023.05.06-20.26.49:772][ 20]LogModuleManager: Shutting down and abandoning module FunctionalTesting (282)
[2023.05.06-20.26.49:772][ 20]LogModuleManager: Shutting down and abandoning module CollisionAnalyzer (280)
[2023.05.06-20.26.49:772][ 20]LogModuleManager: Shutting down and abandoning module WorkspaceMenuStructure (279)
[2023.05.06-20.26.49:772][ 20]LogModuleManager: Shutting down and abandoning module UMG (276)
[2023.05.06-20.26.49:772][ 20]LogModuleManager: Shutting down and abandoning module UMGEditor (275)
[2023.05.06-20.26.49:772][ 20]LogModuleManager: Shutting down and abandoning module MessageLog (273)
[2023.05.06-20.26.49:772][ 20]LogModuleManager: Shutting down and abandoning module SlateReflector (268)
[2023.05.06-20.26.49:772][ 20]LogModuleManager: Shutting down and abandoning module Slate (266)
[2023.05.06-20.26.49:772][ 20]LogModuleManager: Shutting down and abandoning module SlateCore (264)
[2023.05.06-20.26.49:774][ 20]LogModuleManager: Shutting down and abandoning module LandscapeEditorUtilities (262)
[2023.05.06-20.26.49:774][ 20]LogModuleManager: Shutting down and abandoning module UnrealEd (260)
[2023.05.06-20.26.49:774][ 20]LogModuleManager: Shutting down and abandoning module MRMesh (258)
[2023.05.06-20.26.49:774][ 20]LogModuleManager: Shutting down and abandoning module SourceCodeAccess (256)
[2023.05.06-20.26.49:774][ 20]LogModuleManager: Shutting down and abandoning module HeadMountedDisplay (254)
[2023.05.06-20.26.49:774][ 20]LogModuleManager: Shutting down and abandoning module XAudio2 (252)
[2023.05.06-20.26.49:774][ 20]LogModuleManager: Shutting down and abandoning module Networking (250)
[2023.05.06-20.26.49:774][ 20]LogModuleManager: Shutting down and abandoning module Core (248)
[2023.05.06-20.26.49:774][ 20]LogModuleManager: Shutting down and abandoning module MaterialEditor (246)
[2023.05.06-20.26.49:774][ 20]LogModuleManager: Shutting down and abandoning module MovieSceneTools (244)
[2023.05.06-20.26.49:774][ 20]LogModuleManager: Shutting down and abandoning module CurveEditor (243)
[2023.05.06-20.26.49:774][ 20]LogModuleManager: Shutting down and abandoning module Sequencer (241)
[2023.05.06-20.26.49:774][ 20]LogModuleManager: Shutting down and abandoning module EditorStyle (240)
[2023.05.06-20.26.49:776][ 20]LogModuleManager: Shutting down and abandoning module KismetCompiler (236)
[2023.05.06-20.26.49:776][ 20]LogModuleManager: Shutting down and abandoning module MeshBuilder (234)
[2023.05.06-20.26.49:776][ 20]LogModuleManager: Shutting down and abandoning module MeshUtilities (232)
[2023.05.06-20.26.49:776][ 20]LogModuleManager: Shutting down and abandoning module MeshMergeUtilities (231)
[2023.05.06-20.26.49:776][ 20]LogModuleManager: Shutting down and abandoning module MeshReductionInterface (230)
[2023.05.06-20.26.49:776][ 20]LogModuleManager: Shutting down and abandoning module MeshBoneReduction (229)
[2023.05.06-20.26.49:776][ 20]LogModuleManager: Shutting down and abandoning module SkeletalMeshReduction (227)
[2023.05.06-20.26.49:776][ 20]LogModuleManager: Shutting down and abandoning module ProxyLODMeshReduction (225)
[2023.05.06-20.26.49:776][ 20]LogModuleManager: Shutting down and abandoning module QuadricMeshReduction (223)
[2023.05.06-20.26.49:776][ 20]LogModuleManager: Shutting down and abandoning module MaterialBaking (219)
[2023.05.06-20.26.49:776][ 20]LogModuleManager: Shutting down and abandoning module NullInstallBundleManager (214)
[2023.05.06-20.26.49:776][ 20]LogModuleManager: Shutting down and abandoning module DerivedDataCache (212)
[2023.05.06-20.26.49:776][ 20]LogModuleManager: Shutting down and abandoning module TargetPlatform (210)
[2023.05.06-20.26.49:776][ 20]LogModuleManager: Shutting down and abandoning module VulkanShaderFormat (209)
[2023.05.06-20.26.49:776][ 20]LogModuleManager: Shutting down and abandoning module ShaderFormatVectorVM (207)
[2023.05.06-20.26.49:776][ 20]LogModuleManager: Shutting down and abandoning module ShaderFormatOpenGL (205)
[2023.05.06-20.26.49:776][ 20]LogModuleManager: Shutting down and abandoning module ShaderFormatD3D (203)
[2023.05.06-20.26.49:776][ 20]LogModuleManager: Shutting down and abandoning module MetalShaderFormat (201)
[2023.05.06-20.26.49:776][ 20]LogModuleManager: Shutting down and abandoning module TextureFormatOodle (199)
[2023.05.06-20.26.49:776][ 20]LogModuleManager: Shutting down and abandoning module TextureFormatUncompressed (197)
[2023.05.06-20.26.49:776][ 20]LogModuleManager: Shutting down and abandoning module TextureFormatPVR (195)
[2023.05.06-20.26.49:776][ 20]LogModuleManager: Shutting down and abandoning module TextureFormatETC2 (193)
[2023.05.06-20.26.49:776][ 20]LogModuleManager: Shutting down and abandoning module TextureFormatDXT (191)
[2023.05.06-20.26.49:776][ 20]LogModuleManager: Shutting down and abandoning module TextureFormatIntelISPCTexComp (189)
[2023.05.06-20.26.49:776][ 20]LogModuleManager: Shutting down and abandoning module TextureFormatASTC (187)
[2023.05.06-20.26.49:776][ 20]LogModuleManager: Shutting down and abandoning module ImageWrapper (186)
[2023.05.06-20.26.49:776][ 20]LogModuleManager: Shutting down and abandoning module AudioFormatOpus (183)
[2023.05.06-20.26.49:776][ 20]LogModuleManager: Shutting down and abandoning module AudioFormatOgg (181)
[2023.05.06-20.26.49:776][ 20]LogModuleManager: Shutting down and abandoning module AudioFormatADPCM (179)
[2023.05.06-20.26.49:776][ 20]LogModuleManager: Shutting down and abandoning module WindowsServerTargetPlatform (177)
[2023.05.06-20.26.49:776][ 20]LogModuleManager: Shutting down and abandoning module WindowsClientTargetPlatform (175)
[2023.05.06-20.26.49:776][ 20]LogModuleManager: Shutting down and abandoning module WindowsTargetPlatform (173)
[2023.05.06-20.26.49:776][ 20]LogModuleManager: Shutting down and abandoning module WindowsNoEditorTargetPlatform (171)
[2023.05.06-20.26.49:776][ 20]LogModuleManager: Shutting down and abandoning module TVOSTargetPlatform (169)
[2023.05.06-20.26.49:777][ 20]LogModuleManager: Shutting down and abandoning module MacServerTargetPlatform (167)
[2023.05.06-20.26.49:777][ 20]LogModuleManager: Shutting down and abandoning module MacClientTargetPlatform (165)
[2023.05.06-20.26.49:777][ 20]LogModuleManager: Shutting down and abandoning module MacTargetPlatform (163)
[2023.05.06-20.26.49:777][ 20]LogModuleManager: Shutting down and abandoning module MacNoEditorTargetPlatform (161)
[2023.05.06-20.26.49:777][ 20]LogModuleManager: Shutting down and abandoning module LuminTargetPlatform (159)
[2023.05.06-20.26.49:778][ 20]LogModuleManager: Shutting down and abandoning module LinuxAArch64ServerTargetPlatform (157)
[2023.05.06-20.26.49:778][ 20]LogModuleManager: Shutting down and abandoning module LinuxAArch64ClientTargetPlatform (155)
[2023.05.06-20.26.49:778][ 20]LogModuleManager: Shutting down and abandoning module LinuxAArch64NoEditorTargetPlatform (153)
[2023.05.06-20.26.49:778][ 20]LogModuleManager: Shutting down and abandoning module LinuxServerTargetPlatform (151)
[2023.05.06-20.26.49:778][ 20]LogModuleManager: Shutting down and abandoning module LinuxClientTargetPlatform (149)
[2023.05.06-20.26.49:778][ 20]LogModuleManager: Shutting down and abandoning module LinuxNoEditorTargetPlatform (147)
[2023.05.06-20.26.49:778][ 20]LogModuleManager: Shutting down and abandoning module LinuxTargetPlatform (145)
[2023.05.06-20.26.49:778][ 20]LogModuleManager: Shutting down and abandoning module Messaging (143)
[2023.05.06-20.26.49:778][ 20]LogModuleManager: Shutting down and abandoning module IOSTargetPlatform (141)
[2023.05.06-20.26.49:779][ 20]LogModuleManager: Shutting down and abandoning module AndroidTargetPlatform (139)
[2023.05.06-20.26.49:782][ 20]LogModuleManager: Shutting down and abandoning module AllDesktopTargetPlatform (137)
[2023.05.06-20.26.49:782][ 20]LogModuleManager: Shutting down and abandoning module D3D11RHI (134)
[2023.05.06-20.26.49:782][ 20]LogModuleManager: Shutting down and abandoning module InputCore (132)
[2023.05.06-20.26.49:782][ 20]LogModuleManager: Shutting down and abandoning module Settings (130)
[2023.05.06-20.26.49:782][ 20]LogModuleManager: Shutting down and abandoning module DirectoryWatcher (128)
[2023.05.06-20.26.49:782][ 20]LogModuleManager: Shutting down and abandoning module PhysXCooking (126)
[2023.05.06-20.26.49:782][ 20]LogModuleManager: Shutting down and abandoning module Chaos (124)
[2023.05.06-20.26.49:782][ 20]LogModuleManager: Shutting down and abandoning module WindowsPlatformFeatures (122)
[2023.05.06-20.26.49:782][ 20]LogModuleManager: Shutting down and abandoning module GameplayMediaEncoder (121)
[2023.05.06-20.26.49:782][ 20]LogModuleManager: Shutting down and abandoning module AVEncoder (120)
[2023.05.06-20.26.49:782][ 20]LogModuleManager: Shutting down and abandoning module SteamVRInputDevice (116)
[2023.05.06-20.26.49:782][ 20]LogModuleManager: Shutting down and abandoning module SteamVRInput (114)
[2023.05.06-20.26.49:782][ 20]LogModuleManager: Shutting down and abandoning module SteamVR (112)
[2023.05.06-20.26.49:782][ 20]LogHMD: Freeing OpenVRDLLHandle.
[2023.05.06-20.26.49:782][ 20]LogModuleManager: Shutting down and abandoning module OculusHMD (110)
[2023.05.06-20.26.49:782][ 20]LogModuleManager: Shutting down and abandoning module VariantManagerContent (108)
[2023.05.06-20.26.49:782][ 20]LogModuleManager: Shutting down and abandoning module DatasmithContent (106)
[2023.05.06-20.26.49:782][ 20]LogModuleManager: Shutting down and abandoning module OpenXREyeTracker (104)
[2023.05.06-20.26.49:782][ 20]LogModuleManager: Shutting down and abandoning module OpenXRHandTracking (102)
[2023.05.06-20.26.49:783][ 20]LogSlate: Slate User Destroyed.  User Index 0, Is Virtual User: 0
[2023.05.06-20.26.49:783][ 20]LogModuleManager: Shutting down and abandoning module OpenXRAR (100)
[2023.05.06-20.26.49:783][ 20]LogModuleManager: Shutting down and abandoning module AugmentedReality (99)
[2023.05.06-20.26.49:783][ 20]LogModuleManager: Shutting down and abandoning module OpenXRHMD (96)
[2023.05.06-20.26.49:783][ 20]LogModuleManager: Shutting down and abandoning module ExampleDeviceProfileSelector (94)
[2023.05.06-20.26.49:783][ 20]LogModuleManager: Shutting down and abandoning module ChunkDownloader (92)
[2023.05.06-20.26.49:783][ 20]LogModuleManager: Shutting down and abandoning module WmfMedia (90)
[2023.05.06-20.26.49:785][ 20]LogModuleManager: Shutting down and abandoning module Media (89)
[2023.05.06-20.26.49:785][ 20]LogModuleManager: Shutting down and abandoning module MediaInfo (88)
[2023.05.06-20.26.49:785][ 20]LogModuleManager: Shutting down and abandoning module OnlineBlueprintSupport (84)
[2023.05.06-20.26.49:786][ 20]LogModuleManager: Shutting down and abandoning module ExrReaderGpu (80)
[2023.05.06-20.26.49:786][ 20]LogModuleManager: Shutting down and abandoning module LauncherChunkInstaller (78)
[2023.05.06-20.26.49:786][ 20]LogModuleManager: Shutting down and abandoning module OnlineSubsystem (76)
[2023.05.06-20.26.49:786][ 20]LogModuleManager: Shutting down and abandoning module XMPP (71)
[2023.05.06-20.26.49:786][ 20]LogModuleManager: Shutting down and abandoning module WebSockets (70)
[2023.05.06-20.26.49:792][ 20]LogModuleManager: Shutting down and abandoning module HTTP (67)
[2023.05.06-20.26.49:792][ 20]LogHttp: Display: Http module shutting down, but needs to wait on 1 outstanding Http requests:
[2023.05.06-20.26.49:792][ 20]LogHttp: Display: 	verb=[POST] url=[https://datarouter.ol.epicgames.com/datarouter/api/v1/public/data?SessionID=%7B2E704A31-4ADB-A432-8131-2FAFB919C936%7D&AppID=UEEditor.Rocket.Release&AppVersion=4.27.0-17155196%2B%2B%2BUE4%2BRelease-4.27&UserID=6c323a574de77068069fd1a69ce5459b%7Ce0d89e8bb4f042d48aa65e438af618d2%7C27c992d2-39c7-4861-bb46-ff907c92b92a&AppEnvironment=datacollector-binary&UploadType=eteventstream] refs=[1] status=Processing
[2023.05.06-20.26.49:792][ 20]LogHttp: Display: cleaning up 1 outstanding Http requests.
[2023.05.06-20.26.49:804][ 20]LogModuleManager: Shutting down and abandoning module SSL (66)
[2023.05.06-20.26.49:805][ 20]LogModuleManager: Shutting down and abandoning module MLSDK (62)
[2023.05.06-20.26.49:805][ 20]LogModuleManager: Shutting down and abandoning module MagicLeap (60)
[2023.05.06-20.26.49:805][ 20]LogModuleManager: Shutting down and abandoning module NiagaraVertexFactories (58)
[2023.05.06-20.26.49:805][ 20]LogModuleManager: Shutting down and abandoning module NiagaraShader (56)
[2023.05.06-20.26.49:805][ 20]LogModuleManager: Shutting down and abandoning module ChaosCloth (54)
[2023.05.06-20.26.49:805][ 20]LogModuleManager: Shutting down and abandoning module PixWinPlugin (52)
[2023.05.06-20.26.49:805][ 20]LogModuleManager: Shutting down and abandoning module AISupportModule (50)
[2023.05.06-20.26.49:805][ 20]LogModuleManager: Shutting down and abandoning module DesktopPlatform (48)
[2023.05.06-20.26.49:805][ 20]LogModuleManager: Shutting down and abandoning module PythonScriptPluginPreload (46)
[2023.05.06-20.26.49:805][ 20]LogModuleManager: Shutting down and abandoning module PlatformCryptoOpenSSL (44)
[2023.05.06-20.26.49:805][ 20]LogModuleManager: Shutting down and abandoning module PlatformCryptoTypes (42)
[2023.05.06-20.26.49:805][ 20]LogModuleManager: Shutting down and abandoning module PlatformCrypto (40)
[2023.05.06-20.26.49:805][ 20]LogModuleManager: Shutting down and abandoning module OodleDataCompressionFormat (38)
[2023.05.06-20.26.49:805][ 20]LogModuleManager: Shutting down and abandoning module XGEController (36)
[2023.05.06-20.26.49:805][ 20]LogXGEController: Cleaning working directory: C:/Users/Asus/AppData/Local/Temp/UnrealXGEWorkingDir/
[2023.05.06-20.26.49:805][ 20]LogModuleManager: Shutting down and abandoning module AnimationModifiers (34)
[2023.05.06-20.26.49:805][ 20]LogModuleManager: Shutting down and abandoning module AudioEditor (32)
[2023.05.06-20.26.49:805][ 20]LogModuleManager: Shutting down and abandoning module PropertyEditor (31)
[2023.05.06-20.26.49:805][ 20]LogModuleManager: Shutting down and abandoning module TextureCompressor (28)
[2023.05.06-20.26.49:806][ 20]LogModuleManager: Shutting down and abandoning module RenderCore (26)
[2023.05.06-20.26.49:806][ 20]LogModuleManager: Shutting down and abandoning module Landscape (24)
[2023.05.06-20.26.49:806][ 20]LogModuleManager: Shutting down and abandoning module SlateRHIRenderer (22)
[2023.05.06-20.26.49:806][ 20]LogModuleManager: Shutting down and abandoning module AnimGraphRuntime (20)
[2023.05.06-20.26.49:806][ 20]LogModuleManager: Shutting down and abandoning module Renderer (18)
[2023.05.06-20.26.49:806][ 20]LogModuleManager: Shutting down and abandoning module Engine (16)
[2023.05.06-20.26.49:806][ 20]LogModuleManager: Shutting down and abandoning module CoreUObject (14)
[2023.05.06-20.26.49:806][ 20]LogModuleManager: Shutting down and abandoning module NetworkFile (12)
[2023.05.06-20.26.49:806][ 20]LogModuleManager: Shutting down and abandoning module CookedIterativeFile (10)
[2023.05.06-20.26.49:806][ 20]LogModuleManager: Shutting down and abandoning module StreamingFile (8)
[2023.05.06-20.26.49:806][ 20]LogModuleManager: Shutting down and abandoning module SandboxFile (6)
[2023.05.06-20.26.49:806][ 20]LogModuleManager: Shutting down and abandoning module PakFile (4)
[2023.05.06-20.26.49:806][ 20]LogModuleManager: Shutting down and abandoning module RSA (3)
[2023.05.06-20.26.49:806][ 20]LogContentStreaming: Display: There are 1 unreleased StreamingManagers
[2023.05.06-20.26.49:808][ 20]LogD3D11RHI: Shutdown
[2023.05.06-20.26.49:808][ 20]LogD3D11RHI: CleanupD3DDevice
[2023.05.06-20.26.49:819][ 20]LogExit: Exiting.
[2023.05.06-20.26.49:823][ 20]Log file closed, 05/06/23 23:56:49
