Log file open, 05/08/23 05:50:44
LogWindows: Failed to load 'aqProf.dll' (GetLastError=126)
LogWindows: File 'aqProf.dll' does not exist
LogWindows: Failed to load 'VtuneApi.dll' (GetLastError=126)
LogWindows: File 'VtuneApi.dll' does not exist
LogWindows: Failed to load 'VtuneApi32e.dll' (GetLastError=126)
LogWindows: File 'VtuneApi32e.dll' does not exist
LogConsoleResponse: Display: Failed to find resolution value strings in scalability ini. Falling back to default.
LogConsoleResponse: Display: Failed to find resolution value strings in scalability ini. Falling back to default.
LogInit: Display: Running engine for game: SpeedLimit_UniAzad
LogPlatformFile: Not using cached read wrapper
LogTaskGraph: Started task graph with 5 named threads and 23 total threads with 3 sets of task threads.
LogStats: Stats thread started at 0.174531
LogICUInternationalization: ICU TimeZone Detection - Raw Offset: +3:30, Platform Override: ''
LogInit: Display: Loading text-based GConfig....
LogPluginManager: Mounting plugin MeshPainting
LogPluginManager: Mounting plugin XGEController
LogPluginManager: Mounting plugin AISupport
LogPluginManager: Mounting plugin Paper2D
LogPluginManager: Mounting plugin EnvironmentQueryEditor
LogPluginManager: Mounting plugin LightPropagationVolume
LogPluginManager: Mounting plugin CameraShakePreviewer
LogPluginManager: Mounting plugin LiveLink
LogPluginManager: Mounting plugin GameplayCameras
LogPluginManager: Mounting plugin OodleData
LogPluginManager: Mounting plugin OodleNetwork
LogPluginManager: Mounting plugin DatasmithContent
LogPluginManager: Mounting plugin AssetManagerEditor
LogPluginManager: Mounting plugin VariantManagerContent
LogPluginManager: Mounting plugin CryptoKeys
LogPluginManager: Mounting plugin CurveEditorTools
LogPluginManager: Mounting plugin FacialAnimation
LogPluginManager: Mounting plugin DataValidation
LogPluginManager: Mounting plugin GeometryMode
LogPluginManager: Mounting plugin GameplayTagsEditor
LogPluginManager: Mounting plugin MacGraphicsSwitching
LogPluginManager: Mounting plugin AnimationSharing
LogPluginManager: Mounting plugin MobileLauncherProfileWizard
LogPluginManager: Mounting plugin PluginBrowser
LogPluginManager: Mounting plugin MaterialAnalyzer
LogPluginManager: Mounting plugin CLionSourceCodeAccess
LogPluginManager: Mounting plugin SpeedTreeImporter
LogPluginManager: Mounting plugin CodeLiteSourceCodeAccess
LogPluginManager: Mounting plugin GitSourceControl
LogPluginManager: Mounting plugin KDevelopSourceCodeAccess
LogPluginManager: Mounting plugin NullSourceCodeAccess
LogPluginManager: Mounting plugin PixWinPlugin
LogPluginManager: Mounting plugin PropertyAccessNode
LogPluginManager: Mounting plugin PlasticSourceControl
LogPluginManager: Mounting plugin PluginUtils
LogPluginManager: Mounting plugin PerforceSourceControl
LogPluginManager: Mounting plugin SubversionSourceControl
LogPluginManager: Mounting plugin RiderSourceCodeAccess
LogPluginManager: Mounting plugin TextureFormatOodle
LogPluginManager: Mounting plugin VisualStudioSourceCodeAccess
LogPluginManager: Mounting plugin XCodeSourceCodeAccess
LogPluginManager: Mounting plugin UObjectPlugin
LogPluginManager: Mounting plugin VisualStudioCodeSourceCodeAccess
LogPluginManager: Mounting plugin AlembicImporter
LogPluginManager: Mounting plugin AutomationUtils
LogPluginManager: Mounting plugin BackChannel
LogPluginManager: Mounting plugin ChaosCloth
LogPluginManager: Mounting plugin ChaosClothEditor
LogPluginManager: Mounting plugin ChaosEditor
LogPluginManager: Mounting plugin ChaosSolverPlugin
LogPluginManager: Mounting plugin CharacterAI
LogPluginManager: Mounting plugin ChaosNiagara
LogPluginManager: Mounting plugin GeometryCache
LogPluginManager: Mounting plugin GeometryCollectionPlugin
LogPluginManager: Mounting plugin Niagara
LogPluginManager: Mounting plugin GeometryProcessing
LogPluginManager: Mounting plugin MotoSynth
LogPluginManager: Mounting plugin OpenImageDenoise
LogPluginManager: Mounting plugin PlatformCrypto
LogPluginManager: Mounting plugin PlanarCut
LogPluginManager: Mounting plugin ProxyLODPlugin
LogPluginManager: Mounting plugin PythonScriptPlugin
LogPluginManager: Mounting plugin SkeletalReduction
LogPluginManager: Mounting plugin LuminPlatformFeatures
LogPluginManager: Mounting plugin MagicLeap
LogPluginManager: Mounting plugin MagicLeapLightEstimation
LogPluginManager: Mounting plugin MagicLeapMedia
LogPluginManager: Mounting plugin MagicLeapPassableWorld
LogPluginManager: Mounting plugin MLSDK
LogPluginManager: Mounting plugin AndroidMedia
LogPluginManager: Mounting plugin AvfMedia
LogPluginManager: Mounting plugin ImgMedia
LogPluginManager: Mounting plugin MediaCompositing
LogPluginManager: Mounting plugin MediaPlayerEditor
LogPluginManager: Mounting plugin WebMMedia
LogPluginManager: Mounting plugin WmfMedia
LogPluginManager: Mounting plugin TcpMessaging
LogPluginManager: Mounting plugin UdpMessaging
LogPluginManager: Mounting plugin LevelSequenceEditor
LogPluginManager: Mounting plugin ActorSequence
LogPluginManager: Mounting plugin MatineeToLevelSequence
LogPluginManager: Mounting plugin TemplateSequence
LogPluginManager: Mounting plugin OnlineSubsystem
LogPluginManager: Mounting plugin OnlineSubsystemNull
LogPluginManager: Mounting plugin OnlineSubsystemUtils
LogPluginManager: Mounting plugin ActorLayerUtilities
LogPluginManager: Mounting plugin AndroidDeviceProfileSelector
LogPluginManager: Mounting plugin AndroidMoviePlayer
LogPluginManager: Mounting plugin AndroidPermission
LogPluginManager: Mounting plugin AppleImageUtils
LogPluginManager: Mounting plugin AppleMoviePlayer
LogPluginManager: Mounting plugin AudioCapture
LogPluginManager: Mounting plugin ArchVisCharacter
LogPluginManager: Mounting plugin AssetTags
LogPluginManager: Mounting plugin AudioSynesthesia
LogPluginManager: Mounting plugin ChunkDownloader
LogPluginManager: Mounting plugin CableComponent
LogPluginManager: Mounting plugin CustomMeshComponent
LogPluginManager: Mounting plugin EditableMesh
LogPluginManager: Mounting plugin ExampleDeviceProfileSelector
LogPluginManager: Mounting plugin GooglePAD
LogPluginManager: Mounting plugin GoogleCloudMessaging
LogPluginManager: Mounting plugin IOSDeviceProfileSelector
LogPluginManager: Mounting plugin LinuxDeviceProfileSelector
LogPluginManager: Mounting plugin LocationServicesBPLibrary
LogPluginManager: Mounting plugin MobilePatchingUtils
LogPluginManager: Mounting plugin OpenXRHandTracking
LogPluginManager: Mounting plugin OpenXR
LogPluginManager: Mounting plugin OpenXREyeTracker
LogPluginManager: Mounting plugin PhysXVehicles
LogPluginManager: Mounting plugin LauncherChunkInstaller
LogPluginManager: Mounting plugin ScreenshotTools
LogPluginManager: Mounting plugin PostSplashScreen
LogPluginManager: Mounting plugin ProceduralMeshComponent
LogPluginManager: Mounting plugin PropertyAccessEditor
LogPluginManager: Mounting plugin RuntimePhysXCooking
LogPluginManager: Mounting plugin SignificanceManager
LogPluginManager: Mounting plugin SoundFields
LogPluginManager: Mounting plugin Synthesis
LogPluginManager: Mounting plugin WebMMoviePlayer
LogPluginManager: Mounting plugin WindowsMoviePlayer
LogPluginManager: Mounting plugin Takes
LogPluginManager: Mounting plugin ContentBrowserAssetDataSource
LogPluginManager: Mounting plugin ContentBrowserClassDataSource
LogPluginManager: Mounting plugin ContentBrowserFileDataSource
LogPluginManager: Mounting plugin OnlineSubsystemGooglePlay
LogPluginManager: Mounting plugin OnlineSubsystemIOS
LogPluginManager: Mounting plugin OculusVR
LogPluginManager: Mounting plugin SteamVR
PixWinPlugin: PIX capture plugin failed to initialize! Check that the process is launched from PIX.
LogInit: Using libcurl 7.55.1-DEV
LogInit:  - built for x86_64-pc-win32
LogInit:  - supports SSL with OpenSSL/1.1.1
LogInit:  - supports HTTP deflate (compression) using libz 1.2.8
LogInit:  - other features:
LogInit:      CURL_VERSION_SSL
LogInit:      CURL_VERSION_LIBZ
LogInit:      CURL_VERSION_IPV6
LogInit:      CURL_VERSION_ASYNCHDNS
LogInit:      CURL_VERSION_LARGEFILE
LogInit:      CURL_VERSION_IDN
LogInit:  CurlRequestOptions (configurable via config and command line):
LogInit:  - bVerifyPeer = true  - Libcurl will verify peer certificate
LogInit:  - bUseHttpProxy = false  - Libcurl will NOT use HTTP proxy
LogInit:  - bDontReuseConnections = false  - Libcurl will reuse connections
LogInit:  - MaxHostConnections = 16  - Libcurl will limit the number of connections to a host
LogInit:  - LocalHostAddr = Default
LogInit:  - BufferSize = 65536
LogOnline: OSS: Creating online subsystem instance for: NULL
LogInit: WinSock: version 1.1 (2.2), MaxSocks=32767, MaxUdp=65467
LogOnline: OSS: TryLoadSubsystemAndSetDefault: Loaded subsystem for module [NULL]
LogOculusPluginWrapper: OculusPlugin initialized successfully
LogHMD: Failed initializing OVRPlugin 1.59.0
LogInit: Build: ++UE4+Release-4.27-CL-17155196
LogInit: Engine Version: 4.27.0-17155196+++UE4+Release-4.27
LogInit: Compatible Engine Version: 4.27.0-17155196+++UE4+Release-4.27
LogInit: Net CL: 17155196
LogInit: OS: Windows 10 (Release 2009) (), CPU: 11th Gen Intel(R) Core(TM) i7-1195G7 @ 2.90GHz, GPU: Intel(R) Iris(R) Xe Graphics
LogInit: Compiled (64-bit): Aug 13 2021 06:13:13
LogInit: Compiled with Visual C++: 19.24.28315.00
LogInit: Build Configuration: Development
LogInit: Branch Name: ++UE4+Release-4.27
LogInit: Command Line: 
LogInit: Base Directory: E:/Downloads/unreal_engine_v4.27_compiled/Unreal Engine v4.27 Compiled/Engine/Binaries/Win64/
LogInit: Allocator: TBB
LogInit: Installed Engine Build: 1
LogDevObjectVersion: Number of dev versions registered: 29
LogDevObjectVersion:   Dev-Blueprints (B0D832E4-1F89-4F0D-ACCF-7EB736FD4AA2): 10
LogDevObjectVersion:   Dev-Build (E1C64328-A22C-4D53-A36C-8E866417BD8C): 0
LogDevObjectVersion:   Dev-Core (375EC13C-06E4-48FB-B500-84F0262A717E): 4
LogDevObjectVersion:   Dev-Editor (E4B068ED-F494-42E9-A231-DA0B2E46BB41): 40
LogDevObjectVersion:   Dev-Framework (CFFC743F-43B0-4480-9391-14DF171D2073): 37
LogDevObjectVersion:   Dev-Mobile (B02B49B5-BB20-44E9-A304-32B752E40360): 3
LogDevObjectVersion:   Dev-Networking (A4E4105C-59A1-49B5-A7C5-40C4547EDFEE): 0
LogDevObjectVersion:   Dev-Online (39C831C9-5AE6-47DC-9A44-9C173E1C8E7C): 0
LogDevObjectVersion:   Dev-Physics (78F01B33-EBEA-4F98-B9B4-84EACCB95AA2): 14
LogDevObjectVersion:   Dev-Platform (6631380F-2D4D-43E0-8009-CF276956A95A): 0
LogDevObjectVersion:   Dev-Rendering (12F88B9F-8875-4AFC-A67C-D90C383ABD29): 45
LogDevObjectVersion:   Dev-Sequencer (7B5AE74C-D270-4C10-A958-57980B212A5A): 13
LogDevObjectVersion:   Dev-VR (D7296918-1DD6-4BDD-9DE2-64A83CC13884): 3
LogDevObjectVersion:   Dev-LoadTimes (C2A15278-BFE7-4AFE-6C17-90FF531DF755): 1
LogDevObjectVersion:   Private-Geometry (6EACA3D4-40EC-4CC1-B786-8BED09428FC5): 3
LogDevObjectVersion:   Dev-AnimPhys (29E575DD-E0A3-4627-9D10-D276232CDCEA): 17
LogDevObjectVersion:   Dev-Anim (AF43A65D-7FD3-4947-9873-3E8ED9C1BB05): 15
LogDevObjectVersion:   Dev-ReflectionCapture (6B266CEC-1EC7-4B8F-A30B-E4D90942FC07): 1
LogDevObjectVersion:   Dev-Automation (0DF73D61-A23F-47EA-B727-89E90C41499A): 1
LogDevObjectVersion:   FortniteMain (601D1886-AC64-4F84-AA16-D3DE0DEAC7D6): 47
LogDevObjectVersion:   FortniteRelease (E7086368-6B23-4C58-8439-1B7016265E91): 1
LogDevObjectVersion:   Dev-Enterprise (9DFFBCD6-494F-0158-E221-12823C92A888): 10
LogDevObjectVersion:   Dev-Niagara (F2AED0AC-9AFE-416F-8664-AA7FFA26D6FC): 1
LogDevObjectVersion:   Dev-Destruction (174F1F0B-B4C6-45A5-B13F-2EE8D0FB917D): 10
LogDevObjectVersion:   Dev-Physics-Ext (35F94A83-E258-406C-A318-09F59610247C): 41
LogDevObjectVersion:   Dev-PhysicsMaterial-Chaos (B68FC16E-8B1B-42E2-B453-215C058844FE): 1
LogDevObjectVersion:   Dev-CineCamera (B2E18506-4273-CFC2-A54E-F4BB758BBA07): 1
LogDevObjectVersion:   Dev-VirtualProduction (64F58936-FD1B-42BA-BA96-7289D5D0FA4E): 1
LogDevObjectVersion:   Dev-MediaFramework (6F0ED827-A609-4895-9C91-998D90180EA4): 2
LogInit: Presizing for max 25165824 objects, including 0 objects not considered by GC, pre-allocating 0 bytes for permanent pool.
LogConfig: Applying CVar settings from Section [/Script/Engine.StreamingSettings] File [E:/Asus/Documents/GitHub/TheTroubleMakers/Unreal Engine Project/SpeedLimit_UniAzad/Saved/Config/Windows/Engine.ini]
LogConfig: Setting CVar [[s.MinBulkDataSizeForAsyncLoading:131072]]
LogConfig: Setting CVar [[s.AsyncLoadingThreadEnabled:0]]
LogConfig: Setting CVar [[s.EventDrivenLoaderEnabled:1]]
LogConfig: Setting CVar [[s.WarnIfTimeLimitExceeded:0]]
LogConfig: Setting CVar [[s.TimeLimitExceededMultiplier:1.5]]
LogConfig: Setting CVar [[s.TimeLimitExceededMinTime:0.005]]
LogConfig: Setting CVar [[s.UseBackgroundLevelStreaming:1]]
LogConfig: Setting CVar [[s.PriorityAsyncLoadingExtraTime:15.0]]
LogConfig: Setting CVar [[s.LevelStreamingActorsUpdateTimeLimit:5.0]]
LogConfig: Setting CVar [[s.PriorityLevelStreamingActorsUpdateExtraTime:5.0]]
LogConfig: Setting CVar [[s.LevelStreamingComponentsRegistrationGranularity:10]]
LogConfig: Setting CVar [[s.UnregisterComponentsTimeLimit:1.0]]
LogConfig: Setting CVar [[s.LevelStreamingComponentsUnregistrationGranularity:5]]
LogConfig: Setting CVar [[s.FlushStreamingOnExit:1]]
LogInit: Object subsystem initialized
LogConfig: Setting CVar [[con.DebugEarlyDefault:1]]
LogConfig: Setting CVar [[r.setres:1280x720]]
[2023.05.08-02.20.44:742][  0]LogConfig: Setting CVar [[r.VSync:0]]
[2023.05.08-02.20.44:742][  0]LogConfig: Setting CVar [[r.RHICmdBypass:0]]
[2023.05.08-02.20.44:742][  0]LogConfig: Applying CVar settings from Section [/Script/Engine.RendererSettings] File [E:/Asus/Documents/GitHub/TheTroubleMakers/Unreal Engine Project/SpeedLimit_UniAzad/Saved/Config/Windows/Engine.ini]
[2023.05.08-02.20.44:742][  0]LogConfig: Setting CVar [[r.GPUCrashDebugging:0]]
[2023.05.08-02.20.44:742][  0]LogConfig: Setting CVar [[r.DefaultFeature.MotionBlur:0]]
[2023.05.08-02.20.44:742][  0]LogConfig: Applying CVar settings from Section [/Script/Engine.RendererOverrideSettings] File [E:/Asus/Documents/GitHub/TheTroubleMakers/Unreal Engine Project/SpeedLimit_UniAzad/Saved/Config/Windows/Engine.ini]
[2023.05.08-02.20.44:742][  0]LogConfig: Applying CVar settings from Section [/Script/Engine.StreamingSettings] File [E:/Asus/Documents/GitHub/TheTroubleMakers/Unreal Engine Project/SpeedLimit_UniAzad/Saved/Config/Windows/Engine.ini]
[2023.05.08-02.20.44:742][  0]LogConfig: Setting CVar [[s.MinBulkDataSizeForAsyncLoading:131072]]
[2023.05.08-02.20.44:742][  0]LogConfig: Setting CVar [[s.AsyncLoadingThreadEnabled:0]]
[2023.05.08-02.20.44:742][  0]LogConfig: Setting CVar [[s.EventDrivenLoaderEnabled:1]]
[2023.05.08-02.20.44:742][  0]LogConfig: Setting CVar [[s.WarnIfTimeLimitExceeded:0]]
[2023.05.08-02.20.44:742][  0]LogConfig: Setting CVar [[s.TimeLimitExceededMultiplier:1.5]]
[2023.05.08-02.20.44:742][  0]LogConfig: Setting CVar [[s.TimeLimitExceededMinTime:0.005]]
[2023.05.08-02.20.44:742][  0]LogConfig: Setting CVar [[s.UseBackgroundLevelStreaming:1]]
[2023.05.08-02.20.44:742][  0]LogConfig: Setting CVar [[s.PriorityAsyncLoadingExtraTime:15.0]]
[2023.05.08-02.20.44:742][  0]LogConfig: Setting CVar [[s.LevelStreamingActorsUpdateTimeLimit:5.0]]
[2023.05.08-02.20.44:742][  0]LogConfig: Setting CVar [[s.PriorityLevelStreamingActorsUpdateExtraTime:5.0]]
[2023.05.08-02.20.44:742][  0]LogConfig: Setting CVar [[s.LevelStreamingComponentsRegistrationGranularity:10]]
[2023.05.08-02.20.44:742][  0]LogConfig: Setting CVar [[s.UnregisterComponentsTimeLimit:1.0]]
[2023.05.08-02.20.44:742][  0]LogConfig: Setting CVar [[s.LevelStreamingComponentsUnregistrationGranularity:5]]
[2023.05.08-02.20.44:742][  0]LogConfig: Setting CVar [[s.FlushStreamingOnExit:1]]
[2023.05.08-02.20.44:742][  0]LogConfig: Applying CVar settings from Section [/Script/Engine.GarbageCollectionSettings] File [E:/Asus/Documents/GitHub/TheTroubleMakers/Unreal Engine Project/SpeedLimit_UniAzad/Saved/Config/Windows/Engine.ini]
[2023.05.08-02.20.44:742][  0]LogConfig: Setting CVar [[gc.MaxObjectsNotConsideredByGC:1]]
[2023.05.08-02.20.44:742][  0]LogConfig: Setting CVar [[gc.SizeOfPermanentObjectPool:0]]
[2023.05.08-02.20.44:742][  0]LogConfig: Setting CVar [[gc.FlushStreamingOnGC:0]]
[2023.05.08-02.20.44:743][  0]LogConfig: Setting CVar [[gc.NumRetriesBeforeForcingGC:10]]
[2023.05.08-02.20.44:743][  0]LogConfig: Setting CVar [[gc.AllowParallelGC:1]]
[2023.05.08-02.20.44:743][  0]LogConfig: Setting CVar [[gc.TimeBetweenPurgingPendingKillObjects:61.1]]
[2023.05.08-02.20.44:743][  0]LogConfig: Setting CVar [[gc.MaxObjectsInEditor:25165824]]
[2023.05.08-02.20.44:743][  0]LogConfig: Setting CVar [[gc.IncrementalBeginDestroyEnabled:1]]
[2023.05.08-02.20.44:743][  0]LogConfig: Setting CVar [[gc.CreateGCClusters:1]]
[2023.05.08-02.20.44:743][  0]LogConfig: Setting CVar [[gc.MinGCClusterSize:5]]
[2023.05.08-02.20.44:743][  0]LogConfig: Setting CVar [[gc.ActorClusteringEnabled:0]]
[2023.05.08-02.20.44:743][  0]LogConfig: Setting CVar [[gc.BlueprintClusteringEnabled:0]]
[2023.05.08-02.20.44:743][  0]LogConfig: Setting CVar [[gc.UseDisregardForGCOnDedicatedServers:0]]
[2023.05.08-02.20.44:743][  0]LogConfig: Setting CVar [[gc.MultithreadedDestructionEnabled:1]]
[2023.05.08-02.20.44:743][  0]LogConfig: Applying CVar settings from Section [/Script/Engine.NetworkSettings] File [E:/Asus/Documents/GitHub/TheTroubleMakers/Unreal Engine Project/SpeedLimit_UniAzad/Saved/Config/Windows/Engine.ini]
[2023.05.08-02.20.44:743][  0]LogConfig: Applying CVar settings from Section [/Script/UnrealEd.CookerSettings] File [E:/Asus/Documents/GitHub/TheTroubleMakers/Unreal Engine Project/SpeedLimit_UniAzad/Saved/Config/Windows/Engine.ini]
[2023.05.08-02.20.44:746][  0]LogConfig: Applying CVar settings from Section [ViewDistanceQuality@3] File [E:/Asus/Documents/GitHub/TheTroubleMakers/Unreal Engine Project/SpeedLimit_UniAzad/Saved/Config/Windows/Scalability.ini]
[2023.05.08-02.20.44:746][  0]LogConfig: Setting CVar [[r.SkeletalMeshLODBias:0]]
[2023.05.08-02.20.44:746][  0]LogConfig: Setting CVar [[r.ViewDistanceScale:1.0]]
[2023.05.08-02.20.44:746][  0]LogConfig: Applying CVar settings from Section [AntiAliasingQuality@3] File [E:/Asus/Documents/GitHub/TheTroubleMakers/Unreal Engine Project/SpeedLimit_UniAzad/Saved/Config/Windows/Scalability.ini]
[2023.05.08-02.20.44:746][  0]LogConfig: Setting CVar [[r.PostProcessAAQuality:4]]
[2023.05.08-02.20.44:746][  0]LogConfig: Applying CVar settings from Section [ShadowQuality@3] File [E:/Asus/Documents/GitHub/TheTroubleMakers/Unreal Engine Project/SpeedLimit_UniAzad/Saved/Config/Windows/Scalability.ini]
[2023.05.08-02.20.44:746][  0]LogConfig: Setting CVar [[r.LightFunctionQuality:1]]
[2023.05.08-02.20.44:746][  0]LogConfig: Setting CVar [[r.ShadowQuality:5]]
[2023.05.08-02.20.44:746][  0]LogConfig: Setting CVar [[r.Shadow.CSM.MaxCascades:10]]
[2023.05.08-02.20.44:746][  0]LogConfig: Setting CVar [[r.Shadow.MaxResolution:2048]]
[2023.05.08-02.20.44:746][  0]LogConfig: Setting CVar [[r.Shadow.MaxCSMResolution:2048]]
[2023.05.08-02.20.44:746][  0]LogConfig: Setting CVar [[r.Shadow.RadiusThreshold:0.01]]
[2023.05.08-02.20.44:746][  0]LogConfig: Setting CVar [[r.Shadow.DistanceScale:1.0]]
[2023.05.08-02.20.44:746][  0]LogConfig: Setting CVar [[r.Shadow.CSM.TransitionScale:1.0]]
[2023.05.08-02.20.44:746][  0]LogConfig: Setting CVar [[r.Shadow.PreShadowResolutionFactor:1.0]]
[2023.05.08-02.20.44:746][  0]LogConfig: Setting CVar [[r.DistanceFieldShadowing:1]]
[2023.05.08-02.20.44:746][  0]LogConfig: Setting CVar [[r.DistanceFieldAO:1]]
[2023.05.08-02.20.44:746][  0]LogConfig: Setting CVar [[r.AOQuality:2]]
[2023.05.08-02.20.44:746][  0]LogConfig: Setting CVar [[r.VolumetricFog:1]]
[2023.05.08-02.20.44:746][  0]LogConfig: Setting CVar [[r.VolumetricFog.GridPixelSize:8]]
[2023.05.08-02.20.44:746][  0]LogConfig: Setting CVar [[r.VolumetricFog.GridSizeZ:128]]
[2023.05.08-02.20.44:746][  0]LogConfig: Setting CVar [[r.VolumetricFog.HistoryMissSupersampleCount:4]]
[2023.05.08-02.20.44:746][  0]LogConfig: Setting CVar [[r.LightMaxDrawDistanceScale:1]]
[2023.05.08-02.20.44:746][  0]LogConfig: Setting CVar [[r.CapsuleShadows:1]]
[2023.05.08-02.20.44:746][  0]LogConfig: Applying CVar settings from Section [PostProcessQuality@3] File [E:/Asus/Documents/GitHub/TheTroubleMakers/Unreal Engine Project/SpeedLimit_UniAzad/Saved/Config/Windows/Scalability.ini]
[2023.05.08-02.20.44:746][  0]LogConfig: Setting CVar [[r.MotionBlurQuality:4]]
[2023.05.08-02.20.44:746][  0]LogConfig: Setting CVar [[r.AmbientOcclusionMipLevelFactor:0.4]]
[2023.05.08-02.20.44:746][  0]LogConfig: Setting CVar [[r.AmbientOcclusionMaxQuality:100]]
[2023.05.08-02.20.44:746][  0]LogConfig: Setting CVar [[r.AmbientOcclusionLevels:-1]]
[2023.05.08-02.20.44:746][  0]LogConfig: Setting CVar [[r.AmbientOcclusionRadiusScale:1.0]]
[2023.05.08-02.20.44:746][  0]LogConfig: Setting CVar [[r.DepthOfFieldQuality:2]]
[2023.05.08-02.20.44:746][  0]LogConfig: Setting CVar [[r.RenderTargetPoolMin:400]]
[2023.05.08-02.20.44:746][  0]LogConfig: Setting CVar [[r.LensFlareQuality:2]]
[2023.05.08-02.20.44:746][  0]LogConfig: Setting CVar [[r.SceneColorFringeQuality:1]]
[2023.05.08-02.20.44:746][  0]LogConfig: Setting CVar [[r.EyeAdaptationQuality:2]]
[2023.05.08-02.20.44:746][  0]LogConfig: Setting CVar [[r.BloomQuality:5]]
[2023.05.08-02.20.44:746][  0]LogConfig: Setting CVar [[r.FastBlurThreshold:100]]
[2023.05.08-02.20.44:746][  0]LogConfig: Setting CVar [[r.Upscale.Quality:3]]
[2023.05.08-02.20.44:746][  0]LogConfig: Setting CVar [[r.Tonemapper.GrainQuantization:1]]
[2023.05.08-02.20.44:746][  0]LogConfig: Setting CVar [[r.LightShaftQuality:1]]
[2023.05.08-02.20.44:746][  0]LogConfig: Setting CVar [[r.Filter.SizeScale:1]]
[2023.05.08-02.20.44:746][  0]LogConfig: Setting CVar [[r.Tonemapper.Quality:5]]
[2023.05.08-02.20.44:746][  0]LogConfig: Setting CVar [[r.DOF.Gather.AccumulatorQuality:1        ; higher gathering accumulator quality]]
[2023.05.08-02.20.44:746][  0]LogConfig: Setting CVar [[r.DOF.Gather.PostfilterMethod:1          ; Median3x3 postfilering method]]
[2023.05.08-02.20.44:746][  0]LogConfig: Setting CVar [[r.DOF.Gather.EnableBokehSettings:0       ; no bokeh simulation when gathering]]
[2023.05.08-02.20.44:746][  0]LogConfig: Setting CVar [[r.DOF.Gather.RingCount:4                 ; medium number of samples when gathering]]
[2023.05.08-02.20.44:746][  0]LogConfig: Setting CVar [[r.DOF.Scatter.ForegroundCompositing:1    ; additive foreground scattering]]
[2023.05.08-02.20.44:746][  0]LogConfig: Setting CVar [[r.DOF.Scatter.BackgroundCompositing:2    ; additive background scattering]]
[2023.05.08-02.20.44:746][  0]LogConfig: Setting CVar [[r.DOF.Scatter.EnableBokehSettings:1      ; bokeh simulation when scattering]]
[2023.05.08-02.20.44:746][  0]LogConfig: Setting CVar [[r.DOF.Scatter.MaxSpriteRatio:0.1         ; only a maximum of 10% of scattered bokeh]]
[2023.05.08-02.20.44:746][  0]LogConfig: Setting CVar [[r.DOF.Recombine.Quality:1                ; cheap slight out of focus]]
[2023.05.08-02.20.44:746][  0]LogConfig: Setting CVar [[r.DOF.Recombine.EnableBokehSettings:0    ; no bokeh simulation on slight out of focus]]
[2023.05.08-02.20.44:746][  0]LogConfig: Setting CVar [[r.DOF.TemporalAAQuality:1                ; more stable temporal accumulation]]
[2023.05.08-02.20.44:746][  0]LogConfig: Setting CVar [[r.DOF.Kernel.MaxForegroundRadius:0.025]]
[2023.05.08-02.20.44:746][  0]LogConfig: Setting CVar [[r.DOF.Kernel.MaxBackgroundRadius:0.025]]
[2023.05.08-02.20.44:746][  0]LogConfig: Applying CVar settings from Section [TextureQuality@3] File [E:/Asus/Documents/GitHub/TheTroubleMakers/Unreal Engine Project/SpeedLimit_UniAzad/Saved/Config/Windows/Scalability.ini]
[2023.05.08-02.20.44:746][  0]LogConfig: Setting CVar [[r.Streaming.MipBias:0]]
[2023.05.08-02.20.44:746][  0]LogConfig: Setting CVar [[r.Streaming.AmortizeCPUToGPUCopy:0]]
[2023.05.08-02.20.44:746][  0]LogConfig: Setting CVar [[r.Streaming.MaxNumTexturesToStreamPerFrame:0]]
[2023.05.08-02.20.44:746][  0]LogConfig: Setting CVar [[r.Streaming.Boost:1]]
[2023.05.08-02.20.44:746][  0]LogConfig: Setting CVar [[r.MaxAnisotropy:8]]
[2023.05.08-02.20.44:746][  0]LogConfig: Setting CVar [[r.VT.MaxAnisotropy:8]]
[2023.05.08-02.20.44:746][  0]LogConfig: Setting CVar [[r.Streaming.LimitPoolSizeToVRAM:0]]
[2023.05.08-02.20.44:746][  0]LogConfig: Setting CVar [[r.Streaming.PoolSize:1000]]
[2023.05.08-02.20.44:746][  0]LogConfig: Setting CVar [[r.Streaming.MaxEffectiveScreenSize:0]]
[2023.05.08-02.20.44:746][  0]LogConfig: Applying CVar settings from Section [EffectsQuality@3] File [E:/Asus/Documents/GitHub/TheTroubleMakers/Unreal Engine Project/SpeedLimit_UniAzad/Saved/Config/Windows/Scalability.ini]
[2023.05.08-02.20.44:746][  0]LogConfig: Setting CVar [[r.TranslucencyLightingVolumeDim:64]]
[2023.05.08-02.20.44:746][  0]LogConfig: Setting CVar [[r.RefractionQuality:2]]
[2023.05.08-02.20.44:746][  0]LogConfig: Setting CVar [[r.SSR.Quality:3]]
[2023.05.08-02.20.44:746][  0]LogConfig: Setting CVar [[r.SSR.HalfResSceneColor:0]]
[2023.05.08-02.20.44:746][  0]LogConfig: Setting CVar [[r.SceneColorFormat:4]]
[2023.05.08-02.20.44:746][  0]LogConfig: Setting CVar [[r.DetailMode:2]]
[2023.05.08-02.20.44:747][  0]LogConfig: Setting CVar [[r.TranslucencyVolumeBlur:1]]
[2023.05.08-02.20.44:747][  0]LogConfig: Setting CVar [[r.MaterialQualityLevel:1 ; High quality]]
[2023.05.08-02.20.44:747][  0]LogConfig: Setting CVar [[r.AnisotropicMaterials:1]]
[2023.05.08-02.20.44:747][  0]LogConfig: Setting CVar [[r.SSS.Scale:1]]
[2023.05.08-02.20.44:747][  0]LogConfig: Setting CVar [[r.SSS.SampleSet:2]]
[2023.05.08-02.20.44:747][  0]LogConfig: Setting CVar [[r.SSS.Quality:1]]
[2023.05.08-02.20.44:747][  0]LogConfig: Setting CVar [[r.SSS.HalfRes:0]]
[2023.05.08-02.20.44:747][  0]LogConfig: Setting CVar [[r.SSGI.Quality:3]]
[2023.05.08-02.20.44:747][  0]LogConfig: Setting CVar [[r.EmitterSpawnRateScale:1.0]]
[2023.05.08-02.20.44:747][  0]LogConfig: Setting CVar [[r.ParticleLightQuality:2]]
[2023.05.08-02.20.44:747][  0]LogConfig: Setting CVar [[r.SkyAtmosphere.AerialPerspectiveLUT.FastApplyOnOpaque:1 ; Always have FastSkyLUT 1 in this case to avoid wrong sky]]
[2023.05.08-02.20.44:747][  0]LogConfig: Setting CVar [[r.SkyAtmosphere.AerialPerspectiveLUT.SampleCountMaxPerSlice:4]]
[2023.05.08-02.20.44:747][  0]LogConfig: Setting CVar [[r.SkyAtmosphere.AerialPerspectiveLUT.DepthResolution:16.0]]
[2023.05.08-02.20.44:747][  0]LogConfig: Setting CVar [[r.SkyAtmosphere.FastSkyLUT:1]]
[2023.05.08-02.20.44:747][  0]LogConfig: Setting CVar [[r.SkyAtmosphere.FastSkyLUT.SampleCountMin:4.0]]
[2023.05.08-02.20.44:747][  0]LogConfig: Setting CVar [[r.SkyAtmosphere.FastSkyLUT.SampleCountMax:128.0]]
[2023.05.08-02.20.44:747][  0]LogConfig: Setting CVar [[r.SkyAtmosphere.SampleCountMin:4.0]]
[2023.05.08-02.20.44:747][  0]LogConfig: Setting CVar [[r.SkyAtmosphere.SampleCountMax:128.0]]
[2023.05.08-02.20.44:747][  0]LogConfig: Setting CVar [[r.SkyAtmosphere.TransmittanceLUT.UseSmallFormat:0]]
[2023.05.08-02.20.44:747][  0]LogConfig: Setting CVar [[r.SkyAtmosphere.TransmittanceLUT.SampleCount:10.0]]
[2023.05.08-02.20.44:747][  0]LogConfig: Setting CVar [[r.SkyAtmosphere.MultiScatteringLUT.SampleCount:15.0]]
[2023.05.08-02.20.44:747][  0]LogConfig: Setting CVar [[r.SkyLight.RealTimeReflectionCapture:1]]
[2023.05.08-02.20.44:747][  0]LogConfig: Applying CVar settings from Section [FoliageQuality@3] File [E:/Asus/Documents/GitHub/TheTroubleMakers/Unreal Engine Project/SpeedLimit_UniAzad/Saved/Config/Windows/Scalability.ini]
[2023.05.08-02.20.44:747][  0]LogConfig: Setting CVar [[foliage.DensityScale:1.0]]
[2023.05.08-02.20.44:747][  0]LogConfig: Setting CVar [[grass.DensityScale:1.0]]
[2023.05.08-02.20.44:747][  0]LogConfig: Applying CVar settings from Section [ShadingQuality@3] File [E:/Asus/Documents/GitHub/TheTroubleMakers/Unreal Engine Project/SpeedLimit_UniAzad/Saved/Config/Windows/Scalability.ini]
[2023.05.08-02.20.44:747][  0]LogConfig: Setting CVar [[r.HairStrands.SkyLighting.IntegrationType:2]]
[2023.05.08-02.20.44:747][  0]LogConfig: Setting CVar [[r.HairStrands.SkyAO.SampleCount:4]]
[2023.05.08-02.20.44:747][  0]LogConfig: Setting CVar [[r.HairStrands.Visibility.MSAA.SamplePerPixel:4]]
[2023.05.08-02.20.44:747][  0]LogInit: Selected Device Profile: [Windows]
[2023.05.08-02.20.44:747][  0]LogInit: Applying CVar settings loaded from the selected device profile: [Windows]
[2023.05.08-02.20.44:747][  0]LogHAL: Display: Platform has ~ 16 GB [16856285184 / 17179869184 / 16], which maps to Larger [LargestMinGB=32, LargerMinGB=12, DefaultMinGB=8, SmallerMinGB=6, SmallestMinGB=0)
[2023.05.08-02.20.44:747][  0]LogInit: Going up to parent DeviceProfile []
[2023.05.08-02.20.44:747][  0]LogConfig: Applying CVar settings from Section [ViewDistanceQuality@3] File [E:/Asus/Documents/GitHub/TheTroubleMakers/Unreal Engine Project/SpeedLimit_UniAzad/Saved/Config/Windows/Scalability.ini]
[2023.05.08-02.20.44:747][  0]LogConfig: Setting CVar [[r.SkeletalMeshLODBias:0]]
[2023.05.08-02.20.44:747][  0]LogConfig: Setting CVar [[r.ViewDistanceScale:1.0]]
[2023.05.08-02.20.44:747][  0]LogConfig: Applying CVar settings from Section [AntiAliasingQuality@3] File [E:/Asus/Documents/GitHub/TheTroubleMakers/Unreal Engine Project/SpeedLimit_UniAzad/Saved/Config/Windows/Scalability.ini]
[2023.05.08-02.20.44:747][  0]LogConfig: Setting CVar [[r.PostProcessAAQuality:4]]
[2023.05.08-02.20.44:747][  0]LogConfig: Applying CVar settings from Section [ShadowQuality@3] File [E:/Asus/Documents/GitHub/TheTroubleMakers/Unreal Engine Project/SpeedLimit_UniAzad/Saved/Config/Windows/Scalability.ini]
[2023.05.08-02.20.44:747][  0]LogConfig: Setting CVar [[r.LightFunctionQuality:1]]
[2023.05.08-02.20.44:747][  0]LogConfig: Setting CVar [[r.ShadowQuality:5]]
[2023.05.08-02.20.44:747][  0]LogConfig: Setting CVar [[r.Shadow.CSM.MaxCascades:10]]
[2023.05.08-02.20.44:747][  0]LogConfig: Setting CVar [[r.Shadow.MaxResolution:2048]]
[2023.05.08-02.20.44:747][  0]LogConfig: Setting CVar [[r.Shadow.MaxCSMResolution:2048]]
[2023.05.08-02.20.44:747][  0]LogConfig: Setting CVar [[r.Shadow.RadiusThreshold:0.01]]
[2023.05.08-02.20.44:747][  0]LogConfig: Setting CVar [[r.Shadow.DistanceScale:1.0]]
[2023.05.08-02.20.44:747][  0]LogConfig: Setting CVar [[r.Shadow.CSM.TransitionScale:1.0]]
[2023.05.08-02.20.44:747][  0]LogConfig: Setting CVar [[r.Shadow.PreShadowResolutionFactor:1.0]]
[2023.05.08-02.20.44:747][  0]LogConfig: Setting CVar [[r.DistanceFieldShadowing:1]]
[2023.05.08-02.20.44:747][  0]LogConfig: Setting CVar [[r.DistanceFieldAO:1]]
[2023.05.08-02.20.44:747][  0]LogConfig: Setting CVar [[r.AOQuality:2]]
[2023.05.08-02.20.44:747][  0]LogConfig: Setting CVar [[r.VolumetricFog:1]]
[2023.05.08-02.20.44:747][  0]LogConfig: Setting CVar [[r.VolumetricFog.GridPixelSize:8]]
[2023.05.08-02.20.44:747][  0]LogConfig: Setting CVar [[r.VolumetricFog.GridSizeZ:128]]
[2023.05.08-02.20.44:747][  0]LogConfig: Setting CVar [[r.VolumetricFog.HistoryMissSupersampleCount:4]]
[2023.05.08-02.20.44:747][  0]LogConfig: Setting CVar [[r.LightMaxDrawDistanceScale:1]]
[2023.05.08-02.20.44:747][  0]LogConfig: Setting CVar [[r.CapsuleShadows:1]]
[2023.05.08-02.20.44:747][  0]LogConfig: Applying CVar settings from Section [PostProcessQuality@3] File [E:/Asus/Documents/GitHub/TheTroubleMakers/Unreal Engine Project/SpeedLimit_UniAzad/Saved/Config/Windows/Scalability.ini]
[2023.05.08-02.20.44:747][  0]LogConfig: Setting CVar [[r.MotionBlurQuality:4]]
[2023.05.08-02.20.44:747][  0]LogConfig: Setting CVar [[r.AmbientOcclusionMipLevelFactor:0.4]]
[2023.05.08-02.20.44:747][  0]LogConfig: Setting CVar [[r.AmbientOcclusionMaxQuality:100]]
[2023.05.08-02.20.44:747][  0]LogConfig: Setting CVar [[r.AmbientOcclusionLevels:-1]]
[2023.05.08-02.20.44:747][  0]LogConfig: Setting CVar [[r.AmbientOcclusionRadiusScale:1.0]]
[2023.05.08-02.20.44:747][  0]LogConfig: Setting CVar [[r.DepthOfFieldQuality:2]]
[2023.05.08-02.20.44:747][  0]LogConfig: Setting CVar [[r.RenderTargetPoolMin:400]]
[2023.05.08-02.20.44:747][  0]LogConfig: Setting CVar [[r.LensFlareQuality:2]]
[2023.05.08-02.20.44:747][  0]LogConfig: Setting CVar [[r.SceneColorFringeQuality:1]]
[2023.05.08-02.20.44:747][  0]LogConfig: Setting CVar [[r.EyeAdaptationQuality:2]]
[2023.05.08-02.20.44:747][  0]LogConfig: Setting CVar [[r.BloomQuality:5]]
[2023.05.08-02.20.44:747][  0]LogConfig: Setting CVar [[r.FastBlurThreshold:100]]
[2023.05.08-02.20.44:747][  0]LogConfig: Setting CVar [[r.Upscale.Quality:3]]
[2023.05.08-02.20.44:747][  0]LogConfig: Setting CVar [[r.Tonemapper.GrainQuantization:1]]
[2023.05.08-02.20.44:747][  0]LogConfig: Setting CVar [[r.LightShaftQuality:1]]
[2023.05.08-02.20.44:747][  0]LogConfig: Setting CVar [[r.Filter.SizeScale:1]]
[2023.05.08-02.20.44:747][  0]LogConfig: Setting CVar [[r.Tonemapper.Quality:5]]
[2023.05.08-02.20.44:747][  0]LogConfig: Setting CVar [[r.DOF.Gather.AccumulatorQuality:1        ; higher gathering accumulator quality]]
[2023.05.08-02.20.44:747][  0]LogConfig: Setting CVar [[r.DOF.Gather.PostfilterMethod:1          ; Median3x3 postfilering method]]
[2023.05.08-02.20.44:747][  0]LogConfig: Setting CVar [[r.DOF.Gather.EnableBokehSettings:0       ; no bokeh simulation when gathering]]
[2023.05.08-02.20.44:747][  0]LogConfig: Setting CVar [[r.DOF.Gather.RingCount:4                 ; medium number of samples when gathering]]
[2023.05.08-02.20.44:747][  0]LogConfig: Setting CVar [[r.DOF.Scatter.ForegroundCompositing:1    ; additive foreground scattering]]
[2023.05.08-02.20.44:747][  0]LogConfig: Setting CVar [[r.DOF.Scatter.BackgroundCompositing:2    ; additive background scattering]]
[2023.05.08-02.20.44:747][  0]LogConfig: Setting CVar [[r.DOF.Scatter.EnableBokehSettings:1      ; bokeh simulation when scattering]]
[2023.05.08-02.20.44:747][  0]LogConfig: Setting CVar [[r.DOF.Scatter.MaxSpriteRatio:0.1         ; only a maximum of 10% of scattered bokeh]]
[2023.05.08-02.20.44:747][  0]LogConfig: Setting CVar [[r.DOF.Recombine.Quality:1                ; cheap slight out of focus]]
[2023.05.08-02.20.44:747][  0]LogConfig: Setting CVar [[r.DOF.Recombine.EnableBokehSettings:0    ; no bokeh simulation on slight out of focus]]
[2023.05.08-02.20.44:747][  0]LogConfig: Setting CVar [[r.DOF.TemporalAAQuality:1                ; more stable temporal accumulation]]
[2023.05.08-02.20.44:747][  0]LogConfig: Setting CVar [[r.DOF.Kernel.MaxForegroundRadius:0.025]]
[2023.05.08-02.20.44:747][  0]LogConfig: Setting CVar [[r.DOF.Kernel.MaxBackgroundRadius:0.025]]
[2023.05.08-02.20.44:747][  0]LogConfig: Applying CVar settings from Section [TextureQuality@3] File [E:/Asus/Documents/GitHub/TheTroubleMakers/Unreal Engine Project/SpeedLimit_UniAzad/Saved/Config/Windows/Scalability.ini]
[2023.05.08-02.20.44:747][  0]LogConfig: Setting CVar [[r.Streaming.MipBias:0]]
[2023.05.08-02.20.44:747][  0]LogConfig: Setting CVar [[r.Streaming.AmortizeCPUToGPUCopy:0]]
[2023.05.08-02.20.44:747][  0]LogConfig: Setting CVar [[r.Streaming.MaxNumTexturesToStreamPerFrame:0]]
[2023.05.08-02.20.44:747][  0]LogConfig: Setting CVar [[r.Streaming.Boost:1]]
[2023.05.08-02.20.44:747][  0]LogConfig: Setting CVar [[r.MaxAnisotropy:8]]
[2023.05.08-02.20.44:747][  0]LogConfig: Setting CVar [[r.VT.MaxAnisotropy:8]]
[2023.05.08-02.20.44:747][  0]LogConfig: Setting CVar [[r.Streaming.LimitPoolSizeToVRAM:0]]
[2023.05.08-02.20.44:747][  0]LogConfig: Setting CVar [[r.Streaming.PoolSize:1000]]
[2023.05.08-02.20.44:747][  0]LogConfig: Setting CVar [[r.Streaming.MaxEffectiveScreenSize:0]]
[2023.05.08-02.20.44:747][  0]LogConfig: Applying CVar settings from Section [EffectsQuality@3] File [E:/Asus/Documents/GitHub/TheTroubleMakers/Unreal Engine Project/SpeedLimit_UniAzad/Saved/Config/Windows/Scalability.ini]
[2023.05.08-02.20.44:747][  0]LogConfig: Setting CVar [[r.TranslucencyLightingVolumeDim:64]]
[2023.05.08-02.20.44:747][  0]LogConfig: Setting CVar [[r.RefractionQuality:2]]
[2023.05.08-02.20.44:747][  0]LogConfig: Setting CVar [[r.SSR.Quality:3]]
[2023.05.08-02.20.44:747][  0]LogConfig: Setting CVar [[r.SSR.HalfResSceneColor:0]]
[2023.05.08-02.20.44:747][  0]LogConfig: Setting CVar [[r.SceneColorFormat:4]]
[2023.05.08-02.20.44:747][  0]LogConfig: Setting CVar [[r.DetailMode:2]]
[2023.05.08-02.20.44:747][  0]LogConfig: Setting CVar [[r.TranslucencyVolumeBlur:1]]
[2023.05.08-02.20.44:747][  0]LogConfig: Setting CVar [[r.MaterialQualityLevel:1 ; High quality]]
[2023.05.08-02.20.44:747][  0]LogConfig: Setting CVar [[r.AnisotropicMaterials:1]]
[2023.05.08-02.20.44:747][  0]LogConfig: Setting CVar [[r.SSS.Scale:1]]
[2023.05.08-02.20.44:747][  0]LogConfig: Setting CVar [[r.SSS.SampleSet:2]]
[2023.05.08-02.20.44:747][  0]LogConfig: Setting CVar [[r.SSS.Quality:1]]
[2023.05.08-02.20.44:747][  0]LogConfig: Setting CVar [[r.SSS.HalfRes:0]]
[2023.05.08-02.20.44:747][  0]LogConfig: Setting CVar [[r.SSGI.Quality:3]]
[2023.05.08-02.20.44:747][  0]LogConfig: Setting CVar [[r.EmitterSpawnRateScale:1.0]]
[2023.05.08-02.20.44:747][  0]LogConfig: Setting CVar [[r.ParticleLightQuality:2]]
[2023.05.08-02.20.44:747][  0]LogConfig: Setting CVar [[r.SkyAtmosphere.AerialPerspectiveLUT.FastApplyOnOpaque:1 ; Always have FastSkyLUT 1 in this case to avoid wrong sky]]
[2023.05.08-02.20.44:747][  0]LogConfig: Setting CVar [[r.SkyAtmosphere.AerialPerspectiveLUT.SampleCountMaxPerSlice:4]]
[2023.05.08-02.20.44:747][  0]LogConfig: Setting CVar [[r.SkyAtmosphere.AerialPerspectiveLUT.DepthResolution:16.0]]
[2023.05.08-02.20.44:747][  0]LogConfig: Setting CVar [[r.SkyAtmosphere.FastSkyLUT:1]]
[2023.05.08-02.20.44:747][  0]LogConfig: Setting CVar [[r.SkyAtmosphere.FastSkyLUT.SampleCountMin:4.0]]
[2023.05.08-02.20.44:747][  0]LogConfig: Setting CVar [[r.SkyAtmosphere.FastSkyLUT.SampleCountMax:128.0]]
[2023.05.08-02.20.44:747][  0]LogConfig: Setting CVar [[r.SkyAtmosphere.SampleCountMin:4.0]]
[2023.05.08-02.20.44:747][  0]LogConfig: Setting CVar [[r.SkyAtmosphere.SampleCountMax:128.0]]
[2023.05.08-02.20.44:747][  0]LogConfig: Setting CVar [[r.SkyAtmosphere.TransmittanceLUT.UseSmallFormat:0]]
[2023.05.08-02.20.44:747][  0]LogConfig: Setting CVar [[r.SkyAtmosphere.TransmittanceLUT.SampleCount:10.0]]
[2023.05.08-02.20.44:747][  0]LogConfig: Setting CVar [[r.SkyAtmosphere.MultiScatteringLUT.SampleCount:15.0]]
[2023.05.08-02.20.44:747][  0]LogConfig: Setting CVar [[r.SkyLight.RealTimeReflectionCapture:1]]
[2023.05.08-02.20.44:747][  0]LogConfig: Applying CVar settings from Section [FoliageQuality@3] File [E:/Asus/Documents/GitHub/TheTroubleMakers/Unreal Engine Project/SpeedLimit_UniAzad/Saved/Config/Windows/Scalability.ini]
[2023.05.08-02.20.44:747][  0]LogConfig: Setting CVar [[foliage.DensityScale:1.0]]
[2023.05.08-02.20.44:747][  0]LogConfig: Setting CVar [[grass.DensityScale:1.0]]
[2023.05.08-02.20.44:747][  0]LogConfig: Applying CVar settings from Section [ShadingQuality@3] File [E:/Asus/Documents/GitHub/TheTroubleMakers/Unreal Engine Project/SpeedLimit_UniAzad/Saved/Config/Windows/Scalability.ini]
[2023.05.08-02.20.44:747][  0]LogConfig: Setting CVar [[r.HairStrands.SkyLighting.IntegrationType:2]]
[2023.05.08-02.20.44:747][  0]LogConfig: Setting CVar [[r.HairStrands.SkyAO.SampleCount:4]]
[2023.05.08-02.20.44:747][  0]LogConfig: Setting CVar [[r.HairStrands.Visibility.MSAA.SamplePerPixel:4]]
[2023.05.08-02.20.44:747][  0]LogConfig: Applying CVar settings from Section [Startup] File [../../../Engine/Config/ConsoleVariables.ini]
[2023.05.08-02.20.44:748][  0]LogConfig: Setting CVar [[net.UseAdaptiveNetUpdateFrequency:0]]
[2023.05.08-02.20.44:748][  0]LogConfig: Setting CVar [[p.chaos.AllowCreatePhysxBodies:1]]
[2023.05.08-02.20.44:748][  0]LogConfig: Setting CVar [[fx.SkipVectorVMBackendOptimizations:1]]
[2023.05.08-02.20.44:748][  0]LogConfig: Applying CVar settings from Section [ConsoleVariables] File [E:/Asus/Documents/GitHub/TheTroubleMakers/Unreal Engine Project/SpeedLimit_UniAzad/Saved/Config/Windows/Engine.ini]
[2023.05.08-02.20.44:748][  0]LogConfig: Applying CVar settings from Section [ConsoleVariables] File [E:/Asus/Documents/GitHub/TheTroubleMakers/Unreal Engine Project/SpeedLimit_UniAzad/Saved/Config/Windows/Editor.ini]
[2023.05.08-02.20.44:748][  0]LogInit: Computer: LAPTOP-ENHDEN5K
[2023.05.08-02.20.44:748][  0]LogInit: User: Asus
[2023.05.08-02.20.44:748][  0]LogInit: CPU Page size=4096, Cores=4
[2023.05.08-02.20.44:748][  0]LogInit: High frequency timer resolution =10.000000 MHz
[2023.05.08-02.20.44:748][  0]LogMemory: Memory total: Physical=15.7GB (16GB approx)
[2023.05.08-02.20.44:748][  0]LogMemory: Platform Memory Stats for Windows
[2023.05.08-02.20.44:748][  0]LogMemory: Process Physical Memory: 144.23 MB used, 144.23 MB peak
[2023.05.08-02.20.44:748][  0]LogMemory: Process Virtual Memory: 128.80 MB used, 128.80 MB peak
[2023.05.08-02.20.44:748][  0]LogMemory: Physical Memory: 7669.28 MB used,  8406.12 MB free, 16075.41 MB total
[2023.05.08-02.20.44:748][  0]LogMemory: Virtual Memory: 134207080.00 MB used,  10646.76 MB free, 134217728.00 MB total
[2023.05.08-02.20.44:752][  0]LogWindows: WindowsPlatformFeatures enabled
[2023.05.08-02.20.44:776][  0]LogInit: Physics initialised using underlying interface: PhysX
[2023.05.08-02.20.44:777][  0]LogInit: Using OS detected language (en-US).
[2023.05.08-02.20.44:777][  0]LogInit: Using OS detected locale (en-US).
[2023.05.08-02.20.44:779][  0]LogTextLocalizationManager: No specific localization for 'en-US' exists, so the 'en' localization will be used.
[2023.05.08-02.20.44:903][  0]LogInit: Setting process to per monitor DPI aware
[2023.05.08-02.20.44:915][  0]LogWindowsTextInputMethodSystem: Display: IME system deactivated.
[2023.05.08-02.20.44:924][  0]LogSlate: New Slate User Created.  User Index 0, Is Virtual User: 0
[2023.05.08-02.20.44:924][  0]LogSlate: Slate User Registered.  User Index 0, Is Virtual User: 0
[2023.05.08-02.20.45:033][  0]LogD3D11RHI: Loaded GFSDK_Aftermath_Lib.x64.dll
[2023.05.08-02.20.45:063][  0]LogHMD: Failed to initialize OpenVR with code 110
[2023.05.08-02.20.45:063][  0]LogD3D11RHI: D3D11 min allowed feature level: 11_0
[2023.05.08-02.20.45:063][  0]LogD3D11RHI: D3D11 max allowed feature level: 11_0
[2023.05.08-02.20.45:063][  0]LogD3D11RHI: D3D11 adapters:
[2023.05.08-02.20.45:163][  0]LogD3D11RHI:    0. 'NVIDIA GeForce MX450' (Feature Level 11_0)
[2023.05.08-02.20.45:163][  0]LogD3D11RHI:       1920/0/8037 MB DedicatedVideo/DedicatedSystem/SharedSystem, Outputs:1, VendorId:0x10de
[2023.05.08-02.20.45:186][  0]LogD3D11RHI:    1. 'Intel(R) Iris(R) Xe Graphics' (Feature Level 11_0)
[2023.05.08-02.20.45:186][  0]LogD3D11RHI:       128/0/8037 MB DedicatedVideo/DedicatedSystem/SharedSystem, Outputs:0, VendorId:0x8086
[2023.05.08-02.20.45:187][  0]LogD3D11RHI:    2. 'Microsoft Basic Render Driver' (Feature Level 11_0)
[2023.05.08-02.20.45:187][  0]LogD3D11RHI:       0/0/8037 MB DedicatedVideo/DedicatedSystem/SharedSystem, Outputs:0, VendorId:0x1414
[2023.05.08-02.20.45:187][  0]LogD3D11RHI: Chosen D3D11 Adapter: 0
[2023.05.08-02.20.45:192][  0]LogD3D11RHI: Creating new Direct3DDevice
[2023.05.08-02.20.45:192][  0]LogD3D11RHI:     GPU DeviceId: 0x1f97 (for the marketing name, search the web for "GPU Device Id")
[2023.05.08-02.20.45:192][  0]LogWindows: EnumDisplayDevices:
[2023.05.08-02.20.45:192][  0]LogWindows:    0. 'Intel(R) Iris(R) Xe Graphics' (P:1 D:1)
[2023.05.08-02.20.45:192][  0]LogWindows:    1. 'Intel(R) Iris(R) Xe Graphics' (P:0 D:0)
[2023.05.08-02.20.45:192][  0]LogWindows:    2. 'Intel(R) Iris(R) Xe Graphics' (P:0 D:0)
[2023.05.08-02.20.45:193][  0]LogWindows:    3. 'Intel(R) Iris(R) Xe Graphics' (P:0 D:0)
[2023.05.08-02.20.45:193][  0]LogWindows: DebugString: PrimaryIsNotTheChoosenAdapter PrimaryIsNotTheChoosenAdapter PrimaryIsNotTheChoosenAdapter PrimaryIsNotTheChoosenAdapter FoundDriverCount:0 
[2023.05.08-02.20.45:193][  0]LogD3D11RHI:     Adapter Name: NVIDIA GeForce MX450
[2023.05.08-02.20.45:193][  0]LogD3D11RHI:   Driver Version: Unknown (internal:Unknown, unified:Unknown)
[2023.05.08-02.20.45:193][  0]LogD3D11RHI:      Driver Date: Unknown
[2023.05.08-02.20.45:193][  0]LogRHI: Texture pool is 1344 MB (70% of 1920 MB)
[2023.05.08-02.20.45:245][  0]LogD3D11RHI: RHI has support for 64 bit atomics
[2023.05.08-02.20.45:245][  0]LogD3D11RHI: Async texture creation enabled
[2023.05.08-02.20.45:245][  0]LogD3D11RHI: Array index from any shader is supported
[2023.05.08-02.20.45:262][  0]LogD3D11RHI: GPU Timing Frequency: 1000.000000 (Debug: 2 2)
[2023.05.08-02.20.45:278][  0]LogRHI: GeForceNow SDK initialized: 1
[2023.05.08-02.20.45:473][  0]LogTargetPlatformManager: Display: Loaded TargetPlatform 'AllDesktop'
[2023.05.08-02.20.45:486][  0]LogTargetPlatformManager: Display: Loaded TargetPlatform 'Android'
[2023.05.08-02.20.45:486][  0]LogTargetPlatformManager: Display: Loaded TargetPlatform 'Android_ASTC'
[2023.05.08-02.20.45:486][  0]LogTargetPlatformManager: Display: Loaded TargetPlatform 'Android_DXT'
[2023.05.08-02.20.45:486][  0]LogTargetPlatformManager: Display: Loaded TargetPlatform 'Android_ETC2'
[2023.05.08-02.20.45:486][  0]LogTargetPlatformManager: Display: Loaded TargetPlatform 'AndroidClient'
[2023.05.08-02.20.45:486][  0]LogTargetPlatformManager: Display: Loaded TargetPlatform 'Android_ASTCClient'
[2023.05.08-02.20.45:486][  0]LogTargetPlatformManager: Display: Loaded TargetPlatform 'Android_DXTClient'
[2023.05.08-02.20.45:486][  0]LogTargetPlatformManager: Display: Loaded TargetPlatform 'Android_ETC2Client'
[2023.05.08-02.20.45:486][  0]LogTargetPlatformManager: Display: Loaded TargetPlatform 'Android_Multi'
[2023.05.08-02.20.45:486][  0]LogTargetPlatformManager: Display: Loaded TargetPlatform 'Android_MultiClient'
[2023.05.08-02.20.45:497][  0]LogTargetPlatformManager: Display: Loaded TargetPlatform 'IOSClient'
[2023.05.08-02.20.45:498][  0]LogTargetPlatformManager: Display: Loaded TargetPlatform 'IOS'
[2023.05.08-02.20.45:503][  0]LogTargetPlatformManager: Display: Loaded TargetPlatform 'Linux'
[2023.05.08-02.20.45:506][  0]LogTargetPlatformManager: Display: Loaded TargetPlatform 'LinuxNoEditor'
[2023.05.08-02.20.45:509][  0]LogTargetPlatformManager: Display: Loaded TargetPlatform 'LinuxClient'
[2023.05.08-02.20.45:511][  0]LogTargetPlatformManager: Display: Loaded TargetPlatform 'LinuxServer'
[2023.05.08-02.20.45:517][  0]LogTargetPlatformManager: Display: Loaded TargetPlatform 'LinuxAArch64NoEditor'
[2023.05.08-02.20.45:520][  0]LogTargetPlatformManager: Display: Loaded TargetPlatform 'LinuxAArch64Client'
[2023.05.08-02.20.45:522][  0]LogTargetPlatformManager: Display: Loaded TargetPlatform 'LinuxAArch64Server'
[2023.05.08-02.20.45:536][  0]LogTargetPlatformManager: Display: Loaded TargetPlatform 'Lumin'
[2023.05.08-02.20.45:536][  0]LogTargetPlatformManager: Display: Loaded TargetPlatform 'LuminClient'
[2023.05.08-02.20.45:541][  0]LogTargetPlatformManager: Display: Loaded TargetPlatform 'MacNoEditor'
[2023.05.08-02.20.45:544][  0]LogTargetPlatformManager: Display: Loaded TargetPlatform 'Mac'
[2023.05.08-02.20.45:547][  0]LogTargetPlatformManager: Display: Loaded TargetPlatform 'MacClient'
[2023.05.08-02.20.45:549][  0]LogTargetPlatformManager: Display: Loaded TargetPlatform 'MacServer'
[2023.05.08-02.20.45:556][  0]LogTargetPlatformManager: Display: Loaded TargetPlatform 'TVOSClient'
[2023.05.08-02.20.45:556][  0]LogTargetPlatformManager: Display: Loaded TargetPlatform 'TVOS'
[2023.05.08-02.20.45:561][  0]LogTargetPlatformManager: Display: Loaded TargetPlatform 'WindowsNoEditor'
[2023.05.08-02.20.45:564][  0]LogTargetPlatformManager: Display: Loaded TargetPlatform 'Windows'
[2023.05.08-02.20.45:566][  0]LogTargetPlatformManager: Display: Loaded TargetPlatform 'WindowsClient'
[2023.05.08-02.20.45:569][  0]LogTargetPlatformManager: Display: Loaded TargetPlatform 'WindowsServer'
[2023.05.08-02.20.45:569][  0]LogTargetPlatformManager: Display: Building Assets For Windows
[2023.05.08-02.20.45:573][  0]LogAudioDebug: Display: Lib vorbis DLL was dynamically loaded.
[2023.05.08-02.20.45:590][  0]LogTextureFormatOodle: Display: Oodle Texture 2.9.0 init RDO Off
[2023.05.08-02.20.45:610][  0]LogRendererCore: Ray tracing is disabled. Reason: r.RayTracing=0.
[2023.05.08-02.20.45:610][  0]LogShaderCompilers: Guid format shader working directory is -52 characters bigger than the processId version (../../../../../../Asus/Documents/GitHub/TheTroubleMakers/Unreal Engine Project/SpeedLimit_UniAzad/Intermediate/Shaders/WorkingDirectory/9480/).
[2023.05.08-02.20.45:610][  0]LogShaderCompilers: Cleaned the shader compiler working directory 'C:/Users/Asus/AppData/Local/Temp/UnrealShaderWorkingDir/0F23C08945238869AA1AD284640BBE1C/'.
[2023.05.08-02.20.45:610][  0]LogXGEController: Cannot use XGE Controller as Incredibuild is not installed on this machine.
[2023.05.08-02.20.45:610][  0]LogShaderCompilers: Cannot use XGE Shader Compiler as Incredibuild is not installed on this machine.
[2023.05.08-02.20.45:610][  0]LogShaderCompilers: Display: Using Local Shader Compiler.
[2023.05.08-02.20.46:147][  0]LogDerivedDataCache: Display: Max Cache Size: 512 MB
[2023.05.08-02.20.46:192][  0]LogDerivedDataCache: Loaded boot cache 0.04s 95MB C:/Users/Asus/AppData/Local/UnrealEngine/4.27/DerivedDataCache/Boot.ddc.
[2023.05.08-02.20.46:192][  0]LogDerivedDataCache: Display: Loaded Boot cache: C:/Users/Asus/AppData/Local/UnrealEngine/4.27/DerivedDataCache/Boot.ddc
[2023.05.08-02.20.46:192][  0]LogDerivedDataCache: FDerivedDataBackendGraph:  Pak pak cache file ../../../../../../Asus/Documents/GitHub/TheTroubleMakers/Unreal Engine Project/SpeedLimit_UniAzad/DerivedDataCache/DDC.ddp not found, will not use a pak cache.
[2023.05.08-02.20.46:192][  0]LogDerivedDataCache: Unable to find inner node Pak for hierarchical cache Hierarchy.
[2023.05.08-02.20.46:192][  0]LogDerivedDataCache: FDerivedDataBackendGraph:  CompressedPak pak cache file ../../../../../../Asus/Documents/GitHub/TheTroubleMakers/Unreal Engine Project/SpeedLimit_UniAzad/DerivedDataCache/Compressed.ddp not found, will not use a pak cache.
[2023.05.08-02.20.46:192][  0]LogDerivedDataCache: Unable to find inner node CompressedPak for hierarchical cache Hierarchy.
[2023.05.08-02.20.46:204][  0]LogDerivedDataCache: Display: Pak cache opened for reading ../../../Engine/DerivedDataCache/Compressed.ddp.
[2023.05.08-02.20.46:204][  0]LogDerivedDataCache: FDerivedDataBackendGraph:  EnterprisePak pak cache file ../../../Enterprise/DerivedDataCache/Compressed.ddp not found, will not use a pak cache.
[2023.05.08-02.20.46:204][  0]LogDerivedDataCache: Unable to find inner node EnterprisePak for hierarchical cache Hierarchy.
[2023.05.08-02.20.46:208][  0]LogDerivedDataCache: Speed tests for C:/Users/Asus/AppData/Local/UnrealEngine/Common/DerivedDataCache took 0.00 seconds
[2023.05.08-02.20.46:208][  0]LogDerivedDataCache: Display: Performance to C:/Users/Asus/AppData/Local/UnrealEngine/Common/DerivedDataCache: Latency=0.01ms. RandomReadSpeed=1638.22MBs, RandomWriteSpeed=257.72MBs. Assigned SpeedClass 'Local'
[2023.05.08-02.20.46:209][  0]LogDerivedDataCache: Using Local data cache path C:/Users/Asus/AppData/Local/UnrealEngine/Common/DerivedDataCache: Writable
[2023.05.08-02.20.46:209][  0]LogDerivedDataCache: Shared data cache path not found in *engine.ini, will not use an Shared cache.
[2023.05.08-02.20.46:209][  0]LogDerivedDataCache: Unable to find inner node Shared for hierarchical cache Hierarchy.
[2023.05.08-02.20.46:247][  0]LogSlate: Using FreeType 2.10.0
[2023.05.08-02.20.46:247][  0]LogSlate: SlateFontServices - WITH_FREETYPE: 1, WITH_HARFBUZZ: 1
[2023.05.08-02.20.46:266][  0]LogAssetRegistry: FAssetRegistry took 0.0021 seconds to start up
[2023.05.08-02.20.46:428][  0]LogInit: Selected Device Profile: [Windows]
[2023.05.08-02.20.46:428][  0]LogInit: Active device profile: [0000023B307C5300][0000023B301FD240 49] Windows
[2023.05.08-02.20.46:428][  0]LogInit: Profiles: [0000023B307C5300][0000023B301FD240 49] Windows, [0000023B30783100][0000023B30201500 49] WindowsNoEditor, [0000023B307C6400][0000023B302057C0 49] WindowsServer, [0000023B30781F00][0000023B30209A80 49] WindowsClient, [0000023B307C7300][0000023B3020C1C0 49] IOS, [0000023B30781200][0000023B30210480 49] iPadAir, [0000023B307C7E00][0000023B30214740 49] iPadAir2, [0000023B30726100][0000023B30228C80 49] IPadPro, [0000023B30726200][0000023B30218CC0 49] iPadAir3, [0000023B30781B00][0000023B301F8F40 49] iPadAir4, [0000023B30727100][0000023B302211C0 49] iPadMini2, [0000023B30783400][0000023B30225480 49] iPadMini3, [0000023B30727E00][0000023B3022D740 49] iPadMini4, [0000023B30782500][0000023B30231A00 49] iPadMini5, [0000023B30749A00][0000023B302603C0 49] iPhone6, [0000023B30749B00][0000023B30238400 49] iPodTouch6, [0000023B307C6E00][0000023B25E42940 49] iPhone7, [0000023B307C7100][0000023B30258980 49] iPodTouch7, [0000023B30725C00][0000023B3025CC40 49] iPhone5S, [0000023B307C5200][0000023B30254F00 49] iPhone6Plus, [0000023B30725800][0000023B3021D180 49] iPhone6S, [0000023B307C4400][0000023B25E4B440 49] iPhone6SPlus, [0000023B30724E00][0000023B25E4F700 49] iPhone7Plus, [0000023B307C7000][0000023B267579C0 49] iPhoneSE, [0000023B30724A00][0000023B25CA2100 49] iPhone8, [0000023B307C4800][0000023B2967E3C0 49] iPhone8Plus, [0000023B307C5D00][0000023B2968A680 49] iPhoneX, [0000023B30748800][0000023B2968E940 49] iPhoneXS, [0000023B307C6D00][0000023B29692C00 49] iPhoneXSMax, [0000023B30748F00][0000023B29696EC0 49] iPhoneXR, [0000023B307C5A00][0000023B25E3F140 49] iPhone11, [0000023B30749300][0000023B296A33C0 49] iPhone11Pro, [0000023B30748400][0000023B296AB680 49] iPhone11ProMax, [0000023B30727200][0000023B296B3940 49] iPhoneSE2, [0000023B3074A300][0000023B32A7DC00 49] iPhone12Mini, [0000023B30725400][0000023B32A80340 49] iPhone12, [0000023B3074AD00][0000023B32A84600 49] iPhone12Pro, [0000023B30727700][0000023B32A888C0 49] iPhone12ProMax, [0000023B3074AE00][0000023B32A94B80 49] iPadPro105, [0000023B30726400][0000023B3156EE40 49] iPadPro129, [0000023B3074AF00][0000023B31683100 49] iPadPro97, [0000023B30727800][0000023B296A7380 49] iPadPro2_129, [0000023B307C5600][0000023B2925D600 49] iPad5, [0000023B30725B00][0000023B292658C0 49] iPad6, [0000023B307C7700][0000023B29289B80 49] iPad7, [0000023B30724100][0000023B25C442C0 49] iPad8, [0000023B307C5E00][0000023B29542580 49] iPadPro11, [0000023B30726F00][0000023B29546840 49] iPadPro2_11, [0000023B307C7A00][0000023B25C74B00 49] iPadPro3_129, [0000023B30726B00][0000023B25C78DC0 49] iPadPro4_129, [0000023B307C6900][0000023B25C7D080 49] AppleTV, [0000023B30724200][0000023B25E3B340 49] AppleTV4K, [0000023B307C6500][0000023B292615C0 49] TVOS, [0000023B30725900][0000023B2673D840 49] Mac, [0000023B307C4E00][0000023B26745B00 49] MacClient, [0000023B30724800][0000023B26748240 49] MacNoEditor, [0000023B307C5800][0000023B2674C500 49] MacServer, [0000023B30725E00][0000023B2954A7C0 49] Linux, [0000023B307C5000][0000023B2954EA80 49] LinuxAArch64, [0000023B30724300][0000023B29556D40 49] LinuxNoEditor, [0000023B307C4600][0000023B2955F000 49] LinuxAArch64NoEditor, [0000023B30727F00][0000023B295632C0 49] LinuxClient, [0000023B307C4100][0000023B29567580 49] LinuxAArch64Client, [0000023B30724600][0000023B26741800 49] LinuxServer, [0000023B307C5500][0000023B315F3A80 49] LinuxAArch64Server, [0000023B30726D00][0000023B316021C0 49] Android, [0000023B307C4D00][0000023B31606480 49] Android_Low, [0000023B30725600][0000023B3163A740 49] Android_Mid, [0000023B307C7400][0000023B3276EA00 49] Android_High, [0000023B30724B00][0000023B32782CC0 49] Android_Default, [0000023B307C5F00][0000023B327F6F80 49] Android_Adreno4xx, [0000023B30725500][0000023B327FB240 49] Android_Adreno5xx_Low, [0000023B307C7500][0000023B25BF5500 49] Android_Adreno5xx, [0000023B30724700][0000023B25BFF7C0 49] Android_Adreno6xx, [0000023B307C5C00][0000023B315FFA40 49] Android_Adreno6xx_Vulkan, [0000023B30726800][0000023B25C02140 49] Android_Mali_T6xx, [0000023B307C6300][0000023B25C0A400 49] Android_Mali_T7xx, [0000023B30725700][0000023B25C0E6C0 49] Android_Mali_T8xx, [0000023B307C6800][0000023B25C12980 49] Android_Mali_G71, [0000023B30727400][0000023B25C16C40 49] Android_Mali_G72, [0000023B307C4700][0000023B25C1AF00 49] Android_Mali_G72_Vulkan, [0000023B30726700][0000023B25C331C0 49] Android_Mali_G76, [0000023B3074B900][0000023B25C37480 49] Android_Mali_G76_Vulkan, [0000023B30780900][0000023B25C3B740 49] Android_Mali_G77, [0000023B3074B200][0000023B25C3FA00 49] Android_Mali_G77_Vulkan, [0000023B30780D00][0000023B25C06100 49] Android_Mali_G78, [0000023B30748C00][0000023B29524380 49] Android_Mali_G78_Vulkan, [0000023B30780B00][0000023B2952C640 49] Android_Mali_G710, [0000023B30748500][0000023B29530900 49] Android_Mali_G710_Vulkan, [0000023B30781D00][0000023B29534BC0 49] Android_Vulkan_SM5, [0000023B30748200][0000023B2953CE80 49] Android_PowerVR_G6xxx, [0000023B30783C00][0000023B32847140 49] Android_PowerVR_GT7xxx, [0000023B3074B700][0000023B3284B400 49] Android_PowerVR_GE8xxx, [0000023B30780200][0000023B328596C0 49] Android_PowerVR_GM9xxx, [0000023B3074A200][0000023B3285D980 49] Android_PowerVR_GM9xxx_Vulkan, [0000023B30782A00][0000023B328600C0 49] Android_TegraK1, [0000023B30748E00][0000023B29528340 49] Android_Unknown_Vulkan, [0000023B30781600][0000023B328645C0 49] Lumin, [0000023B30749100][0000023B3286C880 49] Lumin_Desktop, [0000023B30782D00][0000023B266E0B40 49] HoloLens, 
[2023.05.08-02.20.46:519][  0]LogMeshReduction: Using QuadricMeshReduction for automatic static mesh reduction
[2023.05.08-02.20.46:519][  0]LogMeshReduction: Using SimplygonMeshReduction for automatic skeletal mesh reduction
[2023.05.08-02.20.46:519][  0]LogMeshReduction: Using ProxyLODMeshReduction for automatic mesh merging
[2023.05.08-02.20.46:519][  0]LogMeshReduction: No distributed automatic mesh merging module available
[2023.05.08-02.20.46:519][  0]LogMeshMerging: No distributed automatic mesh merging module available
[2023.05.08-02.20.46:528][  0]LogNetVersion: SpeedLimit_UniAzad 1.0.0, NetCL: 17155196, EngineNetVer: 17, GameNetVer: 0 (Checksum: 2338214234)
[2023.05.08-02.20.46:789][  0]LogTexture: Default maximum texture size for cubemaps generated from long-lat sources has been changed from 512 to unlimited. In order to preserve old behaiour for '/Engine/MapTemplates/Sky/DaylightAmbientCubemap.DaylightAmbientCubemap', its maximum texture size has been explicitly set to 512.
[2023.05.08-02.20.46:829][  0]LogHMD: PokeAHoleMaterial loaded successfully
[2023.05.08-02.20.46:833][  0]LogUObjectArray: 17178 objects as part of root set at end of initial load.
[2023.05.08-02.20.46:833][  0]LogUObjectAllocator: 4301856 out of 0 bytes used by permanent object pool.
[2023.05.08-02.20.46:833][  0]LogUObjectArray: CloseDisregardForGC: 0/0 objects in disregard for GC pool
[2023.05.08-02.20.47:001][  0]LogNiagaraDebuggerClient: Niagara Debugger Client Initialized | Session: F5172008488126CD1EA94CA7A069F247 | Instance: 872FB5104CE231F5408FF8AEA8B6E01D (LAPTOP-ENHDEN5K-9480).
[2023.05.08-02.20.47:026][  0]LogStreaming: Warning: Failed to read file '../../../Engine/Content/Editor/Slate/Niagara/MenuSeparator.png' error.
[2023.05.08-02.20.47:026][  0]LogSlate: Could not find file for Slate resource: ../../../Engine/Content/Editor/Slate/Niagara/MenuSeparator.png
[2023.05.08-02.20.47:026][  0]LogImageWrapper: Warning: PNG Warning: Duplicate iCCP chunk
[2023.05.08-02.20.47:026][  0]LogImageWrapper: Warning: PNG Warning: Duplicate iCCP chunk
[2023.05.08-02.20.47:026][  0]LogStreaming: Warning: Failed to read file '../../../Engine/Content/Editor/Slate/Niagara/Common/Selector.png' error.
[2023.05.08-02.20.47:026][  0]LogSlate: Could not find file for Slate resource: ../../../Engine/Content/Editor/Slate/Niagara/Common/Selector.png
[2023.05.08-02.20.47:026][  0]LogStreaming: Warning: Failed to read file '../../../Engine/Content/Editor/Slate/Niagara/Common/Selection.png' error.
[2023.05.08-02.20.47:026][  0]LogSlate: Could not find file for Slate resource: ../../../Engine/Content/Editor/Slate/Niagara/Common/Selection.png
[2023.05.08-02.20.47:026][  0]LogStreaming: Warning: Failed to read file '../../../Engine/Content/Editor/Slate/Niagara/Common/DropZoneIndicator_Above.png' error.
[2023.05.08-02.20.47:026][  0]LogSlate: Could not find file for Slate resource: ../../../Engine/Content/Editor/Slate/Niagara/Common/DropZoneIndicator_Above.png
[2023.05.08-02.20.47:026][  0]LogStreaming: Warning: Failed to read file '../../../Engine/Content/Editor/Slate/Niagara/Common/DropZoneIndicator_Onto.png' error.
[2023.05.08-02.20.47:026][  0]LogSlate: Could not find file for Slate resource: ../../../Engine/Content/Editor/Slate/Niagara/Common/DropZoneIndicator_Onto.png
[2023.05.08-02.20.47:026][  0]LogStreaming: Warning: Failed to read file '../../../Engine/Content/Editor/Slate/Niagara/Common/DropZoneIndicator_Below.png' error.
[2023.05.08-02.20.47:026][  0]LogSlate: Could not find file for Slate resource: ../../../Engine/Content/Editor/Slate/Niagara/Common/DropZoneIndicator_Below.png
[2023.05.08-02.20.47:026][  0]LogStreaming: Warning: Failed to read file '../../../Engine/Content/Editor/Slate/Niagara/Common/RoundedSelection_16x.png' error.
[2023.05.08-02.20.47:026][  0]LogSlate: Could not find file for Slate resource: ../../../Engine/Content/Editor/Slate/Niagara/Common/RoundedSelection_16x.png
[2023.05.08-02.20.47:026][  0]LogStreaming: Warning: Failed to read file '../../../Engine/Content/Editor/Slate/Niagara/Common/FlatButton.png' error.
[2023.05.08-02.20.47:026][  0]LogSlate: Could not find file for Slate resource: ../../../Engine/Content/Editor/Slate/Niagara/Common/FlatButton.png
[2023.05.08-02.20.47:026][  0]LogPython: Using Python 3.7.7
[2023.05.08-02.20.47:438][  0]LogTcpMessaging: Initializing TcpMessaging bridge
[2023.05.08-02.20.47:442][  0]LogUdpMessaging: Initializing bridge on interface 0.0.0.0:0 to multicast group 230.0.0.1:6666.
[2023.05.08-02.20.47:589][  0]SourceControl: Source control is disabled
[2023.05.08-02.20.47:589][  0]SourceControl: Source control is disabled
[2023.05.08-02.20.47:591][  0]SourceControl: Source control is disabled
[2023.05.08-02.20.47:594][  0]SourceControl: Source control is disabled
[2023.05.08-02.20.47:596][  0]SourceControl: Source control is disabled
[2023.05.08-02.20.47:601][  0]LogUProjectInfo: Found projects:
[2023.05.08-02.20.47:691][  0]LogOpenImageDenoise: OIDN starting up
[2023.05.08-02.20.47:718][  0]LogAndroidPermission: UAndroidPermissionCallbackProxy::GetInstance
[2023.05.08-02.20.47:727][  0]LogAudioCaptureCore: Display: No Audio Capture implementations found. Audio input will be silent.
[2023.05.08-02.20.47:727][  0]LogAudioCaptureCore: Display: No Audio Capture implementations found. Audio input will be silent.
[2023.05.08-02.20.47:812][  0]LogCollectionManager: Loaded 0 collections in 0.000431 seconds
[2023.05.08-02.20.47:827][  0]LogFileCache: Scanning file cache for directory 'E:/Asus/Documents/GitHub/TheTroubleMakers/Unreal Engine Project/SpeedLimit_UniAzad/Saved/Collections/' took 0.00s
[2023.05.08-02.20.47:827][  0]LogFileCache: Scanning file cache for directory 'E:/Asus/Documents/GitHub/TheTroubleMakers/Unreal Engine Project/SpeedLimit_UniAzad/Content/Developers/Asus/Collections/' took 0.00s
[2023.05.08-02.20.47:827][  0]LogFileCache: Scanning file cache for directory 'E:/Asus/Documents/GitHub/TheTroubleMakers/Unreal Engine Project/SpeedLimit_UniAzad/Content/Collections/' took 0.00s
[2023.05.08-02.20.47:827][  0]LogOcInput: OculusInput pre-init called
[2023.05.08-02.20.48:005][  0]LogStreaming: Warning: Failed to read file '../../../Engine/Content/Editor/Slate/Niagara/MenuSeparator.png' error.
[2023.05.08-02.20.48:005][  0]LogSlate: Could not find file for Slate resource: ../../../Engine/Content/Editor/Slate/Niagara/MenuSeparator.png
[2023.05.08-02.20.48:005][  0]LogStreaming: Warning: Failed to read file '../../../Engine/Content/Editor/Slate/Niagara/Common/Selector.png' error.
[2023.05.08-02.20.48:005][  0]LogSlate: Could not find file for Slate resource: ../../../Engine/Content/Editor/Slate/Niagara/Common/Selector.png
[2023.05.08-02.20.48:005][  0]LogStreaming: Warning: Failed to read file '../../../Engine/Content/Editor/Slate/Niagara/Common/Selection.png' error.
[2023.05.08-02.20.48:005][  0]LogSlate: Could not find file for Slate resource: ../../../Engine/Content/Editor/Slate/Niagara/Common/Selection.png
[2023.05.08-02.20.48:005][  0]LogStreaming: Warning: Failed to read file '../../../Engine/Content/Editor/Slate/Niagara/Common/DropZoneIndicator_Onto.png' error.
[2023.05.08-02.20.48:005][  0]LogSlate: Could not find file for Slate resource: ../../../Engine/Content/Editor/Slate/Niagara/Common/DropZoneIndicator_Onto.png
[2023.05.08-02.20.48:005][  0]LogStreaming: Warning: Failed to read file '../../../Engine/Content/Editor/Slate/Niagara/Common/DropZoneIndicator_Above.png' error.
[2023.05.08-02.20.48:005][  0]LogSlate: Could not find file for Slate resource: ../../../Engine/Content/Editor/Slate/Niagara/Common/DropZoneIndicator_Above.png
[2023.05.08-02.20.48:005][  0]LogStreaming: Warning: Failed to read file '../../../Engine/Content/Editor/Slate/Niagara/Common/DropZoneIndicator_Below.png' error.
[2023.05.08-02.20.48:005][  0]LogSlate: Could not find file for Slate resource: ../../../Engine/Content/Editor/Slate/Niagara/Common/DropZoneIndicator_Below.png
[2023.05.08-02.20.48:005][  0]LogStreaming: Warning: Failed to read file '../../../Engine/Content/Editor/Slate/Niagara/Common/RoundedSelection_16x.png' error.
[2023.05.08-02.20.48:005][  0]LogSlate: Could not find file for Slate resource: ../../../Engine/Content/Editor/Slate/Niagara/Common/RoundedSelection_16x.png
[2023.05.08-02.20.48:005][  0]LogStreaming: Warning: Failed to read file '../../../Engine/Content/Editor/Slate/Niagara/Common/FlatButton.png' error.
[2023.05.08-02.20.48:005][  0]LogSlate: Could not find file for Slate resource: ../../../Engine/Content/Editor/Slate/Niagara/Common/FlatButton.png
[2023.05.08-02.20.48:005][  0]LogImageWrapper: Warning: PNG Warning: Duplicate iCCP chunk
[2023.05.08-02.20.48:005][  0]LogImageWrapper: Warning: PNG Warning: Duplicate iCCP chunk
[2023.05.08-02.20.48:005][  0]LogEngine: Initializing Engine...
[2023.05.08-02.20.48:007][  0]LogHMD: Failed to enumerate extensions. Please check that you have a valid OpenXR runtime installed.
[2023.05.08-02.20.48:007][  0]LogHMD: Failed to initialize OpenVR with code 110
[2023.05.08-02.20.48:007][  0]LogMagicLeap: Warning: VR disabled because ZI is not enabled.  To enable, in the editor, Edit -> Project Settings -> Plugins -> Magic Leap Plugin -> Enable Zero Iteration
[2023.05.08-02.20.48:008][  0]LogStats: UGameplayTagsManager::InitializeManager -  0.000 s
[2023.05.08-02.20.48:088][  0]LogInit: Initializing FReadOnlyCVARCache
[2023.05.08-02.20.48:095][  0]LogAIModule: Creating AISystem for world Untitled
[2023.05.08-02.20.48:098][  0]LogAudio: Display: Initializing Audio Device Manager...
[2023.05.08-02.20.48:100][  0]LogAudio: Display: Loading Default Audio Settings Objects...
[2023.05.08-02.20.48:101][  0]LogAudio: Display: No default SoundConcurrencyObject specified (or failed to load).
[2023.05.08-02.20.48:101][  0]LogAudio: Display: Audio Device Manager Initialized
[2023.05.08-02.20.48:101][  0]LogAudio: Display: Creating Audio Device:                 Id: 1, Scope: Shared, Realtime: True
[2023.05.08-02.20.48:101][  0]LogAudioMixer: Display: Audio Mixer Platform Settings:
[2023.05.08-02.20.48:101][  0]LogAudioMixer: Display: 	Sample Rate:						  48000
[2023.05.08-02.20.48:101][  0]LogAudioMixer: Display: 	Callback Buffer Frame Size Requested: 1024
[2023.05.08-02.20.48:101][  0]LogAudioMixer: Display: 	Callback Buffer Frame Size To Use:	  1024
[2023.05.08-02.20.48:101][  0]LogAudioMixer: Display: 	Number of buffers to queue:			  2
[2023.05.08-02.20.48:101][  0]LogAudioMixer: Display: 	Max Channels (voices):				  32
[2023.05.08-02.20.48:101][  0]LogAudioMixer: Display: 	Number of Async Source Workers:		  0
[2023.05.08-02.20.48:101][  0]LogAudio: Display: AudioDevice MaxSources: 32
[2023.05.08-02.20.48:101][  0]LogAudio: Display: Audio Spatialization Plugin: None (built-in).
[2023.05.08-02.20.48:101][  0]LogAudio: Display: Audio Reverb Plugin: None (built-in).
[2023.05.08-02.20.48:101][  0]LogAudio: Display: Audio Occlusion Plugin: None (built-in).
[2023.05.08-02.20.48:102][  0]LogAudioMixer: Display: Initializing audio mixer.
[2023.05.08-02.20.48:108][  0]LogAudioMixer: Display: 0: FrontLeft
[2023.05.08-02.20.48:108][  0]LogAudioMixer: Display: 1: FrontRight
[2023.05.08-02.20.48:400][  0]LogAudioMixer: Display: Using Audio Device Speakers (Realtek(R) Audio)
[2023.05.08-02.20.48:402][  0]LogAudioMixer: Display: Initializing Sound Submixes...
[2023.05.08-02.20.48:403][  0]LogAudioMixer: Display: Creating Master Submix 'MasterSubmixDefault'
[2023.05.08-02.20.48:403][  0]LogAudioMixer: Display: Creating Master Submix 'MasterReverbSubmixDefault'
[2023.05.08-02.20.48:405][  0]LogAudioMixer: Display: Creating Master Submix 'MasterEQSubmixDefault'
[2023.05.08-02.20.48:405][  0]LogAudioMixer: FMixerPlatformXAudio2::StartAudioStream() called
[2023.05.08-02.20.48:405][  0]LogAudioMixer: Display: Output buffers initialized: Frames=1024, Channels=2, Samples=2048
[2023.05.08-02.20.48:406][  0]LogAudioMixer: Display: Starting AudioMixerPlatformInterface::RunInternal()
[2023.05.08-02.20.48:406][  0]LogAudioMixer: Display: FMixerPlatformXAudio2::SubmitBuffer() called for the first time
[2023.05.08-02.20.48:406][  0]LogInit: FAudioDevice initialized.
[2023.05.08-02.20.48:406][  0]LogAudio: Display: Audio Device (ID: 1) registered with world 'Untitled'.
[2023.05.08-02.20.48:406][  0]LogNetVersion: Set ProjectVersion to 1.0.0.0. Version Checksum will be recalculated on next use.
[2023.05.08-02.20.48:455][  0]LogDerivedDataCache: Saved boot cache 0.05s 95MB C:/Users/Asus/AppData/Local/UnrealEngine/4.27/DerivedDataCache/Boot.ddc.
[2023.05.08-02.20.48:456][  0]LogInit: Texture streaming: Enabled
[2023.05.08-02.20.48:466][  0]LogAnalytics: Display: [UEEditor.Rocket.Release] APIServer = https://datarouter.ol.epicgames.com/. AppVersion = 4.27.0-17155196+++UE4+Release-4.27
[2023.05.08-02.20.48:468][  0]LogEngineSessionManager: EngineSessionManager initialized
[2023.05.08-02.20.48:468][  0]LogEditorSessionSummary: Verbose: Initializing EditorSessionSummaryWriter for editor session tracking
[2023.05.08-02.20.48:468][  0]LogEditorSessionSummary: EditorSessionSummaryWriter initialized
[2023.05.08-02.20.48:485][  0]LogInit: Transaction tracking system initialized
[2023.05.08-02.20.48:499][  0]BlueprintLog: New page: Editor Load
[2023.05.08-02.20.48:534][  0]LocalizationService: Localization service is disabled
[2023.05.08-02.20.48:549][  0]TimingProfiler: Initialize
[2023.05.08-02.20.48:549][  0]TimingProfiler: OnSessionChanged
[2023.05.08-02.20.48:549][  0]LoadingProfiler: Initialize
[2023.05.08-02.20.48:549][  0]LoadingProfiler: OnSessionChanged
[2023.05.08-02.20.48:549][  0]NetworkingProfiler: Initialize
[2023.05.08-02.20.48:549][  0]NetworkingProfiler: OnSessionChanged
[2023.05.08-02.20.48:549][  0]MemoryProfiler: Initialize
[2023.05.08-02.20.48:549][  0]MemoryProfiler: OnSessionChanged
[2023.05.08-02.20.48:638][  0]LogCook: Display: CookSettings for Memory: MemoryMaxUsedVirtual 0MiB, MemoryMaxUsedPhysical 16384MiB, MemoryMinFreeVirtual 0MiB, MemoryMinFreePhysical 1024MiB
[2023.05.08-02.20.48:638][  0]LogCook: Display: Mobile HDR setting 1
[2023.05.08-02.20.48:769][  0]LogFileCache: Scanning file cache for directory 'E:/Asus/Documents/GitHub/TheTroubleMakers/Unreal Engine Project/SpeedLimit_UniAzad/Content/' took 0.00s
[2023.05.08-02.20.48:919][  0]LogStreaming: Warning: Failed to read file '../../../Engine/Content/Editor/Slate/Niagara/MenuSeparator.png' error.
[2023.05.08-02.20.48:919][  0]LogSlate: Could not find file for Slate resource: ../../../Engine/Content/Editor/Slate/Niagara/MenuSeparator.png
[2023.05.08-02.20.48:919][  0]LogImageWrapper: Warning: PNG Warning: Duplicate iCCP chunk
[2023.05.08-02.20.48:919][  0]LogImageWrapper: Warning: PNG Warning: Duplicate iCCP chunk
[2023.05.08-02.20.48:919][  0]LogStreaming: Warning: Failed to read file '../../../Engine/Content/Editor/Slate/Niagara/Common/Selector.png' error.
[2023.05.08-02.20.48:920][  0]LogSlate: Could not find file for Slate resource: ../../../Engine/Content/Editor/Slate/Niagara/Common/Selector.png
[2023.05.08-02.20.48:920][  0]LogStreaming: Warning: Failed to read file '../../../Engine/Content/Editor/Slate/Niagara/Common/Selection.png' error.
[2023.05.08-02.20.48:920][  0]LogSlate: Could not find file for Slate resource: ../../../Engine/Content/Editor/Slate/Niagara/Common/Selection.png
[2023.05.08-02.20.48:920][  0]LogStreaming: Warning: Failed to read file '../../../Engine/Content/Editor/Slate/Niagara/Common/DropZoneIndicator_Above.png' error.
[2023.05.08-02.20.48:920][  0]LogSlate: Could not find file for Slate resource: ../../../Engine/Content/Editor/Slate/Niagara/Common/DropZoneIndicator_Above.png
[2023.05.08-02.20.48:920][  0]LogStreaming: Warning: Failed to read file '../../../Engine/Content/Editor/Slate/Niagara/Common/DropZoneIndicator_Below.png' error.
[2023.05.08-02.20.48:920][  0]LogSlate: Could not find file for Slate resource: ../../../Engine/Content/Editor/Slate/Niagara/Common/DropZoneIndicator_Below.png
[2023.05.08-02.20.48:920][  0]LogStreaming: Warning: Failed to read file '../../../Engine/Content/Editor/Slate/Niagara/Common/RoundedSelection_16x.png' error.
[2023.05.08-02.20.48:920][  0]LogSlate: Could not find file for Slate resource: ../../../Engine/Content/Editor/Slate/Niagara/Common/RoundedSelection_16x.png
[2023.05.08-02.20.48:920][  0]LogStreaming: Warning: Failed to read file '../../../Engine/Content/Editor/Slate/Niagara/Common/DropZoneIndicator_Onto.png' error.
[2023.05.08-02.20.48:920][  0]LogStreaming: Warning: Failed to read file '../../../Engine/Content/Editor/Slate/Niagara/Common/FlatButton.png' error.
[2023.05.08-02.20.48:920][  0]LogSlate: Could not find file for Slate resource: ../../../Engine/Content/Editor/Slate/Niagara/Common/FlatButton.png
[2023.05.08-02.20.48:920][  0]LogSlate: Could not find file for Slate resource: ../../../Engine/Content/Editor/Slate/Niagara/Common/DropZoneIndicator_Onto.png
[2023.05.08-02.20.48:920][  0]LogInit: Display: Engine is initialized. Leaving FEngineLoop::Init()
[2023.05.08-02.20.48:921][  0]SourceControl: Source control is disabled
[2023.05.08-02.20.48:921][  0]LogUnrealEdMisc: Loading editor; pre map load, took 4.892
[2023.05.08-02.20.48:922][  0]LightingResults: New page: Lighting Build
[2023.05.08-02.20.48:923][  0]LogWorld: UWorld::CleanupWorld for Untitled, bSessionEnded=true, bCleanupResources=true
[2023.05.08-02.20.48:923][  0]LogSlate: InvalidateAllWidgets triggered.  All widgets were invalidated
[2023.05.08-02.20.48:923][  0]MapCheck: New page: Map Check
[2023.05.08-02.20.48:923][  0]LightingResults: New page: Lighting Build
[2023.05.08-02.20.48:926][  0]LogAudio: Display: Audio Device unregistered from world 'None'.
[2023.05.08-02.20.48:928][  0]LogUObjectHash: Compacting FUObjectHashTables data took   0.55ms
[2023.05.08-02.20.49:445][  0]LogMaterial: Display: Missing cached shadermap for air_Condition in PCD3D_SM5, Default, SM5 (DDC key hash: DF19E522F453F81DF3D6C33B7E38C077ECEB0518), compiling. 
[2023.05.08-02.20.49:445][  0]LogMaterial: Warning: [AssetLog] E:\Asus\Documents\GitHub\TheTroubleMakers\Unreal Engine Project\SpeedLimit_UniAzad\Content\TheTroubleMakers\MahlaRanjbar\MyBuilding\air_Condition.uasset: Failed to compile Material for platform PCD3D_SM5, Default Material will be used in game.
[2023.05.08-02.20.49:445][  0]LogMaterial: Display: 	(Node TextureSample) Texture Sample> Missing input texture
[2023.05.08-02.20.49:795][  0]LogStaticMesh: Warning: Mesh Tree02_2 is recomputing physics on load. It must be resaved before it will cook deterministically. Please resave /Game/NaturePackage/Meshes/flora/Tree02_2.Tree02_2.
[2023.05.08-02.20.49:812][  0]LogStaticMesh: Warning: Mesh Tree01_2 is recomputing physics on load. It must be resaved before it will cook deterministically. Please resave /Game/NaturePackage/Meshes/flora/Tree01_2.Tree01_2.
[2023.05.08-02.20.49:822][  0]LogStaticMesh: Warning: Mesh Grass1_05 is recomputing physics on load. It must be resaved before it will cook deterministically. Please resave /Game/NaturePackage/Meshes/flora/Grass1_05.Grass1_05.
[2023.05.08-02.20.49:824][  0]LogStaticMesh: Warning: Mesh Conifer7 is recomputing physics on load. It must be resaved before it will cook deterministically. Please resave /Game/NaturePackage/Meshes/flora/Conifer7.Conifer7.
[2023.05.08-02.20.49:830][  0]LogStaticMesh: Warning: Mesh Conifer1 is recomputing physics on load. It must be resaved before it will cook deterministically. Please resave /Game/NaturePackage/Meshes/flora/Conifer1.Conifer1.
[2023.05.08-02.20.50:200][  0]LogAudio: Display: Audio Device (ID: 1) registered with world 'Minimal_Default'.
[2023.05.08-02.20.50:201][  0]LogAIModule: Creating AISystem for world Minimal_Default
[2023.05.08-02.20.50:229][  0]LogEditorServer: Finished looking for orphan Actors (0.000 secs)
[2023.05.08-02.20.50:256][  0]LogUObjectHash: Compacting FUObjectHashTables data took   0.77ms
[2023.05.08-02.20.50:256][  0]Cmd: MAP CHECKDEP NOCLEARLOG
[2023.05.08-02.20.50:256][  0]MapCheck: Map check complete: 0 Error(s), 0 Warning(s), took 0.112ms to complete.
[2023.05.08-02.20.50:256][  0]LogFileHelpers: Loading map 'Minimal_Default' took 1.335
[2023.05.08-02.20.50:257][  0]LogUnrealEdMisc: Total Editor Startup Time, took 6.229
[2023.05.08-02.20.50:368][  0]LogSlate: Updating window title bar state: overlay mode, drag disabled, window buttons hidden, title bar hidden
[2023.05.08-02.20.50:373][  0]LogSlate: Updating window title bar state: overlay mode, drag disabled, window buttons hidden, title bar hidden
[2023.05.08-02.20.50:377][  0]LogSlate: Updating window title bar state: overlay mode, drag disabled, window buttons hidden, title bar hidden
[2023.05.08-02.20.50:381][  0]LogSlate: Updating window title bar state: overlay mode, drag disabled, window buttons hidden, title bar hidden
[2023.05.08-02.20.50:391][  0]LogNativeClassHierarchy: Verbose: Native class hierarchy populated in 0.0071 seconds. Added 3822 classes and 928 folders.
[2023.05.08-02.20.50:393][  0]LogNativeClassHierarchy: Verbose: Native class hierarchy updated for 'WidgetCarousel' in 0.0002 seconds. Added 0 classes and 0 folders.
[2023.05.08-02.20.50:394][  0]LogPakFile: PakFile PrimaryIndexSize=187
[2023.05.08-02.20.50:394][  0]LogPakFile: PakFile PathHashIndexSize=101
[2023.05.08-02.20.50:394][  0]LogPakFile: PakFile FullDirectoryIndexSize=148
[2023.05.08-02.20.50:394][  0]LogShaderLibrary: Display: ShaderCodeLibraryPakFileMountedCallback: PakFile 'E:/Downloads/unreal_engine_v4.27_compiled/Unreal Engine v4.27 Compiled/FeaturePacks/FP_FirstPerson.upack' (chunk index -1, root 'root:/') mounted
[2023.05.08-02.20.50:394][  0]LogShaderLibrary: Display: ShaderCodeLibraryPakFileMountedCallback: pending pak file info (ChunkID:-1 Root:root:/ File:E:/Downloads/unreal_engine_v4.27_compiled/Unreal Engine v4.27 Compiled/FeaturePacks/FP_FirstPerson.upack)
[2023.05.08-02.20.50:394][  0]LogPakFile: OnPakFileMounted2Time == 0.000041
[2023.05.08-02.20.50:395][  0]LogPakFile: PakFile PrimaryIndexSize=189
[2023.05.08-02.20.50:395][  0]LogPakFile: PakFile PathHashIndexSize=101
[2023.05.08-02.20.50:395][  0]LogPakFile: PakFile FullDirectoryIndexSize=152
[2023.05.08-02.20.50:395][  0]LogShaderLibrary: Display: ShaderCodeLibraryPakFileMountedCallback: PakFile 'E:/Downloads/unreal_engine_v4.27_compiled/Unreal Engine v4.27 Compiled/FeaturePacks/FP_FirstPersonBP.upack' (chunk index -1, root 'root:/') mounted
[2023.05.08-02.20.50:395][  0]LogShaderLibrary: Display: ShaderCodeLibraryPakFileMountedCallback: pending pak file info (ChunkID:-1 Root:root:/ File:E:/Downloads/unreal_engine_v4.27_compiled/Unreal Engine v4.27 Compiled/FeaturePacks/FP_FirstPersonBP.upack)
[2023.05.08-02.20.50:395][  0]LogPakFile: OnPakFileMounted2Time == 0.000025
[2023.05.08-02.20.50:395][  0]LogPakFile: PakFile PrimaryIndexSize=191
[2023.05.08-02.20.50:395][  0]LogPakFile: PakFile PathHashIndexSize=101
[2023.05.08-02.20.50:395][  0]LogPakFile: PakFile FullDirectoryIndexSize=160
[2023.05.08-02.20.50:395][  0]LogShaderLibrary: Display: ShaderCodeLibraryPakFileMountedCallback: PakFile 'E:/Downloads/unreal_engine_v4.27_compiled/Unreal Engine v4.27 Compiled/FeaturePacks/MobileStarterContent.upack' (chunk index -1, root 'root:/') mounted
[2023.05.08-02.20.50:395][  0]LogShaderLibrary: Display: ShaderCodeLibraryPakFileMountedCallback: pending pak file info (ChunkID:-1 Root:root:/ File:E:/Downloads/unreal_engine_v4.27_compiled/Unreal Engine v4.27 Compiled/FeaturePacks/MobileStarterContent.upack)
[2023.05.08-02.20.50:395][  0]LogPakFile: OnPakFileMounted2Time == 0.000021
[2023.05.08-02.20.50:395][  0]LogPakFile: PakFile PrimaryIndexSize=185
[2023.05.08-02.20.50:395][  0]LogPakFile: PakFile PathHashIndexSize=101
[2023.05.08-02.20.50:395][  0]LogPakFile: PakFile FullDirectoryIndexSize=148
[2023.05.08-02.20.50:395][  0]LogShaderLibrary: Display: ShaderCodeLibraryPakFileMountedCallback: PakFile 'E:/Downloads/unreal_engine_v4.27_compiled/Unreal Engine v4.27 Compiled/FeaturePacks/StarterContent.upack' (chunk index -1, root 'root:/') mounted
[2023.05.08-02.20.50:395][  0]LogShaderLibrary: Display: ShaderCodeLibraryPakFileMountedCallback: pending pak file info (ChunkID:-1 Root:root:/ File:E:/Downloads/unreal_engine_v4.27_compiled/Unreal Engine v4.27 Compiled/FeaturePacks/StarterContent.upack)
[2023.05.08-02.20.50:395][  0]LogPakFile: OnPakFileMounted2Time == 0.000023
[2023.05.08-02.20.50:395][  0]LogPakFile: PakFile PrimaryIndexSize=190
[2023.05.08-02.20.50:395][  0]LogPakFile: PakFile PathHashIndexSize=101
[2023.05.08-02.20.50:395][  0]LogPakFile: PakFile FullDirectoryIndexSize=154
[2023.05.08-02.20.50:395][  0]LogShaderLibrary: Display: ShaderCodeLibraryPakFileMountedCallback: PakFile 'E:/Downloads/unreal_engine_v4.27_compiled/Unreal Engine v4.27 Compiled/FeaturePacks/TP_2DSideScroller.upack' (chunk index -1, root 'root:/') mounted
[2023.05.08-02.20.50:395][  0]LogShaderLibrary: Display: ShaderCodeLibraryPakFileMountedCallback: pending pak file info (ChunkID:-1 Root:root:/ File:E:/Downloads/unreal_engine_v4.27_compiled/Unreal Engine v4.27 Compiled/FeaturePacks/TP_2DSideScroller.upack)
[2023.05.08-02.20.50:395][  0]LogPakFile: OnPakFileMounted2Time == 0.000021
[2023.05.08-02.20.50:396][  0]LogPakFile: PakFile PrimaryIndexSize=192
[2023.05.08-02.20.50:396][  0]LogPakFile: PakFile PathHashIndexSize=101
[2023.05.08-02.20.50:396][  0]LogPakFile: PakFile FullDirectoryIndexSize=158
[2023.05.08-02.20.50:396][  0]LogShaderLibrary: Display: ShaderCodeLibraryPakFileMountedCallback: PakFile 'E:/Downloads/unreal_engine_v4.27_compiled/Unreal Engine v4.27 Compiled/FeaturePacks/TP_2DSideScrollerBP.upack' (chunk index -1, root 'root:/') mounted
[2023.05.08-02.20.50:396][  0]LogShaderLibrary: Display: ShaderCodeLibraryPakFileMountedCallback: pending pak file info (ChunkID:-1 Root:root:/ File:E:/Downloads/unreal_engine_v4.27_compiled/Unreal Engine v4.27 Compiled/FeaturePacks/TP_2DSideScrollerBP.upack)
[2023.05.08-02.20.50:396][  0]LogPakFile: OnPakFileMounted2Time == 0.000022
[2023.05.08-02.20.50:396][  0]LogPakFile: PakFile PrimaryIndexSize=182
[2023.05.08-02.20.50:396][  0]LogPakFile: PakFile PathHashIndexSize=101
[2023.05.08-02.20.50:396][  0]LogPakFile: PakFile FullDirectoryIndexSize=138
[2023.05.08-02.20.50:396][  0]LogShaderLibrary: Display: ShaderCodeLibraryPakFileMountedCallback: PakFile 'E:/Downloads/unreal_engine_v4.27_compiled/Unreal Engine v4.27 Compiled/FeaturePacks/TP_Flying.upack' (chunk index -1, root 'root:/') mounted
[2023.05.08-02.20.50:396][  0]LogShaderLibrary: Display: ShaderCodeLibraryPakFileMountedCallback: pending pak file info (ChunkID:-1 Root:root:/ File:E:/Downloads/unreal_engine_v4.27_compiled/Unreal Engine v4.27 Compiled/FeaturePacks/TP_Flying.upack)
[2023.05.08-02.20.50:396][  0]LogPakFile: OnPakFileMounted2Time == 0.000020
[2023.05.08-02.20.50:396][  0]LogPakFile: PakFile PrimaryIndexSize=184
[2023.05.08-02.20.50:396][  0]LogPakFile: PakFile PathHashIndexSize=101
[2023.05.08-02.20.50:396][  0]LogPakFile: PakFile FullDirectoryIndexSize=142
[2023.05.08-02.20.50:396][  0]LogShaderLibrary: Display: ShaderCodeLibraryPakFileMountedCallback: PakFile 'E:/Downloads/unreal_engine_v4.27_compiled/Unreal Engine v4.27 Compiled/FeaturePacks/TP_FlyingBP.upack' (chunk index -1, root 'root:/') mounted
[2023.05.08-02.20.50:396][  0]LogShaderLibrary: Display: ShaderCodeLibraryPakFileMountedCallback: pending pak file info (ChunkID:-1 Root:root:/ File:E:/Downloads/unreal_engine_v4.27_compiled/Unreal Engine v4.27 Compiled/FeaturePacks/TP_FlyingBP.upack)
[2023.05.08-02.20.50:396][  0]LogPakFile: OnPakFileMounted2Time == 0.000020
[2023.05.08-02.20.50:396][  0]LogPakFile: PakFile PrimaryIndexSize=188
[2023.05.08-02.20.50:396][  0]LogPakFile: PakFile PathHashIndexSize=101
[2023.05.08-02.20.50:396][  0]LogPakFile: PakFile FullDirectoryIndexSize=150
[2023.05.08-02.20.50:396][  0]LogShaderLibrary: Display: ShaderCodeLibraryPakFileMountedCallback: PakFile 'E:/Downloads/unreal_engine_v4.27_compiled/Unreal Engine v4.27 Compiled/FeaturePacks/TP_HandheldARBP.upack' (chunk index -1, root 'root:/') mounted
[2023.05.08-02.20.50:396][  0]LogShaderLibrary: Display: ShaderCodeLibraryPakFileMountedCallback: pending pak file info (ChunkID:-1 Root:root:/ File:E:/Downloads/unreal_engine_v4.27_compiled/Unreal Engine v4.27 Compiled/FeaturePacks/TP_HandheldARBP.upack)
[2023.05.08-02.20.50:396][  0]LogPakFile: OnPakFileMounted2Time == 0.000020
[2023.05.08-02.20.50:397][  0]LogPakFile: PakFile PrimaryIndexSize=182
[2023.05.08-02.20.50:397][  0]LogPakFile: PakFile PathHashIndexSize=101
[2023.05.08-02.20.50:397][  0]LogPakFile: PakFile FullDirectoryIndexSize=138
[2023.05.08-02.20.50:397][  0]LogShaderLibrary: Display: ShaderCodeLibraryPakFileMountedCallback: PakFile 'E:/Downloads/unreal_engine_v4.27_compiled/Unreal Engine v4.27 Compiled/FeaturePacks/TP_Puzzle.upack' (chunk index -1, root 'root:/') mounted
[2023.05.08-02.20.50:397][  0]LogShaderLibrary: Display: ShaderCodeLibraryPakFileMountedCallback: pending pak file info (ChunkID:-1 Root:root:/ File:E:/Downloads/unreal_engine_v4.27_compiled/Unreal Engine v4.27 Compiled/FeaturePacks/TP_Puzzle.upack)
[2023.05.08-02.20.50:397][  0]LogPakFile: OnPakFileMounted2Time == 0.000022
[2023.05.08-02.20.50:397][  0]LogPakFile: PakFile PrimaryIndexSize=184
[2023.05.08-02.20.50:397][  0]LogPakFile: PakFile PathHashIndexSize=101
[2023.05.08-02.20.50:397][  0]LogPakFile: PakFile FullDirectoryIndexSize=142
[2023.05.08-02.20.50:397][  0]LogShaderLibrary: Display: ShaderCodeLibraryPakFileMountedCallback: PakFile 'E:/Downloads/unreal_engine_v4.27_compiled/Unreal Engine v4.27 Compiled/FeaturePacks/TP_PuzzleBP.upack' (chunk index -1, root 'root:/') mounted
[2023.05.08-02.20.50:397][  0]LogShaderLibrary: Display: ShaderCodeLibraryPakFileMountedCallback: pending pak file info (ChunkID:-1 Root:root:/ File:E:/Downloads/unreal_engine_v4.27_compiled/Unreal Engine v4.27 Compiled/FeaturePacks/TP_PuzzleBP.upack)
[2023.05.08-02.20.50:397][  0]LogPakFile: OnPakFileMounted2Time == 0.000022
[2023.05.08-02.20.50:397][  0]LogPakFile: PakFile PrimaryIndexSize=183
[2023.05.08-02.20.50:397][  0]LogPakFile: PakFile PathHashIndexSize=101
[2023.05.08-02.20.50:397][  0]LogPakFile: PakFile FullDirectoryIndexSize=140
[2023.05.08-02.20.50:397][  0]LogShaderLibrary: Display: ShaderCodeLibraryPakFileMountedCallback: PakFile 'E:/Downloads/unreal_engine_v4.27_compiled/Unreal Engine v4.27 Compiled/FeaturePacks/TP_Rolling.upack' (chunk index -1, root 'root:/') mounted
[2023.05.08-02.20.50:397][  0]LogShaderLibrary: Display: ShaderCodeLibraryPakFileMountedCallback: pending pak file info (ChunkID:-1 Root:root:/ File:E:/Downloads/unreal_engine_v4.27_compiled/Unreal Engine v4.27 Compiled/FeaturePacks/TP_Rolling.upack)
[2023.05.08-02.20.50:397][  0]LogPakFile: OnPakFileMounted2Time == 0.000023
[2023.05.08-02.20.50:397][  0]LogPakFile: PakFile PrimaryIndexSize=185
[2023.05.08-02.20.50:397][  0]LogPakFile: PakFile PathHashIndexSize=101
[2023.05.08-02.20.50:397][  0]LogPakFile: PakFile FullDirectoryIndexSize=144
[2023.05.08-02.20.50:397][  0]LogShaderLibrary: Display: ShaderCodeLibraryPakFileMountedCallback: PakFile 'E:/Downloads/unreal_engine_v4.27_compiled/Unreal Engine v4.27 Compiled/FeaturePacks/TP_RollingBP.upack' (chunk index -1, root 'root:/') mounted
[2023.05.08-02.20.50:397][  0]LogShaderLibrary: Display: ShaderCodeLibraryPakFileMountedCallback: pending pak file info (ChunkID:-1 Root:root:/ File:E:/Downloads/unreal_engine_v4.27_compiled/Unreal Engine v4.27 Compiled/FeaturePacks/TP_RollingBP.upack)
[2023.05.08-02.20.50:397][  0]LogPakFile: OnPakFileMounted2Time == 0.000020
[2023.05.08-02.20.50:398][  0]LogPakFile: PakFile PrimaryIndexSize=188
[2023.05.08-02.20.50:398][  0]LogPakFile: PakFile PathHashIndexSize=101
[2023.05.08-02.20.50:398][  0]LogPakFile: PakFile FullDirectoryIndexSize=150
[2023.05.08-02.20.50:398][  0]LogShaderLibrary: Display: ShaderCodeLibraryPakFileMountedCallback: PakFile 'E:/Downloads/unreal_engine_v4.27_compiled/Unreal Engine v4.27 Compiled/FeaturePacks/TP_SideScroller.upack' (chunk index -1, root 'root:/') mounted
[2023.05.08-02.20.50:398][  0]LogShaderLibrary: Display: ShaderCodeLibraryPakFileMountedCallback: pending pak file info (ChunkID:-1 Root:root:/ File:E:/Downloads/unreal_engine_v4.27_compiled/Unreal Engine v4.27 Compiled/FeaturePacks/TP_SideScroller.upack)
[2023.05.08-02.20.50:398][  0]LogPakFile: OnPakFileMounted2Time == 0.000020
[2023.05.08-02.20.50:398][  0]LogPakFile: PakFile PrimaryIndexSize=190
[2023.05.08-02.20.50:398][  0]LogPakFile: PakFile PathHashIndexSize=101
[2023.05.08-02.20.50:398][  0]LogPakFile: PakFile FullDirectoryIndexSize=154
[2023.05.08-02.20.50:398][  0]LogShaderLibrary: Display: ShaderCodeLibraryPakFileMountedCallback: PakFile 'E:/Downloads/unreal_engine_v4.27_compiled/Unreal Engine v4.27 Compiled/FeaturePacks/TP_SideScrollerBP.upack' (chunk index -1, root 'root:/') mounted
[2023.05.08-02.20.50:398][  0]LogShaderLibrary: Display: ShaderCodeLibraryPakFileMountedCallback: pending pak file info (ChunkID:-1 Root:root:/ File:E:/Downloads/unreal_engine_v4.27_compiled/Unreal Engine v4.27 Compiled/FeaturePacks/TP_SideScrollerBP.upack)
[2023.05.08-02.20.50:398][  0]LogPakFile: OnPakFileMounted2Time == 0.000020
[2023.05.08-02.20.50:398][  0]LogPakFile: PakFile PrimaryIndexSize=187
[2023.05.08-02.20.50:398][  0]LogPakFile: PakFile PathHashIndexSize=101
[2023.05.08-02.20.50:398][  0]LogPakFile: PakFile FullDirectoryIndexSize=148
[2023.05.08-02.20.50:398][  0]LogShaderLibrary: Display: ShaderCodeLibraryPakFileMountedCallback: PakFile 'E:/Downloads/unreal_engine_v4.27_compiled/Unreal Engine v4.27 Compiled/FeaturePacks/TP_ThirdPerson.upack' (chunk index -1, root 'root:/') mounted
[2023.05.08-02.20.50:398][  0]LogShaderLibrary: Display: ShaderCodeLibraryPakFileMountedCallback: pending pak file info (ChunkID:-1 Root:root:/ File:E:/Downloads/unreal_engine_v4.27_compiled/Unreal Engine v4.27 Compiled/FeaturePacks/TP_ThirdPerson.upack)
[2023.05.08-02.20.50:398][  0]LogPakFile: OnPakFileMounted2Time == 0.000022
[2023.05.08-02.20.50:398][  0]LogPakFile: PakFile PrimaryIndexSize=189
[2023.05.08-02.20.50:398][  0]LogPakFile: PakFile PathHashIndexSize=101
[2023.05.08-02.20.50:398][  0]LogPakFile: PakFile FullDirectoryIndexSize=152
[2023.05.08-02.20.50:398][  0]LogShaderLibrary: Display: ShaderCodeLibraryPakFileMountedCallback: PakFile 'E:/Downloads/unreal_engine_v4.27_compiled/Unreal Engine v4.27 Compiled/FeaturePacks/TP_ThirdPersonBP.upack' (chunk index -1, root 'root:/') mounted
[2023.05.08-02.20.50:398][  0]LogShaderLibrary: Display: ShaderCodeLibraryPakFileMountedCallback: pending pak file info (ChunkID:-1 Root:root:/ File:E:/Downloads/unreal_engine_v4.27_compiled/Unreal Engine v4.27 Compiled/FeaturePacks/TP_ThirdPersonBP.upack)
[2023.05.08-02.20.50:398][  0]LogPakFile: OnPakFileMounted2Time == 0.000023
[2023.05.08-02.20.50:398][  0]LogPakFile: PakFile PrimaryIndexSize=183
[2023.05.08-02.20.50:398][  0]LogPakFile: PakFile PathHashIndexSize=101
[2023.05.08-02.20.50:398][  0]LogPakFile: PakFile FullDirectoryIndexSize=140
[2023.05.08-02.20.50:398][  0]LogShaderLibrary: Display: ShaderCodeLibraryPakFileMountedCallback: PakFile 'E:/Downloads/unreal_engine_v4.27_compiled/Unreal Engine v4.27 Compiled/FeaturePacks/TP_TopDown.upack' (chunk index -1, root 'root:/') mounted
[2023.05.08-02.20.50:398][  0]LogShaderLibrary: Display: ShaderCodeLibraryPakFileMountedCallback: pending pak file info (ChunkID:-1 Root:root:/ File:E:/Downloads/unreal_engine_v4.27_compiled/Unreal Engine v4.27 Compiled/FeaturePacks/TP_TopDown.upack)
[2023.05.08-02.20.50:398][  0]LogPakFile: OnPakFileMounted2Time == 0.000027
[2023.05.08-02.20.50:398][  0]LogPakFile: PakFile PrimaryIndexSize=185
[2023.05.08-02.20.50:398][  0]LogPakFile: PakFile PathHashIndexSize=101
[2023.05.08-02.20.50:399][  0]LogPakFile: PakFile FullDirectoryIndexSize=144
[2023.05.08-02.20.50:399][  0]LogShaderLibrary: Display: ShaderCodeLibraryPakFileMountedCallback: PakFile 'E:/Downloads/unreal_engine_v4.27_compiled/Unreal Engine v4.27 Compiled/FeaturePacks/TP_TopDownBP.upack' (chunk index -1, root 'root:/') mounted
[2023.05.08-02.20.50:399][  0]LogShaderLibrary: Display: ShaderCodeLibraryPakFileMountedCallback: pending pak file info (ChunkID:-1 Root:root:/ File:E:/Downloads/unreal_engine_v4.27_compiled/Unreal Engine v4.27 Compiled/FeaturePacks/TP_TopDownBP.upack)
[2023.05.08-02.20.50:399][  0]LogPakFile: OnPakFileMounted2Time == 0.000039
[2023.05.08-02.20.50:399][  0]LogPakFile: PakFile PrimaryIndexSize=185
[2023.05.08-02.20.50:399][  0]LogPakFile: PakFile PathHashIndexSize=101
[2023.05.08-02.20.50:399][  0]LogPakFile: PakFile FullDirectoryIndexSize=144
[2023.05.08-02.20.50:399][  0]LogShaderLibrary: Display: ShaderCodeLibraryPakFileMountedCallback: PakFile 'E:/Downloads/unreal_engine_v4.27_compiled/Unreal Engine v4.27 Compiled/FeaturePacks/TP_TwinStick.upack' (chunk index -1, root 'root:/') mounted
[2023.05.08-02.20.50:399][  0]LogShaderLibrary: Display: ShaderCodeLibraryPakFileMountedCallback: pending pak file info (ChunkID:-1 Root:root:/ File:E:/Downloads/unreal_engine_v4.27_compiled/Unreal Engine v4.27 Compiled/FeaturePacks/TP_TwinStick.upack)
[2023.05.08-02.20.50:399][  0]LogPakFile: OnPakFileMounted2Time == 0.000020
[2023.05.08-02.20.50:399][  0]LogPakFile: PakFile PrimaryIndexSize=187
[2023.05.08-02.20.50:399][  0]LogPakFile: PakFile PathHashIndexSize=101
[2023.05.08-02.20.50:399][  0]LogPakFile: PakFile FullDirectoryIndexSize=148
[2023.05.08-02.20.50:399][  0]LogShaderLibrary: Display: ShaderCodeLibraryPakFileMountedCallback: PakFile 'E:/Downloads/unreal_engine_v4.27_compiled/Unreal Engine v4.27 Compiled/FeaturePacks/TP_TwinStickBP.upack' (chunk index -1, root 'root:/') mounted
[2023.05.08-02.20.50:399][  0]LogShaderLibrary: Display: ShaderCodeLibraryPakFileMountedCallback: pending pak file info (ChunkID:-1 Root:root:/ File:E:/Downloads/unreal_engine_v4.27_compiled/Unreal Engine v4.27 Compiled/FeaturePacks/TP_TwinStickBP.upack)
[2023.05.08-02.20.50:399][  0]LogPakFile: OnPakFileMounted2Time == 0.000025
[2023.05.08-02.20.50:400][  0]LogPakFile: PakFile PrimaryIndexSize=183
[2023.05.08-02.20.50:400][  0]LogPakFile: PakFile PathHashIndexSize=101
[2023.05.08-02.20.50:400][  0]LogPakFile: PakFile FullDirectoryIndexSize=140
[2023.05.08-02.20.50:400][  0]LogShaderLibrary: Display: ShaderCodeLibraryPakFileMountedCallback: PakFile 'E:/Downloads/unreal_engine_v4.27_compiled/Unreal Engine v4.27 Compiled/FeaturePacks/TP_Vehicle.upack' (chunk index -1, root 'root:/') mounted
[2023.05.08-02.20.50:400][  0]LogShaderLibrary: Display: ShaderCodeLibraryPakFileMountedCallback: pending pak file info (ChunkID:-1 Root:root:/ File:E:/Downloads/unreal_engine_v4.27_compiled/Unreal Engine v4.27 Compiled/FeaturePacks/TP_Vehicle.upack)
[2023.05.08-02.20.50:400][  0]LogPakFile: OnPakFileMounted2Time == 0.000023
[2023.05.08-02.20.50:400][  0]LogPakFile: PakFile PrimaryIndexSize=186
[2023.05.08-02.20.50:400][  0]LogPakFile: PakFile PathHashIndexSize=101
[2023.05.08-02.20.50:400][  0]LogPakFile: PakFile FullDirectoryIndexSize=146
[2023.05.08-02.20.50:400][  0]LogShaderLibrary: Display: ShaderCodeLibraryPakFileMountedCallback: PakFile 'E:/Downloads/unreal_engine_v4.27_compiled/Unreal Engine v4.27 Compiled/FeaturePacks/TP_VehicleAdv.upack' (chunk index -1, root 'root:/') mounted
[2023.05.08-02.20.50:400][  0]LogShaderLibrary: Display: ShaderCodeLibraryPakFileMountedCallback: pending pak file info (ChunkID:-1 Root:root:/ File:E:/Downloads/unreal_engine_v4.27_compiled/Unreal Engine v4.27 Compiled/FeaturePacks/TP_VehicleAdv.upack)
[2023.05.08-02.20.50:400][  0]LogPakFile: OnPakFileMounted2Time == 0.000024
[2023.05.08-02.20.50:400][  0]LogPakFile: PakFile PrimaryIndexSize=188
[2023.05.08-02.20.50:400][  0]LogPakFile: PakFile PathHashIndexSize=101
[2023.05.08-02.20.50:400][  0]LogPakFile: PakFile FullDirectoryIndexSize=150
[2023.05.08-02.20.50:400][  0]LogShaderLibrary: Display: ShaderCodeLibraryPakFileMountedCallback: PakFile 'E:/Downloads/unreal_engine_v4.27_compiled/Unreal Engine v4.27 Compiled/FeaturePacks/TP_VehicleAdvBP.upack' (chunk index -1, root 'root:/') mounted
[2023.05.08-02.20.50:400][  0]LogShaderLibrary: Display: ShaderCodeLibraryPakFileMountedCallback: pending pak file info (ChunkID:-1 Root:root:/ File:E:/Downloads/unreal_engine_v4.27_compiled/Unreal Engine v4.27 Compiled/FeaturePacks/TP_VehicleAdvBP.upack)
[2023.05.08-02.20.50:400][  0]LogPakFile: OnPakFileMounted2Time == 0.000022
[2023.05.08-02.20.50:400][  0]LogPakFile: PakFile PrimaryIndexSize=185
[2023.05.08-02.20.50:400][  0]LogPakFile: PakFile PathHashIndexSize=101
[2023.05.08-02.20.50:400][  0]LogPakFile: PakFile FullDirectoryIndexSize=144
[2023.05.08-02.20.50:400][  0]LogShaderLibrary: Display: ShaderCodeLibraryPakFileMountedCallback: PakFile 'E:/Downloads/unreal_engine_v4.27_compiled/Unreal Engine v4.27 Compiled/FeaturePacks/TP_VehicleBP.upack' (chunk index -1, root 'root:/') mounted
[2023.05.08-02.20.50:400][  0]LogShaderLibrary: Display: ShaderCodeLibraryPakFileMountedCallback: pending pak file info (ChunkID:-1 Root:root:/ File:E:/Downloads/unreal_engine_v4.27_compiled/Unreal Engine v4.27 Compiled/FeaturePacks/TP_VehicleBP.upack)
[2023.05.08-02.20.50:400][  0]LogPakFile: OnPakFileMounted2Time == 0.000020
[2023.05.08-02.20.50:401][  0]LogPakFile: PakFile PrimaryIndexSize=192
[2023.05.08-02.20.50:401][  0]LogPakFile: PakFile PathHashIndexSize=101
[2023.05.08-02.20.50:401][  0]LogPakFile: PakFile FullDirectoryIndexSize=158
[2023.05.08-02.20.50:401][  0]LogShaderLibrary: Display: ShaderCodeLibraryPakFileMountedCallback: PakFile 'E:/Downloads/unreal_engine_v4.27_compiled/Unreal Engine v4.27 Compiled/FeaturePacks/TP_VirtualRealityBP.upack' (chunk index -1, root 'root:/') mounted
[2023.05.08-02.20.50:401][  0]LogShaderLibrary: Display: ShaderCodeLibraryPakFileMountedCallback: pending pak file info (ChunkID:-1 Root:root:/ File:E:/Downloads/unreal_engine_v4.27_compiled/Unreal Engine v4.27 Compiled/FeaturePacks/TP_VirtualRealityBP.upack)
[2023.05.08-02.20.50:401][  0]LogPakFile: OnPakFileMounted2Time == 0.000020
[2023.05.08-02.20.50:422][  0]LogNativeClassHierarchy: Verbose: Native class hierarchy updated for 'AddContentDialog' in 0.0002 seconds. Added 0 classes and 0 folders.
[2023.05.08-02.20.50:422][  0]LogNativeClassHierarchy: Verbose: Native class hierarchy updated for 'SceneOutliner' in 0.0002 seconds. Added 2 classes and 0 folders.
[2023.05.08-02.20.50:498][  0]LogSlate: Took 0.000156 seconds to synchronously load lazily loaded font '../../../Engine/Content/Slate/Fonts/Roboto-Regular.ttf' (155K)
[2023.05.08-02.20.50:500][  0]LogSlate: Took 0.000206 seconds to synchronously load lazily loaded font '../../../Engine/Content/Editor/Slate/Fonts/FontAwesome.ttf' (139K)
[2023.05.08-02.20.50:501][  0]LogSlate: Took 0.000109 seconds to synchronously load lazily loaded font '../../../Engine/Content/Slate/Fonts/Roboto-Bold.ttf' (160K)
[2023.05.08-02.20.50:563][  0]LogRenderer: Reallocating scene render targets to support 1000x592 Format 10 NumSamples 1 (Frame:1).
[2023.05.08-02.20.50:652][  0]LogNativeClassHierarchy: Verbose: Native class hierarchy updated for 'HierarchicalLODOutliner' in 0.0003 seconds. Added 0 classes and 0 folders.
[2023.05.08-02.20.50:652][  0]LogLoad: (Engine Initialization) Total time: 6.62 seconds
[2023.05.08-02.20.50:652][  0]LogLoad: (Engine Initialization) Total Blueprint compile time: 0.00 seconds
[2023.05.08-02.20.50:703][  0]LogAssetRegistry: Asset discovery search completed in 4.4386 seconds
[2023.05.08-02.20.50:707][  0]LogCollectionManager: Fixed up redirectors for 0 collections in 0.000003 seconds (updated 0 objects)
[2023.05.08-02.20.50:733][  0]LogContentStreaming: Texture pool size now 1000 MB
[2023.05.08-02.20.50:790][  2]LogSlate: Took 0.000230 seconds to synchronously load lazily loaded font '../../../Engine/Content/Slate/Fonts/Roboto-Light.ttf' (167K)
[2023.05.08-02.21.25:331][575]LogSlate: Took 0.000209 seconds to synchronously load lazily loaded font '../../../Engine/Content/Slate/Fonts/Roboto-Light.ttf' (167K)
[2023.05.08-02.21.25:391][575]LogFactory: FactoryCreateFile: StaticMesh with FbxFactory (0 0 ../../../../../../Asus/Documents/GitHub/TheTroubleMakers/Ms. MoosaeiPour Folder/Mosaei's Car.fbx)
[2023.05.08-02.21.25:410][575]LogFbx: Loading FBX Scene from ../../../../../../Asus/Documents/GitHub/TheTroubleMakers/Ms. MoosaeiPour Folder/Mosaei's Car.fbx
[2023.05.08-02.21.25:420][575]LogFbx: FBX Scene Loaded Succesfully
[2023.05.08-02.21.26:799][575]LogSlate: Window 'FBX Import Options' being destroyed
[2023.05.08-02.21.26:812][575]LogFbx: Valid bind pose for Pose (Cube) - Body
[2023.05.08-02.21.26:812][575]LogFbx: Valid bind pose for Pose (Cylinder) - Body
[2023.05.08-02.21.26:812][575]LogFbx: Valid bind pose for Pose (Cylinder.004) - Body
[2023.05.08-02.21.26:812][575]LogFbx: Valid bind pose for Pose (Cylinder.005) - Body
[2023.05.08-02.21.26:812][575]LogFbx: Valid bind pose for Pose (Cylinder.006) - Body
[2023.05.08-02.21.26:827][575]LogMaterial: Display: Material /Game/TheTroubleMakers/FatemehMosaeiPour/MyCar/Material_005.Material_005 needed to have new flag set bUsedWithSkeletalMesh !
[2023.05.08-02.21.26:827][575]LogMaterial: Display: Missing cached shadermap for Material_005 in PCD3D_SM5, Default, SM5 (DDC key hash: 32D265642CAA5E11613015EA4F3361F37DBFBC1E), compiling. 
[2023.05.08-02.21.26:866][575]LogShaderCompilers: Display: Submitted 32 shader compile jobs with 'Low' priority
[2023.05.08-02.21.26:869][575]LogMaterial: Display: Missing cached shadermap for Material_005 in PCD3D_SM5, Default, SM5 (DDC key hash: E368215F9EF18A227C4D104D18B7FEA57580E2A7), compiling. 
[2023.05.08-02.21.26:872][575]LogFbx: Triangulating skeletal mesh Body
[2023.05.08-02.21.26:890][575]LogFbx: Triangulating skeletal mesh FL
[2023.05.08-02.21.26:895][575]LogFbx: Triangulating skeletal mesh RL
[2023.05.08-02.21.26:901][575]LogFbx: Triangulating skeletal mesh RR
[2023.05.08-02.21.26:906][575]LogFbx: Triangulating skeletal mesh FR
[2023.05.08-02.21.26:913][575]LogFbx: Warning: Bones digested - 5  Depth of hierarchy - 2
[2023.05.08-02.21.26:934][575]LogSkeletalMesh: Display: /Game/TheTroubleMakers/FatemehMosaeiPour/MyCar/Mosaei_s_Car.Mosaei_s_Car ComputeTangents MikkTSpace function: Compute a zero length normal vector.
[2023.05.08-02.21.26:967][575]LogSkeletalMesh: Section 0: Material=0, 303 triangles
[2023.05.08-02.21.26:967][575]LogSkeletalMesh: Section 1: Material=1, 40 triangles
[2023.05.08-02.21.26:967][575]LogSkeletalMesh: Section 2: Material=2, 288 triangles
[2023.05.08-02.21.26:967][575]LogSkeletalMesh: Section 3: Material=3, 142 triangles
[2023.05.08-02.21.26:967][575]LogSkeletalMesh: Section 4: Material=4, 4 triangles
[2023.05.08-02.21.26:967][575]LogSkeletalMesh: Section 5: Material=5, 1776 triangles
[2023.05.08-02.21.26:970][575]LogSkeletalMesh: Building Skeletal Mesh Mosaei_s_Car...
[2023.05.08-02.21.26:986][575]LogSkeletalMesh: Display: /Game/TheTroubleMakers/FatemehMosaeiPour/MyCar/Mosaei_s_Car.Mosaei_s_Car ComputeTangents MikkTSpace function: Compute a zero length normal vector.
[2023.05.08-02.21.27:031][575]LogSkeletalMesh: Section 0: Material=0, 303 triangles
[2023.05.08-02.21.27:031][575]LogSkeletalMesh: Section 1: Material=1, 40 triangles
[2023.05.08-02.21.27:031][575]LogSkeletalMesh: Section 2: Material=2, 288 triangles
[2023.05.08-02.21.27:031][575]LogSkeletalMesh: Section 3: Material=3, 142 triangles
[2023.05.08-02.21.27:031][575]LogSkeletalMesh: Section 4: Material=4, 4 triangles
[2023.05.08-02.21.27:031][575]LogSkeletalMesh: Section 5: Material=5, 1776 triangles
[2023.05.08-02.21.27:034][575]LogSkeletalMesh: Built Skeletal Mesh [0.06s] /Game/TheTroubleMakers/FatemehMosaeiPour/MyCar/Mosaei_s_Car.Mosaei_s_Car
[2023.05.08-02.21.27:037][575]LogWorld: UWorld::CleanupWorld for World_5, bSessionEnded=true, bCleanupResources=true
[2023.05.08-02.21.27:037][575]LogSlate: InvalidateAllWidgets triggered.  All widgets were invalidated
[2023.05.08-02.21.27:043][575]FBXImport: FBX File Loading: Found name clash, node 'RL' was renamed to 'RL1' 
[2023.05.08-02.21.27:043][575]FBXImport: FBX File Loading: Found name clash, node 'RR' was renamed to 'RR2' 
[2023.05.08-02.21.27:043][575]FBXImport: FBX File Loading: Found name clash, node 'FL' was renamed to 'FL3' 
[2023.05.08-02.21.27:043][575]FBXImport: FBX File Loading: Found name clash, node 'FR' was renamed to 'FR4' 
[2023.05.08-02.21.27:043][575]FBXImport: Warning: No smoothing group information was found in this FBX scene.  Please make sure to enable the 'Export Smoothing Groups' option in the FBX Exporter plug-in before exporting the file.  Even for tools that don't support smoothing groups, the FBX Exporter will generate appropriate smoothing data at export-time so that correct vertex normals can be inferred while importing. 
[2023.05.08-02.21.27:128][575]LogSlate: Took 0.003447 seconds to synchronously load lazily loaded font '../../../Engine/Content/Slate/Fonts/DroidSansMono.ttf' (77K)
[2023.05.08-02.21.27:388][580]LogShaderCompilers: Display: Submitted 2 shader compile jobs with 'ForceLocal' priority
[2023.05.08-02.21.27:393][580]LogShaderCompilers: Display: Worker (1/5): shaders left to compile 2
[2023.05.08-02.21.27:393][580]LogShaderCompilers: Display: Worker (2/5): shaders left to compile 1
[2023.05.08-02.21.27:395][580]LogShaderCompilers: Display: Started 2 'Local' shader compile jobs with 'ForceLocal' priority
[2023.05.08-02.21.27:407][580]LogShaderCompilers: Display: Submitted 2 shader compile jobs with 'ForceLocal' priority
[2023.05.08-02.21.27:407][580]LogShaderCompilers: Display: Worker (3/5): shaders left to compile 2
[2023.05.08-02.21.27:407][580]LogShaderCompilers: Display: Worker (4/5): shaders left to compile 1
[2023.05.08-02.21.27:407][580]LogShaderCompilers: Display: Started 2 'Local' shader compile jobs with 'ForceLocal' priority
[2023.05.08-02.21.27:431][580]LogShaderCompilers: Display: Submitted 28 shader compile jobs with 'Normal' priority
[2023.05.08-02.21.27:807][599]LogShaderCompilers: Display: Worker (2/5): shaders left to compile 28
[2023.05.08-02.21.27:807][599]LogShaderCompilers: Display: Started 8 'Local' shader compile jobs with 'Normal' priority
[2023.05.08-02.21.27:856][602]LogShaderCompilers: Display: Worker (4/5): shaders left to compile 20
[2023.05.08-02.21.27:856][602]LogShaderCompilers: Display: Started 6 'Local' shader compile jobs with 'Normal' priority
[2023.05.08-02.21.27:892][604]LogShaderCompilers: Display: Worker (1/5): shaders left to compile 14
[2023.05.08-02.21.27:892][604]LogShaderCompilers: Display: Started 4 'Local' shader compile jobs with 'Normal' priority
[2023.05.08-02.21.27:991][610]LogShaderCompilers: Display: Worker (3/5): shaders left to compile 10
[2023.05.08-02.21.27:991][610]LogShaderCompilers: Display: Started 3 'Local' shader compile jobs with 'Normal' priority
[2023.05.08-02.21.28:672][651]LogShaderCompilers: Display: Worker (1/5): shaders left to compile 7
[2023.05.08-02.21.28:673][651]LogShaderCompilers: Display: Started 2 'Local' shader compile jobs with 'Normal' priority
[2023.05.08-02.21.28:740][655]LogShaderCompilers: Display: Worker (3/5): shaders left to compile 5
[2023.05.08-02.21.28:740][655]LogShaderCompilers: Display: Started 2 'Local' shader compile jobs with 'Normal' priority
[2023.05.08-02.21.29:215][681]LogShaderCompilers: Display: Worker (1/5): shaders left to compile 3
[2023.05.08-02.21.29:215][681]LogShaderCompilers: Display: Started 1 'Local' shader compile jobs with 'Normal' priority
[2023.05.08-02.21.29:425][692]LogShaderCompilers: Display: Worker (3/5): shaders left to compile 2
[2023.05.08-02.21.29:425][692]LogShaderCompilers: Display: Started 1 'Local' shader compile jobs with 'Normal' priority
[2023.05.08-02.21.29:433][692]LogShaderCompilers: Display: Worker (1/5): shaders left to compile 1
[2023.05.08-02.21.29:433][692]LogShaderCompilers: Display: Started 1 'Local' shader compile jobs with 'Normal' priority
[2023.05.08-02.21.32:633][873]LogSlate: Window 'Message Log' being destroyed
[2023.05.08-02.21.32:636][873]LogSlate: Window 'Message Log' being destroyed
[2023.05.08-02.21.37:848][162]LogAssetEditorSubsystem: Opening Asset editor for PhysicsAsset /Game/TheTroubleMakers/FatemehMosaeiPour/MyCar/Mosaei_s_Car_PhysicsAsset.Mosaei_s_Car_PhysicsAsset
[2023.05.08-02.21.37:902][162]LogNativeClassHierarchy: Verbose: Native class hierarchy updated for 'PhysicsAssetEditor' in 0.0003 seconds. Added 8 classes and 3 folders.
[2023.05.08-02.21.37:907][162]LogNativeClassHierarchy: Verbose: Native class hierarchy updated for 'SkeletonEditor' in 0.0002 seconds. Added 1 classes and 2 folders.
[2023.05.08-02.21.37:915][162]LogTexture: Default maximum texture size for cubemaps generated from long-lat sources has been changed from 512 to unlimited. In order to preserve old behaiour for '/Engine/EditorMaterials/AssetViewer/EpicQuadPanorama_CC+EV1.EpicQuadPanorama_CC+EV1', its maximum texture size has been explicitly set to 512.
[2023.05.08-02.21.38:005][162]LogTexture: Default maximum texture size for cubemaps generated from long-lat sources has been changed from 512 to unlimited. In order to preserve old behaiour for '/Engine/MapTemplates/Sky/SunsetAmbientCubemap.SunsetAmbientCubemap', its maximum texture size has been explicitly set to 512.
[2023.05.08-02.21.38:091][162]LogActorComponent: RegisterComponentWithWorld: (/Engine/Transient.World_6:PersistentLevel.AnimationEditorPreviewActor_0.PhysicsAssetEditorSkeletalMeshComponent_0) Already registered. Aborting.
[2023.05.08-02.21.38:095][162]LogNativeClassHierarchy: Verbose: Native class hierarchy updated for 'PinnedCommandList' in 0.0002 seconds. Added 1 classes and 0 folders.
[2023.05.08-02.21.38:416][162]LogSlate: Took 0.004117 seconds to synchronously load lazily loaded font '../../../Engine/Content/Slate/Fonts/Roboto-BoldCondensed.ttf' (158K)
[2023.05.08-02.21.38:461][162]LogRenderer: Reallocating scene render targets to support 1144x876 Format 10 NumSamples 1 (Frame:1).
[2023.05.08-02.21.52:985][975]LogSlate: Window 'Mosaei_s_Car_PhysicsAsset' being destroyed
[2023.05.08-02.21.52:988][975]LogSlate: Window 'Mosaei_s_Car_PhysicsAsset' being destroyed
[2023.05.08-02.21.52:989][975]LogWorld: UWorld::CleanupWorld for World_6, bSessionEnded=true, bCleanupResources=true
[2023.05.08-02.21.52:989][975]LogSlate: InvalidateAllWidgets triggered.  All widgets were invalidated
[2023.05.08-02.21.58:473][274]LogUObjectHash: Compacting FUObjectHashTables data took   0.83ms
[2023.05.08-02.22.00:398][274]LogSlate: Window 'Delete Assets' being destroyed
[2023.05.08-02.22.00:421][274]LogUObjectGlobals: Force Deleting 2 Package(s):
	Asset Name: /Game/TheTroubleMakers/FatemehMosaeiPour/MyCar/Mosaei_s_Car_PhysicsAsset.Mosaei_s_Car_PhysicsAsset
	Asset Name: /Game/TheTroubleMakers/FatemehMosaeiPour/MyCar/Mosaei_s_Car.Mosaei_s_Car
[2023.05.08-02.22.02:312][274]LogUObjectHash: Compacting FUObjectHashTables data took   0.54ms
[2023.05.08-02.24.21:916][257]LogContentBrowser: Deferred new asset folder creation: NewFolder
[2023.05.08-02.24.21:930][257]LogContentBrowser: Creating deferred item: NewFolder
[2023.05.08-02.24.27:340][582]LogContentBrowser: Attempting asset rename: NewFolder -> MyCar2
[2023.05.08-02.24.27:341][582]LogContentBrowser: End creating deferred item NewFolder
[2023.05.08-02.24.33:364][747]LogFactory: FactoryCreateFile: StaticMesh with FbxFactory (0 0 ../../../../../../Asus/Documents/GitHub/TheTroubleMakers/Ms. MoosaeiPour Folder/Mosaei's Car.fbx)
[2023.05.08-02.24.33:369][747]LogFbx: Loading FBX Scene from ../../../../../../Asus/Documents/GitHub/TheTroubleMakers/Ms. MoosaeiPour Folder/Mosaei's Car.fbx
[2023.05.08-02.24.33:375][747]LogFbx: FBX Scene Loaded Succesfully
[2023.05.08-02.24.35:033][747]LogSlate: Window 'FBX Import Options' being destroyed
[2023.05.08-02.24.35:048][747]LogFbx: Valid bind pose for Pose (Cube) - Body
[2023.05.08-02.24.35:048][747]LogFbx: Valid bind pose for Pose (Cylinder) - Body
[2023.05.08-02.24.35:048][747]LogFbx: Valid bind pose for Pose (Cylinder.004) - Body
[2023.05.08-02.24.35:048][747]LogFbx: Valid bind pose for Pose (Cylinder.005) - Body
[2023.05.08-02.24.35:048][747]LogFbx: Valid bind pose for Pose (Cylinder.006) - Body
[2023.05.08-02.24.35:050][747]LogMaterial: Display: Material /Game/TheTroubleMakers/FatemehMosaeiPour/MyCar2/Material.Material needed to have new flag set bUsedWithSkeletalMesh !
[2023.05.08-02.24.35:051][747]LogMaterial: Display: Missing cached shadermap for Material in PCD3D_SM5, Default, SM5 (DDC key hash: 246AC30436CA83996EFC9C348C631A74DD6FF9AF), compiling. 
[2023.05.08-02.24.35:073][747]LogShaderCompilers: Display: Submitted 32 shader compile jobs with 'Low' priority
[2023.05.08-02.24.35:075][747]LogMaterial: Display: Missing cached shadermap for Material in PCD3D_SM5, Default, SM5 (DDC key hash: 50886790C594A04B1525588AEF76805D76D71B44), compiling. 
[2023.05.08-02.24.35:077][747]LogMaterial: Display: Material /Game/TheTroubleMakers/FatemehMosaeiPour/MyCar2/Material_002.Material_002 needed to have new flag set bUsedWithSkeletalMesh !
[2023.05.08-02.24.35:087][747]LogMaterial: Display: Missing cached shadermap for Material_002 in PCD3D_SM5, Default, SM5 (DDC key hash: 07FBF105EADF791C7C35A2F84C6B4EDF56E86C41), compiling. 
[2023.05.08-02.24.35:106][747]LogShaderCompilers: Display: Submitted 32 shader compile jobs with 'Low' priority
[2023.05.08-02.24.35:109][747]LogMaterial: Display: Missing cached shadermap for Material_002 in PCD3D_SM5, Default, SM5 (DDC key hash: D36C584BB894F1CD5FFB7981AC823DB30E0AC9A5), compiling. 
[2023.05.08-02.24.35:111][747]LogMaterial: Display: Material /Game/TheTroubleMakers/FatemehMosaeiPour/MyCar2/Material_003.Material_003 needed to have new flag set bUsedWithSkeletalMesh !
[2023.05.08-02.24.35:122][747]LogMaterial: Display: Missing cached shadermap for Material_003 in PCD3D_SM5, Default, SM5 (DDC key hash: 6B2D6E045C9976E268C9BFA286F6616ADF670EEE), compiling. 
[2023.05.08-02.24.35:141][747]LogShaderCompilers: Display: Submitted 32 shader compile jobs with 'Low' priority
[2023.05.08-02.24.35:143][747]LogMaterial: Display: Missing cached shadermap for Material_003 in PCD3D_SM5, Default, SM5 (DDC key hash: 7E1314D096556D683215A74A982C908181E8AEB8), compiling. 
[2023.05.08-02.24.35:146][747]LogMaterial: Display: Material /Game/TheTroubleMakers/FatemehMosaeiPour/MyCar2/Material_004.Material_004 needed to have new flag set bUsedWithSkeletalMesh !
[2023.05.08-02.24.35:159][747]LogMaterial: Display: Missing cached shadermap for Material_004 in PCD3D_SM5, Default, SM5 (DDC key hash: FFF56FDC9726569221BE7DAEE3EAAB6E488CF8C8), compiling. 
[2023.05.08-02.24.35:177][747]LogShaderCompilers: Display: Submitted 32 shader compile jobs with 'Low' priority
[2023.05.08-02.24.35:180][747]LogMaterial: Display: Missing cached shadermap for Material_004 in PCD3D_SM5, Default, SM5 (DDC key hash: 5701CC99C0ED295F704BC4D27544E428A4E91BB1), compiling. 
[2023.05.08-02.24.35:184][747]LogMaterial: Display: Material /Game/TheTroubleMakers/FatemehMosaeiPour/MyCar2/Material_005.Material_005 needed to have new flag set bUsedWithSkeletalMesh !
[2023.05.08-02.24.35:195][747]LogMaterial: Display: Missing cached shadermap for Material_005 in PCD3D_SM5, Default, SM5 (DDC key hash: 3AA3F9F153A3629C28C01DEDD60504A7044EC146), compiling. 
[2023.05.08-02.24.35:215][747]LogShaderCompilers: Display: Submitted 32 shader compile jobs with 'Low' priority
[2023.05.08-02.24.35:218][747]LogMaterial: Display: Missing cached shadermap for Material_005 in PCD3D_SM5, Default, SM5 (DDC key hash: 88D3368525D553A907D7C0F7C6E4EFB14D0024BF), compiling. 
[2023.05.08-02.24.35:221][747]LogFbx: Triangulating skeletal mesh Body
[2023.05.08-02.24.35:234][747]LogMaterial: Display: Material /Game/TheTroubleMakers/FatemehMosaeiPour/MyCar2/Material_001.Material_001 needed to have new flag set bUsedWithSkeletalMesh !
[2023.05.08-02.24.35:236][747]LogMaterial: Display: Missing cached shadermap for Material_001 in PCD3D_SM5, Default, SM5 (DDC key hash: E30F3208C5142800BC9D630EAF1F1D7F94B175DD), compiling. 
[2023.05.08-02.24.35:256][747]LogShaderCompilers: Display: Submitted 32 shader compile jobs with 'Low' priority
[2023.05.08-02.24.35:273][747]LogShaderCompilers: Display: Worker (1/5): shaders left to compile 32
[2023.05.08-02.24.35:273][747]LogShaderCompilers: Display: Worker (2/5): shaders left to compile 23
[2023.05.08-02.24.35:273][747]LogShaderCompilers: Display: Worker (3/5): shaders left to compile 14
[2023.05.08-02.24.35:273][747]LogShaderCompilers: Display: Worker (4/5): shaders left to compile 5
[2023.05.08-02.24.35:273][747]LogShaderCompilers: Display: Started 32 'Local' shader compile jobs with 'Low' priority
[2023.05.08-02.24.35:276][747]LogFbxMaterialImport: Display: Unable to find Texture file E:\Asus\Documents\GitHub\TheTroubleMakers\Ms. MoosaeiPour Folder
[2023.05.08-02.24.35:279][747]LogMaterial: Display: Missing cached shadermap for Material_001 in PCD3D_SM5, Default, SM5 (DDC key hash: BB11D50F190BBA163C80E71F6B3420B3535C97CE), compiling. 
[2023.05.08-02.24.35:283][747]LogFbx: Triangulating skeletal mesh FL
[2023.05.08-02.24.35:294][747]LogFbx: Triangulating skeletal mesh RL
[2023.05.08-02.24.35:307][747]LogFbx: Triangulating skeletal mesh RR
[2023.05.08-02.24.35:319][747]LogFbx: Triangulating skeletal mesh FR
[2023.05.08-02.24.35:334][747]LogFbx: Warning: Bones digested - 5  Depth of hierarchy - 2
[2023.05.08-02.24.35:374][747]LogSkeletalMesh: Display: /Game/TheTroubleMakers/FatemehMosaeiPour/MyCar2/Mosaei_s_Car.Mosaei_s_Car ComputeTangents MikkTSpace function: Compute a zero length normal vector.
[2023.05.08-02.24.35:433][747]LogSkeletalMesh: Section 0: Material=0, 303 triangles
[2023.05.08-02.24.35:433][747]LogSkeletalMesh: Section 1: Material=1, 40 triangles
[2023.05.08-02.24.35:433][747]LogSkeletalMesh: Section 2: Material=2, 288 triangles
[2023.05.08-02.24.35:433][747]LogSkeletalMesh: Section 3: Material=3, 142 triangles
[2023.05.08-02.24.35:433][747]LogSkeletalMesh: Section 4: Material=4, 4 triangles
[2023.05.08-02.24.35:433][747]LogSkeletalMesh: Section 5: Material=5, 1776 triangles
[2023.05.08-02.24.35:434][747]LogSkeletalMesh: Building Skeletal Mesh Mosaei_s_Car...
[2023.05.08-02.24.35:463][747]LogSkeletalMesh: Display: /Game/TheTroubleMakers/FatemehMosaeiPour/MyCar2/Mosaei_s_Car.Mosaei_s_Car ComputeTangents MikkTSpace function: Compute a zero length normal vector.
[2023.05.08-02.24.35:524][747]LogSkeletalMesh: Section 0: Material=0, 303 triangles
[2023.05.08-02.24.35:524][747]LogSkeletalMesh: Section 1: Material=1, 40 triangles
[2023.05.08-02.24.35:524][747]LogSkeletalMesh: Section 2: Material=2, 288 triangles
[2023.05.08-02.24.35:524][747]LogSkeletalMesh: Section 3: Material=3, 142 triangles
[2023.05.08-02.24.35:524][747]LogSkeletalMesh: Section 4: Material=4, 4 triangles
[2023.05.08-02.24.35:524][747]LogSkeletalMesh: Section 5: Material=5, 1776 triangles
[2023.05.08-02.24.35:531][747]LogSkeletalMesh: Built Skeletal Mesh [0.10s] /Game/TheTroubleMakers/FatemehMosaeiPour/MyCar2/Mosaei_s_Car.Mosaei_s_Car
[2023.05.08-02.24.35:536][747]LogWorld: UWorld::CleanupWorld for World_7, bSessionEnded=true, bCleanupResources=true
[2023.05.08-02.24.35:537][747]LogSlate: InvalidateAllWidgets triggered.  All widgets were invalidated
[2023.05.08-02.24.35:546][747]FBXImport: FBX File Loading: Found name clash, node 'RL' was renamed to 'RL1' 
[2023.05.08-02.24.35:546][747]FBXImport: FBX File Loading: Found name clash, node 'RR' was renamed to 'RR2' 
[2023.05.08-02.24.35:546][747]FBXImport: FBX File Loading: Found name clash, node 'FL' was renamed to 'FL3' 
[2023.05.08-02.24.35:546][747]FBXImport: FBX File Loading: Found name clash, node 'FR' was renamed to 'FR4' 
[2023.05.08-02.24.35:546][747]FBXImport: Warning: No smoothing group information was found in this FBX scene.  Please make sure to enable the 'Export Smoothing Groups' option in the FBX Exporter plug-in before exporting the file.  Even for tools that don't support smoothing groups, the FBX Exporter will generate appropriate smoothing data at export-time so that correct vertex normals can be inferred while importing. 
[2023.05.08-02.24.35:806][752]LogShaderCompilers: Display: Submitted 2 shader compile jobs with 'ForceLocal' priority
[2023.05.08-02.24.35:809][752]LogShaderCompilers: Display: Submitted 2 shader compile jobs with 'ForceLocal' priority
[2023.05.08-02.24.35:813][752]LogShaderCompilers: Display: Submitted 2 shader compile jobs with 'ForceLocal' priority
[2023.05.08-02.24.35:816][752]LogShaderCompilers: Display: Submitted 2 shader compile jobs with 'ForceLocal' priority
[2023.05.08-02.24.35:822][752]LogShaderCompilers: Display: Submitted 2 shader compile jobs with 'ForceLocal' priority
[2023.05.08-02.24.35:840][752]LogShaderCompilers: Display: Submitted 2 shader compile jobs with 'ForceLocal' priority
[2023.05.08-02.24.35:864][752]LogShaderCompilers: Display: Submitted 28 shader compile jobs with 'Normal' priority
[2023.05.08-02.24.35:904][752]LogShaderCompilers: Display: Submitted 2 shader compile jobs with 'ForceLocal' priority
[2023.05.08-02.24.35:927][752]LogShaderCompilers: Display: Submitted 28 shader compile jobs with 'Normal' priority
[2023.05.08-02.24.35:938][752]LogShaderCompilers: Display: Submitted 2 shader compile jobs with 'ForceLocal' priority
[2023.05.08-02.24.35:965][752]LogShaderCompilers: Display: Submitted 28 shader compile jobs with 'Normal' priority
[2023.05.08-02.24.35:972][752]LogShaderCompilers: Display: Submitted 2 shader compile jobs with 'ForceLocal' priority
[2023.05.08-02.24.35:997][752]LogShaderCompilers: Display: Submitted 28 shader compile jobs with 'Normal' priority
[2023.05.08-02.24.36:005][752]LogShaderCompilers: Display: Submitted 2 shader compile jobs with 'ForceLocal' priority
[2023.05.08-02.24.36:025][752]LogShaderCompilers: Display: Submitted 28 shader compile jobs with 'Normal' priority
[2023.05.08-02.24.36:055][752]LogShaderCompilers: Display: === FShaderJobCache stats ===
[2023.05.08-02.24.36:055][752]LogShaderCompilers: Display: Total job queries 448, among them cache hits 32 (7.14%)
[2023.05.08-02.24.36:055][752]LogShaderCompilers: Display: Tracking 32 distinct input hashes that result in 23 distinct outputs (71.88%)
[2023.05.08-02.24.36:055][752]LogShaderCompilers: Display: RAM used: 0.13 MB (0.00 GB) of 819.20 MB (0.80 GB) budget. Usage: 0.02%
[2023.05.08-02.24.36:055][752]LogShaderCompilers: Display: ================================================
[2023.05.08-02.24.36:958][797]LogShaderCompilers: Display: Worker (4/5): shaders left to compile 20
[2023.05.08-02.24.36:958][797]LogShaderCompilers: Display: Started 6 'Local' shader compile jobs with 'ForceLocal' priority
[2023.05.08-02.24.38:059][846]LogShaderCompilers: Display: Worker (3/5): shaders left to compile 14
[2023.05.08-02.24.38:059][846]LogShaderCompilers: Display: Started 4 'Local' shader compile jobs with 'ForceLocal' priority
[2023.05.08-02.24.38:542][875]LogShaderCompilers: Display: Worker (1/5): shaders left to compile 10
[2023.05.08-02.24.38:542][875]LogShaderCompilers: Display: Started 3 'Local' shader compile jobs with 'ForceLocal' priority
[2023.05.08-02.24.38:626][880]LogShaderCompilers: Display: Worker (2/5): shaders left to compile 7
[2023.05.08-02.24.38:626][880]LogShaderCompilers: Display: Started 2 'Local' shader compile jobs with 'ForceLocal' priority
[2023.05.08-02.24.39:192][914]LogShaderCompilers: Display: Worker (2/5): shaders left to compile 5
[2023.05.08-02.24.39:192][914]LogShaderCompilers: Display: Started 2 'Local' shader compile jobs with 'ForceLocal' priority
[2023.05.08-02.24.39:258][918]LogShaderCompilers: Display: Worker (4/5): shaders left to compile 3
[2023.05.08-02.24.39:258][918]LogShaderCompilers: Display: Started 1 'Local' shader compile jobs with 'ForceLocal' priority
[2023.05.08-02.24.39:393][926]LogShaderCompilers: Display: Worker (1/5): shaders left to compile 2
[2023.05.08-02.24.39:393][926]LogShaderCompilers: Display: Started 1 'Local' shader compile jobs with 'ForceLocal' priority
[2023.05.08-02.24.39:491][932]LogShaderCompilers: Display: Worker (4/5): shaders left to compile 1
[2023.05.08-02.24.39:492][932]LogShaderCompilers: Display: Started 1 'Local' shader compile jobs with 'ForceLocal' priority
[2023.05.08-02.24.39:542][935]LogShaderCompilers: Display: Worker (3/5): shaders left to compile 140
[2023.05.08-02.24.39:542][935]LogShaderCompilers: Display: Started 10 'Local' shader compile jobs with 'Normal' priority
[2023.05.08-02.24.39:692][944]LogShaderCompilers: Display: Worker (1/5): shaders left to compile 130
[2023.05.08-02.24.39:692][944]LogShaderCompilers: Display: Started 10 'Local' shader compile jobs with 'Normal' priority
[2023.05.08-02.24.39:712][945]LogShaderCompilers: Display: Worker (2/5): shaders left to compile 120
[2023.05.08-02.24.39:712][945]LogShaderCompilers: Display: Started 10 'Local' shader compile jobs with 'Normal' priority
[2023.05.08-02.24.39:726][946]LogShaderCompilers: Display: Worker (4/5): shaders left to compile 110
[2023.05.08-02.24.39:726][946]LogShaderCompilers: Display: Started 10 'Local' shader compile jobs with 'Normal' priority
[2023.05.08-02.24.40:752][  7]LogSlate: Window 'Message Log' being destroyed
[2023.05.08-02.24.40:756][  7]LogSlate: Window 'Message Log' being destroyed
[2023.05.08-02.24.42:088][ 76]LogShaderCompilers: Display: Worker (2/5): shaders left to compile 100
[2023.05.08-02.24.42:088][ 76]LogShaderCompilers: Display: Started 10 'Local' shader compile jobs with 'Normal' priority
[2023.05.08-02.24.42:499][ 96]LogShaderCompilers: Display: Worker (1/5): shaders left to compile 90
[2023.05.08-02.24.42:499][ 96]LogShaderCompilers: Display: Started 10 'Local' shader compile jobs with 'Normal' priority
[2023.05.08-02.24.42:769][109]LogShaderCompilers: Display: Worker (3/5): shaders left to compile 80
[2023.05.08-02.24.42:769][109]LogShaderCompilers: Display: Started 10 'Local' shader compile jobs with 'Normal' priority
[2023.05.08-02.24.43:305][136]LogShaderCompilers: Display: Worker (4/5): shaders left to compile 70
[2023.05.08-02.24.43:305][136]LogShaderCompilers: Display: Started 10 'Local' shader compile jobs with 'Normal' priority
[2023.05.08-02.24.44:647][202]LogShaderCompilers: Display: Worker (2/5): shaders left to compile 60
[2023.05.08-02.24.44:647][202]LogShaderCompilers: Display: Started 10 'Local' shader compile jobs with 'Normal' priority
[2023.05.08-02.24.45:158][228]LogShaderCompilers: Display: Worker (1/5): shaders left to compile 50
[2023.05.08-02.24.45:158][228]LogShaderCompilers: Display: Started 10 'Local' shader compile jobs with 'Normal' priority
[2023.05.08-02.24.45:793][259]LogShaderCompilers: Display: Worker (4/5): shaders left to compile 40
[2023.05.08-02.24.45:793][259]LogShaderCompilers: Display: Started 10 'Local' shader compile jobs with 'Normal' priority
[2023.05.08-02.24.46:281][284]LogShaderCompilers: Display: Worker (3/5): shaders left to compile 30
[2023.05.08-02.24.46:281][284]LogShaderCompilers: Display: Started 8 'Local' shader compile jobs with 'Normal' priority
[2023.05.08-02.24.47:875][360]LogShaderCompilers: Display: Worker (2/5): shaders left to compile 22
[2023.05.08-02.24.47:875][360]LogShaderCompilers: Display: Started 6 'Local' shader compile jobs with 'Normal' priority
[2023.05.08-02.24.48:450][384]LogShaderCompilers: Display: Worker (1/5): shaders left to compile 16
[2023.05.08-02.24.48:450][384]LogShaderCompilers: Display: Started 5 'Local' shader compile jobs with 'Normal' priority
[2023.05.08-02.24.48:991][410]LogShaderCompilers: Display: Worker (4/5): shaders left to compile 11
[2023.05.08-02.24.48:991][410]LogShaderCompilers: Display: Started 3 'Local' shader compile jobs with 'Normal' priority
[2023.05.08-02.24.49:180][419]LogShaderCompilers: Display: Worker (3/5): shaders left to compile 8
[2023.05.08-02.24.49:180][419]LogShaderCompilers: Display: Started 3 'Local' shader compile jobs with 'Normal' priority
[2023.05.08-02.24.49:909][454]LogShaderCompilers: Display: Worker (1/5): shaders left to compile 5
[2023.05.08-02.24.49:909][454]LogShaderCompilers: Display: Started 2 'Local' shader compile jobs with 'Normal' priority
[2023.05.08-02.24.50:064][461]LogShaderCompilers: Display: Worker (3/5): shaders left to compile 3
[2023.05.08-02.24.50:064][461]LogShaderCompilers: Display: Started 1 'Local' shader compile jobs with 'Normal' priority
[2023.05.08-02.24.50:255][469]LogShaderCompilers: Display: Worker (4/5): shaders left to compile 2
[2023.05.08-02.24.50:255][469]LogShaderCompilers: Display: Started 1 'Local' shader compile jobs with 'Normal' priority
[2023.05.08-02.24.50:355][474]LogShaderCompilers: Display: Worker (3/5): shaders left to compile 1
[2023.05.08-02.24.50:355][474]LogShaderCompilers: Display: Started 1 'Local' shader compile jobs with 'Normal' priority
[2023.05.08-02.24.53:535][632]LogAssetEditorSubsystem: Opening Asset editor for PhysicsAsset /Game/TheTroubleMakers/FatemehMosaeiPour/MyCar2/Mosaei_s_Car_PhysicsAsset.Mosaei_s_Car_PhysicsAsset
[2023.05.08-02.24.53:537][632]LogActorComponent: RegisterComponentWithWorld: (/Engine/Transient.World_8:PersistentLevel.AnimationEditorPreviewActor_0.PhysicsAssetEditorSkeletalMeshComponent_0) Already registered. Aborting.
[2023.05.08-02.24.59:731][938]LogSlate: Window 'Mosaei_s_Car_PhysicsAsset' being destroyed
[2023.05.08-02.24.59:735][938]LogWorld: UWorld::CleanupWorld for World_8, bSessionEnded=true, bCleanupResources=true
[2023.05.08-02.24.59:735][938]LogSlate: InvalidateAllWidgets triggered.  All widgets were invalidated
[2023.05.08-02.25.01:746][ 45]LogAssetEditorSubsystem: Opening Asset editor for SkeletalMesh /Game/TheTroubleMakers/FatemehMosaeiPour/MyCar2/Mosaei_s_Car.Mosaei_s_Car
[2023.05.08-02.25.01:749][ 45]LogActorComponent: RegisterComponentWithWorld: (/Engine/Transient.World_9:PersistentLevel.AnimationEditorPreviewActor_0.DebugSkelMeshComponent_0) Already registered. Aborting.
[2023.05.08-02.25.02:005][ 45]LogSlate: Took 0.000161 seconds to synchronously load lazily loaded font '../../../Engine/Content/Slate/Fonts/Roboto-Italic.ttf' (157K)
[2023.05.08-02.25.05:025][187]LogSlate: Window 'Mosaei_s_Car' being destroyed
[2023.05.08-02.25.18:235][822]Cmd: TRANSACTION UNDO
[2023.05.08-02.25.18:235][822]LogEditorTransaction: Undo Persona editor: material changed
[2023.05.08-02.25.18:289][822]LogActorComponent: RegisterComponentWithWorld: (/Engine/Transient.World_9:PersistentLevel.AnimationEditorPreviewActor_0.DebugSkelMeshComponent_0) Already registered. Aborting.
[2023.05.08-02.25.37:374][868]LogAssetEditorSubsystem: Opening Asset editor for Skeleton /Game/TheTroubleMakers/FatemehMosaeiPour/MyCar2/Mosaei_s_Car_Skeleton.Mosaei_s_Car_Skeleton
[2023.05.08-02.25.37:376][868]LogActorComponent: RegisterComponentWithWorld: (/Engine/Transient.World_10:PersistentLevel.AnimationEditorPreviewActor_0.DebugSkelMeshComponent_0) Already registered. Aborting.
[2023.05.08-02.25.45:160][317]LogAssetEditorSubsystem: Opening Asset editor for PhysicsAsset /Game/TheTroubleMakers/FatemehMosaeiPour/MyCar2/Mosaei_s_Car_PhysicsAsset.Mosaei_s_Car_PhysicsAsset
[2023.05.08-02.25.45:163][317]LogActorComponent: RegisterComponentWithWorld: (/Engine/Transient.World_11:PersistentLevel.AnimationEditorPreviewActor_0.PhysicsAssetEditorSkeletalMeshComponent_0) Already registered. Aborting.
[2023.05.08-02.25.56:931][999]Cmd: TRANSACTION UNDO
[2023.05.08-02.25.56:931][999]LogEditorTransaction: Undo Move Element
[2023.05.08-02.25.57:098][999]LogActorComponent: RegisterComponentWithWorld: (/Engine/Transient.World_9:PersistentLevel.AnimationEditorPreviewActor_0.DebugSkelMeshComponent_0) Already registered. Aborting.
[2023.05.08-02.25.57:100][999]LogActorComponent: RegisterComponentWithWorld: (/Engine/Transient.World_10:PersistentLevel.AnimationEditorPreviewActor_0.DebugSkelMeshComponent_0) Already registered. Aborting.
[2023.05.08-02.25.57:103][999]LogActorComponent: RegisterComponentWithWorld: (/Engine/Transient.World_11:PersistentLevel.AnimationEditorPreviewActor_0.PhysicsAssetEditorSkeletalMeshComponent_0) Already registered. Aborting.
[2023.05.08-02.26.41:606][229]LogAssetEditorSubsystem: Opening Asset editor for Blueprint /Game/TheTroubleMakers/FatemehMosaeiPour/MoosaeiCar_BP.MoosaeiCar_BP
[2023.05.08-02.26.42:089][229]LogNativeClassHierarchy: Verbose: Native class hierarchy updated for 'BlueprintGraph' in 0.0004 seconds. Added 126 classes and 0 folders.
[2023.05.08-02.27.24:968][693]LogAnimation: Warning: AnimBP AnimMoosaeiCar_C is incompatible with skeleton Mosaei_s_Car_Skeleton, removing AnimBP from actor.
[2023.05.08-02.27.24:969][693]LogAnimation: Warning: AnimBP AnimMoosaeiCar_C is incompatible with skeleton Mosaei_s_Car_Skeleton, removing AnimBP from actor.
[2023.05.08-02.27.24:969][693]LogAnimation: Warning: AnimBP AnimMoosaeiCar_C is incompatible with skeleton Mosaei_s_Car_Skeleton, removing AnimBP from actor.
[2023.05.08-02.27.24:969][693]LogAnimation: Warning: AnimBP AnimMoosaeiCar_C is incompatible with skeleton Mosaei_s_Car_Skeleton, removing AnimBP from actor.
[2023.05.08-02.27.33:082][172]BlueprintLog: New page: Compile MoosaeiCar_BP
[2023.05.08-02.27.33:131][172]LogUObjectHash: Compacting FUObjectHashTables data took   1.69ms
[2023.05.08-02.27.52:749][237]LogAssetEditorSubsystem: Opening Asset editor for AnimBlueprint /Game/TheTroubleMakers/FatemehMosaeiPour/AnimMoosaeiCar.AnimMoosaeiCar
[2023.05.08-02.27.52:755][237]LogActorComponent: RegisterComponentWithWorld: (/Engine/Transient.World_15:PersistentLevel.AnimationEditorPreviewActor_0.DebugSkelMeshComponent_0) Already registered. Aborting.
[2023.05.08-02.27.57:072][462]LogUObjectHash: Compacting FUObjectHashTables data took   1.53ms
[2023.05.08-02.28.00:883][462]LogSlate: Window 'Save Content' being destroyed
[2023.05.08-02.28.02:000][521]LogWorld: UWorld::CleanupWorld for World_15, bSessionEnded=true, bCleanupResources=true
[2023.05.08-02.28.02:000][521]LogSlate: InvalidateAllWidgets triggered.  All widgets were invalidated
[2023.05.08-02.28.02:006][521]LogWorld: UWorld::CleanupWorld for World_14, bSessionEnded=true, bCleanupResources=true
[2023.05.08-02.28.02:006][521]LogSlate: InvalidateAllWidgets triggered.  All widgets were invalidated
[2023.05.08-02.28.02:053][521]LogWorld: UWorld::CleanupWorld for World_16, bSessionEnded=true, bCleanupResources=true
[2023.05.08-02.28.02:054][521]LogSlate: InvalidateAllWidgets triggered.  All widgets were invalidated
[2023.05.08-02.28.19:498][497]LogUObjectHash: Compacting FUObjectHashTables data took   1.38ms
[2023.05.08-02.28.20:568][497]LogSlate: Window 'Save Content' being destroyed
[2023.05.08-02.28.20:615][497]LogSavePackage: Moving '../../../../../../Asus/Documents/GitHub/TheTroubleMakers/Unreal Engine Project/SpeedLimit_UniAzad/Saved/MaterialB23C7377467955E078454F983FB09A8D.tmp' to '../../../../../../Asus/Documents/GitHub/TheTroubleMakers/Unreal Engine Project/SpeedLimit_UniAzad/Content/TheTroubleMakers/FatemehMosaeiPour/MyCar2/Material.uasset'
[2023.05.08-02.28.20:628][497]LogSavePackage: Moving '../../../../../../Asus/Documents/GitHub/TheTroubleMakers/Unreal Engine Project/SpeedLimit_UniAzad/Saved/Material_00186B6C53C4C8BE053C0BD1AB0FEBD3622.tmp' to '../../../../../../Asus/Documents/GitHub/TheTroubleMakers/Unreal Engine Project/SpeedLimit_UniAzad/Content/TheTroubleMakers/FatemehMosaeiPour/MyCar2/Material_001.uasset'
[2023.05.08-02.28.20:642][497]LogSavePackage: Moving '../../../../../../Asus/Documents/GitHub/TheTroubleMakers/Unreal Engine Project/SpeedLimit_UniAzad/Saved/Material_0021339C24A42A5F4B15941B5BC17EE6E85.tmp' to '../../../../../../Asus/Documents/GitHub/TheTroubleMakers/Unreal Engine Project/SpeedLimit_UniAzad/Content/TheTroubleMakers/FatemehMosaeiPour/MyCar2/Material_002.uasset'
[2023.05.08-02.28.20:655][497]LogSavePackage: Moving '../../../../../../Asus/Documents/GitHub/TheTroubleMakers/Unreal Engine Project/SpeedLimit_UniAzad/Saved/Material_00353D8CA8E4644020CD9D5868A42F875CF.tmp' to '../../../../../../Asus/Documents/GitHub/TheTroubleMakers/Unreal Engine Project/SpeedLimit_UniAzad/Content/TheTroubleMakers/FatemehMosaeiPour/MyCar2/Material_003.uasset'
[2023.05.08-02.28.20:668][497]LogSavePackage: Moving '../../../../../../Asus/Documents/GitHub/TheTroubleMakers/Unreal Engine Project/SpeedLimit_UniAzad/Saved/Material_004FDD8C7C64AC0FF9979BD83B50B976F2B.tmp' to '../../../../../../Asus/Documents/GitHub/TheTroubleMakers/Unreal Engine Project/SpeedLimit_UniAzad/Content/TheTroubleMakers/FatemehMosaeiPour/MyCar2/Material_004.uasset'
[2023.05.08-02.28.20:682][497]LogSavePackage: Moving '../../../../../../Asus/Documents/GitHub/TheTroubleMakers/Unreal Engine Project/SpeedLimit_UniAzad/Saved/Material_0052EF15F79414298B5AB7F7FB77D95C3CF.tmp' to '../../../../../../Asus/Documents/GitHub/TheTroubleMakers/Unreal Engine Project/SpeedLimit_UniAzad/Content/TheTroubleMakers/FatemehMosaeiPour/MyCar/Material_005.uasset'
[2023.05.08-02.28.20:695][497]LogSavePackage: Moving '../../../../../../Asus/Documents/GitHub/TheTroubleMakers/Unreal Engine Project/SpeedLimit_UniAzad/Saved/Material_005E8B5226148EE604E68FB5699F18C9EC4.tmp' to '../../../../../../Asus/Documents/GitHub/TheTroubleMakers/Unreal Engine Project/SpeedLimit_UniAzad/Content/TheTroubleMakers/FatemehMosaeiPour/MyCar2/Material_005.uasset'
[2023.05.08-02.28.20:711][497]LogUObjectHash: Compacting FUObjectHashTables data took   1.62ms
[2023.05.08-02.28.20:784][497]LogSavePackage: Moving '../../../../../../Asus/Documents/GitHub/TheTroubleMakers/Unreal Engine Project/SpeedLimit_UniAzad/Saved/Minimal_DefaultAD1F188540829AD086ADB48B3EBBF6B9.tmp' to '../../../../../../Asus/Documents/GitHub/TheTroubleMakers/Unreal Engine Project/SpeedLimit_UniAzad/Content/StarterContent/Maps/Minimal_Default.umap'
[2023.05.08-02.28.20:792][497]LogFileHelpers: Saving map 'Minimal_Default' took 0.096
[2023.05.08-02.28.20:832][497]LogSavePackage: Moving '../../../../../../Asus/Documents/GitHub/TheTroubleMakers/Unreal Engine Project/SpeedLimit_UniAzad/Saved/MoosaeiCar_BPE5F84AA84DDFEA87FFA49386199E04A0.tmp' to '../../../../../../Asus/Documents/GitHub/TheTroubleMakers/Unreal Engine Project/SpeedLimit_UniAzad/Content/TheTroubleMakers/FatemehMosaeiPour/MoosaeiCar_BP.uasset'
[2023.05.08-02.28.20:852][497]LogSavePackage: Moving '../../../../../../Asus/Documents/GitHub/TheTroubleMakers/Unreal Engine Project/SpeedLimit_UniAzad/Saved/Mosaei_s_CarB01AED444A84AE7C1B573A9440BED683.tmp' to '../../../../../../Asus/Documents/GitHub/TheTroubleMakers/Unreal Engine Project/SpeedLimit_UniAzad/Content/TheTroubleMakers/FatemehMosaeiPour/MyCar2/Mosaei_s_Car.uasset'
[2023.05.08-02.28.20:866][497]LogSavePackage: Moving '../../../../../../Asus/Documents/GitHub/TheTroubleMakers/Unreal Engine Project/SpeedLimit_UniAzad/Saved/Mosaei_s_Car_PhysicsAsset81D8A0A346B1E9DA31529D932FAD9C41.tmp' to '../../../../../../Asus/Documents/GitHub/TheTroubleMakers/Unreal Engine Project/SpeedLimit_UniAzad/Content/TheTroubleMakers/FatemehMosaeiPour/MyCar2/Mosaei_s_Car_PhysicsAsset.uasset'
[2023.05.08-02.28.20:866][497]LogSavePackage: Moving '../../../../../../Asus/Documents/GitHub/TheTroubleMakers/Unreal Engine Project/SpeedLimit_UniAzad/Saved/Mosaei_s_Car_Skeleton7ADEB09448BAEA94783FA58CB47ABC41.tmp' to '../../../../../../Asus/Documents/GitHub/TheTroubleMakers/Unreal Engine Project/SpeedLimit_UniAzad/Content/TheTroubleMakers/FatemehMosaeiPour/MyCar2/Mosaei_s_Car_Skeleton.uasset'
[2023.05.08-02.28.20:909][497]LogWorld: UWorld::CleanupWorld for World_9, bSessionEnded=true, bCleanupResources=true
[2023.05.08-02.28.20:909][497]LogSlate: InvalidateAllWidgets triggered.  All widgets were invalidated
[2023.05.08-02.28.20:940][497]LogWorld: UWorld::CleanupWorld for World_10, bSessionEnded=true, bCleanupResources=true
[2023.05.08-02.28.20:940][497]LogSlate: InvalidateAllWidgets triggered.  All widgets were invalidated
[2023.05.08-02.28.20:968][497]LogWorld: UWorld::CleanupWorld for World_11, bSessionEnded=true, bCleanupResources=true
[2023.05.08-02.28.20:968][497]LogSlate: InvalidateAllWidgets triggered.  All widgets were invalidated
[2023.05.08-02.28.20:981][497]LogWorld: UWorld::CleanupWorld for World_12, bSessionEnded=true, bCleanupResources=true
[2023.05.08-02.28.20:981][497]LogSlate: InvalidateAllWidgets triggered.  All widgets were invalidated
[2023.05.08-02.28.21:036][497]LogSlate: Window 'SpeedLimit_UniAzad - Unreal Editor' being destroyed
[2023.05.08-02.28.21:120][497]AssetCheck: New page: Asset Save: multiple assets
[2023.05.08-02.28.21:120][497]LogContentValidation: Display: Validating Material /Game/TheTroubleMakers/FatemehMosaeiPour/MyCar/Material_005.Material_005
[2023.05.08-02.28.21:120][497]LogContentValidation: Display: Validating PhysicsAsset /Game/TheTroubleMakers/FatemehMosaeiPour/MyCar2/Mosaei_s_Car_PhysicsAsset.Mosaei_s_Car_PhysicsAsset
[2023.05.08-02.28.21:120][497]LogContentValidation: Display: Validating Skeleton /Game/TheTroubleMakers/FatemehMosaeiPour/MyCar2/Mosaei_s_Car_Skeleton.Mosaei_s_Car_Skeleton
[2023.05.08-02.28.21:120][497]LogContentValidation: Display: Validating Material /Game/TheTroubleMakers/FatemehMosaeiPour/MyCar2/Material_001.Material_001
[2023.05.08-02.28.21:120][497]LogContentValidation: Display: Validating Material /Game/TheTroubleMakers/FatemehMosaeiPour/MyCar2/Material_005.Material_005
[2023.05.08-02.28.21:120][497]LogContentValidation: Display: Validating Material /Game/TheTroubleMakers/FatemehMosaeiPour/MyCar2/Material_004.Material_004
[2023.05.08-02.28.21:120][497]LogContentValidation: Display: Validating Material /Game/TheTroubleMakers/FatemehMosaeiPour/MyCar2/Material_003.Material_003
[2023.05.08-02.28.21:120][497]LogContentValidation: Display: Validating Material /Game/TheTroubleMakers/FatemehMosaeiPour/MyCar2/Material_002.Material_002
[2023.05.08-02.28.21:120][497]LogContentValidation: Display: Validating Material /Game/TheTroubleMakers/FatemehMosaeiPour/MyCar2/Material.Material
[2023.05.08-02.28.21:120][497]LogContentValidation: Display: Validating Blueprint /Game/TheTroubleMakers/FatemehMosaeiPour/MoosaeiCar_BP.MoosaeiCar_BP
[2023.05.08-02.28.21:120][497]LogContentValidation: Display: Validating SkeletalMesh /Game/TheTroubleMakers/FatemehMosaeiPour/MyCar2/Mosaei_s_Car.Mosaei_s_Car
[2023.05.08-02.28.21:120][497]LogContentValidation: Display: Validating World /Game/StarterContent/Maps/Minimal_Default.Minimal_Default
[2023.05.08-02.28.21:121][498]Cmd: QUIT_EDITOR
[2023.05.08-02.28.21:121][498]LogCore: Engine exit requested (reason: UUnrealEdEngine::CloseEditor())
[2023.05.08-02.28.21:123][498]LogCore: Engine exit requested (reason: EngineExit() was called; note: exit was already requested)
[2023.05.08-02.28.21:126][498]LogAudio: Display: Beginning Audio Device Manager Shutdown (Module: AudioMixerXAudio2)...
[2023.05.08-02.28.21:126][498]LogAudio: Display: Destroying 1 Remaining Audio Device(s)...
[2023.05.08-02.28.21:126][498]LogAudio: Display: Audio Device unregistered from world 'Minimal_Default'.
[2023.05.08-02.28.21:126][498]LogAudioMixer: FMixerPlatformXAudio2::StopAudioStream() called
[2023.05.08-02.28.21:127][498]LogAudioMixer: FMixerPlatformXAudio2::StopAudioStream() called
[2023.05.08-02.28.21:148][498]LogAudio: Display: Audio Device Manager Shutdown
[2023.05.08-02.28.21:148][498]LogWindowsTextInputMethodSystem: Display: IME system deactivated.
[2023.05.08-02.28.21:152][498]LogExit: Preparing to exit.
[2023.05.08-02.28.21:712][498]LogUObjectHash: Compacting FUObjectHashTables data took   1.53ms
[2023.05.08-02.28.21:869][498]LogWorld: UWorld::CleanupWorld for World_17, bSessionEnded=true, bCleanupResources=true
[2023.05.08-02.28.21:871][498]LogWorld: UWorld::CleanupWorld for World_0, bSessionEnded=true, bCleanupResources=true
[2023.05.08-02.28.21:873][498]LogWorld: UWorld::CleanupWorld for World_4, bSessionEnded=true, bCleanupResources=true
[2023.05.08-02.28.21:875][498]LogWorld: UWorld::CleanupWorld for World_13, bSessionEnded=true, bCleanupResources=true
[2023.05.08-02.28.21:877][498]LogWorld: UWorld::CleanupWorld for World_3, bSessionEnded=true, bCleanupResources=true
[2023.05.08-02.28.21:878][498]LogWorld: UWorld::CleanupWorld for World_1, bSessionEnded=true, bCleanupResources=true
[2023.05.08-02.28.21:880][498]LogWorld: UWorld::CleanupWorld for World_2, bSessionEnded=true, bCleanupResources=true
[2023.05.08-02.28.21:884][498]LogDirectoryWatcher: Display: A directory notification failed, and we were unable to create a new request. GetLastError code [6] Handle [FFFFFFFFFFFFFFFF], Path [E:/Asus/Documents/GitHub/TheTroubleMakers/Unreal Engine Project/SpeedLimit_UniAzad/Content/] 
[2023.05.08-02.28.21:913][498]LogDemo: Cleaned up 0 splitscreen connections with owner deletion
[2023.05.08-02.28.21:918][498]LogWorld: UWorld::CleanupWorld for None, bSessionEnded=true, bCleanupResources=true
[2023.05.08-02.28.21:919][498]LogExit: Editor shut down
[2023.05.08-02.28.21:919][498]LogExit: Transaction tracking system shut down
[2023.05.08-02.28.22:239][498]LogExit: Object subsystem successfully closed.
[2023.05.08-02.28.22:250][498]LogShaderCompilers: Display: === FShaderJobCache stats ===
[2023.05.08-02.28.22:250][498]LogShaderCompilers: Display: Total job queries 486, among them cache hits 70 (14.40%)
[2023.05.08-02.28.22:250][498]LogShaderCompilers: Display: Tracking 224 distinct input hashes that result in 42 distinct outputs (18.75%)
[2023.05.08-02.28.22:250][498]LogShaderCompilers: Display: RAM used: 0.25 MB (0.00 GB) of 819.20 MB (0.80 GB) budget. Usage: 0.03%
[2023.05.08-02.28.22:250][498]LogShaderCompilers: Display: ================================================
[2023.05.08-02.28.22:265][498]LogShaderCompilers: Display: Shaders left to compile 0
[2023.05.08-02.28.22:274][498]LogModuleManager: Shutting down and abandoning module BlueprintGraph (878)
[2023.05.08-02.28.22:274][498]LogModuleManager: Shutting down and abandoning module PinnedCommandList (876)
[2023.05.08-02.28.22:274][498]LogModuleManager: Shutting down and abandoning module SkeletonEditor (874)
[2023.05.08-02.28.22:274][498]LogModuleManager: Shutting down and abandoning module PhysicsAssetEditor (872)
[2023.05.08-02.28.22:274][498]LogModuleManager: Shutting down and abandoning module HierarchicalLODOutliner (870)
[2023.05.08-02.28.22:274][498]LogModuleManager: Shutting down and abandoning module SceneOutliner (868)
[2023.05.08-02.28.22:274][498]LogModuleManager: Shutting down and abandoning module AddContentDialog (866)
[2023.05.08-02.28.22:275][498]LogModuleManager: Shutting down and abandoning module WidgetCarousel (865)
[2023.05.08-02.28.22:275][498]LogModuleManager: Shutting down and abandoning module EditorWidgets (862)
[2023.05.08-02.28.22:275][498]LogModuleManager: Shutting down and abandoning module StatsViewer (860)
[2023.05.08-02.28.22:275][498]LogModuleManager: Shutting down and abandoning module PIEPreviewDeviceProfileSelector (858)
[2023.05.08-02.28.22:275][498]LogModuleManager: Shutting down and abandoning module SequenceRecorderSections (856)
[2023.05.08-02.28.22:275][498]LogModuleManager: Shutting down and abandoning module AutomationWorker (854)
[2023.05.08-02.28.22:275][498]LogModuleManager: Shutting down and abandoning module SteamVREditor (852)
[2023.05.08-02.28.22:275][498]LogModuleManager: Shutting down and abandoning module OculusMR (850)
[2023.05.08-02.28.22:275][498]LogModuleManager: Shutting down and abandoning module TakeRecorderSources (848)
[2023.05.08-02.28.22:275][498]LogModuleManager: Shutting down and abandoning module TakeRecorder (847)
[2023.05.08-02.28.22:275][498]LogModuleManager: Shutting down and abandoning module TakeTrackRecorders (844)
[2023.05.08-02.28.22:275][498]LogModuleManager: Shutting down and abandoning module TakesCore (842)
[2023.05.08-02.28.22:275][498]LogModuleManager: Shutting down and abandoning module OpenXRInput (840)
[2023.05.08-02.28.22:275][498]LogModuleManager: Shutting down and abandoning module GooglePADEditor (838)
[2023.05.08-02.28.22:275][498]LogModuleManager: Shutting down and abandoning module AudioCaptureEditor (836)
[2023.05.08-02.28.22:275][498]LogModuleManager: Shutting down and abandoning module TemplateSequenceEditor (834)
[2023.05.08-02.28.22:275][498]LogModuleManager: Shutting down and abandoning module MatineeToLevelSequence (832)
[2023.05.08-02.28.22:275][498]LogModuleManager: Shutting down and abandoning module ActorSequenceEditor (830)
[2023.05.08-02.28.22:275][498]LogModuleManager: Shutting down and abandoning module LevelSequenceEditor (828)
[2023.05.08-02.28.22:275][498]LogModuleManager: Shutting down and abandoning module WmfMediaFactory (826)
[2023.05.08-02.28.22:275][498]LogModuleManager: Shutting down and abandoning module WmfMediaEditor (824)
[2023.05.08-02.28.22:275][498]LogModuleManager: Shutting down and abandoning module WebMMediaFactory (822)
[2023.05.08-02.28.22:275][498]LogModuleManager: Shutting down and abandoning module WebMMediaEditor (820)
[2023.05.08-02.28.22:275][498]LogModuleManager: Shutting down and abandoning module WebMMedia (818)
[2023.05.08-02.28.22:275][498]LogModuleManager: Shutting down and abandoning module MediaPlayerEditor (816)
[2023.05.08-02.28.22:275][498]LogModuleManager: Shutting down and abandoning module MediaCompositingEditor (814)
[2023.05.08-02.28.22:275][498]LogModuleManager: Shutting down and abandoning module SequenceRecorder (813)
[2023.05.08-02.28.22:275][498]LogModuleManager: Shutting down and abandoning module OpenExrWrapper (810)
[2023.05.08-02.28.22:275][498]LogModuleManager: Shutting down and abandoning module ImgMediaFactory (808)
[2023.05.08-02.28.22:275][498]LogModuleManager: Shutting down and abandoning module ImgMediaEditor (806)
[2023.05.08-02.28.22:275][498]LogModuleManager: Shutting down and abandoning module AvfMediaFactory (804)
[2023.05.08-02.28.22:275][498]LogModuleManager: Shutting down and abandoning module AvfMediaEditor (802)
[2023.05.08-02.28.22:275][498]LogModuleManager: Shutting down and abandoning module AndroidMediaFactory (800)
[2023.05.08-02.28.22:275][498]LogModuleManager: Shutting down and abandoning module AndroidMediaEditor (798)
[2023.05.08-02.28.22:275][498]LogModuleManager: Shutting down and abandoning module MagicLeapMediaCodecFactory (796)
[2023.05.08-02.28.22:275][498]LogModuleManager: Shutting down and abandoning module MagicLeapMediaFactory (794)
[2023.05.08-02.28.22:275][498]LogModuleManager: Shutting down and abandoning module MagicLeapMediaEditor (792)
[2023.05.08-02.28.22:275][498]LogModuleManager: Shutting down and abandoning module PlanarCut (790)
[2023.05.08-02.28.22:275][498]LogModuleManager: Shutting down and abandoning module CharacterAI (788)
[2023.05.08-02.28.22:275][498]LogModuleManager: Shutting down and abandoning module TextureAlignMode (786)
[2023.05.08-02.28.22:275][498]LogModuleManager: Shutting down and abandoning module BspMode (784)
[2023.05.08-02.28.22:275][498]LogModuleManager: Shutting down and abandoning module GeometryMode (782)
[2023.05.08-02.28.22:275][498]LogModuleManager: Shutting down and abandoning module CameraShakePreviewer (780)
[2023.05.08-02.28.22:275][498]LogModuleManager: Shutting down and abandoning module SmartSnapping (778)
[2023.05.08-02.28.22:275][498]LogModuleManager: Shutting down and abandoning module SessionServices (776)
[2023.05.08-02.28.22:275][498]LogModuleManager: Shutting down and abandoning module MeshPaint (774)
[2023.05.08-02.28.22:275][498]LogModuleManager: Shutting down and abandoning module VirtualTexturingEditor (772)
[2023.05.08-02.28.22:275][498]LogModuleManager: Shutting down and abandoning module FoliageEdit (770)
[2023.05.08-02.28.22:275][498]LogModuleManager: Shutting down and abandoning module LandscapeEditor (768)
[2023.05.08-02.28.22:276][498]LogModuleManager: Shutting down and abandoning module MeshPaintMode (766)
[2023.05.08-02.28.22:276][498]LogModuleManager: Shutting down and abandoning module SceneDepthPickerMode (764)
[2023.05.08-02.28.22:276][498]LogModuleManager: Shutting down and abandoning module ActorPickerMode (762)
[2023.05.08-02.28.22:276][498]LogModuleManager: Shutting down and abandoning module PlacementMode (760)
[2023.05.08-02.28.22:276][498]LogModuleManager: Shutting down and abandoning module ViewportSnapping (758)
[2023.05.08-02.28.22:276][498]LogModuleManager: Shutting down and abandoning module ViewportInteraction (756)
[2023.05.08-02.28.22:276][498]LogModuleManager: Shutting down and abandoning module ClothPainter (754)
[2023.05.08-02.28.22:276][498]LogModuleManager: Shutting down and abandoning module SkeletalMeshEditor (753)
[2023.05.08-02.28.22:276][498]LogModuleManager: Shutting down and abandoning module LogVisualizer (750)
[2023.05.08-02.28.22:276][498]LogModuleManager: Shutting down and abandoning module IntroTutorials (748)
[2023.05.08-02.28.22:276][498]LogModuleManager: Shutting down and abandoning module GameProjectGeneration (747)
[2023.05.08-02.28.22:276][498]LogModuleManager: Shutting down and abandoning module LuminPlatformEditor (744)
[2023.05.08-02.28.22:276][498]LogModuleManager: Shutting down and abandoning module IOSPlatformEditor (742)
[2023.05.08-02.28.22:276][498]LogModuleManager: Shutting down and abandoning module AndroidPlatformEditor (740)
[2023.05.08-02.28.22:276][498]LogModuleManager: Shutting down and abandoning module AndroidDeviceDetection (739)
[2023.05.08-02.28.22:843][498]LogModuleManager: Shutting down and abandoning module WindowsPlatformEditor (736)
[2023.05.08-02.28.22:843][498]LogModuleManager: Shutting down and abandoning module LuminRuntimeSettings (734)
[2023.05.08-02.28.22:843][498]LogModuleManager: Shutting down and abandoning module IOSRuntimeSettings (732)
[2023.05.08-02.28.22:843][498]LogModuleManager: Shutting down and abandoning module AndroidRuntimeSettings (730)
[2023.05.08-02.28.22:843][498]LogModuleManager: Shutting down and abandoning module TraceInsights (728)
[2023.05.08-02.28.22:843][498]MemoryProfiler: Shutdown
[2023.05.08-02.28.22:843][498]NetworkingProfiler: Shutdown
[2023.05.08-02.28.22:843][498]LoadingProfiler: Shutdown
[2023.05.08-02.28.22:843][498]TimingProfiler: Shutdown
[2023.05.08-02.28.22:843][498]LogModuleManager: Shutting down and abandoning module TraceServices (727)
[2023.05.08-02.28.22:844][498]LogModuleManager: Shutting down and abandoning module EditorInteractiveToolsFramework (724)
[2023.05.08-02.28.22:844][498]LogModuleManager: Shutting down and abandoning module TimeManagementEditor (722)
[2023.05.08-02.28.22:844][498]LogModuleManager: Shutting down and abandoning module InputBindingEditor (720)
[2023.05.08-02.28.22:844][498]LogModuleManager: Shutting down and abandoning module MergeActors (718)
[2023.05.08-02.28.22:844][498]LogModuleManager: Shutting down and abandoning module LocalizationDashboard (716)
[2023.05.08-02.28.22:844][498]LogModuleManager: Shutting down and abandoning module LocalizationService (715)
[2023.05.08-02.28.22:844][498]LogModuleManager: Shutting down and abandoning module HardwareTargeting (712)
[2023.05.08-02.28.22:844][498]LogModuleManager: Shutting down and abandoning module DeviceProfileEditor (710)
[2023.05.08-02.28.22:844][498]LogModuleManager: Shutting down and abandoning module UndoHistory (708)
[2023.05.08-02.28.22:844][498]LogModuleManager: Shutting down and abandoning module XmlParser (706)
[2023.05.08-02.28.22:844][498]LogModuleManager: Shutting down and abandoning module Blutility (704)
[2023.05.08-02.28.22:844][498]LogModuleManager: Shutting down and abandoning module ProjectSettingsViewer (702)
[2023.05.08-02.28.22:844][498]LogModuleManager: Shutting down and abandoning module ProjectTargetPlatformEditor (701)
[2023.05.08-02.28.22:844][498]LogModuleManager: Shutting down and abandoning module EditorSettingsViewer (698)
[2023.05.08-02.28.22:844][498]LogModuleManager: Shutting down and abandoning module InternationalizationSettings (697)
[2023.05.08-02.28.22:844][498]LogModuleManager: Shutting down and abandoning module SettingsEditor (694)
[2023.05.08-02.28.22:844][498]LogModuleManager: Shutting down and abandoning module ProjectLauncher (692)
[2023.05.08-02.28.22:844][498]LogModuleManager: Shutting down and abandoning module SessionFrontend (690)
[2023.05.08-02.28.22:844][498]LogModuleManager: Shutting down and abandoning module ProfilerClient (688)
[2023.05.08-02.28.22:844][498]LogModuleManager: Shutting down and abandoning module DeviceManager (686)
[2023.05.08-02.28.22:844][498]LogModuleManager: Shutting down and abandoning module TargetDeviceServices (685)
[2023.05.08-02.28.22:877][498]LogModuleManager: Shutting down and abandoning module AutomationController (682)
[2023.05.08-02.28.22:877][498]LogModuleManager: Shutting down and abandoning module AutomationWindow (680)
[2023.05.08-02.28.22:877][498]LogModuleManager: Shutting down and abandoning module Layers (678)
[2023.05.08-02.28.22:877][498]LogModuleManager: Shutting down and abandoning module ComponentVisualizers (676)
[2023.05.08-02.28.22:877][498]LogModuleManager: Shutting down and abandoning module DetailCustomizations (674)
[2023.05.08-02.28.22:877][498]LogModuleManager: Shutting down and abandoning module PackagesDialog (672)
[2023.05.08-02.28.22:877][498]LogModuleManager: Shutting down and abandoning module AnimationBlueprintEditor (670)
[2023.05.08-02.28.22:877][498]LogModuleManager: Shutting down and abandoning module Persona (668)
[2023.05.08-02.28.22:877][498]LogModuleManager: Shutting down and abandoning module AdvancedPreviewScene (667)
[2023.05.08-02.28.22:877][498]LogModuleManager: Shutting down and abandoning module AnimGraph (665)
[2023.05.08-02.28.22:877][498]LogModuleManager: Shutting down and abandoning module Kismet (662)
[2023.05.08-02.28.22:882][498]LogModuleManager: Shutting down and abandoning module KismetWidgets (661)
[2023.05.08-02.28.22:882][498]LogModuleManager: Shutting down and abandoning module GraphEditor (658)
[2023.05.08-02.28.22:882][498]LogModuleManager: Shutting down and abandoning module StructViewer (656)
[2023.05.08-02.28.22:882][498]LogModuleManager: Shutting down and abandoning module ClassViewer (654)
[2023.05.08-02.28.22:882][498]LogModuleManager: Shutting down and abandoning module Toolbox (652)
[2023.05.08-02.28.22:882][498]LogModuleManager: Shutting down and abandoning module ModuleUI (650)
[2023.05.08-02.28.22:882][498]LogModuleManager: Shutting down and abandoning module OutputLog (648)
[2023.05.08-02.28.22:882][498]LogModuleManager: Shutting down and abandoning module GammaUI (646)
[2023.05.08-02.28.22:882][498]LogModuleManager: Shutting down and abandoning module Documentation (644)
[2023.05.08-02.28.22:882][498]LogModuleManager: Shutting down and abandoning module LiveCoding (642)
[2023.05.08-02.28.22:882][498]LogModuleManager: Shutting down and abandoning module LevelSequence (640)
[2023.05.08-02.28.22:882][498]LogModuleManager: Shutting down and abandoning module MovieSceneTracks (638)
[2023.05.08-02.28.22:882][498]LogModuleManager: Shutting down and abandoning module MovieScene (636)
[2023.05.08-02.28.22:882][498]LogModuleManager: Shutting down and abandoning module StreamingPauseRendering (634)
[2023.05.08-02.28.22:882][498]LogModuleManager: Shutting down and abandoning module LauncherPlatform (632)
[2023.05.08-02.28.22:882][498]LogModuleManager: Shutting down and abandoning module AnalyticsET (630)
[2023.05.08-02.28.22:882][498]LogModuleManager: Shutting down and abandoning module PortalServices (628)
[2023.05.08-02.28.22:882][498]LogModuleManager: Shutting down and abandoning module PortalRpc (626)
[2023.05.08-02.28.22:882][498]LogModuleManager: Shutting down and abandoning module MessagingRpc (624)
[2023.05.08-02.28.22:882][498]LogModuleManager: Shutting down and abandoning module AudioMixerXAudio2 (622)
[2023.05.08-02.28.22:882][498]LogModuleManager: Shutting down and abandoning module AudioMixerCore (621)
[2023.05.08-02.28.22:882][498]LogModuleManager: Shutting down and abandoning module AIModule (618)
[2023.05.08-02.28.22:882][498]LogModuleManager: Shutting down and abandoning module GameplayDebugger (617)
[2023.05.08-02.28.22:882][498]LogModuleManager: Shutting down and abandoning module AITestSuite (615)
[2023.05.08-02.28.22:882][498]LogModuleManager: Shutting down and abandoning module NavigationSystem (613)
[2023.05.08-02.28.22:882][498]LogModuleManager: Shutting down and abandoning module ImageWriteQueue (610)
[2023.05.08-02.28.22:882][498]LogModuleManager: Shutting down and abandoning module ProfilerService (608)
[2023.05.08-02.28.22:983][498]LogModuleManager: Shutting down and abandoning module TaskGraph (606)
[2023.05.08-02.28.22:983][498]LogModuleManager: Shutting down and abandoning module AudioSynesthesiaEditor (604)
[2023.05.08-02.28.22:983][498]LogModuleManager: Shutting down and abandoning module OculusEditor (602)
[2023.05.08-02.28.22:984][498]LogModuleManager: Shutting down and abandoning module OculusInput (600)
[2023.05.08-02.28.22:984][498]LogModuleManager: Shutting down and abandoning module ContentBrowserFileDataSource (598)
[2023.05.08-02.28.22:984][498]LogModuleManager: Shutting down and abandoning module ContentBrowserClassDataSource (596)
[2023.05.08-02.28.22:984][498]LogModuleManager: Shutting down and abandoning module ContentBrowserAssetDataSource (594)
[2023.05.08-02.28.22:984][498]LogModuleManager: Shutting down and abandoning module CollectionManager (593)
[2023.05.08-02.28.22:984][498]LogModuleManager: Shutting down and abandoning module TakeSequencer (590)
[2023.05.08-02.28.22:984][498]LogModuleManager: Shutting down and abandoning module TakeMovieScene (588)
[2023.05.08-02.28.22:984][498]LogModuleManager: Shutting down and abandoning module SynthesisEditor (586)
[2023.05.08-02.28.22:984][498]LogModuleManager: Shutting down and abandoning module Synthesis (584)
[2023.05.08-02.28.22:984][498]LogModuleManager: Shutting down and abandoning module ProceduralMeshComponentEditor (582)
[2023.05.08-02.28.22:984][498]LogModuleManager: Shutting down and abandoning module ProceduralMeshComponent (580)
[2023.05.08-02.28.22:984][498]LogModuleManager: Shutting down and abandoning module ScreenshotTools (578)
[2023.05.08-02.28.22:984][498]LogModuleManager: Shutting down and abandoning module OpenXREditor (576)
[2023.05.08-02.28.22:984][498]LogModuleManager: Shutting down and abandoning module MobilePatchingUtils (574)
[2023.05.08-02.28.22:984][498]LogModuleManager: Shutting down and abandoning module GooglePAD (572)
[2023.05.08-02.28.22:984][498]LogModuleManager: Shutting down and abandoning module EditableMesh (570)
[2023.05.08-02.28.22:984][498]LogModuleManager: Shutting down and abandoning module CustomMeshComponent (568)
[2023.05.08-02.28.22:984][498]LogModuleManager: Shutting down and abandoning module CableComponent (566)
[2023.05.08-02.28.22:984][498]LogModuleManager: Shutting down and abandoning module AssetTags (564)
[2023.05.08-02.28.22:984][498]LogModuleManager: Shutting down and abandoning module ArchVisCharacter (562)
[2023.05.08-02.28.22:984][498]LogModuleManager: Shutting down and abandoning module AudioCapture (560)
[2023.05.08-02.28.22:984][498]LogModuleManager: Shutting down and abandoning module AudioCaptureRtAudio (559)
[2023.05.08-02.28.22:984][498]LogModuleManager: Shutting down and abandoning module AppleImageUtilsBlueprintSupport (556)
[2023.05.08-02.28.22:984][498]LogModuleManager: Shutting down and abandoning module AppleImageUtils (554)
[2023.05.08-02.28.22:984][498]LogModuleManager: Shutting down and abandoning module AndroidPermission (552)
[2023.05.08-02.28.22:984][498]LogModuleManager: Shutting down and abandoning module ActorLayerUtilitiesEditor (550)
[2023.05.08-02.28.22:984][498]LogModuleManager: Shutting down and abandoning module ActorLayerUtilities (548)
[2023.05.08-02.28.22:984][498]LogModuleManager: Shutting down and abandoning module TemplateSequence (546)
[2023.05.08-02.28.22:984][498]LogModuleManager: Shutting down and abandoning module MediaCompositing (544)
[2023.05.08-02.28.22:984][498]LogModuleManager: Shutting down and abandoning module ImgMedia (542)
[2023.05.08-02.28.22:984][498]LogModuleManager: Shutting down and abandoning module MagicLeapSharedWorld (540)
[2023.05.08-02.28.22:984][498]LogModuleManager: Shutting down and abandoning module MagicLeapLightEstimation (538)
[2023.05.08-02.28.22:984][498]LogModuleManager: Shutting down and abandoning module MagicLeapHelperVulkan (536)
[2023.05.08-02.28.22:984][498]LogModuleManager: Shutting down and abandoning module MagicLeapHelperOpenGL (534)
[2023.05.08-02.28.22:984][498]LogModuleManager: Shutting down and abandoning module MagicLeapAudio (532)
[2023.05.08-02.28.22:984][498]LogModuleManager: Shutting down and abandoning module OpenImageDenoise (530)
[2023.05.08-02.28.22:984][498]LogOpenImageDenoise: OIDN shutting down
[2023.05.08-02.28.22:984][498]LogModuleManager: Shutting down and abandoning module MotoSynthEditor (528)
[2023.05.08-02.28.22:984][498]LogModuleManager: Shutting down and abandoning module MotoSynth (526)
[2023.05.08-02.28.22:984][498]LogModuleManager: Shutting down and abandoning module MeshConversion (524)
[2023.05.08-02.28.22:984][498]LogModuleManager: Shutting down and abandoning module DynamicMesh (522)
[2023.05.08-02.28.22:984][498]LogModuleManager: Shutting down and abandoning module GeometryAlgorithms (520)
[2023.05.08-02.28.22:984][498]LogModuleManager: Shutting down and abandoning module GeometricObjects (518)
[2023.05.08-02.28.22:984][498]LogModuleManager: Shutting down and abandoning module NiagaraEditorWidgets (516)
[2023.05.08-02.28.22:985][498]LogModuleManager: Shutting down and abandoning module GeometryCollectionTracks (514)
[2023.05.08-02.28.22:985][498]LogModuleManager: Shutting down and abandoning module GeometryCollectionSequencer (513)
[2023.05.08-02.28.22:985][498]LogModuleManager: Shutting down and abandoning module GeometryCollectionEditor (510)
[2023.05.08-02.28.22:985][498]LogModuleManager: Shutting down and abandoning module GeometryCacheTracks (508)
[2023.05.08-02.28.22:985][498]LogModuleManager: Shutting down and abandoning module GeometryCacheStreamer (506)
[2023.05.08-02.28.22:985][498]LogModuleManager: Shutting down and abandoning module GeometryCacheSequencer (504)
[2023.05.08-02.28.22:985][498]LogModuleManager: Shutting down and abandoning module ChaosNiagara (502)
[2023.05.08-02.28.22:985][498]LogModuleManager: Shutting down and abandoning module ChaosSolverEditor (500)
[2023.05.08-02.28.22:985][498]LogModuleManager: Shutting down and abandoning module FractureEditor (498)
[2023.05.08-02.28.22:985][498]LogModuleManager: Shutting down and abandoning module FieldSystemEngine (497)
[2023.05.08-02.28.22:985][498]LogModuleManager: Shutting down and abandoning module ChaosClothEditor (494)
[2023.05.08-02.28.22:985][498]LogModuleManager: Shutting down and abandoning module BackChannel (492)
[2023.05.08-02.28.22:985][498]LogModuleManager: Shutting down and abandoning module AutomationUtilsEditor (490)
[2023.05.08-02.28.22:985][498]LogModuleManager: Shutting down and abandoning module AutomationUtils (488)
[2023.05.08-02.28.22:985][498]LogModuleManager: Shutting down and abandoning module AlembicImporter (486)
[2023.05.08-02.28.22:985][498]LogModuleManager: Shutting down and abandoning module AlembicLibrary (485)
[2023.05.08-02.28.22:985][498]LogModuleManager: Shutting down and abandoning module GeometryCache (484)
[2023.05.08-02.28.22:985][498]LogModuleManager: Shutting down and abandoning module GeometryCacheEd (483)
[2023.05.08-02.28.22:985][498]LogModuleManager: Shutting down and abandoning module VisualStudioCodeSourceCodeAccess (478)
[2023.05.08-02.28.22:985][498]LogModuleManager: Shutting down and abandoning module UObjectPlugin (476)
[2023.05.08-02.28.22:985][498]LogModuleManager: Shutting down and abandoning module VisualStudioSourceCodeAccess (474)
[2023.05.08-02.28.22:985][498]LogModuleManager: Shutting down and abandoning module RiderSourceCodeAccess (472)
[2023.05.08-02.28.22:985][498]LogModuleManager: Shutting down and abandoning module SubversionSourceControl (470)
[2023.05.08-02.28.22:985][498]LogModuleManager: Shutting down and abandoning module PerforceSourceControl (468)
[2023.05.08-02.28.22:985][498]LogModuleManager: Shutting down and abandoning module PluginUtils (466)
[2023.05.08-02.28.22:985][498]LogModuleManager: Shutting down and abandoning module PlasticSourceControl (464)
[2023.05.08-02.28.22:986][498]LogModuleManager: Shutting down and abandoning module GitSourceControl (462)
[2023.05.08-02.28.22:986][498]LogModuleManager: Shutting down and abandoning module SourceControl (461)
[2023.05.08-02.28.22:986][498]LogModuleManager: Shutting down and abandoning module SpeedTreeImporter (458)
[2023.05.08-02.28.22:986][498]LogModuleManager: Shutting down and abandoning module CLionSourceCodeAccess (456)
[2023.05.08-02.28.22:986][498]LogModuleManager: Shutting down and abandoning module MaterialAnalyzer (454)
[2023.05.08-02.28.22:986][498]LogModuleManager: Shutting down and abandoning module PluginBrowser (452)
[2023.05.08-02.28.22:986][498]LogModuleManager: Shutting down and abandoning module MobileLauncherProfileWizard (450)
[2023.05.08-02.28.22:986][498]LogModuleManager: Shutting down and abandoning module AnimationSharingEd (448)
[2023.05.08-02.28.22:986][498]LogModuleManager: Shutting down and abandoning module CurveEditorTools (446)
[2023.05.08-02.28.22:986][498]LogModuleManager: Shutting down and abandoning module CryptoKeysOpenSSL (444)
[2023.05.08-02.28.22:986][498]LogModuleManager: Shutting down and abandoning module CryptoKeys (442)
[2023.05.08-02.28.22:986][498]LogModuleManager: Shutting down and abandoning module VariantManagerContentEditor (440)
[2023.05.08-02.28.22:986][498]LogModuleManager: Shutting down and abandoning module DatasmithContentEditor (438)
[2023.05.08-02.28.22:986][498]LogModuleManager: Shutting down and abandoning module OodleNetworkHandlerComponent (436)
[2023.05.08-02.28.22:986][498]LogModuleManager: Shutting down and abandoning module GameplayCameras (434)
[2023.05.08-02.28.22:986][498]LogModuleManager: Shutting down and abandoning module LiveLinkSequencer (432)
[2023.05.08-02.28.22:986][498]LogModuleManager: Shutting down and abandoning module LiveLinkMovieScene (430)
[2023.05.08-02.28.22:986][498]LogModuleManager: Shutting down and abandoning module LiveLinkGraphNode (428)
[2023.05.08-02.28.22:986][498]LogModuleManager: Shutting down and abandoning module LiveLinkEditor (426)
[2023.05.08-02.28.22:986][498]LogModuleManager: Shutting down and abandoning module LiveLinkComponents (424)
[2023.05.08-02.28.22:986][498]LogModuleManager: Shutting down and abandoning module LiveLink (422)
[2023.05.08-02.28.23:762][498]LogModuleManager: Shutting down and abandoning module LightPropagationVolumeEditor (420)
[2023.05.08-02.28.23:762][498]LogModuleManager: Shutting down and abandoning module PaperTiledImporter (418)
[2023.05.08-02.28.23:762][498]LogModuleManager: Shutting down and abandoning module PaperSpriteSheetImporter (416)
[2023.05.08-02.28.23:762][498]LogModuleManager: Shutting down and abandoning module Paper2DEditor (414)
[2023.05.08-02.28.23:762][498]LogModuleManager: Shutting down and abandoning module MeshPaintingToolset (412)
[2023.05.08-02.28.23:762][498]LogModuleManager: Shutting down and abandoning module MeshPaintEditorMode (410)
[2023.05.08-02.28.23:762][498]LogModuleManager: Shutting down and abandoning module SoundFields (408)
[2023.05.08-02.28.23:763][498]LogModuleManager: Shutting down and abandoning module SignificanceManager (406)
[2023.05.08-02.28.23:763][498]LogModuleManager: Shutting down and abandoning module RuntimePhysXCooking (404)
[2023.05.08-02.28.23:763][498]LogModuleManager: Shutting down and abandoning module PropertyAccessEditor (402)
[2023.05.08-02.28.23:763][498]LogModuleManager: Shutting down and abandoning module PhysXVehiclesEditor (400)
[2023.05.08-02.28.23:763][498]LogModuleManager: Shutting down and abandoning module LocationServicesBPLibrary (396)
[2023.05.08-02.28.23:763][498]LogModuleManager: Shutting down and abandoning module AudioSynesthesia (394)
[2023.05.08-02.28.23:763][498]LogModuleManager: Shutting down and abandoning module AudioSynesthesiaCore (392)
[2023.05.08-02.28.23:763][498]LogModuleManager: Shutting down and abandoning module ActorSequence (390)
[2023.05.08-02.28.23:763][498]LogModuleManager: Shutting down and abandoning module UdpMessaging (388)
[2023.05.08-02.28.23:864][498]LogModuleManager: Shutting down and abandoning module TcpMessaging (386)
[2023.05.08-02.28.23:965][498]LogModuleManager: Shutting down and abandoning module ImgMediaEngine (384)
[2023.05.08-02.28.23:965][498]LogModuleManager: Shutting down and abandoning module MagicLeapARPin (382)
[2023.05.08-02.28.23:965][498]LogModuleManager: Shutting down and abandoning module MagicLeapHandMeshing (380)
[2023.05.08-02.28.23:965][498]LogModuleManager: Shutting down and abandoning module MagicLeapSecureStorage (378)
[2023.05.08-02.28.23:965][498]LogModuleManager: Shutting down and abandoning module MagicLeapPrivileges (376)
[2023.05.08-02.28.23:965][498]LogModuleManager: Shutting down and abandoning module MagicLeapPlanes (374)
[2023.05.08-02.28.23:965][498]LogMagicLeapPlanes: Planes tracker already destroyed.
[2023.05.08-02.28.23:965][498]LogModuleManager: Shutting down and abandoning module MagicLeapImageTracker (372)
[2023.05.08-02.28.23:965][498]LogModuleManager: Shutting down and abandoning module MagicLeapIdentity (370)
[2023.05.08-02.28.23:965][498]LogModuleManager: Shutting down and abandoning module MagicLeapHandTracking (368)
[2023.05.08-02.28.23:965][498]LogModuleManager: Shutting down and abandoning module MagicLeapEyeTracker (366)
[2023.05.08-02.28.23:965][498]LogModuleManager: Shutting down and abandoning module MagicLeapController (364)
[2023.05.08-02.28.23:965][498]LogModuleManager: Shutting down and abandoning module MagicLeapARPinImpl (362)
[2023.05.08-02.28.23:965][498]LogModuleManager: Shutting down and abandoning module MagicLeapAR (360)
[2023.05.08-02.28.23:965][498]LogModuleManager: Shutting down and abandoning module PythonScriptPlugin (358)
[2023.05.08-02.28.23:965][498]LogModuleManager: Shutting down and abandoning module NiagaraAnimNotifies (356)
[2023.05.08-02.28.23:965][498]LogModuleManager: Shutting down and abandoning module Niagara (354)
[2023.05.08-02.28.23:965][498]LogModuleManager: Shutting down and abandoning module SignalProcessing (353)
[2023.05.08-02.28.23:965][498]LogModuleManager: Shutting down and abandoning module NiagaraEditor (351)
[2023.05.08-02.28.23:965][498]LogModuleManager: Shutting down and abandoning module NiagaraCore (348)
[2023.05.08-02.28.23:965][498]LogModuleManager: Shutting down and abandoning module PropertyAccessNode (346)
[2023.05.08-02.28.23:965][498]LogModuleManager: Shutting down and abandoning module AnimationSharing (344)
[2023.05.08-02.28.23:965][498]LogModuleManager: Shutting down and abandoning module GameplayTagsEditor (342)
[2023.05.08-02.28.23:965][498]LogModuleManager: Shutting down and abandoning module DataValidation (340)
[2023.05.08-02.28.23:965][498]LogModuleManager: Shutting down and abandoning module FacialAnimationEditor (338)
[2023.05.08-02.28.23:965][498]LogModuleManager: Shutting down and abandoning module FacialAnimation (336)
[2023.05.08-02.28.23:965][498]LogModuleManager: Shutting down and abandoning module AssetManagerEditor (334)
[2023.05.08-02.28.23:965][498]LogModuleManager: Shutting down and abandoning module LevelEditor (333)
[2023.05.08-02.28.23:966][498]LogModuleManager: Shutting down and abandoning module PixelInspectorModule (332)
[2023.05.08-02.28.23:966][498]LogModuleManager: Shutting down and abandoning module CommonMenuExtensions (330)
[2023.05.08-02.28.23:966][498]LogModuleManager: Shutting down and abandoning module MainFrame (328)
[2023.05.08-02.28.23:966][498]LogModuleManager: Shutting down and abandoning module HotReload (327)
[2023.05.08-02.28.23:966][498]LogModuleManager: Shutting down and abandoning module ToolMenus (323)
[2023.05.08-02.28.23:966][498]LogModuleManager: Shutting down and abandoning module ContentBrowser (321)
[2023.05.08-02.28.23:966][498]LogModuleManager: Shutting down and abandoning module ContentBrowserData (320)
[2023.05.08-02.28.23:966][498]LogModuleManager: Shutting down and abandoning module TreeMap (317)
[2023.05.08-02.28.23:966][498]LogModuleManager: Shutting down and abandoning module LightPropagationVolumeRuntime (314)
[2023.05.08-02.28.23:966][498]LogModuleManager: Shutting down and abandoning module EnvironmentQueryEditor (312)
[2023.05.08-02.28.23:966][498]LogModuleManager: Shutting down and abandoning module Paper2D (310)
[2023.05.08-02.28.23:966][498]LogModuleManager: Shutting down and abandoning module WindowsMoviePlayer (308)
[2023.05.08-02.28.23:968][498]LogModuleManager: Shutting down and abandoning module WebMMoviePlayer (306)
[2023.05.08-02.28.23:968][498]LogModuleManager: Shutting down and abandoning module NetworkReplayStreaming (304)
[2023.05.08-02.28.23:968][498]LogModuleManager: Shutting down and abandoning module PacketHandler (302)
[2023.05.08-02.28.23:968][498]LogModuleManager: Shutting down and abandoning module ClothingSystemEditor (300)
[2023.05.08-02.28.23:968][498]LogModuleManager: Shutting down and abandoning module ClothingSystemRuntimeNv (298)
[2023.05.08-02.28.23:968][498]LogModuleManager: Shutting down and abandoning module MediaAssets (296)
[2023.05.08-02.28.23:968][498]LogModuleManager: Shutting down and abandoning module Overlay (294)
[2023.05.08-02.28.23:968][498]LogModuleManager: Shutting down and abandoning module OverlayEditor (293)
[2023.05.08-02.28.23:968][498]LogModuleManager: Shutting down and abandoning module VREditor (290)
[2023.05.08-02.28.23:968][498]LogModuleManager: Shutting down and abandoning module StringTableEditor (288)
[2023.05.08-02.28.23:968][498]LogModuleManager: Shutting down and abandoning module GameplayTasksEditor (286)
[2023.05.08-02.28.23:968][498]LogModuleManager: Shutting down and abandoning module BehaviorTreeEditor (284)
[2023.05.08-02.28.23:968][498]LogModuleManager: Shutting down and abandoning module FunctionalTesting (282)
[2023.05.08-02.28.23:968][498]LogModuleManager: Shutting down and abandoning module CollisionAnalyzer (280)
[2023.05.08-02.28.23:968][498]LogModuleManager: Shutting down and abandoning module WorkspaceMenuStructure (279)
[2023.05.08-02.28.23:968][498]LogModuleManager: Shutting down and abandoning module UMG (276)
[2023.05.08-02.28.23:968][498]LogModuleManager: Shutting down and abandoning module UMGEditor (275)
[2023.05.08-02.28.23:968][498]LogModuleManager: Shutting down and abandoning module MessageLog (273)
[2023.05.08-02.28.23:968][498]LogModuleManager: Shutting down and abandoning module SlateReflector (268)
[2023.05.08-02.28.23:968][498]LogModuleManager: Shutting down and abandoning module Slate (266)
[2023.05.08-02.28.23:968][498]LogModuleManager: Shutting down and abandoning module SlateCore (264)
[2023.05.08-02.28.23:969][498]LogModuleManager: Shutting down and abandoning module LandscapeEditorUtilities (262)
[2023.05.08-02.28.23:969][498]LogModuleManager: Shutting down and abandoning module UnrealEd (260)
[2023.05.08-02.28.23:969][498]LogModuleManager: Shutting down and abandoning module MRMesh (258)
[2023.05.08-02.28.23:969][498]LogModuleManager: Shutting down and abandoning module SourceCodeAccess (256)
[2023.05.08-02.28.23:969][498]LogModuleManager: Shutting down and abandoning module HeadMountedDisplay (254)
[2023.05.08-02.28.23:969][498]LogModuleManager: Shutting down and abandoning module XAudio2 (252)
[2023.05.08-02.28.23:969][498]LogModuleManager: Shutting down and abandoning module Networking (250)
[2023.05.08-02.28.23:969][498]LogModuleManager: Shutting down and abandoning module Core (248)
[2023.05.08-02.28.23:969][498]LogModuleManager: Shutting down and abandoning module MaterialEditor (246)
[2023.05.08-02.28.23:969][498]LogModuleManager: Shutting down and abandoning module MovieSceneTools (244)
[2023.05.08-02.28.23:969][498]LogModuleManager: Shutting down and abandoning module CurveEditor (243)
[2023.05.08-02.28.23:969][498]LogModuleManager: Shutting down and abandoning module Sequencer (241)
[2023.05.08-02.28.23:969][498]LogModuleManager: Shutting down and abandoning module EditorStyle (240)
[2023.05.08-02.28.23:970][498]LogModuleManager: Shutting down and abandoning module KismetCompiler (236)
[2023.05.08-02.28.23:970][498]LogModuleManager: Shutting down and abandoning module MeshBuilder (234)
[2023.05.08-02.28.23:970][498]LogModuleManager: Shutting down and abandoning module MeshUtilities (232)
[2023.05.08-02.28.23:970][498]LogModuleManager: Shutting down and abandoning module MeshMergeUtilities (231)
[2023.05.08-02.28.23:970][498]LogModuleManager: Shutting down and abandoning module MeshReductionInterface (230)
[2023.05.08-02.28.23:970][498]LogModuleManager: Shutting down and abandoning module MeshBoneReduction (229)
[2023.05.08-02.28.23:970][498]LogModuleManager: Shutting down and abandoning module SkeletalMeshReduction (227)
[2023.05.08-02.28.23:970][498]LogModuleManager: Shutting down and abandoning module ProxyLODMeshReduction (225)
[2023.05.08-02.28.23:970][498]LogModuleManager: Shutting down and abandoning module QuadricMeshReduction (223)
[2023.05.08-02.28.23:970][498]LogModuleManager: Shutting down and abandoning module MaterialBaking (219)
[2023.05.08-02.28.23:970][498]LogModuleManager: Shutting down and abandoning module NullInstallBundleManager (214)
[2023.05.08-02.28.23:970][498]LogModuleManager: Shutting down and abandoning module DerivedDataCache (212)
[2023.05.08-02.28.23:970][498]LogModuleManager: Shutting down and abandoning module TargetPlatform (210)
[2023.05.08-02.28.23:970][498]LogModuleManager: Shutting down and abandoning module VulkanShaderFormat (209)
[2023.05.08-02.28.23:970][498]LogModuleManager: Shutting down and abandoning module ShaderFormatVectorVM (207)
[2023.05.08-02.28.23:970][498]LogModuleManager: Shutting down and abandoning module ShaderFormatOpenGL (205)
[2023.05.08-02.28.23:970][498]LogModuleManager: Shutting down and abandoning module ShaderFormatD3D (203)
[2023.05.08-02.28.23:970][498]LogModuleManager: Shutting down and abandoning module MetalShaderFormat (201)
[2023.05.08-02.28.23:970][498]LogModuleManager: Shutting down and abandoning module TextureFormatOodle (199)
[2023.05.08-02.28.23:970][498]LogModuleManager: Shutting down and abandoning module TextureFormatUncompressed (197)
[2023.05.08-02.28.23:970][498]LogModuleManager: Shutting down and abandoning module TextureFormatPVR (195)
[2023.05.08-02.28.23:970][498]LogModuleManager: Shutting down and abandoning module TextureFormatETC2 (193)
[2023.05.08-02.28.23:970][498]LogModuleManager: Shutting down and abandoning module TextureFormatDXT (191)
[2023.05.08-02.28.23:970][498]LogModuleManager: Shutting down and abandoning module TextureFormatIntelISPCTexComp (189)
[2023.05.08-02.28.23:970][498]LogModuleManager: Shutting down and abandoning module TextureFormatASTC (187)
[2023.05.08-02.28.23:970][498]LogModuleManager: Shutting down and abandoning module ImageWrapper (186)
[2023.05.08-02.28.23:970][498]LogModuleManager: Shutting down and abandoning module AudioFormatOpus (183)
[2023.05.08-02.28.23:970][498]LogModuleManager: Shutting down and abandoning module AudioFormatOgg (181)
[2023.05.08-02.28.23:970][498]LogModuleManager: Shutting down and abandoning module AudioFormatADPCM (179)
[2023.05.08-02.28.23:970][498]LogModuleManager: Shutting down and abandoning module WindowsServerTargetPlatform (177)
[2023.05.08-02.28.23:970][498]LogModuleManager: Shutting down and abandoning module WindowsClientTargetPlatform (175)
[2023.05.08-02.28.23:970][498]LogModuleManager: Shutting down and abandoning module WindowsTargetPlatform (173)
[2023.05.08-02.28.23:970][498]LogModuleManager: Shutting down and abandoning module WindowsNoEditorTargetPlatform (171)
[2023.05.08-02.28.23:970][498]LogModuleManager: Shutting down and abandoning module TVOSTargetPlatform (169)
[2023.05.08-02.28.23:971][498]LogModuleManager: Shutting down and abandoning module MacServerTargetPlatform (167)
[2023.05.08-02.28.23:971][498]LogModuleManager: Shutting down and abandoning module MacClientTargetPlatform (165)
[2023.05.08-02.28.23:971][498]LogModuleManager: Shutting down and abandoning module MacTargetPlatform (163)
[2023.05.08-02.28.23:971][498]LogModuleManager: Shutting down and abandoning module MacNoEditorTargetPlatform (161)
[2023.05.08-02.28.23:971][498]LogModuleManager: Shutting down and abandoning module LuminTargetPlatform (159)
[2023.05.08-02.28.23:972][498]LogModuleManager: Shutting down and abandoning module LinuxAArch64ServerTargetPlatform (157)
[2023.05.08-02.28.23:972][498]LogModuleManager: Shutting down and abandoning module LinuxAArch64ClientTargetPlatform (155)
[2023.05.08-02.28.23:972][498]LogModuleManager: Shutting down and abandoning module LinuxAArch64NoEditorTargetPlatform (153)
[2023.05.08-02.28.23:972][498]LogModuleManager: Shutting down and abandoning module LinuxServerTargetPlatform (151)
[2023.05.08-02.28.23:972][498]LogModuleManager: Shutting down and abandoning module LinuxClientTargetPlatform (149)
[2023.05.08-02.28.23:972][498]LogModuleManager: Shutting down and abandoning module LinuxNoEditorTargetPlatform (147)
[2023.05.08-02.28.23:972][498]LogModuleManager: Shutting down and abandoning module LinuxTargetPlatform (145)
[2023.05.08-02.28.23:972][498]LogModuleManager: Shutting down and abandoning module Messaging (143)
[2023.05.08-02.28.23:972][498]LogModuleManager: Shutting down and abandoning module IOSTargetPlatform (141)
[2023.05.08-02.28.23:972][498]LogModuleManager: Shutting down and abandoning module AndroidTargetPlatform (139)
[2023.05.08-02.28.23:974][498]LogModuleManager: Shutting down and abandoning module AllDesktopTargetPlatform (137)
[2023.05.08-02.28.23:974][498]LogModuleManager: Shutting down and abandoning module D3D11RHI (134)
[2023.05.08-02.28.23:974][498]LogModuleManager: Shutting down and abandoning module InputCore (132)
[2023.05.08-02.28.23:974][498]LogModuleManager: Shutting down and abandoning module Settings (130)
[2023.05.08-02.28.23:974][498]LogModuleManager: Shutting down and abandoning module DirectoryWatcher (128)
[2023.05.08-02.28.23:975][498]LogModuleManager: Shutting down and abandoning module PhysXCooking (126)
[2023.05.08-02.28.23:975][498]LogModuleManager: Shutting down and abandoning module Chaos (124)
[2023.05.08-02.28.23:975][498]LogModuleManager: Shutting down and abandoning module WindowsPlatformFeatures (122)
[2023.05.08-02.28.23:975][498]LogModuleManager: Shutting down and abandoning module GameplayMediaEncoder (121)
[2023.05.08-02.28.23:975][498]LogModuleManager: Shutting down and abandoning module AVEncoder (120)
[2023.05.08-02.28.23:975][498]LogModuleManager: Shutting down and abandoning module SteamVRInputDevice (116)
[2023.05.08-02.28.23:975][498]LogModuleManager: Shutting down and abandoning module SteamVRInput (114)
[2023.05.08-02.28.23:975][498]LogModuleManager: Shutting down and abandoning module SteamVR (112)
[2023.05.08-02.28.23:975][498]LogHMD: Freeing OpenVRDLLHandle.
[2023.05.08-02.28.23:975][498]LogModuleManager: Shutting down and abandoning module OculusHMD (110)
[2023.05.08-02.28.23:975][498]LogModuleManager: Shutting down and abandoning module LauncherChunkInstaller (108)
[2023.05.08-02.28.23:975][498]LogModuleManager: Shutting down and abandoning module OpenXREyeTracker (106)
[2023.05.08-02.28.23:975][498]LogModuleManager: Shutting down and abandoning module OpenXRAR (104)
[2023.05.08-02.28.23:975][498]LogModuleManager: Shutting down and abandoning module AugmentedReality (103)
[2023.05.08-02.28.23:975][498]LogModuleManager: Shutting down and abandoning module OpenXRHandTracking (100)
[2023.05.08-02.28.23:975][498]LogSlate: Slate User Destroyed.  User Index 0, Is Virtual User: 0
[2023.05.08-02.28.23:975][498]LogModuleManager: Shutting down and abandoning module OpenXRHMD (99)
[2023.05.08-02.28.23:975][498]LogModuleManager: Shutting down and abandoning module ExampleDeviceProfileSelector (96)
[2023.05.08-02.28.23:975][498]LogModuleManager: Shutting down and abandoning module ChunkDownloader (94)
[2023.05.08-02.28.23:975][498]LogModuleManager: Shutting down and abandoning module OnlineBlueprintSupport (92)
[2023.05.08-02.28.23:975][498]LogModuleManager: Shutting down and abandoning module OnlineSubsystem (88)
[2023.05.08-02.28.23:976][498]LogModuleManager: Shutting down and abandoning module XMPP (83)
[2023.05.08-02.28.23:976][498]LogModuleManager: Shutting down and abandoning module WebSockets (82)
[2023.05.08-02.28.23:979][498]LogModuleManager: Shutting down and abandoning module HTTP (79)
[2023.05.08-02.28.23:979][498]LogHttp: Display: Http module shutting down, but needs to wait on 1 outstanding Http requests:
[2023.05.08-02.28.23:979][498]LogHttp: Display: 	verb=[POST] url=[https://datarouter.ol.epicgames.com/datarouter/api/v1/public/data?SessionID=%7B4D1628ED-4B62-379A-FCD9-8597B7E05BA8%7D&AppID=UEEditor.Rocket.Release&AppVersion=4.27.0-17155196%2B%2B%2BUE4%2BRelease-4.27&UserID=6c323a574de77068069fd1a69ce5459b%7Ce0d89e8bb4f042d48aa65e438af618d2%7C27c992d2-39c7-4861-bb46-ff907c92b92a&AppEnvironment=datacollector-binary&UploadType=eteventstream] refs=[1] status=Processing
[2023.05.08-02.28.23:979][498]LogHttp: Display: cleaning up 1 outstanding Http requests.
[2023.05.08-02.28.23:998][498]LogModuleManager: Shutting down and abandoning module SSL (78)
[2023.05.08-02.28.23:999][498]LogModuleManager: Shutting down and abandoning module WmfMedia (74)
[2023.05.08-02.28.24:000][498]LogModuleManager: Shutting down and abandoning module Media (73)
[2023.05.08-02.28.24:001][498]LogModuleManager: Shutting down and abandoning module MediaInfo (72)
[2023.05.08-02.28.24:001][498]LogModuleManager: Shutting down and abandoning module ExrReaderGpu (68)
[2023.05.08-02.28.24:001][498]LogModuleManager: Shutting down and abandoning module MLSDK (66)
[2023.05.08-02.28.24:001][498]LogModuleManager: Shutting down and abandoning module MagicLeap (64)
[2023.05.08-02.28.24:001][498]LogModuleManager: Shutting down and abandoning module NiagaraVertexFactories (62)
[2023.05.08-02.28.24:001][498]LogModuleManager: Shutting down and abandoning module NiagaraShader (60)
[2023.05.08-02.28.24:001][498]LogModuleManager: Shutting down and abandoning module ChaosCloth (58)
[2023.05.08-02.28.24:001][498]LogModuleManager: Shutting down and abandoning module PixWinPlugin (56)
[2023.05.08-02.28.24:001][498]LogModuleManager: Shutting down and abandoning module VariantManagerContent (54)
[2023.05.08-02.28.24:001][498]LogModuleManager: Shutting down and abandoning module DatasmithContent (52)
[2023.05.08-02.28.24:001][498]LogModuleManager: Shutting down and abandoning module AISupportModule (50)
[2023.05.08-02.28.24:001][498]LogModuleManager: Shutting down and abandoning module DesktopPlatform (48)
[2023.05.08-02.28.24:001][498]LogModuleManager: Shutting down and abandoning module PythonScriptPluginPreload (46)
[2023.05.08-02.28.24:001][498]LogModuleManager: Shutting down and abandoning module PlatformCryptoOpenSSL (44)
[2023.05.08-02.28.24:001][498]LogModuleManager: Shutting down and abandoning module PlatformCryptoTypes (42)
[2023.05.08-02.28.24:001][498]LogModuleManager: Shutting down and abandoning module PlatformCrypto (40)
[2023.05.08-02.28.24:001][498]LogModuleManager: Shutting down and abandoning module OodleDataCompressionFormat (38)
[2023.05.08-02.28.24:001][498]LogModuleManager: Shutting down and abandoning module XGEController (36)
[2023.05.08-02.28.24:001][498]LogXGEController: Cleaning working directory: C:/Users/Asus/AppData/Local/Temp/UnrealXGEWorkingDir/
[2023.05.08-02.28.24:001][498]LogModuleManager: Shutting down and abandoning module AnimationModifiers (34)
[2023.05.08-02.28.24:001][498]LogModuleManager: Shutting down and abandoning module AudioEditor (32)
[2023.05.08-02.28.24:001][498]LogModuleManager: Shutting down and abandoning module PropertyEditor (31)
[2023.05.08-02.28.24:002][498]LogModuleManager: Shutting down and abandoning module TextureCompressor (28)
[2023.05.08-02.28.24:002][498]LogModuleManager: Shutting down and abandoning module RenderCore (26)
[2023.05.08-02.28.24:002][498]LogModuleManager: Shutting down and abandoning module Landscape (24)
[2023.05.08-02.28.24:002][498]LogModuleManager: Shutting down and abandoning module SlateRHIRenderer (22)
[2023.05.08-02.28.24:002][498]LogModuleManager: Shutting down and abandoning module AnimGraphRuntime (20)
[2023.05.08-02.28.24:002][498]LogModuleManager: Shutting down and abandoning module Renderer (18)
[2023.05.08-02.28.24:002][498]LogModuleManager: Shutting down and abandoning module Engine (16)
[2023.05.08-02.28.24:002][498]LogModuleManager: Shutting down and abandoning module CoreUObject (14)
[2023.05.08-02.28.24:002][498]LogModuleManager: Shutting down and abandoning module NetworkFile (12)
[2023.05.08-02.28.24:002][498]LogModuleManager: Shutting down and abandoning module CookedIterativeFile (10)
[2023.05.08-02.28.24:002][498]LogModuleManager: Shutting down and abandoning module StreamingFile (8)
[2023.05.08-02.28.24:002][498]LogModuleManager: Shutting down and abandoning module SandboxFile (6)
[2023.05.08-02.28.24:002][498]LogModuleManager: Shutting down and abandoning module PakFile (4)
[2023.05.08-02.28.24:002][498]LogModuleManager: Shutting down and abandoning module RSA (3)
[2023.05.08-02.28.24:002][498]LogContentStreaming: Display: There are 1 unreleased StreamingManagers
[2023.05.08-02.28.24:004][498]LogD3D11RHI: Shutdown
[2023.05.08-02.28.24:004][498]LogD3D11RHI: CleanupD3DDevice
[2023.05.08-02.28.24:015][498]LogExit: Exiting.
[2023.05.08-02.28.24:027][498]Log file closed, 05/08/23 05:58:24
