Log file open, 04/27/23 11:48:05
LogWindows: Failed to load 'aqProf.dll' (GetLastError=126)
LogWindows: File 'aqProf.dll' does not exist
LogWindows: Failed to load 'VtuneApi.dll' (GetLastError=126)
LogWindows: File 'VtuneApi.dll' does not exist
LogWindows: Failed to load 'VtuneApi32e.dll' (GetLastError=126)
LogWindows: File 'VtuneApi32e.dll' does not exist
LogConsoleResponse: Display: Failed to find resolution value strings in scalability ini. Falling back to default.
LogConsoleResponse: Display: Failed to find resolution value strings in scalability ini. Falling back to default.
LogInit: Display: Running engine for game: SpeedLimit_UniAzad
LogPlatformFile: Not using cached read wrapper
LogTaskGraph: Started task graph with 5 named threads and 23 total threads with 3 sets of task threads.
LogStats: Stats thread started at 0.198201
LogICUInternationalization: ICU TimeZone Detection - Raw Offset: +3:30, Platform Override: ''
LogInit: Display: Loading text-based GConfig....
LogPluginManager: Mounting plugin MeshPainting
LogPluginManager: Mounting plugin XGEController
LogPluginManager: Mounting plugin Paper2D
LogPluginManager: Mounting plugin AISupport
LogPluginManager: Mounting plugin EnvironmentQueryEditor
LogPluginManager: Mounting plugin LiveLink
LogPluginManager: Mounting plugin LightPropagationVolume
LogPluginManager: Mounting plugin CameraShakePreviewer
LogPluginManager: Mounting plugin GameplayCameras
LogPluginManager: Mounting plugin OodleNetwork
LogPluginManager: Mounting plugin OodleData
LogPluginManager: Mounting plugin AnimationSharing
LogPluginManager: Mounting plugin CLionSourceCodeAccess
LogPluginManager: Mounting plugin CodeLiteSourceCodeAccess
LogPluginManager: Mounting plugin GitSourceControl
LogPluginManager: Mounting plugin NullSourceCodeAccess
LogPluginManager: Mounting plugin PerforceSourceControl
LogPluginManager: Mounting plugin KDevelopSourceCodeAccess
LogPluginManager: Mounting plugin PluginUtils
LogPluginManager: Mounting plugin PlasticSourceControl
LogPluginManager: Mounting plugin PropertyAccessNode
LogPluginManager: Mounting plugin PixWinPlugin
LogPluginManager: Mounting plugin RiderSourceCodeAccess
LogPluginManager: Mounting plugin SubversionSourceControl
LogPluginManager: Mounting plugin TextureFormatOodle
LogPluginManager: Mounting plugin VisualStudioCodeSourceCodeAccess
LogPluginManager: Mounting plugin UObjectPlugin
LogPluginManager: Mounting plugin VisualStudioSourceCodeAccess
LogPluginManager: Mounting plugin XCodeSourceCodeAccess
LogPluginManager: Mounting plugin DatasmithContent
LogPluginManager: Mounting plugin AlembicImporter
LogPluginManager: Mounting plugin VariantManagerContent
LogPluginManager: Mounting plugin AutomationUtils
LogPluginManager: Mounting plugin BackChannel
LogPluginManager: Mounting plugin ChaosCloth
LogPluginManager: Mounting plugin ChaosClothEditor
LogPluginManager: Mounting plugin ChaosEditor
LogPluginManager: Mounting plugin ChaosNiagara
LogPluginManager: Mounting plugin ChaosSolverPlugin
LogPluginManager: Mounting plugin CharacterAI
LogPluginManager: Mounting plugin GeometryCache
LogPluginManager: Mounting plugin GeometryCollectionPlugin
LogPluginManager: Mounting plugin AssetManagerEditor
LogPluginManager: Mounting plugin GeometryProcessing
LogPluginManager: Mounting plugin MotoSynth
LogPluginManager: Mounting plugin OpenImageDenoise
LogPluginManager: Mounting plugin PlanarCut
LogPluginManager: Mounting plugin PlatformCrypto
LogPluginManager: Mounting plugin ProxyLODPlugin
LogPluginManager: Mounting plugin PythonScriptPlugin
LogPluginManager: Mounting plugin SkeletalReduction
LogPluginManager: Mounting plugin CryptoKeys
LogPluginManager: Mounting plugin CurveEditorTools
LogPluginManager: Mounting plugin DataValidation
LogPluginManager: Mounting plugin FacialAnimation
LogPluginManager: Mounting plugin GameplayTagsEditor
LogPluginManager: Mounting plugin GeometryMode
LogPluginManager: Mounting plugin MacGraphicsSwitching
LogPluginManager: Mounting plugin MaterialAnalyzer
LogPluginManager: Mounting plugin MobileLauncherProfileWizard
LogPluginManager: Mounting plugin PluginBrowser
LogPluginManager: Mounting plugin SpeedTreeImporter
LogPluginManager: Mounting plugin Niagara
LogPluginManager: Mounting plugin LuminPlatformFeatures
LogPluginManager: Mounting plugin MagicLeap
LogPluginManager: Mounting plugin MagicLeapLightEstimation
LogPluginManager: Mounting plugin MagicLeapMedia
LogPluginManager: Mounting plugin MagicLeapPassableWorld
LogPluginManager: Mounting plugin MLSDK
LogPluginManager: Mounting plugin AndroidMedia
LogPluginManager: Mounting plugin AvfMedia
LogPluginManager: Mounting plugin ImgMedia
LogPluginManager: Mounting plugin MediaCompositing
LogPluginManager: Mounting plugin MediaPlayerEditor
LogPluginManager: Mounting plugin WebMMedia
LogPluginManager: Mounting plugin WmfMedia
LogPluginManager: Mounting plugin ActorSequence
LogPluginManager: Mounting plugin LevelSequenceEditor
LogPluginManager: Mounting plugin MatineeToLevelSequence
LogPluginManager: Mounting plugin TemplateSequence
LogPluginManager: Mounting plugin TcpMessaging
LogPluginManager: Mounting plugin UdpMessaging
LogPluginManager: Mounting plugin LauncherChunkInstaller
LogPluginManager: Mounting plugin ActorLayerUtilities
LogPluginManager: Mounting plugin AndroidMoviePlayer
LogPluginManager: Mounting plugin AndroidDeviceProfileSelector
LogPluginManager: Mounting plugin AndroidPermission
LogPluginManager: Mounting plugin AppleImageUtils
LogPluginManager: Mounting plugin AppleMoviePlayer
LogPluginManager: Mounting plugin ArchVisCharacter
LogPluginManager: Mounting plugin AssetTags
LogPluginManager: Mounting plugin AudioCapture
LogPluginManager: Mounting plugin AudioSynesthesia
LogPluginManager: Mounting plugin CableComponent
LogPluginManager: Mounting plugin ChunkDownloader
LogPluginManager: Mounting plugin CustomMeshComponent
LogPluginManager: Mounting plugin EditableMesh
LogPluginManager: Mounting plugin ExampleDeviceProfileSelector
LogPluginManager: Mounting plugin GoogleCloudMessaging
LogPluginManager: Mounting plugin GooglePAD
LogPluginManager: Mounting plugin IOSDeviceProfileSelector
LogPluginManager: Mounting plugin LinuxDeviceProfileSelector
LogPluginManager: Mounting plugin LocationServicesBPLibrary
LogPluginManager: Mounting plugin MobilePatchingUtils
LogPluginManager: Mounting plugin OpenXREyeTracker
LogPluginManager: Mounting plugin OpenXR
LogPluginManager: Mounting plugin OpenXRHandTracking
LogPluginManager: Mounting plugin PostSplashScreen
LogPluginManager: Mounting plugin PhysXVehicles
LogPluginManager: Mounting plugin ProceduralMeshComponent
LogPluginManager: Mounting plugin PropertyAccessEditor
LogPluginManager: Mounting plugin RuntimePhysXCooking
LogPluginManager: Mounting plugin SignificanceManager
LogPluginManager: Mounting plugin SoundFields
LogPluginManager: Mounting plugin Synthesis
LogPluginManager: Mounting plugin WebMMoviePlayer
LogPluginManager: Mounting plugin WindowsMoviePlayer
LogPluginManager: Mounting plugin OnlineSubsystem
LogPluginManager: Mounting plugin OnlineSubsystemNull
LogPluginManager: Mounting plugin OnlineSubsystemUtils
LogPluginManager: Mounting plugin ScreenshotTools
LogPluginManager: Mounting plugin Takes
LogPluginManager: Mounting plugin ContentBrowserClassDataSource
LogPluginManager: Mounting plugin ContentBrowserAssetDataSource
LogPluginManager: Mounting plugin ContentBrowserFileDataSource
LogPluginManager: Mounting plugin OculusVR
LogPluginManager: Mounting plugin SteamVR
LogPluginManager: Mounting plugin OnlineSubsystemGooglePlay
LogPluginManager: Mounting plugin OnlineSubsystemIOS
PixWinPlugin: PIX capture plugin failed to initialize! Check that the process is launched from PIX.
LogInit: Using libcurl 7.55.1-DEV
LogInit:  - built for x86_64-pc-win32
LogInit:  - supports SSL with OpenSSL/1.1.1
LogInit:  - supports HTTP deflate (compression) using libz 1.2.8
LogInit:  - other features:
LogInit:      CURL_VERSION_SSL
LogInit:      CURL_VERSION_LIBZ
LogInit:      CURL_VERSION_IPV6
LogInit:      CURL_VERSION_ASYNCHDNS
LogInit:      CURL_VERSION_LARGEFILE
LogInit:      CURL_VERSION_IDN
LogInit:  CurlRequestOptions (configurable via config and command line):
LogInit:  - bVerifyPeer = true  - Libcurl will verify peer certificate
LogInit:  - bUseHttpProxy = false  - Libcurl will NOT use HTTP proxy
LogInit:  - bDontReuseConnections = false  - Libcurl will reuse connections
LogInit:  - MaxHostConnections = 16  - Libcurl will limit the number of connections to a host
LogInit:  - LocalHostAddr = Default
LogInit:  - BufferSize = 65536
LogOnline: OSS: Creating online subsystem instance for: NULL
LogInit: WinSock: version 1.1 (2.2), MaxSocks=32767, MaxUdp=65467
LogOnline: OSS: TryLoadSubsystemAndSetDefault: Loaded subsystem for module [NULL]
LogOculusPluginWrapper: OculusPlugin initialized successfully
LogHMD: Failed initializing OVRPlugin 1.59.0
LogInit: Build: ++UE4+Release-4.27-CL-17155196
LogInit: Engine Version: 4.27.0-17155196+++UE4+Release-4.27
LogInit: Compatible Engine Version: 4.27.0-17155196+++UE4+Release-4.27
LogInit: Net CL: 17155196
LogInit: OS: Windows 10 (Release 2009) (), CPU: 11th Gen Intel(R) Core(TM) i7-1195G7 @ 2.90GHz, GPU: Intel(R) Iris(R) Xe Graphics
LogInit: Compiled (64-bit): Aug 13 2021 06:13:13
LogInit: Compiled with Visual C++: 19.24.28315.00
LogInit: Build Configuration: Development
LogInit: Branch Name: ++UE4+Release-4.27
LogInit: Command Line: 
LogInit: Base Directory: E:/Downloads/unreal_engine_v4.27_compiled/Unreal Engine v4.27 Compiled/Engine/Binaries/Win64/
LogInit: Allocator: TBB
LogInit: Installed Engine Build: 1
LogDevObjectVersion: Number of dev versions registered: 29
LogDevObjectVersion:   Dev-Blueprints (B0D832E4-1F89-4F0D-ACCF-7EB736FD4AA2): 10
LogDevObjectVersion:   Dev-Build (E1C64328-A22C-4D53-A36C-8E866417BD8C): 0
LogDevObjectVersion:   Dev-Core (375EC13C-06E4-48FB-B500-84F0262A717E): 4
LogDevObjectVersion:   Dev-Editor (E4B068ED-F494-42E9-A231-DA0B2E46BB41): 40
LogDevObjectVersion:   Dev-Framework (CFFC743F-43B0-4480-9391-14DF171D2073): 37
LogDevObjectVersion:   Dev-Mobile (B02B49B5-BB20-44E9-A304-32B752E40360): 3
LogDevObjectVersion:   Dev-Networking (A4E4105C-59A1-49B5-A7C5-40C4547EDFEE): 0
LogDevObjectVersion:   Dev-Online (39C831C9-5AE6-47DC-9A44-9C173E1C8E7C): 0
LogDevObjectVersion:   Dev-Physics (78F01B33-EBEA-4F98-B9B4-84EACCB95AA2): 14
LogDevObjectVersion:   Dev-Platform (6631380F-2D4D-43E0-8009-CF276956A95A): 0
LogDevObjectVersion:   Dev-Rendering (12F88B9F-8875-4AFC-A67C-D90C383ABD29): 45
LogDevObjectVersion:   Dev-Sequencer (7B5AE74C-D270-4C10-A958-57980B212A5A): 13
LogDevObjectVersion:   Dev-VR (D7296918-1DD6-4BDD-9DE2-64A83CC13884): 3
LogDevObjectVersion:   Dev-LoadTimes (C2A15278-BFE7-4AFE-6C17-90FF531DF755): 1
LogDevObjectVersion:   Private-Geometry (6EACA3D4-40EC-4CC1-B786-8BED09428FC5): 3
LogDevObjectVersion:   Dev-AnimPhys (29E575DD-E0A3-4627-9D10-D276232CDCEA): 17
LogDevObjectVersion:   Dev-Anim (AF43A65D-7FD3-4947-9873-3E8ED9C1BB05): 15
LogDevObjectVersion:   Dev-ReflectionCapture (6B266CEC-1EC7-4B8F-A30B-E4D90942FC07): 1
LogDevObjectVersion:   Dev-Automation (0DF73D61-A23F-47EA-B727-89E90C41499A): 1
LogDevObjectVersion:   FortniteMain (601D1886-AC64-4F84-AA16-D3DE0DEAC7D6): 47
LogDevObjectVersion:   FortniteRelease (E7086368-6B23-4C58-8439-1B7016265E91): 1
LogDevObjectVersion:   Dev-Enterprise (9DFFBCD6-494F-0158-E221-12823C92A888): 10
LogDevObjectVersion:   Dev-Niagara (F2AED0AC-9AFE-416F-8664-AA7FFA26D6FC): 1
LogDevObjectVersion:   Dev-Destruction (174F1F0B-B4C6-45A5-B13F-2EE8D0FB917D): 10
LogDevObjectVersion:   Dev-Physics-Ext (35F94A83-E258-406C-A318-09F59610247C): 41
LogDevObjectVersion:   Dev-PhysicsMaterial-Chaos (B68FC16E-8B1B-42E2-B453-215C058844FE): 1
LogDevObjectVersion:   Dev-CineCamera (B2E18506-4273-CFC2-A54E-F4BB758BBA07): 1
LogDevObjectVersion:   Dev-VirtualProduction (64F58936-FD1B-42BA-BA96-7289D5D0FA4E): 1
LogDevObjectVersion:   Dev-MediaFramework (6F0ED827-A609-4895-9C91-998D90180EA4): 2
LogInit: Presizing for max 25165824 objects, including 0 objects not considered by GC, pre-allocating 0 bytes for permanent pool.
LogConfig: Applying CVar settings from Section [/Script/Engine.StreamingSettings] File [E:/Asus/Documents/GitHub/TheTroubleMakers/Unreal Engine Project/SpeedLimit_UniAzad/Saved/Config/Windows/Engine.ini]
LogConfig: Setting CVar [[s.MinBulkDataSizeForAsyncLoading:131072]]
LogConfig: Setting CVar [[s.AsyncLoadingThreadEnabled:0]]
LogConfig: Setting CVar [[s.EventDrivenLoaderEnabled:1]]
LogConfig: Setting CVar [[s.WarnIfTimeLimitExceeded:0]]
LogConfig: Setting CVar [[s.TimeLimitExceededMultiplier:1.5]]
LogConfig: Setting CVar [[s.TimeLimitExceededMinTime:0.005]]
LogConfig: Setting CVar [[s.UseBackgroundLevelStreaming:1]]
LogConfig: Setting CVar [[s.PriorityAsyncLoadingExtraTime:15.0]]
LogConfig: Setting CVar [[s.LevelStreamingActorsUpdateTimeLimit:5.0]]
LogConfig: Setting CVar [[s.PriorityLevelStreamingActorsUpdateExtraTime:5.0]]
LogConfig: Setting CVar [[s.LevelStreamingComponentsRegistrationGranularity:10]]
LogConfig: Setting CVar [[s.UnregisterComponentsTimeLimit:1.0]]
LogConfig: Setting CVar [[s.LevelStreamingComponentsUnregistrationGranularity:5]]
LogConfig: Setting CVar [[s.FlushStreamingOnExit:1]]
LogInit: Object subsystem initialized
LogConfig: Setting CVar [[con.DebugEarlyDefault:1]]
LogConfig: Setting CVar [[r.setres:1280x720]]
[2023.04.27-08.18.06:055][  0]LogConfig: Setting CVar [[r.VSync:0]]
[2023.04.27-08.18.06:055][  0]LogConfig: Setting CVar [[r.RHICmdBypass:0]]
[2023.04.27-08.18.06:055][  0]LogConfig: Applying CVar settings from Section [/Script/Engine.RendererSettings] File [E:/Asus/Documents/GitHub/TheTroubleMakers/Unreal Engine Project/SpeedLimit_UniAzad/Saved/Config/Windows/Engine.ini]
[2023.04.27-08.18.06:055][  0]LogConfig: Setting CVar [[r.GPUCrashDebugging:0]]
[2023.04.27-08.18.06:055][  0]LogConfig: Applying CVar settings from Section [/Script/Engine.RendererOverrideSettings] File [E:/Asus/Documents/GitHub/TheTroubleMakers/Unreal Engine Project/SpeedLimit_UniAzad/Saved/Config/Windows/Engine.ini]
[2023.04.27-08.18.06:055][  0]LogConfig: Applying CVar settings from Section [/Script/Engine.StreamingSettings] File [E:/Asus/Documents/GitHub/TheTroubleMakers/Unreal Engine Project/SpeedLimit_UniAzad/Saved/Config/Windows/Engine.ini]
[2023.04.27-08.18.06:055][  0]LogConfig: Setting CVar [[s.MinBulkDataSizeForAsyncLoading:131072]]
[2023.04.27-08.18.06:055][  0]LogConfig: Setting CVar [[s.AsyncLoadingThreadEnabled:0]]
[2023.04.27-08.18.06:055][  0]LogConfig: Setting CVar [[s.EventDrivenLoaderEnabled:1]]
[2023.04.27-08.18.06:055][  0]LogConfig: Setting CVar [[s.WarnIfTimeLimitExceeded:0]]
[2023.04.27-08.18.06:055][  0]LogConfig: Setting CVar [[s.TimeLimitExceededMultiplier:1.5]]
[2023.04.27-08.18.06:055][  0]LogConfig: Setting CVar [[s.TimeLimitExceededMinTime:0.005]]
[2023.04.27-08.18.06:055][  0]LogConfig: Setting CVar [[s.UseBackgroundLevelStreaming:1]]
[2023.04.27-08.18.06:055][  0]LogConfig: Setting CVar [[s.PriorityAsyncLoadingExtraTime:15.0]]
[2023.04.27-08.18.06:055][  0]LogConfig: Setting CVar [[s.LevelStreamingActorsUpdateTimeLimit:5.0]]
[2023.04.27-08.18.06:055][  0]LogConfig: Setting CVar [[s.PriorityLevelStreamingActorsUpdateExtraTime:5.0]]
[2023.04.27-08.18.06:055][  0]LogConfig: Setting CVar [[s.LevelStreamingComponentsRegistrationGranularity:10]]
[2023.04.27-08.18.06:055][  0]LogConfig: Setting CVar [[s.UnregisterComponentsTimeLimit:1.0]]
[2023.04.27-08.18.06:055][  0]LogConfig: Setting CVar [[s.LevelStreamingComponentsUnregistrationGranularity:5]]
[2023.04.27-08.18.06:055][  0]LogConfig: Setting CVar [[s.FlushStreamingOnExit:1]]
[2023.04.27-08.18.06:055][  0]LogConfig: Applying CVar settings from Section [/Script/Engine.GarbageCollectionSettings] File [E:/Asus/Documents/GitHub/TheTroubleMakers/Unreal Engine Project/SpeedLimit_UniAzad/Saved/Config/Windows/Engine.ini]
[2023.04.27-08.18.06:055][  0]LogConfig: Setting CVar [[gc.MaxObjectsNotConsideredByGC:1]]
[2023.04.27-08.18.06:055][  0]LogConfig: Setting CVar [[gc.SizeOfPermanentObjectPool:0]]
[2023.04.27-08.18.06:055][  0]LogConfig: Setting CVar [[gc.FlushStreamingOnGC:0]]
[2023.04.27-08.18.06:055][  0]LogConfig: Setting CVar [[gc.NumRetriesBeforeForcingGC:10]]
[2023.04.27-08.18.06:055][  0]LogConfig: Setting CVar [[gc.AllowParallelGC:1]]
[2023.04.27-08.18.06:055][  0]LogConfig: Setting CVar [[gc.TimeBetweenPurgingPendingKillObjects:61.1]]
[2023.04.27-08.18.06:055][  0]LogConfig: Setting CVar [[gc.MaxObjectsInEditor:25165824]]
[2023.04.27-08.18.06:055][  0]LogConfig: Setting CVar [[gc.IncrementalBeginDestroyEnabled:1]]
[2023.04.27-08.18.06:055][  0]LogConfig: Setting CVar [[gc.CreateGCClusters:1]]
[2023.04.27-08.18.06:055][  0]LogConfig: Setting CVar [[gc.MinGCClusterSize:5]]
[2023.04.27-08.18.06:055][  0]LogConfig: Setting CVar [[gc.ActorClusteringEnabled:0]]
[2023.04.27-08.18.06:055][  0]LogConfig: Setting CVar [[gc.BlueprintClusteringEnabled:0]]
[2023.04.27-08.18.06:055][  0]LogConfig: Setting CVar [[gc.UseDisregardForGCOnDedicatedServers:0]]
[2023.04.27-08.18.06:055][  0]LogConfig: Setting CVar [[gc.MultithreadedDestructionEnabled:1]]
[2023.04.27-08.18.06:055][  0]LogConfig: Applying CVar settings from Section [/Script/Engine.NetworkSettings] File [E:/Asus/Documents/GitHub/TheTroubleMakers/Unreal Engine Project/SpeedLimit_UniAzad/Saved/Config/Windows/Engine.ini]
[2023.04.27-08.18.06:055][  0]LogConfig: Applying CVar settings from Section [/Script/UnrealEd.CookerSettings] File [E:/Asus/Documents/GitHub/TheTroubleMakers/Unreal Engine Project/SpeedLimit_UniAzad/Saved/Config/Windows/Engine.ini]
[2023.04.27-08.18.06:110][  0]LogConfig: Applying CVar settings from Section [ViewDistanceQuality@3] File [E:/Asus/Documents/GitHub/TheTroubleMakers/Unreal Engine Project/SpeedLimit_UniAzad/Saved/Config/Windows/Scalability.ini]
[2023.04.27-08.18.06:110][  0]LogConfig: Setting CVar [[r.SkeletalMeshLODBias:0]]
[2023.04.27-08.18.06:110][  0]LogConfig: Setting CVar [[r.ViewDistanceScale:1.0]]
[2023.04.27-08.18.06:110][  0]LogConfig: Applying CVar settings from Section [AntiAliasingQuality@3] File [E:/Asus/Documents/GitHub/TheTroubleMakers/Unreal Engine Project/SpeedLimit_UniAzad/Saved/Config/Windows/Scalability.ini]
[2023.04.27-08.18.06:110][  0]LogConfig: Setting CVar [[r.PostProcessAAQuality:4]]
[2023.04.27-08.18.06:110][  0]LogConfig: Applying CVar settings from Section [ShadowQuality@3] File [E:/Asus/Documents/GitHub/TheTroubleMakers/Unreal Engine Project/SpeedLimit_UniAzad/Saved/Config/Windows/Scalability.ini]
[2023.04.27-08.18.06:110][  0]LogConfig: Setting CVar [[r.LightFunctionQuality:1]]
[2023.04.27-08.18.06:110][  0]LogConfig: Setting CVar [[r.ShadowQuality:5]]
[2023.04.27-08.18.06:110][  0]LogConfig: Setting CVar [[r.Shadow.CSM.MaxCascades:10]]
[2023.04.27-08.18.06:110][  0]LogConfig: Setting CVar [[r.Shadow.MaxResolution:2048]]
[2023.04.27-08.18.06:110][  0]LogConfig: Setting CVar [[r.Shadow.MaxCSMResolution:2048]]
[2023.04.27-08.18.06:110][  0]LogConfig: Setting CVar [[r.Shadow.RadiusThreshold:0.01]]
[2023.04.27-08.18.06:110][  0]LogConfig: Setting CVar [[r.Shadow.DistanceScale:1.0]]
[2023.04.27-08.18.06:110][  0]LogConfig: Setting CVar [[r.Shadow.CSM.TransitionScale:1.0]]
[2023.04.27-08.18.06:110][  0]LogConfig: Setting CVar [[r.Shadow.PreShadowResolutionFactor:1.0]]
[2023.04.27-08.18.06:110][  0]LogConfig: Setting CVar [[r.DistanceFieldShadowing:1]]
[2023.04.27-08.18.06:110][  0]LogConfig: Setting CVar [[r.DistanceFieldAO:1]]
[2023.04.27-08.18.06:110][  0]LogConfig: Setting CVar [[r.AOQuality:2]]
[2023.04.27-08.18.06:110][  0]LogConfig: Setting CVar [[r.VolumetricFog:1]]
[2023.04.27-08.18.06:110][  0]LogConfig: Setting CVar [[r.VolumetricFog.GridPixelSize:8]]
[2023.04.27-08.18.06:110][  0]LogConfig: Setting CVar [[r.VolumetricFog.GridSizeZ:128]]
[2023.04.27-08.18.06:110][  0]LogConfig: Setting CVar [[r.VolumetricFog.HistoryMissSupersampleCount:4]]
[2023.04.27-08.18.06:110][  0]LogConfig: Setting CVar [[r.LightMaxDrawDistanceScale:1]]
[2023.04.27-08.18.06:110][  0]LogConfig: Setting CVar [[r.CapsuleShadows:1]]
[2023.04.27-08.18.06:110][  0]LogConfig: Applying CVar settings from Section [PostProcessQuality@3] File [E:/Asus/Documents/GitHub/TheTroubleMakers/Unreal Engine Project/SpeedLimit_UniAzad/Saved/Config/Windows/Scalability.ini]
[2023.04.27-08.18.06:110][  0]LogConfig: Setting CVar [[r.MotionBlurQuality:4]]
[2023.04.27-08.18.06:110][  0]LogConfig: Setting CVar [[r.AmbientOcclusionMipLevelFactor:0.4]]
[2023.04.27-08.18.06:110][  0]LogConfig: Setting CVar [[r.AmbientOcclusionMaxQuality:100]]
[2023.04.27-08.18.06:110][  0]LogConfig: Setting CVar [[r.AmbientOcclusionLevels:-1]]
[2023.04.27-08.18.06:110][  0]LogConfig: Setting CVar [[r.AmbientOcclusionRadiusScale:1.0]]
[2023.04.27-08.18.06:110][  0]LogConfig: Setting CVar [[r.DepthOfFieldQuality:2]]
[2023.04.27-08.18.06:110][  0]LogConfig: Setting CVar [[r.RenderTargetPoolMin:400]]
[2023.04.27-08.18.06:110][  0]LogConfig: Setting CVar [[r.LensFlareQuality:2]]
[2023.04.27-08.18.06:110][  0]LogConfig: Setting CVar [[r.SceneColorFringeQuality:1]]
[2023.04.27-08.18.06:110][  0]LogConfig: Setting CVar [[r.EyeAdaptationQuality:2]]
[2023.04.27-08.18.06:110][  0]LogConfig: Setting CVar [[r.BloomQuality:5]]
[2023.04.27-08.18.06:110][  0]LogConfig: Setting CVar [[r.FastBlurThreshold:100]]
[2023.04.27-08.18.06:110][  0]LogConfig: Setting CVar [[r.Upscale.Quality:3]]
[2023.04.27-08.18.06:110][  0]LogConfig: Setting CVar [[r.Tonemapper.GrainQuantization:1]]
[2023.04.27-08.18.06:110][  0]LogConfig: Setting CVar [[r.LightShaftQuality:1]]
[2023.04.27-08.18.06:110][  0]LogConfig: Setting CVar [[r.Filter.SizeScale:1]]
[2023.04.27-08.18.06:110][  0]LogConfig: Setting CVar [[r.Tonemapper.Quality:5]]
[2023.04.27-08.18.06:110][  0]LogConfig: Setting CVar [[r.DOF.Gather.AccumulatorQuality:1        ; higher gathering accumulator quality]]
[2023.04.27-08.18.06:111][  0]LogConfig: Setting CVar [[r.DOF.Gather.PostfilterMethod:1          ; Median3x3 postfilering method]]
[2023.04.27-08.18.06:111][  0]LogConfig: Setting CVar [[r.DOF.Gather.EnableBokehSettings:0       ; no bokeh simulation when gathering]]
[2023.04.27-08.18.06:111][  0]LogConfig: Setting CVar [[r.DOF.Gather.RingCount:4                 ; medium number of samples when gathering]]
[2023.04.27-08.18.06:111][  0]LogConfig: Setting CVar [[r.DOF.Scatter.ForegroundCompositing:1    ; additive foreground scattering]]
[2023.04.27-08.18.06:111][  0]LogConfig: Setting CVar [[r.DOF.Scatter.BackgroundCompositing:2    ; additive background scattering]]
[2023.04.27-08.18.06:111][  0]LogConfig: Setting CVar [[r.DOF.Scatter.EnableBokehSettings:1      ; bokeh simulation when scattering]]
[2023.04.27-08.18.06:111][  0]LogConfig: Setting CVar [[r.DOF.Scatter.MaxSpriteRatio:0.1         ; only a maximum of 10% of scattered bokeh]]
[2023.04.27-08.18.06:111][  0]LogConfig: Setting CVar [[r.DOF.Recombine.Quality:1                ; cheap slight out of focus]]
[2023.04.27-08.18.06:111][  0]LogConfig: Setting CVar [[r.DOF.Recombine.EnableBokehSettings:0    ; no bokeh simulation on slight out of focus]]
[2023.04.27-08.18.06:111][  0]LogConfig: Setting CVar [[r.DOF.TemporalAAQuality:1                ; more stable temporal accumulation]]
[2023.04.27-08.18.06:111][  0]LogConfig: Setting CVar [[r.DOF.Kernel.MaxForegroundRadius:0.025]]
[2023.04.27-08.18.06:111][  0]LogConfig: Setting CVar [[r.DOF.Kernel.MaxBackgroundRadius:0.025]]
[2023.04.27-08.18.06:111][  0]LogConfig: Applying CVar settings from Section [TextureQuality@3] File [E:/Asus/Documents/GitHub/TheTroubleMakers/Unreal Engine Project/SpeedLimit_UniAzad/Saved/Config/Windows/Scalability.ini]
[2023.04.27-08.18.06:111][  0]LogConfig: Setting CVar [[r.Streaming.MipBias:0]]
[2023.04.27-08.18.06:111][  0]LogConfig: Setting CVar [[r.Streaming.AmortizeCPUToGPUCopy:0]]
[2023.04.27-08.18.06:111][  0]LogConfig: Setting CVar [[r.Streaming.MaxNumTexturesToStreamPerFrame:0]]
[2023.04.27-08.18.06:111][  0]LogConfig: Setting CVar [[r.Streaming.Boost:1]]
[2023.04.27-08.18.06:111][  0]LogConfig: Setting CVar [[r.MaxAnisotropy:8]]
[2023.04.27-08.18.06:111][  0]LogConfig: Setting CVar [[r.VT.MaxAnisotropy:8]]
[2023.04.27-08.18.06:111][  0]LogConfig: Setting CVar [[r.Streaming.LimitPoolSizeToVRAM:0]]
[2023.04.27-08.18.06:111][  0]LogConfig: Setting CVar [[r.Streaming.PoolSize:1000]]
[2023.04.27-08.18.06:111][  0]LogConfig: Setting CVar [[r.Streaming.MaxEffectiveScreenSize:0]]
[2023.04.27-08.18.06:111][  0]LogConfig: Applying CVar settings from Section [EffectsQuality@3] File [E:/Asus/Documents/GitHub/TheTroubleMakers/Unreal Engine Project/SpeedLimit_UniAzad/Saved/Config/Windows/Scalability.ini]
[2023.04.27-08.18.06:111][  0]LogConfig: Setting CVar [[r.TranslucencyLightingVolumeDim:64]]
[2023.04.27-08.18.06:111][  0]LogConfig: Setting CVar [[r.RefractionQuality:2]]
[2023.04.27-08.18.06:111][  0]LogConfig: Setting CVar [[r.SSR.Quality:3]]
[2023.04.27-08.18.06:111][  0]LogConfig: Setting CVar [[r.SSR.HalfResSceneColor:0]]
[2023.04.27-08.18.06:111][  0]LogConfig: Setting CVar [[r.SceneColorFormat:4]]
[2023.04.27-08.18.06:111][  0]LogConfig: Setting CVar [[r.DetailMode:2]]
[2023.04.27-08.18.06:111][  0]LogConfig: Setting CVar [[r.TranslucencyVolumeBlur:1]]
[2023.04.27-08.18.06:111][  0]LogConfig: Setting CVar [[r.MaterialQualityLevel:1 ; High quality]]
[2023.04.27-08.18.06:111][  0]LogConfig: Setting CVar [[r.AnisotropicMaterials:1]]
[2023.04.27-08.18.06:111][  0]LogConfig: Setting CVar [[r.SSS.Scale:1]]
[2023.04.27-08.18.06:111][  0]LogConfig: Setting CVar [[r.SSS.SampleSet:2]]
[2023.04.27-08.18.06:111][  0]LogConfig: Setting CVar [[r.SSS.Quality:1]]
[2023.04.27-08.18.06:111][  0]LogConfig: Setting CVar [[r.SSS.HalfRes:0]]
[2023.04.27-08.18.06:111][  0]LogConfig: Setting CVar [[r.SSGI.Quality:3]]
[2023.04.27-08.18.06:111][  0]LogConfig: Setting CVar [[r.EmitterSpawnRateScale:1.0]]
[2023.04.27-08.18.06:111][  0]LogConfig: Setting CVar [[r.ParticleLightQuality:2]]
[2023.04.27-08.18.06:111][  0]LogConfig: Setting CVar [[r.SkyAtmosphere.AerialPerspectiveLUT.FastApplyOnOpaque:1 ; Always have FastSkyLUT 1 in this case to avoid wrong sky]]
[2023.04.27-08.18.06:111][  0]LogConfig: Setting CVar [[r.SkyAtmosphere.AerialPerspectiveLUT.SampleCountMaxPerSlice:4]]
[2023.04.27-08.18.06:111][  0]LogConfig: Setting CVar [[r.SkyAtmosphere.AerialPerspectiveLUT.DepthResolution:16.0]]
[2023.04.27-08.18.06:111][  0]LogConfig: Setting CVar [[r.SkyAtmosphere.FastSkyLUT:1]]
[2023.04.27-08.18.06:111][  0]LogConfig: Setting CVar [[r.SkyAtmosphere.FastSkyLUT.SampleCountMin:4.0]]
[2023.04.27-08.18.06:111][  0]LogConfig: Setting CVar [[r.SkyAtmosphere.FastSkyLUT.SampleCountMax:128.0]]
[2023.04.27-08.18.06:111][  0]LogConfig: Setting CVar [[r.SkyAtmosphere.SampleCountMin:4.0]]
[2023.04.27-08.18.06:111][  0]LogConfig: Setting CVar [[r.SkyAtmosphere.SampleCountMax:128.0]]
[2023.04.27-08.18.06:111][  0]LogConfig: Setting CVar [[r.SkyAtmosphere.TransmittanceLUT.UseSmallFormat:0]]
[2023.04.27-08.18.06:111][  0]LogConfig: Setting CVar [[r.SkyAtmosphere.TransmittanceLUT.SampleCount:10.0]]
[2023.04.27-08.18.06:111][  0]LogConfig: Setting CVar [[r.SkyAtmosphere.MultiScatteringLUT.SampleCount:15.0]]
[2023.04.27-08.18.06:111][  0]LogConfig: Setting CVar [[r.SkyLight.RealTimeReflectionCapture:1]]
[2023.04.27-08.18.06:111][  0]LogConfig: Applying CVar settings from Section [FoliageQuality@3] File [E:/Asus/Documents/GitHub/TheTroubleMakers/Unreal Engine Project/SpeedLimit_UniAzad/Saved/Config/Windows/Scalability.ini]
[2023.04.27-08.18.06:111][  0]LogConfig: Setting CVar [[foliage.DensityScale:1.0]]
[2023.04.27-08.18.06:111][  0]LogConfig: Setting CVar [[grass.DensityScale:1.0]]
[2023.04.27-08.18.06:111][  0]LogConfig: Applying CVar settings from Section [ShadingQuality@3] File [E:/Asus/Documents/GitHub/TheTroubleMakers/Unreal Engine Project/SpeedLimit_UniAzad/Saved/Config/Windows/Scalability.ini]
[2023.04.27-08.18.06:111][  0]LogConfig: Setting CVar [[r.HairStrands.SkyLighting.IntegrationType:2]]
[2023.04.27-08.18.06:111][  0]LogConfig: Setting CVar [[r.HairStrands.SkyAO.SampleCount:4]]
[2023.04.27-08.18.06:111][  0]LogConfig: Setting CVar [[r.HairStrands.Visibility.MSAA.SamplePerPixel:4]]
[2023.04.27-08.18.06:111][  0]LogInit: Selected Device Profile: [Windows]
[2023.04.27-08.18.06:111][  0]LogInit: Applying CVar settings loaded from the selected device profile: [Windows]
[2023.04.27-08.18.06:111][  0]LogHAL: Display: Platform has ~ 16 GB [16856285184 / 17179869184 / 16], which maps to Larger [LargestMinGB=32, LargerMinGB=12, DefaultMinGB=8, SmallerMinGB=6, SmallestMinGB=0)
[2023.04.27-08.18.06:111][  0]LogInit: Going up to parent DeviceProfile []
[2023.04.27-08.18.06:111][  0]LogConfig: Applying CVar settings from Section [ViewDistanceQuality@3] File [E:/Asus/Documents/GitHub/TheTroubleMakers/Unreal Engine Project/SpeedLimit_UniAzad/Saved/Config/Windows/Scalability.ini]
[2023.04.27-08.18.06:111][  0]LogConfig: Setting CVar [[r.SkeletalMeshLODBias:0]]
[2023.04.27-08.18.06:111][  0]LogConfig: Setting CVar [[r.ViewDistanceScale:1.0]]
[2023.04.27-08.18.06:111][  0]LogConfig: Applying CVar settings from Section [AntiAliasingQuality@3] File [E:/Asus/Documents/GitHub/TheTroubleMakers/Unreal Engine Project/SpeedLimit_UniAzad/Saved/Config/Windows/Scalability.ini]
[2023.04.27-08.18.06:111][  0]LogConfig: Setting CVar [[r.PostProcessAAQuality:4]]
[2023.04.27-08.18.06:111][  0]LogConfig: Applying CVar settings from Section [ShadowQuality@3] File [E:/Asus/Documents/GitHub/TheTroubleMakers/Unreal Engine Project/SpeedLimit_UniAzad/Saved/Config/Windows/Scalability.ini]
[2023.04.27-08.18.06:111][  0]LogConfig: Setting CVar [[r.LightFunctionQuality:1]]
[2023.04.27-08.18.06:111][  0]LogConfig: Setting CVar [[r.ShadowQuality:5]]
[2023.04.27-08.18.06:111][  0]LogConfig: Setting CVar [[r.Shadow.CSM.MaxCascades:10]]
[2023.04.27-08.18.06:111][  0]LogConfig: Setting CVar [[r.Shadow.MaxResolution:2048]]
[2023.04.27-08.18.06:111][  0]LogConfig: Setting CVar [[r.Shadow.MaxCSMResolution:2048]]
[2023.04.27-08.18.06:111][  0]LogConfig: Setting CVar [[r.Shadow.RadiusThreshold:0.01]]
[2023.04.27-08.18.06:111][  0]LogConfig: Setting CVar [[r.Shadow.DistanceScale:1.0]]
[2023.04.27-08.18.06:111][  0]LogConfig: Setting CVar [[r.Shadow.CSM.TransitionScale:1.0]]
[2023.04.27-08.18.06:111][  0]LogConfig: Setting CVar [[r.Shadow.PreShadowResolutionFactor:1.0]]
[2023.04.27-08.18.06:111][  0]LogConfig: Setting CVar [[r.DistanceFieldShadowing:1]]
[2023.04.27-08.18.06:111][  0]LogConfig: Setting CVar [[r.DistanceFieldAO:1]]
[2023.04.27-08.18.06:111][  0]LogConfig: Setting CVar [[r.AOQuality:2]]
[2023.04.27-08.18.06:111][  0]LogConfig: Setting CVar [[r.VolumetricFog:1]]
[2023.04.27-08.18.06:111][  0]LogConfig: Setting CVar [[r.VolumetricFog.GridPixelSize:8]]
[2023.04.27-08.18.06:111][  0]LogConfig: Setting CVar [[r.VolumetricFog.GridSizeZ:128]]
[2023.04.27-08.18.06:111][  0]LogConfig: Setting CVar [[r.VolumetricFog.HistoryMissSupersampleCount:4]]
[2023.04.27-08.18.06:111][  0]LogConfig: Setting CVar [[r.LightMaxDrawDistanceScale:1]]
[2023.04.27-08.18.06:111][  0]LogConfig: Setting CVar [[r.CapsuleShadows:1]]
[2023.04.27-08.18.06:111][  0]LogConfig: Applying CVar settings from Section [PostProcessQuality@3] File [E:/Asus/Documents/GitHub/TheTroubleMakers/Unreal Engine Project/SpeedLimit_UniAzad/Saved/Config/Windows/Scalability.ini]
[2023.04.27-08.18.06:111][  0]LogConfig: Setting CVar [[r.MotionBlurQuality:4]]
[2023.04.27-08.18.06:111][  0]LogConfig: Setting CVar [[r.AmbientOcclusionMipLevelFactor:0.4]]
[2023.04.27-08.18.06:111][  0]LogConfig: Setting CVar [[r.AmbientOcclusionMaxQuality:100]]
[2023.04.27-08.18.06:111][  0]LogConfig: Setting CVar [[r.AmbientOcclusionLevels:-1]]
[2023.04.27-08.18.06:111][  0]LogConfig: Setting CVar [[r.AmbientOcclusionRadiusScale:1.0]]
[2023.04.27-08.18.06:111][  0]LogConfig: Setting CVar [[r.DepthOfFieldQuality:2]]
[2023.04.27-08.18.06:111][  0]LogConfig: Setting CVar [[r.RenderTargetPoolMin:400]]
[2023.04.27-08.18.06:111][  0]LogConfig: Setting CVar [[r.LensFlareQuality:2]]
[2023.04.27-08.18.06:111][  0]LogConfig: Setting CVar [[r.SceneColorFringeQuality:1]]
[2023.04.27-08.18.06:111][  0]LogConfig: Setting CVar [[r.EyeAdaptationQuality:2]]
[2023.04.27-08.18.06:111][  0]LogConfig: Setting CVar [[r.BloomQuality:5]]
[2023.04.27-08.18.06:111][  0]LogConfig: Setting CVar [[r.FastBlurThreshold:100]]
[2023.04.27-08.18.06:111][  0]LogConfig: Setting CVar [[r.Upscale.Quality:3]]
[2023.04.27-08.18.06:111][  0]LogConfig: Setting CVar [[r.Tonemapper.GrainQuantization:1]]
[2023.04.27-08.18.06:111][  0]LogConfig: Setting CVar [[r.LightShaftQuality:1]]
[2023.04.27-08.18.06:111][  0]LogConfig: Setting CVar [[r.Filter.SizeScale:1]]
[2023.04.27-08.18.06:111][  0]LogConfig: Setting CVar [[r.Tonemapper.Quality:5]]
[2023.04.27-08.18.06:111][  0]LogConfig: Setting CVar [[r.DOF.Gather.AccumulatorQuality:1        ; higher gathering accumulator quality]]
[2023.04.27-08.18.06:111][  0]LogConfig: Setting CVar [[r.DOF.Gather.PostfilterMethod:1          ; Median3x3 postfilering method]]
[2023.04.27-08.18.06:111][  0]LogConfig: Setting CVar [[r.DOF.Gather.EnableBokehSettings:0       ; no bokeh simulation when gathering]]
[2023.04.27-08.18.06:111][  0]LogConfig: Setting CVar [[r.DOF.Gather.RingCount:4                 ; medium number of samples when gathering]]
[2023.04.27-08.18.06:111][  0]LogConfig: Setting CVar [[r.DOF.Scatter.ForegroundCompositing:1    ; additive foreground scattering]]
[2023.04.27-08.18.06:111][  0]LogConfig: Setting CVar [[r.DOF.Scatter.BackgroundCompositing:2    ; additive background scattering]]
[2023.04.27-08.18.06:111][  0]LogConfig: Setting CVar [[r.DOF.Scatter.EnableBokehSettings:1      ; bokeh simulation when scattering]]
[2023.04.27-08.18.06:111][  0]LogConfig: Setting CVar [[r.DOF.Scatter.MaxSpriteRatio:0.1         ; only a maximum of 10% of scattered bokeh]]
[2023.04.27-08.18.06:111][  0]LogConfig: Setting CVar [[r.DOF.Recombine.Quality:1                ; cheap slight out of focus]]
[2023.04.27-08.18.06:111][  0]LogConfig: Setting CVar [[r.DOF.Recombine.EnableBokehSettings:0    ; no bokeh simulation on slight out of focus]]
[2023.04.27-08.18.06:111][  0]LogConfig: Setting CVar [[r.DOF.TemporalAAQuality:1                ; more stable temporal accumulation]]
[2023.04.27-08.18.06:111][  0]LogConfig: Setting CVar [[r.DOF.Kernel.MaxForegroundRadius:0.025]]
[2023.04.27-08.18.06:111][  0]LogConfig: Setting CVar [[r.DOF.Kernel.MaxBackgroundRadius:0.025]]
[2023.04.27-08.18.06:111][  0]LogConfig: Applying CVar settings from Section [TextureQuality@3] File [E:/Asus/Documents/GitHub/TheTroubleMakers/Unreal Engine Project/SpeedLimit_UniAzad/Saved/Config/Windows/Scalability.ini]
[2023.04.27-08.18.06:111][  0]LogConfig: Setting CVar [[r.Streaming.MipBias:0]]
[2023.04.27-08.18.06:111][  0]LogConfig: Setting CVar [[r.Streaming.AmortizeCPUToGPUCopy:0]]
[2023.04.27-08.18.06:111][  0]LogConfig: Setting CVar [[r.Streaming.MaxNumTexturesToStreamPerFrame:0]]
[2023.04.27-08.18.06:111][  0]LogConfig: Setting CVar [[r.Streaming.Boost:1]]
[2023.04.27-08.18.06:111][  0]LogConfig: Setting CVar [[r.MaxAnisotropy:8]]
[2023.04.27-08.18.06:111][  0]LogConfig: Setting CVar [[r.VT.MaxAnisotropy:8]]
[2023.04.27-08.18.06:111][  0]LogConfig: Setting CVar [[r.Streaming.LimitPoolSizeToVRAM:0]]
[2023.04.27-08.18.06:111][  0]LogConfig: Setting CVar [[r.Streaming.PoolSize:1000]]
[2023.04.27-08.18.06:111][  0]LogConfig: Setting CVar [[r.Streaming.MaxEffectiveScreenSize:0]]
[2023.04.27-08.18.06:111][  0]LogConfig: Applying CVar settings from Section [EffectsQuality@3] File [E:/Asus/Documents/GitHub/TheTroubleMakers/Unreal Engine Project/SpeedLimit_UniAzad/Saved/Config/Windows/Scalability.ini]
[2023.04.27-08.18.06:111][  0]LogConfig: Setting CVar [[r.TranslucencyLightingVolumeDim:64]]
[2023.04.27-08.18.06:111][  0]LogConfig: Setting CVar [[r.RefractionQuality:2]]
[2023.04.27-08.18.06:111][  0]LogConfig: Setting CVar [[r.SSR.Quality:3]]
[2023.04.27-08.18.06:112][  0]LogConfig: Setting CVar [[r.SSR.HalfResSceneColor:0]]
[2023.04.27-08.18.06:112][  0]LogConfig: Setting CVar [[r.SceneColorFormat:4]]
[2023.04.27-08.18.06:112][  0]LogConfig: Setting CVar [[r.DetailMode:2]]
[2023.04.27-08.18.06:112][  0]LogConfig: Setting CVar [[r.TranslucencyVolumeBlur:1]]
[2023.04.27-08.18.06:112][  0]LogConfig: Setting CVar [[r.MaterialQualityLevel:1 ; High quality]]
[2023.04.27-08.18.06:112][  0]LogConfig: Setting CVar [[r.AnisotropicMaterials:1]]
[2023.04.27-08.18.06:112][  0]LogConfig: Setting CVar [[r.SSS.Scale:1]]
[2023.04.27-08.18.06:112][  0]LogConfig: Setting CVar [[r.SSS.SampleSet:2]]
[2023.04.27-08.18.06:112][  0]LogConfig: Setting CVar [[r.SSS.Quality:1]]
[2023.04.27-08.18.06:112][  0]LogConfig: Setting CVar [[r.SSS.HalfRes:0]]
[2023.04.27-08.18.06:112][  0]LogConfig: Setting CVar [[r.SSGI.Quality:3]]
[2023.04.27-08.18.06:112][  0]LogConfig: Setting CVar [[r.EmitterSpawnRateScale:1.0]]
[2023.04.27-08.18.06:112][  0]LogConfig: Setting CVar [[r.ParticleLightQuality:2]]
[2023.04.27-08.18.06:112][  0]LogConfig: Setting CVar [[r.SkyAtmosphere.AerialPerspectiveLUT.FastApplyOnOpaque:1 ; Always have FastSkyLUT 1 in this case to avoid wrong sky]]
[2023.04.27-08.18.06:112][  0]LogConfig: Setting CVar [[r.SkyAtmosphere.AerialPerspectiveLUT.SampleCountMaxPerSlice:4]]
[2023.04.27-08.18.06:112][  0]LogConfig: Setting CVar [[r.SkyAtmosphere.AerialPerspectiveLUT.DepthResolution:16.0]]
[2023.04.27-08.18.06:112][  0]LogConfig: Setting CVar [[r.SkyAtmosphere.FastSkyLUT:1]]
[2023.04.27-08.18.06:112][  0]LogConfig: Setting CVar [[r.SkyAtmosphere.FastSkyLUT.SampleCountMin:4.0]]
[2023.04.27-08.18.06:112][  0]LogConfig: Setting CVar [[r.SkyAtmosphere.FastSkyLUT.SampleCountMax:128.0]]
[2023.04.27-08.18.06:112][  0]LogConfig: Setting CVar [[r.SkyAtmosphere.SampleCountMin:4.0]]
[2023.04.27-08.18.06:112][  0]LogConfig: Setting CVar [[r.SkyAtmosphere.SampleCountMax:128.0]]
[2023.04.27-08.18.06:112][  0]LogConfig: Setting CVar [[r.SkyAtmosphere.TransmittanceLUT.UseSmallFormat:0]]
[2023.04.27-08.18.06:112][  0]LogConfig: Setting CVar [[r.SkyAtmosphere.TransmittanceLUT.SampleCount:10.0]]
[2023.04.27-08.18.06:112][  0]LogConfig: Setting CVar [[r.SkyAtmosphere.MultiScatteringLUT.SampleCount:15.0]]
[2023.04.27-08.18.06:112][  0]LogConfig: Setting CVar [[r.SkyLight.RealTimeReflectionCapture:1]]
[2023.04.27-08.18.06:112][  0]LogConfig: Applying CVar settings from Section [FoliageQuality@3] File [E:/Asus/Documents/GitHub/TheTroubleMakers/Unreal Engine Project/SpeedLimit_UniAzad/Saved/Config/Windows/Scalability.ini]
[2023.04.27-08.18.06:112][  0]LogConfig: Setting CVar [[foliage.DensityScale:1.0]]
[2023.04.27-08.18.06:112][  0]LogConfig: Setting CVar [[grass.DensityScale:1.0]]
[2023.04.27-08.18.06:112][  0]LogConfig: Applying CVar settings from Section [ShadingQuality@3] File [E:/Asus/Documents/GitHub/TheTroubleMakers/Unreal Engine Project/SpeedLimit_UniAzad/Saved/Config/Windows/Scalability.ini]
[2023.04.27-08.18.06:112][  0]LogConfig: Setting CVar [[r.HairStrands.SkyLighting.IntegrationType:2]]
[2023.04.27-08.18.06:112][  0]LogConfig: Setting CVar [[r.HairStrands.SkyAO.SampleCount:4]]
[2023.04.27-08.18.06:112][  0]LogConfig: Setting CVar [[r.HairStrands.Visibility.MSAA.SamplePerPixel:4]]
[2023.04.27-08.18.06:112][  0]LogConfig: Applying CVar settings from Section [Startup] File [../../../Engine/Config/ConsoleVariables.ini]
[2023.04.27-08.18.06:112][  0]LogConfig: Setting CVar [[net.UseAdaptiveNetUpdateFrequency:0]]
[2023.04.27-08.18.06:112][  0]LogConfig: Setting CVar [[p.chaos.AllowCreatePhysxBodies:1]]
[2023.04.27-08.18.06:112][  0]LogConfig: Setting CVar [[fx.SkipVectorVMBackendOptimizations:1]]
[2023.04.27-08.18.06:112][  0]LogConfig: Applying CVar settings from Section [ConsoleVariables] File [E:/Asus/Documents/GitHub/TheTroubleMakers/Unreal Engine Project/SpeedLimit_UniAzad/Saved/Config/Windows/Engine.ini]
[2023.04.27-08.18.06:112][  0]LogConfig: Applying CVar settings from Section [ConsoleVariables] File [E:/Asus/Documents/GitHub/TheTroubleMakers/Unreal Engine Project/SpeedLimit_UniAzad/Saved/Config/Windows/Editor.ini]
[2023.04.27-08.18.06:112][  0]LogInit: Computer: LAPTOP-ENHDEN5K
[2023.04.27-08.18.06:112][  0]LogInit: User: Asus
[2023.04.27-08.18.06:112][  0]LogInit: CPU Page size=4096, Cores=4
[2023.04.27-08.18.06:112][  0]LogInit: High frequency timer resolution =10.000000 MHz
[2023.04.27-08.18.06:112][  0]LogMemory: Memory total: Physical=15.7GB (16GB approx)
[2023.04.27-08.18.06:112][  0]LogMemory: Platform Memory Stats for Windows
[2023.04.27-08.18.06:112][  0]LogMemory: Process Physical Memory: 143.71 MB used, 143.71 MB peak
[2023.04.27-08.18.06:112][  0]LogMemory: Process Virtual Memory: 128.82 MB used, 128.82 MB peak
[2023.04.27-08.18.06:112][  0]LogMemory: Physical Memory: 10100.83 MB used,  5974.57 MB free, 16075.41 MB total
[2023.04.27-08.18.06:112][  0]LogMemory: Virtual Memory: 134212864.00 MB used,  4863.09 MB free, 134217728.00 MB total
[2023.04.27-08.18.06:117][  0]LogWindows: WindowsPlatformFeatures enabled
[2023.04.27-08.18.06:155][  0]LogInit: Physics initialised using underlying interface: PhysX
[2023.04.27-08.18.06:156][  0]LogInit: Using OS detected language (en-US).
[2023.04.27-08.18.06:156][  0]LogInit: Using OS detected locale (en-US).
[2023.04.27-08.18.06:157][  0]LogTextLocalizationManager: No specific localization for 'en-US' exists, so the 'en' localization will be used.
[2023.04.27-08.18.06:334][  0]LogInit: Setting process to per monitor DPI aware
[2023.04.27-08.18.06:351][  0]LogWindowsTextInputMethodSystem: Display: IME system deactivated.
[2023.04.27-08.18.06:362][  0]LogSlate: New Slate User Created.  User Index 0, Is Virtual User: 0
[2023.04.27-08.18.06:362][  0]LogSlate: Slate User Registered.  User Index 0, Is Virtual User: 0
[2023.04.27-08.18.06:446][  0]LogD3D11RHI: Loaded GFSDK_Aftermath_Lib.x64.dll
[2023.04.27-08.18.06:478][  0]LogHMD: Failed to initialize OpenVR with code 110
[2023.04.27-08.18.06:478][  0]LogD3D11RHI: D3D11 min allowed feature level: 11_0
[2023.04.27-08.18.06:478][  0]LogD3D11RHI: D3D11 max allowed feature level: 11_0
[2023.04.27-08.18.06:478][  0]LogD3D11RHI: D3D11 adapters:
[2023.04.27-08.18.06:600][  0]LogD3D11RHI:    0. 'NVIDIA GeForce MX450' (Feature Level 11_0)
[2023.04.27-08.18.06:600][  0]LogD3D11RHI:       1920/0/8037 MB DedicatedVideo/DedicatedSystem/SharedSystem, Outputs:2, VendorId:0x10de
[2023.04.27-08.18.06:631][  0]LogD3D11RHI:    1. 'Intel(R) Iris(R) Xe Graphics' (Feature Level 11_0)
[2023.04.27-08.18.06:631][  0]LogD3D11RHI:       128/0/8037 MB DedicatedVideo/DedicatedSystem/SharedSystem, Outputs:0, VendorId:0x8086
[2023.04.27-08.18.06:633][  0]LogD3D11RHI:    2. 'Microsoft Basic Render Driver' (Feature Level 11_0)
[2023.04.27-08.18.06:633][  0]LogD3D11RHI:       0/0/8037 MB DedicatedVideo/DedicatedSystem/SharedSystem, Outputs:0, VendorId:0x1414
[2023.04.27-08.18.06:633][  0]LogD3D11RHI: Chosen D3D11 Adapter: 0
[2023.04.27-08.18.06:640][  0]LogD3D11RHI: Creating new Direct3DDevice
[2023.04.27-08.18.06:640][  0]LogD3D11RHI:     GPU DeviceId: 0x1f97 (for the marketing name, search the web for "GPU Device Id")
[2023.04.27-08.18.06:640][  0]LogWindows: EnumDisplayDevices:
[2023.04.27-08.18.06:640][  0]LogWindows:    0. 'Intel(R) Iris(R) Xe Graphics' (P:1 D:1)
[2023.04.27-08.18.06:641][  0]LogWindows:    1. 'Intel(R) Iris(R) Xe Graphics' (P:0 D:1)
[2023.04.27-08.18.06:641][  0]LogWindows:    2. 'Intel(R) Iris(R) Xe Graphics' (P:0 D:0)
[2023.04.27-08.18.06:641][  0]LogWindows:    3. 'Intel(R) Iris(R) Xe Graphics' (P:0 D:0)
[2023.04.27-08.18.06:641][  0]LogWindows: DebugString: PrimaryIsNotTheChoosenAdapter PrimaryIsNotTheChoosenAdapter PrimaryIsNotTheChoosenAdapter PrimaryIsNotTheChoosenAdapter FoundDriverCount:0 
[2023.04.27-08.18.06:641][  0]LogD3D11RHI:     Adapter Name: NVIDIA GeForce MX450
[2023.04.27-08.18.06:641][  0]LogD3D11RHI:   Driver Version: Unknown (internal:Unknown, unified:Unknown)
[2023.04.27-08.18.06:641][  0]LogD3D11RHI:      Driver Date: Unknown
[2023.04.27-08.18.06:641][  0]LogRHI: Texture pool is 1344 MB (70% of 1920 MB)
[2023.04.27-08.18.06:708][  0]LogD3D11RHI: RHI has support for 64 bit atomics
[2023.04.27-08.18.06:708][  0]LogD3D11RHI: Async texture creation enabled
[2023.04.27-08.18.06:708][  0]LogD3D11RHI: Array index from any shader is supported
[2023.04.27-08.18.06:722][  0]LogD3D11RHI: GPU Timing Frequency: 1000.000000 (Debug: 2 1)
[2023.04.27-08.18.06:745][  0]LogRHI: GeForceNow SDK initialized: 1
[2023.04.27-08.18.07:014][  0]LogTargetPlatformManager: Display: Loaded TargetPlatform 'AllDesktop'
[2023.04.27-08.18.07:028][  0]LogTargetPlatformManager: Display: Loaded TargetPlatform 'Android'
[2023.04.27-08.18.07:028][  0]LogTargetPlatformManager: Display: Loaded TargetPlatform 'Android_ASTC'
[2023.04.27-08.18.07:028][  0]LogTargetPlatformManager: Display: Loaded TargetPlatform 'Android_DXT'
[2023.04.27-08.18.07:028][  0]LogTargetPlatformManager: Display: Loaded TargetPlatform 'Android_ETC2'
[2023.04.27-08.18.07:028][  0]LogTargetPlatformManager: Display: Loaded TargetPlatform 'AndroidClient'
[2023.04.27-08.18.07:028][  0]LogTargetPlatformManager: Display: Loaded TargetPlatform 'Android_ASTCClient'
[2023.04.27-08.18.07:028][  0]LogTargetPlatformManager: Display: Loaded TargetPlatform 'Android_DXTClient'
[2023.04.27-08.18.07:028][  0]LogTargetPlatformManager: Display: Loaded TargetPlatform 'Android_ETC2Client'
[2023.04.27-08.18.07:028][  0]LogTargetPlatformManager: Display: Loaded TargetPlatform 'Android_Multi'
[2023.04.27-08.18.07:028][  0]LogTargetPlatformManager: Display: Loaded TargetPlatform 'Android_MultiClient'
[2023.04.27-08.18.07:041][  0]LogTargetPlatformManager: Display: Loaded TargetPlatform 'IOSClient'
[2023.04.27-08.18.07:041][  0]LogTargetPlatformManager: Display: Loaded TargetPlatform 'IOS'
[2023.04.27-08.18.07:048][  0]LogTargetPlatformManager: Display: Loaded TargetPlatform 'Linux'
[2023.04.27-08.18.07:052][  0]LogTargetPlatformManager: Display: Loaded TargetPlatform 'LinuxNoEditor'
[2023.04.27-08.18.07:055][  0]LogTargetPlatformManager: Display: Loaded TargetPlatform 'LinuxClient'
[2023.04.27-08.18.07:059][  0]LogTargetPlatformManager: Display: Loaded TargetPlatform 'LinuxServer'
[2023.04.27-08.18.07:066][  0]LogTargetPlatformManager: Display: Loaded TargetPlatform 'LinuxAArch64NoEditor'
[2023.04.27-08.18.07:070][  0]LogTargetPlatformManager: Display: Loaded TargetPlatform 'LinuxAArch64Client'
[2023.04.27-08.18.07:074][  0]LogTargetPlatformManager: Display: Loaded TargetPlatform 'LinuxAArch64Server'
[2023.04.27-08.18.07:091][  0]LogTargetPlatformManager: Display: Loaded TargetPlatform 'Lumin'
[2023.04.27-08.18.07:091][  0]LogTargetPlatformManager: Display: Loaded TargetPlatform 'LuminClient'
[2023.04.27-08.18.07:096][  0]LogTargetPlatformManager: Display: Loaded TargetPlatform 'MacNoEditor'
[2023.04.27-08.18.07:100][  0]LogTargetPlatformManager: Display: Loaded TargetPlatform 'Mac'
[2023.04.27-08.18.07:103][  0]LogTargetPlatformManager: Display: Loaded TargetPlatform 'MacClient'
[2023.04.27-08.18.07:107][  0]LogTargetPlatformManager: Display: Loaded TargetPlatform 'MacServer'
[2023.04.27-08.18.07:115][  0]LogTargetPlatformManager: Display: Loaded TargetPlatform 'TVOSClient'
[2023.04.27-08.18.07:115][  0]LogTargetPlatformManager: Display: Loaded TargetPlatform 'TVOS'
[2023.04.27-08.18.07:122][  0]LogTargetPlatformManager: Display: Loaded TargetPlatform 'WindowsNoEditor'
[2023.04.27-08.18.07:125][  0]LogTargetPlatformManager: Display: Loaded TargetPlatform 'Windows'
[2023.04.27-08.18.07:129][  0]LogTargetPlatformManager: Display: Loaded TargetPlatform 'WindowsClient'
[2023.04.27-08.18.07:132][  0]LogTargetPlatformManager: Display: Loaded TargetPlatform 'WindowsServer'
[2023.04.27-08.18.07:132][  0]LogTargetPlatformManager: Display: Building Assets For Windows
[2023.04.27-08.18.07:137][  0]LogAudioDebug: Display: Lib vorbis DLL was dynamically loaded.
[2023.04.27-08.18.07:155][  0]LogTextureFormatOodle: Display: Oodle Texture 2.9.0 init RDO Off
[2023.04.27-08.18.07:175][  0]LogRendererCore: Ray tracing is disabled. Reason: r.RayTracing=0.
[2023.04.27-08.18.07:176][  0]LogShaderCompilers: Guid format shader working directory is -53 characters bigger than the processId version (../../../../../../Asus/Documents/GitHub/TheTroubleMakers/Unreal Engine Project/SpeedLimit_UniAzad/Intermediate/Shaders/WorkingDirectory/19496/).
[2023.04.27-08.18.07:176][  0]LogShaderCompilers: Cleaned the shader compiler working directory 'C:/Users/Asus/AppData/Local/Temp/UnrealShaderWorkingDir/911AAB05487932DEADB65790BE607EBC/'.
[2023.04.27-08.18.07:176][  0]LogXGEController: Cannot use XGE Controller as Incredibuild is not installed on this machine.
[2023.04.27-08.18.07:176][  0]LogShaderCompilers: Cannot use XGE Shader Compiler as Incredibuild is not installed on this machine.
[2023.04.27-08.18.07:176][  0]LogShaderCompilers: Display: Using Local Shader Compiler.
[2023.04.27-08.18.07:738][  0]LogDerivedDataCache: Display: Max Cache Size: 512 MB
[2023.04.27-08.18.07:791][  0]LogDerivedDataCache: Loaded boot cache 0.05s 95MB C:/Users/Asus/AppData/Local/UnrealEngine/4.27/DerivedDataCache/Boot.ddc.
[2023.04.27-08.18.07:792][  0]LogDerivedDataCache: Display: Loaded Boot cache: C:/Users/Asus/AppData/Local/UnrealEngine/4.27/DerivedDataCache/Boot.ddc
[2023.04.27-08.18.07:792][  0]LogDerivedDataCache: FDerivedDataBackendGraph:  Pak pak cache file ../../../../../../Asus/Documents/GitHub/TheTroubleMakers/Unreal Engine Project/SpeedLimit_UniAzad/DerivedDataCache/DDC.ddp not found, will not use a pak cache.
[2023.04.27-08.18.07:792][  0]LogDerivedDataCache: Unable to find inner node Pak for hierarchical cache Hierarchy.
[2023.04.27-08.18.07:792][  0]LogDerivedDataCache: FDerivedDataBackendGraph:  CompressedPak pak cache file ../../../../../../Asus/Documents/GitHub/TheTroubleMakers/Unreal Engine Project/SpeedLimit_UniAzad/DerivedDataCache/Compressed.ddp not found, will not use a pak cache.
[2023.04.27-08.18.07:792][  0]LogDerivedDataCache: Unable to find inner node CompressedPak for hierarchical cache Hierarchy.
[2023.04.27-08.18.07:804][  0]LogDerivedDataCache: Display: Pak cache opened for reading ../../../Engine/DerivedDataCache/Compressed.ddp.
[2023.04.27-08.18.07:804][  0]LogDerivedDataCache: FDerivedDataBackendGraph:  EnterprisePak pak cache file ../../../Enterprise/DerivedDataCache/Compressed.ddp not found, will not use a pak cache.
[2023.04.27-08.18.07:804][  0]LogDerivedDataCache: Unable to find inner node EnterprisePak for hierarchical cache Hierarchy.
[2023.04.27-08.18.07:810][  0]LogDerivedDataCache: Speed tests for C:/Users/Asus/AppData/Local/UnrealEngine/Common/DerivedDataCache took 0.01 seconds
[2023.04.27-08.18.07:810][  0]LogDerivedDataCache: Display: Performance to C:/Users/Asus/AppData/Local/UnrealEngine/Common/DerivedDataCache: Latency=0.01ms. RandomReadSpeed=976.46MBs, RandomWriteSpeed=204.14MBs. Assigned SpeedClass 'Local'
[2023.04.27-08.18.07:811][  0]LogDerivedDataCache: Using Local data cache path C:/Users/Asus/AppData/Local/UnrealEngine/Common/DerivedDataCache: Writable
[2023.04.27-08.18.07:812][  0]LogDerivedDataCache: Shared data cache path not found in *engine.ini, will not use an Shared cache.
[2023.04.27-08.18.07:812][  0]LogDerivedDataCache: Unable to find inner node Shared for hierarchical cache Hierarchy.
[2023.04.27-08.18.07:853][  0]LogSlate: Using FreeType 2.10.0
[2023.04.27-08.18.07:854][  0]LogSlate: SlateFontServices - WITH_FREETYPE: 1, WITH_HARFBUZZ: 1
[2023.04.27-08.18.07:876][  0]LogAssetRegistry: FAssetRegistry took 0.0026 seconds to start up
[2023.04.27-08.18.08:129][  0]LogInit: Selected Device Profile: [Windows]
[2023.04.27-08.18.08:129][  0]LogInit: Active device profile: [000001522ABAEC00][000001521E63F300 49] Windows
[2023.04.27-08.18.08:129][  0]LogInit: Profiles: [000001522ABAEC00][000001521E63F300 49] Windows, [000001522AB54C00][000001522AA655C0 49] WindowsNoEditor, [000001522ABAE800][000001522AA69880 49] WindowsServer, [000001522ABAD700][000001522AA6DB40 49] WindowsClient, [000001522ABAE900][0000015227F9E280 49] IOS, [000001522AB56200][000001522AA5A540 49] iPadAir, [000001522AB60300][0000015227FA2800 49] iPadAir2, [000001522AAF9300][0000015227FB6D40 49] IPadPro, [000001522AAF9400][0000015227FA6D80 49] iPadAir3, [000001522AB60200][000001521E643000 49] iPadAir4, [000001522AAF8200][0000015227FAB2C0 49] iPadMini2, [000001522AB60100][0000015227FB3580 49] iPadMini3, [000001522AAFAC00][00000152281D3840 49] iPadMini4, [000001522AB63B00][000001522A32FB00 49] iPadMini5, [000001522AB57700][000001521E65C4C0 49] iPhone6, [000001522AB57000][000001522A332500 49] iPodTouch6, [000001522AAFBC00][000001521E664A40 49] iPhone7, [000001522AAFBB00][000001522A33AA80 49] iPodTouch7, [000001522AB54300][000001521E658D40 49] iPhone5S, [000001522AAF8A00][0000015227FAEFC0 49] iPhone6Plus, [000001522AB57300][000001522A337240 49] iPhone6S, [000001522AAFB800][0000015227E09500 49] iPhone6SPlus, [000001522AB57F00][000001521F1F57C0 49] iPhone7Plus, [000001522AAF9000][000001521F1F1A80 49] iPhoneSE, [000001522AB54200][0000015227AEC1C0 49] iPhone8, [000001522AAF9F00][0000015227AE8480 49] iPhone8Plus, [000001522AB55200][0000015223BE2740 49] iPhoneX, [000001522AAF9C00][000001521F274A00 49] iPhoneXS, [000001522AB56900][0000015227DCCCC0 49] iPhoneXSMax, [000001522AAFB200][0000015227DD0F80 49] iPhoneXR, [000001522AB55400][000001521E661200 49] iPhone11, [000001522AAF9B00][0000015227DD5480 49] iPhone11Pro, [000001522AB56300][0000015227DDD740 49] iPhone11ProMax, [000001522AAF9700][0000015227DE1A00 49] iPhoneSE2, [000001522AB55E00][0000015227DE4140 49] iPhone12Mini, [000001522AAFA500][0000015227DE8400 49] iPhone12, [000001522AB57100][0000015227DEC6C0 49] iPhone12Pro, [000001522AAFBF00][0000015227DF0980 49] iPhone12ProMax, [000001522AB54700][0000015227DF4C40 49] iPadPro105, [000001522AAF8E00][0000015227AACF00 49] iPadPro129, [000001522AB57800][0000015227AB11C0 49] iPadPro97, [000001522AAF8600][0000015227DD9440 49] iPadPro2_129, [000001522AB54F00][0000015227AB56C0 49] iPad5, [000001522AAF9600][0000015227ABD980 49] iPad6, [000001522AB56600][0000015227AC00C0 49] iPad7, [000001522AAFB400][0000015227AC4380 49] iPad8, [000001522AB55D00][0000015227AC8640 49] iPadPro11, [000001522AAF9900][0000015227ACC900 49] iPadPro2_11, [000001522AB55800][0000015227AD0BC0 49] iPadPro3_129, [000001522AAF9800][0000015227AD4E80 49] iPadPro4_129, [000001522AB56C00][0000015227AD9140 49] AppleTV, [000001522AAFBD00][0000015227ADD400 49] AppleTV4K, [000001522AB54600][0000015227AB9680 49] TVOS, [000001522AAFBE00][0000015227AE1900 49] Mac, [000001522AB54B00][000001522AA17BC0 49] MacClient, [000001522AAFBA00][000001522AA1A300 49] MacNoEditor, [000001522AB55500][000001522AA1E5C0 49] MacServer, [000001522AAFA100][000001522AA22880 49] Linux, [000001522AB57600][000001522AA26B40 49] LinuxAArch64, [000001522AAF8100][000001522AA2AE00 49] LinuxNoEditor, [000001522AB57E00][000001522AA2F0C0 49] LinuxAArch64NoEditor, [000001522AAFAE00][000001522AA33380 49] LinuxClient, [000001522AB56D00][000001522AA37640 49] LinuxAArch64Client, [000001522AAF8900][0000015227AE58C0 49] LinuxServer, [000001522AB55900][000001522AA3BB40 49] LinuxAArch64Server, [000001522AAFB000][000001522AA42280 49] Android, [000001522AB55F00][000001522AA46540 49] Android_Low, [000001522AAFB300][000001522AA4A800 49] Android_Mid, [000001522AB57D00][000001522AA4EAC0 49] Android_High, [000001522ABAC200][0000015223B48D80 49] Android_Default, [000001522AB62400][0000015223B4D040 49] Android_Adreno4xx, [000001522ABAE000][0000015223B51300 49] Android_Adreno5xx_Low, [000001522AB60F00][0000015223B555C0 49] Android_Adreno5xx, [000001522ABAD300][0000015223B59880 49] Android_Adreno6xx, [000001522AB60800][000001522AA3FB00 49] Android_Adreno6xx_Vulkan, [000001522ABAD100][0000015223B5C200 49] Android_Mali_T6xx, [000001522AB63100][0000015223B644C0 49] Android_Mali_T7xx, [000001522ABAC500][0000015223B68780 49] Android_Mali_T8xx, [000001522AB63D00][0000015223B6CA40 49] Android_Mali_G71, [000001522ABAC300][0000015223B70D00 49] Android_Mali_G72, [000001522AB61A00][0000015223B74FC0 49] Android_Mali_G72_Vulkan, [000001522ABAD500][0000015223B79280 49] Android_Mali_G76, [000001522AB60600][0000015223B7D540 49] Android_Mali_G76_Vulkan, [000001522ABAC600][0000015223B81800 49] Android_Mali_G77, [000001522AB62000][0000015223B85AC0 49] Android_Mali_G77_Vulkan, [000001522ABADB00][0000015223B601C0 49] Android_Mali_G78, [000001522AB60C00][0000015223B88440 49] Android_Mali_G78_Vulkan, [000001522ABACB00][0000015223B90700 49] Android_Mali_G710, [000001522AB62600][0000015223B949C0 49] Android_Mali_G710_Vulkan, [000001522ABAC700][0000015223B98C80 49] Android_Vulkan_SM5, [000001522AB63800][0000015223B9CF40 49] Android_PowerVR_G6xxx, [000001522ABAE200][0000015223BA1200 49] Android_PowerVR_GT7xxx, [000001522AB63000][0000015223BA54C0 49] Android_PowerVR_GE8xxx, [000001522AB57200][0000015223BA9780 49] Android_PowerVR_GM9xxx, [000001522AAFA800][0000015223BADA40 49] Android_PowerVR_GM9xxx_Vulkan, [000001522AB63900][0000015223BB0180 49] Android_TegraK1, [000001522AAFA300][0000015223B8C400 49] Android_Unknown_Vulkan, [000001522AB62900][000001521F15E6C0 49] Lumin, [000001522ABAEE00][000001521F162980 49] Lumin_Desktop, [000001522AB55700][000001521F166C40 49] HoloLens, 
[2023.04.27-08.18.08:240][  0]LogMeshReduction: Using QuadricMeshReduction for automatic static mesh reduction
[2023.04.27-08.18.08:240][  0]LogMeshReduction: Using SimplygonMeshReduction for automatic skeletal mesh reduction
[2023.04.27-08.18.08:240][  0]LogMeshReduction: Using ProxyLODMeshReduction for automatic mesh merging
[2023.04.27-08.18.08:240][  0]LogMeshReduction: No distributed automatic mesh merging module available
[2023.04.27-08.18.08:240][  0]LogMeshMerging: No distributed automatic mesh merging module available
[2023.04.27-08.18.08:251][  0]LogNetVersion: SpeedLimit_UniAzad 1.0.0, NetCL: 17155196, EngineNetVer: 17, GameNetVer: 0 (Checksum: 2338214234)
[2023.04.27-08.18.08:562][  0]LogTexture: Default maximum texture size for cubemaps generated from long-lat sources has been changed from 512 to unlimited. In order to preserve old behaiour for '/Engine/MapTemplates/Sky/DaylightAmbientCubemap.DaylightAmbientCubemap', its maximum texture size has been explicitly set to 512.
[2023.04.27-08.18.08:611][  0]LogHMD: PokeAHoleMaterial loaded successfully
[2023.04.27-08.18.08:616][  0]LogUObjectArray: 17178 objects as part of root set at end of initial load.
[2023.04.27-08.18.08:616][  0]LogUObjectAllocator: 4301856 out of 0 bytes used by permanent object pool.
[2023.04.27-08.18.08:616][  0]LogUObjectArray: CloseDisregardForGC: 0/0 objects in disregard for GC pool
[2023.04.27-08.18.08:787][  0]LogPython: Using Python 3.7.7
[2023.04.27-08.18.09:167][  0]LogNiagaraDebuggerClient: Niagara Debugger Client Initialized | Session: 45BEFEEF4056AB1C2B8CFC851076DD8D | Instance: D7A5536B48AD32B20351C5A134FA28D9 (LAPTOP-ENHDEN5K-19496).
[2023.04.27-08.18.09:282][  0]LogStreaming: Warning: Failed to read file '../../../Engine/Content/Editor/Slate/Niagara/MenuSeparator.png' error.
[2023.04.27-08.18.09:282][  0]LogSlate: Could not find file for Slate resource: ../../../Engine/Content/Editor/Slate/Niagara/MenuSeparator.png
[2023.04.27-08.18.09:282][  0]LogStreaming: Warning: Failed to read file '../../../Engine/Content/Editor/Slate/Niagara/Common/Selector.png' error.
[2023.04.27-08.18.09:282][  0]LogSlate: Could not find file for Slate resource: ../../../Engine/Content/Editor/Slate/Niagara/Common/Selector.png
[2023.04.27-08.18.09:282][  0]LogStreaming: Warning: Failed to read file '../../../Engine/Content/Editor/Slate/Niagara/Common/Selection.png' error.
[2023.04.27-08.18.09:282][  0]LogSlate: Could not find file for Slate resource: ../../../Engine/Content/Editor/Slate/Niagara/Common/Selection.png
[2023.04.27-08.18.09:282][  0]LogStreaming: Warning: Failed to read file '../../../Engine/Content/Editor/Slate/Niagara/Common/DropZoneIndicator_Above.png' error.
[2023.04.27-08.18.09:282][  0]LogSlate: Could not find file for Slate resource: ../../../Engine/Content/Editor/Slate/Niagara/Common/DropZoneIndicator_Above.png
[2023.04.27-08.18.09:282][  0]LogStreaming: Warning: Failed to read file '../../../Engine/Content/Editor/Slate/Niagara/Common/DropZoneIndicator_Onto.png' error.
[2023.04.27-08.18.09:282][  0]LogSlate: Could not find file for Slate resource: ../../../Engine/Content/Editor/Slate/Niagara/Common/DropZoneIndicator_Onto.png
[2023.04.27-08.18.09:282][  0]LogStreaming: Warning: Failed to read file '../../../Engine/Content/Editor/Slate/Niagara/Common/RoundedSelection_16x.png' error.
[2023.04.27-08.18.09:282][  0]LogSlate: Could not find file for Slate resource: ../../../Engine/Content/Editor/Slate/Niagara/Common/RoundedSelection_16x.png
[2023.04.27-08.18.09:282][  0]LogStreaming: Warning: Failed to read file '../../../Engine/Content/Editor/Slate/Niagara/Common/DropZoneIndicator_Below.png' error.
[2023.04.27-08.18.09:282][  0]LogStreaming: Warning: Failed to read file '../../../Engine/Content/Editor/Slate/Niagara/Common/FlatButton.png' error.
[2023.04.27-08.18.09:282][  0]LogSlate: Could not find file for Slate resource: ../../../Engine/Content/Editor/Slate/Niagara/Common/FlatButton.png
[2023.04.27-08.18.09:282][  0]LogSlate: Could not find file for Slate resource: ../../../Engine/Content/Editor/Slate/Niagara/Common/DropZoneIndicator_Below.png
[2023.04.27-08.18.09:282][  0]LogImageWrapper: Warning: PNG Warning: Duplicate iCCP chunk
[2023.04.27-08.18.09:282][  0]LogImageWrapper: Warning: PNG Warning: Duplicate iCCP chunk
[2023.04.27-08.18.09:282][  0]LogTcpMessaging: Initializing TcpMessaging bridge
[2023.04.27-08.18.09:286][  0]LogUdpMessaging: Initializing bridge on interface 0.0.0.0:0 to multicast group 230.0.0.1:6666.
[2023.04.27-08.18.09:404][  0]SourceControl: Source control is disabled
[2023.04.27-08.18.09:404][  0]SourceControl: Source control is disabled
[2023.04.27-08.18.09:407][  0]SourceControl: Source control is disabled
[2023.04.27-08.18.09:410][  0]SourceControl: Source control is disabled
[2023.04.27-08.18.09:416][  0]SourceControl: Source control is disabled
[2023.04.27-08.18.09:418][  0]LogUProjectInfo: Found projects:
[2023.04.27-08.18.09:529][  0]LogOpenImageDenoise: OIDN starting up
[2023.04.27-08.18.09:604][  0]LogAndroidPermission: UAndroidPermissionCallbackProxy::GetInstance
[2023.04.27-08.18.09:622][  0]LogAudioCaptureCore: Display: No Audio Capture implementations found. Audio input will be silent.
[2023.04.27-08.18.09:622][  0]LogAudioCaptureCore: Display: No Audio Capture implementations found. Audio input will be silent.
[2023.04.27-08.18.09:722][  0]LogCollectionManager: Loaded 0 collections in 0.000460 seconds
[2023.04.27-08.18.09:739][  0]LogFileCache: Scanning file cache for directory 'E:/Asus/Documents/GitHub/TheTroubleMakers/Unreal Engine Project/SpeedLimit_UniAzad/Saved/Collections/' took 0.00s
[2023.04.27-08.18.09:739][  0]LogFileCache: Scanning file cache for directory 'E:/Asus/Documents/GitHub/TheTroubleMakers/Unreal Engine Project/SpeedLimit_UniAzad/Content/Developers/Asus/Collections/' took 0.00s
[2023.04.27-08.18.09:739][  0]LogFileCache: Scanning file cache for directory 'E:/Asus/Documents/GitHub/TheTroubleMakers/Unreal Engine Project/SpeedLimit_UniAzad/Content/Collections/' took 0.00s
[2023.04.27-08.18.09:739][  0]LogOcInput: OculusInput pre-init called
[2023.04.27-08.18.09:934][  0]LogStreaming: Warning: Failed to read file '../../../Engine/Content/Editor/Slate/Niagara/MenuSeparator.png' error.
[2023.04.27-08.18.09:934][  0]LogSlate: Could not find file for Slate resource: ../../../Engine/Content/Editor/Slate/Niagara/MenuSeparator.png
[2023.04.27-08.18.09:934][  0]LogStreaming: Warning: Failed to read file '../../../Engine/Content/Editor/Slate/Niagara/Common/Selector.png' error.
[2023.04.27-08.18.09:934][  0]LogSlate: Could not find file for Slate resource: ../../../Engine/Content/Editor/Slate/Niagara/Common/Selector.png
[2023.04.27-08.18.09:934][  0]LogStreaming: Warning: Failed to read file '../../../Engine/Content/Editor/Slate/Niagara/Common/DropZoneIndicator_Above.png' error.
[2023.04.27-08.18.09:934][  0]LogSlate: Could not find file for Slate resource: ../../../Engine/Content/Editor/Slate/Niagara/Common/DropZoneIndicator_Above.png
[2023.04.27-08.18.09:934][  0]LogStreaming: Warning: Failed to read file '../../../Engine/Content/Editor/Slate/Niagara/Common/Selection.png' error.
[2023.04.27-08.18.09:934][  0]LogSlate: Could not find file for Slate resource: ../../../Engine/Content/Editor/Slate/Niagara/Common/Selection.png
[2023.04.27-08.18.09:934][  0]LogStreaming: Warning: Failed to read file '../../../Engine/Content/Editor/Slate/Niagara/Common/DropZoneIndicator_Onto.png' error.
[2023.04.27-08.18.09:934][  0]LogSlate: Could not find file for Slate resource: ../../../Engine/Content/Editor/Slate/Niagara/Common/DropZoneIndicator_Onto.png
[2023.04.27-08.18.09:934][  0]LogStreaming: Warning: Failed to read file '../../../Engine/Content/Editor/Slate/Niagara/Common/DropZoneIndicator_Below.png' error.
[2023.04.27-08.18.09:934][  0]LogSlate: Could not find file for Slate resource: ../../../Engine/Content/Editor/Slate/Niagara/Common/DropZoneIndicator_Below.png
[2023.04.27-08.18.09:934][  0]LogStreaming: Warning: Failed to read file '../../../Engine/Content/Editor/Slate/Niagara/Common/RoundedSelection_16x.png' error.
[2023.04.27-08.18.09:934][  0]LogStreaming: Warning: Failed to read file '../../../Engine/Content/Editor/Slate/Niagara/Common/FlatButton.png' error.
[2023.04.27-08.18.09:934][  0]LogSlate: Could not find file for Slate resource: ../../../Engine/Content/Editor/Slate/Niagara/Common/FlatButton.png
[2023.04.27-08.18.09:934][  0]LogSlate: Could not find file for Slate resource: ../../../Engine/Content/Editor/Slate/Niagara/Common/RoundedSelection_16x.png
[2023.04.27-08.18.09:934][  0]LogImageWrapper: Warning: PNG Warning: Duplicate iCCP chunk
[2023.04.27-08.18.09:934][  0]LogImageWrapper: Warning: PNG Warning: Duplicate iCCP chunk
[2023.04.27-08.18.09:934][  0]LogEngine: Initializing Engine...
[2023.04.27-08.18.09:936][  0]LogHMD: Failed to enumerate extensions. Please check that you have a valid OpenXR runtime installed.
[2023.04.27-08.18.09:936][  0]LogHMD: Failed to initialize OpenVR with code 110
[2023.04.27-08.18.09:936][  0]LogMagicLeap: Warning: VR disabled because ZI is not enabled.  To enable, in the editor, Edit -> Project Settings -> Plugins -> Magic Leap Plugin -> Enable Zero Iteration
[2023.04.27-08.18.09:937][  0]LogStats: UGameplayTagsManager::InitializeManager -  0.000 s
[2023.04.27-08.18.10:037][  0]LogInit: Initializing FReadOnlyCVARCache
[2023.04.27-08.18.10:044][  0]LogAIModule: Creating AISystem for world Untitled
[2023.04.27-08.18.10:046][  0]LogAudio: Display: Initializing Audio Device Manager...
[2023.04.27-08.18.10:048][  0]LogAudio: Display: Loading Default Audio Settings Objects...
[2023.04.27-08.18.10:049][  0]LogAudio: Display: No default SoundConcurrencyObject specified (or failed to load).
[2023.04.27-08.18.10:049][  0]LogAudio: Display: Audio Device Manager Initialized
[2023.04.27-08.18.10:049][  0]LogAudio: Display: Creating Audio Device:                 Id: 1, Scope: Shared, Realtime: True
[2023.04.27-08.18.10:049][  0]LogAudioMixer: Display: Audio Mixer Platform Settings:
[2023.04.27-08.18.10:049][  0]LogAudioMixer: Display: 	Sample Rate:						  48000
[2023.04.27-08.18.10:049][  0]LogAudioMixer: Display: 	Callback Buffer Frame Size Requested: 1024
[2023.04.27-08.18.10:049][  0]LogAudioMixer: Display: 	Callback Buffer Frame Size To Use:	  1024
[2023.04.27-08.18.10:049][  0]LogAudioMixer: Display: 	Number of buffers to queue:			  2
[2023.04.27-08.18.10:049][  0]LogAudioMixer: Display: 	Max Channels (voices):				  32
[2023.04.27-08.18.10:049][  0]LogAudioMixer: Display: 	Number of Async Source Workers:		  0
[2023.04.27-08.18.10:049][  0]LogAudio: Display: AudioDevice MaxSources: 32
[2023.04.27-08.18.10:049][  0]LogAudio: Display: Audio Spatialization Plugin: None (built-in).
[2023.04.27-08.18.10:049][  0]LogAudio: Display: Audio Reverb Plugin: None (built-in).
[2023.04.27-08.18.10:049][  0]LogAudio: Display: Audio Occlusion Plugin: None (built-in).
[2023.04.27-08.18.10:049][  0]LogAudioMixer: Display: Initializing audio mixer.
[2023.04.27-08.18.10:059][  0]LogAudioMixer: Display: 0: FrontLeft
[2023.04.27-08.18.10:059][  0]LogAudioMixer: Display: 1: FrontRight
[2023.04.27-08.18.10:372][  0]LogAudioMixer: Display: Using Audio Device Headphones (QCY-T13)
[2023.04.27-08.18.10:374][  0]LogAudioMixer: Display: Initializing Sound Submixes...
[2023.04.27-08.18.10:378][  0]LogAudioMixer: Display: Creating Master Submix 'MasterSubmixDefault'
[2023.04.27-08.18.10:378][  0]LogAudioMixer: Display: Creating Master Submix 'MasterReverbSubmixDefault'
[2023.04.27-08.18.10:380][  0]LogAudioMixer: Display: Creating Master Submix 'MasterEQSubmixDefault'
[2023.04.27-08.18.10:380][  0]LogAudioMixer: FMixerPlatformXAudio2::StartAudioStream() called
[2023.04.27-08.18.10:380][  0]LogAudioMixer: Display: Output buffers initialized: Frames=1024, Channels=2, Samples=2048
[2023.04.27-08.18.10:383][  0]LogAudioMixer: Display: Starting AudioMixerPlatformInterface::RunInternal()
[2023.04.27-08.18.10:383][  0]LogAudioMixer: Display: FMixerPlatformXAudio2::SubmitBuffer() called for the first time
[2023.04.27-08.18.10:383][  0]LogInit: FAudioDevice initialized.
[2023.04.27-08.18.10:383][  0]LogAudio: Display: Audio Device (ID: 1) registered with world 'Untitled'.
[2023.04.27-08.18.10:383][  0]LogNetVersion: Set ProjectVersion to 1.0.0.0. Version Checksum will be recalculated on next use.
[2023.04.27-08.18.10:440][  0]LogDerivedDataCache: Saved boot cache 0.06s 95MB C:/Users/Asus/AppData/Local/UnrealEngine/4.27/DerivedDataCache/Boot.ddc.
[2023.04.27-08.18.10:443][  0]LogInit: Texture streaming: Enabled
[2023.04.27-08.18.10:451][  0]LogAnalytics: Display: [UEEditor.Rocket.Release] APIServer = https://datarouter.ol.epicgames.com/. AppVersion = 4.27.0-17155196+++UE4+Release-4.27
[2023.04.27-08.18.10:454][  0]LogEngineSessionManager: EngineSessionManager initialized
[2023.04.27-08.18.10:454][  0]LogEditorSessionSummary: Verbose: Initializing EditorSessionSummaryWriter for editor session tracking
[2023.04.27-08.18.10:455][  0]LogEditorSessionSummary: EditorSessionSummaryWriter initialized
[2023.04.27-08.18.10:475][  0]LogInit: Transaction tracking system initialized
[2023.04.27-08.18.10:491][  0]BlueprintLog: New page: Editor Load
[2023.04.27-08.18.10:536][  0]LocalizationService: Localization service is disabled
[2023.04.27-08.18.10:553][  0]TimingProfiler: Initialize
[2023.04.27-08.18.10:553][  0]TimingProfiler: OnSessionChanged
[2023.04.27-08.18.10:553][  0]LoadingProfiler: Initialize
[2023.04.27-08.18.10:555][  0]LoadingProfiler: OnSessionChanged
[2023.04.27-08.18.10:555][  0]NetworkingProfiler: Initialize
[2023.04.27-08.18.10:555][  0]NetworkingProfiler: OnSessionChanged
[2023.04.27-08.18.10:555][  0]MemoryProfiler: Initialize
[2023.04.27-08.18.10:555][  0]MemoryProfiler: OnSessionChanged
[2023.04.27-08.18.10:658][  0]LogCook: Display: CookSettings for Memory: MemoryMaxUsedVirtual 0MiB, MemoryMaxUsedPhysical 16384MiB, MemoryMinFreeVirtual 0MiB, MemoryMinFreePhysical 1024MiB
[2023.04.27-08.18.10:658][  0]LogCook: Display: Mobile HDR setting 1
[2023.04.27-08.18.10:784][  0]LogFileCache: Scanning file cache for directory 'E:/Asus/Documents/GitHub/TheTroubleMakers/Unreal Engine Project/SpeedLimit_UniAzad/Content/' took 0.00s
[2023.04.27-08.18.10:970][  0]LogStreaming: Warning: Failed to read file '../../../Engine/Content/Editor/Slate/Niagara/MenuSeparator.png' error.
[2023.04.27-08.18.10:970][  0]LogSlate: Could not find file for Slate resource: ../../../Engine/Content/Editor/Slate/Niagara/MenuSeparator.png
[2023.04.27-08.18.10:970][  0]LogStreaming: Warning: Failed to read file '../../../Engine/Content/Editor/Slate/Niagara/Common/Selector.png' error.
[2023.04.27-08.18.10:970][  0]LogSlate: Could not find file for Slate resource: ../../../Engine/Content/Editor/Slate/Niagara/Common/Selector.png
[2023.04.27-08.18.10:970][  0]LogStreaming: Warning: Failed to read file '../../../Engine/Content/Editor/Slate/Niagara/Common/DropZoneIndicator_Above.png' error.
[2023.04.27-08.18.10:970][  0]LogSlate: Could not find file for Slate resource: ../../../Engine/Content/Editor/Slate/Niagara/Common/DropZoneIndicator_Above.png
[2023.04.27-08.18.10:970][  0]LogStreaming: Warning: Failed to read file '../../../Engine/Content/Editor/Slate/Niagara/Common/Selection.png' error.
[2023.04.27-08.18.10:970][  0]LogSlate: Could not find file for Slate resource: ../../../Engine/Content/Editor/Slate/Niagara/Common/Selection.png
[2023.04.27-08.18.10:970][  0]LogStreaming: Warning: Failed to read file '../../../Engine/Content/Editor/Slate/Niagara/Common/DropZoneIndicator_Onto.png' error.
[2023.04.27-08.18.10:970][  0]LogSlate: Could not find file for Slate resource: ../../../Engine/Content/Editor/Slate/Niagara/Common/DropZoneIndicator_Onto.png
[2023.04.27-08.18.10:970][  0]LogStreaming: Warning: Failed to read file '../../../Engine/Content/Editor/Slate/Niagara/Common/DropZoneIndicator_Below.png' error.
[2023.04.27-08.18.10:970][  0]LogSlate: Could not find file for Slate resource: ../../../Engine/Content/Editor/Slate/Niagara/Common/DropZoneIndicator_Below.png
[2023.04.27-08.18.10:970][  0]LogStreaming: Warning: Failed to read file '../../../Engine/Content/Editor/Slate/Niagara/Common/RoundedSelection_16x.png' error.
[2023.04.27-08.18.10:970][  0]LogSlate: Could not find file for Slate resource: ../../../Engine/Content/Editor/Slate/Niagara/Common/RoundedSelection_16x.png
[2023.04.27-08.18.10:970][  0]LogStreaming: Warning: Failed to read file '../../../Engine/Content/Editor/Slate/Niagara/Common/FlatButton.png' error.
[2023.04.27-08.18.10:970][  0]LogSlate: Could not find file for Slate resource: ../../../Engine/Content/Editor/Slate/Niagara/Common/FlatButton.png
[2023.04.27-08.18.10:970][  0]LogImageWrapper: Warning: PNG Warning: Duplicate iCCP chunk
[2023.04.27-08.18.10:970][  0]LogImageWrapper: Warning: PNG Warning: Duplicate iCCP chunk
[2023.04.27-08.18.10:970][  0]LogInit: Display: Engine is initialized. Leaving FEngineLoop::Init()
[2023.04.27-08.18.10:974][  0]SourceControl: Source control is disabled
[2023.04.27-08.18.10:974][  0]LogUnrealEdMisc: Loading editor; pre map load, took 5.858
[2023.04.27-08.18.10:974][  0]LightingResults: New page: Lighting Build
[2023.04.27-08.18.10:975][  0]LogWorld: UWorld::CleanupWorld for Untitled, bSessionEnded=true, bCleanupResources=true
[2023.04.27-08.18.10:975][  0]LogSlate: InvalidateAllWidgets triggered.  All widgets were invalidated
[2023.04.27-08.18.10:975][  0]MapCheck: New page: Map Check
[2023.04.27-08.18.10:975][  0]LightingResults: New page: Lighting Build
[2023.04.27-08.18.10:978][  0]LogAudio: Display: Audio Device unregistered from world 'None'.
[2023.04.27-08.18.10:982][  0]LogUObjectHash: Compacting FUObjectHashTables data took   0.79ms
[2023.04.27-08.18.11:077][  0]LogLinker: Warning: [AssetLog] E:\Asus\Documents\GitHub\TheTroubleMakers\Unreal Engine Project\SpeedLimit_UniAzad\Content\StarterContent\Architecture\Floor_400x400.uasset: Failed to load '/Game/StarterContent/Materials/M_Basic_Floor': Can't find file.
[2023.04.27-08.18.11:077][  0]LogLinker: Warning: [AssetLog] E:\Asus\Documents\GitHub\TheTroubleMakers\Unreal Engine Project\SpeedLimit_UniAzad\Content\StarterContent\Architecture\Floor_400x400.uasset: Failed to load '/Game/StarterContent/Materials/M_Basic_Floor': Can't find file.
[2023.04.27-08.18.11:077][  0]LogLinker: Warning: [AssetLog] E:\Asus\Documents\GitHub\TheTroubleMakers\Unreal Engine Project\SpeedLimit_UniAzad\Content\StarterContent\Architecture\Floor_400x400.uasset: Failed to load '/Game/StarterContent/Materials/M_Basic_Floor': Can't find file.
[2023.04.27-08.18.11:108][  0]LogLinker: Warning: [AssetLog] E:\Asus\Documents\GitHub\TheTroubleMakers\Unreal Engine Project\SpeedLimit_UniAzad\Content\StarterContent\Architecture\Floor_400x400.uasset: Failed to load '/Game/StarterContent/Materials/M_Basic_Floor': Can't find file.
[2023.04.27-08.18.11:108][  0]LoadErrors: Failed to load /Game/StarterContent/Materials/M_Basic_Floor.M_Basic_Floor Referenced by Floor_400x400
[2023.04.27-08.18.11:108][  0]LogLinker: Warning: [AssetLog] E:\Asus\Documents\GitHub\TheTroubleMakers\Unreal Engine Project\SpeedLimit_UniAzad\Content\StarterContent\Architecture\Floor_400x400.uasset: Failed to load '/Game/StarterContent/Materials/M_Basic_Floor': Can't find file.
[2023.04.27-08.18.11:108][  0]LoadErrors: Failed to load /Game/StarterContent/Materials/M_Basic_Floor.M_Basic_Floor Referenced by Floor_400x400
[2023.04.27-08.18.12:175][  0]LogAudio: Display: Audio Device (ID: 1) registered with world 'Minimal_Default'.
[2023.04.27-08.18.12:176][  0]LogAIModule: Creating AISystem for world Minimal_Default
[2023.04.27-08.18.12:209][  0]LogEditorServer: Finished looking for orphan Actors (0.000 secs)
[2023.04.27-08.18.12:235][  0]LogUObjectHash: Compacting FUObjectHashTables data took   1.48ms
[2023.04.27-08.18.12:237][  0]Cmd: MAP CHECKDEP NOCLEARLOG
[2023.04.27-08.18.12:237][  0]MapCheck: Map check complete: 0 Error(s), 0 Warning(s), took 0.104ms to complete.
[2023.04.27-08.18.12:237][  0]LogFileHelpers: Loading map 'Minimal_Default' took 1.264
[2023.04.27-08.18.12:240][  0]LogUnrealEdMisc: Total Editor Startup Time, took 7.124
[2023.04.27-08.18.12:371][  0]LogSlate: Updating window title bar state: overlay mode, drag disabled, window buttons hidden, title bar hidden
[2023.04.27-08.18.12:375][  0]LogSlate: Updating window title bar state: overlay mode, drag disabled, window buttons hidden, title bar hidden
[2023.04.27-08.18.12:382][  0]LogSlate: Updating window title bar state: overlay mode, drag disabled, window buttons hidden, title bar hidden
[2023.04.27-08.18.12:386][  0]LogSlate: Updating window title bar state: overlay mode, drag disabled, window buttons hidden, title bar hidden
[2023.04.27-08.18.12:397][  0]LogNativeClassHierarchy: Verbose: Native class hierarchy populated in 0.0080 seconds. Added 3822 classes and 928 folders.
[2023.04.27-08.18.12:399][  0]LogNativeClassHierarchy: Verbose: Native class hierarchy updated for 'WidgetCarousel' in 0.0002 seconds. Added 0 classes and 0 folders.
[2023.04.27-08.18.12:400][  0]LogPakFile: PakFile PrimaryIndexSize=187
[2023.04.27-08.18.12:400][  0]LogPakFile: PakFile PathHashIndexSize=101
[2023.04.27-08.18.12:400][  0]LogPakFile: PakFile FullDirectoryIndexSize=148
[2023.04.27-08.18.12:400][  0]LogShaderLibrary: Display: ShaderCodeLibraryPakFileMountedCallback: PakFile 'E:/Downloads/unreal_engine_v4.27_compiled/Unreal Engine v4.27 Compiled/FeaturePacks/FP_FirstPerson.upack' (chunk index -1, root 'root:/') mounted
[2023.04.27-08.18.12:400][  0]LogShaderLibrary: Display: ShaderCodeLibraryPakFileMountedCallback: pending pak file info (ChunkID:-1 Root:root:/ File:E:/Downloads/unreal_engine_v4.27_compiled/Unreal Engine v4.27 Compiled/FeaturePacks/FP_FirstPerson.upack)
[2023.04.27-08.18.12:400][  0]LogPakFile: OnPakFileMounted2Time == 0.000066
[2023.04.27-08.18.12:401][  0]LogPakFile: PakFile PrimaryIndexSize=189
[2023.04.27-08.18.12:401][  0]LogPakFile: PakFile PathHashIndexSize=101
[2023.04.27-08.18.12:401][  0]LogPakFile: PakFile FullDirectoryIndexSize=152
[2023.04.27-08.18.12:401][  0]LogShaderLibrary: Display: ShaderCodeLibraryPakFileMountedCallback: PakFile 'E:/Downloads/unreal_engine_v4.27_compiled/Unreal Engine v4.27 Compiled/FeaturePacks/FP_FirstPersonBP.upack' (chunk index -1, root 'root:/') mounted
[2023.04.27-08.18.12:401][  0]LogShaderLibrary: Display: ShaderCodeLibraryPakFileMountedCallback: pending pak file info (ChunkID:-1 Root:root:/ File:E:/Downloads/unreal_engine_v4.27_compiled/Unreal Engine v4.27 Compiled/FeaturePacks/FP_FirstPersonBP.upack)
[2023.04.27-08.18.12:401][  0]LogPakFile: OnPakFileMounted2Time == 0.000033
[2023.04.27-08.18.12:401][  0]LogPakFile: PakFile PrimaryIndexSize=191
[2023.04.27-08.18.12:401][  0]LogPakFile: PakFile PathHashIndexSize=101
[2023.04.27-08.18.12:401][  0]LogPakFile: PakFile FullDirectoryIndexSize=160
[2023.04.27-08.18.12:401][  0]LogShaderLibrary: Display: ShaderCodeLibraryPakFileMountedCallback: PakFile 'E:/Downloads/unreal_engine_v4.27_compiled/Unreal Engine v4.27 Compiled/FeaturePacks/MobileStarterContent.upack' (chunk index -1, root 'root:/') mounted
[2023.04.27-08.18.12:401][  0]LogShaderLibrary: Display: ShaderCodeLibraryPakFileMountedCallback: pending pak file info (ChunkID:-1 Root:root:/ File:E:/Downloads/unreal_engine_v4.27_compiled/Unreal Engine v4.27 Compiled/FeaturePacks/MobileStarterContent.upack)
[2023.04.27-08.18.12:401][  0]LogPakFile: OnPakFileMounted2Time == 0.000039
[2023.04.27-08.18.12:402][  0]LogPakFile: PakFile PrimaryIndexSize=185
[2023.04.27-08.18.12:402][  0]LogPakFile: PakFile PathHashIndexSize=101
[2023.04.27-08.18.12:402][  0]LogPakFile: PakFile FullDirectoryIndexSize=148
[2023.04.27-08.18.12:402][  0]LogShaderLibrary: Display: ShaderCodeLibraryPakFileMountedCallback: PakFile 'E:/Downloads/unreal_engine_v4.27_compiled/Unreal Engine v4.27 Compiled/FeaturePacks/StarterContent.upack' (chunk index -1, root 'root:/') mounted
[2023.04.27-08.18.12:402][  0]LogShaderLibrary: Display: ShaderCodeLibraryPakFileMountedCallback: pending pak file info (ChunkID:-1 Root:root:/ File:E:/Downloads/unreal_engine_v4.27_compiled/Unreal Engine v4.27 Compiled/FeaturePacks/StarterContent.upack)
[2023.04.27-08.18.12:402][  0]LogPakFile: OnPakFileMounted2Time == 0.000031
[2023.04.27-08.18.12:402][  0]LogPakFile: PakFile PrimaryIndexSize=190
[2023.04.27-08.18.12:402][  0]LogPakFile: PakFile PathHashIndexSize=101
[2023.04.27-08.18.12:402][  0]LogPakFile: PakFile FullDirectoryIndexSize=154
[2023.04.27-08.18.12:402][  0]LogShaderLibrary: Display: ShaderCodeLibraryPakFileMountedCallback: PakFile 'E:/Downloads/unreal_engine_v4.27_compiled/Unreal Engine v4.27 Compiled/FeaturePacks/TP_2DSideScroller.upack' (chunk index -1, root 'root:/') mounted
[2023.04.27-08.18.12:402][  0]LogShaderLibrary: Display: ShaderCodeLibraryPakFileMountedCallback: pending pak file info (ChunkID:-1 Root:root:/ File:E:/Downloads/unreal_engine_v4.27_compiled/Unreal Engine v4.27 Compiled/FeaturePacks/TP_2DSideScroller.upack)
[2023.04.27-08.18.12:402][  0]LogPakFile: OnPakFileMounted2Time == 0.000047
[2023.04.27-08.18.12:403][  0]LogPakFile: PakFile PrimaryIndexSize=192
[2023.04.27-08.18.12:403][  0]LogPakFile: PakFile PathHashIndexSize=101
[2023.04.27-08.18.12:403][  0]LogPakFile: PakFile FullDirectoryIndexSize=158
[2023.04.27-08.18.12:403][  0]LogShaderLibrary: Display: ShaderCodeLibraryPakFileMountedCallback: PakFile 'E:/Downloads/unreal_engine_v4.27_compiled/Unreal Engine v4.27 Compiled/FeaturePacks/TP_2DSideScrollerBP.upack' (chunk index -1, root 'root:/') mounted
[2023.04.27-08.18.12:403][  0]LogShaderLibrary: Display: ShaderCodeLibraryPakFileMountedCallback: pending pak file info (ChunkID:-1 Root:root:/ File:E:/Downloads/unreal_engine_v4.27_compiled/Unreal Engine v4.27 Compiled/FeaturePacks/TP_2DSideScrollerBP.upack)
[2023.04.27-08.18.12:403][  0]LogPakFile: OnPakFileMounted2Time == 0.000031
[2023.04.27-08.18.12:403][  0]LogPakFile: PakFile PrimaryIndexSize=182
[2023.04.27-08.18.12:403][  0]LogPakFile: PakFile PathHashIndexSize=101
[2023.04.27-08.18.12:403][  0]LogPakFile: PakFile FullDirectoryIndexSize=138
[2023.04.27-08.18.12:403][  0]LogShaderLibrary: Display: ShaderCodeLibraryPakFileMountedCallback: PakFile 'E:/Downloads/unreal_engine_v4.27_compiled/Unreal Engine v4.27 Compiled/FeaturePacks/TP_Flying.upack' (chunk index -1, root 'root:/') mounted
[2023.04.27-08.18.12:403][  0]LogShaderLibrary: Display: ShaderCodeLibraryPakFileMountedCallback: pending pak file info (ChunkID:-1 Root:root:/ File:E:/Downloads/unreal_engine_v4.27_compiled/Unreal Engine v4.27 Compiled/FeaturePacks/TP_Flying.upack)
[2023.04.27-08.18.12:403][  0]LogPakFile: OnPakFileMounted2Time == 0.000028
[2023.04.27-08.18.12:404][  0]LogPakFile: PakFile PrimaryIndexSize=184
[2023.04.27-08.18.12:404][  0]LogPakFile: PakFile PathHashIndexSize=101
[2023.04.27-08.18.12:404][  0]LogPakFile: PakFile FullDirectoryIndexSize=142
[2023.04.27-08.18.12:404][  0]LogShaderLibrary: Display: ShaderCodeLibraryPakFileMountedCallback: PakFile 'E:/Downloads/unreal_engine_v4.27_compiled/Unreal Engine v4.27 Compiled/FeaturePacks/TP_FlyingBP.upack' (chunk index -1, root 'root:/') mounted
[2023.04.27-08.18.12:404][  0]LogShaderLibrary: Display: ShaderCodeLibraryPakFileMountedCallback: pending pak file info (ChunkID:-1 Root:root:/ File:E:/Downloads/unreal_engine_v4.27_compiled/Unreal Engine v4.27 Compiled/FeaturePacks/TP_FlyingBP.upack)
[2023.04.27-08.18.12:404][  0]LogPakFile: OnPakFileMounted2Time == 0.000055
[2023.04.27-08.18.12:404][  0]LogPakFile: PakFile PrimaryIndexSize=188
[2023.04.27-08.18.12:404][  0]LogPakFile: PakFile PathHashIndexSize=101
[2023.04.27-08.18.12:404][  0]LogPakFile: PakFile FullDirectoryIndexSize=150
[2023.04.27-08.18.12:404][  0]LogShaderLibrary: Display: ShaderCodeLibraryPakFileMountedCallback: PakFile 'E:/Downloads/unreal_engine_v4.27_compiled/Unreal Engine v4.27 Compiled/FeaturePacks/TP_HandheldARBP.upack' (chunk index -1, root 'root:/') mounted
[2023.04.27-08.18.12:404][  0]LogShaderLibrary: Display: ShaderCodeLibraryPakFileMountedCallback: pending pak file info (ChunkID:-1 Root:root:/ File:E:/Downloads/unreal_engine_v4.27_compiled/Unreal Engine v4.27 Compiled/FeaturePacks/TP_HandheldARBP.upack)
[2023.04.27-08.18.12:404][  0]LogPakFile: OnPakFileMounted2Time == 0.000028
[2023.04.27-08.18.12:404][  0]LogPakFile: PakFile PrimaryIndexSize=182
[2023.04.27-08.18.12:404][  0]LogPakFile: PakFile PathHashIndexSize=101
[2023.04.27-08.18.12:404][  0]LogPakFile: PakFile FullDirectoryIndexSize=138
[2023.04.27-08.18.12:404][  0]LogShaderLibrary: Display: ShaderCodeLibraryPakFileMountedCallback: PakFile 'E:/Downloads/unreal_engine_v4.27_compiled/Unreal Engine v4.27 Compiled/FeaturePacks/TP_Puzzle.upack' (chunk index -1, root 'root:/') mounted
[2023.04.27-08.18.12:404][  0]LogShaderLibrary: Display: ShaderCodeLibraryPakFileMountedCallback: pending pak file info (ChunkID:-1 Root:root:/ File:E:/Downloads/unreal_engine_v4.27_compiled/Unreal Engine v4.27 Compiled/FeaturePacks/TP_Puzzle.upack)
[2023.04.27-08.18.12:404][  0]LogPakFile: OnPakFileMounted2Time == 0.000025
[2023.04.27-08.18.12:406][  0]LogPakFile: PakFile PrimaryIndexSize=184
[2023.04.27-08.18.12:406][  0]LogPakFile: PakFile PathHashIndexSize=101
[2023.04.27-08.18.12:406][  0]LogPakFile: PakFile FullDirectoryIndexSize=142
[2023.04.27-08.18.12:406][  0]LogShaderLibrary: Display: ShaderCodeLibraryPakFileMountedCallback: PakFile 'E:/Downloads/unreal_engine_v4.27_compiled/Unreal Engine v4.27 Compiled/FeaturePacks/TP_PuzzleBP.upack' (chunk index -1, root 'root:/') mounted
[2023.04.27-08.18.12:406][  0]LogShaderLibrary: Display: ShaderCodeLibraryPakFileMountedCallback: pending pak file info (ChunkID:-1 Root:root:/ File:E:/Downloads/unreal_engine_v4.27_compiled/Unreal Engine v4.27 Compiled/FeaturePacks/TP_PuzzleBP.upack)
[2023.04.27-08.18.12:406][  0]LogPakFile: OnPakFileMounted2Time == 0.000029
[2023.04.27-08.18.12:406][  0]LogPakFile: PakFile PrimaryIndexSize=183
[2023.04.27-08.18.12:406][  0]LogPakFile: PakFile PathHashIndexSize=101
[2023.04.27-08.18.12:406][  0]LogPakFile: PakFile FullDirectoryIndexSize=140
[2023.04.27-08.18.12:406][  0]LogShaderLibrary: Display: ShaderCodeLibraryPakFileMountedCallback: PakFile 'E:/Downloads/unreal_engine_v4.27_compiled/Unreal Engine v4.27 Compiled/FeaturePacks/TP_Rolling.upack' (chunk index -1, root 'root:/') mounted
[2023.04.27-08.18.12:406][  0]LogShaderLibrary: Display: ShaderCodeLibraryPakFileMountedCallback: pending pak file info (ChunkID:-1 Root:root:/ File:E:/Downloads/unreal_engine_v4.27_compiled/Unreal Engine v4.27 Compiled/FeaturePacks/TP_Rolling.upack)
[2023.04.27-08.18.12:406][  0]LogPakFile: OnPakFileMounted2Time == 0.000029
[2023.04.27-08.18.12:406][  0]LogPakFile: PakFile PrimaryIndexSize=185
[2023.04.27-08.18.12:406][  0]LogPakFile: PakFile PathHashIndexSize=101
[2023.04.27-08.18.12:406][  0]LogPakFile: PakFile FullDirectoryIndexSize=144
[2023.04.27-08.18.12:406][  0]LogShaderLibrary: Display: ShaderCodeLibraryPakFileMountedCallback: PakFile 'E:/Downloads/unreal_engine_v4.27_compiled/Unreal Engine v4.27 Compiled/FeaturePacks/TP_RollingBP.upack' (chunk index -1, root 'root:/') mounted
[2023.04.27-08.18.12:406][  0]LogShaderLibrary: Display: ShaderCodeLibraryPakFileMountedCallback: pending pak file info (ChunkID:-1 Root:root:/ File:E:/Downloads/unreal_engine_v4.27_compiled/Unreal Engine v4.27 Compiled/FeaturePacks/TP_RollingBP.upack)
[2023.04.27-08.18.12:406][  0]LogPakFile: OnPakFileMounted2Time == 0.000027
[2023.04.27-08.18.12:406][  0]LogPakFile: PakFile PrimaryIndexSize=188
[2023.04.27-08.18.12:406][  0]LogPakFile: PakFile PathHashIndexSize=101
[2023.04.27-08.18.12:406][  0]LogPakFile: PakFile FullDirectoryIndexSize=150
[2023.04.27-08.18.12:406][  0]LogShaderLibrary: Display: ShaderCodeLibraryPakFileMountedCallback: PakFile 'E:/Downloads/unreal_engine_v4.27_compiled/Unreal Engine v4.27 Compiled/FeaturePacks/TP_SideScroller.upack' (chunk index -1, root 'root:/') mounted
[2023.04.27-08.18.12:407][  0]LogShaderLibrary: Display: ShaderCodeLibraryPakFileMountedCallback: pending pak file info (ChunkID:-1 Root:root:/ File:E:/Downloads/unreal_engine_v4.27_compiled/Unreal Engine v4.27 Compiled/FeaturePacks/TP_SideScroller.upack)
[2023.04.27-08.18.12:407][  0]LogPakFile: OnPakFileMounted2Time == 0.000027
[2023.04.27-08.18.12:407][  0]LogPakFile: PakFile PrimaryIndexSize=190
[2023.04.27-08.18.12:407][  0]LogPakFile: PakFile PathHashIndexSize=101
[2023.04.27-08.18.12:407][  0]LogPakFile: PakFile FullDirectoryIndexSize=154
[2023.04.27-08.18.12:407][  0]LogShaderLibrary: Display: ShaderCodeLibraryPakFileMountedCallback: PakFile 'E:/Downloads/unreal_engine_v4.27_compiled/Unreal Engine v4.27 Compiled/FeaturePacks/TP_SideScrollerBP.upack' (chunk index -1, root 'root:/') mounted
[2023.04.27-08.18.12:407][  0]LogShaderLibrary: Display: ShaderCodeLibraryPakFileMountedCallback: pending pak file info (ChunkID:-1 Root:root:/ File:E:/Downloads/unreal_engine_v4.27_compiled/Unreal Engine v4.27 Compiled/FeaturePacks/TP_SideScrollerBP.upack)
[2023.04.27-08.18.12:407][  0]LogPakFile: OnPakFileMounted2Time == 0.000033
[2023.04.27-08.18.12:407][  0]LogPakFile: PakFile PrimaryIndexSize=187
[2023.04.27-08.18.12:407][  0]LogPakFile: PakFile PathHashIndexSize=101
[2023.04.27-08.18.12:407][  0]LogPakFile: PakFile FullDirectoryIndexSize=148
[2023.04.27-08.18.12:407][  0]LogShaderLibrary: Display: ShaderCodeLibraryPakFileMountedCallback: PakFile 'E:/Downloads/unreal_engine_v4.27_compiled/Unreal Engine v4.27 Compiled/FeaturePacks/TP_ThirdPerson.upack' (chunk index -1, root 'root:/') mounted
[2023.04.27-08.18.12:407][  0]LogShaderLibrary: Display: ShaderCodeLibraryPakFileMountedCallback: pending pak file info (ChunkID:-1 Root:root:/ File:E:/Downloads/unreal_engine_v4.27_compiled/Unreal Engine v4.27 Compiled/FeaturePacks/TP_ThirdPerson.upack)
[2023.04.27-08.18.12:407][  0]LogPakFile: OnPakFileMounted2Time == 0.000026
[2023.04.27-08.18.12:408][  0]LogPakFile: PakFile PrimaryIndexSize=189
[2023.04.27-08.18.12:408][  0]LogPakFile: PakFile PathHashIndexSize=101
[2023.04.27-08.18.12:408][  0]LogPakFile: PakFile FullDirectoryIndexSize=152
[2023.04.27-08.18.12:408][  0]LogShaderLibrary: Display: ShaderCodeLibraryPakFileMountedCallback: PakFile 'E:/Downloads/unreal_engine_v4.27_compiled/Unreal Engine v4.27 Compiled/FeaturePacks/TP_ThirdPersonBP.upack' (chunk index -1, root 'root:/') mounted
[2023.04.27-08.18.12:408][  0]LogShaderLibrary: Display: ShaderCodeLibraryPakFileMountedCallback: pending pak file info (ChunkID:-1 Root:root:/ File:E:/Downloads/unreal_engine_v4.27_compiled/Unreal Engine v4.27 Compiled/FeaturePacks/TP_ThirdPersonBP.upack)
[2023.04.27-08.18.12:408][  0]LogPakFile: OnPakFileMounted2Time == 0.000023
[2023.04.27-08.18.12:408][  0]LogPakFile: PakFile PrimaryIndexSize=183
[2023.04.27-08.18.12:408][  0]LogPakFile: PakFile PathHashIndexSize=101
[2023.04.27-08.18.12:408][  0]LogPakFile: PakFile FullDirectoryIndexSize=140
[2023.04.27-08.18.12:408][  0]LogShaderLibrary: Display: ShaderCodeLibraryPakFileMountedCallback: PakFile 'E:/Downloads/unreal_engine_v4.27_compiled/Unreal Engine v4.27 Compiled/FeaturePacks/TP_TopDown.upack' (chunk index -1, root 'root:/') mounted
[2023.04.27-08.18.12:408][  0]LogShaderLibrary: Display: ShaderCodeLibraryPakFileMountedCallback: pending pak file info (ChunkID:-1 Root:root:/ File:E:/Downloads/unreal_engine_v4.27_compiled/Unreal Engine v4.27 Compiled/FeaturePacks/TP_TopDown.upack)
[2023.04.27-08.18.12:408][  0]LogPakFile: OnPakFileMounted2Time == 0.000033
[2023.04.27-08.18.12:408][  0]LogPakFile: PakFile PrimaryIndexSize=185
[2023.04.27-08.18.12:408][  0]LogPakFile: PakFile PathHashIndexSize=101
[2023.04.27-08.18.12:408][  0]LogPakFile: PakFile FullDirectoryIndexSize=144
[2023.04.27-08.18.12:408][  0]LogShaderLibrary: Display: ShaderCodeLibraryPakFileMountedCallback: PakFile 'E:/Downloads/unreal_engine_v4.27_compiled/Unreal Engine v4.27 Compiled/FeaturePacks/TP_TopDownBP.upack' (chunk index -1, root 'root:/') mounted
[2023.04.27-08.18.12:408][  0]LogShaderLibrary: Display: ShaderCodeLibraryPakFileMountedCallback: pending pak file info (ChunkID:-1 Root:root:/ File:E:/Downloads/unreal_engine_v4.27_compiled/Unreal Engine v4.27 Compiled/FeaturePacks/TP_TopDownBP.upack)
[2023.04.27-08.18.12:408][  0]LogPakFile: OnPakFileMounted2Time == 0.000020
[2023.04.27-08.18.12:409][  0]LogPakFile: PakFile PrimaryIndexSize=185
[2023.04.27-08.18.12:409][  0]LogPakFile: PakFile PathHashIndexSize=101
[2023.04.27-08.18.12:409][  0]LogPakFile: PakFile FullDirectoryIndexSize=144
[2023.04.27-08.18.12:409][  0]LogShaderLibrary: Display: ShaderCodeLibraryPakFileMountedCallback: PakFile 'E:/Downloads/unreal_engine_v4.27_compiled/Unreal Engine v4.27 Compiled/FeaturePacks/TP_TwinStick.upack' (chunk index -1, root 'root:/') mounted
[2023.04.27-08.18.12:409][  0]LogShaderLibrary: Display: ShaderCodeLibraryPakFileMountedCallback: pending pak file info (ChunkID:-1 Root:root:/ File:E:/Downloads/unreal_engine_v4.27_compiled/Unreal Engine v4.27 Compiled/FeaturePacks/TP_TwinStick.upack)
[2023.04.27-08.18.12:409][  0]LogPakFile: OnPakFileMounted2Time == 0.000034
[2023.04.27-08.18.12:409][  0]LogPakFile: PakFile PrimaryIndexSize=187
[2023.04.27-08.18.12:409][  0]LogPakFile: PakFile PathHashIndexSize=101
[2023.04.27-08.18.12:409][  0]LogPakFile: PakFile FullDirectoryIndexSize=148
[2023.04.27-08.18.12:409][  0]LogShaderLibrary: Display: ShaderCodeLibraryPakFileMountedCallback: PakFile 'E:/Downloads/unreal_engine_v4.27_compiled/Unreal Engine v4.27 Compiled/FeaturePacks/TP_TwinStickBP.upack' (chunk index -1, root 'root:/') mounted
[2023.04.27-08.18.12:409][  0]LogShaderLibrary: Display: ShaderCodeLibraryPakFileMountedCallback: pending pak file info (ChunkID:-1 Root:root:/ File:E:/Downloads/unreal_engine_v4.27_compiled/Unreal Engine v4.27 Compiled/FeaturePacks/TP_TwinStickBP.upack)
[2023.04.27-08.18.12:409][  0]LogPakFile: OnPakFileMounted2Time == 0.000021
[2023.04.27-08.18.12:409][  0]LogPakFile: PakFile PrimaryIndexSize=183
[2023.04.27-08.18.12:409][  0]LogPakFile: PakFile PathHashIndexSize=101
[2023.04.27-08.18.12:409][  0]LogPakFile: PakFile FullDirectoryIndexSize=140
[2023.04.27-08.18.12:409][  0]LogShaderLibrary: Display: ShaderCodeLibraryPakFileMountedCallback: PakFile 'E:/Downloads/unreal_engine_v4.27_compiled/Unreal Engine v4.27 Compiled/FeaturePacks/TP_Vehicle.upack' (chunk index -1, root 'root:/') mounted
[2023.04.27-08.18.12:409][  0]LogShaderLibrary: Display: ShaderCodeLibraryPakFileMountedCallback: pending pak file info (ChunkID:-1 Root:root:/ File:E:/Downloads/unreal_engine_v4.27_compiled/Unreal Engine v4.27 Compiled/FeaturePacks/TP_Vehicle.upack)
[2023.04.27-08.18.12:409][  0]LogPakFile: OnPakFileMounted2Time == 0.000021
[2023.04.27-08.18.12:409][  0]LogPakFile: PakFile PrimaryIndexSize=186
[2023.04.27-08.18.12:409][  0]LogPakFile: PakFile PathHashIndexSize=101
[2023.04.27-08.18.12:409][  0]LogPakFile: PakFile FullDirectoryIndexSize=146
[2023.04.27-08.18.12:409][  0]LogShaderLibrary: Display: ShaderCodeLibraryPakFileMountedCallback: PakFile 'E:/Downloads/unreal_engine_v4.27_compiled/Unreal Engine v4.27 Compiled/FeaturePacks/TP_VehicleAdv.upack' (chunk index -1, root 'root:/') mounted
[2023.04.27-08.18.12:409][  0]LogShaderLibrary: Display: ShaderCodeLibraryPakFileMountedCallback: pending pak file info (ChunkID:-1 Root:root:/ File:E:/Downloads/unreal_engine_v4.27_compiled/Unreal Engine v4.27 Compiled/FeaturePacks/TP_VehicleAdv.upack)
[2023.04.27-08.18.12:409][  0]LogPakFile: OnPakFileMounted2Time == 0.000023
[2023.04.27-08.18.12:409][  0]LogPakFile: PakFile PrimaryIndexSize=188
[2023.04.27-08.18.12:409][  0]LogPakFile: PakFile PathHashIndexSize=101
[2023.04.27-08.18.12:409][  0]LogPakFile: PakFile FullDirectoryIndexSize=150
[2023.04.27-08.18.12:409][  0]LogShaderLibrary: Display: ShaderCodeLibraryPakFileMountedCallback: PakFile 'E:/Downloads/unreal_engine_v4.27_compiled/Unreal Engine v4.27 Compiled/FeaturePacks/TP_VehicleAdvBP.upack' (chunk index -1, root 'root:/') mounted
[2023.04.27-08.18.12:411][  0]LogShaderLibrary: Display: ShaderCodeLibraryPakFileMountedCallback: pending pak file info (ChunkID:-1 Root:root:/ File:E:/Downloads/unreal_engine_v4.27_compiled/Unreal Engine v4.27 Compiled/FeaturePacks/TP_VehicleAdvBP.upack)
[2023.04.27-08.18.12:411][  0]LogPakFile: OnPakFileMounted2Time == 0.000055
[2023.04.27-08.18.12:411][  0]LogPakFile: PakFile PrimaryIndexSize=185
[2023.04.27-08.18.12:411][  0]LogPakFile: PakFile PathHashIndexSize=101
[2023.04.27-08.18.12:411][  0]LogPakFile: PakFile FullDirectoryIndexSize=144
[2023.04.27-08.18.12:411][  0]LogShaderLibrary: Display: ShaderCodeLibraryPakFileMountedCallback: PakFile 'E:/Downloads/unreal_engine_v4.27_compiled/Unreal Engine v4.27 Compiled/FeaturePacks/TP_VehicleBP.upack' (chunk index -1, root 'root:/') mounted
[2023.04.27-08.18.12:411][  0]LogShaderLibrary: Display: ShaderCodeLibraryPakFileMountedCallback: pending pak file info (ChunkID:-1 Root:root:/ File:E:/Downloads/unreal_engine_v4.27_compiled/Unreal Engine v4.27 Compiled/FeaturePacks/TP_VehicleBP.upack)
[2023.04.27-08.18.12:411][  0]LogPakFile: OnPakFileMounted2Time == 0.000034
[2023.04.27-08.18.12:411][  0]LogPakFile: PakFile PrimaryIndexSize=192
[2023.04.27-08.18.12:411][  0]LogPakFile: PakFile PathHashIndexSize=101
[2023.04.27-08.18.12:411][  0]LogPakFile: PakFile FullDirectoryIndexSize=158
[2023.04.27-08.18.12:411][  0]LogShaderLibrary: Display: ShaderCodeLibraryPakFileMountedCallback: PakFile 'E:/Downloads/unreal_engine_v4.27_compiled/Unreal Engine v4.27 Compiled/FeaturePacks/TP_VirtualRealityBP.upack' (chunk index -1, root 'root:/') mounted
[2023.04.27-08.18.12:411][  0]LogShaderLibrary: Display: ShaderCodeLibraryPakFileMountedCallback: pending pak file info (ChunkID:-1 Root:root:/ File:E:/Downloads/unreal_engine_v4.27_compiled/Unreal Engine v4.27 Compiled/FeaturePacks/TP_VirtualRealityBP.upack)
[2023.04.27-08.18.12:411][  0]LogPakFile: OnPakFileMounted2Time == 0.000034
[2023.04.27-08.18.12:440][  0]LogNativeClassHierarchy: Verbose: Native class hierarchy updated for 'AddContentDialog' in 0.0003 seconds. Added 0 classes and 0 folders.
[2023.04.27-08.18.12:442][  0]LogNativeClassHierarchy: Verbose: Native class hierarchy updated for 'SceneOutliner' in 0.0003 seconds. Added 2 classes and 0 folders.
[2023.04.27-08.18.12:529][  0]LogSlate: Took 0.000179 seconds to synchronously load lazily loaded font '../../../Engine/Content/Slate/Fonts/Roboto-Regular.ttf' (155K)
[2023.04.27-08.18.12:530][  0]LogSlate: Took 0.000174 seconds to synchronously load lazily loaded font '../../../Engine/Content/Editor/Slate/Fonts/FontAwesome.ttf' (139K)
[2023.04.27-08.18.12:531][  0]LogSlate: Took 0.000188 seconds to synchronously load lazily loaded font '../../../Engine/Content/Slate/Fonts/Roboto-Bold.ttf' (160K)
[2023.04.27-08.18.12:613][  0]LogRenderer: Reallocating scene render targets to support 1184x508 Format 10 NumSamples 1 (Frame:1).
[2023.04.27-08.18.12:720][  0]LogNativeClassHierarchy: Verbose: Native class hierarchy updated for 'HierarchicalLODOutliner' in 0.0003 seconds. Added 0 classes and 0 folders.
[2023.04.27-08.18.12:720][  0]LogLoad: (Engine Initialization) Total time: 7.60 seconds
[2023.04.27-08.18.12:720][  0]LogLoad: (Engine Initialization) Total Blueprint compile time: 0.00 seconds
[2023.04.27-08.18.12:770][  0]LogAssetRegistry: Asset discovery search completed in 4.8942 seconds
[2023.04.27-08.18.12:773][  0]LogCollectionManager: Fixed up redirectors for 0 collections in 0.000003 seconds (updated 0 objects)
[2023.04.27-08.18.12:783][  0]LogContentStreaming: Texture pool size now 1000 MB
[2023.04.27-08.18.12:856][  0]LogSlate: Took 0.000172 seconds to synchronously load lazily loaded font '../../../Engine/Content/Slate/Fonts/DroidSansMono.ttf' (77K)
[2023.04.27-08.18.13:413][  2]LogSlate: Took 0.000180 seconds to synchronously load lazily loaded font '../../../Engine/Content/Slate/Fonts/Roboto-Light.ttf' (167K)
[2023.04.27-08.18.14:085][  4]LogSlate: Took 0.000152 seconds to synchronously load lazily loaded font '../../../Engine/Content/Slate/Fonts/Roboto-Light.ttf' (167K)
[2023.04.27-08.18.28:260][390]LogEditorViewport: Clicking on Actor (LMB): Landscape (Landscape)
[2023.04.27-08.18.35:617][  3]LogContentBrowser: Deferred new asset folder creation: NewFolder
[2023.04.27-08.18.35:627][  3]LogContentBrowser: Creating deferred item: NewFolder
[2023.04.27-08.18.36:771][ 83]LogSlate: Took 0.012397 seconds to synchronously load lazily loaded font '../../../Engine/Content/Slate/Fonts/NotoNaskhArabicUI-Regular.ttf' (144K)
[2023.04.27-08.18.43:160][799]LogWindowsTextInputMethodSystem: Display: IME system deactivated.
[2023.04.27-08.18.43:160][799]LogWindowsTextInputMethodSystem: Display: IME system deactivated.
[2023.04.27-08.18.52:399][484]LogContentBrowser: Attempting asset rename: NewFolder -> ALL_Assets
[2023.04.27-08.18.52:399][484]LogContentBrowser: End creating deferred item NewFolder
[2023.04.27-08.18.56:820][839]LogContentBrowser: Deferred new asset folder creation: NewFolder
[2023.04.27-08.18.56:846][839]LogContentBrowser: Creating deferred item: NewFolder
[2023.04.27-08.19.00:672][101]LogContentBrowser: Attempting asset rename: NewFolder -> Road
[2023.04.27-08.19.00:672][101]LogContentBrowser: End creating deferred item NewFolder
[2023.04.27-08.19.22:906][840]LogFactory: FactoryCreateFile: StaticMesh with FbxFactory (0 0 ../../../../../../Asus/Documents/GitHub/TheTroubleMakers/University Environment Assets/FBXs/Road _1f_Sample.fbx)
[2023.04.27-08.19.22:945][840]LogFbx: Loading FBX Scene from ../../../../../../Asus/Documents/GitHub/TheTroubleMakers/University Environment Assets/FBXs/Road _1f_Sample.fbx
[2023.04.27-08.19.22:954][840]LogFbx: FBX Scene Loaded Succesfully
[2023.04.27-08.19.28:348][840]LogSlate: Window 'FBX Import Options' being destroyed
[2023.04.27-08.19.28:373][840]LogMaterial: Display: Missing cached shadermap for main in PCD3D_SM5, Default, SM5 (DDC key hash: DA5792E420EED48C34999CDDB9C40CD698243B64), compiling. 
[2023.04.27-08.19.28:400][840]LogMaterial: Display: Missing cached shadermap for Bloak in PCD3D_SM5, Default, SM5 (DDC key hash: F3876D7DDFADE6B15460AA4C42A6689A4BE1524F), compiling. 
[2023.04.27-08.19.28:417][840]LogMaterial: Display: Missing cached shadermap for road in PCD3D_SM5, Default, SM5 (DDC key hash: 1D3900A9EA718969C0932E30B3F1B651017AB97C), compiling. 
[2023.04.27-08.19.28:436][840]LogMaterial: Display: Missing cached shadermap for sand in PCD3D_SM5, Default, SM5 (DDC key hash: 491021022A5E7067F8E02B7BAC7F5D1971B59A7B), compiling. 
[2023.04.27-08.19.28:439][840]LogFbx: Display: Triangulating static mesh Cube
[2023.04.27-08.19.28:457][840]LogStaticMesh: Building static mesh Road__1f_Sample...
[2023.04.27-08.19.28:465][840]LogStaticMesh: Built static mesh [0.01s] /Game/TheTroubleMakers/ALL_Assets/Road/Road__1f_Sample.Road__1f_Sample
[2023.04.27-08.19.28:479][840]FBXImport: Warning: No smoothing group information was found in this FBX scene.  Please make sure to enable the 'Export Smoothing Groups' option in the FBX Exporter plug-in before exporting the file.  Even for tools that don't support smoothing groups, the FBX Exporter will generate appropriate smoothing data at export-time so that correct vertex normals can be inferred while importing. 
[2023.04.27-08.19.28:790][844]LogShaderCompilers: Display: Submitted 2 shader compile jobs with 'ForceLocal' priority
[2023.04.27-08.19.28:793][844]LogShaderCompilers: Display: Worker (1/5): shaders left to compile 2
[2023.04.27-08.19.28:793][844]LogShaderCompilers: Display: Worker (2/5): shaders left to compile 1
[2023.04.27-08.19.28:793][844]LogShaderCompilers: Display: Started 2 'Local' shader compile jobs with 'ForceLocal' priority
[2023.04.27-08.19.28:794][844]LogShaderCompilers: Display: Submitted 2 shader compile jobs with 'ForceLocal' priority
[2023.04.27-08.19.28:798][844]LogShaderCompilers: Display: Submitted 2 shader compile jobs with 'ForceLocal' priority
[2023.04.27-08.19.28:802][844]LogShaderCompilers: Display: Submitted 2 shader compile jobs with 'ForceLocal' priority
[2023.04.27-08.19.28:844][844]LogShaderCompilers: Display: Submitted 14 shader compile jobs with 'Normal' priority
[2023.04.27-08.19.28:860][844]LogShaderCompilers: Display: Submitted 14 shader compile jobs with 'Normal' priority
[2023.04.27-08.19.28:874][844]LogShaderCompilers: Display: Submitted 14 shader compile jobs with 'Normal' priority
[2023.04.27-08.19.28:890][844]LogShaderCompilers: Display: Submitted 14 shader compile jobs with 'Normal' priority
[2023.04.27-08.19.28:921][844]LogShaderCompilers: Display: Worker (3/5): shaders left to compile 6
[2023.04.27-08.19.28:921][844]LogShaderCompilers: Display: Worker (4/5): shaders left to compile 4
[2023.04.27-08.19.28:921][844]LogShaderCompilers: Display: Started 4 'Local' shader compile jobs with 'ForceLocal' priority
[2023.04.27-08.19.33:860][956]LogSlate: Window 'Message Log' being destroyed
[2023.04.27-08.19.33:872][956]LogSlate: Window 'Message Log' being destroyed
[2023.04.27-08.19.34:006][962]LogShaderCompilers: Display: Worker (2/5): shaders left to compile 2
[2023.04.27-08.19.34:006][962]LogShaderCompilers: Display: Started 1 'Local' shader compile jobs with 'ForceLocal' priority
[2023.04.27-08.19.34:706][977]LogShaderCompilers: Display: Worker (1/5): shaders left to compile 1
[2023.04.27-08.19.34:706][977]LogShaderCompilers: Display: Started 1 'Local' shader compile jobs with 'ForceLocal' priority
[2023.04.27-08.19.36:057][  6]LogShaderCompilers: Display: Worker (4/5): shaders left to compile 56
[2023.04.27-08.19.36:057][  6]LogShaderCompilers: Display: Started 10 'Local' shader compile jobs with 'Normal' priority
[2023.04.27-08.19.36:111][  7]LogShaderCompilers: Display: Worker (3/5): shaders left to compile 46
[2023.04.27-08.19.36:111][  7]LogShaderCompilers: Display: Started 10 'Local' shader compile jobs with 'Normal' priority
[2023.04.27-08.19.36:155][  8]LogShaderCompilers: Display: Worker (1/5): shaders left to compile 36
[2023.04.27-08.19.36:155][  8]LogShaderCompilers: Display: Started 10 'Local' shader compile jobs with 'Normal' priority
[2023.04.27-08.19.36:238][  8]LogShaderCompilers: Display: Worker (2/5): shaders left to compile 26
[2023.04.27-08.19.36:238][  8]LogShaderCompilers: Display: Started 7 'Local' shader compile jobs with 'Normal' priority
[2023.04.27-08.19.40:342][106]LogAssetEditorSubsystem: Opening Asset editor for StaticMesh /Game/TheTroubleMakers/ALL_Assets/Road/Road__1f_Sample.Road__1f_Sample
[2023.04.27-08.19.40:584][106]LogTexture: Default maximum texture size for cubemaps generated from long-lat sources has been changed from 512 to unlimited. In order to preserve old behaiour for '/Engine/EditorMaterials/AssetViewer/EpicQuadPanorama_CC+EV1.EpicQuadPanorama_CC+EV1', its maximum texture size has been explicitly set to 512.
[2023.04.27-08.19.41:038][106]LogTexture: Default maximum texture size for cubemaps generated from long-lat sources has been changed from 512 to unlimited. In order to preserve old behaiour for '/Engine/MapTemplates/Sky/SunsetAmbientCubemap.SunsetAmbientCubemap', its maximum texture size has been explicitly set to 512.
[2023.04.27-08.19.42:722][106]LogRenderer: Reallocating scene render targets to support 1432x912 Format 10 NumSamples 1 (Frame:1).
[2023.04.27-08.19.42:722][106]LogSlate: Took 0.017352 seconds to synchronously load lazily loaded font '../../../Engine/Content/Slate/Fonts/Roboto-Italic.ttf' (157K)
[2023.04.27-08.19.47:727][226]LogShaderCompilers: Display: Worker (2/5): shaders left to compile 19
[2023.04.27-08.19.47:727][226]LogShaderCompilers: Display: Started 5 'Local' shader compile jobs with 'Normal' priority
[2023.04.27-08.19.48:713][252]LogShaderCompilers: Display: Worker (4/5): shaders left to compile 14
[2023.04.27-08.19.48:713][252]LogShaderCompilers: Display: Started 4 'Local' shader compile jobs with 'Normal' priority
[2023.04.27-08.19.48:858][256]LogShaderCompilers: Display: Worker (1/5): shaders left to compile 10
[2023.04.27-08.19.48:858][256]LogShaderCompilers: Display: Started 3 'Local' shader compile jobs with 'Normal' priority
[2023.04.27-08.19.50:369][299]LogShaderCompilers: Display: Worker (3/5): shaders left to compile 7
[2023.04.27-08.19.50:369][299]LogShaderCompilers: Display: Started 2 'Local' shader compile jobs with 'Normal' priority
[2023.04.27-08.19.52:779][363]LogShaderCompilers: Display: Worker (4/5): shaders left to compile 5
[2023.04.27-08.19.52:779][363]LogShaderCompilers: Display: Started 2 'Local' shader compile jobs with 'Normal' priority
[2023.04.27-08.19.52:877][365]LogShaderCompilers: Display: Worker (1/5): shaders left to compile 3
[2023.04.27-08.19.52:877][365]LogShaderCompilers: Display: Started 1 'Local' shader compile jobs with 'Normal' priority
[2023.04.27-08.19.52:988][368]LogShaderCompilers: Display: Worker (3/5): shaders left to compile 2
[2023.04.27-08.19.52:988][368]LogShaderCompilers: Display: Started 1 'Local' shader compile jobs with 'Normal' priority
[2023.04.27-08.19.53:530][384]LogShaderCompilers: Display: Worker (3/5): shaders left to compile 1
[2023.04.27-08.19.53:530][384]LogShaderCompilers: Display: Started 1 'Local' shader compile jobs with 'Normal' priority
[2023.04.27-08.22.14:298][570]LogUObjectHash: Compacting FUObjectHashTables data took   0.68ms
[2023.04.27-08.22.15:268][570]LogSlate: Window 'Delete Assets' being destroyed
[2023.04.27-08.22.15:288][570]LogSlate: Window 'Road__1f_Sample' being destroyed
[2023.04.27-08.22.15:324][570]LogWorld: UWorld::CleanupWorld for World_2, bSessionEnded=true, bCleanupResources=true
[2023.04.27-08.22.15:324][570]LogSlate: InvalidateAllWidgets triggered.  All widgets were invalidated
[2023.04.27-08.22.15:334][570]LogUObjectGlobals: Force Deleting 5 Package(s):
	Asset Name: /Game/TheTroubleMakers/ALL_Assets/Road/Bloak.Bloak
	Asset Name: /Game/TheTroubleMakers/ALL_Assets/Road/main.main
	Asset Name: /Game/TheTroubleMakers/ALL_Assets/Road/road.road
	Asset Name: /Game/TheTroubleMakers/ALL_Assets/Road/Road__1f_Sample.Road__1f_Sample
	Asset Name: /Game/TheTroubleMakers/ALL_Assets/Road/sand.sand
[2023.04.27-08.22.17:125][570]LogUObjectHash: Compacting FUObjectHashTables data took   0.53ms
[2023.04.27-08.22.21:824][710]LogFactory: FactoryCreateFile: StaticMesh with FbxFactory (0 0 ../../../../../../Asus/Documents/GitHub/TheTroubleMakers/University Environment Assets/FBXs/Road _1f.fbx)
[2023.04.27-08.22.21:837][710]LogFbx: Loading FBX Scene from ../../../../../../Asus/Documents/GitHub/TheTroubleMakers/University Environment Assets/FBXs/Road _1f.fbx
[2023.04.27-08.22.21:845][710]LogFbx: FBX Scene Loaded Succesfully
[2023.04.27-08.22.23:092][710]LogSlate: Window 'FBX Import Options' being destroyed
[2023.04.27-08.22.23:108][710]LogMaterial: Display: Missing cached shadermap for main in PCD3D_SM5, Default, SM5 (DDC key hash: 650E6173255FF3592F8E94083ED84DD895FC9966), compiling. 
[2023.04.27-08.22.23:127][710]LogMaterial: Display: Missing cached shadermap for Bloak in PCD3D_SM5, Default, SM5 (DDC key hash: 87FFE261F04590D674C293635B45FFB29B3740F5), compiling. 
[2023.04.27-08.22.23:145][710]LogMaterial: Display: Missing cached shadermap for road in PCD3D_SM5, Default, SM5 (DDC key hash: 11820C855288ACC9D43F1406FD3DBE1C55B88BEB), compiling. 
[2023.04.27-08.22.23:161][710]LogMaterial: Display: Missing cached shadermap for sand in PCD3D_SM5, Default, SM5 (DDC key hash: 7135B441FA6F817B26D8D170AAE2BE40FD8A0AEF), compiling. 
[2023.04.27-08.22.23:164][710]LogFbx: Display: Triangulating static mesh Cube
[2023.04.27-08.22.23:177][710]LogStaticMesh: Building static mesh Road__1f...
[2023.04.27-08.22.23:180][710]LogStaticMesh: Built static mesh [0.00s] /Game/TheTroubleMakers/ALL_Assets/Road/Road__1f.Road__1f
[2023.04.27-08.22.23:186][710]FBXImport: Warning: No smoothing group information was found in this FBX scene.  Please make sure to enable the 'Export Smoothing Groups' option in the FBX Exporter plug-in before exporting the file.  Even for tools that don't support smoothing groups, the FBX Exporter will generate appropriate smoothing data at export-time so that correct vertex normals can be inferred while importing. 
[2023.04.27-08.22.23:317][711]LogShaderCompilers: Display: === FShaderJobCache stats ===
[2023.04.27-08.22.23:317][711]LogShaderCompilers: Display: Total job queries 87, among them cache hits 23 (26.44%)
[2023.04.27-08.22.23:317][711]LogShaderCompilers: Display: Tracking 64 distinct input hashes that result in 13 distinct outputs (20.31%)
[2023.04.27-08.22.23:317][711]LogShaderCompilers: Display: RAM used: 0.07 MB (0.00 GB) of 819.20 MB (0.80 GB) budget. Usage: 0.01%
[2023.04.27-08.22.23:317][711]LogShaderCompilers: Display: ================================================
[2023.04.27-08.22.26:056][825]LogSlate: Window 'Message Log' being destroyed
[2023.04.27-08.22.26:064][825]LogSlate: Window 'Message Log' being destroyed
[2023.04.27-08.22.27:260][890]LogAssetEditorSubsystem: Opening Asset editor for StaticMesh /Game/TheTroubleMakers/ALL_Assets/Road/Road__1f.Road__1f
[2023.04.27-08.22.31:370][146]LogSlate: Window 'Road__1f' being destroyed
[2023.04.27-08.23.02:278][ 22]LogUObjectHash: Compacting FUObjectHashTables data took   0.75ms
[2023.04.27-08.23.04:060][ 22]LogSlate: Window 'Save Content' being destroyed
[2023.04.27-08.23.07:972][276]LogWorld: UWorld::CleanupWorld for World_3, bSessionEnded=true, bCleanupResources=true
[2023.04.27-08.23.07:972][276]LogSlate: InvalidateAllWidgets triggered.  All widgets were invalidated
[2023.04.27-08.24.02:062][894]LogEditorFactories: Performing atomic reimport of [E:/Asus/Documents/GitHub/TheTroubleMakers/University Environment Assets/FBXs/Road _1f.fbx]
[2023.04.27-08.24.02:202][894]LogFbx: Loading FBX Scene from E:/Asus/Documents/GitHub/TheTroubleMakers/University Environment Assets/FBXs/Road _1f.fbx
[2023.04.27-08.24.02:207][894]LogFbx: FBX Scene Loaded Succesfully
[2023.04.27-08.24.02:233][894]LogFbx: Display: Triangulating static mesh Cube
[2023.04.27-08.24.02:314][894]LogStaticMesh: Building static mesh Road__1f...
[2023.04.27-08.24.02:317][894]LogStaticMesh: Built static mesh [0.00s] /Game/TheTroubleMakers/ALL_Assets/Road/Road__1f.Road__1f
[2023.04.27-08.24.02:326][894]LogEditorFactories: -- imported successfully
[2023.04.27-08.24.02:328][894]FBXImport: Warning: No smoothing group information was found in this FBX scene.  Please make sure to enable the 'Export Smoothing Groups' option in the FBX Exporter plug-in before exporting the file.  Even for tools that don't support smoothing groups, the FBX Exporter will generate appropriate smoothing data at export-time so that correct vertex normals can be inferred while importing. 
[2023.04.27-08.24.03:550][929]LogAssetEditorSubsystem: Opening Asset editor for StaticMesh /Game/TheTroubleMakers/ALL_Assets/Road/Road__1f.Road__1f
[2023.04.27-08.25.01:233][949]LogSlate: Window 'Road__1f' being destroyed
[2023.04.27-08.25.01:250][949]LogWorld: UWorld::CleanupWorld for World_4, bSessionEnded=true, bCleanupResources=true
[2023.04.27-08.25.01:250][949]LogSlate: InvalidateAllWidgets triggered.  All widgets were invalidated
[2023.04.27-08.25.04:261][135]LogEditorFactories: Performing atomic reimport of [E:/Asus/Documents/GitHub/TheTroubleMakers/University Environment Assets/FBXs/Road _1f.fbx]
[2023.04.27-08.25.04:288][135]LogFbx: Loading FBX Scene from E:/Asus/Documents/GitHub/TheTroubleMakers/University Environment Assets/FBXs/Road _1f.fbx
[2023.04.27-08.25.04:292][135]LogFbx: FBX Scene Loaded Succesfully
[2023.04.27-08.25.04:313][135]LogFbx: Display: Triangulating static mesh Cube
[2023.04.27-08.25.04:396][135]LogStaticMesh: Building static mesh Road__1f...
[2023.04.27-08.25.04:399][135]LogStaticMesh: Built static mesh [0.00s] /Game/TheTroubleMakers/ALL_Assets/Road/Road__1f.Road__1f
[2023.04.27-08.25.04:407][135]LogEditorFactories: -- imported successfully
[2023.04.27-08.25.04:409][135]FBXImport: Warning: No smoothing group information was found in this FBX scene.  Please make sure to enable the 'Export Smoothing Groups' option in the FBX Exporter plug-in before exporting the file.  Even for tools that don't support smoothing groups, the FBX Exporter will generate appropriate smoothing data at export-time so that correct vertex normals can be inferred while importing. 
[2023.04.27-08.25.06:203][197]LogAssetEditorSubsystem: Opening Asset editor for StaticMesh /Game/TheTroubleMakers/ALL_Assets/Road/Road__1f.Road__1f
[2023.04.27-08.25.14:221][569]LogSlate: Window 'Road__1f' being destroyed
[2023.04.27-08.26.44:599][504]LogWorld: UWorld::CleanupWorld for World_5, bSessionEnded=true, bCleanupResources=true
[2023.04.27-08.26.44:599][504]LogSlate: InvalidateAllWidgets triggered.  All widgets were invalidated
[2023.04.27-08.27.00:286][779]LogEditorFactories: Performing atomic reimport of [E:/Asus/Documents/GitHub/TheTroubleMakers/University Environment Assets/FBXs/Road _1f.fbx]
[2023.04.27-08.27.00:424][779]LogFbx: Loading FBX Scene from E:/Asus/Documents/GitHub/TheTroubleMakers/University Environment Assets/FBXs/Road _1f.fbx
[2023.04.27-08.27.00:427][779]LogFbx: FBX Scene Loaded Succesfully
[2023.04.27-08.27.00:453][779]LogFbx: Display: Triangulating static mesh Cube
[2023.04.27-08.27.00:532][779]LogStaticMesh: Building static mesh Road__1f...
[2023.04.27-08.27.00:535][779]LogStaticMesh: Built static mesh [0.00s] /Game/TheTroubleMakers/ALL_Assets/Road/Road__1f.Road__1f
[2023.04.27-08.27.00:544][779]LogEditorFactories: -- imported successfully
[2023.04.27-08.27.00:545][779]FBXImport: Warning: No smoothing group information was found in this FBX scene.  Please make sure to enable the 'Export Smoothing Groups' option in the FBX Exporter plug-in before exporting the file.  Even for tools that don't support smoothing groups, the FBX Exporter will generate appropriate smoothing data at export-time so that correct vertex normals can be inferred while importing. 
[2023.04.27-08.27.02:520][843]LogAssetEditorSubsystem: Opening Asset editor for StaticMesh /Game/TheTroubleMakers/ALL_Assets/Road/Road__1f.Road__1f
[2023.04.27-08.28.02:971][784]LogSlate: Window 'Road__1f' being destroyed
[2023.04.27-08.28.06:106][  0]LogEditorFactories: Performing atomic reimport of [E:/Asus/Documents/GitHub/TheTroubleMakers/University Environment Assets/FBXs/Road _1f.fbx]
[2023.04.27-08.28.06:254][  0]LogFbx: Loading FBX Scene from E:/Asus/Documents/GitHub/TheTroubleMakers/University Environment Assets/FBXs/Road _1f.fbx
[2023.04.27-08.28.06:259][  0]LogFbx: FBX Scene Loaded Succesfully
[2023.04.27-08.28.06:283][  0]LogFbx: Display: Triangulating static mesh Cube
[2023.04.27-08.28.06:454][  0]LogStaticMesh: Building static mesh Road__1f...
[2023.04.27-08.28.06:461][  0]LogStaticMesh: Built static mesh [0.01s] /Game/TheTroubleMakers/ALL_Assets/Road/Road__1f.Road__1f
[2023.04.27-08.28.06:481][  0]LogEditorFactories: -- imported successfully
[2023.04.27-08.28.06:482][  0]FBXImport: Warning: No smoothing group information was found in this FBX scene.  Please make sure to enable the 'Export Smoothing Groups' option in the FBX Exporter plug-in before exporting the file.  Even for tools that don't support smoothing groups, the FBX Exporter will generate appropriate smoothing data at export-time so that correct vertex normals can be inferred while importing. 
[2023.04.27-08.28.21:175][105]LogEditorViewport: Clicking on Actor (LMB): Landscape (Landscape)
[2023.04.27-08.28.21:574][127]LogEditorViewport: Clicking on Actor (LMB): Landscape (Landscape)
[2023.04.27-08.28.23:893][278]LogTexture: Display: Building textures: Texture2D_2 (G8, 128X128)
[2023.04.27-08.28.45:142][461]LogMaterial: Display: Material /Game/TheTroubleMakers/ALL_Assets/Road/Bloak.Bloak needed to have new flag set bUsedWithSplineMeshes !
[2023.04.27-08.28.45:142][461]LogMaterial: Display: Missing cached shadermap for Bloak in PCD3D_SM5, Default, SM5 (DDC key hash: EA6D704997534E061B046F0166F7EC8EC154BB3C), compiling. 
[2023.04.27-08.28.45:164][461]LogShaderCompilers: Display: Submitted 16 shader compile jobs with 'Low' priority
[2023.04.27-08.28.45:164][461]LogMaterial: Display: Material /Game/TheTroubleMakers/ALL_Assets/Road/main.main needed to have new flag set bUsedWithSplineMeshes !
[2023.04.27-08.28.45:165][461]LogMaterial: Display: Missing cached shadermap for main in PCD3D_SM5, Default, SM5 (DDC key hash: 80E7DF282B0D97A493ABF8D8F30BDFA6863799E1), compiling. 
[2023.04.27-08.28.45:188][461]LogShaderCompilers: Display: Worker (1/5): shaders left to compile 16
[2023.04.27-08.28.45:188][461]LogShaderCompilers: Display: Worker (2/5): shaders left to compile 11
[2023.04.27-08.28.45:188][461]LogShaderCompilers: Display: Worker (3/5): shaders left to compile 6
[2023.04.27-08.28.45:188][461]LogShaderCompilers: Display: Worker (4/5): shaders left to compile 1
[2023.04.27-08.28.45:188][461]LogShaderCompilers: Display: Started 16 'Local' shader compile jobs with 'Low' priority
[2023.04.27-08.28.45:188][461]LogShaderCompilers: Display: Submitted 16 shader compile jobs with 'Low' priority
[2023.04.27-08.28.45:189][461]LogMaterial: Display: Material /Game/TheTroubleMakers/ALL_Assets/Road/sand.sand needed to have new flag set bUsedWithSplineMeshes !
[2023.04.27-08.28.45:190][461]LogMaterial: Display: Missing cached shadermap for sand in PCD3D_SM5, Default, SM5 (DDC key hash: 324B552B1D29E6EF4076683E42BBCE5A71A98922), compiling. 
[2023.04.27-08.28.45:222][461]LogShaderCompilers: Display: Submitted 16 shader compile jobs with 'Low' priority
[2023.04.27-08.28.45:531][461]LogShaderCompilers: Display: === FShaderJobCache stats ===
[2023.04.27-08.28.45:531][461]LogShaderCompilers: Display: Total job queries 231, among them cache hits 119 (51.52%)
[2023.04.27-08.28.45:531][461]LogShaderCompilers: Display: Tracking 64 distinct input hashes that result in 13 distinct outputs (20.31%)
[2023.04.27-08.28.45:531][461]LogShaderCompilers: Display: RAM used: 0.07 MB (0.00 GB) of 819.20 MB (0.80 GB) budget. Usage: 0.01%
[2023.04.27-08.28.45:531][461]LogShaderCompilers: Display: ================================================
[2023.04.27-08.28.45:954][484]LogShaderCompilers: Display: Worker (4/5): shaders left to compile 4
[2023.04.27-08.28.45:954][484]LogShaderCompilers: Display: Started 2 'Local' shader compile jobs with 'ForceLocal' priority
[2023.04.27-08.28.46:716][524]LogShaderCompilers: Display: Worker (4/5): shaders left to compile 2
[2023.04.27-08.28.46:716][524]LogShaderCompilers: Display: Started 1 'Local' shader compile jobs with 'ForceLocal' priority
[2023.04.27-08.28.46:970][538]LogShaderCompilers: Display: Worker (1/5): shaders left to compile 1
[2023.04.27-08.28.46:970][538]LogShaderCompilers: Display: Started 1 'Local' shader compile jobs with 'ForceLocal' priority
[2023.04.27-08.28.47:145][549]LogShaderCompilers: Display: Worker (4/5): shaders left to compile 28
[2023.04.27-08.28.47:145][549]LogShaderCompilers: Display: Started 8 'Local' shader compile jobs with 'Normal' priority
[2023.04.27-08.28.47:266][556]LogShaderCompilers: Display: Worker (2/5): shaders left to compile 20
[2023.04.27-08.28.47:266][556]LogShaderCompilers: Display: Started 6 'Local' shader compile jobs with 'Normal' priority
[2023.04.27-08.28.47:266][556]LogShaderCompilers: Display: Worker (1/5): shaders left to compile 14
[2023.04.27-08.28.47:266][556]LogShaderCompilers: Display: Started 4 'Local' shader compile jobs with 'Normal' priority
[2023.04.27-08.28.47:302][558]LogShaderCompilers: Display: Worker (3/5): shaders left to compile 10
[2023.04.27-08.28.47:302][558]LogShaderCompilers: Display: Started 3 'Local' shader compile jobs with 'Normal' priority
[2023.04.27-08.28.48:151][608]LogShaderCompilers: Display: Worker (3/5): shaders left to compile 7
[2023.04.27-08.28.48:151][608]LogShaderCompilers: Display: Started 2 'Local' shader compile jobs with 'Normal' priority
[2023.04.27-08.28.48:244][612]LogShaderCompilers: Display: Worker (1/5): shaders left to compile 5
[2023.04.27-08.28.48:244][612]LogShaderCompilers: Display: Started 2 'Local' shader compile jobs with 'Normal' priority
[2023.04.27-08.28.48:818][645]LogShaderCompilers: Display: Worker (3/5): shaders left to compile 3
[2023.04.27-08.28.48:818][645]LogShaderCompilers: Display: Started 1 'Local' shader compile jobs with 'Normal' priority
[2023.04.27-08.28.48:949][652]LogShaderCompilers: Display: Worker (1/5): shaders left to compile 2
[2023.04.27-08.28.48:949][652]LogShaderCompilers: Display: Started 1 'Local' shader compile jobs with 'Normal' priority
[2023.04.27-08.28.49:131][657]LogShaderCompilers: Display: Worker (1/5): shaders left to compile 1
[2023.04.27-08.28.49:131][657]LogShaderCompilers: Display: Started 1 'Local' shader compile jobs with 'Normal' priority
[2023.04.27-08.29.05:774][550]LogTemp: Repeating last play command: Selected Viewport
[2023.04.27-08.29.05:783][550]LogPlayLevel: PlayLevel: No blueprints needed recompiling
[2023.04.27-08.29.05:790][550]PIE: New page: PIE session: Minimal_Default (Apr 27, 2023, 4:29:05 PM)
[2023.04.27-08.29.05:792][550]LogOnline: OSS: Creating online subsystem instance for: NULL
[2023.04.27-08.29.05:795][550]LogOnline: OSS: TryLoadSubsystemAndSetDefault: Loaded subsystem for module [NULL]
[2023.04.27-08.29.05:796][550]LogPlayLevel: Creating play world package: /Game/StarterContent/Maps/UEDPIE_0_Minimal_Default
[2023.04.27-08.29.05:850][550]LogPlayLevel: PIE: StaticDuplicateObject took: (0.052798s)
[2023.04.27-08.29.05:851][550]LogAIModule: Creating AISystem for world Minimal_Default
[2023.04.27-08.29.05:851][550]LogPlayLevel: PIE: World Init took: (0.001785s)
[2023.04.27-08.29.05:852][550]LogPlayLevel: PIE: Created PIE world by copying editor world from /Game/StarterContent/Maps/Minimal_Default.Minimal_Default to /Game/StarterContent/Maps/UEDPIE_0_Minimal_Default.Minimal_Default (0.054747s)
[2023.04.27-08.29.05:858][550]LogUObjectHash: Compacting FUObjectHashTables data took   0.68ms
[2023.04.27-08.29.05:865][550]LogAudio: Display: Creating Audio Device:                 Id: 2, Scope: Unique, Realtime: True
[2023.04.27-08.29.05:865][550]LogAudioMixer: Display: Audio Mixer Platform Settings:
[2023.04.27-08.29.05:865][550]LogAudioMixer: Display: 	Sample Rate:						  48000
[2023.04.27-08.29.05:865][550]LogAudioMixer: Display: 	Callback Buffer Frame Size Requested: 1024
[2023.04.27-08.29.05:865][550]LogAudioMixer: Display: 	Callback Buffer Frame Size To Use:	  1024
[2023.04.27-08.29.05:865][550]LogAudioMixer: Display: 	Number of buffers to queue:			  2
[2023.04.27-08.29.05:865][550]LogAudioMixer: Display: 	Max Channels (voices):				  32
[2023.04.27-08.29.05:865][550]LogAudioMixer: Display: 	Number of Async Source Workers:		  0
[2023.04.27-08.29.05:865][550]LogAudio: Display: AudioDevice MaxSources: 32
[2023.04.27-08.29.05:865][550]LogAudio: Display: Audio Spatialization Plugin: None (built-in).
[2023.04.27-08.29.05:865][550]LogAudio: Display: Audio Reverb Plugin: None (built-in).
[2023.04.27-08.29.05:865][550]LogAudio: Display: Audio Occlusion Plugin: None (built-in).
[2023.04.27-08.29.05:865][550]LogAudioMixer: Display: Initializing audio mixer.
[2023.04.27-08.29.05:868][550]LogAudioMixer: Display: 0: FrontLeft
[2023.04.27-08.29.05:868][550]LogAudioMixer: Display: 1: FrontRight
[2023.04.27-08.29.05:944][550]LogAudioMixer: Display: Using Audio Device Headphones (QCY-T13)
[2023.04.27-08.29.05:946][550]LogAudioMixer: Display: Initializing Sound Submixes...
[2023.04.27-08.29.05:946][550]LogAudioMixer: Display: Creating Master Submix 'MasterSubmixDefault'
[2023.04.27-08.29.05:946][550]LogAudioMixer: Display: Creating Master Submix 'MasterReverbSubmixDefault'
[2023.04.27-08.29.05:946][550]LogAudioMixer: Display: Creating Master Submix 'MasterEQSubmixDefault'
[2023.04.27-08.29.05:946][550]LogAudioMixer: FMixerPlatformXAudio2::StartAudioStream() called
[2023.04.27-08.29.05:946][550]LogAudioMixer: Display: Output buffers initialized: Frames=1024, Channels=2, Samples=2048
[2023.04.27-08.29.05:947][550]LogAudioMixer: Display: Starting AudioMixerPlatformInterface::RunInternal()
[2023.04.27-08.29.05:947][550]LogAudioMixer: Display: FMixerPlatformXAudio2::SubmitBuffer() called for the first time
[2023.04.27-08.29.05:947][550]LogInit: FAudioDevice initialized.
[2023.04.27-08.29.05:947][550]LogAudio: Display: Audio Device (ID: 2) registered with world 'Minimal_Default'.
[2023.04.27-08.29.05:961][550]LogLoad: Game class is 'NissanGame_C'
[2023.04.27-08.29.05:980][550]LogWorld: Bringing World /Game/StarterContent/Maps/UEDPIE_0_Minimal_Default.Minimal_Default up for play (max tick rate 0) at 2023.04.27-11.59.05
[2023.04.27-08.29.05:984][550]LogWorld: Bringing up level for play took: 0.012667
[2023.04.27-08.29.05:984][550]LogOnline: OSS: Creating online subsystem instance for: :Context_10
[2023.04.27-08.29.05:992][550]LogNativeClassHierarchy: Verbose: Native class hierarchy updated for 'MovieSceneCapture' in 0.0003 seconds. Added 20 classes and 0 folders.
[2023.04.27-08.29.05:992][550]LogGameMode: Display: Match State Changed from EnteringMap to WaitingToStart
[2023.04.27-08.29.05:992][550]LogGameState: Match State Changed from EnteringMap to WaitingToStart
[2023.04.27-08.29.05:992][550]LogGameMode: Display: Match State Changed from WaitingToStart to InProgress
[2023.04.27-08.29.05:996][550]LogGameState: Match State Changed from WaitingToStart to InProgress
[2023.04.27-08.29.05:996][550]PIE: Server logged in
[2023.04.27-08.29.05:998][550]PIE: Play in editor total start time 0.218 seconds.
[2023.04.27-08.30.31:588][967]LogSlate: Updating window title bar state: overlay mode, drag disabled, window buttons hidden, title bar hidden
[2023.04.27-08.30.31:588][967]LogWorld: BeginTearingDown for /Game/StarterContent/Maps/UEDPIE_0_Minimal_Default
[2023.04.27-08.30.31:589][967]LogWorld: UWorld::CleanupWorld for Minimal_Default, bSessionEnded=true, bCleanupResources=true
[2023.04.27-08.30.31:591][967]LogSlate: InvalidateAllWidgets triggered.  All widgets were invalidated
[2023.04.27-08.30.31:612][967]LogPlayLevel: Display: Shutting down PIE online subsystems
[2023.04.27-08.30.31:617][967]LogSlate: InvalidateAllWidgets triggered.  All widgets were invalidated
[2023.04.27-08.30.31:627][967]LogAudio: Display: Audio Device unregistered from world 'None'.
[2023.04.27-08.30.31:629][967]LogAudioMixer: FMixerPlatformXAudio2::StopAudioStream() called
[2023.04.27-08.30.31:632][967]LogAudioMixer: FMixerPlatformXAudio2::StopAudioStream() called
[2023.04.27-08.30.31:649][967]LogSlate: Updating window title bar state: overlay mode, drag disabled, window buttons hidden, title bar hidden
[2023.04.27-08.30.31:655][967]LogUObjectHash: Compacting FUObjectHashTables data took   0.82ms
[2023.04.27-08.30.31:674][968]LogPlayLevel: Display: Destroying online subsystem :Context_10
[2023.04.27-08.31.18:414][183]LogUObjectHash: Compacting FUObjectHashTables data took   0.62ms
[2023.04.27-08.31.18:442][183]LogTexture: Display: Building textures: Texture2D_2 (BGRA8, 512X512)
[2023.04.27-08.31.18:552][183]LogSavePackage: Moving '../../../../../../Asus/Documents/GitHub/TheTroubleMakers/Unreal Engine Project/SpeedLimit_UniAzad/Saved/Minimal_Default_Auto1914BE944412524FD48F0C789C4B2ADA1.tmp' to '../../../../../../Asus/Documents/GitHub/TheTroubleMakers/Unreal Engine Project/SpeedLimit_UniAzad/Saved/Autosaves/Game/StarterContent/Maps/Minimal_Default_Auto1.umap'
[2023.04.27-08.31.18:554][183]LogFileHelpers: Editor autosave (incl. external actors) for '/Game/StarterContent/Maps/Minimal_Default' took 0.147
[2023.04.27-08.31.18:554][183]LogFileHelpers: Editor autosave (incl. sublevels & external actors) for all levels took 0.147
[2023.04.27-08.31.18:555][183]OBJ SavePackage: Generating thumbnails for [1] asset(s) in package [/Game/TheTroubleMakers/ALL_Assets/Road/Road__1f] ([1] browsable assets)...
[2023.04.27-08.31.18:609][183]OBJ SavePackage:     Rendered thumbnail for [StaticMesh /Game/TheTroubleMakers/ALL_Assets/Road/Road__1f.Road__1f]
[2023.04.27-08.31.18:609][183]OBJ SavePackage: Finished generating thumbnails for package [/Game/TheTroubleMakers/ALL_Assets/Road/Road__1f]
[2023.04.27-08.31.18:617][183]LogSavePackage: Moving '../../../../../../Asus/Documents/GitHub/TheTroubleMakers/Unreal Engine Project/SpeedLimit_UniAzad/Saved/Road__1f_Auto1AEC276994064E18E60774FA5E2FFE38C.tmp' to '../../../../../../Asus/Documents/GitHub/TheTroubleMakers/Unreal Engine Project/SpeedLimit_UniAzad/Saved/Autosaves/Game/TheTroubleMakers/ALL_Assets/Road/Road__1f_Auto1.uasset'
[2023.04.27-08.31.18:617][183]LogFileHelpers: Auto-saving content packages took 0.063
[2023.04.27-08.33.11:497][468]LogFactory: FactoryCreateFile: StaticMesh with FbxFactory (0 0 ../../../../../../Asus/Documents/GitHub/TheTroubleMakers/University Environment Assets/FBXs/Road _Square_f.fbx)
[2023.04.27-08.33.11:502][468]LogFbx: Loading FBX Scene from ../../../../../../Asus/Documents/GitHub/TheTroubleMakers/University Environment Assets/FBXs/Road _Square_f.fbx
[2023.04.27-08.33.11:506][468]LogFbx: FBX Scene Loaded Succesfully
[2023.04.27-08.33.12:923][468]LogSlate: Window 'FBX Import Options' being destroyed
[2023.04.27-08.33.12:942][468]LogFbx: Display: Triangulating static mesh Cube
[2023.04.27-08.33.12:972][468]LogStaticMesh: Building static mesh Road__Square_f...
[2023.04.27-08.33.12:984][468]LogStaticMesh: Built static mesh [0.01s] /Game/TheTroubleMakers/ALL_Assets/Road/Road__Square_f.Road__Square_f
[2023.04.27-08.33.12:987][468]LogStaticMesh: Warning: Road__Square_f has degenerate tangent bases which will result in incorrect shading.  MikkTSpace relies on tangent bases and may result in mesh corruption, consider disabling this option.
[2023.04.27-08.33.12:987][468]LogStaticMesh: Warning: Road__Square_f has some nearly zero bi-normals which can create some issues. (Tolerance of 1E-4)
[2023.04.27-08.33.12:993][468]FBXImport: Warning: No smoothing group information was found in this FBX scene.  Please make sure to enable the 'Export Smoothing Groups' option in the FBX Exporter plug-in before exporting the file.  Even for tools that don't support smoothing groups, the FBX Exporter will generate appropriate smoothing data at export-time so that correct vertex normals can be inferred while importing. 
[2023.04.27-08.33.12:994][468]FBXImport: Warning: Road__Square_f has degenerate tangent bases which will result in incorrect shading.  MikkTSpace relies on tangent bases and may result in mesh corruption, consider disabling this option. 
[2023.04.27-08.33.12:994][468]FBXImport: Warning: Road__Square_f has some nearly zero bi-normals which can create some issues. (Tolerance of 1E-4) 
[2023.04.27-08.33.20:061][708]LogSlate: Window 'Message Log' being destroyed
[2023.04.27-08.33.20:090][708]LogSlate: Window 'Message Log' being destroyed
[2023.04.27-08.33.23:119][824]LogAssetEditorSubsystem: Opening Asset editor for StaticMesh /Game/TheTroubleMakers/ALL_Assets/Road/Road__Square_f.Road__Square_f
[2023.04.27-08.35.46:802][166]LogEditorFactories: Performing atomic reimport of [E:/Asus/Documents/GitHub/TheTroubleMakers/University Environment Assets/FBXs/Road _Square_f.fbx]
[2023.04.27-08.35.46:824][166]LogFbx: Loading FBX Scene from E:/Asus/Documents/GitHub/TheTroubleMakers/University Environment Assets/FBXs/Road _Square_f.fbx
[2023.04.27-08.35.46:828][166]LogFbx: FBX Scene Loaded Succesfully
[2023.04.27-08.35.46:870][166]LogFbx: Display: Triangulating static mesh Cube
[2023.04.27-08.35.46:992][166]LogStaticMesh: Building static mesh Road__Square_f...
[2023.04.27-08.35.47:009][166]LogStaticMesh: Built static mesh [0.02s] /Game/TheTroubleMakers/ALL_Assets/Road/Road__Square_f.Road__Square_f
[2023.04.27-08.35.47:011][166]LogStaticMesh: Warning: Road__Square_f has degenerate tangent bases which will result in incorrect shading.  MikkTSpace relies on tangent bases and may result in mesh corruption, consider disabling this option.
[2023.04.27-08.35.47:011][166]LogStaticMesh: Warning: Road__Square_f has some nearly zero bi-normals which can create some issues. (Tolerance of 1E-4)
[2023.04.27-08.35.47:025][166]LogEditorFactories: -- imported successfully
[2023.04.27-08.35.47:026][166]FBXImport: Warning: No smoothing group information was found in this FBX scene.  Please make sure to enable the 'Export Smoothing Groups' option in the FBX Exporter plug-in before exporting the file.  Even for tools that don't support smoothing groups, the FBX Exporter will generate appropriate smoothing data at export-time so that correct vertex normals can be inferred while importing. 
[2023.04.27-08.35.47:027][166]FBXImport: Warning: Road__Square_f has degenerate tangent bases which will result in incorrect shading.  MikkTSpace relies on tangent bases and may result in mesh corruption, consider disabling this option. 
[2023.04.27-08.35.47:027][166]FBXImport: Warning: Road__Square_f has some nearly zero bi-normals which can create some issues. (Tolerance of 1E-4) 
[2023.04.27-08.36.40:699][514]LogEditorFactories: Performing atomic reimport of [E:/Asus/Documents/GitHub/TheTroubleMakers/University Environment Assets/FBXs/Road _Square_f.fbx]
[2023.04.27-08.36.40:758][514]LogFbx: Loading FBX Scene from E:/Asus/Documents/GitHub/TheTroubleMakers/University Environment Assets/FBXs/Road _Square_f.fbx
[2023.04.27-08.36.40:762][514]LogFbx: FBX Scene Loaded Succesfully
[2023.04.27-08.36.40:791][514]LogFbx: Display: Triangulating static mesh Cube
[2023.04.27-08.36.40:913][514]LogStaticMesh: Building static mesh Road__Square_f...
[2023.04.27-08.36.40:932][514]LogStaticMesh: Built static mesh [0.02s] /Game/TheTroubleMakers/ALL_Assets/Road/Road__Square_f.Road__Square_f
[2023.04.27-08.36.40:936][514]LogStaticMesh: Warning: Road__Square_f has degenerate tangent bases which will result in incorrect shading.  MikkTSpace relies on tangent bases and may result in mesh corruption, consider disabling this option.
[2023.04.27-08.36.40:936][514]LogStaticMesh: Warning: Road__Square_f has some nearly zero bi-normals which can create some issues. (Tolerance of 1E-4)
[2023.04.27-08.36.40:957][514]LogEditorFactories: -- imported successfully
[2023.04.27-08.36.40:959][514]FBXImport: Warning: No smoothing group information was found in this FBX scene.  Please make sure to enable the 'Export Smoothing Groups' option in the FBX Exporter plug-in before exporting the file.  Even for tools that don't support smoothing groups, the FBX Exporter will generate appropriate smoothing data at export-time so that correct vertex normals can be inferred while importing. 
[2023.04.27-08.36.40:959][514]FBXImport: Warning: Road__Square_f has degenerate tangent bases which will result in incorrect shading.  MikkTSpace relies on tangent bases and may result in mesh corruption, consider disabling this option. 
[2023.04.27-08.36.40:959][514]FBXImport: Warning: Road__Square_f has some nearly zero bi-normals which can create some issues. (Tolerance of 1E-4) 
[2023.04.27-08.36.49:530][866]LogActorFactory: Actor Factory created Road__Square_f
[2023.04.27-08.36.52:224][994]LogActorFactory: Actor Factory created Road__Square_f
[2023.04.27-08.37.16:816][128]Cmd: TRANSACTION UNDO
[2023.04.27-08.37.16:816][128]LogEditorTransaction: Undo Create Actors
[2023.04.27-08.37.20:232][215]LogActorFactory: Actor Factory created Road__Square_f
[2023.04.27-08.37.20:999][242]LogActorFactory: Actor Factory created Road__Square_f
[2023.04.27-08.37.34:437][759]Cmd: TRANSACTION UNDO
[2023.04.27-08.37.34:437][759]LogEditorTransaction: Undo Scale Actors
[2023.04.27-08.37.35:692][785]Cmd: TRANSACTION UNDO
[2023.04.27-08.37.35:692][785]LogEditorTransaction: Undo Create Actors
[2023.04.27-08.37.37:708][833]LogActorFactory: Actor Factory created Road__Square_f
[2023.04.27-08.37.38:514][856]LogActorFactory: Actor Factory created Road__Square_f
[2023.04.27-08.38.02:599][674]LogEditorViewport: Clicking on Actor (LMB): Landscape (Landscape)
[2023.04.27-08.38.03:501][702]LogEditorViewport: Clicking on Actor (LMB): StaticMeshActor (Road__Square_f)
[2023.04.27-08.38.18:100][107]LogEditorViewport: Clicking on Actor (LMB): Landscape (Landscape)
[2023.04.27-08.38.18:892][125]LogEditorViewport: Clicking on Actor (LMB): Landscape (Landscape)
[2023.04.27-08.38.19:474][139]LogEditorViewport: Clicking on Actor (LMB): StaticMeshActor (Road__Square_f)
[2023.04.27-08.38.24:344][254]LogEditorViewport: Clicking on Actor (LMB): Landscape (Landscape)
[2023.04.27-08.38.26:792][311]LogEditorViewport: Clicking on Actor (LMB): StaticMeshActor (Road__Square_f)
[2023.04.27-08.38.34:794][505]LogEditorViewport: Clicking on Actor (LMB): Landscape (Landscape)
[2023.04.27-08.38.41:536][666]LogEditorViewport: Clicking on Actor (LMB): StaticMeshActor (Road__Square_f)
[2023.04.27-08.39.01:694][162]LogEditorViewport: Clicking on Actor (LMB): Landscape (Landscape)
[2023.04.27-08.39.08:975][339]LogTemp: Repeating last play command: Selected Viewport
[2023.04.27-08.39.08:981][339]LogPlayLevel: PlayLevel: No blueprints needed recompiling
[2023.04.27-08.39.08:981][339]PIE: New page: PIE session: Minimal_Default (Apr 27, 2023, 4:39:08 PM)
[2023.04.27-08.39.08:981][339]LogPlayLevel: Creating play world package: /Game/StarterContent/Maps/UEDPIE_0_Minimal_Default
[2023.04.27-08.39.09:031][339]LogPlayLevel: PIE: StaticDuplicateObject took: (0.049774s)
[2023.04.27-08.39.09:032][339]LogAIModule: Creating AISystem for world Minimal_Default
[2023.04.27-08.39.09:033][339]LogPlayLevel: PIE: World Init took: (0.002547s)
[2023.04.27-08.39.09:033][339]LogPlayLevel: PIE: Created PIE world by copying editor world from /Game/StarterContent/Maps/Minimal_Default.Minimal_Default to /Game/StarterContent/Maps/UEDPIE_0_Minimal_Default.Minimal_Default (0.052432s)
[2023.04.27-08.39.09:040][339]LogUObjectHash: Compacting FUObjectHashTables data took   0.69ms
[2023.04.27-08.39.09:046][339]LogAudio: Display: Creating Audio Device:                 Id: 3, Scope: Unique, Realtime: True
[2023.04.27-08.39.09:046][339]LogAudioMixer: Display: Audio Mixer Platform Settings:
[2023.04.27-08.39.09:046][339]LogAudioMixer: Display: 	Sample Rate:						  48000
[2023.04.27-08.39.09:046][339]LogAudioMixer: Display: 	Callback Buffer Frame Size Requested: 1024
[2023.04.27-08.39.09:046][339]LogAudioMixer: Display: 	Callback Buffer Frame Size To Use:	  1024
[2023.04.27-08.39.09:046][339]LogAudioMixer: Display: 	Number of buffers to queue:			  2
[2023.04.27-08.39.09:046][339]LogAudioMixer: Display: 	Max Channels (voices):				  32
[2023.04.27-08.39.09:046][339]LogAudioMixer: Display: 	Number of Async Source Workers:		  0
[2023.04.27-08.39.09:046][339]LogAudio: Display: AudioDevice MaxSources: 32
[2023.04.27-08.39.09:046][339]LogAudio: Display: Audio Spatialization Plugin: None (built-in).
[2023.04.27-08.39.09:046][339]LogAudio: Display: Audio Reverb Plugin: None (built-in).
[2023.04.27-08.39.09:046][339]LogAudio: Display: Audio Occlusion Plugin: None (built-in).
[2023.04.27-08.39.09:046][339]LogAudioMixer: Display: Initializing audio mixer.
[2023.04.27-08.39.09:049][339]LogAudioMixer: Display: 0: FrontLeft
[2023.04.27-08.39.09:049][339]LogAudioMixer: Display: 1: FrontRight
[2023.04.27-08.39.09:139][339]LogAudioMixer: Display: Using Audio Device Headphones (QCY-T13)
[2023.04.27-08.39.09:139][339]LogAudioMixer: Display: Initializing Sound Submixes...
[2023.04.27-08.39.09:139][339]LogAudioMixer: Display: Creating Master Submix 'MasterSubmixDefault'
[2023.04.27-08.39.09:139][339]LogAudioMixer: Display: Creating Master Submix 'MasterReverbSubmixDefault'
[2023.04.27-08.39.09:140][339]LogAudioMixer: Display: Creating Master Submix 'MasterEQSubmixDefault'
[2023.04.27-08.39.09:140][339]LogAudioMixer: FMixerPlatformXAudio2::StartAudioStream() called
[2023.04.27-08.39.09:140][339]LogAudioMixer: Display: Output buffers initialized: Frames=1024, Channels=2, Samples=2048
[2023.04.27-08.39.09:141][339]LogAudioMixer: Display: Starting AudioMixerPlatformInterface::RunInternal()
[2023.04.27-08.39.09:141][339]LogAudioMixer: Display: FMixerPlatformXAudio2::SubmitBuffer() called for the first time
[2023.04.27-08.39.09:141][339]LogInit: FAudioDevice initialized.
[2023.04.27-08.39.09:141][339]LogAudio: Display: Audio Device (ID: 3) registered with world 'Minimal_Default'.
[2023.04.27-08.39.09:154][339]LogLoad: Game class is 'NissanGame_C'
[2023.04.27-08.39.09:162][339]LogWorld: Bringing World /Game/StarterContent/Maps/UEDPIE_0_Minimal_Default.Minimal_Default up for play (max tick rate 0) at 2023.04.27-12.09.09
[2023.04.27-08.39.09:162][339]LogWorld: Bringing up level for play took: 0.007227
[2023.04.27-08.39.09:164][339]LogOnline: OSS: Creating online subsystem instance for: :Context_12
[2023.04.27-08.39.09:166][339]LogGameMode: Display: Match State Changed from EnteringMap to WaitingToStart
[2023.04.27-08.39.09:166][339]LogGameState: Match State Changed from EnteringMap to WaitingToStart
[2023.04.27-08.39.09:166][339]LogGameMode: Display: Match State Changed from WaitingToStart to InProgress
[2023.04.27-08.39.09:167][339]LogGameState: Match State Changed from WaitingToStart to InProgress
[2023.04.27-08.39.09:167][339]PIE: Server logged in
[2023.04.27-08.39.09:168][339]PIE: Play in editor total start time 0.189 seconds.
[2023.04.27-08.39.48:060][173]LogSlate: Updating window title bar state: overlay mode, drag disabled, window buttons hidden, title bar hidden
[2023.04.27-08.39.48:060][173]LogWorld: BeginTearingDown for /Game/StarterContent/Maps/UEDPIE_0_Minimal_Default
[2023.04.27-08.39.48:061][173]LogWorld: UWorld::CleanupWorld for Minimal_Default, bSessionEnded=true, bCleanupResources=true
[2023.04.27-08.39.48:064][173]LogSlate: InvalidateAllWidgets triggered.  All widgets were invalidated
[2023.04.27-08.39.48:083][173]LogPlayLevel: Display: Shutting down PIE online subsystems
[2023.04.27-08.39.48:099][173]LogSlate: InvalidateAllWidgets triggered.  All widgets were invalidated
[2023.04.27-08.39.48:107][173]LogAudio: Display: Audio Device unregistered from world 'None'.
[2023.04.27-08.39.48:107][173]LogAudioMixer: FMixerPlatformXAudio2::StopAudioStream() called
[2023.04.27-08.39.48:109][173]LogAudioMixer: FMixerPlatformXAudio2::StopAudioStream() called
[2023.04.27-08.39.48:126][173]LogSlate: Updating window title bar state: overlay mode, drag disabled, window buttons hidden, title bar hidden
[2023.04.27-08.39.48:129][173]LogUObjectHash: Compacting FUObjectHashTables data took   0.95ms
[2023.04.27-08.39.48:158][174]LogPlayLevel: Display: Destroying online subsystem :Context_12
[2023.04.27-08.40.09:329][701]LogEditorViewport: Clicking on Actor (LMB): StaticMeshActor (Road__Square_f)
[2023.04.27-08.40.27:435][144]LogEditorViewport: Clicking on Actor (LMB): Landscape (Landscape)
[2023.04.27-08.40.28:269][162]LogEditorViewport: Clicking on Actor (LMB): StaticMeshActor (Road__Square_f)
[2023.04.27-08.40.32:804][270]Cmd: TRANSACTION UNDO
[2023.04.27-08.40.32:804][270]LogEditorTransaction: Undo Scale Actors
[2023.04.27-08.40.34:499][302]Cmd: TRANSACTION UNDO
[2023.04.27-08.40.34:499][302]LogEditorTransaction: Undo Clicking on Actors
[2023.04.27-08.40.35:426][319]LogEditorViewport: Clicking on Actor (LMB): StaticMeshActor (Road__Square_f)
[2023.04.27-08.40.46:575][578]LogEditorViewport: Clicking on Actor (LMB): Landscape (Landscape)
[2023.04.27-08.40.56:319][800]LogEditorViewport: Clicking on Actor (LMB): StaticMeshActor (Road__Square_f)
[2023.04.27-08.42.06:289][488]LogActorFactory: Actor Factory created Road__1f
[2023.04.27-08.42.07:960][528]LogActorFactory: Actor Factory created Road__1f
[2023.04.27-08.42.44:176][419]LogEditorViewport: Clicking on Actor (LMB): Landscape (Landscape)
[2023.04.27-08.43.00:156][802]LogActorFactory: Actor Factory created Road__1f
[2023.04.27-08.43.01:361][831]LogActorFactory: Actor Factory created Road__1f
[2023.04.27-08.43.14:772][166]Cmd: TRANSACTION UNDO
[2023.04.27-08.43.14:772][166]LogEditorTransaction: Undo Create Actors
[2023.04.27-08.43.16:168][191]LogEditorViewport: Clicking on Actor (LMB): StaticMeshActor (Road__1f)
[2023.04.27-08.43.17:136][213]Cmd: DELETE
[2023.04.27-08.43.17:138][213]Cmd: ACTOR DELETE
[2023.04.27-08.43.17:156][213]LogEditorActor: Deleted Actor: StaticMeshActor
[2023.04.27-08.43.17:179][213]LogUObjectHash: Compacting FUObjectHashTables data took   0.59ms
[2023.04.27-08.43.17:181][213]LogEditorActor: Deleted 1 Actors (0.033 secs)
[2023.04.27-08.43.32:627][606]LogEditorViewport: Clicking on Actor (LMB): StaticMeshActor (Road__Square_f)
[2023.04.27-08.44.08:047][476]LogTemp: Repeating last play command: Selected Viewport
[2023.04.27-08.44.08:054][476]LogPlayLevel: PlayLevel: No blueprints needed recompiling
[2023.04.27-08.44.08:054][476]PIE: New page: PIE session: Minimal_Default (Apr 27, 2023, 4:44:08 PM)
[2023.04.27-08.44.08:054][476]LogPlayLevel: Creating play world package: /Game/StarterContent/Maps/UEDPIE_0_Minimal_Default
[2023.04.27-08.44.08:108][476]LogPlayLevel: PIE: StaticDuplicateObject took: (0.053260s)
[2023.04.27-08.44.08:109][476]LogAIModule: Creating AISystem for world Minimal_Default
[2023.04.27-08.44.08:109][476]LogPlayLevel: PIE: World Init took: (0.001266s)
[2023.04.27-08.44.08:109][476]LogPlayLevel: PIE: Created PIE world by copying editor world from /Game/StarterContent/Maps/Minimal_Default.Minimal_Default to /Game/StarterContent/Maps/UEDPIE_0_Minimal_Default.Minimal_Default (0.054678s)
[2023.04.27-08.44.08:114][476]LogUObjectHash: Compacting FUObjectHashTables data took   0.57ms
[2023.04.27-08.44.08:118][476]LogAudio: Display: Creating Audio Device:                 Id: 4, Scope: Unique, Realtime: True
[2023.04.27-08.44.08:118][476]LogAudioMixer: Display: Audio Mixer Platform Settings:
[2023.04.27-08.44.08:118][476]LogAudioMixer: Display: 	Sample Rate:						  48000
[2023.04.27-08.44.08:118][476]LogAudioMixer: Display: 	Callback Buffer Frame Size Requested: 1024
[2023.04.27-08.44.08:118][476]LogAudioMixer: Display: 	Callback Buffer Frame Size To Use:	  1024
[2023.04.27-08.44.08:118][476]LogAudioMixer: Display: 	Number of buffers to queue:			  2
[2023.04.27-08.44.08:118][476]LogAudioMixer: Display: 	Max Channels (voices):				  32
[2023.04.27-08.44.08:118][476]LogAudioMixer: Display: 	Number of Async Source Workers:		  0
[2023.04.27-08.44.08:118][476]LogAudio: Display: AudioDevice MaxSources: 32
[2023.04.27-08.44.08:118][476]LogAudio: Display: Audio Spatialization Plugin: None (built-in).
[2023.04.27-08.44.08:118][476]LogAudio: Display: Audio Reverb Plugin: None (built-in).
[2023.04.27-08.44.08:118][476]LogAudio: Display: Audio Occlusion Plugin: None (built-in).
[2023.04.27-08.44.08:118][476]LogAudioMixer: Display: Initializing audio mixer.
[2023.04.27-08.44.08:121][476]LogAudioMixer: Display: 0: FrontLeft
[2023.04.27-08.44.08:121][476]LogAudioMixer: Display: 1: FrontRight
[2023.04.27-08.44.08:204][476]LogAudioMixer: Display: Using Audio Device Headphones (QCY-T13)
[2023.04.27-08.44.08:205][476]LogAudioMixer: Display: Initializing Sound Submixes...
[2023.04.27-08.44.08:205][476]LogAudioMixer: Display: Creating Master Submix 'MasterSubmixDefault'
[2023.04.27-08.44.08:205][476]LogAudioMixer: Display: Creating Master Submix 'MasterReverbSubmixDefault'
[2023.04.27-08.44.08:205][476]LogAudioMixer: Display: Creating Master Submix 'MasterEQSubmixDefault'
[2023.04.27-08.44.08:205][476]LogAudioMixer: FMixerPlatformXAudio2::StartAudioStream() called
[2023.04.27-08.44.08:206][476]LogAudioMixer: Display: Output buffers initialized: Frames=1024, Channels=2, Samples=2048
[2023.04.27-08.44.08:207][476]LogAudioMixer: Display: Starting AudioMixerPlatformInterface::RunInternal()
[2023.04.27-08.44.08:207][476]LogAudioMixer: Display: FMixerPlatformXAudio2::SubmitBuffer() called for the first time
[2023.04.27-08.44.08:207][476]LogInit: FAudioDevice initialized.
[2023.04.27-08.44.08:207][476]LogAudio: Display: Audio Device (ID: 4) registered with world 'Minimal_Default'.
[2023.04.27-08.44.08:217][476]LogLoad: Game class is 'NissanGame_C'
[2023.04.27-08.44.08:224][476]LogWorld: Bringing World /Game/StarterContent/Maps/UEDPIE_0_Minimal_Default.Minimal_Default up for play (max tick rate 0) at 2023.04.27-12.14.08
[2023.04.27-08.44.08:226][476]LogWorld: Bringing up level for play took: 0.007217
[2023.04.27-08.44.08:226][476]LogOnline: OSS: Creating online subsystem instance for: :Context_13
[2023.04.27-08.44.08:229][476]LogGameMode: Display: Match State Changed from EnteringMap to WaitingToStart
[2023.04.27-08.44.08:229][476]LogGameState: Match State Changed from EnteringMap to WaitingToStart
[2023.04.27-08.44.08:229][476]LogGameMode: Display: Match State Changed from WaitingToStart to InProgress
[2023.04.27-08.44.08:230][476]LogGameState: Match State Changed from WaitingToStart to InProgress
[2023.04.27-08.44.08:230][476]PIE: Server logged in
[2023.04.27-08.44.08:231][476]PIE: Play in editor total start time 0.177 seconds.
[2023.04.27-08.44.23:545][606]LogSlate: Updating window title bar state: overlay mode, drag disabled, window buttons hidden, title bar hidden
[2023.04.27-08.44.23:545][606]LogWorld: BeginTearingDown for /Game/StarterContent/Maps/UEDPIE_0_Minimal_Default
[2023.04.27-08.44.23:545][606]LogWorld: UWorld::CleanupWorld for Minimal_Default, bSessionEnded=true, bCleanupResources=true
[2023.04.27-08.44.23:546][606]LogSlate: InvalidateAllWidgets triggered.  All widgets were invalidated
[2023.04.27-08.44.23:557][606]LogPlayLevel: Display: Shutting down PIE online subsystems
[2023.04.27-08.44.23:573][606]LogSlate: InvalidateAllWidgets triggered.  All widgets were invalidated
[2023.04.27-08.44.23:577][606]LogSlate: Updating window title bar state: overlay mode, drag disabled, window buttons hidden, title bar hidden
[2023.04.27-08.44.23:580][606]LogAudioMixer: FMixerPlatformXAudio2::StopAudioStream() called
[2023.04.27-08.44.23:581][606]LogAudioMixer: FMixerPlatformXAudio2::StopAudioStream() called
[2023.04.27-08.44.23:599][606]LogUObjectHash: Compacting FUObjectHashTables data took   0.52ms
[2023.04.27-08.44.23:631][607]LogPlayLevel: Display: Destroying online subsystem :Context_13
[2023.04.27-08.44.29:210][743]LogTemp: Repeating last play command: Selected Viewport
[2023.04.27-08.44.29:217][743]LogPlayLevel: PlayLevel: No blueprints needed recompiling
[2023.04.27-08.44.29:218][743]PIE: New page: PIE session: Minimal_Default (Apr 27, 2023, 4:44:29 PM)
[2023.04.27-08.44.29:218][743]LogPlayLevel: Creating play world package: /Game/StarterContent/Maps/UEDPIE_0_Minimal_Default
[2023.04.27-08.44.29:271][743]LogPlayLevel: PIE: StaticDuplicateObject took: (0.054261s)
[2023.04.27-08.44.29:272][743]LogAIModule: Creating AISystem for world Minimal_Default
[2023.04.27-08.44.29:272][743]LogPlayLevel: PIE: World Init took: (0.001546s)
[2023.04.27-08.44.29:274][743]LogPlayLevel: PIE: Created PIE world by copying editor world from /Game/StarterContent/Maps/Minimal_Default.Minimal_Default to /Game/StarterContent/Maps/UEDPIE_0_Minimal_Default.Minimal_Default (0.055976s)
[2023.04.27-08.44.29:278][743]LogUObjectHash: Compacting FUObjectHashTables data took   0.52ms
[2023.04.27-08.44.29:280][743]LogAudio: Display: Creating Audio Device:                 Id: 5, Scope: Unique, Realtime: True
[2023.04.27-08.44.29:280][743]LogAudioMixer: Display: Audio Mixer Platform Settings:
[2023.04.27-08.44.29:280][743]LogAudioMixer: Display: 	Sample Rate:						  48000
[2023.04.27-08.44.29:280][743]LogAudioMixer: Display: 	Callback Buffer Frame Size Requested: 1024
[2023.04.27-08.44.29:280][743]LogAudioMixer: Display: 	Callback Buffer Frame Size To Use:	  1024
[2023.04.27-08.44.29:280][743]LogAudioMixer: Display: 	Number of buffers to queue:			  2
[2023.04.27-08.44.29:280][743]LogAudioMixer: Display: 	Max Channels (voices):				  32
[2023.04.27-08.44.29:280][743]LogAudioMixer: Display: 	Number of Async Source Workers:		  0
[2023.04.27-08.44.29:280][743]LogAudio: Display: AudioDevice MaxSources: 32
[2023.04.27-08.44.29:280][743]LogAudio: Display: Audio Spatialization Plugin: None (built-in).
[2023.04.27-08.44.29:280][743]LogAudio: Display: Audio Reverb Plugin: None (built-in).
[2023.04.27-08.44.29:280][743]LogAudio: Display: Audio Occlusion Plugin: None (built-in).
[2023.04.27-08.44.29:280][743]LogAudioMixer: Display: Initializing audio mixer.
[2023.04.27-08.44.29:283][743]LogAudioMixer: Display: 0: FrontLeft
[2023.04.27-08.44.29:283][743]LogAudioMixer: Display: 1: FrontRight
[2023.04.27-08.44.29:366][743]LogAudioMixer: Display: Using Audio Device Headphones (QCY-T13)
[2023.04.27-08.44.29:367][743]LogAudioMixer: Display: Initializing Sound Submixes...
[2023.04.27-08.44.29:367][743]LogAudioMixer: Display: Creating Master Submix 'MasterSubmixDefault'
[2023.04.27-08.44.29:367][743]LogAudioMixer: Display: Creating Master Submix 'MasterReverbSubmixDefault'
[2023.04.27-08.44.29:367][743]LogAudioMixer: Display: Creating Master Submix 'MasterEQSubmixDefault'
[2023.04.27-08.44.29:367][743]LogAudioMixer: FMixerPlatformXAudio2::StartAudioStream() called
[2023.04.27-08.44.29:367][743]LogAudioMixer: Display: Output buffers initialized: Frames=1024, Channels=2, Samples=2048
[2023.04.27-08.44.29:369][743]LogAudioMixer: Display: Starting AudioMixerPlatformInterface::RunInternal()
[2023.04.27-08.44.29:369][743]LogAudioMixer: Display: FMixerPlatformXAudio2::SubmitBuffer() called for the first time
[2023.04.27-08.44.29:369][743]LogInit: FAudioDevice initialized.
[2023.04.27-08.44.29:369][743]LogAudio: Display: Audio Device (ID: 5) registered with world 'Minimal_Default'.
[2023.04.27-08.44.29:376][743]LogLoad: Game class is 'NissanGame_C'
[2023.04.27-08.44.29:383][743]LogWorld: Bringing World /Game/StarterContent/Maps/UEDPIE_0_Minimal_Default.Minimal_Default up for play (max tick rate 0) at 2023.04.27-12.14.29
[2023.04.27-08.44.29:384][743]LogWorld: Bringing up level for play took: 0.006196
[2023.04.27-08.44.29:384][743]LogOnline: OSS: Creating online subsystem instance for: :Context_14
[2023.04.27-08.44.29:386][743]LogGameMode: Display: Match State Changed from EnteringMap to WaitingToStart
[2023.04.27-08.44.29:386][743]LogGameState: Match State Changed from EnteringMap to WaitingToStart
[2023.04.27-08.44.29:386][743]LogGameMode: Display: Match State Changed from WaitingToStart to InProgress
[2023.04.27-08.44.29:387][743]LogGameState: Match State Changed from WaitingToStart to InProgress
[2023.04.27-08.44.29:387][743]PIE: Server logged in
[2023.04.27-08.44.29:388][743]PIE: Play in editor total start time 0.171 seconds.
[2023.04.27-08.45.01:117][997]LogSlate: Updating window title bar state: overlay mode, drag disabled, window buttons hidden, title bar hidden
[2023.04.27-08.45.01:117][997]LogWorld: BeginTearingDown for /Game/StarterContent/Maps/UEDPIE_0_Minimal_Default
[2023.04.27-08.45.01:118][997]LogWorld: UWorld::CleanupWorld for Minimal_Default, bSessionEnded=true, bCleanupResources=true
[2023.04.27-08.45.01:121][997]LogSlate: InvalidateAllWidgets triggered.  All widgets were invalidated
[2023.04.27-08.45.01:137][997]LogPlayLevel: Display: Shutting down PIE online subsystems
[2023.04.27-08.45.01:160][997]LogSlate: InvalidateAllWidgets triggered.  All widgets were invalidated
[2023.04.27-08.45.01:167][997]LogSlate: Updating window title bar state: overlay mode, drag disabled, window buttons hidden, title bar hidden
[2023.04.27-08.45.01:168][997]LogAudioMixer: FMixerPlatformXAudio2::StopAudioStream() called
[2023.04.27-08.45.01:170][997]LogAudioMixer: FMixerPlatformXAudio2::StopAudioStream() called
[2023.04.27-08.45.01:190][997]LogUObjectHash: Compacting FUObjectHashTables data took   0.89ms
[2023.04.27-08.45.01:224][998]LogPlayLevel: Display: Destroying online subsystem :Context_14
[2023.04.27-08.45.08:194][171]LogEditorViewport: Clicking on Actor (LMB): Landscape (Landscape)
[2023.04.27-08.45.09:014][190]LogEditorViewport: Clicking on Actor (LMB): Landscape (Landscape)
[2023.04.27-08.45.16:080][368]LogEditorViewport: Clicking on Actor (LMB): PlayerStart (Player Start)
[2023.04.27-08.45.17:439][403]LogNavigationPoint: PostEditMove Clear paths rebuilt
[2023.04.27-08.45.20:409][482]LogNavigationPoint: PostEditMove Clear paths rebuilt
[2023.04.27-08.45.23:748][569]LogNavigationPoint: PostEditMove Clear paths rebuilt
[2023.04.27-08.45.29:379][716]LogNavigationPoint: PostEditMove Clear paths rebuilt
[2023.04.27-08.45.32:346][793]LogNavigationPoint: PostEditMove Clear paths rebuilt
[2023.04.27-08.45.34:242][842]LogNavigationPoint: PostEditMove Clear paths rebuilt
[2023.04.27-08.45.35:673][879]LogNavigationPoint: PostEditMove Clear paths rebuilt
[2023.04.27-08.45.38:596][953]LogEditorViewport: Clicking on Actor (LMB): StaticMeshActor (Road__Square_f)
[2023.04.27-08.45.39:566][977]LogEditorViewport: Clicking on Actor (LMB): PlayerStart (Player Start)
[2023.04.27-08.45.41:272][ 22]LogNavigationPoint: PostEditMove Clear paths rebuilt
[2023.04.27-08.45.44:600][108]LogNavigationPoint: PostEditMove Clear paths rebuilt
[2023.04.27-08.45.47:603][186]LogNavigationPoint: PostEditMove Clear paths rebuilt
[2023.04.27-08.45.48:758][216]LogNavigationPoint: PostEditMove Clear paths rebuilt
[2023.04.27-08.45.49:654][239]LogNavigationPoint: PostEditMove Clear paths rebuilt
[2023.04.27-08.45.50:584][261]LogEditorViewport: Clicking on Actor (LMB): StaticMeshActor (Road__Square_f)
[2023.04.27-08.45.51:312][279]LogEditorViewport: Clicking on Actor (LMB): StaticMeshActor (Road__Square_f)
[2023.04.27-08.45.51:904][295]LogEditorViewport: Clicking on Actor (LMB): PlayerStart (Player Start)
[2023.04.27-08.45.53:074][325]LogNavigationPoint: PostEditMove Clear paths rebuilt
[2023.04.27-08.45.53:965][348]LogNavigationPoint: PostEditMove Clear paths rebuilt
[2023.04.27-08.45.54:784][369]LogNavigationPoint: PostEditMove Clear paths rebuilt
[2023.04.27-08.45.55:637][391]LogNavigationPoint: PostEditMove Clear paths rebuilt
[2023.04.27-08.45.56:687][418]LogNavigationPoint: PostEditMove Clear paths rebuilt
[2023.04.27-08.45.58:604][466]LogTemp: Repeating last play command: Selected Viewport
[2023.04.27-08.45.58:610][466]LogPlayLevel: PlayLevel: No blueprints needed recompiling
[2023.04.27-08.45.58:610][466]PIE: New page: PIE session: Minimal_Default (Apr 27, 2023, 4:45:58 PM)
[2023.04.27-08.45.58:610][466]LogPlayLevel: Creating play world package: /Game/StarterContent/Maps/UEDPIE_0_Minimal_Default
[2023.04.27-08.45.58:659][466]LogPlayLevel: PIE: StaticDuplicateObject took: (0.049771s)
[2023.04.27-08.45.58:660][466]LogAIModule: Creating AISystem for world Minimal_Default
[2023.04.27-08.45.58:660][466]LogPlayLevel: PIE: World Init took: (0.000980s)
[2023.04.27-08.45.58:660][466]LogPlayLevel: PIE: Created PIE world by copying editor world from /Game/StarterContent/Maps/Minimal_Default.Minimal_Default to /Game/StarterContent/Maps/UEDPIE_0_Minimal_Default.Minimal_Default (0.050863s)
[2023.04.27-08.45.58:666][466]LogUObjectHash: Compacting FUObjectHashTables data took   0.48ms
[2023.04.27-08.45.58:671][466]LogAudio: Display: Creating Audio Device:                 Id: 6, Scope: Unique, Realtime: True
[2023.04.27-08.45.58:671][466]LogAudioMixer: Display: Audio Mixer Platform Settings:
[2023.04.27-08.45.58:671][466]LogAudioMixer: Display: 	Sample Rate:						  48000
[2023.04.27-08.45.58:671][466]LogAudioMixer: Display: 	Callback Buffer Frame Size Requested: 1024
[2023.04.27-08.45.58:671][466]LogAudioMixer: Display: 	Callback Buffer Frame Size To Use:	  1024
[2023.04.27-08.45.58:671][466]LogAudioMixer: Display: 	Number of buffers to queue:			  2
[2023.04.27-08.45.58:671][466]LogAudioMixer: Display: 	Max Channels (voices):				  32
[2023.04.27-08.45.58:671][466]LogAudioMixer: Display: 	Number of Async Source Workers:		  0
[2023.04.27-08.45.58:671][466]LogAudio: Display: AudioDevice MaxSources: 32
[2023.04.27-08.45.58:672][466]LogAudio: Display: Audio Spatialization Plugin: None (built-in).
[2023.04.27-08.45.58:672][466]LogAudio: Display: Audio Reverb Plugin: None (built-in).
[2023.04.27-08.45.58:672][466]LogAudio: Display: Audio Occlusion Plugin: None (built-in).
[2023.04.27-08.45.58:672][466]LogAudioMixer: Display: Initializing audio mixer.
[2023.04.27-08.45.58:674][466]LogAudioMixer: Display: 0: FrontLeft
[2023.04.27-08.45.58:674][466]LogAudioMixer: Display: 1: FrontRight
[2023.04.27-08.45.58:762][466]LogAudioMixer: Display: Using Audio Device Headphones (QCY-T13)
[2023.04.27-08.45.58:762][466]LogAudioMixer: Display: Initializing Sound Submixes...
[2023.04.27-08.45.58:762][466]LogAudioMixer: Display: Creating Master Submix 'MasterSubmixDefault'
[2023.04.27-08.45.58:762][466]LogAudioMixer: Display: Creating Master Submix 'MasterReverbSubmixDefault'
[2023.04.27-08.45.58:762][466]LogAudioMixer: Display: Creating Master Submix 'MasterEQSubmixDefault'
[2023.04.27-08.45.58:762][466]LogAudioMixer: FMixerPlatformXAudio2::StartAudioStream() called
[2023.04.27-08.45.58:762][466]LogAudioMixer: Display: Output buffers initialized: Frames=1024, Channels=2, Samples=2048
[2023.04.27-08.45.58:763][466]LogAudioMixer: Display: Starting AudioMixerPlatformInterface::RunInternal()
[2023.04.27-08.45.58:763][466]LogAudioMixer: Display: FMixerPlatformXAudio2::SubmitBuffer() called for the first time
[2023.04.27-08.45.58:763][466]LogInit: FAudioDevice initialized.
[2023.04.27-08.45.58:763][466]LogAudio: Display: Audio Device (ID: 6) registered with world 'Minimal_Default'.
[2023.04.27-08.45.58:776][466]LogLoad: Game class is 'NissanGame_C'
[2023.04.27-08.45.58:782][466]LogWorld: Bringing World /Game/StarterContent/Maps/UEDPIE_0_Minimal_Default.Minimal_Default up for play (max tick rate 0) at 2023.04.27-12.15.58
[2023.04.27-08.45.58:783][466]LogWorld: Bringing up level for play took: 0.006384
[2023.04.27-08.45.58:783][466]LogOnline: OSS: Creating online subsystem instance for: :Context_15
[2023.04.27-08.45.58:785][466]LogGameMode: Display: Match State Changed from EnteringMap to WaitingToStart
[2023.04.27-08.45.58:785][466]LogGameState: Match State Changed from EnteringMap to WaitingToStart
[2023.04.27-08.45.58:785][466]LogGameMode: Display: Match State Changed from WaitingToStart to InProgress
[2023.04.27-08.45.58:788][466]LogGameState: Match State Changed from WaitingToStart to InProgress
[2023.04.27-08.45.58:788][466]PIE: Server logged in
[2023.04.27-08.45.58:788][466]PIE: Play in editor total start time 0.179 seconds.
[2023.04.27-08.47.34:527][ 24]LogSlate: Updating window title bar state: overlay mode, drag disabled, window buttons hidden, title bar hidden
[2023.04.27-08.47.34:527][ 24]LogWorld: BeginTearingDown for /Game/StarterContent/Maps/UEDPIE_0_Minimal_Default
[2023.04.27-08.47.34:528][ 24]LogWorld: UWorld::CleanupWorld for Minimal_Default, bSessionEnded=true, bCleanupResources=true
[2023.04.27-08.47.34:530][ 24]LogSlate: InvalidateAllWidgets triggered.  All widgets were invalidated
[2023.04.27-08.47.34:550][ 24]LogPlayLevel: Display: Shutting down PIE online subsystems
[2023.04.27-08.47.34:570][ 24]LogSlate: InvalidateAllWidgets triggered.  All widgets were invalidated
[2023.04.27-08.47.34:577][ 24]LogSlate: Updating window title bar state: overlay mode, drag disabled, window buttons hidden, title bar hidden
[2023.04.27-08.47.34:579][ 24]LogAudioMixer: FMixerPlatformXAudio2::StopAudioStream() called
[2023.04.27-08.47.34:580][ 24]LogAudioMixer: FMixerPlatformXAudio2::StopAudioStream() called
[2023.04.27-08.47.34:600][ 24]LogUObjectHash: Compacting FUObjectHashTables data took   0.61ms
[2023.04.27-08.47.34:627][ 25]LogPlayLevel: Display: Destroying online subsystem :Context_15
[2023.04.27-08.47.40:066][230]LogNavigationPoint: PostEditMove Clear paths rebuilt
[2023.04.27-08.47.42:816][337]LogNavigationPoint: PostEditMove Clear paths rebuilt
[2023.04.27-08.47.56:381][851]LogNavigationPoint: PostEditMove Clear paths rebuilt
[2023.04.27-08.47.59:884][972]LogEditorViewport: Clicking on Actor (LMB): StaticMeshActor (Road__Square_f)
[2023.04.27-08.48.26:829][850]Cmd: DELETE
[2023.04.27-08.48.26:829][850]Cmd: ACTOR DELETE
[2023.04.27-08.48.28:586][906]Cmd: DELETE
[2023.04.27-08.48.28:586][906]Cmd: ACTOR DELETE
[2023.04.27-08.48.59:326][665]Cmd: DELETE
[2023.04.27-08.48.59:326][665]Cmd: ACTOR DELETE
[2023.04.27-08.49.09:548][918]Cmd: DELETE
[2023.04.27-08.49.09:548][918]Cmd: ACTOR DELETE
[2023.04.27-08.49.10:394][940]Cmd: DELETE
[2023.04.27-08.49.10:394][940]Cmd: ACTOR DELETE
[2023.04.27-08.49.11:191][961]Cmd: DELETE
[2023.04.27-08.49.11:191][961]Cmd: ACTOR DELETE
[2023.04.27-08.49.11:956][981]Cmd: DELETE
[2023.04.27-08.49.11:956][981]Cmd: ACTOR DELETE
[2023.04.27-08.49.12:690][  0]Cmd: DELETE
[2023.04.27-08.49.12:690][  0]Cmd: ACTOR DELETE
[2023.04.27-08.49.19:238][166]LogEditorViewport: Clicking on Actor (LMB): StaticMeshActor (Road__Square_f)
[2023.04.27-08.49.39:513][660]LogEditorViewport: Clicking on Actor (LMB): StaticMeshActor (Humanitis_Building_with_Door_FBX)
[2023.04.27-08.49.44:374][772]Cmd: TRANSACTION UNDO
[2023.04.27-08.49.44:374][772]LogEditorTransaction: Undo Move Actors
[2023.04.27-08.49.52:391][956]LogEditorViewport: Clicking on Actor (LMB): StaticMeshActor (Engineering_Building_FBX)
[2023.04.27-08.49.55:559][ 29]LogEditorViewport: Clicking on Actor (LMB): Landscape (Landscape)
[2023.04.27-08.49.56:180][ 45]LogEditorViewport: Clicking on Actor (LMB): StaticMeshActor (Engineering_Building_FBX)
[2023.04.27-08.50.05:013][257]LogEditorViewport: Clicking on Actor (LMB): StaticMeshActor (Research_Building__team-edition_FBX)
[2023.04.27-08.50.14:458][489]LogEditorViewport: Clicking on Actor (LMB): StaticMeshActor (Engineering_Building_FBX)
[2023.04.27-08.50.18:508][587]LogEditorViewport: Clicking on Actor (LMB): StaticMeshActor (Humanitis_Building_with_Door_FBX)
[2023.04.27-08.50.21:352][655]LogEditorViewport: Clicking on Actor (LMB): Landscape (Landscape)
[2023.04.27-08.50.23:856][715]LogEditorViewport: Clicking on Actor (LMB): StaticMeshActor (Road__Square_f)
[2023.04.27-08.50.29:219][846]LogEditorViewport: Clicking on Actor (LMB): StaticMeshActor (Research_Building__team-edition_FBX)
[2023.04.27-08.50.32:654][930]LogEditorViewport: Clicking on Actor (LMB): Landscape (Landscape)
[2023.04.27-08.50.33:175][942]LogEditorViewport: Clicking on Actor (LMB): StaticMeshActor (Engineering_Building_FBX)
[2023.04.27-08.50.36:189][ 13]LogEditorViewport: Clicking on Actor (LMB): StaticMeshActor (Road__Square_f)
[2023.04.27-08.50.50:985][377]LogEditorViewport: Clicking on Actor (LMB): Landscape (Landscape)
[2023.04.27-08.50.58:465][559]LogEditorViewport: Clicking on Actor (LMB): StaticMeshActor (Engineering_Building_FBX)
[2023.04.27-08.52.19:150][640]LogEditorViewport: Clicking Background
[2023.04.27-08.52.56:939][602]Cmd: DELETE
[2023.04.27-08.52.56:939][602]Cmd: ACTOR DELETE
[2023.04.27-08.52.58:424][602]LogSlate: Window 'Message' being destroyed
[2023.04.27-08.52.58:434][602]Message dialog closed, result: Cancel, title: Message, text: Control point has two segments attached, do you want to join them?
[2023.04.27-08.53.04:744][763]LogEditorViewport: Clicking Background
[2023.04.27-08.53.17:775][ 85]Cmd: TRANSACTION UNDO
[2023.04.27-08.53.17:775][ 85]LogEditorTransaction: Undo Add Landscape Spline Control Point
[2023.04.27-08.53.30:840][391]LogEditorViewport: Clicking Background
[2023.04.27-08.54.31:649][ 59]LogUObjectHash: Compacting FUObjectHashTables data took   1.07ms
[2023.04.27-08.54.31:662][ 59]LogTexture: Display: Building textures: Texture2D_2 (BGRA8, 512X512)
[2023.04.27-08.54.31:741][ 59]LogSavePackage: Moving '../../../../../../Asus/Documents/GitHub/TheTroubleMakers/Unreal Engine Project/SpeedLimit_UniAzad/Saved/Minimal_Default_Auto2A9A2A69147C8C0ED6789A58C26925288.tmp' to '../../../../../../Asus/Documents/GitHub/TheTroubleMakers/Unreal Engine Project/SpeedLimit_UniAzad/Saved/Autosaves/Game/StarterContent/Maps/Minimal_Default_Auto2.umap'
[2023.04.27-08.54.31:742][ 59]LogFileHelpers: Editor autosave (incl. external actors) for '/Game/StarterContent/Maps/Minimal_Default' took 0.100
[2023.04.27-08.54.31:742][ 59]LogFileHelpers: Editor autosave (incl. sublevels & external actors) for all levels took 0.100
[2023.04.27-08.54.31:742][ 59]OBJ SavePackage: Generating thumbnails for [1] asset(s) in package [/Game/TheTroubleMakers/ALL_Assets/Road/Road__Square_f] ([1] browsable assets)...
[2023.04.27-08.54.31:762][ 59]OBJ SavePackage:     Rendered thumbnail for [StaticMesh /Game/TheTroubleMakers/ALL_Assets/Road/Road__Square_f.Road__Square_f]
[2023.04.27-08.54.31:762][ 59]OBJ SavePackage: Finished generating thumbnails for package [/Game/TheTroubleMakers/ALL_Assets/Road/Road__Square_f]
[2023.04.27-08.54.31:772][ 59]LogSavePackage: Moving '../../../../../../Asus/Documents/GitHub/TheTroubleMakers/Unreal Engine Project/SpeedLimit_UniAzad/Saved/Road__Square_f_Auto20CBFE4244902E71C1141BDB511327AA9.tmp' to '../../../../../../Asus/Documents/GitHub/TheTroubleMakers/Unreal Engine Project/SpeedLimit_UniAzad/Saved/Autosaves/Game/TheTroubleMakers/ALL_Assets/Road/Road__Square_f_Auto2.uasset'
[2023.04.27-08.54.31:772][ 59]LogFileHelpers: Auto-saving content packages took 0.031
[2023.04.27-08.57.38:579][727]LogFactory: FactoryCreateFile: StaticMesh with FbxFactory (0 0 ../../../../../../Asus/Documents/GitHub/TheTroubleMakers/University Environment Assets/FBXs/Road _2f.fbx)
[2023.04.27-08.57.38:585][727]LogFbx: Loading FBX Scene from ../../../../../../Asus/Documents/GitHub/TheTroubleMakers/University Environment Assets/FBXs/Road _2f.fbx
[2023.04.27-08.57.38:589][727]LogFbx: FBX Scene Loaded Succesfully
[2023.04.27-08.57.39:795][727]LogSlate: Window 'FBX Import Options' being destroyed
[2023.04.27-08.57.39:816][727]LogMaterial: Display: Missing cached shadermap for samd in PCD3D_SM5, Default, SM5 (DDC key hash: F0474434FD9FC9F0DCA3EF02EBF292D1BF15E974), compiling. 
[2023.04.27-08.57.39:819][727]LogFbx: Display: Triangulating static mesh Cube
[2023.04.27-08.57.39:831][727]LogStaticMesh: Building static mesh Road__2f...
[2023.04.27-08.57.39:835][727]LogStaticMesh: Built static mesh [0.00s] /Game/TheTroubleMakers/ALL_Assets/Road/Road__2f.Road__2f
[2023.04.27-08.57.39:836][727]LogStaticMesh: Warning: Road__2f has degenerate tangent bases which will result in incorrect shading.  MikkTSpace relies on tangent bases and may result in mesh corruption, consider disabling this option.
[2023.04.27-08.57.39:836][727]LogStaticMesh: Warning: Road__2f has some nearly zero bi-normals which can create some issues. (Tolerance of 1E-4)
[2023.04.27-08.57.39:842][727]FBXImport: Warning: No smoothing group information was found in this FBX scene.  Please make sure to enable the 'Export Smoothing Groups' option in the FBX Exporter plug-in before exporting the file.  Even for tools that don't support smoothing groups, the FBX Exporter will generate appropriate smoothing data at export-time so that correct vertex normals can be inferred while importing. 
[2023.04.27-08.57.39:842][727]FBXImport: Warning: Road__2f has degenerate tangent bases which will result in incorrect shading.  MikkTSpace relies on tangent bases and may result in mesh corruption, consider disabling this option. 
[2023.04.27-08.57.39:842][727]FBXImport: Warning: Road__2f has some nearly zero bi-normals which can create some issues. (Tolerance of 1E-4) 
[2023.04.27-08.57.40:228][732]LogShaderCompilers: Display: Submitted 2 shader compile jobs with 'ForceLocal' priority
[2023.04.27-08.57.40:230][732]LogShaderCompilers: Display: Worker (1/5): shaders left to compile 2
[2023.04.27-08.57.40:230][732]LogShaderCompilers: Display: Worker (2/5): shaders left to compile 1
[2023.04.27-08.57.40:230][732]LogShaderCompilers: Display: Started 2 'Local' shader compile jobs with 'ForceLocal' priority
[2023.04.27-08.57.40:230][732]LogShaderCompilers: Display: Submitted 14 shader compile jobs with 'Normal' priority
[2023.04.27-08.57.40:242][732]LogShaderCompilers: Display: Worker (3/5): shaders left to compile 14
[2023.04.27-08.57.40:242][732]LogShaderCompilers: Display: Worker (4/5): shaders left to compile 10
[2023.04.27-08.57.40:242][732]LogShaderCompilers: Display: Started 8 'Local' shader compile jobs with 'Normal' priority
[2023.04.27-08.57.40:718][746]LogShaderCompilers: Display: Worker (2/5): shaders left to compile 6
[2023.04.27-08.57.40:718][746]LogShaderCompilers: Display: Started 2 'Local' shader compile jobs with 'Normal' priority
[2023.04.27-08.57.40:734][746]LogShaderCompilers: Display: === FShaderJobCache stats ===
[2023.04.27-08.57.40:734][746]LogShaderCompilers: Display: Total job queries 260, among them cache hits 132 (50.77%)
[2023.04.27-08.57.40:734][746]LogShaderCompilers: Display: Tracking 113 distinct input hashes that result in 23 distinct outputs (20.35%)
[2023.04.27-08.57.40:734][746]LogShaderCompilers: Display: RAM used: 0.13 MB (0.00 GB) of 819.20 MB (0.80 GB) budget. Usage: 0.02%
[2023.04.27-08.57.40:734][746]LogShaderCompilers: Display: ================================================
[2023.04.27-08.57.40:886][752]LogShaderCompilers: Display: Worker (1/5): shaders left to compile 4
[2023.04.27-08.57.40:886][752]LogShaderCompilers: Display: Started 2 'Local' shader compile jobs with 'Normal' priority
[2023.04.27-08.57.41:524][775]LogShaderCompilers: Display: Worker (2/5): shaders left to compile 2
[2023.04.27-08.57.41:524][775]LogShaderCompilers: Display: Worker (3/5): shaders left to compile 1
[2023.04.27-08.57.41:524][775]LogShaderCompilers: Display: Started 2 'Local' shader compile jobs with 'Normal' priority
[2023.04.27-08.57.41:582][777]LogSlate: Window 'Message Log' being destroyed
[2023.04.27-08.57.41:614][777]LogSlate: Window 'Message Log' being destroyed
[2023.04.27-08.57.42:983][822]LogAssetEditorSubsystem: Opening Asset editor for StaticMesh /Game/TheTroubleMakers/ALL_Assets/Road/Road__2f.Road__2f
[2023.04.27-08.58.12:642][889]LogSavePackage: Moving '../../../../../../Asus/Documents/GitHub/TheTroubleMakers/Unreal Engine Project/SpeedLimit_UniAzad/Saved/Road__2fEAFAF20244455713A7908B9380692C69.tmp' to '../../../../../../Asus/Documents/GitHub/TheTroubleMakers/Unreal Engine Project/SpeedLimit_UniAzad/Content/TheTroubleMakers/ALL_Assets/Road/Road__2f.uasset'
[2023.04.27-08.58.12:662][889]AssetCheck: New page: Asset Save: Road__2f
[2023.04.27-08.58.12:662][889]LogContentValidation: Display: Validating StaticMesh /Game/TheTroubleMakers/ALL_Assets/Road/Road__2f.Road__2f
[2023.04.27-08.58.50:400][941]LogMaterial: Display: Material /Game/TheTroubleMakers/ALL_Assets/Road/samd.samd needed to have new flag set bUsedWithSplineMeshes !
[2023.04.27-08.58.50:436][941]LogMaterial: Display: Missing cached shadermap for samd in PCD3D_SM5, Default, SM5 (DDC key hash: C34D00A038C6E157500801C5D0BDE8F68C0D3D2B), compiling. 
[2023.04.27-08.58.50:457][941]LogShaderCompilers: Display: Submitted 16 shader compile jobs with 'Low' priority
[2023.04.27-08.58.50:487][941]LogShaderCompilers: Display: Worker (1/5): shaders left to compile 16
[2023.04.27-08.58.50:487][941]LogShaderCompilers: Display: Worker (2/5): shaders left to compile 11
[2023.04.27-08.58.50:487][941]LogShaderCompilers: Display: Worker (3/5): shaders left to compile 6
[2023.04.27-08.58.50:487][941]LogShaderCompilers: Display: Worker (4/5): shaders left to compile 1
[2023.04.27-08.58.50:487][941]LogShaderCompilers: Display: Started 16 'Local' shader compile jobs with 'Low' priority
[2023.04.27-09.01.49:677][449]LogEditorViewport: Clicking on Actor (LMB): StaticMeshActor (Road__Square_f)
[2023.04.27-09.02.16:216][916]LogEditorViewport: Clicking on Actor (LMB): StaticMeshActor (Road__Square_f)
[2023.04.27-09.02.16:811][928]LogEditorViewport: Clicking on Actor (LMB): Landscape (Landscape)
[2023.04.27-09.02.17:985][947]LogEditorViewport: Clicking on Actor (LMB): Landscape (Landscape)
[2023.04.27-09.02.18:502][956]LogEditorViewport: Clicking on Actor (LMB): StaticMeshActor (Road__Square_f)
[2023.04.27-09.02.19:461][973]LogEditorViewport: Clicking on Actor (LMB): Landscape (Landscape)
[2023.04.27-09.02.20:223][986]LogEditorViewport: Clicking on Actor (LMB): StaticMeshActor (Road__Square_f)
[2023.04.27-09.02.23:758][ 47]LogEditorViewport: Clicking on Actor (LMB): StaticMeshActor (Road__Square_f)
[2023.04.27-09.02.24:438][ 59]LogEditorViewport: Clicking on Actor (LMB): StaticMeshActor (Road__Square_f)
[2023.04.27-09.02.25:178][ 72]LogEditorViewport: Clicking on Actor (LMB): StaticMeshActor (Road__Square_f)
[2023.04.27-09.02.29:114][138]LogEditorViewport: Clicking on Actor (LMB): Landscape (Landscape)
[2023.04.27-09.03.30:832][218]LogEditorViewport: Clicking on Actor (LMB): StaticMeshActor (Road__Square_f)
[2023.04.27-09.04.09:362][832]LogEditorViewport: Clicking on Actor (LMB): Landscape (Landscape)
[2023.04.27-09.04.10:390][851]LogEditorViewport: Clicking on Actor (LMB): StaticMeshActor (Road__Square_f)
[2023.04.27-09.04.23:578][ 62]Cmd: TRANSACTION UNDO
[2023.04.27-09.04.23:579][ 62]LogEditorTransaction: Undo Set Rotation
[2023.04.27-09.04.42:994][387]LogEditorViewport: Clicking on Actor (LMB): Landscape (Landscape)
[2023.04.27-09.04.56:440][624]LogEditorViewport: Clicking on Actor (LMB): StaticMeshActor (Road__Square_f)
[2023.04.27-09.06.25:044][217]Cmd: TRANSACTION UNDO
[2023.04.27-09.06.25:044][217]LogEditorTransaction: Undo Set Vector Property
[2023.04.27-09.06.25:126][217]LogPhysics: Warning: PopulatePhysXGeometryAndTransform(Convex): ConvexElem is missing ConvexMesh
[2023.04.27-09.06.25:127][217]LogPhysics: Warning: ForeachShape(Convex): ScaledElem[0] invalid
[2023.04.27-09.06.25:127][217]LogPhysics: Warning: PopulatePhysXGeometryAndTransform(Convex): ConvexElem is missing ConvexMesh
[2023.04.27-09.06.25:127][217]LogPhysics: Warning: ForeachShape(Convex): ScaledElem[0] invalid
[2023.04.27-09.06.25:127][217]LogPhysics: Warning: PopulatePhysXGeometryAndTransform(Convex): ConvexElem is missing ConvexMesh
[2023.04.27-09.06.25:127][217]LogPhysics: Warning: ForeachShape(Convex): ScaledElem[0] invalid
[2023.04.27-09.07.35:297][564]Cmd: TRANSACTION UNDO
[2023.04.27-09.07.35:297][564]LogEditorTransaction: Undo Set Vector Property
[2023.04.27-09.07.35:387][564]LogPhysics: Warning: PopulatePhysXGeometryAndTransform(Convex): ConvexElem is missing ConvexMesh
[2023.04.27-09.07.35:387][564]LogPhysics: Warning: ForeachShape(Convex): ScaledElem[0] invalid
[2023.04.27-09.07.35:387][564]LogPhysics: Warning: PopulatePhysXGeometryAndTransform(Convex): ConvexElem is missing ConvexMesh
[2023.04.27-09.07.35:387][564]LogPhysics: Warning: ForeachShape(Convex): ScaledElem[0] invalid
[2023.04.27-09.07.35:387][564]LogPhysics: Warning: PopulatePhysXGeometryAndTransform(Convex): ConvexElem is missing ConvexMesh
[2023.04.27-09.07.35:387][564]LogPhysics: Warning: ForeachShape(Convex): ScaledElem[0] invalid
[2023.04.27-09.07.35:387][564]LogPhysics: Warning: PopulatePhysXGeometryAndTransform(Convex): ConvexElem is missing ConvexMesh
[2023.04.27-09.07.35:387][564]LogPhysics: Warning: ForeachShape(Convex): ScaledElem[0] invalid
[2023.04.27-09.07.35:387][564]LogPhysics: Warning: PopulatePhysXGeometryAndTransform(Convex): ConvexElem is missing ConvexMesh
[2023.04.27-09.07.35:387][564]LogPhysics: Warning: ForeachShape(Convex): ScaledElem[0] invalid
[2023.04.27-09.07.40:948][664]Cmd: TRANSACTION UNDO
[2023.04.27-09.07.40:948][664]LogEditorTransaction: Undo Set Vector Property
[2023.04.27-09.07.41:007][664]LogPhysics: Warning: PopulatePhysXGeometryAndTransform(Convex): ConvexElem is missing ConvexMesh
[2023.04.27-09.07.41:007][664]LogPhysics: Warning: ForeachShape(Convex): ScaledElem[0] invalid
[2023.04.27-09.07.41:007][664]LogPhysics: Warning: PopulatePhysXGeometryAndTransform(Convex): ConvexElem is missing ConvexMesh
[2023.04.27-09.07.41:007][664]LogPhysics: Warning: ForeachShape(Convex): ScaledElem[0] invalid
[2023.04.27-09.07.41:007][664]LogPhysics: Warning: PopulatePhysXGeometryAndTransform(Convex): ConvexElem is missing ConvexMesh
[2023.04.27-09.07.41:007][664]LogPhysics: Warning: ForeachShape(Convex): ScaledElem[0] invalid
[2023.04.27-09.07.41:007][664]LogPhysics: Warning: PopulatePhysXGeometryAndTransform(Convex): ConvexElem is missing ConvexMesh
[2023.04.27-09.07.41:007][664]LogPhysics: Warning: ForeachShape(Convex): ScaledElem[0] invalid
[2023.04.27-09.07.41:008][664]LogPhysics: Warning: PopulatePhysXGeometryAndTransform(Convex): ConvexElem is missing ConvexMesh
[2023.04.27-09.07.41:008][664]LogPhysics: Warning: ForeachShape(Convex): ScaledElem[0] invalid
[2023.04.27-09.09.28:363][718]LogEditorViewport: Clicking on Actor (context menu): StaticMeshActor (Road__Square_f)
[2023.04.27-09.10.32:124][935]LogTemp: Repeating last play command: Selected Viewport
[2023.04.27-09.10.32:131][935]LogPlayLevel: PlayLevel: No blueprints needed recompiling
[2023.04.27-09.10.32:131][935]PIE: New page: PIE session: Minimal_Default (Apr 27, 2023, 5:10:32 PM)
[2023.04.27-09.10.32:132][935]LogPlayLevel: Creating play world package: /Game/StarterContent/Maps/UEDPIE_0_Minimal_Default
[2023.04.27-09.10.32:168][935]LogPlayLevel: PIE: StaticDuplicateObject took: (0.036259s)
[2023.04.27-09.10.32:169][935]LogAIModule: Creating AISystem for world Minimal_Default
[2023.04.27-09.10.32:169][935]LogPlayLevel: PIE: World Init took: (0.001001s)
[2023.04.27-09.10.32:169][935]LogPlayLevel: PIE: Created PIE world by copying editor world from /Game/StarterContent/Maps/Minimal_Default.Minimal_Default to /Game/StarterContent/Maps/UEDPIE_0_Minimal_Default.Minimal_Default (0.037375s)
[2023.04.27-09.10.32:178][935]LogUObjectHash: Compacting FUObjectHashTables data took   0.78ms
[2023.04.27-09.10.32:189][935]LogAudio: Display: Creating Audio Device:                 Id: 7, Scope: Unique, Realtime: True
[2023.04.27-09.10.32:189][935]LogAudioMixer: Display: Audio Mixer Platform Settings:
[2023.04.27-09.10.32:189][935]LogAudioMixer: Display: 	Sample Rate:						  48000
[2023.04.27-09.10.32:189][935]LogAudioMixer: Display: 	Callback Buffer Frame Size Requested: 1024
[2023.04.27-09.10.32:189][935]LogAudioMixer: Display: 	Callback Buffer Frame Size To Use:	  1024
[2023.04.27-09.10.32:189][935]LogAudioMixer: Display: 	Number of buffers to queue:			  2
[2023.04.27-09.10.32:189][935]LogAudioMixer: Display: 	Max Channels (voices):				  32
[2023.04.27-09.10.32:189][935]LogAudioMixer: Display: 	Number of Async Source Workers:		  0
[2023.04.27-09.10.32:189][935]LogAudio: Display: AudioDevice MaxSources: 32
[2023.04.27-09.10.32:190][935]LogAudio: Display: Audio Spatialization Plugin: None (built-in).
[2023.04.27-09.10.32:190][935]LogAudio: Display: Audio Reverb Plugin: None (built-in).
[2023.04.27-09.10.32:190][935]LogAudio: Display: Audio Occlusion Plugin: None (built-in).
[2023.04.27-09.10.32:190][935]LogAudioMixer: Display: Initializing audio mixer.
[2023.04.27-09.10.32:194][935]LogAudioMixer: Display: 0: FrontLeft
[2023.04.27-09.10.32:194][935]LogAudioMixer: Display: 1: FrontRight
[2023.04.27-09.10.32:283][935]LogAudioMixer: Display: Using Audio Device Headphones (QCY-T13)
[2023.04.27-09.10.32:283][935]LogAudioMixer: Display: Initializing Sound Submixes...
[2023.04.27-09.10.32:283][935]LogAudioMixer: Display: Creating Master Submix 'MasterSubmixDefault'
[2023.04.27-09.10.32:283][935]LogAudioMixer: Display: Creating Master Submix 'MasterReverbSubmixDefault'
[2023.04.27-09.10.32:284][935]LogAudioMixer: Display: Creating Master Submix 'MasterEQSubmixDefault'
[2023.04.27-09.10.32:284][935]LogAudioMixer: FMixerPlatformXAudio2::StartAudioStream() called
[2023.04.27-09.10.32:284][935]LogAudioMixer: Display: Output buffers initialized: Frames=1024, Channels=2, Samples=2048
[2023.04.27-09.10.32:286][935]LogAudioMixer: Display: Starting AudioMixerPlatformInterface::RunInternal()
[2023.04.27-09.10.32:286][935]LogAudioMixer: Display: FMixerPlatformXAudio2::SubmitBuffer() called for the first time
[2023.04.27-09.10.32:286][935]LogInit: FAudioDevice initialized.
[2023.04.27-09.10.32:286][935]LogAudio: Display: Audio Device (ID: 7) registered with world 'Minimal_Default'.
[2023.04.27-09.10.32:292][935]LogLoad: Game class is 'NissanGame_C'
[2023.04.27-09.10.32:298][935]LogWorld: Bringing World /Game/StarterContent/Maps/UEDPIE_0_Minimal_Default.Minimal_Default up for play (max tick rate 0) at 2023.04.27-12.40.32
[2023.04.27-09.10.32:299][935]LogWorld: Bringing up level for play took: 0.004884
[2023.04.27-09.10.32:299][935]LogOnline: OSS: Creating online subsystem instance for: :Context_17
[2023.04.27-09.10.32:301][935]LogGameMode: Display: Match State Changed from EnteringMap to WaitingToStart
[2023.04.27-09.10.32:301][935]LogGameState: Match State Changed from EnteringMap to WaitingToStart
[2023.04.27-09.10.32:301][935]LogGameMode: Display: Match State Changed from WaitingToStart to InProgress
[2023.04.27-09.10.32:302][935]LogGameState: Match State Changed from WaitingToStart to InProgress
[2023.04.27-09.10.32:302][935]PIE: Server logged in
[2023.04.27-09.10.32:303][935]PIE: Play in editor total start time 0.172 seconds.
[2023.04.27-09.11.02:836][528]LogSlate: Updating window title bar state: overlay mode, drag disabled, window buttons hidden, title bar hidden
[2023.04.27-09.11.02:836][528]LogWorld: BeginTearingDown for /Game/StarterContent/Maps/UEDPIE_0_Minimal_Default
[2023.04.27-09.11.02:836][528]LogWorld: UWorld::CleanupWorld for Minimal_Default, bSessionEnded=true, bCleanupResources=true
[2023.04.27-09.11.02:838][528]LogSlate: InvalidateAllWidgets triggered.  All widgets were invalidated
[2023.04.27-09.11.02:849][528]LogPlayLevel: Display: Shutting down PIE online subsystems
[2023.04.27-09.11.02:852][528]LogSlate: InvalidateAllWidgets triggered.  All widgets were invalidated
[2023.04.27-09.11.02:861][528]LogAudio: Display: Audio Device unregistered from world 'None'.
[2023.04.27-09.11.02:862][528]LogAudioMixer: FMixerPlatformXAudio2::StopAudioStream() called
[2023.04.27-09.11.02:864][528]LogAudioMixer: FMixerPlatformXAudio2::StopAudioStream() called
[2023.04.27-09.11.02:880][528]LogSlate: Updating window title bar state: overlay mode, drag disabled, window buttons hidden, title bar hidden
[2023.04.27-09.11.02:884][528]LogUObjectHash: Compacting FUObjectHashTables data took   1.07ms
[2023.04.27-09.11.02:906][529]LogPlayLevel: Display: Destroying online subsystem :Context_17
[2023.04.27-09.11.12:433][872]LogEditorViewport: Clicking Background
[2023.04.27-09.11.29:720][489]LogEditorViewport: Clicking on Actor (LMB): Landscape (Landscape)
[2023.04.27-09.11.30:677][520]LogEditorViewport: Clicking on Actor (LMB): Landscape (Landscape)
[2023.04.27-09.11.31:222][538]LogEditorViewport: Clicking on Actor (LMB): PlayerStart (Player Start)
[2023.04.27-09.11.33:221][605]LogNavigationPoint: PostEditMove Clear paths rebuilt
[2023.04.27-09.11.39:882][808]LogNavigationPoint: PostEditMove Clear paths rebuilt
[2023.04.27-09.11.44:519][948]LogNavigationPoint: PostEditMove Clear paths rebuilt
[2023.04.27-09.11.45:438][976]LogNavigationPoint: PostEditMove Clear paths rebuilt
[2023.04.27-09.11.53:344][217]LogNavigationPoint: PostEditMove Clear paths rebuilt
[2023.04.27-09.11.57:744][343]LogNavigationPoint: PostEditMove Clear paths rebuilt
[2023.04.27-09.12.00:512][418]LogTemp: Repeating last play command: Selected Viewport
[2023.04.27-09.12.00:518][418]LogPlayLevel: PlayLevel: No blueprints needed recompiling
[2023.04.27-09.12.00:518][418]PIE: New page: PIE session: Minimal_Default (Apr 27, 2023, 5:12:00 PM)
[2023.04.27-09.12.00:519][418]LogPlayLevel: Creating play world package: /Game/StarterContent/Maps/UEDPIE_0_Minimal_Default
[2023.04.27-09.12.00:555][418]LogPlayLevel: PIE: StaticDuplicateObject took: (0.035790s)
[2023.04.27-09.12.00:555][418]LogAIModule: Creating AISystem for world Minimal_Default
[2023.04.27-09.12.00:556][418]LogPlayLevel: PIE: World Init took: (0.001016s)
[2023.04.27-09.12.00:556][418]LogPlayLevel: PIE: Created PIE world by copying editor world from /Game/StarterContent/Maps/Minimal_Default.Minimal_Default to /Game/StarterContent/Maps/UEDPIE_0_Minimal_Default.Minimal_Default (0.036960s)
[2023.04.27-09.12.00:562][418]LogUObjectHash: Compacting FUObjectHashTables data took   0.57ms
[2023.04.27-09.12.00:567][418]LogAudio: Display: Creating Audio Device:                 Id: 8, Scope: Unique, Realtime: True
[2023.04.27-09.12.00:567][418]LogAudioMixer: Display: Audio Mixer Platform Settings:
[2023.04.27-09.12.00:567][418]LogAudioMixer: Display: 	Sample Rate:						  48000
[2023.04.27-09.12.00:567][418]LogAudioMixer: Display: 	Callback Buffer Frame Size Requested: 1024
[2023.04.27-09.12.00:567][418]LogAudioMixer: Display: 	Callback Buffer Frame Size To Use:	  1024
[2023.04.27-09.12.00:567][418]LogAudioMixer: Display: 	Number of buffers to queue:			  2
[2023.04.27-09.12.00:567][418]LogAudioMixer: Display: 	Max Channels (voices):				  32
[2023.04.27-09.12.00:568][418]LogAudioMixer: Display: 	Number of Async Source Workers:		  0
[2023.04.27-09.12.00:568][418]LogAudio: Display: AudioDevice MaxSources: 32
[2023.04.27-09.12.00:568][418]LogAudio: Display: Audio Spatialization Plugin: None (built-in).
[2023.04.27-09.12.00:568][418]LogAudio: Display: Audio Reverb Plugin: None (built-in).
[2023.04.27-09.12.00:568][418]LogAudio: Display: Audio Occlusion Plugin: None (built-in).
[2023.04.27-09.12.00:568][418]LogAudioMixer: Display: Initializing audio mixer.
[2023.04.27-09.12.00:571][418]LogAudioMixer: Display: 0: FrontLeft
[2023.04.27-09.12.00:571][418]LogAudioMixer: Display: 1: FrontRight
[2023.04.27-09.12.00:672][418]LogAudioMixer: Display: Using Audio Device Headphones (QCY-T13)
[2023.04.27-09.12.00:673][418]LogAudioMixer: Display: Initializing Sound Submixes...
[2023.04.27-09.12.00:673][418]LogAudioMixer: Display: Creating Master Submix 'MasterSubmixDefault'
[2023.04.27-09.12.00:673][418]LogAudioMixer: Display: Creating Master Submix 'MasterReverbSubmixDefault'
[2023.04.27-09.12.00:673][418]LogAudioMixer: Display: Creating Master Submix 'MasterEQSubmixDefault'
[2023.04.27-09.12.00:673][418]LogAudioMixer: FMixerPlatformXAudio2::StartAudioStream() called
[2023.04.27-09.12.00:673][418]LogAudioMixer: Display: Output buffers initialized: Frames=1024, Channels=2, Samples=2048
[2023.04.27-09.12.00:674][418]LogAudioMixer: Display: Starting AudioMixerPlatformInterface::RunInternal()
[2023.04.27-09.12.00:674][418]LogAudioMixer: Display: FMixerPlatformXAudio2::SubmitBuffer() called for the first time
[2023.04.27-09.12.00:674][418]LogInit: FAudioDevice initialized.
[2023.04.27-09.12.00:674][418]LogAudio: Display: Audio Device (ID: 8) registered with world 'Minimal_Default'.
[2023.04.27-09.12.00:686][418]LogLoad: Game class is 'NissanGame_C'
[2023.04.27-09.12.00:692][418]LogWorld: Bringing World /Game/StarterContent/Maps/UEDPIE_0_Minimal_Default.Minimal_Default up for play (max tick rate 0) at 2023.04.27-12.42.00
[2023.04.27-09.12.00:692][418]LogWorld: Bringing up level for play took: 0.004940
[2023.04.27-09.12.00:692][418]LogOnline: OSS: Creating online subsystem instance for: :Context_18
[2023.04.27-09.12.00:695][418]LogGameMode: Display: Match State Changed from EnteringMap to WaitingToStart
[2023.04.27-09.12.00:695][418]LogGameState: Match State Changed from EnteringMap to WaitingToStart
[2023.04.27-09.12.00:695][418]LogGameMode: Display: Match State Changed from WaitingToStart to InProgress
[2023.04.27-09.12.00:696][418]LogGameState: Match State Changed from WaitingToStart to InProgress
[2023.04.27-09.12.00:696][418]PIE: Server logged in
[2023.04.27-09.12.00:697][418]PIE: Play in editor total start time 0.179 seconds.
[2023.04.27-09.14.10:777][142]LogSlate: Updating window title bar state: overlay mode, drag disabled, window buttons hidden, title bar hidden
[2023.04.27-09.14.10:777][142]LogWorld: BeginTearingDown for /Game/StarterContent/Maps/UEDPIE_0_Minimal_Default
[2023.04.27-09.14.10:777][142]LogWorld: UWorld::CleanupWorld for Minimal_Default, bSessionEnded=true, bCleanupResources=true
[2023.04.27-09.14.10:779][142]LogSlate: InvalidateAllWidgets triggered.  All widgets were invalidated
[2023.04.27-09.14.10:796][142]LogPlayLevel: Display: Shutting down PIE online subsystems
[2023.04.27-09.14.10:808][142]LogSlate: InvalidateAllWidgets triggered.  All widgets were invalidated
[2023.04.27-09.14.10:815][142]LogAudio: Display: Audio Device unregistered from world 'None'.
[2023.04.27-09.14.10:815][142]LogAudioMixer: FMixerPlatformXAudio2::StopAudioStream() called
[2023.04.27-09.14.10:817][142]LogAudioMixer: FMixerPlatformXAudio2::StopAudioStream() called
[2023.04.27-09.14.10:834][142]LogSlate: Updating window title bar state: overlay mode, drag disabled, window buttons hidden, title bar hidden
[2023.04.27-09.14.10:836][142]LogUObjectHash: Compacting FUObjectHashTables data took   0.68ms
[2023.04.27-09.14.10:860][143]LogPlayLevel: Display: Destroying online subsystem :Context_18
[2023.04.27-09.14.12:162][180]LogEditorViewport: Clicking on Actor (LMB): Landscape (Landscape)
[2023.04.27-09.14.15:462][265]LogTemp: Repeating last play command: Selected Viewport
[2023.04.27-09.14.15:470][265]LogPlayLevel: PlayLevel: No blueprints needed recompiling
[2023.04.27-09.14.15:470][265]PIE: New page: PIE session: Minimal_Default (Apr 27, 2023, 5:14:15 PM)
[2023.04.27-09.14.15:470][265]LogPlayLevel: Creating play world package: /Game/StarterContent/Maps/UEDPIE_0_Minimal_Default
[2023.04.27-09.14.15:509][265]LogPlayLevel: PIE: StaticDuplicateObject took: (0.039138s)
[2023.04.27-09.14.15:510][265]LogAIModule: Creating AISystem for world Minimal_Default
[2023.04.27-09.14.15:510][265]LogPlayLevel: PIE: World Init took: (0.001433s)
[2023.04.27-09.14.15:510][265]LogPlayLevel: PIE: Created PIE world by copying editor world from /Game/StarterContent/Maps/Minimal_Default.Minimal_Default to /Game/StarterContent/Maps/UEDPIE_0_Minimal_Default.Minimal_Default (0.040710s)
[2023.04.27-09.14.15:517][265]LogUObjectHash: Compacting FUObjectHashTables data took   0.61ms
[2023.04.27-09.14.15:518][265]LogAudio: Display: Creating Audio Device:                 Id: 9, Scope: Unique, Realtime: True
[2023.04.27-09.14.15:518][265]LogAudioMixer: Display: Audio Mixer Platform Settings:
[2023.04.27-09.14.15:518][265]LogAudioMixer: Display: 	Sample Rate:						  48000
[2023.04.27-09.14.15:518][265]LogAudioMixer: Display: 	Callback Buffer Frame Size Requested: 1024
[2023.04.27-09.14.15:518][265]LogAudioMixer: Display: 	Callback Buffer Frame Size To Use:	  1024
[2023.04.27-09.14.15:518][265]LogAudioMixer: Display: 	Number of buffers to queue:			  2
[2023.04.27-09.14.15:518][265]LogAudioMixer: Display: 	Max Channels (voices):				  32
[2023.04.27-09.14.15:518][265]LogAudioMixer: Display: 	Number of Async Source Workers:		  0
[2023.04.27-09.14.15:518][265]LogAudio: Display: AudioDevice MaxSources: 32
[2023.04.27-09.14.15:519][265]LogAudio: Display: Audio Spatialization Plugin: None (built-in).
[2023.04.27-09.14.15:519][265]LogAudio: Display: Audio Reverb Plugin: None (built-in).
[2023.04.27-09.14.15:519][265]LogAudio: Display: Audio Occlusion Plugin: None (built-in).
[2023.04.27-09.14.15:519][265]LogAudioMixer: Display: Initializing audio mixer.
[2023.04.27-09.14.15:522][265]LogAudioMixer: Display: 0: FrontLeft
[2023.04.27-09.14.15:522][265]LogAudioMixer: Display: 1: FrontRight
[2023.04.27-09.14.15:624][265]LogAudioMixer: Display: Using Audio Device Headphones (QCY-T13)
[2023.04.27-09.14.15:625][265]LogAudioMixer: Display: Initializing Sound Submixes...
[2023.04.27-09.14.15:625][265]LogAudioMixer: Display: Creating Master Submix 'MasterSubmixDefault'
[2023.04.27-09.14.15:625][265]LogAudioMixer: Display: Creating Master Submix 'MasterReverbSubmixDefault'
[2023.04.27-09.14.15:625][265]LogAudioMixer: Display: Creating Master Submix 'MasterEQSubmixDefault'
[2023.04.27-09.14.15:625][265]LogAudioMixer: FMixerPlatformXAudio2::StartAudioStream() called
[2023.04.27-09.14.15:625][265]LogAudioMixer: Display: Output buffers initialized: Frames=1024, Channels=2, Samples=2048
[2023.04.27-09.14.15:627][265]LogAudioMixer: Display: Starting AudioMixerPlatformInterface::RunInternal()
[2023.04.27-09.14.15:627][265]LogAudioMixer: Display: FMixerPlatformXAudio2::SubmitBuffer() called for the first time
[2023.04.27-09.14.15:627][265]LogInit: FAudioDevice initialized.
[2023.04.27-09.14.15:627][265]LogAudio: Display: Audio Device (ID: 9) registered with world 'Minimal_Default'.
[2023.04.27-09.14.15:639][265]LogLoad: Game class is 'NissanGame_C'
[2023.04.27-09.14.15:645][265]LogWorld: Bringing World /Game/StarterContent/Maps/UEDPIE_0_Minimal_Default.Minimal_Default up for play (max tick rate 0) at 2023.04.27-12.44.15
[2023.04.27-09.14.15:645][265]LogWorld: Bringing up level for play took: 0.005226
[2023.04.27-09.14.15:645][265]LogOnline: OSS: Creating online subsystem instance for: :Context_19
[2023.04.27-09.14.15:647][265]LogGameMode: Display: Match State Changed from EnteringMap to WaitingToStart
[2023.04.27-09.14.15:648][265]LogGameState: Match State Changed from EnteringMap to WaitingToStart
[2023.04.27-09.14.15:648][265]LogGameMode: Display: Match State Changed from WaitingToStart to InProgress
[2023.04.27-09.14.15:650][265]LogGameState: Match State Changed from WaitingToStart to InProgress
[2023.04.27-09.14.15:650][265]PIE: Server logged in
[2023.04.27-09.14.15:650][265]PIE: Play in editor total start time 0.181 seconds.
[2023.04.27-09.14.16:017][288]LogSlate: Updating window title bar state: overlay mode, drag disabled, window buttons hidden, title bar hidden
[2023.04.27-09.14.16:017][288]LogWorld: BeginTearingDown for /Game/StarterContent/Maps/UEDPIE_0_Minimal_Default
[2023.04.27-09.14.16:017][288]LogWorld: UWorld::CleanupWorld for Minimal_Default, bSessionEnded=true, bCleanupResources=true
[2023.04.27-09.14.16:019][288]LogSlate: InvalidateAllWidgets triggered.  All widgets were invalidated
[2023.04.27-09.14.16:029][288]LogPlayLevel: Display: Shutting down PIE online subsystems
[2023.04.27-09.14.16:041][288]LogSlate: InvalidateAllWidgets triggered.  All widgets were invalidated
[2023.04.27-09.14.16:049][288]LogSlate: Updating window title bar state: overlay mode, drag disabled, window buttons hidden, title bar hidden
[2023.04.27-09.14.16:049][288]LogAudioMixer: FMixerPlatformXAudio2::StopAudioStream() called
[2023.04.27-09.14.16:051][288]LogAudioMixer: FMixerPlatformXAudio2::StopAudioStream() called
[2023.04.27-09.14.16:058][288]LogUObjectHash: Compacting FUObjectHashTables data took   0.65ms
[2023.04.27-09.14.16:093][289]LogPlayLevel: Display: Destroying online subsystem :Context_19
[2023.04.27-09.14.17:058][316]LogEditorViewport: Clicking on Actor (LMB): Landscape (Landscape)
[2023.04.27-09.14.17:514][328]LogEditorViewport: Clicking on Actor (LMB): PlayerStart (Player Start)
[2023.04.27-09.14.19:753][390]LogNavigationPoint: PostEditMove Clear paths rebuilt
[2023.04.27-09.14.21:123][428]LogNavigationPoint: PostEditMove Clear paths rebuilt
[2023.04.27-09.14.22:398][463]LogNavigationPoint: PostEditMove Clear paths rebuilt
[2023.04.27-09.14.23:753][501]LogTemp: Repeating last play command: Selected Viewport
[2023.04.27-09.14.23:759][501]LogPlayLevel: PlayLevel: No blueprints needed recompiling
[2023.04.27-09.14.23:759][501]PIE: New page: PIE session: Minimal_Default (Apr 27, 2023, 5:14:23 PM)
[2023.04.27-09.14.23:759][501]LogPlayLevel: Creating play world package: /Game/StarterContent/Maps/UEDPIE_0_Minimal_Default
[2023.04.27-09.14.23:795][501]LogPlayLevel: PIE: StaticDuplicateObject took: (0.035665s)
[2023.04.27-09.14.23:796][501]LogAIModule: Creating AISystem for world Minimal_Default
[2023.04.27-09.14.23:796][501]LogPlayLevel: PIE: World Init took: (0.001004s)
[2023.04.27-09.14.23:796][501]LogPlayLevel: PIE: Created PIE world by copying editor world from /Game/StarterContent/Maps/Minimal_Default.Minimal_Default to /Game/StarterContent/Maps/UEDPIE_0_Minimal_Default.Minimal_Default (0.036784s)
[2023.04.27-09.14.23:802][501]LogUObjectHash: Compacting FUObjectHashTables data took   0.58ms
[2023.04.27-09.14.23:804][501]LogAudio: Display: Creating Audio Device:                 Id: 10, Scope: Unique, Realtime: True
[2023.04.27-09.14.23:804][501]LogAudioMixer: Display: Audio Mixer Platform Settings:
[2023.04.27-09.14.23:804][501]LogAudioMixer: Display: 	Sample Rate:						  48000
[2023.04.27-09.14.23:804][501]LogAudioMixer: Display: 	Callback Buffer Frame Size Requested: 1024
[2023.04.27-09.14.23:804][501]LogAudioMixer: Display: 	Callback Buffer Frame Size To Use:	  1024
[2023.04.27-09.14.23:804][501]LogAudioMixer: Display: 	Number of buffers to queue:			  2
[2023.04.27-09.14.23:804][501]LogAudioMixer: Display: 	Max Channels (voices):				  32
[2023.04.27-09.14.23:804][501]LogAudioMixer: Display: 	Number of Async Source Workers:		  0
[2023.04.27-09.14.23:804][501]LogAudio: Display: AudioDevice MaxSources: 32
[2023.04.27-09.14.23:805][501]LogAudio: Display: Audio Spatialization Plugin: None (built-in).
[2023.04.27-09.14.23:805][501]LogAudio: Display: Audio Reverb Plugin: None (built-in).
[2023.04.27-09.14.23:805][501]LogAudio: Display: Audio Occlusion Plugin: None (built-in).
[2023.04.27-09.14.23:805][501]LogAudioMixer: Display: Initializing audio mixer.
[2023.04.27-09.14.23:808][501]LogAudioMixer: Display: 0: FrontLeft
[2023.04.27-09.14.23:808][501]LogAudioMixer: Display: 1: FrontRight
[2023.04.27-09.14.23:899][501]LogAudioMixer: Display: Using Audio Device Headphones (QCY-T13)
[2023.04.27-09.14.23:899][501]LogAudioMixer: Display: Initializing Sound Submixes...
[2023.04.27-09.14.23:899][501]LogAudioMixer: Display: Creating Master Submix 'MasterSubmixDefault'
[2023.04.27-09.14.23:899][501]LogAudioMixer: Display: Creating Master Submix 'MasterReverbSubmixDefault'
[2023.04.27-09.14.23:900][501]LogAudioMixer: Display: Creating Master Submix 'MasterEQSubmixDefault'
[2023.04.27-09.14.23:900][501]LogAudioMixer: FMixerPlatformXAudio2::StartAudioStream() called
[2023.04.27-09.14.23:900][501]LogAudioMixer: Display: Output buffers initialized: Frames=1024, Channels=2, Samples=2048
[2023.04.27-09.14.23:901][501]LogAudioMixer: Display: Starting AudioMixerPlatformInterface::RunInternal()
[2023.04.27-09.14.23:901][501]LogAudioMixer: Display: FMixerPlatformXAudio2::SubmitBuffer() called for the first time
[2023.04.27-09.14.23:901][501]LogInit: FAudioDevice initialized.
[2023.04.27-09.14.23:901][501]LogAudio: Display: Audio Device (ID: 10) registered with world 'Minimal_Default'.
[2023.04.27-09.14.23:909][501]LogLoad: Game class is 'NissanGame_C'
[2023.04.27-09.14.23:916][501]LogWorld: Bringing World /Game/StarterContent/Maps/UEDPIE_0_Minimal_Default.Minimal_Default up for play (max tick rate 0) at 2023.04.27-12.44.23
[2023.04.27-09.14.23:916][501]LogWorld: Bringing up level for play took: 0.005318
[2023.04.27-09.14.23:917][501]LogOnline: OSS: Creating online subsystem instance for: :Context_20
[2023.04.27-09.14.23:919][501]LogGameMode: Display: Match State Changed from EnteringMap to WaitingToStart
[2023.04.27-09.14.23:919][501]LogGameState: Match State Changed from EnteringMap to WaitingToStart
[2023.04.27-09.14.23:919][501]LogGameMode: Display: Match State Changed from WaitingToStart to InProgress
[2023.04.27-09.14.23:920][501]LogGameState: Match State Changed from WaitingToStart to InProgress
[2023.04.27-09.14.23:920][501]PIE: Server logged in
[2023.04.27-09.14.23:921][501]PIE: Play in editor total start time 0.162 seconds.
[2023.04.27-09.15.10:686][678]LogSlate: Updating window title bar state: overlay mode, drag disabled, window buttons hidden, title bar hidden
[2023.04.27-09.15.10:686][678]LogWorld: BeginTearingDown for /Game/StarterContent/Maps/UEDPIE_0_Minimal_Default
[2023.04.27-09.15.10:687][678]LogWorld: UWorld::CleanupWorld for Minimal_Default, bSessionEnded=true, bCleanupResources=true
[2023.04.27-09.15.10:689][678]LogSlate: InvalidateAllWidgets triggered.  All widgets were invalidated
[2023.04.27-09.15.10:706][678]LogPlayLevel: Display: Shutting down PIE online subsystems
[2023.04.27-09.15.10:727][678]LogSlate: InvalidateAllWidgets triggered.  All widgets were invalidated
[2023.04.27-09.15.10:733][678]LogSlate: Updating window title bar state: overlay mode, drag disabled, window buttons hidden, title bar hidden
[2023.04.27-09.15.10:734][678]LogAudioMixer: FMixerPlatformXAudio2::StopAudioStream() called
[2023.04.27-09.15.10:736][678]LogAudioMixer: FMixerPlatformXAudio2::StopAudioStream() called
[2023.04.27-09.15.10:758][678]LogUObjectHash: Compacting FUObjectHashTables data took   0.91ms
[2023.04.27-09.15.10:786][679]LogPlayLevel: Display: Destroying online subsystem :Context_20
[2023.04.27-09.15.14:353][773]LogTemp: Repeating last play command: Selected Viewport
[2023.04.27-09.15.14:360][773]LogPlayLevel: PlayLevel: No blueprints needed recompiling
[2023.04.27-09.15.14:360][773]PIE: New page: PIE session: Minimal_Default (Apr 27, 2023, 5:15:14 PM)
[2023.04.27-09.15.14:361][773]LogPlayLevel: Creating play world package: /Game/StarterContent/Maps/UEDPIE_0_Minimal_Default
[2023.04.27-09.15.14:396][773]LogPlayLevel: PIE: StaticDuplicateObject took: (0.034577s)
[2023.04.27-09.15.14:397][773]LogAIModule: Creating AISystem for world Minimal_Default
[2023.04.27-09.15.14:397][773]LogPlayLevel: PIE: World Init took: (0.001000s)
[2023.04.27-09.15.14:397][773]LogPlayLevel: PIE: Created PIE world by copying editor world from /Game/StarterContent/Maps/Minimal_Default.Minimal_Default to /Game/StarterContent/Maps/UEDPIE_0_Minimal_Default.Minimal_Default (0.035692s)
[2023.04.27-09.15.14:403][773]LogUObjectHash: Compacting FUObjectHashTables data took   0.61ms
[2023.04.27-09.15.14:404][773]LogAudio: Display: Creating Audio Device:                 Id: 11, Scope: Unique, Realtime: True
[2023.04.27-09.15.14:404][773]LogAudioMixer: Display: Audio Mixer Platform Settings:
[2023.04.27-09.15.14:404][773]LogAudioMixer: Display: 	Sample Rate:						  48000
[2023.04.27-09.15.14:404][773]LogAudioMixer: Display: 	Callback Buffer Frame Size Requested: 1024
[2023.04.27-09.15.14:404][773]LogAudioMixer: Display: 	Callback Buffer Frame Size To Use:	  1024
[2023.04.27-09.15.14:404][773]LogAudioMixer: Display: 	Number of buffers to queue:			  2
[2023.04.27-09.15.14:404][773]LogAudioMixer: Display: 	Max Channels (voices):				  32
[2023.04.27-09.15.14:404][773]LogAudioMixer: Display: 	Number of Async Source Workers:		  0
[2023.04.27-09.15.14:404][773]LogAudio: Display: AudioDevice MaxSources: 32
[2023.04.27-09.15.14:404][773]LogAudio: Display: Audio Spatialization Plugin: None (built-in).
[2023.04.27-09.15.14:404][773]LogAudio: Display: Audio Reverb Plugin: None (built-in).
[2023.04.27-09.15.14:404][773]LogAudio: Display: Audio Occlusion Plugin: None (built-in).
[2023.04.27-09.15.14:404][773]LogAudioMixer: Display: Initializing audio mixer.
[2023.04.27-09.15.14:407][773]LogAudioMixer: Display: 0: FrontLeft
[2023.04.27-09.15.14:407][773]LogAudioMixer: Display: 1: FrontRight
[2023.04.27-09.15.14:494][773]LogAudioMixer: Display: Using Audio Device Headphones (QCY-T13)
[2023.04.27-09.15.14:494][773]LogAudioMixer: Display: Initializing Sound Submixes...
[2023.04.27-09.15.14:494][773]LogAudioMixer: Display: Creating Master Submix 'MasterSubmixDefault'
[2023.04.27-09.15.14:494][773]LogAudioMixer: Display: Creating Master Submix 'MasterReverbSubmixDefault'
[2023.04.27-09.15.14:494][773]LogAudioMixer: Display: Creating Master Submix 'MasterEQSubmixDefault'
[2023.04.27-09.15.14:494][773]LogAudioMixer: FMixerPlatformXAudio2::StartAudioStream() called
[2023.04.27-09.15.14:494][773]LogAudioMixer: Display: Output buffers initialized: Frames=1024, Channels=2, Samples=2048
[2023.04.27-09.15.14:495][773]LogAudioMixer: Display: Starting AudioMixerPlatformInterface::RunInternal()
[2023.04.27-09.15.14:495][773]LogAudioMixer: Display: FMixerPlatformXAudio2::SubmitBuffer() called for the first time
[2023.04.27-09.15.14:495][773]LogInit: FAudioDevice initialized.
[2023.04.27-09.15.14:495][773]LogAudio: Display: Audio Device (ID: 11) registered with world 'Minimal_Default'.
[2023.04.27-09.15.14:505][773]LogLoad: Game class is 'NissanGame_C'
[2023.04.27-09.15.14:510][773]LogWorld: Bringing World /Game/StarterContent/Maps/UEDPIE_0_Minimal_Default.Minimal_Default up for play (max tick rate 0) at 2023.04.27-12.45.14
[2023.04.27-09.15.14:511][773]LogWorld: Bringing up level for play took: 0.005125
[2023.04.27-09.15.14:511][773]LogOnline: OSS: Creating online subsystem instance for: :Context_21
[2023.04.27-09.15.14:513][773]LogGameMode: Display: Match State Changed from EnteringMap to WaitingToStart
[2023.04.27-09.15.14:513][773]LogGameState: Match State Changed from EnteringMap to WaitingToStart
[2023.04.27-09.15.14:513][773]LogGameMode: Display: Match State Changed from WaitingToStart to InProgress
[2023.04.27-09.15.14:514][773]LogGameState: Match State Changed from WaitingToStart to InProgress
[2023.04.27-09.15.14:514][773]PIE: Server logged in
[2023.04.27-09.15.14:516][773]PIE: Play in editor total start time 0.155 seconds.
[2023.04.27-09.15.14:907][800]LogSlate: Updating window title bar state: overlay mode, drag disabled, window buttons hidden, title bar hidden
[2023.04.27-09.15.14:907][800]LogWorld: BeginTearingDown for /Game/StarterContent/Maps/UEDPIE_0_Minimal_Default
[2023.04.27-09.15.14:907][800]LogWorld: UWorld::CleanupWorld for Minimal_Default, bSessionEnded=true, bCleanupResources=true
[2023.04.27-09.15.14:908][800]LogSlate: InvalidateAllWidgets triggered.  All widgets were invalidated
[2023.04.27-09.15.14:921][800]LogPlayLevel: Display: Shutting down PIE online subsystems
[2023.04.27-09.15.14:935][800]LogSlate: InvalidateAllWidgets triggered.  All widgets were invalidated
[2023.04.27-09.15.14:943][800]LogSlate: Updating window title bar state: overlay mode, drag disabled, window buttons hidden, title bar hidden
[2023.04.27-09.15.14:944][800]LogAudioMixer: FMixerPlatformXAudio2::StopAudioStream() called
[2023.04.27-09.15.14:944][800]LogAudioMixer: FMixerPlatformXAudio2::StopAudioStream() called
[2023.04.27-09.15.14:952][800]LogUObjectHash: Compacting FUObjectHashTables data took   0.67ms
[2023.04.27-09.15.14:972][801]LogPlayLevel: Display: Destroying online subsystem :Context_21
[2023.04.27-09.15.15:893][827]LogEditorViewport: Clicking on Actor (LMB): Landscape (Landscape)
[2023.04.27-09.15.35:156][273]LogUObjectHash: Compacting FUObjectHashTables data took   0.46ms
[2023.04.27-09.15.35:168][273]LogTexture: Display: Building textures: Texture2D_2 (BGRA8, 512X512)
[2023.04.27-09.15.35:256][273]LogSavePackage: Moving '../../../../../../Asus/Documents/GitHub/TheTroubleMakers/Unreal Engine Project/SpeedLimit_UniAzad/Saved/Minimal_Default2DC57F1C450E06B7D728288733D653FA.tmp' to '../../../../../../Asus/Documents/GitHub/TheTroubleMakers/Unreal Engine Project/SpeedLimit_UniAzad/Content/StarterContent/Maps/Minimal_Default.umap'
[2023.04.27-09.15.35:297][273]AssetCheck: New page: Asset Save: Minimal_Default
[2023.04.27-09.15.35:297][273]LogContentValidation: Display: Validating World /Game/StarterContent/Maps/Minimal_Default.Minimal_Default
[2023.04.27-09.15.36:126][295]LogUObjectHash: Compacting FUObjectHashTables data took   0.65ms
[2023.04.27-09.15.37:399][295]LogSlate: Window 'Save Content' being destroyed
[2023.04.27-09.15.37:462][295]LogSavePackage: Moving '../../../../../../Asus/Documents/GitHub/TheTroubleMakers/Unreal Engine Project/SpeedLimit_UniAzad/Saved/Bloak0F60415F4594591731DBB290351A6CC7.tmp' to '../../../../../../Asus/Documents/GitHub/TheTroubleMakers/Unreal Engine Project/SpeedLimit_UniAzad/Content/TheTroubleMakers/ALL_Assets/Road/Bloak.uasset'
[2023.04.27-09.15.37:480][295]LogSavePackage: Moving '../../../../../../Asus/Documents/GitHub/TheTroubleMakers/Unreal Engine Project/SpeedLimit_UniAzad/Saved/main3B23528F4EC4F4C1243FF6A4611A30F5.tmp' to '../../../../../../Asus/Documents/GitHub/TheTroubleMakers/Unreal Engine Project/SpeedLimit_UniAzad/Content/TheTroubleMakers/ALL_Assets/Road/main.uasset'
[2023.04.27-09.15.37:497][295]LogSavePackage: Moving '../../../../../../Asus/Documents/GitHub/TheTroubleMakers/Unreal Engine Project/SpeedLimit_UniAzad/Saved/road290F80924AE409935D1C81B28B09CBDB.tmp' to '../../../../../../Asus/Documents/GitHub/TheTroubleMakers/Unreal Engine Project/SpeedLimit_UniAzad/Content/TheTroubleMakers/ALL_Assets/Road/road.uasset'
[2023.04.27-09.15.37:501][295]LogSavePackage: Moving '../../../../../../Asus/Documents/GitHub/TheTroubleMakers/Unreal Engine Project/SpeedLimit_UniAzad/Saved/Road__1f0A321FB7452C4F4C8B674EB99F2DC769.tmp' to '../../../../../../Asus/Documents/GitHub/TheTroubleMakers/Unreal Engine Project/SpeedLimit_UniAzad/Content/TheTroubleMakers/ALL_Assets/Road/Road__1f.uasset'
[2023.04.27-09.15.37:508][295]LogSavePackage: Moving '../../../../../../Asus/Documents/GitHub/TheTroubleMakers/Unreal Engine Project/SpeedLimit_UniAzad/Saved/Road__Square_fABCADC46404AFAD985862BAD9CC48DFF.tmp' to '../../../../../../Asus/Documents/GitHub/TheTroubleMakers/Unreal Engine Project/SpeedLimit_UniAzad/Content/TheTroubleMakers/ALL_Assets/Road/Road__Square_f.uasset'
[2023.04.27-09.15.37:526][295]LogSavePackage: Moving '../../../../../../Asus/Documents/GitHub/TheTroubleMakers/Unreal Engine Project/SpeedLimit_UniAzad/Saved/samd40F9D37F4C7563A04AE7CD8A1BA83455.tmp' to '../../../../../../Asus/Documents/GitHub/TheTroubleMakers/Unreal Engine Project/SpeedLimit_UniAzad/Content/TheTroubleMakers/ALL_Assets/Road/samd.uasset'
[2023.04.27-09.15.37:543][295]LogSavePackage: Moving '../../../../../../Asus/Documents/GitHub/TheTroubleMakers/Unreal Engine Project/SpeedLimit_UniAzad/Saved/sand05CD9626443877910AE626A9FF970087.tmp' to '../../../../../../Asus/Documents/GitHub/TheTroubleMakers/Unreal Engine Project/SpeedLimit_UniAzad/Content/TheTroubleMakers/ALL_Assets/Road/sand.uasset'
[2023.04.27-09.15.37:589][295]LogWorld: UWorld::CleanupWorld for World_8, bSessionEnded=true, bCleanupResources=true
[2023.04.27-09.15.37:589][295]LogSlate: InvalidateAllWidgets triggered.  All widgets were invalidated
[2023.04.27-09.15.37:634][295]LogWorld: UWorld::CleanupWorld for World_9, bSessionEnded=true, bCleanupResources=true
[2023.04.27-09.15.37:634][295]LogSlate: InvalidateAllWidgets triggered.  All widgets were invalidated
[2023.04.27-09.15.37:672][295]LogWorld: UWorld::CleanupWorld for World_10, bSessionEnded=true, bCleanupResources=true
[2023.04.27-09.15.37:672][295]LogSlate: InvalidateAllWidgets triggered.  All widgets were invalidated
[2023.04.27-09.15.37:713][295]LogSlate: Window 'SpeedLimit_UniAzad - Unreal Editor' being destroyed
[2023.04.27-09.15.37:857][295]AssetCheck: New page: Asset Save: multiple assets
[2023.04.27-09.15.37:857][295]LogContentValidation: Display: Validating Material /Game/TheTroubleMakers/ALL_Assets/Road/sand.sand
[2023.04.27-09.15.37:857][295]LogContentValidation: Display: Validating Material /Game/TheTroubleMakers/ALL_Assets/Road/road.road
[2023.04.27-09.15.37:857][295]LogContentValidation: Display: Validating Material /Game/TheTroubleMakers/ALL_Assets/Road/Bloak.Bloak
[2023.04.27-09.15.37:857][295]LogContentValidation: Display: Validating Material /Game/TheTroubleMakers/ALL_Assets/Road/main.main
[2023.04.27-09.15.37:857][295]LogContentValidation: Display: Validating StaticMesh /Game/TheTroubleMakers/ALL_Assets/Road/Road__1f.Road__1f
[2023.04.27-09.15.37:857][295]LogContentValidation: Display: Validating Material /Game/TheTroubleMakers/ALL_Assets/Road/samd.samd
[2023.04.27-09.15.37:857][295]LogContentValidation: Display: Validating StaticMesh /Game/TheTroubleMakers/ALL_Assets/Road/Road__Square_f.Road__Square_f
[2023.04.27-09.15.37:858][296]Cmd: QUIT_EDITOR
[2023.04.27-09.15.37:858][296]LogCore: Engine exit requested (reason: UUnrealEdEngine::CloseEditor())
[2023.04.27-09.15.37:862][296]LogCore: Engine exit requested (reason: EngineExit() was called; note: exit was already requested)
[2023.04.27-09.15.38:786][296]LogAudio: Display: Beginning Audio Device Manager Shutdown (Module: AudioMixerXAudio2)...
[2023.04.27-09.15.38:786][296]LogAudio: Display: Destroying 1 Remaining Audio Device(s)...
[2023.04.27-09.15.38:787][296]LogAudio: Display: Audio Device unregistered from world 'Minimal_Default'.
[2023.04.27-09.15.38:787][296]LogAudioMixer: FMixerPlatformXAudio2::StopAudioStream() called
[2023.04.27-09.15.38:789][296]LogAudioMixer: FMixerPlatformXAudio2::StopAudioStream() called
[2023.04.27-09.15.38:817][296]LogAudio: Display: Audio Device Manager Shutdown
[2023.04.27-09.15.38:817][296]LogWindowsTextInputMethodSystem: Display: IME system deactivated.
[2023.04.27-09.15.38:825][296]LogExit: Preparing to exit.
[2023.04.27-09.15.39:160][296]LogUObjectHash: Compacting FUObjectHashTables data took   0.80ms
[2023.04.27-09.15.39:325][296]LogWorld: UWorld::CleanupWorld for World_6, bSessionEnded=true, bCleanupResources=true
[2023.04.27-09.15.39:325][296]LogWorld: UWorld::CleanupWorld for World_1, bSessionEnded=true, bCleanupResources=true
[2023.04.27-09.15.39:325][296]LogWorld: UWorld::CleanupWorld for World_0, bSessionEnded=true, bCleanupResources=true
[2023.04.27-09.15.39:326][296]LogWorld: UWorld::CleanupWorld for World_7, bSessionEnded=true, bCleanupResources=true
[2023.04.27-09.15.39:347][296]LogDemo: Cleaned up 0 splitscreen connections with owner deletion
[2023.04.27-09.15.39:356][296]LogWorld: UWorld::CleanupWorld for None, bSessionEnded=true, bCleanupResources=true
[2023.04.27-09.15.39:356][296]LogExit: Editor shut down
[2023.04.27-09.15.39:358][296]LogExit: Transaction tracking system shut down
[2023.04.27-09.15.39:710][296]LogExit: Object subsystem successfully closed.
[2023.04.27-09.15.39:728][296]LogShaderCompilers: Display: === FShaderJobCache stats ===
[2023.04.27-09.15.39:728][296]LogShaderCompilers: Display: Total job queries 315, among them cache hits 171 (54.29%)
[2023.04.27-09.15.39:728][296]LogShaderCompilers: Display: Tracking 144 distinct input hashes that result in 23 distinct outputs (15.97%)
[2023.04.27-09.15.39:728][296]LogShaderCompilers: Display: RAM used: 0.14 MB (0.00 GB) of 819.20 MB (0.80 GB) budget. Usage: 0.02%
[2023.04.27-09.15.39:728][296]LogShaderCompilers: Display: ================================================
[2023.04.27-09.15.39:737][296]LogShaderCompilers: Display: Shaders left to compile 0
[2023.04.27-09.15.39:763][296]LogModuleManager: Shutting down and abandoning module MovieSceneCapture (878)
[2023.04.27-09.15.39:763][296]LogModuleManager: Shutting down and abandoning module Voice (876)
[2023.04.27-09.15.39:763][296]LogModuleManager: Shutting down and abandoning module HierarchicalLODUtilities (874)
[2023.04.27-09.15.39:763][296]LogModuleManager: Shutting down and abandoning module StaticMeshEditor (872)
[2023.04.27-09.15.39:763][296]LogModuleManager: Shutting down and abandoning module HierarchicalLODOutliner (870)
[2023.04.27-09.15.39:765][296]LogModuleManager: Shutting down and abandoning module SceneOutliner (868)
[2023.04.27-09.15.39:765][296]LogModuleManager: Shutting down and abandoning module AddContentDialog (866)
[2023.04.27-09.15.39:768][296]LogModuleManager: Shutting down and abandoning module WidgetCarousel (865)
[2023.04.27-09.15.39:768][296]LogModuleManager: Shutting down and abandoning module EditorWidgets (862)
[2023.04.27-09.15.39:768][296]LogModuleManager: Shutting down and abandoning module StatsViewer (860)
[2023.04.27-09.15.39:768][296]LogModuleManager: Shutting down and abandoning module PIEPreviewDeviceProfileSelector (858)
[2023.04.27-09.15.39:768][296]LogModuleManager: Shutting down and abandoning module SequenceRecorderSections (856)
[2023.04.27-09.15.39:768][296]LogModuleManager: Shutting down and abandoning module AutomationWorker (854)
[2023.04.27-09.15.39:768][296]LogModuleManager: Shutting down and abandoning module SteamVREditor (852)
[2023.04.27-09.15.39:768][296]LogModuleManager: Shutting down and abandoning module OculusMR (850)
[2023.04.27-09.15.39:768][296]LogModuleManager: Shutting down and abandoning module TakeRecorderSources (848)
[2023.04.27-09.15.39:768][296]LogModuleManager: Shutting down and abandoning module TakeRecorder (847)
[2023.04.27-09.15.39:768][296]LogModuleManager: Shutting down and abandoning module TakeTrackRecorders (844)
[2023.04.27-09.15.39:768][296]LogModuleManager: Shutting down and abandoning module TakesCore (842)
[2023.04.27-09.15.39:768][296]LogModuleManager: Shutting down and abandoning module OpenXRInput (840)
[2023.04.27-09.15.39:768][296]LogModuleManager: Shutting down and abandoning module GooglePADEditor (838)
[2023.04.27-09.15.39:768][296]LogModuleManager: Shutting down and abandoning module AudioCaptureEditor (836)
[2023.04.27-09.15.39:768][296]LogModuleManager: Shutting down and abandoning module TemplateSequenceEditor (834)
[2023.04.27-09.15.39:768][296]LogModuleManager: Shutting down and abandoning module MatineeToLevelSequence (832)
[2023.04.27-09.15.39:768][296]LogModuleManager: Shutting down and abandoning module LevelSequenceEditor (830)
[2023.04.27-09.15.39:769][296]LogModuleManager: Shutting down and abandoning module ActorSequenceEditor (828)
[2023.04.27-09.15.39:769][296]LogModuleManager: Shutting down and abandoning module WmfMediaFactory (826)
[2023.04.27-09.15.39:769][296]LogModuleManager: Shutting down and abandoning module WmfMediaEditor (824)
[2023.04.27-09.15.39:769][296]LogModuleManager: Shutting down and abandoning module WebMMediaFactory (822)
[2023.04.27-09.15.39:769][296]LogModuleManager: Shutting down and abandoning module WebMMediaEditor (820)
[2023.04.27-09.15.39:769][296]LogModuleManager: Shutting down and abandoning module WebMMedia (818)
[2023.04.27-09.15.39:769][296]LogModuleManager: Shutting down and abandoning module MediaPlayerEditor (816)
[2023.04.27-09.15.39:769][296]LogModuleManager: Shutting down and abandoning module MediaCompositingEditor (814)
[2023.04.27-09.15.39:769][296]LogModuleManager: Shutting down and abandoning module SequenceRecorder (813)
[2023.04.27-09.15.39:769][296]LogModuleManager: Shutting down and abandoning module OpenExrWrapper (810)
[2023.04.27-09.15.39:769][296]LogModuleManager: Shutting down and abandoning module ImgMediaFactory (808)
[2023.04.27-09.15.39:769][296]LogModuleManager: Shutting down and abandoning module ImgMediaEditor (806)
[2023.04.27-09.15.39:769][296]LogModuleManager: Shutting down and abandoning module AvfMediaFactory (804)
[2023.04.27-09.15.39:769][296]LogModuleManager: Shutting down and abandoning module AvfMediaEditor (802)
[2023.04.27-09.15.39:769][296]LogModuleManager: Shutting down and abandoning module AndroidMediaFactory (800)
[2023.04.27-09.15.39:769][296]LogModuleManager: Shutting down and abandoning module AndroidMediaEditor (798)
[2023.04.27-09.15.39:769][296]LogModuleManager: Shutting down and abandoning module MagicLeapMediaCodecFactory (796)
[2023.04.27-09.15.39:769][296]LogModuleManager: Shutting down and abandoning module MagicLeapMediaFactory (794)
[2023.04.27-09.15.39:769][296]LogModuleManager: Shutting down and abandoning module MagicLeapMediaEditor (792)
[2023.04.27-09.15.39:769][296]LogModuleManager: Shutting down and abandoning module TextureAlignMode (790)
[2023.04.27-09.15.39:769][296]LogModuleManager: Shutting down and abandoning module BspMode (788)
[2023.04.27-09.15.39:769][296]LogModuleManager: Shutting down and abandoning module GeometryMode (786)
[2023.04.27-09.15.39:769][296]LogModuleManager: Shutting down and abandoning module PlanarCut (784)
[2023.04.27-09.15.39:769][296]LogModuleManager: Shutting down and abandoning module CharacterAI (782)
[2023.04.27-09.15.39:769][296]LogModuleManager: Shutting down and abandoning module CameraShakePreviewer (780)
[2023.04.27-09.15.39:769][296]LogModuleManager: Shutting down and abandoning module SmartSnapping (778)
[2023.04.27-09.15.39:769][296]LogModuleManager: Shutting down and abandoning module SessionServices (776)
[2023.04.27-09.15.39:769][296]LogModuleManager: Shutting down and abandoning module MeshPaint (774)
[2023.04.27-09.15.39:769][296]LogModuleManager: Shutting down and abandoning module VirtualTexturingEditor (772)
[2023.04.27-09.15.39:769][296]LogModuleManager: Shutting down and abandoning module FoliageEdit (770)
[2023.04.27-09.15.39:769][296]LogModuleManager: Shutting down and abandoning module LandscapeEditor (768)
[2023.04.27-09.15.39:769][296]LogModuleManager: Shutting down and abandoning module MeshPaintMode (766)
[2023.04.27-09.15.39:769][296]LogModuleManager: Shutting down and abandoning module SceneDepthPickerMode (764)
[2023.04.27-09.15.39:769][296]LogModuleManager: Shutting down and abandoning module ActorPickerMode (762)
[2023.04.27-09.15.39:769][296]LogModuleManager: Shutting down and abandoning module PlacementMode (760)
[2023.04.27-09.15.39:769][296]LogModuleManager: Shutting down and abandoning module ViewportSnapping (758)
[2023.04.27-09.15.39:769][296]LogModuleManager: Shutting down and abandoning module ViewportInteraction (756)
[2023.04.27-09.15.39:769][296]LogModuleManager: Shutting down and abandoning module ClothPainter (754)
[2023.04.27-09.15.39:770][296]LogModuleManager: Shutting down and abandoning module SkeletalMeshEditor (753)
[2023.04.27-09.15.39:770][296]LogModuleManager: Shutting down and abandoning module LogVisualizer (750)
[2023.04.27-09.15.39:770][296]LogModuleManager: Shutting down and abandoning module IntroTutorials (748)
[2023.04.27-09.15.39:770][296]LogModuleManager: Shutting down and abandoning module GameProjectGeneration (747)
[2023.04.27-09.15.39:770][296]LogModuleManager: Shutting down and abandoning module LuminPlatformEditor (744)
[2023.04.27-09.15.39:770][296]LogModuleManager: Shutting down and abandoning module IOSPlatformEditor (742)
[2023.04.27-09.15.39:770][296]LogModuleManager: Shutting down and abandoning module AndroidPlatformEditor (740)
[2023.04.27-09.15.39:770][296]LogModuleManager: Shutting down and abandoning module AndroidDeviceDetection (739)
[2023.04.27-09.15.40:693][296]LogModuleManager: Shutting down and abandoning module WindowsPlatformEditor (736)
[2023.04.27-09.15.40:693][296]LogModuleManager: Shutting down and abandoning module LuminRuntimeSettings (734)
[2023.04.27-09.15.40:693][296]LogModuleManager: Shutting down and abandoning module IOSRuntimeSettings (732)
[2023.04.27-09.15.40:693][296]LogModuleManager: Shutting down and abandoning module AndroidRuntimeSettings (730)
[2023.04.27-09.15.40:693][296]LogModuleManager: Shutting down and abandoning module TraceInsights (728)
[2023.04.27-09.15.40:693][296]MemoryProfiler: Shutdown
[2023.04.27-09.15.40:693][296]NetworkingProfiler: Shutdown
[2023.04.27-09.15.40:693][296]LoadingProfiler: Shutdown
[2023.04.27-09.15.40:694][296]TimingProfiler: Shutdown
[2023.04.27-09.15.40:694][296]LogModuleManager: Shutting down and abandoning module TraceServices (727)
[2023.04.27-09.15.40:694][296]LogModuleManager: Shutting down and abandoning module EditorInteractiveToolsFramework (724)
[2023.04.27-09.15.40:694][296]LogModuleManager: Shutting down and abandoning module TimeManagementEditor (722)
[2023.04.27-09.15.40:694][296]LogModuleManager: Shutting down and abandoning module InputBindingEditor (720)
[2023.04.27-09.15.40:694][296]LogModuleManager: Shutting down and abandoning module MergeActors (718)
[2023.04.27-09.15.40:694][296]LogModuleManager: Shutting down and abandoning module LocalizationDashboard (716)
[2023.04.27-09.15.40:694][296]LogModuleManager: Shutting down and abandoning module LocalizationService (715)
[2023.04.27-09.15.40:694][296]LogModuleManager: Shutting down and abandoning module HardwareTargeting (712)
[2023.04.27-09.15.40:694][296]LogModuleManager: Shutting down and abandoning module DeviceProfileEditor (710)
[2023.04.27-09.15.40:694][296]LogModuleManager: Shutting down and abandoning module UndoHistory (708)
[2023.04.27-09.15.40:695][296]LogModuleManager: Shutting down and abandoning module XmlParser (706)
[2023.04.27-09.15.40:695][296]LogModuleManager: Shutting down and abandoning module Blutility (704)
[2023.04.27-09.15.40:695][296]LogModuleManager: Shutting down and abandoning module ProjectSettingsViewer (702)
[2023.04.27-09.15.40:695][296]LogModuleManager: Shutting down and abandoning module ProjectTargetPlatformEditor (701)
[2023.04.27-09.15.40:695][296]LogModuleManager: Shutting down and abandoning module EditorSettingsViewer (698)
[2023.04.27-09.15.40:695][296]LogModuleManager: Shutting down and abandoning module InternationalizationSettings (697)
[2023.04.27-09.15.40:695][296]LogModuleManager: Shutting down and abandoning module SettingsEditor (694)
[2023.04.27-09.15.40:695][296]LogModuleManager: Shutting down and abandoning module ProjectLauncher (692)
[2023.04.27-09.15.40:695][296]LogModuleManager: Shutting down and abandoning module SessionFrontend (690)
[2023.04.27-09.15.40:695][296]LogModuleManager: Shutting down and abandoning module ProfilerClient (688)
[2023.04.27-09.15.40:695][296]LogModuleManager: Shutting down and abandoning module DeviceManager (686)
[2023.04.27-09.15.40:696][296]LogModuleManager: Shutting down and abandoning module TargetDeviceServices (685)
[2023.04.27-09.15.40:727][296]LogModuleManager: Shutting down and abandoning module AutomationController (682)
[2023.04.27-09.15.40:727][296]LogModuleManager: Shutting down and abandoning module AutomationWindow (680)
[2023.04.27-09.15.40:727][296]LogModuleManager: Shutting down and abandoning module Layers (678)
[2023.04.27-09.15.40:727][296]LogModuleManager: Shutting down and abandoning module ComponentVisualizers (676)
[2023.04.27-09.15.40:727][296]LogModuleManager: Shutting down and abandoning module DetailCustomizations (674)
[2023.04.27-09.15.40:727][296]LogModuleManager: Shutting down and abandoning module PackagesDialog (672)
[2023.04.27-09.15.40:728][296]LogModuleManager: Shutting down and abandoning module AnimationBlueprintEditor (670)
[2023.04.27-09.15.40:728][296]LogModuleManager: Shutting down and abandoning module Persona (668)
[2023.04.27-09.15.40:728][296]LogModuleManager: Shutting down and abandoning module AdvancedPreviewScene (667)
[2023.04.27-09.15.40:728][296]LogModuleManager: Shutting down and abandoning module AnimGraph (665)
[2023.04.27-09.15.40:728][296]LogModuleManager: Shutting down and abandoning module Kismet (662)
[2023.04.27-09.15.40:729][296]LogModuleManager: Shutting down and abandoning module KismetWidgets (661)
[2023.04.27-09.15.40:729][296]LogModuleManager: Shutting down and abandoning module GraphEditor (658)
[2023.04.27-09.15.40:730][296]LogModuleManager: Shutting down and abandoning module StructViewer (656)
[2023.04.27-09.15.40:730][296]LogModuleManager: Shutting down and abandoning module ClassViewer (654)
[2023.04.27-09.15.40:730][296]LogModuleManager: Shutting down and abandoning module Toolbox (652)
[2023.04.27-09.15.40:730][296]LogModuleManager: Shutting down and abandoning module ModuleUI (650)
[2023.04.27-09.15.40:730][296]LogModuleManager: Shutting down and abandoning module OutputLog (648)
[2023.04.27-09.15.40:732][296]LogModuleManager: Shutting down and abandoning module GammaUI (646)
[2023.04.27-09.15.40:732][296]LogModuleManager: Shutting down and abandoning module Documentation (644)
[2023.04.27-09.15.40:732][296]LogModuleManager: Shutting down and abandoning module LiveCoding (642)
[2023.04.27-09.15.40:732][296]LogModuleManager: Shutting down and abandoning module LevelSequence (640)
[2023.04.27-09.15.40:732][296]LogModuleManager: Shutting down and abandoning module MovieSceneTracks (638)
[2023.04.27-09.15.40:732][296]LogModuleManager: Shutting down and abandoning module MovieScene (636)
[2023.04.27-09.15.40:732][296]LogModuleManager: Shutting down and abandoning module StreamingPauseRendering (634)
[2023.04.27-09.15.40:732][296]LogModuleManager: Shutting down and abandoning module LauncherPlatform (632)
[2023.04.27-09.15.40:732][296]LogModuleManager: Shutting down and abandoning module AnalyticsET (630)
[2023.04.27-09.15.40:732][296]LogModuleManager: Shutting down and abandoning module PortalServices (628)
[2023.04.27-09.15.40:732][296]LogModuleManager: Shutting down and abandoning module PortalRpc (626)
[2023.04.27-09.15.40:732][296]LogModuleManager: Shutting down and abandoning module MessagingRpc (624)
[2023.04.27-09.15.40:732][296]LogModuleManager: Shutting down and abandoning module AudioMixerXAudio2 (622)
[2023.04.27-09.15.40:732][296]LogModuleManager: Shutting down and abandoning module AudioMixerCore (621)
[2023.04.27-09.15.40:732][296]LogModuleManager: Shutting down and abandoning module AIModule (618)
[2023.04.27-09.15.40:733][296]LogModuleManager: Shutting down and abandoning module GameplayDebugger (617)
[2023.04.27-09.15.40:733][296]LogModuleManager: Shutting down and abandoning module AITestSuite (615)
[2023.04.27-09.15.40:733][296]LogModuleManager: Shutting down and abandoning module NavigationSystem (613)
[2023.04.27-09.15.40:733][296]LogModuleManager: Shutting down and abandoning module ImageWriteQueue (610)
[2023.04.27-09.15.40:733][296]LogModuleManager: Shutting down and abandoning module ProfilerService (608)
[2023.04.27-09.15.40:756][296]LogModuleManager: Shutting down and abandoning module TaskGraph (606)
[2023.04.27-09.15.40:756][296]LogModuleManager: Shutting down and abandoning module AudioSynesthesiaEditor (604)
[2023.04.27-09.15.40:756][296]LogModuleManager: Shutting down and abandoning module OculusEditor (602)
[2023.04.27-09.15.40:757][296]LogModuleManager: Shutting down and abandoning module OculusInput (600)
[2023.04.27-09.15.40:757][296]LogModuleManager: Shutting down and abandoning module ContentBrowserFileDataSource (598)
[2023.04.27-09.15.40:757][296]LogModuleManager: Shutting down and abandoning module ContentBrowserAssetDataSource (596)
[2023.04.27-09.15.40:757][296]LogModuleManager: Shutting down and abandoning module ContentBrowserClassDataSource (594)
[2023.04.27-09.15.40:757][296]LogModuleManager: Shutting down and abandoning module CollectionManager (593)
[2023.04.27-09.15.40:758][296]LogModuleManager: Shutting down and abandoning module TakeSequencer (590)
[2023.04.27-09.15.40:758][296]LogModuleManager: Shutting down and abandoning module TakeMovieScene (588)
[2023.04.27-09.15.40:758][296]LogModuleManager: Shutting down and abandoning module ScreenshotTools (586)
[2023.04.27-09.15.40:758][296]LogModuleManager: Shutting down and abandoning module SynthesisEditor (584)
[2023.04.27-09.15.40:758][296]LogModuleManager: Shutting down and abandoning module Synthesis (582)
[2023.04.27-09.15.40:758][296]LogModuleManager: Shutting down and abandoning module ProceduralMeshComponentEditor (580)
[2023.04.27-09.15.40:758][296]LogModuleManager: Shutting down and abandoning module ProceduralMeshComponent (578)
[2023.04.27-09.15.40:758][296]LogModuleManager: Shutting down and abandoning module OpenXREditor (576)
[2023.04.27-09.15.40:758][296]LogModuleManager: Shutting down and abandoning module MobilePatchingUtils (574)
[2023.04.27-09.15.40:758][296]LogModuleManager: Shutting down and abandoning module GooglePAD (572)
[2023.04.27-09.15.40:758][296]LogModuleManager: Shutting down and abandoning module EditableMesh (570)
[2023.04.27-09.15.40:758][296]LogModuleManager: Shutting down and abandoning module CustomMeshComponent (568)
[2023.04.27-09.15.40:758][296]LogModuleManager: Shutting down and abandoning module CableComponent (566)
[2023.04.27-09.15.40:758][296]LogModuleManager: Shutting down and abandoning module AudioCapture (564)
[2023.04.27-09.15.40:758][296]LogModuleManager: Shutting down and abandoning module AudioCaptureRtAudio (563)
[2023.04.27-09.15.40:758][296]LogModuleManager: Shutting down and abandoning module AssetTags (560)
[2023.04.27-09.15.40:758][296]LogModuleManager: Shutting down and abandoning module ArchVisCharacter (558)
[2023.04.27-09.15.40:758][296]LogModuleManager: Shutting down and abandoning module AppleImageUtilsBlueprintSupport (556)
[2023.04.27-09.15.40:758][296]LogModuleManager: Shutting down and abandoning module AppleImageUtils (554)
[2023.04.27-09.15.40:758][296]LogModuleManager: Shutting down and abandoning module AndroidPermission (552)
[2023.04.27-09.15.40:758][296]LogModuleManager: Shutting down and abandoning module ActorLayerUtilitiesEditor (550)
[2023.04.27-09.15.40:758][296]LogModuleManager: Shutting down and abandoning module ActorLayerUtilities (548)
[2023.04.27-09.15.40:758][296]LogModuleManager: Shutting down and abandoning module TemplateSequence (546)
[2023.04.27-09.15.40:758][296]LogModuleManager: Shutting down and abandoning module MediaCompositing (544)
[2023.04.27-09.15.40:758][296]LogModuleManager: Shutting down and abandoning module ImgMedia (542)
[2023.04.27-09.15.40:758][296]LogModuleManager: Shutting down and abandoning module MagicLeapSharedWorld (540)
[2023.04.27-09.15.40:758][296]LogModuleManager: Shutting down and abandoning module MagicLeapLightEstimation (538)
[2023.04.27-09.15.40:758][296]LogModuleManager: Shutting down and abandoning module MagicLeapHelperVulkan (536)
[2023.04.27-09.15.40:758][296]LogModuleManager: Shutting down and abandoning module MagicLeapHelperOpenGL (534)
[2023.04.27-09.15.40:758][296]LogModuleManager: Shutting down and abandoning module MagicLeapAudio (532)
[2023.04.27-09.15.40:759][296]LogModuleManager: Shutting down and abandoning module NiagaraEditorWidgets (530)
[2023.04.27-09.15.40:759][296]LogModuleManager: Shutting down and abandoning module SpeedTreeImporter (528)
[2023.04.27-09.15.40:759][296]LogModuleManager: Shutting down and abandoning module PluginBrowser (526)
[2023.04.27-09.15.40:759][296]LogModuleManager: Shutting down and abandoning module MobileLauncherProfileWizard (524)
[2023.04.27-09.15.40:759][296]LogModuleManager: Shutting down and abandoning module MaterialAnalyzer (522)
[2023.04.27-09.15.40:759][296]LogModuleManager: Shutting down and abandoning module CurveEditorTools (520)
[2023.04.27-09.15.40:759][296]LogModuleManager: Shutting down and abandoning module CryptoKeysOpenSSL (518)
[2023.04.27-09.15.40:759][296]LogModuleManager: Shutting down and abandoning module CryptoKeys (516)
[2023.04.27-09.15.40:759][296]LogModuleManager: Shutting down and abandoning module OpenImageDenoise (514)
[2023.04.27-09.15.40:759][296]LogOpenImageDenoise: OIDN shutting down
[2023.04.27-09.15.40:759][296]LogModuleManager: Shutting down and abandoning module MotoSynthEditor (512)
[2023.04.27-09.15.40:759][296]LogModuleManager: Shutting down and abandoning module MotoSynth (510)
[2023.04.27-09.15.40:759][296]LogModuleManager: Shutting down and abandoning module MeshConversion (508)
[2023.04.27-09.15.40:759][296]LogModuleManager: Shutting down and abandoning module DynamicMesh (506)
[2023.04.27-09.15.40:759][296]LogModuleManager: Shutting down and abandoning module GeometryAlgorithms (504)
[2023.04.27-09.15.40:759][296]LogModuleManager: Shutting down and abandoning module GeometricObjects (502)
[2023.04.27-09.15.40:759][296]LogModuleManager: Shutting down and abandoning module GeometryCollectionTracks (500)
[2023.04.27-09.15.40:759][296]LogModuleManager: Shutting down and abandoning module GeometryCollectionSequencer (499)
[2023.04.27-09.15.40:759][296]LogModuleManager: Shutting down and abandoning module GeometryCollectionEditor (496)
[2023.04.27-09.15.40:759][296]LogModuleManager: Shutting down and abandoning module GeometryCacheTracks (494)
[2023.04.27-09.15.40:759][296]LogModuleManager: Shutting down and abandoning module GeometryCacheStreamer (492)
[2023.04.27-09.15.40:759][296]LogModuleManager: Shutting down and abandoning module GeometryCacheSequencer (490)
[2023.04.27-09.15.40:759][296]LogModuleManager: Shutting down and abandoning module ChaosSolverEditor (488)
[2023.04.27-09.15.40:759][296]LogModuleManager: Shutting down and abandoning module ChaosNiagara (486)
[2023.04.27-09.15.40:759][296]LogModuleManager: Shutting down and abandoning module FractureEditor (484)
[2023.04.27-09.15.40:759][296]LogModuleManager: Shutting down and abandoning module FieldSystemEngine (483)
[2023.04.27-09.15.40:760][296]LogModuleManager: Shutting down and abandoning module ChaosClothEditor (480)
[2023.04.27-09.15.40:760][296]LogModuleManager: Shutting down and abandoning module BackChannel (478)
[2023.04.27-09.15.40:760][296]LogModuleManager: Shutting down and abandoning module AutomationUtilsEditor (476)
[2023.04.27-09.15.40:760][296]LogModuleManager: Shutting down and abandoning module AutomationUtils (474)
[2023.04.27-09.15.40:760][296]LogModuleManager: Shutting down and abandoning module VariantManagerContentEditor (472)
[2023.04.27-09.15.40:760][296]LogModuleManager: Shutting down and abandoning module AlembicImporter (470)
[2023.04.27-09.15.40:760][296]LogModuleManager: Shutting down and abandoning module AlembicLibrary (469)
[2023.04.27-09.15.40:760][296]LogModuleManager: Shutting down and abandoning module GeometryCache (468)
[2023.04.27-09.15.40:760][296]LogModuleManager: Shutting down and abandoning module GeometryCacheEd (467)
[2023.04.27-09.15.40:760][296]LogModuleManager: Shutting down and abandoning module DatasmithContentEditor (462)
[2023.04.27-09.15.40:760][296]LogModuleManager: Shutting down and abandoning module VisualStudioSourceCodeAccess (460)
[2023.04.27-09.15.40:760][296]LogModuleManager: Shutting down and abandoning module UObjectPlugin (458)
[2023.04.27-09.15.40:760][296]LogModuleManager: Shutting down and abandoning module VisualStudioCodeSourceCodeAccess (456)
[2023.04.27-09.15.40:760][296]LogModuleManager: Shutting down and abandoning module SubversionSourceControl (454)
[2023.04.27-09.15.40:760][296]LogModuleManager: Shutting down and abandoning module RiderSourceCodeAccess (452)
[2023.04.27-09.15.40:760][296]LogModuleManager: Shutting down and abandoning module PlasticSourceControl (450)
[2023.04.27-09.15.40:760][296]LogModuleManager: Shutting down and abandoning module PluginUtils (448)
[2023.04.27-09.15.40:760][296]LogModuleManager: Shutting down and abandoning module PerforceSourceControl (446)
[2023.04.27-09.15.40:760][296]LogModuleManager: Shutting down and abandoning module GitSourceControl (444)
[2023.04.27-09.15.40:760][296]LogModuleManager: Shutting down and abandoning module SourceControl (443)
[2023.04.27-09.15.40:760][296]LogModuleManager: Shutting down and abandoning module CLionSourceCodeAccess (440)
[2023.04.27-09.15.40:760][296]LogModuleManager: Shutting down and abandoning module AnimationSharingEd (438)
[2023.04.27-09.15.40:760][296]LogModuleManager: Shutting down and abandoning module OodleNetworkHandlerComponent (436)
[2023.04.27-09.15.40:760][296]LogModuleManager: Shutting down and abandoning module GameplayCameras (434)
[2023.04.27-09.15.40:760][296]LogModuleManager: Shutting down and abandoning module LightPropagationVolumeEditor (432)
[2023.04.27-09.15.40:760][296]LogModuleManager: Shutting down and abandoning module LiveLinkSequencer (430)
[2023.04.27-09.15.40:760][296]LogModuleManager: Shutting down and abandoning module LiveLinkMovieScene (428)
[2023.04.27-09.15.40:760][296]LogModuleManager: Shutting down and abandoning module LiveLinkGraphNode (426)
[2023.04.27-09.15.40:760][296]LogModuleManager: Shutting down and abandoning module LiveLinkEditor (424)
[2023.04.27-09.15.40:760][296]LogModuleManager: Shutting down and abandoning module LiveLinkComponents (422)
[2023.04.27-09.15.40:760][296]LogModuleManager: Shutting down and abandoning module LiveLink (420)
[2023.04.27-09.15.41:482][296]LogModuleManager: Shutting down and abandoning module PaperTiledImporter (418)
[2023.04.27-09.15.41:482][296]LogModuleManager: Shutting down and abandoning module PaperSpriteSheetImporter (416)
[2023.04.27-09.15.41:482][296]LogModuleManager: Shutting down and abandoning module Paper2DEditor (414)
[2023.04.27-09.15.41:483][296]LogModuleManager: Shutting down and abandoning module MeshPaintingToolset (412)
[2023.04.27-09.15.41:483][296]LogModuleManager: Shutting down and abandoning module MeshPaintEditorMode (410)
[2023.04.27-09.15.41:483][296]LogModuleManager: Shutting down and abandoning module SoundFields (408)
[2023.04.27-09.15.41:483][296]LogModuleManager: Shutting down and abandoning module SignificanceManager (406)
[2023.04.27-09.15.41:483][296]LogModuleManager: Shutting down and abandoning module RuntimePhysXCooking (404)
[2023.04.27-09.15.41:483][296]LogModuleManager: Shutting down and abandoning module PropertyAccessEditor (402)
[2023.04.27-09.15.41:483][296]LogModuleManager: Shutting down and abandoning module PhysXVehiclesEditor (400)
[2023.04.27-09.15.41:483][296]LogModuleManager: Shutting down and abandoning module LocationServicesBPLibrary (396)
[2023.04.27-09.15.41:483][296]LogModuleManager: Shutting down and abandoning module AudioSynesthesia (394)
[2023.04.27-09.15.41:483][296]LogModuleManager: Shutting down and abandoning module AudioSynesthesiaCore (392)
[2023.04.27-09.15.41:483][296]LogModuleManager: Shutting down and abandoning module UdpMessaging (390)
[2023.04.27-09.15.41:583][296]LogModuleManager: Shutting down and abandoning module TcpMessaging (388)
[2023.04.27-09.15.41:685][296]LogModuleManager: Shutting down and abandoning module ActorSequence (386)
[2023.04.27-09.15.41:685][296]LogModuleManager: Shutting down and abandoning module ImgMediaEngine (384)
[2023.04.27-09.15.41:685][296]LogModuleManager: Shutting down and abandoning module MagicLeapARPin (382)
[2023.04.27-09.15.41:685][296]LogModuleManager: Shutting down and abandoning module MagicLeapHandMeshing (380)
[2023.04.27-09.15.41:685][296]LogModuleManager: Shutting down and abandoning module MagicLeapSecureStorage (378)
[2023.04.27-09.15.41:685][296]LogModuleManager: Shutting down and abandoning module MagicLeapPrivileges (376)
[2023.04.27-09.15.41:685][296]LogModuleManager: Shutting down and abandoning module MagicLeapPlanes (374)
[2023.04.27-09.15.41:685][296]LogMagicLeapPlanes: Planes tracker already destroyed.
[2023.04.27-09.15.41:685][296]LogModuleManager: Shutting down and abandoning module MagicLeapImageTracker (372)
[2023.04.27-09.15.41:685][296]LogModuleManager: Shutting down and abandoning module MagicLeapIdentity (370)
[2023.04.27-09.15.41:685][296]LogModuleManager: Shutting down and abandoning module MagicLeapHandTracking (368)
[2023.04.27-09.15.41:685][296]LogModuleManager: Shutting down and abandoning module MagicLeapEyeTracker (366)
[2023.04.27-09.15.41:685][296]LogModuleManager: Shutting down and abandoning module MagicLeapController (364)
[2023.04.27-09.15.41:685][296]LogModuleManager: Shutting down and abandoning module MagicLeapARPinImpl (362)
[2023.04.27-09.15.41:685][296]LogModuleManager: Shutting down and abandoning module MagicLeapAR (360)
[2023.04.27-09.15.41:686][296]LogModuleManager: Shutting down and abandoning module NiagaraAnimNotifies (358)
[2023.04.27-09.15.41:686][296]LogModuleManager: Shutting down and abandoning module Niagara (356)
[2023.04.27-09.15.41:686][296]LogModuleManager: Shutting down and abandoning module SignalProcessing (355)
[2023.04.27-09.15.41:686][296]LogModuleManager: Shutting down and abandoning module NiagaraEditor (353)
[2023.04.27-09.15.41:687][296]LogModuleManager: Shutting down and abandoning module NiagaraCore (350)
[2023.04.27-09.15.41:687][296]LogModuleManager: Shutting down and abandoning module GameplayTagsEditor (348)
[2023.04.27-09.15.41:687][296]LogModuleManager: Shutting down and abandoning module FacialAnimationEditor (346)
[2023.04.27-09.15.41:687][296]LogModuleManager: Shutting down and abandoning module FacialAnimation (344)
[2023.04.27-09.15.41:687][296]LogModuleManager: Shutting down and abandoning module DataValidation (342)
[2023.04.27-09.15.41:687][296]LogModuleManager: Shutting down and abandoning module PythonScriptPlugin (340)
[2023.04.27-09.15.41:687][296]LogModuleManager: Shutting down and abandoning module AssetManagerEditor (338)
[2023.04.27-09.15.41:687][296]LogModuleManager: Shutting down and abandoning module LevelEditor (337)
[2023.04.27-09.15.41:692][296]LogModuleManager: Shutting down and abandoning module PixelInspectorModule (336)
[2023.04.27-09.15.41:692][296]LogModuleManager: Shutting down and abandoning module CommonMenuExtensions (334)
[2023.04.27-09.15.41:693][296]LogModuleManager: Shutting down and abandoning module MainFrame (332)
[2023.04.27-09.15.41:693][296]LogModuleManager: Shutting down and abandoning module HotReload (331)
[2023.04.27-09.15.41:694][296]LogModuleManager: Shutting down and abandoning module ToolMenus (327)
[2023.04.27-09.15.41:694][296]LogModuleManager: Shutting down and abandoning module ContentBrowser (325)
[2023.04.27-09.15.41:694][296]LogModuleManager: Shutting down and abandoning module ContentBrowserData (324)
[2023.04.27-09.15.41:694][296]LogModuleManager: Shutting down and abandoning module TreeMap (321)
[2023.04.27-09.15.41:694][296]LogModuleManager: Shutting down and abandoning module PropertyAccessNode (318)
[2023.04.27-09.15.41:694][296]LogModuleManager: Shutting down and abandoning module AnimationSharing (316)
[2023.04.27-09.15.41:694][296]LogModuleManager: Shutting down and abandoning module LightPropagationVolumeRuntime (314)
[2023.04.27-09.15.41:694][296]LogModuleManager: Shutting down and abandoning module EnvironmentQueryEditor (312)
[2023.04.27-09.15.41:694][296]LogModuleManager: Shutting down and abandoning module Paper2D (310)
[2023.04.27-09.15.41:694][296]LogModuleManager: Shutting down and abandoning module WindowsMoviePlayer (308)
[2023.04.27-09.15.41:694][296]LogModuleManager: Shutting down and abandoning module WebMMoviePlayer (306)
[2023.04.27-09.15.41:694][296]LogModuleManager: Shutting down and abandoning module NetworkReplayStreaming (304)
[2023.04.27-09.15.41:694][296]LogModuleManager: Shutting down and abandoning module PacketHandler (302)
[2023.04.27-09.15.41:694][296]LogModuleManager: Shutting down and abandoning module ClothingSystemEditor (300)
[2023.04.27-09.15.41:695][296]LogModuleManager: Shutting down and abandoning module ClothingSystemRuntimeNv (298)
[2023.04.27-09.15.41:695][296]LogModuleManager: Shutting down and abandoning module MediaAssets (296)
[2023.04.27-09.15.41:695][296]LogModuleManager: Shutting down and abandoning module Overlay (294)
[2023.04.27-09.15.41:695][296]LogModuleManager: Shutting down and abandoning module OverlayEditor (293)
[2023.04.27-09.15.41:695][296]LogModuleManager: Shutting down and abandoning module VREditor (290)
[2023.04.27-09.15.41:695][296]LogModuleManager: Shutting down and abandoning module StringTableEditor (288)
[2023.04.27-09.15.41:695][296]LogModuleManager: Shutting down and abandoning module GameplayTasksEditor (286)
[2023.04.27-09.15.41:695][296]LogModuleManager: Shutting down and abandoning module BehaviorTreeEditor (284)
[2023.04.27-09.15.41:695][296]LogModuleManager: Shutting down and abandoning module FunctionalTesting (282)
[2023.04.27-09.15.41:695][296]LogModuleManager: Shutting down and abandoning module CollisionAnalyzer (280)
[2023.04.27-09.15.41:695][296]LogModuleManager: Shutting down and abandoning module WorkspaceMenuStructure (279)
[2023.04.27-09.15.41:695][296]LogModuleManager: Shutting down and abandoning module UMG (276)
[2023.04.27-09.15.41:695][296]LogModuleManager: Shutting down and abandoning module UMGEditor (275)
[2023.04.27-09.15.41:695][296]LogModuleManager: Shutting down and abandoning module MessageLog (273)
[2023.04.27-09.15.41:695][296]LogModuleManager: Shutting down and abandoning module SlateReflector (268)
[2023.04.27-09.15.41:695][296]LogModuleManager: Shutting down and abandoning module Slate (266)
[2023.04.27-09.15.41:695][296]LogModuleManager: Shutting down and abandoning module SlateCore (264)
[2023.04.27-09.15.41:696][296]LogModuleManager: Shutting down and abandoning module LandscapeEditorUtilities (262)
[2023.04.27-09.15.41:696][296]LogModuleManager: Shutting down and abandoning module UnrealEd (260)
[2023.04.27-09.15.41:696][296]LogModuleManager: Shutting down and abandoning module MRMesh (258)
[2023.04.27-09.15.41:696][296]LogModuleManager: Shutting down and abandoning module SourceCodeAccess (256)
[2023.04.27-09.15.41:696][296]LogModuleManager: Shutting down and abandoning module HeadMountedDisplay (254)
[2023.04.27-09.15.41:696][296]LogModuleManager: Shutting down and abandoning module XAudio2 (252)
[2023.04.27-09.15.41:696][296]LogModuleManager: Shutting down and abandoning module Networking (250)
[2023.04.27-09.15.41:696][296]LogModuleManager: Shutting down and abandoning module Core (248)
[2023.04.27-09.15.41:696][296]LogModuleManager: Shutting down and abandoning module MaterialEditor (246)
[2023.04.27-09.15.41:696][296]LogModuleManager: Shutting down and abandoning module MovieSceneTools (244)
[2023.04.27-09.15.41:696][296]LogModuleManager: Shutting down and abandoning module CurveEditor (243)
[2023.04.27-09.15.41:696][296]LogModuleManager: Shutting down and abandoning module Sequencer (241)
[2023.04.27-09.15.41:696][296]LogModuleManager: Shutting down and abandoning module EditorStyle (240)
[2023.04.27-09.15.41:698][296]LogModuleManager: Shutting down and abandoning module KismetCompiler (236)
[2023.04.27-09.15.41:698][296]LogModuleManager: Shutting down and abandoning module MeshBuilder (234)
[2023.04.27-09.15.41:698][296]LogModuleManager: Shutting down and abandoning module MeshUtilities (232)
[2023.04.27-09.15.41:698][296]LogModuleManager: Shutting down and abandoning module MeshMergeUtilities (231)
[2023.04.27-09.15.41:698][296]LogModuleManager: Shutting down and abandoning module MeshReductionInterface (230)
[2023.04.27-09.15.41:698][296]LogModuleManager: Shutting down and abandoning module MeshBoneReduction (229)
[2023.04.27-09.15.41:698][296]LogModuleManager: Shutting down and abandoning module SkeletalMeshReduction (227)
[2023.04.27-09.15.41:698][296]LogModuleManager: Shutting down and abandoning module ProxyLODMeshReduction (225)
[2023.04.27-09.15.41:698][296]LogModuleManager: Shutting down and abandoning module QuadricMeshReduction (223)
[2023.04.27-09.15.41:698][296]LogModuleManager: Shutting down and abandoning module MaterialBaking (219)
[2023.04.27-09.15.41:698][296]LogModuleManager: Shutting down and abandoning module NullInstallBundleManager (214)
[2023.04.27-09.15.41:698][296]LogModuleManager: Shutting down and abandoning module DerivedDataCache (212)
[2023.04.27-09.15.41:698][296]LogModuleManager: Shutting down and abandoning module TargetPlatform (210)
[2023.04.27-09.15.41:698][296]LogModuleManager: Shutting down and abandoning module VulkanShaderFormat (209)
[2023.04.27-09.15.41:698][296]LogModuleManager: Shutting down and abandoning module ShaderFormatVectorVM (207)
[2023.04.27-09.15.41:698][296]LogModuleManager: Shutting down and abandoning module ShaderFormatOpenGL (205)
[2023.04.27-09.15.41:698][296]LogModuleManager: Shutting down and abandoning module ShaderFormatD3D (203)
[2023.04.27-09.15.41:698][296]LogModuleManager: Shutting down and abandoning module MetalShaderFormat (201)
[2023.04.27-09.15.41:698][296]LogModuleManager: Shutting down and abandoning module TextureFormatOodle (199)
[2023.04.27-09.15.41:698][296]LogModuleManager: Shutting down and abandoning module TextureFormatUncompressed (197)
[2023.04.27-09.15.41:698][296]LogModuleManager: Shutting down and abandoning module TextureFormatPVR (195)
[2023.04.27-09.15.41:698][296]LogModuleManager: Shutting down and abandoning module TextureFormatETC2 (193)
[2023.04.27-09.15.41:698][296]LogModuleManager: Shutting down and abandoning module TextureFormatDXT (191)
[2023.04.27-09.15.41:698][296]LogModuleManager: Shutting down and abandoning module TextureFormatIntelISPCTexComp (189)
[2023.04.27-09.15.41:698][296]LogModuleManager: Shutting down and abandoning module TextureFormatASTC (187)
[2023.04.27-09.15.41:698][296]LogModuleManager: Shutting down and abandoning module ImageWrapper (186)
[2023.04.27-09.15.41:698][296]LogModuleManager: Shutting down and abandoning module AudioFormatOpus (183)
[2023.04.27-09.15.41:698][296]LogModuleManager: Shutting down and abandoning module AudioFormatOgg (181)
[2023.04.27-09.15.41:698][296]LogModuleManager: Shutting down and abandoning module AudioFormatADPCM (179)
[2023.04.27-09.15.41:698][296]LogModuleManager: Shutting down and abandoning module WindowsServerTargetPlatform (177)
[2023.04.27-09.15.41:698][296]LogModuleManager: Shutting down and abandoning module WindowsClientTargetPlatform (175)
[2023.04.27-09.15.41:698][296]LogModuleManager: Shutting down and abandoning module WindowsTargetPlatform (173)
[2023.04.27-09.15.41:698][296]LogModuleManager: Shutting down and abandoning module WindowsNoEditorTargetPlatform (171)
[2023.04.27-09.15.41:698][296]LogModuleManager: Shutting down and abandoning module TVOSTargetPlatform (169)
[2023.04.27-09.15.41:702][296]LogModuleManager: Shutting down and abandoning module MacServerTargetPlatform (167)
[2023.04.27-09.15.41:702][296]LogModuleManager: Shutting down and abandoning module MacClientTargetPlatform (165)
[2023.04.27-09.15.41:702][296]LogModuleManager: Shutting down and abandoning module MacTargetPlatform (163)
[2023.04.27-09.15.41:702][296]LogModuleManager: Shutting down and abandoning module MacNoEditorTargetPlatform (161)
[2023.04.27-09.15.41:702][296]LogModuleManager: Shutting down and abandoning module LuminTargetPlatform (159)
[2023.04.27-09.15.41:708][296]LogModuleManager: Shutting down and abandoning module LinuxAArch64ServerTargetPlatform (157)
[2023.04.27-09.15.41:708][296]LogModuleManager: Shutting down and abandoning module LinuxAArch64ClientTargetPlatform (155)
[2023.04.27-09.15.41:708][296]LogModuleManager: Shutting down and abandoning module LinuxAArch64NoEditorTargetPlatform (153)
[2023.04.27-09.15.41:708][296]LogModuleManager: Shutting down and abandoning module LinuxServerTargetPlatform (151)
[2023.04.27-09.15.41:708][296]LogModuleManager: Shutting down and abandoning module LinuxClientTargetPlatform (149)
[2023.04.27-09.15.41:708][296]LogModuleManager: Shutting down and abandoning module LinuxNoEditorTargetPlatform (147)
[2023.04.27-09.15.41:708][296]LogModuleManager: Shutting down and abandoning module LinuxTargetPlatform (145)
[2023.04.27-09.15.41:708][296]LogModuleManager: Shutting down and abandoning module Messaging (143)
[2023.04.27-09.15.41:708][296]LogModuleManager: Shutting down and abandoning module IOSTargetPlatform (141)
[2023.04.27-09.15.41:711][296]LogModuleManager: Shutting down and abandoning module AndroidTargetPlatform (139)
[2023.04.27-09.15.41:725][296]LogModuleManager: Shutting down and abandoning module AllDesktopTargetPlatform (137)
[2023.04.27-09.15.41:725][296]LogModuleManager: Shutting down and abandoning module D3D11RHI (134)
[2023.04.27-09.15.41:725][296]LogModuleManager: Shutting down and abandoning module InputCore (132)
[2023.04.27-09.15.41:725][296]LogModuleManager: Shutting down and abandoning module Settings (130)
[2023.04.27-09.15.41:725][296]LogModuleManager: Shutting down and abandoning module DirectoryWatcher (128)
[2023.04.27-09.15.41:726][296]LogModuleManager: Shutting down and abandoning module PhysXCooking (126)
[2023.04.27-09.15.41:726][296]LogModuleManager: Shutting down and abandoning module Chaos (124)
[2023.04.27-09.15.41:726][296]LogModuleManager: Shutting down and abandoning module WindowsPlatformFeatures (122)
[2023.04.27-09.15.41:726][296]LogModuleManager: Shutting down and abandoning module GameplayMediaEncoder (121)
[2023.04.27-09.15.41:726][296]LogModuleManager: Shutting down and abandoning module AVEncoder (120)
[2023.04.27-09.15.41:726][296]LogModuleManager: Shutting down and abandoning module SteamVRInputDevice (116)
[2023.04.27-09.15.41:726][296]LogModuleManager: Shutting down and abandoning module SteamVRInput (114)
[2023.04.27-09.15.41:726][296]LogModuleManager: Shutting down and abandoning module SteamVR (112)
[2023.04.27-09.15.41:726][296]LogHMD: Freeing OpenVRDLLHandle.
[2023.04.27-09.15.41:726][296]LogModuleManager: Shutting down and abandoning module OculusHMD (110)
[2023.04.27-09.15.41:726][296]LogModuleManager: Shutting down and abandoning module OnlineBlueprintSupport (108)
[2023.04.27-09.15.41:726][296]LogModuleManager: Shutting down and abandoning module OnlineSubsystem (104)
[2023.04.27-09.15.41:728][296]LogModuleManager: Shutting down and abandoning module XMPP (99)
[2023.04.27-09.15.41:728][296]LogModuleManager: Shutting down and abandoning module WebSockets (98)
[2023.04.27-09.15.41:755][296]LogModuleManager: Shutting down and abandoning module HTTP (95)
[2023.04.27-09.15.41:755][296]LogHttp: Display: Http module shutting down, but needs to wait on 1 outstanding Http requests:
[2023.04.27-09.15.41:755][296]LogHttp: Display: 	verb=[POST] url=[https://datarouter.ol.epicgames.com/datarouter/api/v1/public/data?SessionID=%7BBF3968D9-45C2-95C6-04EE-87B274E0F329%7D&AppID=UEEditor.Rocket.Release&AppVersion=4.27.0-17155196%2B%2B%2BUE4%2BRelease-4.27&UserID=6c323a574de77068069fd1a69ce5459b%7Ce0d89e8bb4f042d48aa65e438af618d2%7C27c992d2-39c7-4861-bb46-ff907c92b92a&AppEnvironment=datacollector-binary&UploadType=eteventstream] refs=[1] status=Processing
[2023.04.27-09.15.41:755][296]LogHttp: Display: cleaning up 1 outstanding Http requests.
[2023.04.27-09.15.41:770][296]LogModuleManager: Shutting down and abandoning module SSL (94)
[2023.04.27-09.15.41:772][296]LogModuleManager: Shutting down and abandoning module OpenXRHandTracking (90)
[2023.04.27-09.15.41:772][296]LogSlate: Slate User Destroyed.  User Index 0, Is Virtual User: 0
[2023.04.27-09.15.41:772][296]LogModuleManager: Shutting down and abandoning module OpenXRAR (88)
[2023.04.27-09.15.41:772][296]LogModuleManager: Shutting down and abandoning module AugmentedReality (87)
[2023.04.27-09.15.41:772][296]LogModuleManager: Shutting down and abandoning module OpenXRHMD (84)
[2023.04.27-09.15.41:773][296]LogModuleManager: Shutting down and abandoning module OpenXREyeTracker (82)
[2023.04.27-09.15.41:773][296]LogModuleManager: Shutting down and abandoning module ExampleDeviceProfileSelector (80)
[2023.04.27-09.15.41:773][296]LogModuleManager: Shutting down and abandoning module ChunkDownloader (78)
[2023.04.27-09.15.41:773][296]LogModuleManager: Shutting down and abandoning module LauncherChunkInstaller (76)
[2023.04.27-09.15.41:773][296]LogModuleManager: Shutting down and abandoning module WmfMedia (74)
[2023.04.27-09.15.41:774][296]LogModuleManager: Shutting down and abandoning module Media (73)
[2023.04.27-09.15.41:775][296]LogModuleManager: Shutting down and abandoning module MediaInfo (72)
[2023.04.27-09.15.41:775][296]LogModuleManager: Shutting down and abandoning module ExrReaderGpu (68)
[2023.04.27-09.15.41:775][296]LogModuleManager: Shutting down and abandoning module MLSDK (66)
[2023.04.27-09.15.41:775][296]LogModuleManager: Shutting down and abandoning module MagicLeap (64)
[2023.04.27-09.15.41:775][296]LogModuleManager: Shutting down and abandoning module NiagaraVertexFactories (62)
[2023.04.27-09.15.41:775][296]LogModuleManager: Shutting down and abandoning module NiagaraShader (60)
[2023.04.27-09.15.41:775][296]LogModuleManager: Shutting down and abandoning module ChaosCloth (58)
[2023.04.27-09.15.41:775][296]LogModuleManager: Shutting down and abandoning module VariantManagerContent (56)
[2023.04.27-09.15.41:775][296]LogModuleManager: Shutting down and abandoning module DatasmithContent (54)
[2023.04.27-09.15.41:776][296]LogModuleManager: Shutting down and abandoning module PixWinPlugin (52)
[2023.04.27-09.15.41:776][296]LogModuleManager: Shutting down and abandoning module AISupportModule (50)
[2023.04.27-09.15.41:776][296]LogModuleManager: Shutting down and abandoning module DesktopPlatform (48)
[2023.04.27-09.15.41:776][296]LogModuleManager: Shutting down and abandoning module PythonScriptPluginPreload (46)
[2023.04.27-09.15.41:776][296]LogModuleManager: Shutting down and abandoning module PlatformCryptoOpenSSL (44)
[2023.04.27-09.15.41:776][296]LogModuleManager: Shutting down and abandoning module PlatformCryptoTypes (42)
[2023.04.27-09.15.41:776][296]LogModuleManager: Shutting down and abandoning module PlatformCrypto (40)
[2023.04.27-09.15.41:776][296]LogModuleManager: Shutting down and abandoning module OodleDataCompressionFormat (38)
[2023.04.27-09.15.41:776][296]LogModuleManager: Shutting down and abandoning module XGEController (36)
[2023.04.27-09.15.41:776][296]LogXGEController: Cleaning working directory: C:/Users/Asus/AppData/Local/Temp/UnrealXGEWorkingDir/
[2023.04.27-09.15.41:776][296]LogModuleManager: Shutting down and abandoning module AnimationModifiers (34)
[2023.04.27-09.15.41:776][296]LogModuleManager: Shutting down and abandoning module AudioEditor (32)
[2023.04.27-09.15.41:776][296]LogModuleManager: Shutting down and abandoning module PropertyEditor (31)
[2023.04.27-09.15.41:777][296]LogModuleManager: Shutting down and abandoning module TextureCompressor (28)
[2023.04.27-09.15.41:777][296]LogModuleManager: Shutting down and abandoning module RenderCore (26)
[2023.04.27-09.15.41:777][296]LogModuleManager: Shutting down and abandoning module Landscape (24)
[2023.04.27-09.15.41:777][296]LogModuleManager: Shutting down and abandoning module SlateRHIRenderer (22)
[2023.04.27-09.15.41:778][296]LogModuleManager: Shutting down and abandoning module AnimGraphRuntime (20)
[2023.04.27-09.15.41:778][296]LogModuleManager: Shutting down and abandoning module Renderer (18)
[2023.04.27-09.15.41:778][296]LogModuleManager: Shutting down and abandoning module Engine (16)
[2023.04.27-09.15.41:778][296]LogModuleManager: Shutting down and abandoning module CoreUObject (14)
[2023.04.27-09.15.41:778][296]LogModuleManager: Shutting down and abandoning module NetworkFile (12)
[2023.04.27-09.15.41:778][296]LogModuleManager: Shutting down and abandoning module CookedIterativeFile (10)
[2023.04.27-09.15.41:778][296]LogModuleManager: Shutting down and abandoning module StreamingFile (8)
[2023.04.27-09.15.41:778][296]LogModuleManager: Shutting down and abandoning module SandboxFile (6)
[2023.04.27-09.15.41:778][296]LogModuleManager: Shutting down and abandoning module PakFile (4)
[2023.04.27-09.15.41:778][296]LogModuleManager: Shutting down and abandoning module RSA (3)
[2023.04.27-09.15.41:778][296]LogContentStreaming: Display: There are 1 unreleased StreamingManagers
[2023.04.27-09.15.41:782][296]LogD3D11RHI: Shutdown
[2023.04.27-09.15.41:782][296]LogD3D11RHI: CleanupD3DDevice
[2023.04.27-09.15.41:799][296]LogExit: Exiting.
[2023.04.27-09.15.41:808][296]Log file closed, 04/27/23 12:45:41
