Log file open, 05/07/23 18:41:07
LogWindows: Failed to load 'aqProf.dll' (GetLastError=126)
LogWindows: File 'aqProf.dll' does not exist
LogWindows: Failed to load 'VtuneApi.dll' (GetLastError=126)
LogWindows: File 'VtuneApi.dll' does not exist
LogWindows: Failed to load 'VtuneApi32e.dll' (GetLastError=126)
LogWindows: File 'VtuneApi32e.dll' does not exist
LogConsoleResponse: Display: Failed to find resolution value strings in scalability ini. Falling back to default.
LogConsoleResponse: Display: Failed to find resolution value strings in scalability ini. Falling back to default.
LogInit: Display: Running engine for game: SpeedLimit_UniAzad
LogPlatformFile: Not using cached read wrapper
LogTaskGraph: Started task graph with 5 named threads and 23 total threads with 3 sets of task threads.
LogStats: Stats thread started at 0.171125
LogICUInternationalization: ICU TimeZone Detection - Raw Offset: +3:30, Platform Override: ''
LogInit: Display: Loading text-based GConfig....
LogPluginManager: Mounting plugin MeshPainting
LogPluginManager: Mounting plugin XGEController
LogPluginManager: Mounting plugin Paper2D
LogPluginManager: Mounting plugin AISupport
LogPluginManager: Mounting plugin LiveLink
LogPluginManager: Mounting plugin CameraShakePreviewer
LogPluginManager: Mounting plugin GameplayCameras
LogPluginManager: Mounting plugin EnvironmentQueryEditor
LogPluginManager: Mounting plugin LightPropagationVolume
LogPluginManager: Mounting plugin AssetManagerEditor
LogPluginManager: Mounting plugin OodleData
LogPluginManager: Mounting plugin CryptoKeys
LogPluginManager: Mounting plugin OodleNetwork
LogPluginManager: Mounting plugin CurveEditorTools
LogPluginManager: Mounting plugin DataValidation
LogPluginManager: Mounting plugin FacialAnimation
LogPluginManager: Mounting plugin GameplayTagsEditor
LogPluginManager: Mounting plugin GeometryMode
LogPluginManager: Mounting plugin MacGraphicsSwitching
LogPluginManager: Mounting plugin MaterialAnalyzer
LogPluginManager: Mounting plugin PluginBrowser
LogPluginManager: Mounting plugin MobileLauncherProfileWizard
LogPluginManager: Mounting plugin SpeedTreeImporter
LogPluginManager: Mounting plugin DatasmithContent
LogPluginManager: Mounting plugin VariantManagerContent
LogPluginManager: Mounting plugin AnimationSharing
LogPluginManager: Mounting plugin CLionSourceCodeAccess
LogPluginManager: Mounting plugin CodeLiteSourceCodeAccess
LogPluginManager: Mounting plugin NullSourceCodeAccess
LogPluginManager: Mounting plugin KDevelopSourceCodeAccess
LogPluginManager: Mounting plugin GitSourceControl
LogPluginManager: Mounting plugin PerforceSourceControl
LogPluginManager: Mounting plugin PixWinPlugin
LogPluginManager: Mounting plugin PlasticSourceControl
LogPluginManager: Mounting plugin PropertyAccessNode
LogPluginManager: Mounting plugin PluginUtils
LogPluginManager: Mounting plugin RiderSourceCodeAccess
LogPluginManager: Mounting plugin TextureFormatOodle
LogPluginManager: Mounting plugin SubversionSourceControl
LogPluginManager: Mounting plugin UObjectPlugin
LogPluginManager: Mounting plugin AlembicImporter
LogPluginManager: Mounting plugin VisualStudioCodeSourceCodeAccess
LogPluginManager: Mounting plugin VisualStudioSourceCodeAccess
LogPluginManager: Mounting plugin XCodeSourceCodeAccess
LogPluginManager: Mounting plugin AutomationUtils
LogPluginManager: Mounting plugin BackChannel
LogPluginManager: Mounting plugin ChaosClothEditor
LogPluginManager: Mounting plugin ChaosCloth
LogPluginManager: Mounting plugin ChaosNiagara
LogPluginManager: Mounting plugin ChaosEditor
LogPluginManager: Mounting plugin ChaosSolverPlugin
LogPluginManager: Mounting plugin CharacterAI
LogPluginManager: Mounting plugin GeometryCache
LogPluginManager: Mounting plugin GeometryCollectionPlugin
LogPluginManager: Mounting plugin GeometryProcessing
LogPluginManager: Mounting plugin Niagara
LogPluginManager: Mounting plugin MotoSynth
LogPluginManager: Mounting plugin OpenImageDenoise
LogPluginManager: Mounting plugin PlanarCut
LogPluginManager: Mounting plugin PlatformCrypto
LogPluginManager: Mounting plugin ProxyLODPlugin
LogPluginManager: Mounting plugin PythonScriptPlugin
LogPluginManager: Mounting plugin SkeletalReduction
LogPluginManager: Mounting plugin MagicLeap
LogPluginManager: Mounting plugin LuminPlatformFeatures
LogPluginManager: Mounting plugin MagicLeapMedia
LogPluginManager: Mounting plugin MagicLeapLightEstimation
LogPluginManager: Mounting plugin MagicLeapPassableWorld
LogPluginManager: Mounting plugin MLSDK
LogPluginManager: Mounting plugin AndroidMedia
LogPluginManager: Mounting plugin AvfMedia
LogPluginManager: Mounting plugin MediaCompositing
LogPluginManager: Mounting plugin ImgMedia
LogPluginManager: Mounting plugin MediaPlayerEditor
LogPluginManager: Mounting plugin WebMMedia
LogPluginManager: Mounting plugin WmfMedia
LogPluginManager: Mounting plugin TcpMessaging
LogPluginManager: Mounting plugin UdpMessaging
LogPluginManager: Mounting plugin ActorSequence
LogPluginManager: Mounting plugin MatineeToLevelSequence
LogPluginManager: Mounting plugin LevelSequenceEditor
LogPluginManager: Mounting plugin TemplateSequence
LogPluginManager: Mounting plugin OnlineSubsystem
LogPluginManager: Mounting plugin OnlineSubsystemNull
LogPluginManager: Mounting plugin OnlineSubsystemUtils
LogPluginManager: Mounting plugin ActorLayerUtilities
LogPluginManager: Mounting plugin AndroidDeviceProfileSelector
LogPluginManager: Mounting plugin AndroidMoviePlayer
LogPluginManager: Mounting plugin AndroidPermission
LogPluginManager: Mounting plugin AppleMoviePlayer
LogPluginManager: Mounting plugin AppleImageUtils
LogPluginManager: Mounting plugin ArchVisCharacter
LogPluginManager: Mounting plugin AssetTags
LogPluginManager: Mounting plugin AudioCapture
LogPluginManager: Mounting plugin AudioSynesthesia
LogPluginManager: Mounting plugin CableComponent
LogPluginManager: Mounting plugin CustomMeshComponent
LogPluginManager: Mounting plugin ChunkDownloader
LogPluginManager: Mounting plugin EditableMesh
LogPluginManager: Mounting plugin ExampleDeviceProfileSelector
LogPluginManager: Mounting plugin GoogleCloudMessaging
LogPluginManager: Mounting plugin GooglePAD
LogPluginManager: Mounting plugin IOSDeviceProfileSelector
LogPluginManager: Mounting plugin LinuxDeviceProfileSelector
LogPluginManager: Mounting plugin MobilePatchingUtils
LogPluginManager: Mounting plugin LocationServicesBPLibrary
LogPluginManager: Mounting plugin OpenXR
LogPluginManager: Mounting plugin OpenXREyeTracker
LogPluginManager: Mounting plugin OpenXRHandTracking
LogPluginManager: Mounting plugin PhysXVehicles
LogPluginManager: Mounting plugin PostSplashScreen
LogPluginManager: Mounting plugin ProceduralMeshComponent
LogPluginManager: Mounting plugin RuntimePhysXCooking
LogPluginManager: Mounting plugin SignificanceManager
LogPluginManager: Mounting plugin PropertyAccessEditor
LogPluginManager: Mounting plugin SoundFields
LogPluginManager: Mounting plugin Synthesis
LogPluginManager: Mounting plugin WebMMoviePlayer
LogPluginManager: Mounting plugin WindowsMoviePlayer
LogPluginManager: Mounting plugin ScreenshotTools
LogPluginManager: Mounting plugin Takes
LogPluginManager: Mounting plugin LauncherChunkInstaller
LogPluginManager: Mounting plugin ContentBrowserAssetDataSource
LogPluginManager: Mounting plugin ContentBrowserClassDataSource
LogPluginManager: Mounting plugin ContentBrowserFileDataSource
LogPluginManager: Mounting plugin OnlineSubsystemIOS
LogPluginManager: Mounting plugin OnlineSubsystemGooglePlay
LogPluginManager: Mounting plugin OculusVR
LogPluginManager: Mounting plugin SteamVR
PixWinPlugin: PIX capture plugin failed to initialize! Check that the process is launched from PIX.
LogInit: Using libcurl 7.55.1-DEV
LogInit:  - built for x86_64-pc-win32
LogInit:  - supports SSL with OpenSSL/1.1.1
LogInit:  - supports HTTP deflate (compression) using libz 1.2.8
LogInit:  - other features:
LogInit:      CURL_VERSION_SSL
LogInit:      CURL_VERSION_LIBZ
LogInit:      CURL_VERSION_IPV6
LogInit:      CURL_VERSION_ASYNCHDNS
LogInit:      CURL_VERSION_LARGEFILE
LogInit:      CURL_VERSION_IDN
LogInit:  CurlRequestOptions (configurable via config and command line):
LogInit:  - bVerifyPeer = true  - Libcurl will verify peer certificate
LogInit:  - bUseHttpProxy = false  - Libcurl will NOT use HTTP proxy
LogInit:  - bDontReuseConnections = false  - Libcurl will reuse connections
LogInit:  - MaxHostConnections = 16  - Libcurl will limit the number of connections to a host
LogInit:  - LocalHostAddr = Default
LogInit:  - BufferSize = 65536
LogOnline: OSS: Creating online subsystem instance for: NULL
LogInit: WinSock: version 1.1 (2.2), MaxSocks=32767, MaxUdp=65467
LogOnline: OSS: TryLoadSubsystemAndSetDefault: Loaded subsystem for module [NULL]
LogOculusPluginWrapper: OculusPlugin initialized successfully
LogHMD: Failed initializing OVRPlugin 1.59.0
LogInit: Build: ++UE4+Release-4.27-CL-17155196
LogInit: Engine Version: 4.27.0-17155196+++UE4+Release-4.27
LogInit: Compatible Engine Version: 4.27.0-17155196+++UE4+Release-4.27
LogInit: Net CL: 17155196
LogInit: OS: Windows 10 (Release 2009) (), CPU: 11th Gen Intel(R) Core(TM) i7-1195G7 @ 2.90GHz, GPU: Intel(R) Iris(R) Xe Graphics
LogInit: Compiled (64-bit): Aug 13 2021 06:13:13
LogInit: Compiled with Visual C++: 19.24.28315.00
LogInit: Build Configuration: Development
LogInit: Branch Name: ++UE4+Release-4.27
LogInit: Command Line: 
LogInit: Base Directory: E:/Downloads/unreal_engine_v4.27_compiled/Unreal Engine v4.27 Compiled/Engine/Binaries/Win64/
LogInit: Allocator: TBB
LogInit: Installed Engine Build: 1
LogDevObjectVersion: Number of dev versions registered: 29
LogDevObjectVersion:   Dev-Blueprints (B0D832E4-1F89-4F0D-ACCF-7EB736FD4AA2): 10
LogDevObjectVersion:   Dev-Build (E1C64328-A22C-4D53-A36C-8E866417BD8C): 0
LogDevObjectVersion:   Dev-Core (375EC13C-06E4-48FB-B500-84F0262A717E): 4
LogDevObjectVersion:   Dev-Editor (E4B068ED-F494-42E9-A231-DA0B2E46BB41): 40
LogDevObjectVersion:   Dev-Framework (CFFC743F-43B0-4480-9391-14DF171D2073): 37
LogDevObjectVersion:   Dev-Mobile (B02B49B5-BB20-44E9-A304-32B752E40360): 3
LogDevObjectVersion:   Dev-Networking (A4E4105C-59A1-49B5-A7C5-40C4547EDFEE): 0
LogDevObjectVersion:   Dev-Online (39C831C9-5AE6-47DC-9A44-9C173E1C8E7C): 0
LogDevObjectVersion:   Dev-Physics (78F01B33-EBEA-4F98-B9B4-84EACCB95AA2): 14
LogDevObjectVersion:   Dev-Platform (6631380F-2D4D-43E0-8009-CF276956A95A): 0
LogDevObjectVersion:   Dev-Rendering (12F88B9F-8875-4AFC-A67C-D90C383ABD29): 45
LogDevObjectVersion:   Dev-Sequencer (7B5AE74C-D270-4C10-A958-57980B212A5A): 13
LogDevObjectVersion:   Dev-VR (D7296918-1DD6-4BDD-9DE2-64A83CC13884): 3
LogDevObjectVersion:   Dev-LoadTimes (C2A15278-BFE7-4AFE-6C17-90FF531DF755): 1
LogDevObjectVersion:   Private-Geometry (6EACA3D4-40EC-4CC1-B786-8BED09428FC5): 3
LogDevObjectVersion:   Dev-AnimPhys (29E575DD-E0A3-4627-9D10-D276232CDCEA): 17
LogDevObjectVersion:   Dev-Anim (AF43A65D-7FD3-4947-9873-3E8ED9C1BB05): 15
LogDevObjectVersion:   Dev-ReflectionCapture (6B266CEC-1EC7-4B8F-A30B-E4D90942FC07): 1
LogDevObjectVersion:   Dev-Automation (0DF73D61-A23F-47EA-B727-89E90C41499A): 1
LogDevObjectVersion:   FortniteMain (601D1886-AC64-4F84-AA16-D3DE0DEAC7D6): 47
LogDevObjectVersion:   FortniteRelease (E7086368-6B23-4C58-8439-1B7016265E91): 1
LogDevObjectVersion:   Dev-Enterprise (9DFFBCD6-494F-0158-E221-12823C92A888): 10
LogDevObjectVersion:   Dev-Niagara (F2AED0AC-9AFE-416F-8664-AA7FFA26D6FC): 1
LogDevObjectVersion:   Dev-Destruction (174F1F0B-B4C6-45A5-B13F-2EE8D0FB917D): 10
LogDevObjectVersion:   Dev-Physics-Ext (35F94A83-E258-406C-A318-09F59610247C): 41
LogDevObjectVersion:   Dev-PhysicsMaterial-Chaos (B68FC16E-8B1B-42E2-B453-215C058844FE): 1
LogDevObjectVersion:   Dev-CineCamera (B2E18506-4273-CFC2-A54E-F4BB758BBA07): 1
LogDevObjectVersion:   Dev-VirtualProduction (64F58936-FD1B-42BA-BA96-7289D5D0FA4E): 1
LogDevObjectVersion:   Dev-MediaFramework (6F0ED827-A609-4895-9C91-998D90180EA4): 2
LogInit: Presizing for max 25165824 objects, including 0 objects not considered by GC, pre-allocating 0 bytes for permanent pool.
LogConfig: Applying CVar settings from Section [/Script/Engine.StreamingSettings] File [E:/Asus/Documents/GitHub/TheTroubleMakers/Unreal Engine Project/SpeedLimit_UniAzad/Saved/Config/Windows/Engine.ini]
LogConfig: Setting CVar [[s.MinBulkDataSizeForAsyncLoading:131072]]
LogConfig: Setting CVar [[s.AsyncLoadingThreadEnabled:0]]
LogConfig: Setting CVar [[s.EventDrivenLoaderEnabled:1]]
LogConfig: Setting CVar [[s.WarnIfTimeLimitExceeded:0]]
LogConfig: Setting CVar [[s.TimeLimitExceededMultiplier:1.5]]
LogConfig: Setting CVar [[s.TimeLimitExceededMinTime:0.005]]
LogConfig: Setting CVar [[s.UseBackgroundLevelStreaming:1]]
LogConfig: Setting CVar [[s.PriorityAsyncLoadingExtraTime:15.0]]
LogConfig: Setting CVar [[s.LevelStreamingActorsUpdateTimeLimit:5.0]]
LogConfig: Setting CVar [[s.PriorityLevelStreamingActorsUpdateExtraTime:5.0]]
LogConfig: Setting CVar [[s.LevelStreamingComponentsRegistrationGranularity:10]]
LogConfig: Setting CVar [[s.UnregisterComponentsTimeLimit:1.0]]
LogConfig: Setting CVar [[s.LevelStreamingComponentsUnregistrationGranularity:5]]
LogConfig: Setting CVar [[s.FlushStreamingOnExit:1]]
LogInit: Object subsystem initialized
LogConfig: Setting CVar [[con.DebugEarlyDefault:1]]
LogConfig: Setting CVar [[r.setres:1280x720]]
[2023.05.07-15.11.07:843][  0]LogConfig: Setting CVar [[r.VSync:0]]
[2023.05.07-15.11.07:843][  0]LogConfig: Setting CVar [[r.RHICmdBypass:0]]
[2023.05.07-15.11.07:843][  0]LogConfig: Applying CVar settings from Section [/Script/Engine.RendererSettings] File [E:/Asus/Documents/GitHub/TheTroubleMakers/Unreal Engine Project/SpeedLimit_UniAzad/Saved/Config/Windows/Engine.ini]
[2023.05.07-15.11.07:843][  0]LogConfig: Setting CVar [[r.GPUCrashDebugging:0]]
[2023.05.07-15.11.07:843][  0]LogConfig: Applying CVar settings from Section [/Script/Engine.RendererOverrideSettings] File [E:/Asus/Documents/GitHub/TheTroubleMakers/Unreal Engine Project/SpeedLimit_UniAzad/Saved/Config/Windows/Engine.ini]
[2023.05.07-15.11.07:843][  0]LogConfig: Applying CVar settings from Section [/Script/Engine.StreamingSettings] File [E:/Asus/Documents/GitHub/TheTroubleMakers/Unreal Engine Project/SpeedLimit_UniAzad/Saved/Config/Windows/Engine.ini]
[2023.05.07-15.11.07:843][  0]LogConfig: Setting CVar [[s.MinBulkDataSizeForAsyncLoading:131072]]
[2023.05.07-15.11.07:843][  0]LogConfig: Setting CVar [[s.AsyncLoadingThreadEnabled:0]]
[2023.05.07-15.11.07:843][  0]LogConfig: Setting CVar [[s.EventDrivenLoaderEnabled:1]]
[2023.05.07-15.11.07:843][  0]LogConfig: Setting CVar [[s.WarnIfTimeLimitExceeded:0]]
[2023.05.07-15.11.07:843][  0]LogConfig: Setting CVar [[s.TimeLimitExceededMultiplier:1.5]]
[2023.05.07-15.11.07:843][  0]LogConfig: Setting CVar [[s.TimeLimitExceededMinTime:0.005]]
[2023.05.07-15.11.07:843][  0]LogConfig: Setting CVar [[s.UseBackgroundLevelStreaming:1]]
[2023.05.07-15.11.07:843][  0]LogConfig: Setting CVar [[s.PriorityAsyncLoadingExtraTime:15.0]]
[2023.05.07-15.11.07:843][  0]LogConfig: Setting CVar [[s.LevelStreamingActorsUpdateTimeLimit:5.0]]
[2023.05.07-15.11.07:843][  0]LogConfig: Setting CVar [[s.PriorityLevelStreamingActorsUpdateExtraTime:5.0]]
[2023.05.07-15.11.07:843][  0]LogConfig: Setting CVar [[s.LevelStreamingComponentsRegistrationGranularity:10]]
[2023.05.07-15.11.07:843][  0]LogConfig: Setting CVar [[s.UnregisterComponentsTimeLimit:1.0]]
[2023.05.07-15.11.07:843][  0]LogConfig: Setting CVar [[s.LevelStreamingComponentsUnregistrationGranularity:5]]
[2023.05.07-15.11.07:843][  0]LogConfig: Setting CVar [[s.FlushStreamingOnExit:1]]
[2023.05.07-15.11.07:843][  0]LogConfig: Applying CVar settings from Section [/Script/Engine.GarbageCollectionSettings] File [E:/Asus/Documents/GitHub/TheTroubleMakers/Unreal Engine Project/SpeedLimit_UniAzad/Saved/Config/Windows/Engine.ini]
[2023.05.07-15.11.07:843][  0]LogConfig: Setting CVar [[gc.MaxObjectsNotConsideredByGC:1]]
[2023.05.07-15.11.07:843][  0]LogConfig: Setting CVar [[gc.SizeOfPermanentObjectPool:0]]
[2023.05.07-15.11.07:843][  0]LogConfig: Setting CVar [[gc.FlushStreamingOnGC:0]]
[2023.05.07-15.11.07:843][  0]LogConfig: Setting CVar [[gc.NumRetriesBeforeForcingGC:10]]
[2023.05.07-15.11.07:843][  0]LogConfig: Setting CVar [[gc.AllowParallelGC:1]]
[2023.05.07-15.11.07:843][  0]LogConfig: Setting CVar [[gc.TimeBetweenPurgingPendingKillObjects:61.1]]
[2023.05.07-15.11.07:843][  0]LogConfig: Setting CVar [[gc.MaxObjectsInEditor:25165824]]
[2023.05.07-15.11.07:843][  0]LogConfig: Setting CVar [[gc.IncrementalBeginDestroyEnabled:1]]
[2023.05.07-15.11.07:843][  0]LogConfig: Setting CVar [[gc.CreateGCClusters:1]]
[2023.05.07-15.11.07:843][  0]LogConfig: Setting CVar [[gc.MinGCClusterSize:5]]
[2023.05.07-15.11.07:843][  0]LogConfig: Setting CVar [[gc.ActorClusteringEnabled:0]]
[2023.05.07-15.11.07:843][  0]LogConfig: Setting CVar [[gc.BlueprintClusteringEnabled:0]]
[2023.05.07-15.11.07:843][  0]LogConfig: Setting CVar [[gc.UseDisregardForGCOnDedicatedServers:0]]
[2023.05.07-15.11.07:843][  0]LogConfig: Setting CVar [[gc.MultithreadedDestructionEnabled:1]]
[2023.05.07-15.11.07:843][  0]LogConfig: Applying CVar settings from Section [/Script/Engine.NetworkSettings] File [E:/Asus/Documents/GitHub/TheTroubleMakers/Unreal Engine Project/SpeedLimit_UniAzad/Saved/Config/Windows/Engine.ini]
[2023.05.07-15.11.07:843][  0]LogConfig: Applying CVar settings from Section [/Script/UnrealEd.CookerSettings] File [E:/Asus/Documents/GitHub/TheTroubleMakers/Unreal Engine Project/SpeedLimit_UniAzad/Saved/Config/Windows/Engine.ini]
[2023.05.07-15.11.07:868][  0]LogConfig: Applying CVar settings from Section [ViewDistanceQuality@3] File [E:/Asus/Documents/GitHub/TheTroubleMakers/Unreal Engine Project/SpeedLimit_UniAzad/Saved/Config/Windows/Scalability.ini]
[2023.05.07-15.11.07:868][  0]LogConfig: Setting CVar [[r.SkeletalMeshLODBias:0]]
[2023.05.07-15.11.07:868][  0]LogConfig: Setting CVar [[r.ViewDistanceScale:1.0]]
[2023.05.07-15.11.07:868][  0]LogConfig: Applying CVar settings from Section [AntiAliasingQuality@3] File [E:/Asus/Documents/GitHub/TheTroubleMakers/Unreal Engine Project/SpeedLimit_UniAzad/Saved/Config/Windows/Scalability.ini]
[2023.05.07-15.11.07:868][  0]LogConfig: Setting CVar [[r.PostProcessAAQuality:4]]
[2023.05.07-15.11.07:868][  0]LogConfig: Applying CVar settings from Section [ShadowQuality@3] File [E:/Asus/Documents/GitHub/TheTroubleMakers/Unreal Engine Project/SpeedLimit_UniAzad/Saved/Config/Windows/Scalability.ini]
[2023.05.07-15.11.07:868][  0]LogConfig: Setting CVar [[r.LightFunctionQuality:1]]
[2023.05.07-15.11.07:868][  0]LogConfig: Setting CVar [[r.ShadowQuality:5]]
[2023.05.07-15.11.07:868][  0]LogConfig: Setting CVar [[r.Shadow.CSM.MaxCascades:10]]
[2023.05.07-15.11.07:868][  0]LogConfig: Setting CVar [[r.Shadow.MaxResolution:2048]]
[2023.05.07-15.11.07:868][  0]LogConfig: Setting CVar [[r.Shadow.MaxCSMResolution:2048]]
[2023.05.07-15.11.07:868][  0]LogConfig: Setting CVar [[r.Shadow.RadiusThreshold:0.01]]
[2023.05.07-15.11.07:868][  0]LogConfig: Setting CVar [[r.Shadow.DistanceScale:1.0]]
[2023.05.07-15.11.07:868][  0]LogConfig: Setting CVar [[r.Shadow.CSM.TransitionScale:1.0]]
[2023.05.07-15.11.07:868][  0]LogConfig: Setting CVar [[r.Shadow.PreShadowResolutionFactor:1.0]]
[2023.05.07-15.11.07:868][  0]LogConfig: Setting CVar [[r.DistanceFieldShadowing:1]]
[2023.05.07-15.11.07:868][  0]LogConfig: Setting CVar [[r.DistanceFieldAO:1]]
[2023.05.07-15.11.07:868][  0]LogConfig: Setting CVar [[r.AOQuality:2]]
[2023.05.07-15.11.07:868][  0]LogConfig: Setting CVar [[r.VolumetricFog:1]]
[2023.05.07-15.11.07:868][  0]LogConfig: Setting CVar [[r.VolumetricFog.GridPixelSize:8]]
[2023.05.07-15.11.07:868][  0]LogConfig: Setting CVar [[r.VolumetricFog.GridSizeZ:128]]
[2023.05.07-15.11.07:868][  0]LogConfig: Setting CVar [[r.VolumetricFog.HistoryMissSupersampleCount:4]]
[2023.05.07-15.11.07:868][  0]LogConfig: Setting CVar [[r.LightMaxDrawDistanceScale:1]]
[2023.05.07-15.11.07:868][  0]LogConfig: Setting CVar [[r.CapsuleShadows:1]]
[2023.05.07-15.11.07:868][  0]LogConfig: Applying CVar settings from Section [PostProcessQuality@3] File [E:/Asus/Documents/GitHub/TheTroubleMakers/Unreal Engine Project/SpeedLimit_UniAzad/Saved/Config/Windows/Scalability.ini]
[2023.05.07-15.11.07:868][  0]LogConfig: Setting CVar [[r.MotionBlurQuality:4]]
[2023.05.07-15.11.07:868][  0]LogConfig: Setting CVar [[r.AmbientOcclusionMipLevelFactor:0.4]]
[2023.05.07-15.11.07:868][  0]LogConfig: Setting CVar [[r.AmbientOcclusionMaxQuality:100]]
[2023.05.07-15.11.07:868][  0]LogConfig: Setting CVar [[r.AmbientOcclusionLevels:-1]]
[2023.05.07-15.11.07:868][  0]LogConfig: Setting CVar [[r.AmbientOcclusionRadiusScale:1.0]]
[2023.05.07-15.11.07:868][  0]LogConfig: Setting CVar [[r.DepthOfFieldQuality:2]]
[2023.05.07-15.11.07:868][  0]LogConfig: Setting CVar [[r.RenderTargetPoolMin:400]]
[2023.05.07-15.11.07:868][  0]LogConfig: Setting CVar [[r.LensFlareQuality:2]]
[2023.05.07-15.11.07:868][  0]LogConfig: Setting CVar [[r.SceneColorFringeQuality:1]]
[2023.05.07-15.11.07:868][  0]LogConfig: Setting CVar [[r.EyeAdaptationQuality:2]]
[2023.05.07-15.11.07:868][  0]LogConfig: Setting CVar [[r.BloomQuality:5]]
[2023.05.07-15.11.07:868][  0]LogConfig: Setting CVar [[r.FastBlurThreshold:100]]
[2023.05.07-15.11.07:868][  0]LogConfig: Setting CVar [[r.Upscale.Quality:3]]
[2023.05.07-15.11.07:868][  0]LogConfig: Setting CVar [[r.Tonemapper.GrainQuantization:1]]
[2023.05.07-15.11.07:868][  0]LogConfig: Setting CVar [[r.LightShaftQuality:1]]
[2023.05.07-15.11.07:869][  0]LogConfig: Setting CVar [[r.Filter.SizeScale:1]]
[2023.05.07-15.11.07:869][  0]LogConfig: Setting CVar [[r.Tonemapper.Quality:5]]
[2023.05.07-15.11.07:869][  0]LogConfig: Setting CVar [[r.DOF.Gather.AccumulatorQuality:1        ; higher gathering accumulator quality]]
[2023.05.07-15.11.07:869][  0]LogConfig: Setting CVar [[r.DOF.Gather.PostfilterMethod:1          ; Median3x3 postfilering method]]
[2023.05.07-15.11.07:869][  0]LogConfig: Setting CVar [[r.DOF.Gather.EnableBokehSettings:0       ; no bokeh simulation when gathering]]
[2023.05.07-15.11.07:869][  0]LogConfig: Setting CVar [[r.DOF.Gather.RingCount:4                 ; medium number of samples when gathering]]
[2023.05.07-15.11.07:869][  0]LogConfig: Setting CVar [[r.DOF.Scatter.ForegroundCompositing:1    ; additive foreground scattering]]
[2023.05.07-15.11.07:869][  0]LogConfig: Setting CVar [[r.DOF.Scatter.BackgroundCompositing:2    ; additive background scattering]]
[2023.05.07-15.11.07:869][  0]LogConfig: Setting CVar [[r.DOF.Scatter.EnableBokehSettings:1      ; bokeh simulation when scattering]]
[2023.05.07-15.11.07:869][  0]LogConfig: Setting CVar [[r.DOF.Scatter.MaxSpriteRatio:0.1         ; only a maximum of 10% of scattered bokeh]]
[2023.05.07-15.11.07:869][  0]LogConfig: Setting CVar [[r.DOF.Recombine.Quality:1                ; cheap slight out of focus]]
[2023.05.07-15.11.07:869][  0]LogConfig: Setting CVar [[r.DOF.Recombine.EnableBokehSettings:0    ; no bokeh simulation on slight out of focus]]
[2023.05.07-15.11.07:869][  0]LogConfig: Setting CVar [[r.DOF.TemporalAAQuality:1                ; more stable temporal accumulation]]
[2023.05.07-15.11.07:869][  0]LogConfig: Setting CVar [[r.DOF.Kernel.MaxForegroundRadius:0.025]]
[2023.05.07-15.11.07:869][  0]LogConfig: Setting CVar [[r.DOF.Kernel.MaxBackgroundRadius:0.025]]
[2023.05.07-15.11.07:869][  0]LogConfig: Applying CVar settings from Section [TextureQuality@3] File [E:/Asus/Documents/GitHub/TheTroubleMakers/Unreal Engine Project/SpeedLimit_UniAzad/Saved/Config/Windows/Scalability.ini]
[2023.05.07-15.11.07:869][  0]LogConfig: Setting CVar [[r.Streaming.MipBias:0]]
[2023.05.07-15.11.07:869][  0]LogConfig: Setting CVar [[r.Streaming.AmortizeCPUToGPUCopy:0]]
[2023.05.07-15.11.07:869][  0]LogConfig: Setting CVar [[r.Streaming.MaxNumTexturesToStreamPerFrame:0]]
[2023.05.07-15.11.07:869][  0]LogConfig: Setting CVar [[r.Streaming.Boost:1]]
[2023.05.07-15.11.07:869][  0]LogConfig: Setting CVar [[r.MaxAnisotropy:8]]
[2023.05.07-15.11.07:869][  0]LogConfig: Setting CVar [[r.VT.MaxAnisotropy:8]]
[2023.05.07-15.11.07:869][  0]LogConfig: Setting CVar [[r.Streaming.LimitPoolSizeToVRAM:0]]
[2023.05.07-15.11.07:869][  0]LogConfig: Setting CVar [[r.Streaming.PoolSize:1000]]
[2023.05.07-15.11.07:869][  0]LogConfig: Setting CVar [[r.Streaming.MaxEffectiveScreenSize:0]]
[2023.05.07-15.11.07:869][  0]LogConfig: Applying CVar settings from Section [EffectsQuality@3] File [E:/Asus/Documents/GitHub/TheTroubleMakers/Unreal Engine Project/SpeedLimit_UniAzad/Saved/Config/Windows/Scalability.ini]
[2023.05.07-15.11.07:869][  0]LogConfig: Setting CVar [[r.TranslucencyLightingVolumeDim:64]]
[2023.05.07-15.11.07:869][  0]LogConfig: Setting CVar [[r.RefractionQuality:2]]
[2023.05.07-15.11.07:869][  0]LogConfig: Setting CVar [[r.SSR.Quality:3]]
[2023.05.07-15.11.07:869][  0]LogConfig: Setting CVar [[r.SSR.HalfResSceneColor:0]]
[2023.05.07-15.11.07:869][  0]LogConfig: Setting CVar [[r.SceneColorFormat:4]]
[2023.05.07-15.11.07:869][  0]LogConfig: Setting CVar [[r.DetailMode:2]]
[2023.05.07-15.11.07:869][  0]LogConfig: Setting CVar [[r.TranslucencyVolumeBlur:1]]
[2023.05.07-15.11.07:869][  0]LogConfig: Setting CVar [[r.MaterialQualityLevel:1 ; High quality]]
[2023.05.07-15.11.07:869][  0]LogConfig: Setting CVar [[r.AnisotropicMaterials:1]]
[2023.05.07-15.11.07:869][  0]LogConfig: Setting CVar [[r.SSS.Scale:1]]
[2023.05.07-15.11.07:869][  0]LogConfig: Setting CVar [[r.SSS.SampleSet:2]]
[2023.05.07-15.11.07:869][  0]LogConfig: Setting CVar [[r.SSS.Quality:1]]
[2023.05.07-15.11.07:869][  0]LogConfig: Setting CVar [[r.SSS.HalfRes:0]]
[2023.05.07-15.11.07:869][  0]LogConfig: Setting CVar [[r.SSGI.Quality:3]]
[2023.05.07-15.11.07:869][  0]LogConfig: Setting CVar [[r.EmitterSpawnRateScale:1.0]]
[2023.05.07-15.11.07:869][  0]LogConfig: Setting CVar [[r.ParticleLightQuality:2]]
[2023.05.07-15.11.07:869][  0]LogConfig: Setting CVar [[r.SkyAtmosphere.AerialPerspectiveLUT.FastApplyOnOpaque:1 ; Always have FastSkyLUT 1 in this case to avoid wrong sky]]
[2023.05.07-15.11.07:869][  0]LogConfig: Setting CVar [[r.SkyAtmosphere.AerialPerspectiveLUT.SampleCountMaxPerSlice:4]]
[2023.05.07-15.11.07:869][  0]LogConfig: Setting CVar [[r.SkyAtmosphere.AerialPerspectiveLUT.DepthResolution:16.0]]
[2023.05.07-15.11.07:869][  0]LogConfig: Setting CVar [[r.SkyAtmosphere.FastSkyLUT:1]]
[2023.05.07-15.11.07:869][  0]LogConfig: Setting CVar [[r.SkyAtmosphere.FastSkyLUT.SampleCountMin:4.0]]
[2023.05.07-15.11.07:869][  0]LogConfig: Setting CVar [[r.SkyAtmosphere.FastSkyLUT.SampleCountMax:128.0]]
[2023.05.07-15.11.07:869][  0]LogConfig: Setting CVar [[r.SkyAtmosphere.SampleCountMin:4.0]]
[2023.05.07-15.11.07:869][  0]LogConfig: Setting CVar [[r.SkyAtmosphere.SampleCountMax:128.0]]
[2023.05.07-15.11.07:869][  0]LogConfig: Setting CVar [[r.SkyAtmosphere.TransmittanceLUT.UseSmallFormat:0]]
[2023.05.07-15.11.07:869][  0]LogConfig: Setting CVar [[r.SkyAtmosphere.TransmittanceLUT.SampleCount:10.0]]
[2023.05.07-15.11.07:869][  0]LogConfig: Setting CVar [[r.SkyAtmosphere.MultiScatteringLUT.SampleCount:15.0]]
[2023.05.07-15.11.07:869][  0]LogConfig: Setting CVar [[r.SkyLight.RealTimeReflectionCapture:1]]
[2023.05.07-15.11.07:869][  0]LogConfig: Applying CVar settings from Section [FoliageQuality@3] File [E:/Asus/Documents/GitHub/TheTroubleMakers/Unreal Engine Project/SpeedLimit_UniAzad/Saved/Config/Windows/Scalability.ini]
[2023.05.07-15.11.07:869][  0]LogConfig: Setting CVar [[foliage.DensityScale:1.0]]
[2023.05.07-15.11.07:869][  0]LogConfig: Setting CVar [[grass.DensityScale:1.0]]
[2023.05.07-15.11.07:869][  0]LogConfig: Applying CVar settings from Section [ShadingQuality@3] File [E:/Asus/Documents/GitHub/TheTroubleMakers/Unreal Engine Project/SpeedLimit_UniAzad/Saved/Config/Windows/Scalability.ini]
[2023.05.07-15.11.07:869][  0]LogConfig: Setting CVar [[r.HairStrands.SkyLighting.IntegrationType:2]]
[2023.05.07-15.11.07:869][  0]LogConfig: Setting CVar [[r.HairStrands.SkyAO.SampleCount:4]]
[2023.05.07-15.11.07:869][  0]LogConfig: Setting CVar [[r.HairStrands.Visibility.MSAA.SamplePerPixel:4]]
[2023.05.07-15.11.07:869][  0]LogInit: Selected Device Profile: [Windows]
[2023.05.07-15.11.07:869][  0]LogInit: Applying CVar settings loaded from the selected device profile: [Windows]
[2023.05.07-15.11.07:869][  0]LogHAL: Display: Platform has ~ 16 GB [16856285184 / 17179869184 / 16], which maps to Larger [LargestMinGB=32, LargerMinGB=12, DefaultMinGB=8, SmallerMinGB=6, SmallestMinGB=0)
[2023.05.07-15.11.07:869][  0]LogInit: Going up to parent DeviceProfile []
[2023.05.07-15.11.07:869][  0]LogConfig: Applying CVar settings from Section [ViewDistanceQuality@3] File [E:/Asus/Documents/GitHub/TheTroubleMakers/Unreal Engine Project/SpeedLimit_UniAzad/Saved/Config/Windows/Scalability.ini]
[2023.05.07-15.11.07:869][  0]LogConfig: Setting CVar [[r.SkeletalMeshLODBias:0]]
[2023.05.07-15.11.07:869][  0]LogConfig: Setting CVar [[r.ViewDistanceScale:1.0]]
[2023.05.07-15.11.07:869][  0]LogConfig: Applying CVar settings from Section [AntiAliasingQuality@3] File [E:/Asus/Documents/GitHub/TheTroubleMakers/Unreal Engine Project/SpeedLimit_UniAzad/Saved/Config/Windows/Scalability.ini]
[2023.05.07-15.11.07:869][  0]LogConfig: Setting CVar [[r.PostProcessAAQuality:4]]
[2023.05.07-15.11.07:869][  0]LogConfig: Applying CVar settings from Section [ShadowQuality@3] File [E:/Asus/Documents/GitHub/TheTroubleMakers/Unreal Engine Project/SpeedLimit_UniAzad/Saved/Config/Windows/Scalability.ini]
[2023.05.07-15.11.07:869][  0]LogConfig: Setting CVar [[r.LightFunctionQuality:1]]
[2023.05.07-15.11.07:869][  0]LogConfig: Setting CVar [[r.ShadowQuality:5]]
[2023.05.07-15.11.07:869][  0]LogConfig: Setting CVar [[r.Shadow.CSM.MaxCascades:10]]
[2023.05.07-15.11.07:869][  0]LogConfig: Setting CVar [[r.Shadow.MaxResolution:2048]]
[2023.05.07-15.11.07:869][  0]LogConfig: Setting CVar [[r.Shadow.MaxCSMResolution:2048]]
[2023.05.07-15.11.07:869][  0]LogConfig: Setting CVar [[r.Shadow.RadiusThreshold:0.01]]
[2023.05.07-15.11.07:869][  0]LogConfig: Setting CVar [[r.Shadow.DistanceScale:1.0]]
[2023.05.07-15.11.07:869][  0]LogConfig: Setting CVar [[r.Shadow.CSM.TransitionScale:1.0]]
[2023.05.07-15.11.07:869][  0]LogConfig: Setting CVar [[r.Shadow.PreShadowResolutionFactor:1.0]]
[2023.05.07-15.11.07:869][  0]LogConfig: Setting CVar [[r.DistanceFieldShadowing:1]]
[2023.05.07-15.11.07:869][  0]LogConfig: Setting CVar [[r.DistanceFieldAO:1]]
[2023.05.07-15.11.07:869][  0]LogConfig: Setting CVar [[r.AOQuality:2]]
[2023.05.07-15.11.07:869][  0]LogConfig: Setting CVar [[r.VolumetricFog:1]]
[2023.05.07-15.11.07:869][  0]LogConfig: Setting CVar [[r.VolumetricFog.GridPixelSize:8]]
[2023.05.07-15.11.07:869][  0]LogConfig: Setting CVar [[r.VolumetricFog.GridSizeZ:128]]
[2023.05.07-15.11.07:869][  0]LogConfig: Setting CVar [[r.VolumetricFog.HistoryMissSupersampleCount:4]]
[2023.05.07-15.11.07:869][  0]LogConfig: Setting CVar [[r.LightMaxDrawDistanceScale:1]]
[2023.05.07-15.11.07:869][  0]LogConfig: Setting CVar [[r.CapsuleShadows:1]]
[2023.05.07-15.11.07:869][  0]LogConfig: Applying CVar settings from Section [PostProcessQuality@3] File [E:/Asus/Documents/GitHub/TheTroubleMakers/Unreal Engine Project/SpeedLimit_UniAzad/Saved/Config/Windows/Scalability.ini]
[2023.05.07-15.11.07:869][  0]LogConfig: Setting CVar [[r.MotionBlurQuality:4]]
[2023.05.07-15.11.07:869][  0]LogConfig: Setting CVar [[r.AmbientOcclusionMipLevelFactor:0.4]]
[2023.05.07-15.11.07:869][  0]LogConfig: Setting CVar [[r.AmbientOcclusionMaxQuality:100]]
[2023.05.07-15.11.07:869][  0]LogConfig: Setting CVar [[r.AmbientOcclusionLevels:-1]]
[2023.05.07-15.11.07:869][  0]LogConfig: Setting CVar [[r.AmbientOcclusionRadiusScale:1.0]]
[2023.05.07-15.11.07:869][  0]LogConfig: Setting CVar [[r.DepthOfFieldQuality:2]]
[2023.05.07-15.11.07:869][  0]LogConfig: Setting CVar [[r.RenderTargetPoolMin:400]]
[2023.05.07-15.11.07:869][  0]LogConfig: Setting CVar [[r.LensFlareQuality:2]]
[2023.05.07-15.11.07:869][  0]LogConfig: Setting CVar [[r.SceneColorFringeQuality:1]]
[2023.05.07-15.11.07:869][  0]LogConfig: Setting CVar [[r.EyeAdaptationQuality:2]]
[2023.05.07-15.11.07:869][  0]LogConfig: Setting CVar [[r.BloomQuality:5]]
[2023.05.07-15.11.07:869][  0]LogConfig: Setting CVar [[r.FastBlurThreshold:100]]
[2023.05.07-15.11.07:869][  0]LogConfig: Setting CVar [[r.Upscale.Quality:3]]
[2023.05.07-15.11.07:869][  0]LogConfig: Setting CVar [[r.Tonemapper.GrainQuantization:1]]
[2023.05.07-15.11.07:869][  0]LogConfig: Setting CVar [[r.LightShaftQuality:1]]
[2023.05.07-15.11.07:869][  0]LogConfig: Setting CVar [[r.Filter.SizeScale:1]]
[2023.05.07-15.11.07:869][  0]LogConfig: Setting CVar [[r.Tonemapper.Quality:5]]
[2023.05.07-15.11.07:869][  0]LogConfig: Setting CVar [[r.DOF.Gather.AccumulatorQuality:1        ; higher gathering accumulator quality]]
[2023.05.07-15.11.07:869][  0]LogConfig: Setting CVar [[r.DOF.Gather.PostfilterMethod:1          ; Median3x3 postfilering method]]
[2023.05.07-15.11.07:869][  0]LogConfig: Setting CVar [[r.DOF.Gather.EnableBokehSettings:0       ; no bokeh simulation when gathering]]
[2023.05.07-15.11.07:869][  0]LogConfig: Setting CVar [[r.DOF.Gather.RingCount:4                 ; medium number of samples when gathering]]
[2023.05.07-15.11.07:869][  0]LogConfig: Setting CVar [[r.DOF.Scatter.ForegroundCompositing:1    ; additive foreground scattering]]
[2023.05.07-15.11.07:869][  0]LogConfig: Setting CVar [[r.DOF.Scatter.BackgroundCompositing:2    ; additive background scattering]]
[2023.05.07-15.11.07:869][  0]LogConfig: Setting CVar [[r.DOF.Scatter.EnableBokehSettings:1      ; bokeh simulation when scattering]]
[2023.05.07-15.11.07:869][  0]LogConfig: Setting CVar [[r.DOF.Scatter.MaxSpriteRatio:0.1         ; only a maximum of 10% of scattered bokeh]]
[2023.05.07-15.11.07:869][  0]LogConfig: Setting CVar [[r.DOF.Recombine.Quality:1                ; cheap slight out of focus]]
[2023.05.07-15.11.07:870][  0]LogConfig: Setting CVar [[r.DOF.Recombine.EnableBokehSettings:0    ; no bokeh simulation on slight out of focus]]
[2023.05.07-15.11.07:870][  0]LogConfig: Setting CVar [[r.DOF.TemporalAAQuality:1                ; more stable temporal accumulation]]
[2023.05.07-15.11.07:870][  0]LogConfig: Setting CVar [[r.DOF.Kernel.MaxForegroundRadius:0.025]]
[2023.05.07-15.11.07:870][  0]LogConfig: Setting CVar [[r.DOF.Kernel.MaxBackgroundRadius:0.025]]
[2023.05.07-15.11.07:870][  0]LogConfig: Applying CVar settings from Section [TextureQuality@3] File [E:/Asus/Documents/GitHub/TheTroubleMakers/Unreal Engine Project/SpeedLimit_UniAzad/Saved/Config/Windows/Scalability.ini]
[2023.05.07-15.11.07:870][  0]LogConfig: Setting CVar [[r.Streaming.MipBias:0]]
[2023.05.07-15.11.07:870][  0]LogConfig: Setting CVar [[r.Streaming.AmortizeCPUToGPUCopy:0]]
[2023.05.07-15.11.07:870][  0]LogConfig: Setting CVar [[r.Streaming.MaxNumTexturesToStreamPerFrame:0]]
[2023.05.07-15.11.07:870][  0]LogConfig: Setting CVar [[r.Streaming.Boost:1]]
[2023.05.07-15.11.07:870][  0]LogConfig: Setting CVar [[r.MaxAnisotropy:8]]
[2023.05.07-15.11.07:870][  0]LogConfig: Setting CVar [[r.VT.MaxAnisotropy:8]]
[2023.05.07-15.11.07:870][  0]LogConfig: Setting CVar [[r.Streaming.LimitPoolSizeToVRAM:0]]
[2023.05.07-15.11.07:870][  0]LogConfig: Setting CVar [[r.Streaming.PoolSize:1000]]
[2023.05.07-15.11.07:870][  0]LogConfig: Setting CVar [[r.Streaming.MaxEffectiveScreenSize:0]]
[2023.05.07-15.11.07:870][  0]LogConfig: Applying CVar settings from Section [EffectsQuality@3] File [E:/Asus/Documents/GitHub/TheTroubleMakers/Unreal Engine Project/SpeedLimit_UniAzad/Saved/Config/Windows/Scalability.ini]
[2023.05.07-15.11.07:870][  0]LogConfig: Setting CVar [[r.TranslucencyLightingVolumeDim:64]]
[2023.05.07-15.11.07:870][  0]LogConfig: Setting CVar [[r.RefractionQuality:2]]
[2023.05.07-15.11.07:870][  0]LogConfig: Setting CVar [[r.SSR.Quality:3]]
[2023.05.07-15.11.07:870][  0]LogConfig: Setting CVar [[r.SSR.HalfResSceneColor:0]]
[2023.05.07-15.11.07:870][  0]LogConfig: Setting CVar [[r.SceneColorFormat:4]]
[2023.05.07-15.11.07:870][  0]LogConfig: Setting CVar [[r.DetailMode:2]]
[2023.05.07-15.11.07:870][  0]LogConfig: Setting CVar [[r.TranslucencyVolumeBlur:1]]
[2023.05.07-15.11.07:870][  0]LogConfig: Setting CVar [[r.MaterialQualityLevel:1 ; High quality]]
[2023.05.07-15.11.07:870][  0]LogConfig: Setting CVar [[r.AnisotropicMaterials:1]]
[2023.05.07-15.11.07:870][  0]LogConfig: Setting CVar [[r.SSS.Scale:1]]
[2023.05.07-15.11.07:870][  0]LogConfig: Setting CVar [[r.SSS.SampleSet:2]]
[2023.05.07-15.11.07:870][  0]LogConfig: Setting CVar [[r.SSS.Quality:1]]
[2023.05.07-15.11.07:870][  0]LogConfig: Setting CVar [[r.SSS.HalfRes:0]]
[2023.05.07-15.11.07:870][  0]LogConfig: Setting CVar [[r.SSGI.Quality:3]]
[2023.05.07-15.11.07:870][  0]LogConfig: Setting CVar [[r.EmitterSpawnRateScale:1.0]]
[2023.05.07-15.11.07:870][  0]LogConfig: Setting CVar [[r.ParticleLightQuality:2]]
[2023.05.07-15.11.07:870][  0]LogConfig: Setting CVar [[r.SkyAtmosphere.AerialPerspectiveLUT.FastApplyOnOpaque:1 ; Always have FastSkyLUT 1 in this case to avoid wrong sky]]
[2023.05.07-15.11.07:870][  0]LogConfig: Setting CVar [[r.SkyAtmosphere.AerialPerspectiveLUT.SampleCountMaxPerSlice:4]]
[2023.05.07-15.11.07:870][  0]LogConfig: Setting CVar [[r.SkyAtmosphere.AerialPerspectiveLUT.DepthResolution:16.0]]
[2023.05.07-15.11.07:870][  0]LogConfig: Setting CVar [[r.SkyAtmosphere.FastSkyLUT:1]]
[2023.05.07-15.11.07:870][  0]LogConfig: Setting CVar [[r.SkyAtmosphere.FastSkyLUT.SampleCountMin:4.0]]
[2023.05.07-15.11.07:870][  0]LogConfig: Setting CVar [[r.SkyAtmosphere.FastSkyLUT.SampleCountMax:128.0]]
[2023.05.07-15.11.07:870][  0]LogConfig: Setting CVar [[r.SkyAtmosphere.SampleCountMin:4.0]]
[2023.05.07-15.11.07:870][  0]LogConfig: Setting CVar [[r.SkyAtmosphere.SampleCountMax:128.0]]
[2023.05.07-15.11.07:870][  0]LogConfig: Setting CVar [[r.SkyAtmosphere.TransmittanceLUT.UseSmallFormat:0]]
[2023.05.07-15.11.07:870][  0]LogConfig: Setting CVar [[r.SkyAtmosphere.TransmittanceLUT.SampleCount:10.0]]
[2023.05.07-15.11.07:870][  0]LogConfig: Setting CVar [[r.SkyAtmosphere.MultiScatteringLUT.SampleCount:15.0]]
[2023.05.07-15.11.07:870][  0]LogConfig: Setting CVar [[r.SkyLight.RealTimeReflectionCapture:1]]
[2023.05.07-15.11.07:870][  0]LogConfig: Applying CVar settings from Section [FoliageQuality@3] File [E:/Asus/Documents/GitHub/TheTroubleMakers/Unreal Engine Project/SpeedLimit_UniAzad/Saved/Config/Windows/Scalability.ini]
[2023.05.07-15.11.07:870][  0]LogConfig: Setting CVar [[foliage.DensityScale:1.0]]
[2023.05.07-15.11.07:870][  0]LogConfig: Setting CVar [[grass.DensityScale:1.0]]
[2023.05.07-15.11.07:870][  0]LogConfig: Applying CVar settings from Section [ShadingQuality@3] File [E:/Asus/Documents/GitHub/TheTroubleMakers/Unreal Engine Project/SpeedLimit_UniAzad/Saved/Config/Windows/Scalability.ini]
[2023.05.07-15.11.07:870][  0]LogConfig: Setting CVar [[r.HairStrands.SkyLighting.IntegrationType:2]]
[2023.05.07-15.11.07:870][  0]LogConfig: Setting CVar [[r.HairStrands.SkyAO.SampleCount:4]]
[2023.05.07-15.11.07:870][  0]LogConfig: Setting CVar [[r.HairStrands.Visibility.MSAA.SamplePerPixel:4]]
[2023.05.07-15.11.07:870][  0]LogConfig: Applying CVar settings from Section [Startup] File [../../../Engine/Config/ConsoleVariables.ini]
[2023.05.07-15.11.07:870][  0]LogConfig: Setting CVar [[net.UseAdaptiveNetUpdateFrequency:0]]
[2023.05.07-15.11.07:870][  0]LogConfig: Setting CVar [[p.chaos.AllowCreatePhysxBodies:1]]
[2023.05.07-15.11.07:870][  0]LogConfig: Setting CVar [[fx.SkipVectorVMBackendOptimizations:1]]
[2023.05.07-15.11.07:870][  0]LogConfig: Applying CVar settings from Section [ConsoleVariables] File [E:/Asus/Documents/GitHub/TheTroubleMakers/Unreal Engine Project/SpeedLimit_UniAzad/Saved/Config/Windows/Engine.ini]
[2023.05.07-15.11.07:870][  0]LogConfig: Applying CVar settings from Section [ConsoleVariables] File [E:/Asus/Documents/GitHub/TheTroubleMakers/Unreal Engine Project/SpeedLimit_UniAzad/Saved/Config/Windows/Editor.ini]
[2023.05.07-15.11.07:870][  0]LogInit: Computer: LAPTOP-ENHDEN5K
[2023.05.07-15.11.07:870][  0]LogInit: User: Asus
[2023.05.07-15.11.07:870][  0]LogInit: CPU Page size=4096, Cores=4
[2023.05.07-15.11.07:870][  0]LogInit: High frequency timer resolution =10.000000 MHz
[2023.05.07-15.11.07:870][  0]LogMemory: Memory total: Physical=15.7GB (16GB approx)
[2023.05.07-15.11.07:870][  0]LogMemory: Platform Memory Stats for Windows
[2023.05.07-15.11.07:870][  0]LogMemory: Process Physical Memory: 142.07 MB used, 142.07 MB peak
[2023.05.07-15.11.07:870][  0]LogMemory: Process Virtual Memory: 133.21 MB used, 133.21 MB peak
[2023.05.07-15.11.07:870][  0]LogMemory: Physical Memory: 9050.07 MB used,  7025.34 MB free, 16075.41 MB total
[2023.05.07-15.11.07:870][  0]LogMemory: Virtual Memory: 134210200.00 MB used,  7526.87 MB free, 134217728.00 MB total
[2023.05.07-15.11.07:876][  0]LogWindows: WindowsPlatformFeatures enabled
[2023.05.07-15.11.07:902][  0]LogInit: Physics initialised using underlying interface: PhysX
[2023.05.07-15.11.07:904][  0]LogInit: Using OS detected language (en-US).
[2023.05.07-15.11.07:904][  0]LogInit: Using OS detected locale (en-US).
[2023.05.07-15.11.07:905][  0]LogTextLocalizationManager: No specific localization for 'en-US' exists, so the 'en' localization will be used.
[2023.05.07-15.11.08:054][  0]LogInit: Setting process to per monitor DPI aware
[2023.05.07-15.11.08:069][  0]LogWindowsTextInputMethodSystem: Display: IME system deactivated.
[2023.05.07-15.11.08:080][  0]LogSlate: New Slate User Created.  User Index 0, Is Virtual User: 0
[2023.05.07-15.11.08:080][  0]LogSlate: Slate User Registered.  User Index 0, Is Virtual User: 0
[2023.05.07-15.11.08:169][  0]LogD3D11RHI: Loaded GFSDK_Aftermath_Lib.x64.dll
[2023.05.07-15.11.08:197][  0]LogHMD: Failed to initialize OpenVR with code 110
[2023.05.07-15.11.08:197][  0]LogD3D11RHI: D3D11 min allowed feature level: 11_0
[2023.05.07-15.11.08:197][  0]LogD3D11RHI: D3D11 max allowed feature level: 11_0
[2023.05.07-15.11.08:197][  0]LogD3D11RHI: D3D11 adapters:
[2023.05.07-15.11.08:303][  0]LogD3D11RHI:    0. 'NVIDIA GeForce MX450' (Feature Level 11_0)
[2023.05.07-15.11.08:303][  0]LogD3D11RHI:       1920/0/8037 MB DedicatedVideo/DedicatedSystem/SharedSystem, Outputs:2, VendorId:0x10de
[2023.05.07-15.11.08:326][  0]LogD3D11RHI:    1. 'Intel(R) Iris(R) Xe Graphics' (Feature Level 11_0)
[2023.05.07-15.11.08:326][  0]LogD3D11RHI:       128/0/8037 MB DedicatedVideo/DedicatedSystem/SharedSystem, Outputs:0, VendorId:0x8086
[2023.05.07-15.11.08:327][  0]LogD3D11RHI:    2. 'Microsoft Basic Render Driver' (Feature Level 11_0)
[2023.05.07-15.11.08:327][  0]LogD3D11RHI:       0/0/8037 MB DedicatedVideo/DedicatedSystem/SharedSystem, Outputs:0, VendorId:0x1414
[2023.05.07-15.11.08:327][  0]LogD3D11RHI: Chosen D3D11 Adapter: 0
[2023.05.07-15.11.08:333][  0]LogD3D11RHI: Creating new Direct3DDevice
[2023.05.07-15.11.08:333][  0]LogD3D11RHI:     GPU DeviceId: 0x1f97 (for the marketing name, search the web for "GPU Device Id")
[2023.05.07-15.11.08:333][  0]LogWindows: EnumDisplayDevices:
[2023.05.07-15.11.08:333][  0]LogWindows:    0. 'Intel(R) Iris(R) Xe Graphics' (P:1 D:1)
[2023.05.07-15.11.08:334][  0]LogWindows:    1. 'Intel(R) Iris(R) Xe Graphics' (P:0 D:1)
[2023.05.07-15.11.08:334][  0]LogWindows:    2. 'Intel(R) Iris(R) Xe Graphics' (P:0 D:0)
[2023.05.07-15.11.08:334][  0]LogWindows:    3. 'Intel(R) Iris(R) Xe Graphics' (P:0 D:0)
[2023.05.07-15.11.08:334][  0]LogWindows: DebugString: PrimaryIsNotTheChoosenAdapter PrimaryIsNotTheChoosenAdapter PrimaryIsNotTheChoosenAdapter PrimaryIsNotTheChoosenAdapter FoundDriverCount:0 
[2023.05.07-15.11.08:334][  0]LogD3D11RHI:     Adapter Name: NVIDIA GeForce MX450
[2023.05.07-15.11.08:334][  0]LogD3D11RHI:   Driver Version: Unknown (internal:Unknown, unified:Unknown)
[2023.05.07-15.11.08:334][  0]LogD3D11RHI:      Driver Date: Unknown
[2023.05.07-15.11.08:334][  0]LogRHI: Texture pool is 1344 MB (70% of 1920 MB)
[2023.05.07-15.11.08:390][  0]LogD3D11RHI: RHI has support for 64 bit atomics
[2023.05.07-15.11.08:390][  0]LogD3D11RHI: Async texture creation enabled
[2023.05.07-15.11.08:390][  0]LogD3D11RHI: Array index from any shader is supported
[2023.05.07-15.11.08:401][  0]LogD3D11RHI: GPU Timing Frequency: 1000.000000 (Debug: 2 1)
[2023.05.07-15.11.08:419][  0]LogRHI: GeForceNow SDK initialized: 1
[2023.05.07-15.11.08:641][  0]LogTargetPlatformManager: Display: Loaded TargetPlatform 'AllDesktop'
[2023.05.07-15.11.08:656][  0]LogTargetPlatformManager: Display: Loaded TargetPlatform 'Android'
[2023.05.07-15.11.08:656][  0]LogTargetPlatformManager: Display: Loaded TargetPlatform 'Android_ASTC'
[2023.05.07-15.11.08:656][  0]LogTargetPlatformManager: Display: Loaded TargetPlatform 'Android_DXT'
[2023.05.07-15.11.08:656][  0]LogTargetPlatformManager: Display: Loaded TargetPlatform 'Android_ETC2'
[2023.05.07-15.11.08:656][  0]LogTargetPlatformManager: Display: Loaded TargetPlatform 'AndroidClient'
[2023.05.07-15.11.08:656][  0]LogTargetPlatformManager: Display: Loaded TargetPlatform 'Android_ASTCClient'
[2023.05.07-15.11.08:656][  0]LogTargetPlatformManager: Display: Loaded TargetPlatform 'Android_DXTClient'
[2023.05.07-15.11.08:656][  0]LogTargetPlatformManager: Display: Loaded TargetPlatform 'Android_ETC2Client'
[2023.05.07-15.11.08:656][  0]LogTargetPlatformManager: Display: Loaded TargetPlatform 'Android_Multi'
[2023.05.07-15.11.08:656][  0]LogTargetPlatformManager: Display: Loaded TargetPlatform 'Android_MultiClient'
[2023.05.07-15.11.08:669][  0]LogTargetPlatformManager: Display: Loaded TargetPlatform 'IOSClient'
[2023.05.07-15.11.08:669][  0]LogTargetPlatformManager: Display: Loaded TargetPlatform 'IOS'
[2023.05.07-15.11.08:675][  0]LogTargetPlatformManager: Display: Loaded TargetPlatform 'Linux'
[2023.05.07-15.11.08:679][  0]LogTargetPlatformManager: Display: Loaded TargetPlatform 'LinuxNoEditor'
[2023.05.07-15.11.08:682][  0]LogTargetPlatformManager: Display: Loaded TargetPlatform 'LinuxClient'
[2023.05.07-15.11.08:685][  0]LogTargetPlatformManager: Display: Loaded TargetPlatform 'LinuxServer'
[2023.05.07-15.11.08:691][  0]LogTargetPlatformManager: Display: Loaded TargetPlatform 'LinuxAArch64NoEditor'
[2023.05.07-15.11.08:693][  0]LogTargetPlatformManager: Display: Loaded TargetPlatform 'LinuxAArch64Client'
[2023.05.07-15.11.08:696][  0]LogTargetPlatformManager: Display: Loaded TargetPlatform 'LinuxAArch64Server'
[2023.05.07-15.11.08:711][  0]LogTargetPlatformManager: Display: Loaded TargetPlatform 'Lumin'
[2023.05.07-15.11.08:711][  0]LogTargetPlatformManager: Display: Loaded TargetPlatform 'LuminClient'
[2023.05.07-15.11.08:717][  0]LogTargetPlatformManager: Display: Loaded TargetPlatform 'MacNoEditor'
[2023.05.07-15.11.08:720][  0]LogTargetPlatformManager: Display: Loaded TargetPlatform 'Mac'
[2023.05.07-15.11.08:723][  0]LogTargetPlatformManager: Display: Loaded TargetPlatform 'MacClient'
[2023.05.07-15.11.08:726][  0]LogTargetPlatformManager: Display: Loaded TargetPlatform 'MacServer'
[2023.05.07-15.11.08:734][  0]LogTargetPlatformManager: Display: Loaded TargetPlatform 'TVOSClient'
[2023.05.07-15.11.08:734][  0]LogTargetPlatformManager: Display: Loaded TargetPlatform 'TVOS'
[2023.05.07-15.11.08:741][  0]LogTargetPlatformManager: Display: Loaded TargetPlatform 'WindowsNoEditor'
[2023.05.07-15.11.08:744][  0]LogTargetPlatformManager: Display: Loaded TargetPlatform 'Windows'
[2023.05.07-15.11.08:746][  0]LogTargetPlatformManager: Display: Loaded TargetPlatform 'WindowsClient'
[2023.05.07-15.11.08:749][  0]LogTargetPlatformManager: Display: Loaded TargetPlatform 'WindowsServer'
[2023.05.07-15.11.08:749][  0]LogTargetPlatformManager: Display: Building Assets For Windows
[2023.05.07-15.11.08:754][  0]LogAudioDebug: Display: Lib vorbis DLL was dynamically loaded.
[2023.05.07-15.11.08:771][  0]LogTextureFormatOodle: Display: Oodle Texture 2.9.0 init RDO Off
[2023.05.07-15.11.08:791][  0]LogRendererCore: Ray tracing is disabled. Reason: r.RayTracing=0.
[2023.05.07-15.11.08:791][  0]LogShaderCompilers: Guid format shader working directory is -53 characters bigger than the processId version (../../../../../../Asus/Documents/GitHub/TheTroubleMakers/Unreal Engine Project/SpeedLimit_UniAzad/Intermediate/Shaders/WorkingDirectory/14340/).
[2023.05.07-15.11.08:791][  0]LogShaderCompilers: Cleaned the shader compiler working directory 'C:/Users/Asus/AppData/Local/Temp/UnrealShaderWorkingDir/50C809C2479CB969214E12BD94355903/'.
[2023.05.07-15.11.08:791][  0]LogXGEController: Cannot use XGE Controller as Incredibuild is not installed on this machine.
[2023.05.07-15.11.08:791][  0]LogShaderCompilers: Cannot use XGE Shader Compiler as Incredibuild is not installed on this machine.
[2023.05.07-15.11.08:791][  0]LogShaderCompilers: Display: Using Local Shader Compiler.
[2023.05.07-15.11.09:365][  0]LogDerivedDataCache: Display: Max Cache Size: 512 MB
[2023.05.07-15.11.09:409][  0]LogDerivedDataCache: Loaded boot cache 0.04s 95MB C:/Users/Asus/AppData/Local/UnrealEngine/4.27/DerivedDataCache/Boot.ddc.
[2023.05.07-15.11.09:409][  0]LogDerivedDataCache: Display: Loaded Boot cache: C:/Users/Asus/AppData/Local/UnrealEngine/4.27/DerivedDataCache/Boot.ddc
[2023.05.07-15.11.09:409][  0]LogDerivedDataCache: FDerivedDataBackendGraph:  Pak pak cache file ../../../../../../Asus/Documents/GitHub/TheTroubleMakers/Unreal Engine Project/SpeedLimit_UniAzad/DerivedDataCache/DDC.ddp not found, will not use a pak cache.
[2023.05.07-15.11.09:409][  0]LogDerivedDataCache: Unable to find inner node Pak for hierarchical cache Hierarchy.
[2023.05.07-15.11.09:409][  0]LogDerivedDataCache: FDerivedDataBackendGraph:  CompressedPak pak cache file ../../../../../../Asus/Documents/GitHub/TheTroubleMakers/Unreal Engine Project/SpeedLimit_UniAzad/DerivedDataCache/Compressed.ddp not found, will not use a pak cache.
[2023.05.07-15.11.09:409][  0]LogDerivedDataCache: Unable to find inner node CompressedPak for hierarchical cache Hierarchy.
[2023.05.07-15.11.09:421][  0]LogDerivedDataCache: Display: Pak cache opened for reading ../../../Engine/DerivedDataCache/Compressed.ddp.
[2023.05.07-15.11.09:421][  0]LogDerivedDataCache: FDerivedDataBackendGraph:  EnterprisePak pak cache file ../../../Enterprise/DerivedDataCache/Compressed.ddp not found, will not use a pak cache.
[2023.05.07-15.11.09:421][  0]LogDerivedDataCache: Unable to find inner node EnterprisePak for hierarchical cache Hierarchy.
[2023.05.07-15.11.09:427][  0]LogDerivedDataCache: Speed tests for C:/Users/Asus/AppData/Local/UnrealEngine/Common/DerivedDataCache took 0.01 seconds
[2023.05.07-15.11.09:427][  0]LogDerivedDataCache: Display: Performance to C:/Users/Asus/AppData/Local/UnrealEngine/Common/DerivedDataCache: Latency=0.01ms. RandomReadSpeed=1492.99MBs, RandomWriteSpeed=207.85MBs. Assigned SpeedClass 'Local'
[2023.05.07-15.11.09:427][  0]LogDerivedDataCache: Using Local data cache path C:/Users/Asus/AppData/Local/UnrealEngine/Common/DerivedDataCache: Writable
[2023.05.07-15.11.09:428][  0]LogDerivedDataCache: Shared data cache path not found in *engine.ini, will not use an Shared cache.
[2023.05.07-15.11.09:428][  0]LogDerivedDataCache: Unable to find inner node Shared for hierarchical cache Hierarchy.
[2023.05.07-15.11.09:462][  0]LogSlate: Using FreeType 2.10.0
[2023.05.07-15.11.09:463][  0]LogSlate: SlateFontServices - WITH_FREETYPE: 1, WITH_HARFBUZZ: 1
[2023.05.07-15.11.09:481][  0]LogAssetRegistry: FAssetRegistry took 0.0021 seconds to start up
[2023.05.07-15.11.09:654][  0]LogInit: Selected Device Profile: [Windows]
[2023.05.07-15.11.09:654][  0]LogInit: Active device profile: [0000020314922C00][000002030590ED80 49] Windows
[2023.05.07-15.11.09:654][  0]LogInit: Profiles: [0000020314922C00][000002030590ED80 49] Windows, [00000203148D0C00][0000020305913040 49] WindowsNoEditor, [0000020314922800][000002030591B300 49] WindowsServer, [0000020314921700][000002030592B5C0 49] WindowsClient, [0000020314922900][000002030BD9F880 49] IOS, [00000203148D2200][000002030BC2DB40 49] iPadAir, [00000203148CC300][000002030BC48280 49] iPadAir2, [00000203146E1300][00000203138E27C0 49] IPadPro, [00000203146E1400][000002030D50A800 49] iPadAir3, [00000203148CC200][000002030D512AC0 49] iPadAir4, [00000203146E0200][000002030590AD40 49] iPadMini2, [00000203148CC100][000002030D50EFC0 49] iPadMini3, [00000203146E2C00][0000020310A61280 49] iPadMini4, [00000203148CFB00][0000020313873540 49] iPadMini5, [00000203148D3700][000002031388FA80 49] iPhone6, [00000203148D3000][0000020313877AC0 49] iPodTouch6, [00000203146E3C00][000002031389E480 49] iPhone7, [00000203146E3B00][00000203138864C0 49] iPodTouch7, [00000203148D0300][000002031388A780 49] iPhone5S, [00000203146E0A00][0000020313882A40 49] iPhone6Plus, [00000203148D3300][000002031389AD00 49] iPhone6S, [00000203146E3800][00000203138DEF80 49] iPhone6SPlus, [00000203148D3F00][00000203138CD200 49] iPhone7Plus, [00000203146E1000][00000203138D54C0 49] iPhoneSE, [00000203148D0200][0000020313705780 49] iPhone8, [00000203146E1F00][0000020313735A40 49] iPhone8Plus, [00000203148D1200][0000020313748180 49] iPhoneX, [00000203146E1C00][00000203138D8440 49] iPhoneXS, [00000203148D2900][000002031375A700 49] iPhoneXSMax, [00000203146E3200][000002030BD869C0 49] iPhoneXR, [00000203148D1400][000002030BD8AC80 49] iPhone11, [00000203146E1B00][000002030BD8EF40 49] iPhone11Pro, [00000203148D2300][00000203138D11C0 49] iPhone11ProMax, [00000203146E1700][000002030BD93440 49] iPhoneSE2, [00000203148D1E00][000002030BD9B700 49] iPhone12Mini, [00000203146E2500][000002030D5079C0 49] iPhone12, [00000203148D3100][0000020310B02100 49] iPhone12Pro, [00000203146E3F00][0000020310B063C0 49] iPhone12ProMax, [00000203148D0700][0000020310B0A680 49] iPadPro105, [00000203146E0E00][000002030BC1E940 49] iPadPro129, [00000203148D3800][000002030BC22C00 49] iPadPro97, [00000203146E0600][000002030BC26EC0 49] iPadPro2_129, [00000203148D0F00][000002030B0AB180 49] iPad5, [00000203146E1600][000002030BD97400 49] iPad6, [00000203148D2600][000002030B0B3680 49] iPad7, [00000203146E3400][000002030B0BB940 49] iPad8, [00000203148D1D00][000002030B0C3C00 49] iPadPro11, [00000203146E1900][000002030B0CA340 49] iPadPro2_11, [00000203148D1800][000002030B0CE600 49] iPadPro3_129, [00000203146E1800][000002030B0D28C0 49] iPadPro4_129, [00000203148D2C00][000002030B0DAB80 49] AppleTV, [00000203146E3D00][000002030B0EAE40 49] AppleTV4K, [00000203148D0600][0000020313257100 49] TVOS, [00000203146E3E00][000002031328B3C0 49] Mac, [00000203148D0B00][000002030B0B7640 49] MacClient, [00000203146E3A00][00000203132A58C0 49] MacNoEditor, [00000203148D1500][00000203132ADB80 49] MacServer, [00000203146E2100][00000203132B02C0 49] Linux, [00000203148D3600][00000203135FE580 49] LinuxAArch64, [00000203146E0100][0000020313324840 49] LinuxNoEditor, [00000203148D3E00][000002031332EB00 49] LinuxAArch64NoEditor, [00000203146E2E00][0000020313332DC0 49] LinuxClient, [00000203148D2D00][0000020313337080 49] LinuxAArch64Client, [00000203146E0900][000002031333B340 49] LinuxServer, [00000203148D1900][000002031333F600 49] LinuxAArch64Server, [00000203146E3000][00000203132A9880 49] Android, [00000203148D1F00][0000020313343B00 49] Android_Low, [00000203146E3300][000002031334A240 49] Android_Mid, [00000203148D3D00][000002030BBB2500 49] Android_High, [0000020314920200][000002030BBB67C0 49] Android_Default, [00000203148CE400][000002030BBBAA80 49] Android_Adreno4xx, [0000020314922000][0000020313980D40 49] Android_Adreno5xx_Low, [00000203148CCF00][0000020313985000 49] Android_Adreno5xx, [0000020314921300][00000203139892C0 49] Android_Adreno6xx, [00000203148CC800][000002031398D580 49] Android_Adreno6xx_Vulkan, [0000020314921100][0000020313991840 49] Android_Mali_T6xx, [00000203148CF100][0000020313347AC0 49] Android_Mali_T7xx, [0000020314920500][0000020310AFC1C0 49] Android_Mali_T8xx, [00000203148CFD00][000002030BBCE480 49] Android_Mali_G71, [0000020314920300][000002030BBDC740 49] Android_Mali_G72, [00000203148CDA00][000002030BBE0A00 49] Android_Mali_G72_Vulkan, [0000020314921500][000002030BBE4CC0 49] Android_Mali_G76, [00000203148CC600][000002030BBE8F80 49] Android_Mali_G76_Vulkan, [0000020314920600][000002031314D240 49] Android_Mali_G77, [00000203148CE000][0000020313151500 49] Android_Mali_G77_Vulkan, [0000020314921B00][00000203131557C0 49] Android_Mali_G78, [00000203148CCC00][00000203131E1A80 49] Android_Mali_G78_Vulkan, [0000020314920B00][000002030BBCA180 49] Android_Mali_G710, [00000203148CE600][000002030BBD2400 49] Android_Mali_G710_Vulkan, [0000020314920700][00000203131E46C0 49] Android_Vulkan_SM5, [00000203148CF800][00000203131E8980 49] Android_PowerVR_G6xxx, [0000020314922200][00000203131ECC40 49] Android_PowerVR_GT7xxx, [00000203148CF000][00000203131F0F00 49] Android_PowerVR_GE8xxx, [00000203148D3200][00000203131F51C0 49] Android_PowerVR_GM9xxx, [00000203146E2800][000002030B0D7480 49] Android_PowerVR_GM9xxx_Vulkan, [00000203148CF900][000002030B0C7740 49] Android_TegraK1, [00000203146E2300][000002030B0BFA00 49] Android_Unknown_Vulkan, [00000203148CE900][0000020313756140 49] Lumin, [0000020314922E00][000002030BBC63C0 49] Lumin_Desktop, [00000203148D1700][0000020313708640 49] HoloLens, 
[2023.05.07-15.11.09:746][  0]LogMeshReduction: Using QuadricMeshReduction for automatic static mesh reduction
[2023.05.07-15.11.09:746][  0]LogMeshReduction: Using SimplygonMeshReduction for automatic skeletal mesh reduction
[2023.05.07-15.11.09:746][  0]LogMeshReduction: Using ProxyLODMeshReduction for automatic mesh merging
[2023.05.07-15.11.09:746][  0]LogMeshReduction: No distributed automatic mesh merging module available
[2023.05.07-15.11.09:746][  0]LogMeshMerging: No distributed automatic mesh merging module available
[2023.05.07-15.11.09:756][  0]LogNetVersion: SpeedLimit_UniAzad 1.0.0, NetCL: 17155196, EngineNetVer: 17, GameNetVer: 0 (Checksum: 2338214234)
[2023.05.07-15.11.10:021][  0]LogTexture: Default maximum texture size for cubemaps generated from long-lat sources has been changed from 512 to unlimited. In order to preserve old behaiour for '/Engine/MapTemplates/Sky/DaylightAmbientCubemap.DaylightAmbientCubemap', its maximum texture size has been explicitly set to 512.
[2023.05.07-15.11.10:060][  0]LogHMD: PokeAHoleMaterial loaded successfully
[2023.05.07-15.11.10:065][  0]LogUObjectArray: 17178 objects as part of root set at end of initial load.
[2023.05.07-15.11.10:065][  0]LogUObjectAllocator: 4301856 out of 0 bytes used by permanent object pool.
[2023.05.07-15.11.10:065][  0]LogUObjectArray: CloseDisregardForGC: 0/0 objects in disregard for GC pool
[2023.05.07-15.11.10:233][  0]LogNiagaraDebuggerClient: Niagara Debugger Client Initialized | Session: 9658C0424DA717ACCF8C4DA991213AA1 | Instance: 19378AB840EDFD2500781BB55EF69800 (LAPTOP-ENHDEN5K-14340).
[2023.05.07-15.11.10:245][  0]LogStreaming: Warning: Failed to read file '../../../Engine/Content/Editor/Slate/Niagara/MenuSeparator.png' error.
[2023.05.07-15.11.10:245][  0]LogSlate: Could not find file for Slate resource: ../../../Engine/Content/Editor/Slate/Niagara/MenuSeparator.png
[2023.05.07-15.11.10:245][  0]LogStreaming: Warning: Failed to read file '../../../Engine/Content/Editor/Slate/Niagara/Common/Selector.png' error.
[2023.05.07-15.11.10:245][  0]LogSlate: Could not find file for Slate resource: ../../../Engine/Content/Editor/Slate/Niagara/Common/Selector.png
[2023.05.07-15.11.10:245][  0]LogStreaming: Warning: Failed to read file '../../../Engine/Content/Editor/Slate/Niagara/Common/Selection.png' error.
[2023.05.07-15.11.10:245][  0]LogSlate: Could not find file for Slate resource: ../../../Engine/Content/Editor/Slate/Niagara/Common/Selection.png
[2023.05.07-15.11.10:245][  0]LogStreaming: Warning: Failed to read file '../../../Engine/Content/Editor/Slate/Niagara/Common/DropZoneIndicator_Above.png' error.
[2023.05.07-15.11.10:245][  0]LogSlate: Could not find file for Slate resource: ../../../Engine/Content/Editor/Slate/Niagara/Common/DropZoneIndicator_Above.png
[2023.05.07-15.11.10:245][  0]LogStreaming: Warning: Failed to read file '../../../Engine/Content/Editor/Slate/Niagara/Common/DropZoneIndicator_Onto.png' error.
[2023.05.07-15.11.10:245][  0]LogSlate: Could not find file for Slate resource: ../../../Engine/Content/Editor/Slate/Niagara/Common/DropZoneIndicator_Onto.png
[2023.05.07-15.11.10:245][  0]LogImageWrapper: Warning: PNG Warning: Duplicate iCCP chunk
[2023.05.07-15.11.10:245][  0]LogStreaming: Warning: Failed to read file '../../../Engine/Content/Editor/Slate/Niagara/Common/DropZoneIndicator_Below.png' error.
[2023.05.07-15.11.10:245][  0]LogSlate: Could not find file for Slate resource: ../../../Engine/Content/Editor/Slate/Niagara/Common/DropZoneIndicator_Below.png
[2023.05.07-15.11.10:245][  0]LogStreaming: Warning: Failed to read file '../../../Engine/Content/Editor/Slate/Niagara/Common/RoundedSelection_16x.png' error.
[2023.05.07-15.11.10:245][  0]LogSlate: Could not find file for Slate resource: ../../../Engine/Content/Editor/Slate/Niagara/Common/RoundedSelection_16x.png
[2023.05.07-15.11.10:245][  0]LogStreaming: Warning: Failed to read file '../../../Engine/Content/Editor/Slate/Niagara/Common/FlatButton.png' error.
[2023.05.07-15.11.10:245][  0]LogSlate: Could not find file for Slate resource: ../../../Engine/Content/Editor/Slate/Niagara/Common/FlatButton.png
[2023.05.07-15.11.10:245][  0]LogImageWrapper: Warning: PNG Warning: Duplicate iCCP chunk
[2023.05.07-15.11.10:256][  0]LogPython: Using Python 3.7.7
[2023.05.07-15.11.10:679][  0]LogTcpMessaging: Initializing TcpMessaging bridge
[2023.05.07-15.11.10:683][  0]LogUdpMessaging: Initializing bridge on interface 0.0.0.0:0 to multicast group 230.0.0.1:6666.
[2023.05.07-15.11.10:831][  0]SourceControl: Source control is disabled
[2023.05.07-15.11.10:831][  0]SourceControl: Source control is disabled
[2023.05.07-15.11.10:833][  0]SourceControl: Source control is disabled
[2023.05.07-15.11.10:835][  0]SourceControl: Source control is disabled
[2023.05.07-15.11.10:840][  0]SourceControl: Source control is disabled
[2023.05.07-15.11.10:856][  0]LogUProjectInfo: Found projects:
[2023.05.07-15.11.10:930][  0]LogOpenImageDenoise: OIDN starting up
[2023.05.07-15.11.10:957][  0]LogAndroidPermission: UAndroidPermissionCallbackProxy::GetInstance
[2023.05.07-15.11.10:971][  0]LogAudioCaptureCore: Display: No Audio Capture implementations found. Audio input will be silent.
[2023.05.07-15.11.10:972][  0]LogAudioCaptureCore: Display: No Audio Capture implementations found. Audio input will be silent.
[2023.05.07-15.11.11:051][  0]LogCollectionManager: Loaded 0 collections in 0.000471 seconds
[2023.05.07-15.11.11:066][  0]LogFileCache: Scanning file cache for directory 'E:/Asus/Documents/GitHub/TheTroubleMakers/Unreal Engine Project/SpeedLimit_UniAzad/Saved/Collections/' took 0.00s
[2023.05.07-15.11.11:066][  0]LogFileCache: Scanning file cache for directory 'E:/Asus/Documents/GitHub/TheTroubleMakers/Unreal Engine Project/SpeedLimit_UniAzad/Content/Developers/Asus/Collections/' took 0.00s
[2023.05.07-15.11.11:066][  0]LogFileCache: Scanning file cache for directory 'E:/Asus/Documents/GitHub/TheTroubleMakers/Unreal Engine Project/SpeedLimit_UniAzad/Content/Collections/' took 0.00s
[2023.05.07-15.11.11:066][  0]LogOcInput: OculusInput pre-init called
[2023.05.07-15.11.11:187][  0]LogStreaming: Warning: Failed to read file '../../../Engine/Content/Editor/Slate/Niagara/MenuSeparator.png' error.
[2023.05.07-15.11.11:187][  0]LogSlate: Could not find file for Slate resource: ../../../Engine/Content/Editor/Slate/Niagara/MenuSeparator.png
[2023.05.07-15.11.11:243][  0]LogStreaming: Warning: Failed to read file '../../../Engine/Content/Editor/Slate/Niagara/Common/Selector.png' error.
[2023.05.07-15.11.11:243][  0]LogSlate: Could not find file for Slate resource: ../../../Engine/Content/Editor/Slate/Niagara/Common/Selector.png
[2023.05.07-15.11.11:243][  0]LogStreaming: Warning: Failed to read file '../../../Engine/Content/Editor/Slate/Niagara/Common/Selection.png' error.
[2023.05.07-15.11.11:243][  0]LogSlate: Could not find file for Slate resource: ../../../Engine/Content/Editor/Slate/Niagara/Common/Selection.png
[2023.05.07-15.11.11:243][  0]LogStreaming: Warning: Failed to read file '../../../Engine/Content/Editor/Slate/Niagara/Common/DropZoneIndicator_Above.png' error.
[2023.05.07-15.11.11:243][  0]LogStreaming: Warning: Failed to read file '../../../Engine/Content/Editor/Slate/Niagara/Common/DropZoneIndicator_Onto.png' error.
[2023.05.07-15.11.11:243][  0]LogSlate: Could not find file for Slate resource: ../../../Engine/Content/Editor/Slate/Niagara/Common/DropZoneIndicator_Above.png
[2023.05.07-15.11.11:243][  0]LogSlate: Could not find file for Slate resource: ../../../Engine/Content/Editor/Slate/Niagara/Common/DropZoneIndicator_Onto.png
[2023.05.07-15.11.11:243][  0]LogStreaming: Warning: Failed to read file '../../../Engine/Content/Editor/Slate/Niagara/Common/DropZoneIndicator_Below.png' error.
[2023.05.07-15.11.11:243][  0]LogSlate: Could not find file for Slate resource: ../../../Engine/Content/Editor/Slate/Niagara/Common/DropZoneIndicator_Below.png
[2023.05.07-15.11.11:243][  0]LogStreaming: Warning: Failed to read file '../../../Engine/Content/Editor/Slate/Niagara/Common/RoundedSelection_16x.png' error.
[2023.05.07-15.11.11:243][  0]LogSlate: Could not find file for Slate resource: ../../../Engine/Content/Editor/Slate/Niagara/Common/RoundedSelection_16x.png
[2023.05.07-15.11.11:243][  0]LogStreaming: Warning: Failed to read file '../../../Engine/Content/Editor/Slate/Niagara/Common/FlatButton.png' error.
[2023.05.07-15.11.11:243][  0]LogSlate: Could not find file for Slate resource: ../../../Engine/Content/Editor/Slate/Niagara/Common/FlatButton.png
[2023.05.07-15.11.11:243][  0]LogImageWrapper: Warning: PNG Warning: Duplicate iCCP chunk
[2023.05.07-15.11.11:243][  0]LogImageWrapper: Warning: PNG Warning: Duplicate iCCP chunk
[2023.05.07-15.11.11:243][  0]LogEngine: Initializing Engine...
[2023.05.07-15.11.11:245][  0]LogHMD: Failed to enumerate extensions. Please check that you have a valid OpenXR runtime installed.
[2023.05.07-15.11.11:245][  0]LogHMD: Failed to initialize OpenVR with code 110
[2023.05.07-15.11.11:245][  0]LogMagicLeap: Warning: VR disabled because ZI is not enabled.  To enable, in the editor, Edit -> Project Settings -> Plugins -> Magic Leap Plugin -> Enable Zero Iteration
[2023.05.07-15.11.11:246][  0]LogStats: UGameplayTagsManager::InitializeManager -  0.000 s
[2023.05.07-15.11.11:329][  0]LogInit: Initializing FReadOnlyCVARCache
[2023.05.07-15.11.11:335][  0]LogAIModule: Creating AISystem for world Untitled
[2023.05.07-15.11.11:341][  0]LogAudio: Display: Initializing Audio Device Manager...
[2023.05.07-15.11.11:344][  0]LogAudio: Display: Loading Default Audio Settings Objects...
[2023.05.07-15.11.11:344][  0]LogAudio: Display: No default SoundConcurrencyObject specified (or failed to load).
[2023.05.07-15.11.11:344][  0]LogAudio: Display: Audio Device Manager Initialized
[2023.05.07-15.11.11:344][  0]LogAudio: Display: Creating Audio Device:                 Id: 1, Scope: Shared, Realtime: True
[2023.05.07-15.11.11:345][  0]LogAudioMixer: Display: Audio Mixer Platform Settings:
[2023.05.07-15.11.11:345][  0]LogAudioMixer: Display: 	Sample Rate:						  48000
[2023.05.07-15.11.11:345][  0]LogAudioMixer: Display: 	Callback Buffer Frame Size Requested: 1024
[2023.05.07-15.11.11:345][  0]LogAudioMixer: Display: 	Callback Buffer Frame Size To Use:	  1024
[2023.05.07-15.11.11:345][  0]LogAudioMixer: Display: 	Number of buffers to queue:			  2
[2023.05.07-15.11.11:345][  0]LogAudioMixer: Display: 	Max Channels (voices):				  32
[2023.05.07-15.11.11:345][  0]LogAudioMixer: Display: 	Number of Async Source Workers:		  0
[2023.05.07-15.11.11:345][  0]LogAudio: Display: AudioDevice MaxSources: 32
[2023.05.07-15.11.11:345][  0]LogAudio: Display: Audio Spatialization Plugin: None (built-in).
[2023.05.07-15.11.11:345][  0]LogAudio: Display: Audio Reverb Plugin: None (built-in).
[2023.05.07-15.11.11:345][  0]LogAudio: Display: Audio Occlusion Plugin: None (built-in).
[2023.05.07-15.11.11:345][  0]LogAudioMixer: Display: Initializing audio mixer.
[2023.05.07-15.11.11:351][  0]LogAudioMixer: Display: 0: FrontLeft
[2023.05.07-15.11.11:351][  0]LogAudioMixer: Display: 1: FrontRight
[2023.05.07-15.11.11:373][  0]LogAudioMixer: Display: Using Audio Device Mi TV (HD Audio Driver for Display Audio)
[2023.05.07-15.11.11:375][  0]LogAudioMixer: Display: Initializing Sound Submixes...
[2023.05.07-15.11.11:377][  0]LogAudioMixer: Display: Creating Master Submix 'MasterSubmixDefault'
[2023.05.07-15.11.11:377][  0]LogAudioMixer: Display: Creating Master Submix 'MasterReverbSubmixDefault'
[2023.05.07-15.11.11:378][  0]LogAudioMixer: Display: Creating Master Submix 'MasterEQSubmixDefault'
[2023.05.07-15.11.11:378][  0]LogAudioMixer: FMixerPlatformXAudio2::StartAudioStream() called
[2023.05.07-15.11.11:378][  0]LogAudioMixer: Display: Output buffers initialized: Frames=1024, Channels=2, Samples=2048
[2023.05.07-15.11.11:379][  0]LogAudioMixer: Display: Starting AudioMixerPlatformInterface::RunInternal()
[2023.05.07-15.11.11:379][  0]LogAudioMixer: Display: FMixerPlatformXAudio2::SubmitBuffer() called for the first time
[2023.05.07-15.11.11:379][  0]LogInit: FAudioDevice initialized.
[2023.05.07-15.11.11:379][  0]LogAudio: Display: Audio Device (ID: 1) registered with world 'Untitled'.
[2023.05.07-15.11.11:379][  0]LogNetVersion: Set ProjectVersion to 1.0.0.0. Version Checksum will be recalculated on next use.
[2023.05.07-15.11.11:424][  0]LogDerivedDataCache: Saved boot cache 0.05s 95MB C:/Users/Asus/AppData/Local/UnrealEngine/4.27/DerivedDataCache/Boot.ddc.
[2023.05.07-15.11.11:424][  0]LogInit: Texture streaming: Enabled
[2023.05.07-15.11.11:433][  0]LogAnalytics: Display: [UEEditor.Rocket.Release] APIServer = https://datarouter.ol.epicgames.com/. AppVersion = 4.27.0-17155196+++UE4+Release-4.27
[2023.05.07-15.11.11:435][  0]LogEngineSessionManager: EngineSessionManager initialized
[2023.05.07-15.11.11:435][  0]LogEditorSessionSummary: Verbose: Initializing EditorSessionSummaryWriter for editor session tracking
[2023.05.07-15.11.11:436][  0]LogEditorSessionSummary: EditorSessionSummaryWriter initialized
[2023.05.07-15.11.11:451][  0]LogInit: Transaction tracking system initialized
[2023.05.07-15.11.11:465][  0]BlueprintLog: New page: Editor Load
[2023.05.07-15.11.11:501][  0]LocalizationService: Localization service is disabled
[2023.05.07-15.11.11:514][  0]TimingProfiler: Initialize
[2023.05.07-15.11.11:514][  0]TimingProfiler: OnSessionChanged
[2023.05.07-15.11.11:514][  0]LoadingProfiler: Initialize
[2023.05.07-15.11.11:514][  0]LoadingProfiler: OnSessionChanged
[2023.05.07-15.11.11:514][  0]NetworkingProfiler: Initialize
[2023.05.07-15.11.11:514][  0]NetworkingProfiler: OnSessionChanged
[2023.05.07-15.11.11:514][  0]MemoryProfiler: Initialize
[2023.05.07-15.11.11:514][  0]MemoryProfiler: OnSessionChanged
[2023.05.07-15.11.11:600][  0]LogCook: Display: CookSettings for Memory: MemoryMaxUsedVirtual 0MiB, MemoryMaxUsedPhysical 16384MiB, MemoryMinFreeVirtual 0MiB, MemoryMinFreePhysical 1024MiB
[2023.05.07-15.11.11:600][  0]LogCook: Display: Mobile HDR setting 1
[2023.05.07-15.11.11:652][  0]LogFileCache: Scanning file cache for directory 'E:/Asus/Documents/GitHub/TheTroubleMakers/Unreal Engine Project/SpeedLimit_UniAzad/Content/' took 0.00s
[2023.05.07-15.11.11:842][  0]LogStreaming: Warning: Failed to read file '../../../Engine/Content/Editor/Slate/Niagara/MenuSeparator.png' error.
[2023.05.07-15.11.11:842][  0]LogSlate: Could not find file for Slate resource: ../../../Engine/Content/Editor/Slate/Niagara/MenuSeparator.png
[2023.05.07-15.11.11:884][  0]LogStreaming: Warning: Failed to read file '../../../Engine/Content/Editor/Slate/Niagara/Common/Selector.png' error.
[2023.05.07-15.11.11:884][  0]LogSlate: Could not find file for Slate resource: ../../../Engine/Content/Editor/Slate/Niagara/Common/Selector.png
[2023.05.07-15.11.11:884][  0]LogStreaming: Warning: Failed to read file '../../../Engine/Content/Editor/Slate/Niagara/Common/Selection.png' error.
[2023.05.07-15.11.11:884][  0]LogSlate: Could not find file for Slate resource: ../../../Engine/Content/Editor/Slate/Niagara/Common/Selection.png
[2023.05.07-15.11.11:884][  0]LogStreaming: Warning: Failed to read file '../../../Engine/Content/Editor/Slate/Niagara/Common/DropZoneIndicator_Above.png' error.
[2023.05.07-15.11.11:884][  0]LogSlate: Could not find file for Slate resource: ../../../Engine/Content/Editor/Slate/Niagara/Common/DropZoneIndicator_Above.png
[2023.05.07-15.11.11:884][  0]LogStreaming: Warning: Failed to read file '../../../Engine/Content/Editor/Slate/Niagara/Common/DropZoneIndicator_Onto.png' error.
[2023.05.07-15.11.11:884][  0]LogSlate: Could not find file for Slate resource: ../../../Engine/Content/Editor/Slate/Niagara/Common/DropZoneIndicator_Onto.png
[2023.05.07-15.11.11:884][  0]LogStreaming: Warning: Failed to read file '../../../Engine/Content/Editor/Slate/Niagara/Common/DropZoneIndicator_Below.png' error.
[2023.05.07-15.11.11:884][  0]LogSlate: Could not find file for Slate resource: ../../../Engine/Content/Editor/Slate/Niagara/Common/DropZoneIndicator_Below.png
[2023.05.07-15.11.11:884][  0]LogStreaming: Warning: Failed to read file '../../../Engine/Content/Editor/Slate/Niagara/Common/RoundedSelection_16x.png' error.
[2023.05.07-15.11.11:884][  0]LogSlate: Could not find file for Slate resource: ../../../Engine/Content/Editor/Slate/Niagara/Common/RoundedSelection_16x.png
[2023.05.07-15.11.11:884][  0]LogStreaming: Warning: Failed to read file '../../../Engine/Content/Editor/Slate/Niagara/Common/FlatButton.png' error.
[2023.05.07-15.11.11:884][  0]LogSlate: Could not find file for Slate resource: ../../../Engine/Content/Editor/Slate/Niagara/Common/FlatButton.png
[2023.05.07-15.11.11:884][  0]LogImageWrapper: Warning: PNG Warning: Duplicate iCCP chunk
[2023.05.07-15.11.11:884][  0]LogImageWrapper: Warning: PNG Warning: Duplicate iCCP chunk
[2023.05.07-15.11.11:884][  0]LogInit: Display: Engine is initialized. Leaving FEngineLoop::Init()
[2023.05.07-15.11.11:886][  0]SourceControl: Source control is disabled
[2023.05.07-15.11.11:886][  0]LogUnrealEdMisc: Loading editor; pre map load, took 4.778
[2023.05.07-15.11.11:886][  0]LightingResults: New page: Lighting Build
[2023.05.07-15.11.11:887][  0]LogWorld: UWorld::CleanupWorld for Untitled, bSessionEnded=true, bCleanupResources=true
[2023.05.07-15.11.11:887][  0]LogSlate: InvalidateAllWidgets triggered.  All widgets were invalidated
[2023.05.07-15.11.11:887][  0]MapCheck: New page: Map Check
[2023.05.07-15.11.11:887][  0]LightingResults: New page: Lighting Build
[2023.05.07-15.11.11:890][  0]LogAudio: Display: Audio Device unregistered from world 'None'.
[2023.05.07-15.11.11:892][  0]LogUObjectHash: Compacting FUObjectHashTables data took   0.55ms
[2023.05.07-15.11.12:555][  0]LogMaterial: Display: Missing cached shadermap for air_Condition in PCD3D_SM5, Default, SM5 (DDC key hash: DF19E522F453F81DF3D6C33B7E38C077ECEB0518), compiling. 
[2023.05.07-15.11.12:556][  0]LogMaterial: Warning: [AssetLog] E:\Asus\Documents\GitHub\TheTroubleMakers\Unreal Engine Project\SpeedLimit_UniAzad\Content\TheTroubleMakers\MahlaRanjbar\MyBuilding\air_Condition.uasset: Failed to compile Material for platform PCD3D_SM5, Default Material will be used in game.
[2023.05.07-15.11.12:556][  0]LogMaterial: Display: 	(Node TextureSample) Texture Sample> Missing input texture
[2023.05.07-15.11.13:068][  0]LogAudio: Display: Audio Device (ID: 1) registered with world 'Minimal_Default'.
[2023.05.07-15.11.13:069][  0]LogAIModule: Creating AISystem for world Minimal_Default
[2023.05.07-15.11.13:087][  0]LogEditorServer: Finished looking for orphan Actors (0.000 secs)
[2023.05.07-15.11.13:117][  0]LogUObjectHash: Compacting FUObjectHashTables data took   0.85ms
[2023.05.07-15.11.13:117][  0]Cmd: MAP CHECKDEP NOCLEARLOG
[2023.05.07-15.11.13:119][  0]MapCheck: Map check complete: 0 Error(s), 0 Warning(s), took 0.209ms to complete.
[2023.05.07-15.11.13:119][  0]LogFileHelpers: Loading map 'Minimal_Default' took 1.232
[2023.05.07-15.11.13:122][  0]LogUnrealEdMisc: Total Editor Startup Time, took 6.013
[2023.05.07-15.11.13:215][  0]LogSlate: Updating window title bar state: overlay mode, drag disabled, window buttons hidden, title bar hidden
[2023.05.07-15.11.13:219][  0]LogSlate: Updating window title bar state: overlay mode, drag disabled, window buttons hidden, title bar hidden
[2023.05.07-15.11.13:223][  0]LogSlate: Updating window title bar state: overlay mode, drag disabled, window buttons hidden, title bar hidden
[2023.05.07-15.11.13:226][  0]LogSlate: Updating window title bar state: overlay mode, drag disabled, window buttons hidden, title bar hidden
[2023.05.07-15.11.13:237][  0]LogNativeClassHierarchy: Verbose: Native class hierarchy populated in 0.0071 seconds. Added 3822 classes and 928 folders.
[2023.05.07-15.11.13:238][  0]LogNativeClassHierarchy: Verbose: Native class hierarchy updated for 'WidgetCarousel' in 0.0002 seconds. Added 0 classes and 0 folders.
[2023.05.07-15.11.13:238][  0]LogPakFile: PakFile PrimaryIndexSize=187
[2023.05.07-15.11.13:238][  0]LogPakFile: PakFile PathHashIndexSize=101
[2023.05.07-15.11.13:238][  0]LogPakFile: PakFile FullDirectoryIndexSize=148
[2023.05.07-15.11.13:238][  0]LogShaderLibrary: Display: ShaderCodeLibraryPakFileMountedCallback: PakFile 'E:/Downloads/unreal_engine_v4.27_compiled/Unreal Engine v4.27 Compiled/FeaturePacks/FP_FirstPerson.upack' (chunk index -1, root 'root:/') mounted
[2023.05.07-15.11.13:238][  0]LogShaderLibrary: Display: ShaderCodeLibraryPakFileMountedCallback: pending pak file info (ChunkID:-1 Root:root:/ File:E:/Downloads/unreal_engine_v4.27_compiled/Unreal Engine v4.27 Compiled/FeaturePacks/FP_FirstPerson.upack)
[2023.05.07-15.11.13:238][  0]LogPakFile: OnPakFileMounted2Time == 0.000046
[2023.05.07-15.11.13:239][  0]LogPakFile: PakFile PrimaryIndexSize=189
[2023.05.07-15.11.13:239][  0]LogPakFile: PakFile PathHashIndexSize=101
[2023.05.07-15.11.13:239][  0]LogPakFile: PakFile FullDirectoryIndexSize=152
[2023.05.07-15.11.13:239][  0]LogShaderLibrary: Display: ShaderCodeLibraryPakFileMountedCallback: PakFile 'E:/Downloads/unreal_engine_v4.27_compiled/Unreal Engine v4.27 Compiled/FeaturePacks/FP_FirstPersonBP.upack' (chunk index -1, root 'root:/') mounted
[2023.05.07-15.11.13:239][  0]LogShaderLibrary: Display: ShaderCodeLibraryPakFileMountedCallback: pending pak file info (ChunkID:-1 Root:root:/ File:E:/Downloads/unreal_engine_v4.27_compiled/Unreal Engine v4.27 Compiled/FeaturePacks/FP_FirstPersonBP.upack)
[2023.05.07-15.11.13:239][  0]LogPakFile: OnPakFileMounted2Time == 0.000028
[2023.05.07-15.11.13:239][  0]LogPakFile: PakFile PrimaryIndexSize=191
[2023.05.07-15.11.13:239][  0]LogPakFile: PakFile PathHashIndexSize=101
[2023.05.07-15.11.13:239][  0]LogPakFile: PakFile FullDirectoryIndexSize=160
[2023.05.07-15.11.13:239][  0]LogShaderLibrary: Display: ShaderCodeLibraryPakFileMountedCallback: PakFile 'E:/Downloads/unreal_engine_v4.27_compiled/Unreal Engine v4.27 Compiled/FeaturePacks/MobileStarterContent.upack' (chunk index -1, root 'root:/') mounted
[2023.05.07-15.11.13:239][  0]LogShaderLibrary: Display: ShaderCodeLibraryPakFileMountedCallback: pending pak file info (ChunkID:-1 Root:root:/ File:E:/Downloads/unreal_engine_v4.27_compiled/Unreal Engine v4.27 Compiled/FeaturePacks/MobileStarterContent.upack)
[2023.05.07-15.11.13:239][  0]LogPakFile: OnPakFileMounted2Time == 0.000023
[2023.05.07-15.11.13:239][  0]LogPakFile: PakFile PrimaryIndexSize=185
[2023.05.07-15.11.13:239][  0]LogPakFile: PakFile PathHashIndexSize=101
[2023.05.07-15.11.13:239][  0]LogPakFile: PakFile FullDirectoryIndexSize=148
[2023.05.07-15.11.13:239][  0]LogShaderLibrary: Display: ShaderCodeLibraryPakFileMountedCallback: PakFile 'E:/Downloads/unreal_engine_v4.27_compiled/Unreal Engine v4.27 Compiled/FeaturePacks/StarterContent.upack' (chunk index -1, root 'root:/') mounted
[2023.05.07-15.11.13:239][  0]LogShaderLibrary: Display: ShaderCodeLibraryPakFileMountedCallback: pending pak file info (ChunkID:-1 Root:root:/ File:E:/Downloads/unreal_engine_v4.27_compiled/Unreal Engine v4.27 Compiled/FeaturePacks/StarterContent.upack)
[2023.05.07-15.11.13:239][  0]LogPakFile: OnPakFileMounted2Time == 0.000026
[2023.05.07-15.11.13:240][  0]LogPakFile: PakFile PrimaryIndexSize=190
[2023.05.07-15.11.13:240][  0]LogPakFile: PakFile PathHashIndexSize=101
[2023.05.07-15.11.13:240][  0]LogPakFile: PakFile FullDirectoryIndexSize=154
[2023.05.07-15.11.13:240][  0]LogShaderLibrary: Display: ShaderCodeLibraryPakFileMountedCallback: PakFile 'E:/Downloads/unreal_engine_v4.27_compiled/Unreal Engine v4.27 Compiled/FeaturePacks/TP_2DSideScroller.upack' (chunk index -1, root 'root:/') mounted
[2023.05.07-15.11.13:240][  0]LogShaderLibrary: Display: ShaderCodeLibraryPakFileMountedCallback: pending pak file info (ChunkID:-1 Root:root:/ File:E:/Downloads/unreal_engine_v4.27_compiled/Unreal Engine v4.27 Compiled/FeaturePacks/TP_2DSideScroller.upack)
[2023.05.07-15.11.13:240][  0]LogPakFile: OnPakFileMounted2Time == 0.000024
[2023.05.07-15.11.13:240][  0]LogPakFile: PakFile PrimaryIndexSize=192
[2023.05.07-15.11.13:240][  0]LogPakFile: PakFile PathHashIndexSize=101
[2023.05.07-15.11.13:240][  0]LogPakFile: PakFile FullDirectoryIndexSize=158
[2023.05.07-15.11.13:240][  0]LogShaderLibrary: Display: ShaderCodeLibraryPakFileMountedCallback: PakFile 'E:/Downloads/unreal_engine_v4.27_compiled/Unreal Engine v4.27 Compiled/FeaturePacks/TP_2DSideScrollerBP.upack' (chunk index -1, root 'root:/') mounted
[2023.05.07-15.11.13:240][  0]LogShaderLibrary: Display: ShaderCodeLibraryPakFileMountedCallback: pending pak file info (ChunkID:-1 Root:root:/ File:E:/Downloads/unreal_engine_v4.27_compiled/Unreal Engine v4.27 Compiled/FeaturePacks/TP_2DSideScrollerBP.upack)
[2023.05.07-15.11.13:240][  0]LogPakFile: OnPakFileMounted2Time == 0.000022
[2023.05.07-15.11.13:240][  0]LogPakFile: PakFile PrimaryIndexSize=182
[2023.05.07-15.11.13:240][  0]LogPakFile: PakFile PathHashIndexSize=101
[2023.05.07-15.11.13:240][  0]LogPakFile: PakFile FullDirectoryIndexSize=138
[2023.05.07-15.11.13:240][  0]LogShaderLibrary: Display: ShaderCodeLibraryPakFileMountedCallback: PakFile 'E:/Downloads/unreal_engine_v4.27_compiled/Unreal Engine v4.27 Compiled/FeaturePacks/TP_Flying.upack' (chunk index -1, root 'root:/') mounted
[2023.05.07-15.11.13:240][  0]LogShaderLibrary: Display: ShaderCodeLibraryPakFileMountedCallback: pending pak file info (ChunkID:-1 Root:root:/ File:E:/Downloads/unreal_engine_v4.27_compiled/Unreal Engine v4.27 Compiled/FeaturePacks/TP_Flying.upack)
[2023.05.07-15.11.13:240][  0]LogPakFile: OnPakFileMounted2Time == 0.000024
[2023.05.07-15.11.13:240][  0]LogPakFile: PakFile PrimaryIndexSize=184
[2023.05.07-15.11.13:240][  0]LogPakFile: PakFile PathHashIndexSize=101
[2023.05.07-15.11.13:240][  0]LogPakFile: PakFile FullDirectoryIndexSize=142
[2023.05.07-15.11.13:240][  0]LogShaderLibrary: Display: ShaderCodeLibraryPakFileMountedCallback: PakFile 'E:/Downloads/unreal_engine_v4.27_compiled/Unreal Engine v4.27 Compiled/FeaturePacks/TP_FlyingBP.upack' (chunk index -1, root 'root:/') mounted
[2023.05.07-15.11.13:240][  0]LogShaderLibrary: Display: ShaderCodeLibraryPakFileMountedCallback: pending pak file info (ChunkID:-1 Root:root:/ File:E:/Downloads/unreal_engine_v4.27_compiled/Unreal Engine v4.27 Compiled/FeaturePacks/TP_FlyingBP.upack)
[2023.05.07-15.11.13:240][  0]LogPakFile: OnPakFileMounted2Time == 0.000022
[2023.05.07-15.11.13:241][  0]LogPakFile: PakFile PrimaryIndexSize=188
[2023.05.07-15.11.13:241][  0]LogPakFile: PakFile PathHashIndexSize=101
[2023.05.07-15.11.13:241][  0]LogPakFile: PakFile FullDirectoryIndexSize=150
[2023.05.07-15.11.13:241][  0]LogShaderLibrary: Display: ShaderCodeLibraryPakFileMountedCallback: PakFile 'E:/Downloads/unreal_engine_v4.27_compiled/Unreal Engine v4.27 Compiled/FeaturePacks/TP_HandheldARBP.upack' (chunk index -1, root 'root:/') mounted
[2023.05.07-15.11.13:241][  0]LogShaderLibrary: Display: ShaderCodeLibraryPakFileMountedCallback: pending pak file info (ChunkID:-1 Root:root:/ File:E:/Downloads/unreal_engine_v4.27_compiled/Unreal Engine v4.27 Compiled/FeaturePacks/TP_HandheldARBP.upack)
[2023.05.07-15.11.13:241][  0]LogPakFile: OnPakFileMounted2Time == 0.000021
[2023.05.07-15.11.13:241][  0]LogPakFile: PakFile PrimaryIndexSize=182
[2023.05.07-15.11.13:241][  0]LogPakFile: PakFile PathHashIndexSize=101
[2023.05.07-15.11.13:241][  0]LogPakFile: PakFile FullDirectoryIndexSize=138
[2023.05.07-15.11.13:241][  0]LogShaderLibrary: Display: ShaderCodeLibraryPakFileMountedCallback: PakFile 'E:/Downloads/unreal_engine_v4.27_compiled/Unreal Engine v4.27 Compiled/FeaturePacks/TP_Puzzle.upack' (chunk index -1, root 'root:/') mounted
[2023.05.07-15.11.13:241][  0]LogShaderLibrary: Display: ShaderCodeLibraryPakFileMountedCallback: pending pak file info (ChunkID:-1 Root:root:/ File:E:/Downloads/unreal_engine_v4.27_compiled/Unreal Engine v4.27 Compiled/FeaturePacks/TP_Puzzle.upack)
[2023.05.07-15.11.13:241][  0]LogPakFile: OnPakFileMounted2Time == 0.000024
[2023.05.07-15.11.13:241][  0]LogPakFile: PakFile PrimaryIndexSize=184
[2023.05.07-15.11.13:241][  0]LogPakFile: PakFile PathHashIndexSize=101
[2023.05.07-15.11.13:241][  0]LogPakFile: PakFile FullDirectoryIndexSize=142
[2023.05.07-15.11.13:241][  0]LogShaderLibrary: Display: ShaderCodeLibraryPakFileMountedCallback: PakFile 'E:/Downloads/unreal_engine_v4.27_compiled/Unreal Engine v4.27 Compiled/FeaturePacks/TP_PuzzleBP.upack' (chunk index -1, root 'root:/') mounted
[2023.05.07-15.11.13:241][  0]LogShaderLibrary: Display: ShaderCodeLibraryPakFileMountedCallback: pending pak file info (ChunkID:-1 Root:root:/ File:E:/Downloads/unreal_engine_v4.27_compiled/Unreal Engine v4.27 Compiled/FeaturePacks/TP_PuzzleBP.upack)
[2023.05.07-15.11.13:241][  0]LogPakFile: OnPakFileMounted2Time == 0.000022
[2023.05.07-15.11.13:242][  0]LogPakFile: PakFile PrimaryIndexSize=183
[2023.05.07-15.11.13:242][  0]LogPakFile: PakFile PathHashIndexSize=101
[2023.05.07-15.11.13:242][  0]LogPakFile: PakFile FullDirectoryIndexSize=140
[2023.05.07-15.11.13:242][  0]LogShaderLibrary: Display: ShaderCodeLibraryPakFileMountedCallback: PakFile 'E:/Downloads/unreal_engine_v4.27_compiled/Unreal Engine v4.27 Compiled/FeaturePacks/TP_Rolling.upack' (chunk index -1, root 'root:/') mounted
[2023.05.07-15.11.13:242][  0]LogShaderLibrary: Display: ShaderCodeLibraryPakFileMountedCallback: pending pak file info (ChunkID:-1 Root:root:/ File:E:/Downloads/unreal_engine_v4.27_compiled/Unreal Engine v4.27 Compiled/FeaturePacks/TP_Rolling.upack)
[2023.05.07-15.11.13:242][  0]LogPakFile: OnPakFileMounted2Time == 0.000021
[2023.05.07-15.11.13:242][  0]LogPakFile: PakFile PrimaryIndexSize=185
[2023.05.07-15.11.13:242][  0]LogPakFile: PakFile PathHashIndexSize=101
[2023.05.07-15.11.13:242][  0]LogPakFile: PakFile FullDirectoryIndexSize=144
[2023.05.07-15.11.13:242][  0]LogShaderLibrary: Display: ShaderCodeLibraryPakFileMountedCallback: PakFile 'E:/Downloads/unreal_engine_v4.27_compiled/Unreal Engine v4.27 Compiled/FeaturePacks/TP_RollingBP.upack' (chunk index -1, root 'root:/') mounted
[2023.05.07-15.11.13:242][  0]LogShaderLibrary: Display: ShaderCodeLibraryPakFileMountedCallback: pending pak file info (ChunkID:-1 Root:root:/ File:E:/Downloads/unreal_engine_v4.27_compiled/Unreal Engine v4.27 Compiled/FeaturePacks/TP_RollingBP.upack)
[2023.05.07-15.11.13:242][  0]LogPakFile: OnPakFileMounted2Time == 0.000021
[2023.05.07-15.11.13:242][  0]LogPakFile: PakFile PrimaryIndexSize=188
[2023.05.07-15.11.13:242][  0]LogPakFile: PakFile PathHashIndexSize=101
[2023.05.07-15.11.13:242][  0]LogPakFile: PakFile FullDirectoryIndexSize=150
[2023.05.07-15.11.13:242][  0]LogShaderLibrary: Display: ShaderCodeLibraryPakFileMountedCallback: PakFile 'E:/Downloads/unreal_engine_v4.27_compiled/Unreal Engine v4.27 Compiled/FeaturePacks/TP_SideScroller.upack' (chunk index -1, root 'root:/') mounted
[2023.05.07-15.11.13:242][  0]LogShaderLibrary: Display: ShaderCodeLibraryPakFileMountedCallback: pending pak file info (ChunkID:-1 Root:root:/ File:E:/Downloads/unreal_engine_v4.27_compiled/Unreal Engine v4.27 Compiled/FeaturePacks/TP_SideScroller.upack)
[2023.05.07-15.11.13:242][  0]LogPakFile: OnPakFileMounted2Time == 0.000021
[2023.05.07-15.11.13:242][  0]LogPakFile: PakFile PrimaryIndexSize=190
[2023.05.07-15.11.13:242][  0]LogPakFile: PakFile PathHashIndexSize=101
[2023.05.07-15.11.13:242][  0]LogPakFile: PakFile FullDirectoryIndexSize=154
[2023.05.07-15.11.13:242][  0]LogShaderLibrary: Display: ShaderCodeLibraryPakFileMountedCallback: PakFile 'E:/Downloads/unreal_engine_v4.27_compiled/Unreal Engine v4.27 Compiled/FeaturePacks/TP_SideScrollerBP.upack' (chunk index -1, root 'root:/') mounted
[2023.05.07-15.11.13:242][  0]LogShaderLibrary: Display: ShaderCodeLibraryPakFileMountedCallback: pending pak file info (ChunkID:-1 Root:root:/ File:E:/Downloads/unreal_engine_v4.27_compiled/Unreal Engine v4.27 Compiled/FeaturePacks/TP_SideScrollerBP.upack)
[2023.05.07-15.11.13:242][  0]LogPakFile: OnPakFileMounted2Time == 0.000027
[2023.05.07-15.11.13:243][  0]LogPakFile: PakFile PrimaryIndexSize=187
[2023.05.07-15.11.13:243][  0]LogPakFile: PakFile PathHashIndexSize=101
[2023.05.07-15.11.13:243][  0]LogPakFile: PakFile FullDirectoryIndexSize=148
[2023.05.07-15.11.13:243][  0]LogShaderLibrary: Display: ShaderCodeLibraryPakFileMountedCallback: PakFile 'E:/Downloads/unreal_engine_v4.27_compiled/Unreal Engine v4.27 Compiled/FeaturePacks/TP_ThirdPerson.upack' (chunk index -1, root 'root:/') mounted
[2023.05.07-15.11.13:243][  0]LogShaderLibrary: Display: ShaderCodeLibraryPakFileMountedCallback: pending pak file info (ChunkID:-1 Root:root:/ File:E:/Downloads/unreal_engine_v4.27_compiled/Unreal Engine v4.27 Compiled/FeaturePacks/TP_ThirdPerson.upack)
[2023.05.07-15.11.13:243][  0]LogPakFile: OnPakFileMounted2Time == 0.000021
[2023.05.07-15.11.13:243][  0]LogPakFile: PakFile PrimaryIndexSize=189
[2023.05.07-15.11.13:243][  0]LogPakFile: PakFile PathHashIndexSize=101
[2023.05.07-15.11.13:243][  0]LogPakFile: PakFile FullDirectoryIndexSize=152
[2023.05.07-15.11.13:243][  0]LogShaderLibrary: Display: ShaderCodeLibraryPakFileMountedCallback: PakFile 'E:/Downloads/unreal_engine_v4.27_compiled/Unreal Engine v4.27 Compiled/FeaturePacks/TP_ThirdPersonBP.upack' (chunk index -1, root 'root:/') mounted
[2023.05.07-15.11.13:243][  0]LogShaderLibrary: Display: ShaderCodeLibraryPakFileMountedCallback: pending pak file info (ChunkID:-1 Root:root:/ File:E:/Downloads/unreal_engine_v4.27_compiled/Unreal Engine v4.27 Compiled/FeaturePacks/TP_ThirdPersonBP.upack)
[2023.05.07-15.11.13:243][  0]LogPakFile: OnPakFileMounted2Time == 0.000023
[2023.05.07-15.11.13:243][  0]LogPakFile: PakFile PrimaryIndexSize=183
[2023.05.07-15.11.13:243][  0]LogPakFile: PakFile PathHashIndexSize=101
[2023.05.07-15.11.13:243][  0]LogPakFile: PakFile FullDirectoryIndexSize=140
[2023.05.07-15.11.13:243][  0]LogShaderLibrary: Display: ShaderCodeLibraryPakFileMountedCallback: PakFile 'E:/Downloads/unreal_engine_v4.27_compiled/Unreal Engine v4.27 Compiled/FeaturePacks/TP_TopDown.upack' (chunk index -1, root 'root:/') mounted
[2023.05.07-15.11.13:243][  0]LogShaderLibrary: Display: ShaderCodeLibraryPakFileMountedCallback: pending pak file info (ChunkID:-1 Root:root:/ File:E:/Downloads/unreal_engine_v4.27_compiled/Unreal Engine v4.27 Compiled/FeaturePacks/TP_TopDown.upack)
[2023.05.07-15.11.13:243][  0]LogPakFile: OnPakFileMounted2Time == 0.000030
[2023.05.07-15.11.13:243][  0]LogPakFile: PakFile PrimaryIndexSize=185
[2023.05.07-15.11.13:243][  0]LogPakFile: PakFile PathHashIndexSize=101
[2023.05.07-15.11.13:243][  0]LogPakFile: PakFile FullDirectoryIndexSize=144
[2023.05.07-15.11.13:243][  0]LogShaderLibrary: Display: ShaderCodeLibraryPakFileMountedCallback: PakFile 'E:/Downloads/unreal_engine_v4.27_compiled/Unreal Engine v4.27 Compiled/FeaturePacks/TP_TopDownBP.upack' (chunk index -1, root 'root:/') mounted
[2023.05.07-15.11.13:243][  0]LogShaderLibrary: Display: ShaderCodeLibraryPakFileMountedCallback: pending pak file info (ChunkID:-1 Root:root:/ File:E:/Downloads/unreal_engine_v4.27_compiled/Unreal Engine v4.27 Compiled/FeaturePacks/TP_TopDownBP.upack)
[2023.05.07-15.11.13:243][  0]LogPakFile: OnPakFileMounted2Time == 0.000023
[2023.05.07-15.11.13:244][  0]LogPakFile: PakFile PrimaryIndexSize=185
[2023.05.07-15.11.13:244][  0]LogPakFile: PakFile PathHashIndexSize=101
[2023.05.07-15.11.13:244][  0]LogPakFile: PakFile FullDirectoryIndexSize=144
[2023.05.07-15.11.13:244][  0]LogShaderLibrary: Display: ShaderCodeLibraryPakFileMountedCallback: PakFile 'E:/Downloads/unreal_engine_v4.27_compiled/Unreal Engine v4.27 Compiled/FeaturePacks/TP_TwinStick.upack' (chunk index -1, root 'root:/') mounted
[2023.05.07-15.11.13:244][  0]LogShaderLibrary: Display: ShaderCodeLibraryPakFileMountedCallback: pending pak file info (ChunkID:-1 Root:root:/ File:E:/Downloads/unreal_engine_v4.27_compiled/Unreal Engine v4.27 Compiled/FeaturePacks/TP_TwinStick.upack)
[2023.05.07-15.11.13:244][  0]LogPakFile: OnPakFileMounted2Time == 0.000021
[2023.05.07-15.11.13:244][  0]LogPakFile: PakFile PrimaryIndexSize=187
[2023.05.07-15.11.13:244][  0]LogPakFile: PakFile PathHashIndexSize=101
[2023.05.07-15.11.13:244][  0]LogPakFile: PakFile FullDirectoryIndexSize=148
[2023.05.07-15.11.13:244][  0]LogShaderLibrary: Display: ShaderCodeLibraryPakFileMountedCallback: PakFile 'E:/Downloads/unreal_engine_v4.27_compiled/Unreal Engine v4.27 Compiled/FeaturePacks/TP_TwinStickBP.upack' (chunk index -1, root 'root:/') mounted
[2023.05.07-15.11.13:244][  0]LogShaderLibrary: Display: ShaderCodeLibraryPakFileMountedCallback: pending pak file info (ChunkID:-1 Root:root:/ File:E:/Downloads/unreal_engine_v4.27_compiled/Unreal Engine v4.27 Compiled/FeaturePacks/TP_TwinStickBP.upack)
[2023.05.07-15.11.13:244][  0]LogPakFile: OnPakFileMounted2Time == 0.000021
[2023.05.07-15.11.13:244][  0]LogPakFile: PakFile PrimaryIndexSize=183
[2023.05.07-15.11.13:244][  0]LogPakFile: PakFile PathHashIndexSize=101
[2023.05.07-15.11.13:244][  0]LogPakFile: PakFile FullDirectoryIndexSize=140
[2023.05.07-15.11.13:244][  0]LogShaderLibrary: Display: ShaderCodeLibraryPakFileMountedCallback: PakFile 'E:/Downloads/unreal_engine_v4.27_compiled/Unreal Engine v4.27 Compiled/FeaturePacks/TP_Vehicle.upack' (chunk index -1, root 'root:/') mounted
[2023.05.07-15.11.13:244][  0]LogShaderLibrary: Display: ShaderCodeLibraryPakFileMountedCallback: pending pak file info (ChunkID:-1 Root:root:/ File:E:/Downloads/unreal_engine_v4.27_compiled/Unreal Engine v4.27 Compiled/FeaturePacks/TP_Vehicle.upack)
[2023.05.07-15.11.13:244][  0]LogPakFile: OnPakFileMounted2Time == 0.000023
[2023.05.07-15.11.13:244][  0]LogPakFile: PakFile PrimaryIndexSize=186
[2023.05.07-15.11.13:244][  0]LogPakFile: PakFile PathHashIndexSize=101
[2023.05.07-15.11.13:244][  0]LogPakFile: PakFile FullDirectoryIndexSize=146
[2023.05.07-15.11.13:244][  0]LogShaderLibrary: Display: ShaderCodeLibraryPakFileMountedCallback: PakFile 'E:/Downloads/unreal_engine_v4.27_compiled/Unreal Engine v4.27 Compiled/FeaturePacks/TP_VehicleAdv.upack' (chunk index -1, root 'root:/') mounted
[2023.05.07-15.11.13:244][  0]LogShaderLibrary: Display: ShaderCodeLibraryPakFileMountedCallback: pending pak file info (ChunkID:-1 Root:root:/ File:E:/Downloads/unreal_engine_v4.27_compiled/Unreal Engine v4.27 Compiled/FeaturePacks/TP_VehicleAdv.upack)
[2023.05.07-15.11.13:244][  0]LogPakFile: OnPakFileMounted2Time == 0.000022
[2023.05.07-15.11.13:245][  0]LogPakFile: PakFile PrimaryIndexSize=188
[2023.05.07-15.11.13:245][  0]LogPakFile: PakFile PathHashIndexSize=101
[2023.05.07-15.11.13:245][  0]LogPakFile: PakFile FullDirectoryIndexSize=150
[2023.05.07-15.11.13:245][  0]LogShaderLibrary: Display: ShaderCodeLibraryPakFileMountedCallback: PakFile 'E:/Downloads/unreal_engine_v4.27_compiled/Unreal Engine v4.27 Compiled/FeaturePacks/TP_VehicleAdvBP.upack' (chunk index -1, root 'root:/') mounted
[2023.05.07-15.11.13:245][  0]LogShaderLibrary: Display: ShaderCodeLibraryPakFileMountedCallback: pending pak file info (ChunkID:-1 Root:root:/ File:E:/Downloads/unreal_engine_v4.27_compiled/Unreal Engine v4.27 Compiled/FeaturePacks/TP_VehicleAdvBP.upack)
[2023.05.07-15.11.13:245][  0]LogPakFile: OnPakFileMounted2Time == 0.000021
[2023.05.07-15.11.13:245][  0]LogPakFile: PakFile PrimaryIndexSize=185
[2023.05.07-15.11.13:245][  0]LogPakFile: PakFile PathHashIndexSize=101
[2023.05.07-15.11.13:245][  0]LogPakFile: PakFile FullDirectoryIndexSize=144
[2023.05.07-15.11.13:245][  0]LogShaderLibrary: Display: ShaderCodeLibraryPakFileMountedCallback: PakFile 'E:/Downloads/unreal_engine_v4.27_compiled/Unreal Engine v4.27 Compiled/FeaturePacks/TP_VehicleBP.upack' (chunk index -1, root 'root:/') mounted
[2023.05.07-15.11.13:245][  0]LogShaderLibrary: Display: ShaderCodeLibraryPakFileMountedCallback: pending pak file info (ChunkID:-1 Root:root:/ File:E:/Downloads/unreal_engine_v4.27_compiled/Unreal Engine v4.27 Compiled/FeaturePacks/TP_VehicleBP.upack)
[2023.05.07-15.11.13:245][  0]LogPakFile: OnPakFileMounted2Time == 0.000039
[2023.05.07-15.11.13:245][  0]LogPakFile: PakFile PrimaryIndexSize=192
[2023.05.07-15.11.13:245][  0]LogPakFile: PakFile PathHashIndexSize=101
[2023.05.07-15.11.13:245][  0]LogPakFile: PakFile FullDirectoryIndexSize=158
[2023.05.07-15.11.13:245][  0]LogShaderLibrary: Display: ShaderCodeLibraryPakFileMountedCallback: PakFile 'E:/Downloads/unreal_engine_v4.27_compiled/Unreal Engine v4.27 Compiled/FeaturePacks/TP_VirtualRealityBP.upack' (chunk index -1, root 'root:/') mounted
[2023.05.07-15.11.13:245][  0]LogShaderLibrary: Display: ShaderCodeLibraryPakFileMountedCallback: pending pak file info (ChunkID:-1 Root:root:/ File:E:/Downloads/unreal_engine_v4.27_compiled/Unreal Engine v4.27 Compiled/FeaturePacks/TP_VirtualRealityBP.upack)
[2023.05.07-15.11.13:245][  0]LogPakFile: OnPakFileMounted2Time == 0.000023
[2023.05.07-15.11.13:267][  0]LogNativeClassHierarchy: Verbose: Native class hierarchy updated for 'AddContentDialog' in 0.0002 seconds. Added 0 classes and 0 folders.
[2023.05.07-15.11.13:268][  0]LogNativeClassHierarchy: Verbose: Native class hierarchy updated for 'SceneOutliner' in 0.0002 seconds. Added 2 classes and 0 folders.
[2023.05.07-15.11.13:345][  0]LogSlate: Took 0.000151 seconds to synchronously load lazily loaded font '../../../Engine/Content/Slate/Fonts/Roboto-Regular.ttf' (155K)
[2023.05.07-15.11.13:346][  0]LogSlate: Took 0.000126 seconds to synchronously load lazily loaded font '../../../Engine/Content/Editor/Slate/Fonts/FontAwesome.ttf' (139K)
[2023.05.07-15.11.13:347][  0]LogSlate: Took 0.000168 seconds to synchronously load lazily loaded font '../../../Engine/Content/Slate/Fonts/Roboto-Bold.ttf' (160K)
[2023.05.07-15.11.13:409][  0]LogRenderer: Reallocating scene render targets to support 1108x548 Format 10 NumSamples 1 (Frame:1).
[2023.05.07-15.11.13:489][  0]LogNativeClassHierarchy: Verbose: Native class hierarchy updated for 'HierarchicalLODOutliner' in 0.0002 seconds. Added 0 classes and 0 folders.
[2023.05.07-15.11.13:489][  0]LogLoad: (Engine Initialization) Total time: 6.38 seconds
[2023.05.07-15.11.13:489][  0]LogLoad: (Engine Initialization) Total Blueprint compile time: 0.00 seconds
[2023.05.07-15.11.13:535][  0]LogAssetRegistry: Asset discovery search completed in 4.0549 seconds
[2023.05.07-15.11.13:539][  0]LogCollectionManager: Fixed up redirectors for 0 collections in 0.000004 seconds (updated 0 objects)
[2023.05.07-15.11.13:562][  0]LogContentStreaming: Texture pool size now 1000 MB
[2023.05.07-15.11.13:622][  2]LogSlate: Took 0.000188 seconds to synchronously load lazily loaded font '../../../Engine/Content/Slate/Fonts/Roboto-Light.ttf' (167K)
[2023.05.07-15.11.35:127][194]LogSlate: Took 0.000138 seconds to synchronously load lazily loaded font '../../../Engine/Content/Slate/Fonts/Roboto-Light.ttf' (167K)
[2023.05.07-15.11.35:158][194]LogFactory: FactoryCreateFile: StaticMesh with FbxFactory (0 0 ../../../../../../Asus/Documents/GitHub/TheTroubleMakers/Ms. MoosaeiPour Folder/basin.fbx)
[2023.05.07-15.11.35:164][194]LogFbx: Loading FBX Scene from ../../../../../../Asus/Documents/GitHub/TheTroubleMakers/Ms. MoosaeiPour Folder/basin.fbx
[2023.05.07-15.11.35:169][194]LogFbx: FBX Scene Loaded Succesfully
[2023.05.07-15.11.36:424][194]LogSlate: Window 'FBX Import Options' being destroyed
[2023.05.07-15.11.36:437][194]LogMaterial: Display: Missing cached shadermap for Material_001 in PCD3D_SM5, Default, SM5 (DDC key hash: 291F9D3C48E8A5CD53B89EAEB42836F52C625130), compiling. 
[2023.05.07-15.11.36:452][194]LogMaterial: Display: Missing cached shadermap for Material_003 in PCD3D_SM5, Default, SM5 (DDC key hash: FCD6E55AD7FEAE664317B4068210C637C0C78E5B), compiling. 
[2023.05.07-15.11.36:468][194]LogMaterial: Display: Missing cached shadermap for Material_008 in PCD3D_SM5, Default, SM5 (DDC key hash: CD3E575CCD65E107803984F60EF5A4F3B627BB83), compiling. 
[2023.05.07-15.11.36:480][194]LogMaterial: Display: Missing cached shadermap for Material_009 in PCD3D_SM5, Default, SM5 (DDC key hash: AAE68C608F124B419DCA71CF07F1EE50FBF1F1B1), compiling. 
[2023.05.07-15.11.36:482][194]LogFbx: Display: Triangulating static mesh Cube
[2023.05.07-15.11.36:504][194]LogStaticMesh: Building static mesh basin...
[2023.05.07-15.11.36:517][194]LogStaticMesh: Built static mesh [0.01s] /Game/TheTroubleMakers/ALL_Assets/HozFrontReasercher/basin.basin
[2023.05.07-15.11.36:518][194]LogStaticMesh: Warning: basin has degenerate tangent bases which will result in incorrect shading.  MikkTSpace relies on tangent bases and may result in mesh corruption, consider disabling this option.
[2023.05.07-15.11.36:518][194]LogStaticMesh: Warning: basin has some nearly zero tangents which can create some issues. (Tolerance of 1E-4)
[2023.05.07-15.11.36:518][194]LogStaticMesh: Warning: basin has some nearly zero bi-normals which can create some issues. (Tolerance of 1E-4)
[2023.05.07-15.11.36:525][194]FBXImport: Warning: No smoothing group information was found in this FBX scene.  Please make sure to enable the 'Export Smoothing Groups' option in the FBX Exporter plug-in before exporting the file.  Even for tools that don't support smoothing groups, the FBX Exporter will generate appropriate smoothing data at export-time so that correct vertex normals can be inferred while importing. 
[2023.05.07-15.11.36:525][194]FBXImport: Warning: basin has degenerate tangent bases which will result in incorrect shading.  MikkTSpace relies on tangent bases and may result in mesh corruption, consider disabling this option. 
[2023.05.07-15.11.36:525][194]FBXImport: Warning: basin has some nearly zero tangents which can create some issues. (Tolerance of 1E-4) 
[2023.05.07-15.11.36:525][194]FBXImport: Warning: basin has some nearly zero bi-normals which can create some issues. (Tolerance of 1E-4) 
[2023.05.07-15.11.36:620][194]LogSlate: Took 0.000092 seconds to synchronously load lazily loaded font '../../../Engine/Content/Slate/Fonts/DroidSansMono.ttf' (77K)
[2023.05.07-15.11.36:696][199]LogShaderCompilers: Display: Submitted 2 shader compile jobs with 'ForceLocal' priority
[2023.05.07-15.11.36:699][199]LogShaderCompilers: Display: Submitted 2 shader compile jobs with 'ForceLocal' priority
[2023.05.07-15.11.36:701][199]LogShaderCompilers: Display: Submitted 2 shader compile jobs with 'ForceLocal' priority
[2023.05.07-15.11.36:703][199]LogShaderCompilers: Display: Submitted 2 shader compile jobs with 'ForceLocal' priority
[2023.05.07-15.11.36:705][199]LogShaderCompilers: Display: Worker (1/5): shaders left to compile 8
[2023.05.07-15.11.36:705][199]LogShaderCompilers: Display: Worker (2/5): shaders left to compile 5
[2023.05.07-15.11.36:705][199]LogShaderCompilers: Display: Worker (3/5): shaders left to compile 2
[2023.05.07-15.11.36:705][199]LogShaderCompilers: Display: Started 8 'Local' shader compile jobs with 'ForceLocal' priority
[2023.05.07-15.11.36:740][199]LogShaderCompilers: Display: Worker (4/5): shaders left to compile 9
[2023.05.07-15.11.36:740][199]LogShaderCompilers: Display: Submitted 14 shader compile jobs with 'Normal' priority
[2023.05.07-15.11.36:740][199]LogShaderCompilers: Display: Started 3 'Local' shader compile jobs with 'Normal' priority
[2023.05.07-15.11.36:752][199]LogShaderCompilers: Display: Submitted 14 shader compile jobs with 'Normal' priority
[2023.05.07-15.11.36:767][199]LogShaderCompilers: Display: Submitted 14 shader compile jobs with 'Normal' priority
[2023.05.07-15.11.36:777][199]LogShaderCompilers: Display: Submitted 14 shader compile jobs with 'Normal' priority
[2023.05.07-15.11.37:561][255]LogShaderCompilers: Display: Worker (4/5): shaders left to compile 53
[2023.05.07-15.11.37:561][255]LogShaderCompilers: Display: Started 10 'Local' shader compile jobs with 'Normal' priority
[2023.05.07-15.11.37:570][256]LogShaderCompilers: Display: Worker (3/5): shaders left to compile 43
[2023.05.07-15.11.37:570][256]LogShaderCompilers: Display: Started 10 'Local' shader compile jobs with 'Normal' priority
[2023.05.07-15.11.37:855][285]LogShaderCompilers: Display: Worker (2/5): shaders left to compile 33
[2023.05.07-15.11.37:855][285]LogShaderCompilers: Display: Started 9 'Local' shader compile jobs with 'Normal' priority
[2023.05.07-15.11.37:992][301]LogShaderCompilers: Display: Worker (1/5): shaders left to compile 24
[2023.05.07-15.11.37:992][301]LogShaderCompilers: Display: Started 7 'Local' shader compile jobs with 'Normal' priority
[2023.05.07-15.11.38:398][349]LogSlate: Window 'Message Log' being destroyed
[2023.05.07-15.11.38:402][349]LogSlate: Window 'Message Log' being destroyed
[2023.05.07-15.11.40:027][460]LogActorFactory: Actor Factory created basin
[2023.05.07-15.11.40:486][499]LogShaderCompilers: Display: Worker (1/5): shaders left to compile 1
[2023.05.07-15.11.40:486][499]LogShaderCompilers: Display: Started 1 'Local' shader compile jobs with 'ForceLocal' priority
[2023.05.07-15.11.40:750][527]LogActorFactory: Actor Factory created basin
[2023.05.07-15.11.41:043][545]LogShaderCompilers: Display: Worker (1/5): shaders left to compile 16
[2023.05.07-15.11.41:043][545]LogShaderCompilers: Display: Started 5 'Local' shader compile jobs with 'Normal' priority
[2023.05.07-15.11.41:107][550]LogShaderCompilers: Display: Worker (2/5): shaders left to compile 11
[2023.05.07-15.11.41:107][550]LogShaderCompilers: Display: Started 3 'Local' shader compile jobs with 'Normal' priority
[2023.05.07-15.11.41:173][554]LogShaderCompilers: Display: Worker (4/5): shaders left to compile 8
[2023.05.07-15.11.41:173][554]LogShaderCompilers: Display: Started 3 'Local' shader compile jobs with 'Normal' priority
[2023.05.07-15.11.41:288][563]LogShaderCompilers: Display: Worker (3/5): shaders left to compile 5
[2023.05.07-15.11.41:288][563]LogShaderCompilers: Display: Started 2 'Local' shader compile jobs with 'Normal' priority
[2023.05.07-15.11.42:323][658]LogShaderCompilers: Display: Worker (4/5): shaders left to compile 3
[2023.05.07-15.11.42:323][658]LogShaderCompilers: Display: Started 1 'Local' shader compile jobs with 'Normal' priority
[2023.05.07-15.11.42:504][675]LogShaderCompilers: Display: Worker (3/5): shaders left to compile 2
[2023.05.07-15.11.42:504][675]LogShaderCompilers: Display: Started 1 'Local' shader compile jobs with 'Normal' priority
[2023.05.07-15.11.42:725][696]LogShaderCompilers: Display: Worker (4/5): shaders left to compile 1
[2023.05.07-15.11.42:725][696]LogShaderCompilers: Display: Started 1 'Local' shader compile jobs with 'Normal' priority
[2023.05.07-15.12.14:838][306]LogEditorViewport: Clicking on Actor (LMB): BP_Sky_Sphere_C (BP_Sky_Sphere)
[2023.05.07-15.12.16:430][455]LogEditorViewport: Clicking on Actor (LMB): StaticMeshActor (basin)
[2023.05.07-15.13.05:626][227]LogEditorViewport: Clicking on Actor (LMB): Landscape (Landscape)
[2023.05.07-15.13.23:583][331]LogUObjectHash: Compacting FUObjectHashTables data took   0.69ms
[2023.05.07-15.13.24:656][331]LogSlate: Window 'Save Content' being destroyed
[2023.05.07-15.13.24:695][331]LogSavePackage: Moving '../../../../../../Asus/Documents/GitHub/TheTroubleMakers/Unreal Engine Project/SpeedLimit_UniAzad/Saved/basin33B816E340DBDDBB0DE30DA00EE63C40.tmp' to '../../../../../../Asus/Documents/GitHub/TheTroubleMakers/Unreal Engine Project/SpeedLimit_UniAzad/Content/TheTroubleMakers/ALL_Assets/HozFrontReasercher/basin.uasset'
[2023.05.07-15.13.24:709][331]LogSavePackage: Moving '../../../../../../Asus/Documents/GitHub/TheTroubleMakers/Unreal Engine Project/SpeedLimit_UniAzad/Saved/Material_0016E06F4F94E4B318F90C79B81B860CBC6.tmp' to '../../../../../../Asus/Documents/GitHub/TheTroubleMakers/Unreal Engine Project/SpeedLimit_UniAzad/Content/TheTroubleMakers/ALL_Assets/HozFrontReasercher/Material_001.uasset'
[2023.05.07-15.13.24:722][331]LogSavePackage: Moving '../../../../../../Asus/Documents/GitHub/TheTroubleMakers/Unreal Engine Project/SpeedLimit_UniAzad/Saved/Material_00393F8C8B24457D62D5EC8BFB50332E400.tmp' to '../../../../../../Asus/Documents/GitHub/TheTroubleMakers/Unreal Engine Project/SpeedLimit_UniAzad/Content/TheTroubleMakers/ALL_Assets/HozFrontReasercher/Material_003.uasset'
[2023.05.07-15.13.24:736][331]LogSavePackage: Moving '../../../../../../Asus/Documents/GitHub/TheTroubleMakers/Unreal Engine Project/SpeedLimit_UniAzad/Saved/Material_008E06E7D8A4436466F0B65A4A71F9606D1.tmp' to '../../../../../../Asus/Documents/GitHub/TheTroubleMakers/Unreal Engine Project/SpeedLimit_UniAzad/Content/TheTroubleMakers/ALL_Assets/HozFrontReasercher/Material_008.uasset'
[2023.05.07-15.13.24:749][331]LogSavePackage: Moving '../../../../../../Asus/Documents/GitHub/TheTroubleMakers/Unreal Engine Project/SpeedLimit_UniAzad/Saved/Material_00917BE91CE42A5B813C08CC3A32DEA5422.tmp' to '../../../../../../Asus/Documents/GitHub/TheTroubleMakers/Unreal Engine Project/SpeedLimit_UniAzad/Content/TheTroubleMakers/ALL_Assets/HozFrontReasercher/Material_009.uasset'
[2023.05.07-15.13.24:755][331]LogUObjectHash: Compacting FUObjectHashTables data took   0.48ms
[2023.05.07-15.13.24:814][331]LogSavePackage: Moving '../../../../../../Asus/Documents/GitHub/TheTroubleMakers/Unreal Engine Project/SpeedLimit_UniAzad/Saved/Minimal_Default60ED21EC4DEBD8C1FBC4FD98B5979DEF.tmp' to '../../../../../../Asus/Documents/GitHub/TheTroubleMakers/Unreal Engine Project/SpeedLimit_UniAzad/Content/StarterContent/Maps/Minimal_Default.umap'
[2023.05.07-15.13.24:822][331]LogFileHelpers: Saving map 'Minimal_Default' took 0.072
[2023.05.07-15.13.24:856][331]LogSlate: Window 'SpeedLimit_UniAzad - Unreal Editor' being destroyed
[2023.05.07-15.13.24:945][331]AssetCheck: New page: Asset Save: multiple assets
[2023.05.07-15.13.24:945][331]LogContentValidation: Display: Validating Material /Game/TheTroubleMakers/ALL_Assets/HozFrontReasercher/Material_009.Material_009
[2023.05.07-15.13.24:946][331]LogContentValidation: Display: Validating Material /Game/TheTroubleMakers/ALL_Assets/HozFrontReasercher/Material_008.Material_008
[2023.05.07-15.13.24:946][331]LogContentValidation: Display: Validating Material /Game/TheTroubleMakers/ALL_Assets/HozFrontReasercher/Material_003.Material_003
[2023.05.07-15.13.24:946][331]LogContentValidation: Display: Validating Material /Game/TheTroubleMakers/ALL_Assets/HozFrontReasercher/Material_001.Material_001
[2023.05.07-15.13.24:946][331]LogContentValidation: Display: Validating StaticMesh /Game/TheTroubleMakers/ALL_Assets/HozFrontReasercher/basin.basin
[2023.05.07-15.13.24:946][331]LogContentValidation: Display: Validating World /Game/StarterContent/Maps/Minimal_Default.Minimal_Default
[2023.05.07-15.13.24:946][332]Cmd: QUIT_EDITOR
[2023.05.07-15.13.24:946][332]LogCore: Engine exit requested (reason: UUnrealEdEngine::CloseEditor())
[2023.05.07-15.13.24:948][332]LogCore: Engine exit requested (reason: EngineExit() was called; note: exit was already requested)
[2023.05.07-15.13.24:949][332]LogAudio: Display: Beginning Audio Device Manager Shutdown (Module: AudioMixerXAudio2)...
[2023.05.07-15.13.24:949][332]LogAudio: Display: Destroying 1 Remaining Audio Device(s)...
[2023.05.07-15.13.24:949][332]LogAudio: Display: Audio Device unregistered from world 'Minimal_Default'.
[2023.05.07-15.13.24:949][332]LogAudioMixer: FMixerPlatformXAudio2::StopAudioStream() called
[2023.05.07-15.13.24:950][332]LogAudioMixer: FMixerPlatformXAudio2::StopAudioStream() called
[2023.05.07-15.13.24:961][332]LogAudio: Display: Audio Device Manager Shutdown
[2023.05.07-15.13.24:962][332]LogWindowsTextInputMethodSystem: Display: IME system deactivated.
[2023.05.07-15.13.24:965][332]LogExit: Preparing to exit.
[2023.05.07-15.13.25:757][332]LogUObjectHash: Compacting FUObjectHashTables data took   0.58ms
[2023.05.07-15.13.25:904][332]LogWorld: UWorld::CleanupWorld for World_1, bSessionEnded=true, bCleanupResources=true
[2023.05.07-15.13.25:905][332]LogWorld: UWorld::CleanupWorld for World_0, bSessionEnded=true, bCleanupResources=true
[2023.05.07-15.13.25:908][332]LogDirectoryWatcher: Display: A directory notification failed, and we were unable to create a new request. GetLastError code [6] Handle [FFFFFFFFFFFFFFFF], Path [E:/Asus/Documents/GitHub/TheTroubleMakers/Unreal Engine Project/SpeedLimit_UniAzad/Content/] 
[2023.05.07-15.13.25:927][332]LogDemo: Cleaned up 0 splitscreen connections with owner deletion
[2023.05.07-15.13.25:932][332]LogWorld: UWorld::CleanupWorld for None, bSessionEnded=true, bCleanupResources=true
[2023.05.07-15.13.25:933][332]LogExit: Editor shut down
[2023.05.07-15.13.25:933][332]LogExit: Transaction tracking system shut down
[2023.05.07-15.13.26:045][332]LogExit: Object subsystem successfully closed.
[2023.05.07-15.13.26:056][332]LogShaderCompilers: Display: === FShaderJobCache stats ===
[2023.05.07-15.13.26:056][332]LogShaderCompilers: Display: Total job queries 64, among them cache hits 0 (0.00%)
[2023.05.07-15.13.26:056][332]LogShaderCompilers: Display: Tracking 64 distinct input hashes that result in 13 distinct outputs (20.31%)
[2023.05.07-15.13.26:056][332]LogShaderCompilers: Display: RAM used: 0.07 MB (0.00 GB) of 819.20 MB (0.80 GB) budget. Usage: 0.01%
[2023.05.07-15.13.26:056][332]LogShaderCompilers: Display: ================================================
[2023.05.07-15.13.26:065][332]LogShaderCompilers: Display: Shaders left to compile 0
[2023.05.07-15.13.26:074][332]LogModuleManager: Shutting down and abandoning module HierarchicalLODOutliner (870)
[2023.05.07-15.13.26:074][332]LogModuleManager: Shutting down and abandoning module SceneOutliner (868)
[2023.05.07-15.13.26:074][332]LogModuleManager: Shutting down and abandoning module AddContentDialog (866)
[2023.05.07-15.13.26:074][332]LogModuleManager: Shutting down and abandoning module WidgetCarousel (865)
[2023.05.07-15.13.26:074][332]LogModuleManager: Shutting down and abandoning module EditorWidgets (862)
[2023.05.07-15.13.26:074][332]LogModuleManager: Shutting down and abandoning module StatsViewer (860)
[2023.05.07-15.13.26:074][332]LogModuleManager: Shutting down and abandoning module PIEPreviewDeviceProfileSelector (858)
[2023.05.07-15.13.26:074][332]LogModuleManager: Shutting down and abandoning module SequenceRecorderSections (856)
[2023.05.07-15.13.26:074][332]LogModuleManager: Shutting down and abandoning module AutomationWorker (854)
[2023.05.07-15.13.26:074][332]LogModuleManager: Shutting down and abandoning module SteamVREditor (852)
[2023.05.07-15.13.26:074][332]LogModuleManager: Shutting down and abandoning module OculusMR (850)
[2023.05.07-15.13.26:074][332]LogModuleManager: Shutting down and abandoning module TakeRecorderSources (848)
[2023.05.07-15.13.26:074][332]LogModuleManager: Shutting down and abandoning module TakeRecorder (847)
[2023.05.07-15.13.26:074][332]LogModuleManager: Shutting down and abandoning module TakeTrackRecorders (844)
[2023.05.07-15.13.26:074][332]LogModuleManager: Shutting down and abandoning module TakesCore (842)
[2023.05.07-15.13.26:074][332]LogModuleManager: Shutting down and abandoning module OpenXRInput (840)
[2023.05.07-15.13.26:074][332]LogModuleManager: Shutting down and abandoning module GooglePADEditor (838)
[2023.05.07-15.13.26:074][332]LogModuleManager: Shutting down and abandoning module AudioCaptureEditor (836)
[2023.05.07-15.13.26:074][332]LogModuleManager: Shutting down and abandoning module TemplateSequenceEditor (834)
[2023.05.07-15.13.26:074][332]LogModuleManager: Shutting down and abandoning module LevelSequenceEditor (832)
[2023.05.07-15.13.26:074][332]LogModuleManager: Shutting down and abandoning module MatineeToLevelSequence (830)
[2023.05.07-15.13.26:074][332]LogModuleManager: Shutting down and abandoning module ActorSequenceEditor (828)
[2023.05.07-15.13.26:074][332]LogModuleManager: Shutting down and abandoning module WmfMediaFactory (826)
[2023.05.07-15.13.26:074][332]LogModuleManager: Shutting down and abandoning module WmfMediaEditor (824)
[2023.05.07-15.13.26:074][332]LogModuleManager: Shutting down and abandoning module WebMMediaFactory (822)
[2023.05.07-15.13.26:074][332]LogModuleManager: Shutting down and abandoning module WebMMediaEditor (820)
[2023.05.07-15.13.26:074][332]LogModuleManager: Shutting down and abandoning module WebMMedia (818)
[2023.05.07-15.13.26:075][332]LogModuleManager: Shutting down and abandoning module MediaPlayerEditor (816)
[2023.05.07-15.13.26:075][332]LogModuleManager: Shutting down and abandoning module OpenExrWrapper (814)
[2023.05.07-15.13.26:075][332]LogModuleManager: Shutting down and abandoning module ImgMediaFactory (812)
[2023.05.07-15.13.26:075][332]LogModuleManager: Shutting down and abandoning module ImgMediaEditor (810)
[2023.05.07-15.13.26:075][332]LogModuleManager: Shutting down and abandoning module MediaCompositingEditor (808)
[2023.05.07-15.13.26:075][332]LogModuleManager: Shutting down and abandoning module SequenceRecorder (807)
[2023.05.07-15.13.26:075][332]LogModuleManager: Shutting down and abandoning module AvfMediaFactory (804)
[2023.05.07-15.13.26:075][332]LogModuleManager: Shutting down and abandoning module AvfMediaEditor (802)
[2023.05.07-15.13.26:075][332]LogModuleManager: Shutting down and abandoning module AndroidMediaFactory (800)
[2023.05.07-15.13.26:075][332]LogModuleManager: Shutting down and abandoning module AndroidMediaEditor (798)
[2023.05.07-15.13.26:075][332]LogModuleManager: Shutting down and abandoning module MagicLeapMediaCodecFactory (796)
[2023.05.07-15.13.26:075][332]LogModuleManager: Shutting down and abandoning module MagicLeapMediaFactory (794)
[2023.05.07-15.13.26:075][332]LogModuleManager: Shutting down and abandoning module MagicLeapMediaEditor (792)
[2023.05.07-15.13.26:075][332]LogModuleManager: Shutting down and abandoning module PlanarCut (790)
[2023.05.07-15.13.26:075][332]LogModuleManager: Shutting down and abandoning module CharacterAI (788)
[2023.05.07-15.13.26:075][332]LogModuleManager: Shutting down and abandoning module TextureAlignMode (786)
[2023.05.07-15.13.26:075][332]LogModuleManager: Shutting down and abandoning module BspMode (784)
[2023.05.07-15.13.26:075][332]LogModuleManager: Shutting down and abandoning module GeometryMode (782)
[2023.05.07-15.13.26:075][332]LogModuleManager: Shutting down and abandoning module CameraShakePreviewer (780)
[2023.05.07-15.13.26:075][332]LogModuleManager: Shutting down and abandoning module SmartSnapping (778)
[2023.05.07-15.13.26:075][332]LogModuleManager: Shutting down and abandoning module SessionServices (776)
[2023.05.07-15.13.26:075][332]LogModuleManager: Shutting down and abandoning module MeshPaint (774)
[2023.05.07-15.13.26:075][332]LogModuleManager: Shutting down and abandoning module VirtualTexturingEditor (772)
[2023.05.07-15.13.26:075][332]LogModuleManager: Shutting down and abandoning module FoliageEdit (770)
[2023.05.07-15.13.26:075][332]LogModuleManager: Shutting down and abandoning module LandscapeEditor (768)
[2023.05.07-15.13.26:075][332]LogModuleManager: Shutting down and abandoning module MeshPaintMode (766)
[2023.05.07-15.13.26:075][332]LogModuleManager: Shutting down and abandoning module SceneDepthPickerMode (764)
[2023.05.07-15.13.26:075][332]LogModuleManager: Shutting down and abandoning module ActorPickerMode (762)
[2023.05.07-15.13.26:075][332]LogModuleManager: Shutting down and abandoning module PlacementMode (760)
[2023.05.07-15.13.26:075][332]LogModuleManager: Shutting down and abandoning module ViewportSnapping (758)
[2023.05.07-15.13.26:075][332]LogModuleManager: Shutting down and abandoning module ViewportInteraction (756)
[2023.05.07-15.13.26:075][332]LogModuleManager: Shutting down and abandoning module ClothPainter (754)
[2023.05.07-15.13.26:075][332]LogModuleManager: Shutting down and abandoning module SkeletalMeshEditor (753)
[2023.05.07-15.13.26:075][332]LogModuleManager: Shutting down and abandoning module LogVisualizer (750)
[2023.05.07-15.13.26:075][332]LogModuleManager: Shutting down and abandoning module IntroTutorials (748)
[2023.05.07-15.13.26:075][332]LogModuleManager: Shutting down and abandoning module GameProjectGeneration (747)
[2023.05.07-15.13.26:075][332]LogModuleManager: Shutting down and abandoning module LuminPlatformEditor (744)
[2023.05.07-15.13.26:075][332]LogModuleManager: Shutting down and abandoning module IOSPlatformEditor (742)
[2023.05.07-15.13.26:075][332]LogModuleManager: Shutting down and abandoning module AndroidPlatformEditor (740)
[2023.05.07-15.13.26:075][332]LogModuleManager: Shutting down and abandoning module AndroidDeviceDetection (739)
[2023.05.07-15.13.26:615][332]LogModuleManager: Shutting down and abandoning module WindowsPlatformEditor (736)
[2023.05.07-15.13.26:615][332]LogModuleManager: Shutting down and abandoning module LuminRuntimeSettings (734)
[2023.05.07-15.13.26:615][332]LogModuleManager: Shutting down and abandoning module IOSRuntimeSettings (732)
[2023.05.07-15.13.26:615][332]LogModuleManager: Shutting down and abandoning module AndroidRuntimeSettings (730)
[2023.05.07-15.13.26:615][332]LogModuleManager: Shutting down and abandoning module TraceInsights (728)
[2023.05.07-15.13.26:615][332]MemoryProfiler: Shutdown
[2023.05.07-15.13.26:615][332]NetworkingProfiler: Shutdown
[2023.05.07-15.13.26:615][332]LoadingProfiler: Shutdown
[2023.05.07-15.13.26:615][332]TimingProfiler: Shutdown
[2023.05.07-15.13.26:615][332]LogModuleManager: Shutting down and abandoning module TraceServices (727)
[2023.05.07-15.13.26:615][332]LogModuleManager: Shutting down and abandoning module EditorInteractiveToolsFramework (724)
[2023.05.07-15.13.26:615][332]LogModuleManager: Shutting down and abandoning module TimeManagementEditor (722)
[2023.05.07-15.13.26:615][332]LogModuleManager: Shutting down and abandoning module InputBindingEditor (720)
[2023.05.07-15.13.26:615][332]LogModuleManager: Shutting down and abandoning module MergeActors (718)
[2023.05.07-15.13.26:615][332]LogModuleManager: Shutting down and abandoning module LocalizationDashboard (716)
[2023.05.07-15.13.26:615][332]LogModuleManager: Shutting down and abandoning module LocalizationService (715)
[2023.05.07-15.13.26:615][332]LogModuleManager: Shutting down and abandoning module HardwareTargeting (712)
[2023.05.07-15.13.26:615][332]LogModuleManager: Shutting down and abandoning module DeviceProfileEditor (710)
[2023.05.07-15.13.26:615][332]LogModuleManager: Shutting down and abandoning module UndoHistory (708)
[2023.05.07-15.13.26:615][332]LogModuleManager: Shutting down and abandoning module XmlParser (706)
[2023.05.07-15.13.26:615][332]LogModuleManager: Shutting down and abandoning module Blutility (704)
[2023.05.07-15.13.26:615][332]LogModuleManager: Shutting down and abandoning module ProjectSettingsViewer (702)
[2023.05.07-15.13.26:615][332]LogModuleManager: Shutting down and abandoning module ProjectTargetPlatformEditor (701)
[2023.05.07-15.13.26:615][332]LogModuleManager: Shutting down and abandoning module EditorSettingsViewer (698)
[2023.05.07-15.13.26:615][332]LogModuleManager: Shutting down and abandoning module InternationalizationSettings (697)
[2023.05.07-15.13.26:615][332]LogModuleManager: Shutting down and abandoning module SettingsEditor (694)
[2023.05.07-15.13.26:615][332]LogModuleManager: Shutting down and abandoning module ProjectLauncher (692)
[2023.05.07-15.13.26:615][332]LogModuleManager: Shutting down and abandoning module SessionFrontend (690)
[2023.05.07-15.13.26:615][332]LogModuleManager: Shutting down and abandoning module ProfilerClient (688)
[2023.05.07-15.13.26:615][332]LogModuleManager: Shutting down and abandoning module DeviceManager (686)
[2023.05.07-15.13.26:615][332]LogModuleManager: Shutting down and abandoning module TargetDeviceServices (685)
[2023.05.07-15.13.26:648][332]LogModuleManager: Shutting down and abandoning module AutomationController (682)
[2023.05.07-15.13.26:648][332]LogModuleManager: Shutting down and abandoning module AutomationWindow (680)
[2023.05.07-15.13.26:648][332]LogModuleManager: Shutting down and abandoning module Layers (678)
[2023.05.07-15.13.26:648][332]LogModuleManager: Shutting down and abandoning module ComponentVisualizers (676)
[2023.05.07-15.13.26:648][332]LogModuleManager: Shutting down and abandoning module DetailCustomizations (674)
[2023.05.07-15.13.26:648][332]LogModuleManager: Shutting down and abandoning module PackagesDialog (672)
[2023.05.07-15.13.26:648][332]LogModuleManager: Shutting down and abandoning module AnimationBlueprintEditor (670)
[2023.05.07-15.13.26:648][332]LogModuleManager: Shutting down and abandoning module Persona (668)
[2023.05.07-15.13.26:648][332]LogModuleManager: Shutting down and abandoning module AdvancedPreviewScene (667)
[2023.05.07-15.13.26:648][332]LogModuleManager: Shutting down and abandoning module AnimGraph (665)
[2023.05.07-15.13.26:648][332]LogModuleManager: Shutting down and abandoning module Kismet (662)
[2023.05.07-15.13.26:648][332]LogModuleManager: Shutting down and abandoning module KismetWidgets (661)
[2023.05.07-15.13.26:648][332]LogModuleManager: Shutting down and abandoning module GraphEditor (658)
[2023.05.07-15.13.26:648][332]LogModuleManager: Shutting down and abandoning module StructViewer (656)
[2023.05.07-15.13.26:648][332]LogModuleManager: Shutting down and abandoning module ClassViewer (654)
[2023.05.07-15.13.26:648][332]LogModuleManager: Shutting down and abandoning module Toolbox (652)
[2023.05.07-15.13.26:648][332]LogModuleManager: Shutting down and abandoning module ModuleUI (650)
[2023.05.07-15.13.26:648][332]LogModuleManager: Shutting down and abandoning module OutputLog (648)
[2023.05.07-15.13.26:649][332]LogModuleManager: Shutting down and abandoning module GammaUI (646)
[2023.05.07-15.13.26:649][332]LogModuleManager: Shutting down and abandoning module Documentation (644)
[2023.05.07-15.13.26:649][332]LogModuleManager: Shutting down and abandoning module LiveCoding (642)
[2023.05.07-15.13.26:649][332]LogModuleManager: Shutting down and abandoning module LevelSequence (640)
[2023.05.07-15.13.26:649][332]LogModuleManager: Shutting down and abandoning module MovieSceneTracks (638)
[2023.05.07-15.13.26:649][332]LogModuleManager: Shutting down and abandoning module MovieScene (636)
[2023.05.07-15.13.26:649][332]LogModuleManager: Shutting down and abandoning module StreamingPauseRendering (634)
[2023.05.07-15.13.26:649][332]LogModuleManager: Shutting down and abandoning module LauncherPlatform (632)
[2023.05.07-15.13.26:649][332]LogModuleManager: Shutting down and abandoning module AnalyticsET (630)
[2023.05.07-15.13.26:649][332]LogModuleManager: Shutting down and abandoning module PortalServices (628)
[2023.05.07-15.13.26:649][332]LogModuleManager: Shutting down and abandoning module PortalRpc (626)
[2023.05.07-15.13.26:649][332]LogModuleManager: Shutting down and abandoning module MessagingRpc (624)
[2023.05.07-15.13.26:649][332]LogModuleManager: Shutting down and abandoning module AudioMixerXAudio2 (622)
[2023.05.07-15.13.26:649][332]LogModuleManager: Shutting down and abandoning module AudioMixerCore (621)
[2023.05.07-15.13.26:649][332]LogModuleManager: Shutting down and abandoning module AIModule (618)
[2023.05.07-15.13.26:649][332]LogModuleManager: Shutting down and abandoning module GameplayDebugger (617)
[2023.05.07-15.13.26:649][332]LogModuleManager: Shutting down and abandoning module AITestSuite (615)
[2023.05.07-15.13.26:649][332]LogModuleManager: Shutting down and abandoning module NavigationSystem (613)
[2023.05.07-15.13.26:649][332]LogModuleManager: Shutting down and abandoning module ImageWriteQueue (610)
[2023.05.07-15.13.26:649][332]LogModuleManager: Shutting down and abandoning module ProfilerService (608)
[2023.05.07-15.13.26:763][332]LogModuleManager: Shutting down and abandoning module TaskGraph (606)
[2023.05.07-15.13.26:763][332]LogModuleManager: Shutting down and abandoning module AudioSynesthesiaEditor (604)
[2023.05.07-15.13.26:763][332]LogModuleManager: Shutting down and abandoning module OculusEditor (602)
[2023.05.07-15.13.26:763][332]LogModuleManager: Shutting down and abandoning module OculusInput (600)
[2023.05.07-15.13.26:763][332]LogModuleManager: Shutting down and abandoning module ContentBrowserFileDataSource (598)
[2023.05.07-15.13.26:763][332]LogModuleManager: Shutting down and abandoning module ContentBrowserClassDataSource (596)
[2023.05.07-15.13.26:763][332]LogModuleManager: Shutting down and abandoning module ContentBrowserAssetDataSource (594)
[2023.05.07-15.13.26:763][332]LogModuleManager: Shutting down and abandoning module CollectionManager (593)
[2023.05.07-15.13.26:764][332]LogModuleManager: Shutting down and abandoning module TakeSequencer (590)
[2023.05.07-15.13.26:764][332]LogModuleManager: Shutting down and abandoning module TakeMovieScene (588)
[2023.05.07-15.13.26:764][332]LogModuleManager: Shutting down and abandoning module ScreenshotTools (586)
[2023.05.07-15.13.26:764][332]LogModuleManager: Shutting down and abandoning module SynthesisEditor (584)
[2023.05.07-15.13.26:764][332]LogModuleManager: Shutting down and abandoning module Synthesis (582)
[2023.05.07-15.13.26:764][332]LogModuleManager: Shutting down and abandoning module ProceduralMeshComponentEditor (580)
[2023.05.07-15.13.26:764][332]LogModuleManager: Shutting down and abandoning module ProceduralMeshComponent (578)
[2023.05.07-15.13.26:764][332]LogModuleManager: Shutting down and abandoning module OpenXREditor (576)
[2023.05.07-15.13.26:764][332]LogModuleManager: Shutting down and abandoning module MobilePatchingUtils (574)
[2023.05.07-15.13.26:764][332]LogModuleManager: Shutting down and abandoning module GooglePAD (572)
[2023.05.07-15.13.26:764][332]LogModuleManager: Shutting down and abandoning module EditableMesh (570)
[2023.05.07-15.13.26:764][332]LogModuleManager: Shutting down and abandoning module CustomMeshComponent (568)
[2023.05.07-15.13.26:764][332]LogModuleManager: Shutting down and abandoning module CableComponent (566)
[2023.05.07-15.13.26:764][332]LogModuleManager: Shutting down and abandoning module AudioCapture (564)
[2023.05.07-15.13.26:764][332]LogModuleManager: Shutting down and abandoning module AudioCaptureRtAudio (563)
[2023.05.07-15.13.26:764][332]LogModuleManager: Shutting down and abandoning module AssetTags (560)
[2023.05.07-15.13.26:764][332]LogModuleManager: Shutting down and abandoning module ArchVisCharacter (558)
[2023.05.07-15.13.26:765][332]LogModuleManager: Shutting down and abandoning module AppleImageUtilsBlueprintSupport (556)
[2023.05.07-15.13.26:765][332]LogModuleManager: Shutting down and abandoning module AppleImageUtils (554)
[2023.05.07-15.13.26:765][332]LogModuleManager: Shutting down and abandoning module AndroidPermission (552)
[2023.05.07-15.13.26:765][332]LogModuleManager: Shutting down and abandoning module ActorLayerUtilitiesEditor (550)
[2023.05.07-15.13.26:765][332]LogModuleManager: Shutting down and abandoning module ActorLayerUtilities (548)
[2023.05.07-15.13.26:765][332]LogModuleManager: Shutting down and abandoning module TemplateSequence (546)
[2023.05.07-15.13.26:765][332]LogModuleManager: Shutting down and abandoning module ImgMedia (544)
[2023.05.07-15.13.26:765][332]LogModuleManager: Shutting down and abandoning module MediaCompositing (542)
[2023.05.07-15.13.26:765][332]LogModuleManager: Shutting down and abandoning module MagicLeapSharedWorld (540)
[2023.05.07-15.13.26:765][332]LogModuleManager: Shutting down and abandoning module MagicLeapLightEstimation (538)
[2023.05.07-15.13.26:765][332]LogModuleManager: Shutting down and abandoning module MagicLeapHelperVulkan (536)
[2023.05.07-15.13.26:765][332]LogModuleManager: Shutting down and abandoning module MagicLeapHelperOpenGL (534)
[2023.05.07-15.13.26:765][332]LogModuleManager: Shutting down and abandoning module MagicLeapAudio (532)
[2023.05.07-15.13.26:765][332]LogModuleManager: Shutting down and abandoning module OpenImageDenoise (530)
[2023.05.07-15.13.26:765][332]LogOpenImageDenoise: OIDN shutting down
[2023.05.07-15.13.26:765][332]LogModuleManager: Shutting down and abandoning module MotoSynthEditor (528)
[2023.05.07-15.13.26:765][332]LogModuleManager: Shutting down and abandoning module MotoSynth (526)
[2023.05.07-15.13.26:765][332]LogModuleManager: Shutting down and abandoning module NiagaraEditorWidgets (524)
[2023.05.07-15.13.26:765][332]LogModuleManager: Shutting down and abandoning module MeshConversion (522)
[2023.05.07-15.13.26:765][332]LogModuleManager: Shutting down and abandoning module DynamicMesh (520)
[2023.05.07-15.13.26:765][332]LogModuleManager: Shutting down and abandoning module GeometryAlgorithms (518)
[2023.05.07-15.13.26:765][332]LogModuleManager: Shutting down and abandoning module GeometricObjects (516)
[2023.05.07-15.13.26:765][332]LogModuleManager: Shutting down and abandoning module GeometryCollectionTracks (514)
[2023.05.07-15.13.26:765][332]LogModuleManager: Shutting down and abandoning module GeometryCollectionSequencer (513)
[2023.05.07-15.13.26:765][332]LogModuleManager: Shutting down and abandoning module GeometryCollectionEditor (510)
[2023.05.07-15.13.26:765][332]LogModuleManager: Shutting down and abandoning module GeometryCacheTracks (508)
[2023.05.07-15.13.26:765][332]LogModuleManager: Shutting down and abandoning module GeometryCacheStreamer (506)
[2023.05.07-15.13.26:765][332]LogModuleManager: Shutting down and abandoning module GeometryCacheSequencer (504)
[2023.05.07-15.13.26:766][332]LogModuleManager: Shutting down and abandoning module ChaosSolverEditor (502)
[2023.05.07-15.13.26:766][332]LogModuleManager: Shutting down and abandoning module FractureEditor (500)
[2023.05.07-15.13.26:766][332]LogModuleManager: Shutting down and abandoning module ChaosNiagara (498)
[2023.05.07-15.13.26:766][332]LogModuleManager: Shutting down and abandoning module FieldSystemEngine (497)
[2023.05.07-15.13.26:766][332]LogModuleManager: Shutting down and abandoning module ChaosClothEditor (494)
[2023.05.07-15.13.26:766][332]LogModuleManager: Shutting down and abandoning module BackChannel (492)
[2023.05.07-15.13.26:766][332]LogModuleManager: Shutting down and abandoning module AutomationUtilsEditor (490)
[2023.05.07-15.13.26:766][332]LogModuleManager: Shutting down and abandoning module AutomationUtils (488)
[2023.05.07-15.13.26:766][332]LogModuleManager: Shutting down and abandoning module VisualStudioSourceCodeAccess (486)
[2023.05.07-15.13.26:766][332]LogModuleManager: Shutting down and abandoning module VisualStudioCodeSourceCodeAccess (484)
[2023.05.07-15.13.26:766][332]LogModuleManager: Shutting down and abandoning module AlembicImporter (482)
[2023.05.07-15.13.26:766][332]LogModuleManager: Shutting down and abandoning module AlembicLibrary (481)
[2023.05.07-15.13.26:766][332]LogModuleManager: Shutting down and abandoning module GeometryCache (480)
[2023.05.07-15.13.26:766][332]LogModuleManager: Shutting down and abandoning module GeometryCacheEd (479)
[2023.05.07-15.13.26:766][332]LogModuleManager: Shutting down and abandoning module UObjectPlugin (474)
[2023.05.07-15.13.26:766][332]LogModuleManager: Shutting down and abandoning module SubversionSourceControl (472)
[2023.05.07-15.13.26:766][332]LogModuleManager: Shutting down and abandoning module RiderSourceCodeAccess (470)
[2023.05.07-15.13.26:766][332]LogModuleManager: Shutting down and abandoning module PluginUtils (468)
[2023.05.07-15.13.26:766][332]LogModuleManager: Shutting down and abandoning module PlasticSourceControl (466)
[2023.05.07-15.13.26:766][332]LogModuleManager: Shutting down and abandoning module PerforceSourceControl (464)
[2023.05.07-15.13.26:766][332]LogModuleManager: Shutting down and abandoning module GitSourceControl (462)
[2023.05.07-15.13.26:766][332]LogModuleManager: Shutting down and abandoning module SourceControl (461)
[2023.05.07-15.13.26:766][332]LogModuleManager: Shutting down and abandoning module CLionSourceCodeAccess (458)
[2023.05.07-15.13.26:766][332]LogModuleManager: Shutting down and abandoning module AnimationSharingEd (456)
[2023.05.07-15.13.26:766][332]LogModuleManager: Shutting down and abandoning module VariantManagerContentEditor (454)
[2023.05.07-15.13.26:766][332]LogModuleManager: Shutting down and abandoning module DatasmithContentEditor (452)
[2023.05.07-15.13.26:766][332]LogModuleManager: Shutting down and abandoning module SpeedTreeImporter (450)
[2023.05.07-15.13.26:766][332]LogModuleManager: Shutting down and abandoning module MobileLauncherProfileWizard (448)
[2023.05.07-15.13.26:766][332]LogModuleManager: Shutting down and abandoning module PluginBrowser (446)
[2023.05.07-15.13.26:766][332]LogModuleManager: Shutting down and abandoning module MaterialAnalyzer (444)
[2023.05.07-15.13.26:767][332]LogModuleManager: Shutting down and abandoning module CurveEditorTools (442)
[2023.05.07-15.13.26:767][332]LogModuleManager: Shutting down and abandoning module OodleNetworkHandlerComponent (440)
[2023.05.07-15.13.26:767][332]LogModuleManager: Shutting down and abandoning module CryptoKeysOpenSSL (438)
[2023.05.07-15.13.26:767][332]LogModuleManager: Shutting down and abandoning module CryptoKeys (436)
[2023.05.07-15.13.26:767][332]LogModuleManager: Shutting down and abandoning module LightPropagationVolumeEditor (434)
[2023.05.07-15.13.26:767][332]LogModuleManager: Shutting down and abandoning module GameplayCameras (432)
[2023.05.07-15.13.26:767][332]LogModuleManager: Shutting down and abandoning module LiveLinkSequencer (430)
[2023.05.07-15.13.26:767][332]LogModuleManager: Shutting down and abandoning module LiveLinkMovieScene (428)
[2023.05.07-15.13.26:767][332]LogModuleManager: Shutting down and abandoning module LiveLinkGraphNode (426)
[2023.05.07-15.13.26:767][332]LogModuleManager: Shutting down and abandoning module LiveLinkEditor (424)
[2023.05.07-15.13.26:767][332]LogModuleManager: Shutting down and abandoning module LiveLinkComponents (422)
[2023.05.07-15.13.26:767][332]LogModuleManager: Shutting down and abandoning module LiveLink (420)
[2023.05.07-15.13.26:815][332]LogModuleManager: Shutting down and abandoning module PaperTiledImporter (418)
[2023.05.07-15.13.26:815][332]LogModuleManager: Shutting down and abandoning module PaperSpriteSheetImporter (416)
[2023.05.07-15.13.26:815][332]LogModuleManager: Shutting down and abandoning module Paper2DEditor (414)
[2023.05.07-15.13.26:815][332]LogModuleManager: Shutting down and abandoning module MeshPaintingToolset (412)
[2023.05.07-15.13.26:816][332]LogModuleManager: Shutting down and abandoning module MeshPaintEditorMode (410)
[2023.05.07-15.13.26:816][332]LogModuleManager: Shutting down and abandoning module SoundFields (408)
[2023.05.07-15.13.26:816][332]LogModuleManager: Shutting down and abandoning module PropertyAccessEditor (406)
[2023.05.07-15.13.26:816][332]LogModuleManager: Shutting down and abandoning module SignificanceManager (404)
[2023.05.07-15.13.26:816][332]LogModuleManager: Shutting down and abandoning module RuntimePhysXCooking (402)
[2023.05.07-15.13.26:816][332]LogModuleManager: Shutting down and abandoning module PhysXVehiclesEditor (400)
[2023.05.07-15.13.26:816][332]LogModuleManager: Shutting down and abandoning module LocationServicesBPLibrary (396)
[2023.05.07-15.13.26:816][332]LogModuleManager: Shutting down and abandoning module AudioSynesthesia (394)
[2023.05.07-15.13.26:816][332]LogModuleManager: Shutting down and abandoning module AudioSynesthesiaCore (392)
[2023.05.07-15.13.26:816][332]LogModuleManager: Shutting down and abandoning module ActorSequence (390)
[2023.05.07-15.13.26:816][332]LogModuleManager: Shutting down and abandoning module UdpMessaging (388)
[2023.05.07-15.13.26:917][332]LogModuleManager: Shutting down and abandoning module TcpMessaging (386)
[2023.05.07-15.13.27:018][332]LogModuleManager: Shutting down and abandoning module ImgMediaEngine (384)
[2023.05.07-15.13.27:018][332]LogModuleManager: Shutting down and abandoning module MagicLeapARPin (382)
[2023.05.07-15.13.27:018][332]LogModuleManager: Shutting down and abandoning module MagicLeapHandMeshing (380)
[2023.05.07-15.13.27:018][332]LogModuleManager: Shutting down and abandoning module MagicLeapSecureStorage (378)
[2023.05.07-15.13.27:018][332]LogModuleManager: Shutting down and abandoning module MagicLeapPrivileges (376)
[2023.05.07-15.13.27:018][332]LogModuleManager: Shutting down and abandoning module MagicLeapPlanes (374)
[2023.05.07-15.13.27:018][332]LogMagicLeapPlanes: Planes tracker already destroyed.
[2023.05.07-15.13.27:018][332]LogModuleManager: Shutting down and abandoning module MagicLeapImageTracker (372)
[2023.05.07-15.13.27:018][332]LogModuleManager: Shutting down and abandoning module MagicLeapIdentity (370)
[2023.05.07-15.13.27:018][332]LogModuleManager: Shutting down and abandoning module MagicLeapHandTracking (368)
[2023.05.07-15.13.27:018][332]LogModuleManager: Shutting down and abandoning module MagicLeapEyeTracker (366)
[2023.05.07-15.13.27:018][332]LogModuleManager: Shutting down and abandoning module MagicLeapController (364)
[2023.05.07-15.13.27:018][332]LogModuleManager: Shutting down and abandoning module MagicLeapARPinImpl (362)
[2023.05.07-15.13.27:018][332]LogModuleManager: Shutting down and abandoning module MagicLeapAR (360)
[2023.05.07-15.13.27:018][332]LogModuleManager: Shutting down and abandoning module PythonScriptPlugin (358)
[2023.05.07-15.13.27:018][332]LogModuleManager: Shutting down and abandoning module NiagaraAnimNotifies (356)
[2023.05.07-15.13.27:018][332]LogModuleManager: Shutting down and abandoning module Niagara (354)
[2023.05.07-15.13.27:018][332]LogModuleManager: Shutting down and abandoning module SignalProcessing (353)
[2023.05.07-15.13.27:018][332]LogModuleManager: Shutting down and abandoning module NiagaraEditor (351)
[2023.05.07-15.13.27:018][332]LogModuleManager: Shutting down and abandoning module NiagaraCore (348)
[2023.05.07-15.13.27:018][332]LogModuleManager: Shutting down and abandoning module PropertyAccessNode (346)
[2023.05.07-15.13.27:018][332]LogModuleManager: Shutting down and abandoning module AnimationSharing (344)
[2023.05.07-15.13.27:018][332]LogModuleManager: Shutting down and abandoning module GameplayTagsEditor (342)
[2023.05.07-15.13.27:018][332]LogModuleManager: Shutting down and abandoning module FacialAnimationEditor (340)
[2023.05.07-15.13.27:018][332]LogModuleManager: Shutting down and abandoning module FacialAnimation (338)
[2023.05.07-15.13.27:018][332]LogModuleManager: Shutting down and abandoning module DataValidation (336)
[2023.05.07-15.13.27:018][332]LogModuleManager: Shutting down and abandoning module AssetManagerEditor (334)
[2023.05.07-15.13.27:018][332]LogModuleManager: Shutting down and abandoning module LevelEditor (333)
[2023.05.07-15.13.27:019][332]LogModuleManager: Shutting down and abandoning module PixelInspectorModule (332)
[2023.05.07-15.13.27:019][332]LogModuleManager: Shutting down and abandoning module CommonMenuExtensions (330)
[2023.05.07-15.13.27:019][332]LogModuleManager: Shutting down and abandoning module MainFrame (328)
[2023.05.07-15.13.27:019][332]LogModuleManager: Shutting down and abandoning module HotReload (327)
[2023.05.07-15.13.27:019][332]LogModuleManager: Shutting down and abandoning module ToolMenus (323)
[2023.05.07-15.13.27:019][332]LogModuleManager: Shutting down and abandoning module ContentBrowser (321)
[2023.05.07-15.13.27:019][332]LogModuleManager: Shutting down and abandoning module ContentBrowserData (320)
[2023.05.07-15.13.27:019][332]LogModuleManager: Shutting down and abandoning module TreeMap (317)
[2023.05.07-15.13.27:019][332]LogModuleManager: Shutting down and abandoning module LightPropagationVolumeRuntime (314)
[2023.05.07-15.13.27:019][332]LogModuleManager: Shutting down and abandoning module EnvironmentQueryEditor (312)
[2023.05.07-15.13.27:019][332]LogModuleManager: Shutting down and abandoning module Paper2D (310)
[2023.05.07-15.13.27:019][332]LogModuleManager: Shutting down and abandoning module WindowsMoviePlayer (308)
[2023.05.07-15.13.27:021][332]LogModuleManager: Shutting down and abandoning module WebMMoviePlayer (306)
[2023.05.07-15.13.27:021][332]LogModuleManager: Shutting down and abandoning module NetworkReplayStreaming (304)
[2023.05.07-15.13.27:021][332]LogModuleManager: Shutting down and abandoning module PacketHandler (302)
[2023.05.07-15.13.27:021][332]LogModuleManager: Shutting down and abandoning module ClothingSystemEditor (300)
[2023.05.07-15.13.27:021][332]LogModuleManager: Shutting down and abandoning module ClothingSystemRuntimeNv (298)
[2023.05.07-15.13.27:021][332]LogModuleManager: Shutting down and abandoning module MediaAssets (296)
[2023.05.07-15.13.27:021][332]LogModuleManager: Shutting down and abandoning module Overlay (294)
[2023.05.07-15.13.27:021][332]LogModuleManager: Shutting down and abandoning module OverlayEditor (293)
[2023.05.07-15.13.27:021][332]LogModuleManager: Shutting down and abandoning module VREditor (290)
[2023.05.07-15.13.27:021][332]LogModuleManager: Shutting down and abandoning module StringTableEditor (288)
[2023.05.07-15.13.27:021][332]LogModuleManager: Shutting down and abandoning module GameplayTasksEditor (286)
[2023.05.07-15.13.27:021][332]LogModuleManager: Shutting down and abandoning module BehaviorTreeEditor (284)
[2023.05.07-15.13.27:021][332]LogModuleManager: Shutting down and abandoning module FunctionalTesting (282)
[2023.05.07-15.13.27:021][332]LogModuleManager: Shutting down and abandoning module CollisionAnalyzer (280)
[2023.05.07-15.13.27:021][332]LogModuleManager: Shutting down and abandoning module WorkspaceMenuStructure (279)
[2023.05.07-15.13.27:021][332]LogModuleManager: Shutting down and abandoning module UMG (276)
[2023.05.07-15.13.27:021][332]LogModuleManager: Shutting down and abandoning module UMGEditor (275)
[2023.05.07-15.13.27:021][332]LogModuleManager: Shutting down and abandoning module MessageLog (273)
[2023.05.07-15.13.27:021][332]LogModuleManager: Shutting down and abandoning module SlateReflector (268)
[2023.05.07-15.13.27:021][332]LogModuleManager: Shutting down and abandoning module Slate (266)
[2023.05.07-15.13.27:021][332]LogModuleManager: Shutting down and abandoning module SlateCore (264)
[2023.05.07-15.13.27:022][332]LogModuleManager: Shutting down and abandoning module LandscapeEditorUtilities (262)
[2023.05.07-15.13.27:022][332]LogModuleManager: Shutting down and abandoning module UnrealEd (260)
[2023.05.07-15.13.27:022][332]LogModuleManager: Shutting down and abandoning module MRMesh (258)
[2023.05.07-15.13.27:022][332]LogModuleManager: Shutting down and abandoning module SourceCodeAccess (256)
[2023.05.07-15.13.27:022][332]LogModuleManager: Shutting down and abandoning module HeadMountedDisplay (254)
[2023.05.07-15.13.27:022][332]LogModuleManager: Shutting down and abandoning module XAudio2 (252)
[2023.05.07-15.13.27:022][332]LogModuleManager: Shutting down and abandoning module Networking (250)
[2023.05.07-15.13.27:022][332]LogModuleManager: Shutting down and abandoning module Core (248)
[2023.05.07-15.13.27:022][332]LogModuleManager: Shutting down and abandoning module MaterialEditor (246)
[2023.05.07-15.13.27:022][332]LogModuleManager: Shutting down and abandoning module MovieSceneTools (244)
[2023.05.07-15.13.27:022][332]LogModuleManager: Shutting down and abandoning module CurveEditor (243)
[2023.05.07-15.13.27:022][332]LogModuleManager: Shutting down and abandoning module Sequencer (241)
[2023.05.07-15.13.27:022][332]LogModuleManager: Shutting down and abandoning module EditorStyle (240)
[2023.05.07-15.13.27:022][332]LogModuleManager: Shutting down and abandoning module KismetCompiler (236)
[2023.05.07-15.13.27:022][332]LogModuleManager: Shutting down and abandoning module MeshBuilder (234)
[2023.05.07-15.13.27:022][332]LogModuleManager: Shutting down and abandoning module MeshUtilities (232)
[2023.05.07-15.13.27:022][332]LogModuleManager: Shutting down and abandoning module MeshMergeUtilities (231)
[2023.05.07-15.13.27:022][332]LogModuleManager: Shutting down and abandoning module MeshReductionInterface (230)
[2023.05.07-15.13.27:022][332]LogModuleManager: Shutting down and abandoning module MeshBoneReduction (229)
[2023.05.07-15.13.27:022][332]LogModuleManager: Shutting down and abandoning module SkeletalMeshReduction (227)
[2023.05.07-15.13.27:022][332]LogModuleManager: Shutting down and abandoning module ProxyLODMeshReduction (225)
[2023.05.07-15.13.27:022][332]LogModuleManager: Shutting down and abandoning module QuadricMeshReduction (223)
[2023.05.07-15.13.27:022][332]LogModuleManager: Shutting down and abandoning module MaterialBaking (219)
[2023.05.07-15.13.27:022][332]LogModuleManager: Shutting down and abandoning module NullInstallBundleManager (214)
[2023.05.07-15.13.27:023][332]LogModuleManager: Shutting down and abandoning module DerivedDataCache (212)
[2023.05.07-15.13.27:023][332]LogModuleManager: Shutting down and abandoning module TargetPlatform (210)
[2023.05.07-15.13.27:023][332]LogModuleManager: Shutting down and abandoning module VulkanShaderFormat (209)
[2023.05.07-15.13.27:023][332]LogModuleManager: Shutting down and abandoning module ShaderFormatVectorVM (207)
[2023.05.07-15.13.27:023][332]LogModuleManager: Shutting down and abandoning module ShaderFormatOpenGL (205)
[2023.05.07-15.13.27:023][332]LogModuleManager: Shutting down and abandoning module ShaderFormatD3D (203)
[2023.05.07-15.13.27:023][332]LogModuleManager: Shutting down and abandoning module MetalShaderFormat (201)
[2023.05.07-15.13.27:023][332]LogModuleManager: Shutting down and abandoning module TextureFormatOodle (199)
[2023.05.07-15.13.27:023][332]LogModuleManager: Shutting down and abandoning module TextureFormatUncompressed (197)
[2023.05.07-15.13.27:023][332]LogModuleManager: Shutting down and abandoning module TextureFormatPVR (195)
[2023.05.07-15.13.27:023][332]LogModuleManager: Shutting down and abandoning module TextureFormatETC2 (193)
[2023.05.07-15.13.27:023][332]LogModuleManager: Shutting down and abandoning module TextureFormatDXT (191)
[2023.05.07-15.13.27:023][332]LogModuleManager: Shutting down and abandoning module TextureFormatIntelISPCTexComp (189)
[2023.05.07-15.13.27:023][332]LogModuleManager: Shutting down and abandoning module TextureFormatASTC (187)
[2023.05.07-15.13.27:023][332]LogModuleManager: Shutting down and abandoning module ImageWrapper (186)
[2023.05.07-15.13.27:023][332]LogModuleManager: Shutting down and abandoning module AudioFormatOpus (183)
[2023.05.07-15.13.27:023][332]LogModuleManager: Shutting down and abandoning module AudioFormatOgg (181)
[2023.05.07-15.13.27:023][332]LogModuleManager: Shutting down and abandoning module AudioFormatADPCM (179)
[2023.05.07-15.13.27:023][332]LogModuleManager: Shutting down and abandoning module WindowsServerTargetPlatform (177)
[2023.05.07-15.13.27:023][332]LogModuleManager: Shutting down and abandoning module WindowsClientTargetPlatform (175)
[2023.05.07-15.13.27:023][332]LogModuleManager: Shutting down and abandoning module WindowsTargetPlatform (173)
[2023.05.07-15.13.27:023][332]LogModuleManager: Shutting down and abandoning module WindowsNoEditorTargetPlatform (171)
[2023.05.07-15.13.27:023][332]LogModuleManager: Shutting down and abandoning module TVOSTargetPlatform (169)
[2023.05.07-15.13.27:023][332]LogModuleManager: Shutting down and abandoning module MacServerTargetPlatform (167)
[2023.05.07-15.13.27:023][332]LogModuleManager: Shutting down and abandoning module MacClientTargetPlatform (165)
[2023.05.07-15.13.27:023][332]LogModuleManager: Shutting down and abandoning module MacTargetPlatform (163)
[2023.05.07-15.13.27:023][332]LogModuleManager: Shutting down and abandoning module MacNoEditorTargetPlatform (161)
[2023.05.07-15.13.27:023][332]LogModuleManager: Shutting down and abandoning module LuminTargetPlatform (159)
[2023.05.07-15.13.27:024][332]LogModuleManager: Shutting down and abandoning module LinuxAArch64ServerTargetPlatform (157)
[2023.05.07-15.13.27:024][332]LogModuleManager: Shutting down and abandoning module LinuxAArch64ClientTargetPlatform (155)
[2023.05.07-15.13.27:024][332]LogModuleManager: Shutting down and abandoning module LinuxAArch64NoEditorTargetPlatform (153)
[2023.05.07-15.13.27:024][332]LogModuleManager: Shutting down and abandoning module LinuxServerTargetPlatform (151)
[2023.05.07-15.13.27:024][332]LogModuleManager: Shutting down and abandoning module LinuxClientTargetPlatform (149)
[2023.05.07-15.13.27:024][332]LogModuleManager: Shutting down and abandoning module LinuxNoEditorTargetPlatform (147)
[2023.05.07-15.13.27:024][332]LogModuleManager: Shutting down and abandoning module LinuxTargetPlatform (145)
[2023.05.07-15.13.27:024][332]LogModuleManager: Shutting down and abandoning module Messaging (143)
[2023.05.07-15.13.27:024][332]LogModuleManager: Shutting down and abandoning module IOSTargetPlatform (141)
[2023.05.07-15.13.27:025][332]LogModuleManager: Shutting down and abandoning module AndroidTargetPlatform (139)
[2023.05.07-15.13.27:026][332]LogModuleManager: Shutting down and abandoning module AllDesktopTargetPlatform (137)
[2023.05.07-15.13.27:026][332]LogModuleManager: Shutting down and abandoning module D3D11RHI (134)
[2023.05.07-15.13.27:026][332]LogModuleManager: Shutting down and abandoning module InputCore (132)
[2023.05.07-15.13.27:026][332]LogModuleManager: Shutting down and abandoning module Settings (130)
[2023.05.07-15.13.27:026][332]LogModuleManager: Shutting down and abandoning module DirectoryWatcher (128)
[2023.05.07-15.13.27:027][332]LogModuleManager: Shutting down and abandoning module PhysXCooking (126)
[2023.05.07-15.13.27:027][332]LogModuleManager: Shutting down and abandoning module Chaos (124)
[2023.05.07-15.13.27:027][332]LogModuleManager: Shutting down and abandoning module WindowsPlatformFeatures (122)
[2023.05.07-15.13.27:027][332]LogModuleManager: Shutting down and abandoning module GameplayMediaEncoder (121)
[2023.05.07-15.13.27:027][332]LogModuleManager: Shutting down and abandoning module AVEncoder (120)
[2023.05.07-15.13.27:027][332]LogModuleManager: Shutting down and abandoning module SteamVRInputDevice (116)
[2023.05.07-15.13.27:027][332]LogModuleManager: Shutting down and abandoning module SteamVRInput (114)
[2023.05.07-15.13.27:027][332]LogModuleManager: Shutting down and abandoning module SteamVR (112)
[2023.05.07-15.13.27:027][332]LogHMD: Freeing OpenVRDLLHandle.
[2023.05.07-15.13.27:027][332]LogModuleManager: Shutting down and abandoning module OculusHMD (110)
[2023.05.07-15.13.27:027][332]LogModuleManager: Shutting down and abandoning module LauncherChunkInstaller (108)
[2023.05.07-15.13.27:027][332]LogModuleManager: Shutting down and abandoning module OpenXRHandTracking (106)
[2023.05.07-15.13.27:027][332]LogSlate: Slate User Destroyed.  User Index 0, Is Virtual User: 0
[2023.05.07-15.13.27:027][332]LogModuleManager: Shutting down and abandoning module OpenXREyeTracker (104)
[2023.05.07-15.13.27:027][332]LogModuleManager: Shutting down and abandoning module OpenXRAR (102)
[2023.05.07-15.13.27:027][332]LogModuleManager: Shutting down and abandoning module AugmentedReality (101)
[2023.05.07-15.13.27:027][332]LogModuleManager: Shutting down and abandoning module OpenXRHMD (98)
[2023.05.07-15.13.27:027][332]LogModuleManager: Shutting down and abandoning module ExampleDeviceProfileSelector (96)
[2023.05.07-15.13.27:027][332]LogModuleManager: Shutting down and abandoning module ChunkDownloader (94)
[2023.05.07-15.13.27:027][332]LogModuleManager: Shutting down and abandoning module OnlineBlueprintSupport (92)
[2023.05.07-15.13.27:027][332]LogModuleManager: Shutting down and abandoning module OnlineSubsystem (88)
[2023.05.07-15.13.27:028][332]LogModuleManager: Shutting down and abandoning module XMPP (83)
[2023.05.07-15.13.27:028][332]LogModuleManager: Shutting down and abandoning module WebSockets (82)
[2023.05.07-15.13.27:037][332]LogModuleManager: Shutting down and abandoning module HTTP (79)
[2023.05.07-15.13.27:037][332]LogHttp: Display: Http module shutting down, but needs to wait on 1 outstanding Http requests:
[2023.05.07-15.13.27:037][332]LogHttp: Display: 	verb=[POST] url=[https://datarouter.ol.epicgames.com/datarouter/api/v1/public/data?SessionID=%7BEEB30071-4F59-0D49-2799-78BFBCFBCD5A%7D&AppID=UEEditor.Rocket.Release&AppVersion=4.27.0-17155196%2B%2B%2BUE4%2BRelease-4.27&UserID=6c323a574de77068069fd1a69ce5459b%7Ce0d89e8bb4f042d48aa65e438af618d2%7C27c992d2-39c7-4861-bb46-ff907c92b92a&AppEnvironment=datacollector-binary&UploadType=eteventstream] refs=[1] status=Processing
[2023.05.07-15.13.27:037][332]LogHttp: Display: cleaning up 1 outstanding Http requests.
[2023.05.07-15.13.27:059][332]LogModuleManager: Shutting down and abandoning module SSL (78)
[2023.05.07-15.13.27:060][332]LogModuleManager: Shutting down and abandoning module WmfMedia (74)
[2023.05.07-15.13.27:063][332]LogModuleManager: Shutting down and abandoning module Media (73)
[2023.05.07-15.13.27:064][332]LogModuleManager: Shutting down and abandoning module MediaInfo (72)
[2023.05.07-15.13.27:064][332]LogModuleManager: Shutting down and abandoning module ExrReaderGpu (68)
[2023.05.07-15.13.27:064][332]LogModuleManager: Shutting down and abandoning module MLSDK (66)
[2023.05.07-15.13.27:064][332]LogModuleManager: Shutting down and abandoning module MagicLeap (64)
[2023.05.07-15.13.27:064][332]LogModuleManager: Shutting down and abandoning module NiagaraVertexFactories (62)
[2023.05.07-15.13.27:064][332]LogModuleManager: Shutting down and abandoning module NiagaraShader (60)
[2023.05.07-15.13.27:064][332]LogModuleManager: Shutting down and abandoning module ChaosCloth (58)
[2023.05.07-15.13.27:064][332]LogModuleManager: Shutting down and abandoning module PixWinPlugin (56)
[2023.05.07-15.13.27:064][332]LogModuleManager: Shutting down and abandoning module VariantManagerContent (54)
[2023.05.07-15.13.27:064][332]LogModuleManager: Shutting down and abandoning module DatasmithContent (52)
[2023.05.07-15.13.27:065][332]LogModuleManager: Shutting down and abandoning module AISupportModule (50)
[2023.05.07-15.13.27:065][332]LogModuleManager: Shutting down and abandoning module DesktopPlatform (48)
[2023.05.07-15.13.27:065][332]LogModuleManager: Shutting down and abandoning module PythonScriptPluginPreload (46)
[2023.05.07-15.13.27:065][332]LogModuleManager: Shutting down and abandoning module PlatformCryptoOpenSSL (44)
[2023.05.07-15.13.27:065][332]LogModuleManager: Shutting down and abandoning module PlatformCryptoTypes (42)
[2023.05.07-15.13.27:065][332]LogModuleManager: Shutting down and abandoning module PlatformCrypto (40)
[2023.05.07-15.13.27:065][332]LogModuleManager: Shutting down and abandoning module OodleDataCompressionFormat (38)
[2023.05.07-15.13.27:065][332]LogModuleManager: Shutting down and abandoning module XGEController (36)
[2023.05.07-15.13.27:065][332]LogXGEController: Cleaning working directory: C:/Users/Asus/AppData/Local/Temp/UnrealXGEWorkingDir/
[2023.05.07-15.13.27:065][332]LogModuleManager: Shutting down and abandoning module AnimationModifiers (34)
[2023.05.07-15.13.27:065][332]LogModuleManager: Shutting down and abandoning module AudioEditor (32)
[2023.05.07-15.13.27:065][332]LogModuleManager: Shutting down and abandoning module PropertyEditor (31)
[2023.05.07-15.13.27:065][332]LogModuleManager: Shutting down and abandoning module TextureCompressor (28)
[2023.05.07-15.13.27:065][332]LogModuleManager: Shutting down and abandoning module RenderCore (26)
[2023.05.07-15.13.27:065][332]LogModuleManager: Shutting down and abandoning module Landscape (24)
[2023.05.07-15.13.27:065][332]LogModuleManager: Shutting down and abandoning module SlateRHIRenderer (22)
[2023.05.07-15.13.27:065][332]LogModuleManager: Shutting down and abandoning module AnimGraphRuntime (20)
[2023.05.07-15.13.27:065][332]LogModuleManager: Shutting down and abandoning module Renderer (18)
[2023.05.07-15.13.27:065][332]LogModuleManager: Shutting down and abandoning module Engine (16)
[2023.05.07-15.13.27:066][332]LogModuleManager: Shutting down and abandoning module CoreUObject (14)
[2023.05.07-15.13.27:066][332]LogModuleManager: Shutting down and abandoning module NetworkFile (12)
[2023.05.07-15.13.27:066][332]LogModuleManager: Shutting down and abandoning module CookedIterativeFile (10)
[2023.05.07-15.13.27:066][332]LogModuleManager: Shutting down and abandoning module StreamingFile (8)
[2023.05.07-15.13.27:066][332]LogModuleManager: Shutting down and abandoning module SandboxFile (6)
[2023.05.07-15.13.27:066][332]LogModuleManager: Shutting down and abandoning module PakFile (4)
[2023.05.07-15.13.27:066][332]LogModuleManager: Shutting down and abandoning module RSA (3)
[2023.05.07-15.13.27:066][332]LogContentStreaming: Display: There are 1 unreleased StreamingManagers
[2023.05.07-15.13.27:066][332]LogD3D11RHI: Shutdown
[2023.05.07-15.13.27:066][332]LogD3D11RHI: CleanupD3DDevice
[2023.05.07-15.13.27:076][332]LogExit: Exiting.
[2023.05.07-15.13.27:086][332]Log file closed, 05/07/23 18:43:27
