Log file open, 04/27/23 17:05:45
LogWindows: Failed to load 'aqProf.dll' (GetLastError=126)
LogWindows: File 'aqProf.dll' does not exist
LogWindows: Failed to load 'VtuneApi.dll' (GetLastError=126)
LogWindows: File 'VtuneApi.dll' does not exist
LogWindows: Failed to load 'VtuneApi32e.dll' (GetLastError=126)
LogWindows: File 'VtuneApi32e.dll' does not exist
LogConsoleResponse: Display: Failed to find resolution value strings in scalability ini. Falling back to default.
LogConsoleResponse: Display: Failed to find resolution value strings in scalability ini. Falling back to default.
LogInit: Display: Running engine for game: SpeedLimit_UniAzad
LogPlatformFile: Not using cached read wrapper
LogTaskGraph: Started task graph with 5 named threads and 23 total threads with 3 sets of task threads.
LogStats: Stats thread started at 0.369649
LogICUInternationalization: ICU TimeZone Detection - Raw Offset: +3:30, Platform Override: ''
LogInit: Display: Loading text-based GConfig....
LogPluginManager: Mounting plugin MeshPainting
LogPluginManager: Mounting plugin XGEController
LogPluginManager: Mounting plugin LightPropagationVolume
LogPluginManager: Mounting plugin LiveLink
LogPluginManager: Mounting plugin AISupport
LogPluginManager: Mounting plugin EnvironmentQueryEditor
LogPluginManager: Mounting plugin Paper2D
LogPluginManager: Mounting plugin OodleData
LogPluginManager: Mounting plugin OodleNetwork
LogPluginManager: Mounting plugin GameplayCameras
LogPluginManager: Mounting plugin CameraShakePreviewer
LogPluginManager: Mounting plugin AssetManagerEditor
LogPluginManager: Mounting plugin CryptoKeys
LogPluginManager: Mounting plugin DataValidation
LogPluginManager: Mounting plugin FacialAnimation
LogPluginManager: Mounting plugin GameplayTagsEditor
LogPluginManager: Mounting plugin MacGraphicsSwitching
LogPluginManager: Mounting plugin CurveEditorTools
LogPluginManager: Mounting plugin GeometryMode
LogPluginManager: Mounting plugin MaterialAnalyzer
LogPluginManager: Mounting plugin MobileLauncherProfileWizard
LogPluginManager: Mounting plugin SpeedTreeImporter
LogPluginManager: Mounting plugin PluginBrowser
LogPluginManager: Mounting plugin AnimationSharing
LogPluginManager: Mounting plugin CLionSourceCodeAccess
LogPluginManager: Mounting plugin KDevelopSourceCodeAccess
LogPluginManager: Mounting plugin CodeLiteSourceCodeAccess
LogPluginManager: Mounting plugin DatasmithContent
LogPluginManager: Mounting plugin GitSourceControl
LogPluginManager: Mounting plugin NullSourceCodeAccess
LogPluginManager: Mounting plugin PixWinPlugin
LogPluginManager: Mounting plugin PluginUtils
LogPluginManager: Mounting plugin PerforceSourceControl
LogPluginManager: Mounting plugin PlasticSourceControl
LogPluginManager: Mounting plugin RiderSourceCodeAccess
LogPluginManager: Mounting plugin PropertyAccessNode
LogPluginManager: Mounting plugin TextureFormatOodle
LogPluginManager: Mounting plugin SubversionSourceControl
LogPluginManager: Mounting plugin UObjectPlugin
LogPluginManager: Mounting plugin VariantManagerContent
LogPluginManager: Mounting plugin XCodeSourceCodeAccess
LogPluginManager: Mounting plugin VisualStudioSourceCodeAccess
LogPluginManager: Mounting plugin AlembicImporter
LogPluginManager: Mounting plugin Niagara
LogPluginManager: Mounting plugin VisualStudioCodeSourceCodeAccess
LogPluginManager: Mounting plugin BackChannel
LogPluginManager: Mounting plugin AutomationUtils
LogPluginManager: Mounting plugin ChaosCloth
LogPluginManager: Mounting plugin ChaosSolverPlugin
LogPluginManager: Mounting plugin ChaosClothEditor
LogPluginManager: Mounting plugin ChaosEditor
LogPluginManager: Mounting plugin CharacterAI
LogPluginManager: Mounting plugin ChaosNiagara
LogPluginManager: Mounting plugin GeometryCache
LogPluginManager: Mounting plugin MagicLeap
LogPluginManager: Mounting plugin GeometryCollectionPlugin
LogPluginManager: Mounting plugin LuminPlatformFeatures
LogPluginManager: Mounting plugin MagicLeapMedia
LogPluginManager: Mounting plugin MagicLeapLightEstimation
LogPluginManager: Mounting plugin MLSDK
LogPluginManager: Mounting plugin MagicLeapPassableWorld
LogPluginManager: Mounting plugin GeometryProcessing
LogPluginManager: Mounting plugin OpenImageDenoise
LogPluginManager: Mounting plugin PlanarCut
LogPluginManager: Mounting plugin PlatformCrypto
LogPluginManager: Mounting plugin MotoSynth
LogPluginManager: Mounting plugin TcpMessaging
LogPluginManager: Mounting plugin ProxyLODPlugin
LogPluginManager: Mounting plugin UdpMessaging
LogPluginManager: Mounting plugin PythonScriptPlugin
LogPluginManager: Mounting plugin SkeletalReduction
LogPluginManager: Mounting plugin ActorSequence
LogPluginManager: Mounting plugin LevelSequenceEditor
LogPluginManager: Mounting plugin MatineeToLevelSequence
LogPluginManager: Mounting plugin TemplateSequence
LogPluginManager: Mounting plugin AvfMedia
LogPluginManager: Mounting plugin AndroidMedia
LogPluginManager: Mounting plugin LauncherChunkInstaller
LogPluginManager: Mounting plugin ImgMedia
LogPluginManager: Mounting plugin MediaCompositing
LogPluginManager: Mounting plugin WebMMedia
LogPluginManager: Mounting plugin MediaPlayerEditor
LogPluginManager: Mounting plugin WmfMedia
LogPluginManager: Mounting plugin OnlineSubsystem
LogPluginManager: Mounting plugin OnlineSubsystemNull
LogPluginManager: Mounting plugin OnlineSubsystemUtils
LogPluginManager: Mounting plugin AndroidDeviceProfileSelector
LogPluginManager: Mounting plugin ActorLayerUtilities
LogPluginManager: Mounting plugin AndroidMoviePlayer
LogPluginManager: Mounting plugin AndroidPermission
LogPluginManager: Mounting plugin AppleImageUtils
LogPluginManager: Mounting plugin AssetTags
LogPluginManager: Mounting plugin ArchVisCharacter
LogPluginManager: Mounting plugin AppleMoviePlayer
LogPluginManager: Mounting plugin AudioCapture
LogPluginManager: Mounting plugin AudioSynesthesia
LogPluginManager: Mounting plugin ChunkDownloader
LogPluginManager: Mounting plugin CableComponent
LogPluginManager: Mounting plugin CustomMeshComponent
LogPluginManager: Mounting plugin EditableMesh
LogPluginManager: Mounting plugin ExampleDeviceProfileSelector
LogPluginManager: Mounting plugin GoogleCloudMessaging
LogPluginManager: Mounting plugin GooglePAD
LogPluginManager: Mounting plugin IOSDeviceProfileSelector
LogPluginManager: Mounting plugin LinuxDeviceProfileSelector
LogPluginManager: Mounting plugin LocationServicesBPLibrary
LogPluginManager: Mounting plugin MobilePatchingUtils
LogPluginManager: Mounting plugin OpenXR
LogPluginManager: Mounting plugin OpenXRHandTracking
LogPluginManager: Mounting plugin OpenXREyeTracker
LogPluginManager: Mounting plugin PhysXVehicles
LogPluginManager: Mounting plugin ScreenshotTools
LogPluginManager: Mounting plugin PostSplashScreen
LogPluginManager: Mounting plugin Takes
LogPluginManager: Mounting plugin ProceduralMeshComponent
LogPluginManager: Mounting plugin PropertyAccessEditor
LogPluginManager: Mounting plugin RuntimePhysXCooking
LogPluginManager: Mounting plugin SignificanceManager
LogPluginManager: Mounting plugin SoundFields
LogPluginManager: Mounting plugin Synthesis
LogPluginManager: Mounting plugin WebMMoviePlayer
LogPluginManager: Mounting plugin WindowsMoviePlayer
LogPluginManager: Mounting plugin ContentBrowserClassDataSource
LogPluginManager: Mounting plugin ContentBrowserAssetDataSource
LogPluginManager: Mounting plugin ContentBrowserFileDataSource
LogPluginManager: Mounting plugin OnlineSubsystemGooglePlay
LogPluginManager: Mounting plugin OnlineSubsystemIOS
LogPluginManager: Mounting plugin OculusVR
LogPluginManager: Mounting plugin SteamVR
PixWinPlugin: PIX capture plugin failed to initialize! Check that the process is launched from PIX.
LogInit: Using libcurl 7.55.1-DEV
LogInit:  - built for x86_64-pc-win32
LogInit:  - supports SSL with OpenSSL/1.1.1
LogInit:  - supports HTTP deflate (compression) using libz 1.2.8
LogInit:  - other features:
LogInit:      CURL_VERSION_SSL
LogInit:      CURL_VERSION_LIBZ
LogInit:      CURL_VERSION_IPV6
LogInit:      CURL_VERSION_ASYNCHDNS
LogInit:      CURL_VERSION_LARGEFILE
LogInit:      CURL_VERSION_IDN
LogInit:  CurlRequestOptions (configurable via config and command line):
LogInit:  - bVerifyPeer = true  - Libcurl will verify peer certificate
LogInit:  - bUseHttpProxy = false  - Libcurl will NOT use HTTP proxy
LogInit:  - bDontReuseConnections = false  - Libcurl will reuse connections
LogInit:  - MaxHostConnections = 16  - Libcurl will limit the number of connections to a host
LogInit:  - LocalHostAddr = Default
LogInit:  - BufferSize = 65536
LogOnline: OSS: Creating online subsystem instance for: NULL
LogInit: WinSock: version 1.1 (2.2), MaxSocks=32767, MaxUdp=65467
LogOnline: OSS: TryLoadSubsystemAndSetDefault: Loaded subsystem for module [NULL]
LogOculusPluginWrapper: OculusPlugin initialized successfully
LogHMD: Failed initializing OVRPlugin 1.59.0
LogInit: Build: ++UE4+Release-4.27-CL-17155196
LogInit: Engine Version: 4.27.0-17155196+++UE4+Release-4.27
LogInit: Compatible Engine Version: 4.27.0-17155196+++UE4+Release-4.27
LogInit: Net CL: 17155196
LogInit: OS: Windows 10 (Release 2009) (), CPU: 11th Gen Intel(R) Core(TM) i7-1195G7 @ 2.90GHz, GPU: Intel(R) Iris(R) Xe Graphics
LogInit: Compiled (64-bit): Aug 13 2021 06:13:13
LogInit: Compiled with Visual C++: 19.24.28315.00
LogInit: Build Configuration: Development
LogInit: Branch Name: ++UE4+Release-4.27
LogInit: Command Line: 
LogInit: Base Directory: E:/Downloads/unreal_engine_v4.27_compiled/Unreal Engine v4.27 Compiled/Engine/Binaries/Win64/
LogInit: Allocator: TBB
LogInit: Installed Engine Build: 1
LogDevObjectVersion: Number of dev versions registered: 29
LogDevObjectVersion:   Dev-Blueprints (B0D832E4-1F89-4F0D-ACCF-7EB736FD4AA2): 10
LogDevObjectVersion:   Dev-Build (E1C64328-A22C-4D53-A36C-8E866417BD8C): 0
LogDevObjectVersion:   Dev-Core (375EC13C-06E4-48FB-B500-84F0262A717E): 4
LogDevObjectVersion:   Dev-Editor (E4B068ED-F494-42E9-A231-DA0B2E46BB41): 40
LogDevObjectVersion:   Dev-Framework (CFFC743F-43B0-4480-9391-14DF171D2073): 37
LogDevObjectVersion:   Dev-Mobile (B02B49B5-BB20-44E9-A304-32B752E40360): 3
LogDevObjectVersion:   Dev-Networking (A4E4105C-59A1-49B5-A7C5-40C4547EDFEE): 0
LogDevObjectVersion:   Dev-Online (39C831C9-5AE6-47DC-9A44-9C173E1C8E7C): 0
LogDevObjectVersion:   Dev-Physics (78F01B33-EBEA-4F98-B9B4-84EACCB95AA2): 14
LogDevObjectVersion:   Dev-Platform (6631380F-2D4D-43E0-8009-CF276956A95A): 0
LogDevObjectVersion:   Dev-Rendering (12F88B9F-8875-4AFC-A67C-D90C383ABD29): 45
LogDevObjectVersion:   Dev-Sequencer (7B5AE74C-D270-4C10-A958-57980B212A5A): 13
LogDevObjectVersion:   Dev-VR (D7296918-1DD6-4BDD-9DE2-64A83CC13884): 3
LogDevObjectVersion:   Dev-LoadTimes (C2A15278-BFE7-4AFE-6C17-90FF531DF755): 1
LogDevObjectVersion:   Private-Geometry (6EACA3D4-40EC-4CC1-B786-8BED09428FC5): 3
LogDevObjectVersion:   Dev-AnimPhys (29E575DD-E0A3-4627-9D10-D276232CDCEA): 17
LogDevObjectVersion:   Dev-Anim (AF43A65D-7FD3-4947-9873-3E8ED9C1BB05): 15
LogDevObjectVersion:   Dev-ReflectionCapture (6B266CEC-1EC7-4B8F-A30B-E4D90942FC07): 1
LogDevObjectVersion:   Dev-Automation (0DF73D61-A23F-47EA-B727-89E90C41499A): 1
LogDevObjectVersion:   FortniteMain (601D1886-AC64-4F84-AA16-D3DE0DEAC7D6): 47
LogDevObjectVersion:   FortniteRelease (E7086368-6B23-4C58-8439-1B7016265E91): 1
LogDevObjectVersion:   Dev-Enterprise (9DFFBCD6-494F-0158-E221-12823C92A888): 10
LogDevObjectVersion:   Dev-Niagara (F2AED0AC-9AFE-416F-8664-AA7FFA26D6FC): 1
LogDevObjectVersion:   Dev-Destruction (174F1F0B-B4C6-45A5-B13F-2EE8D0FB917D): 10
LogDevObjectVersion:   Dev-Physics-Ext (35F94A83-E258-406C-A318-09F59610247C): 41
LogDevObjectVersion:   Dev-PhysicsMaterial-Chaos (B68FC16E-8B1B-42E2-B453-215C058844FE): 1
LogDevObjectVersion:   Dev-CineCamera (B2E18506-4273-CFC2-A54E-F4BB758BBA07): 1
LogDevObjectVersion:   Dev-VirtualProduction (64F58936-FD1B-42BA-BA96-7289D5D0FA4E): 1
LogDevObjectVersion:   Dev-MediaFramework (6F0ED827-A609-4895-9C91-998D90180EA4): 2
LogInit: Presizing for max 25165824 objects, including 0 objects not considered by GC, pre-allocating 0 bytes for permanent pool.
LogConfig: Applying CVar settings from Section [/Script/Engine.StreamingSettings] File [E:/Asus/Documents/GitHub/TheTroubleMakers/Unreal Engine Project/SpeedLimit_UniAzad/Saved/Config/Windows/Engine.ini]
LogConfig: Setting CVar [[s.MinBulkDataSizeForAsyncLoading:131072]]
LogConfig: Setting CVar [[s.AsyncLoadingThreadEnabled:0]]
LogConfig: Setting CVar [[s.EventDrivenLoaderEnabled:1]]
LogConfig: Setting CVar [[s.WarnIfTimeLimitExceeded:0]]
LogConfig: Setting CVar [[s.TimeLimitExceededMultiplier:1.5]]
LogConfig: Setting CVar [[s.TimeLimitExceededMinTime:0.005]]
LogConfig: Setting CVar [[s.UseBackgroundLevelStreaming:1]]
LogConfig: Setting CVar [[s.PriorityAsyncLoadingExtraTime:15.0]]
LogConfig: Setting CVar [[s.LevelStreamingActorsUpdateTimeLimit:5.0]]
LogConfig: Setting CVar [[s.PriorityLevelStreamingActorsUpdateExtraTime:5.0]]
LogConfig: Setting CVar [[s.LevelStreamingComponentsRegistrationGranularity:10]]
LogConfig: Setting CVar [[s.UnregisterComponentsTimeLimit:1.0]]
LogConfig: Setting CVar [[s.LevelStreamingComponentsUnregistrationGranularity:5]]
LogConfig: Setting CVar [[s.FlushStreamingOnExit:1]]
LogInit: Object subsystem initialized
LogConfig: Setting CVar [[con.DebugEarlyDefault:1]]
LogConfig: Setting CVar [[r.setres:1280x720]]
[2023.04.27-13.35.47:648][  0]LogConfig: Setting CVar [[r.VSync:0]]
[2023.04.27-13.35.47:648][  0]LogConfig: Setting CVar [[r.RHICmdBypass:0]]
[2023.04.27-13.35.47:648][  0]LogConfig: Applying CVar settings from Section [/Script/Engine.RendererSettings] File [E:/Asus/Documents/GitHub/TheTroubleMakers/Unreal Engine Project/SpeedLimit_UniAzad/Saved/Config/Windows/Engine.ini]
[2023.04.27-13.35.47:649][  0]LogConfig: Setting CVar [[r.GPUCrashDebugging:0]]
[2023.04.27-13.35.47:649][  0]LogConfig: Applying CVar settings from Section [/Script/Engine.RendererOverrideSettings] File [E:/Asus/Documents/GitHub/TheTroubleMakers/Unreal Engine Project/SpeedLimit_UniAzad/Saved/Config/Windows/Engine.ini]
[2023.04.27-13.35.47:649][  0]LogConfig: Applying CVar settings from Section [/Script/Engine.StreamingSettings] File [E:/Asus/Documents/GitHub/TheTroubleMakers/Unreal Engine Project/SpeedLimit_UniAzad/Saved/Config/Windows/Engine.ini]
[2023.04.27-13.35.47:649][  0]LogConfig: Setting CVar [[s.MinBulkDataSizeForAsyncLoading:131072]]
[2023.04.27-13.35.47:649][  0]LogConfig: Setting CVar [[s.AsyncLoadingThreadEnabled:0]]
[2023.04.27-13.35.47:649][  0]LogConfig: Setting CVar [[s.EventDrivenLoaderEnabled:1]]
[2023.04.27-13.35.47:649][  0]LogConfig: Setting CVar [[s.WarnIfTimeLimitExceeded:0]]
[2023.04.27-13.35.47:649][  0]LogConfig: Setting CVar [[s.TimeLimitExceededMultiplier:1.5]]
[2023.04.27-13.35.47:649][  0]LogConfig: Setting CVar [[s.TimeLimitExceededMinTime:0.005]]
[2023.04.27-13.35.47:649][  0]LogConfig: Setting CVar [[s.UseBackgroundLevelStreaming:1]]
[2023.04.27-13.35.47:649][  0]LogConfig: Setting CVar [[s.PriorityAsyncLoadingExtraTime:15.0]]
[2023.04.27-13.35.47:649][  0]LogConfig: Setting CVar [[s.LevelStreamingActorsUpdateTimeLimit:5.0]]
[2023.04.27-13.35.47:649][  0]LogConfig: Setting CVar [[s.PriorityLevelStreamingActorsUpdateExtraTime:5.0]]
[2023.04.27-13.35.47:649][  0]LogConfig: Setting CVar [[s.LevelStreamingComponentsRegistrationGranularity:10]]
[2023.04.27-13.35.47:649][  0]LogConfig: Setting CVar [[s.UnregisterComponentsTimeLimit:1.0]]
[2023.04.27-13.35.47:649][  0]LogConfig: Setting CVar [[s.LevelStreamingComponentsUnregistrationGranularity:5]]
[2023.04.27-13.35.47:649][  0]LogConfig: Setting CVar [[s.FlushStreamingOnExit:1]]
[2023.04.27-13.35.47:649][  0]LogConfig: Applying CVar settings from Section [/Script/Engine.GarbageCollectionSettings] File [E:/Asus/Documents/GitHub/TheTroubleMakers/Unreal Engine Project/SpeedLimit_UniAzad/Saved/Config/Windows/Engine.ini]
[2023.04.27-13.35.47:649][  0]LogConfig: Setting CVar [[gc.MaxObjectsNotConsideredByGC:1]]
[2023.04.27-13.35.47:649][  0]LogConfig: Setting CVar [[gc.SizeOfPermanentObjectPool:0]]
[2023.04.27-13.35.47:649][  0]LogConfig: Setting CVar [[gc.FlushStreamingOnGC:0]]
[2023.04.27-13.35.47:649][  0]LogConfig: Setting CVar [[gc.NumRetriesBeforeForcingGC:10]]
[2023.04.27-13.35.47:649][  0]LogConfig: Setting CVar [[gc.AllowParallelGC:1]]
[2023.04.27-13.35.47:649][  0]LogConfig: Setting CVar [[gc.TimeBetweenPurgingPendingKillObjects:61.1]]
[2023.04.27-13.35.47:649][  0]LogConfig: Setting CVar [[gc.MaxObjectsInEditor:25165824]]
[2023.04.27-13.35.47:649][  0]LogConfig: Setting CVar [[gc.IncrementalBeginDestroyEnabled:1]]
[2023.04.27-13.35.47:649][  0]LogConfig: Setting CVar [[gc.CreateGCClusters:1]]
[2023.04.27-13.35.47:649][  0]LogConfig: Setting CVar [[gc.MinGCClusterSize:5]]
[2023.04.27-13.35.47:649][  0]LogConfig: Setting CVar [[gc.ActorClusteringEnabled:0]]
[2023.04.27-13.35.47:649][  0]LogConfig: Setting CVar [[gc.BlueprintClusteringEnabled:0]]
[2023.04.27-13.35.47:649][  0]LogConfig: Setting CVar [[gc.UseDisregardForGCOnDedicatedServers:0]]
[2023.04.27-13.35.47:649][  0]LogConfig: Setting CVar [[gc.MultithreadedDestructionEnabled:1]]
[2023.04.27-13.35.47:649][  0]LogConfig: Applying CVar settings from Section [/Script/Engine.NetworkSettings] File [E:/Asus/Documents/GitHub/TheTroubleMakers/Unreal Engine Project/SpeedLimit_UniAzad/Saved/Config/Windows/Engine.ini]
[2023.04.27-13.35.47:649][  0]LogConfig: Applying CVar settings from Section [/Script/UnrealEd.CookerSettings] File [E:/Asus/Documents/GitHub/TheTroubleMakers/Unreal Engine Project/SpeedLimit_UniAzad/Saved/Config/Windows/Engine.ini]
[2023.04.27-13.35.47:682][  0]LogConfig: Applying CVar settings from Section [ViewDistanceQuality@3] File [E:/Asus/Documents/GitHub/TheTroubleMakers/Unreal Engine Project/SpeedLimit_UniAzad/Saved/Config/Windows/Scalability.ini]
[2023.04.27-13.35.47:682][  0]LogConfig: Setting CVar [[r.SkeletalMeshLODBias:0]]
[2023.04.27-13.35.47:682][  0]LogConfig: Setting CVar [[r.ViewDistanceScale:1.0]]
[2023.04.27-13.35.47:682][  0]LogConfig: Applying CVar settings from Section [AntiAliasingQuality@3] File [E:/Asus/Documents/GitHub/TheTroubleMakers/Unreal Engine Project/SpeedLimit_UniAzad/Saved/Config/Windows/Scalability.ini]
[2023.04.27-13.35.47:682][  0]LogConfig: Setting CVar [[r.PostProcessAAQuality:4]]
[2023.04.27-13.35.47:682][  0]LogConfig: Applying CVar settings from Section [ShadowQuality@3] File [E:/Asus/Documents/GitHub/TheTroubleMakers/Unreal Engine Project/SpeedLimit_UniAzad/Saved/Config/Windows/Scalability.ini]
[2023.04.27-13.35.47:682][  0]LogConfig: Setting CVar [[r.LightFunctionQuality:1]]
[2023.04.27-13.35.47:682][  0]LogConfig: Setting CVar [[r.ShadowQuality:5]]
[2023.04.27-13.35.47:682][  0]LogConfig: Setting CVar [[r.Shadow.CSM.MaxCascades:10]]
[2023.04.27-13.35.47:682][  0]LogConfig: Setting CVar [[r.Shadow.MaxResolution:2048]]
[2023.04.27-13.35.47:682][  0]LogConfig: Setting CVar [[r.Shadow.MaxCSMResolution:2048]]
[2023.04.27-13.35.47:682][  0]LogConfig: Setting CVar [[r.Shadow.RadiusThreshold:0.01]]
[2023.04.27-13.35.47:682][  0]LogConfig: Setting CVar [[r.Shadow.DistanceScale:1.0]]
[2023.04.27-13.35.47:682][  0]LogConfig: Setting CVar [[r.Shadow.CSM.TransitionScale:1.0]]
[2023.04.27-13.35.47:682][  0]LogConfig: Setting CVar [[r.Shadow.PreShadowResolutionFactor:1.0]]
[2023.04.27-13.35.47:682][  0]LogConfig: Setting CVar [[r.DistanceFieldShadowing:1]]
[2023.04.27-13.35.47:682][  0]LogConfig: Setting CVar [[r.DistanceFieldAO:1]]
[2023.04.27-13.35.47:682][  0]LogConfig: Setting CVar [[r.AOQuality:2]]
[2023.04.27-13.35.47:682][  0]LogConfig: Setting CVar [[r.VolumetricFog:1]]
[2023.04.27-13.35.47:682][  0]LogConfig: Setting CVar [[r.VolumetricFog.GridPixelSize:8]]
[2023.04.27-13.35.47:682][  0]LogConfig: Setting CVar [[r.VolumetricFog.GridSizeZ:128]]
[2023.04.27-13.35.47:682][  0]LogConfig: Setting CVar [[r.VolumetricFog.HistoryMissSupersampleCount:4]]
[2023.04.27-13.35.47:682][  0]LogConfig: Setting CVar [[r.LightMaxDrawDistanceScale:1]]
[2023.04.27-13.35.47:682][  0]LogConfig: Setting CVar [[r.CapsuleShadows:1]]
[2023.04.27-13.35.47:682][  0]LogConfig: Applying CVar settings from Section [PostProcessQuality@3] File [E:/Asus/Documents/GitHub/TheTroubleMakers/Unreal Engine Project/SpeedLimit_UniAzad/Saved/Config/Windows/Scalability.ini]
[2023.04.27-13.35.47:682][  0]LogConfig: Setting CVar [[r.MotionBlurQuality:4]]
[2023.04.27-13.35.47:682][  0]LogConfig: Setting CVar [[r.AmbientOcclusionMipLevelFactor:0.4]]
[2023.04.27-13.35.47:682][  0]LogConfig: Setting CVar [[r.AmbientOcclusionMaxQuality:100]]
[2023.04.27-13.35.47:682][  0]LogConfig: Setting CVar [[r.AmbientOcclusionLevels:-1]]
[2023.04.27-13.35.47:682][  0]LogConfig: Setting CVar [[r.AmbientOcclusionRadiusScale:1.0]]
[2023.04.27-13.35.47:682][  0]LogConfig: Setting CVar [[r.DepthOfFieldQuality:2]]
[2023.04.27-13.35.47:682][  0]LogConfig: Setting CVar [[r.RenderTargetPoolMin:400]]
[2023.04.27-13.35.47:682][  0]LogConfig: Setting CVar [[r.LensFlareQuality:2]]
[2023.04.27-13.35.47:682][  0]LogConfig: Setting CVar [[r.SceneColorFringeQuality:1]]
[2023.04.27-13.35.47:683][  0]LogConfig: Setting CVar [[r.EyeAdaptationQuality:2]]
[2023.04.27-13.35.47:683][  0]LogConfig: Setting CVar [[r.BloomQuality:5]]
[2023.04.27-13.35.47:683][  0]LogConfig: Setting CVar [[r.FastBlurThreshold:100]]
[2023.04.27-13.35.47:683][  0]LogConfig: Setting CVar [[r.Upscale.Quality:3]]
[2023.04.27-13.35.47:683][  0]LogConfig: Setting CVar [[r.Tonemapper.GrainQuantization:1]]
[2023.04.27-13.35.47:683][  0]LogConfig: Setting CVar [[r.LightShaftQuality:1]]
[2023.04.27-13.35.47:683][  0]LogConfig: Setting CVar [[r.Filter.SizeScale:1]]
[2023.04.27-13.35.47:683][  0]LogConfig: Setting CVar [[r.Tonemapper.Quality:5]]
[2023.04.27-13.35.47:683][  0]LogConfig: Setting CVar [[r.DOF.Gather.AccumulatorQuality:1        ; higher gathering accumulator quality]]
[2023.04.27-13.35.47:683][  0]LogConfig: Setting CVar [[r.DOF.Gather.PostfilterMethod:1          ; Median3x3 postfilering method]]
[2023.04.27-13.35.47:683][  0]LogConfig: Setting CVar [[r.DOF.Gather.EnableBokehSettings:0       ; no bokeh simulation when gathering]]
[2023.04.27-13.35.47:683][  0]LogConfig: Setting CVar [[r.DOF.Gather.RingCount:4                 ; medium number of samples when gathering]]
[2023.04.27-13.35.47:683][  0]LogConfig: Setting CVar [[r.DOF.Scatter.ForegroundCompositing:1    ; additive foreground scattering]]
[2023.04.27-13.35.47:683][  0]LogConfig: Setting CVar [[r.DOF.Scatter.BackgroundCompositing:2    ; additive background scattering]]
[2023.04.27-13.35.47:683][  0]LogConfig: Setting CVar [[r.DOF.Scatter.EnableBokehSettings:1      ; bokeh simulation when scattering]]
[2023.04.27-13.35.47:683][  0]LogConfig: Setting CVar [[r.DOF.Scatter.MaxSpriteRatio:0.1         ; only a maximum of 10% of scattered bokeh]]
[2023.04.27-13.35.47:683][  0]LogConfig: Setting CVar [[r.DOF.Recombine.Quality:1                ; cheap slight out of focus]]
[2023.04.27-13.35.47:683][  0]LogConfig: Setting CVar [[r.DOF.Recombine.EnableBokehSettings:0    ; no bokeh simulation on slight out of focus]]
[2023.04.27-13.35.47:683][  0]LogConfig: Setting CVar [[r.DOF.TemporalAAQuality:1                ; more stable temporal accumulation]]
[2023.04.27-13.35.47:683][  0]LogConfig: Setting CVar [[r.DOF.Kernel.MaxForegroundRadius:0.025]]
[2023.04.27-13.35.47:683][  0]LogConfig: Setting CVar [[r.DOF.Kernel.MaxBackgroundRadius:0.025]]
[2023.04.27-13.35.47:683][  0]LogConfig: Applying CVar settings from Section [TextureQuality@3] File [E:/Asus/Documents/GitHub/TheTroubleMakers/Unreal Engine Project/SpeedLimit_UniAzad/Saved/Config/Windows/Scalability.ini]
[2023.04.27-13.35.47:683][  0]LogConfig: Setting CVar [[r.Streaming.MipBias:0]]
[2023.04.27-13.35.47:683][  0]LogConfig: Setting CVar [[r.Streaming.AmortizeCPUToGPUCopy:0]]
[2023.04.27-13.35.47:683][  0]LogConfig: Setting CVar [[r.Streaming.MaxNumTexturesToStreamPerFrame:0]]
[2023.04.27-13.35.47:683][  0]LogConfig: Setting CVar [[r.Streaming.Boost:1]]
[2023.04.27-13.35.47:683][  0]LogConfig: Setting CVar [[r.MaxAnisotropy:8]]
[2023.04.27-13.35.47:683][  0]LogConfig: Setting CVar [[r.VT.MaxAnisotropy:8]]
[2023.04.27-13.35.47:683][  0]LogConfig: Setting CVar [[r.Streaming.LimitPoolSizeToVRAM:0]]
[2023.04.27-13.35.47:683][  0]LogConfig: Setting CVar [[r.Streaming.PoolSize:1000]]
[2023.04.27-13.35.47:683][  0]LogConfig: Setting CVar [[r.Streaming.MaxEffectiveScreenSize:0]]
[2023.04.27-13.35.47:683][  0]LogConfig: Applying CVar settings from Section [EffectsQuality@3] File [E:/Asus/Documents/GitHub/TheTroubleMakers/Unreal Engine Project/SpeedLimit_UniAzad/Saved/Config/Windows/Scalability.ini]
[2023.04.27-13.35.47:683][  0]LogConfig: Setting CVar [[r.TranslucencyLightingVolumeDim:64]]
[2023.04.27-13.35.47:683][  0]LogConfig: Setting CVar [[r.RefractionQuality:2]]
[2023.04.27-13.35.47:683][  0]LogConfig: Setting CVar [[r.SSR.Quality:3]]
[2023.04.27-13.35.47:683][  0]LogConfig: Setting CVar [[r.SSR.HalfResSceneColor:0]]
[2023.04.27-13.35.47:683][  0]LogConfig: Setting CVar [[r.SceneColorFormat:4]]
[2023.04.27-13.35.47:683][  0]LogConfig: Setting CVar [[r.DetailMode:2]]
[2023.04.27-13.35.47:683][  0]LogConfig: Setting CVar [[r.TranslucencyVolumeBlur:1]]
[2023.04.27-13.35.47:683][  0]LogConfig: Setting CVar [[r.MaterialQualityLevel:1 ; High quality]]
[2023.04.27-13.35.47:683][  0]LogConfig: Setting CVar [[r.AnisotropicMaterials:1]]
[2023.04.27-13.35.47:683][  0]LogConfig: Setting CVar [[r.SSS.Scale:1]]
[2023.04.27-13.35.47:683][  0]LogConfig: Setting CVar [[r.SSS.SampleSet:2]]
[2023.04.27-13.35.47:683][  0]LogConfig: Setting CVar [[r.SSS.Quality:1]]
[2023.04.27-13.35.47:683][  0]LogConfig: Setting CVar [[r.SSS.HalfRes:0]]
[2023.04.27-13.35.47:683][  0]LogConfig: Setting CVar [[r.SSGI.Quality:3]]
[2023.04.27-13.35.47:683][  0]LogConfig: Setting CVar [[r.EmitterSpawnRateScale:1.0]]
[2023.04.27-13.35.47:683][  0]LogConfig: Setting CVar [[r.ParticleLightQuality:2]]
[2023.04.27-13.35.47:683][  0]LogConfig: Setting CVar [[r.SkyAtmosphere.AerialPerspectiveLUT.FastApplyOnOpaque:1 ; Always have FastSkyLUT 1 in this case to avoid wrong sky]]
[2023.04.27-13.35.47:683][  0]LogConfig: Setting CVar [[r.SkyAtmosphere.AerialPerspectiveLUT.SampleCountMaxPerSlice:4]]
[2023.04.27-13.35.47:683][  0]LogConfig: Setting CVar [[r.SkyAtmosphere.AerialPerspectiveLUT.DepthResolution:16.0]]
[2023.04.27-13.35.47:683][  0]LogConfig: Setting CVar [[r.SkyAtmosphere.FastSkyLUT:1]]
[2023.04.27-13.35.47:683][  0]LogConfig: Setting CVar [[r.SkyAtmosphere.FastSkyLUT.SampleCountMin:4.0]]
[2023.04.27-13.35.47:683][  0]LogConfig: Setting CVar [[r.SkyAtmosphere.FastSkyLUT.SampleCountMax:128.0]]
[2023.04.27-13.35.47:683][  0]LogConfig: Setting CVar [[r.SkyAtmosphere.SampleCountMin:4.0]]
[2023.04.27-13.35.47:683][  0]LogConfig: Setting CVar [[r.SkyAtmosphere.SampleCountMax:128.0]]
[2023.04.27-13.35.47:683][  0]LogConfig: Setting CVar [[r.SkyAtmosphere.TransmittanceLUT.UseSmallFormat:0]]
[2023.04.27-13.35.47:683][  0]LogConfig: Setting CVar [[r.SkyAtmosphere.TransmittanceLUT.SampleCount:10.0]]
[2023.04.27-13.35.47:683][  0]LogConfig: Setting CVar [[r.SkyAtmosphere.MultiScatteringLUT.SampleCount:15.0]]
[2023.04.27-13.35.47:683][  0]LogConfig: Setting CVar [[r.SkyLight.RealTimeReflectionCapture:1]]
[2023.04.27-13.35.47:683][  0]LogConfig: Applying CVar settings from Section [FoliageQuality@3] File [E:/Asus/Documents/GitHub/TheTroubleMakers/Unreal Engine Project/SpeedLimit_UniAzad/Saved/Config/Windows/Scalability.ini]
[2023.04.27-13.35.47:683][  0]LogConfig: Setting CVar [[foliage.DensityScale:1.0]]
[2023.04.27-13.35.47:683][  0]LogConfig: Setting CVar [[grass.DensityScale:1.0]]
[2023.04.27-13.35.47:683][  0]LogConfig: Applying CVar settings from Section [ShadingQuality@3] File [E:/Asus/Documents/GitHub/TheTroubleMakers/Unreal Engine Project/SpeedLimit_UniAzad/Saved/Config/Windows/Scalability.ini]
[2023.04.27-13.35.47:683][  0]LogConfig: Setting CVar [[r.HairStrands.SkyLighting.IntegrationType:2]]
[2023.04.27-13.35.47:683][  0]LogConfig: Setting CVar [[r.HairStrands.SkyAO.SampleCount:4]]
[2023.04.27-13.35.47:683][  0]LogConfig: Setting CVar [[r.HairStrands.Visibility.MSAA.SamplePerPixel:4]]
[2023.04.27-13.35.47:684][  0]LogInit: Selected Device Profile: [Windows]
[2023.04.27-13.35.47:685][  0]LogInit: Applying CVar settings loaded from the selected device profile: [Windows]
[2023.04.27-13.35.47:686][  0]LogHAL: Display: Platform has ~ 16 GB [16856285184 / 17179869184 / 16], which maps to Larger [LargestMinGB=32, LargerMinGB=12, DefaultMinGB=8, SmallerMinGB=6, SmallestMinGB=0)
[2023.04.27-13.35.47:686][  0]LogInit: Going up to parent DeviceProfile []
[2023.04.27-13.35.47:687][  0]LogConfig: Applying CVar settings from Section [ViewDistanceQuality@3] File [E:/Asus/Documents/GitHub/TheTroubleMakers/Unreal Engine Project/SpeedLimit_UniAzad/Saved/Config/Windows/Scalability.ini]
[2023.04.27-13.35.47:687][  0]LogConfig: Setting CVar [[r.SkeletalMeshLODBias:0]]
[2023.04.27-13.35.47:687][  0]LogConfig: Setting CVar [[r.ViewDistanceScale:1.0]]
[2023.04.27-13.35.47:687][  0]LogConfig: Applying CVar settings from Section [AntiAliasingQuality@3] File [E:/Asus/Documents/GitHub/TheTroubleMakers/Unreal Engine Project/SpeedLimit_UniAzad/Saved/Config/Windows/Scalability.ini]
[2023.04.27-13.35.47:687][  0]LogConfig: Setting CVar [[r.PostProcessAAQuality:4]]
[2023.04.27-13.35.47:687][  0]LogConfig: Applying CVar settings from Section [ShadowQuality@3] File [E:/Asus/Documents/GitHub/TheTroubleMakers/Unreal Engine Project/SpeedLimit_UniAzad/Saved/Config/Windows/Scalability.ini]
[2023.04.27-13.35.47:687][  0]LogConfig: Setting CVar [[r.LightFunctionQuality:1]]
[2023.04.27-13.35.47:687][  0]LogConfig: Setting CVar [[r.ShadowQuality:5]]
[2023.04.27-13.35.47:687][  0]LogConfig: Setting CVar [[r.Shadow.CSM.MaxCascades:10]]
[2023.04.27-13.35.47:687][  0]LogConfig: Setting CVar [[r.Shadow.MaxResolution:2048]]
[2023.04.27-13.35.47:687][  0]LogConfig: Setting CVar [[r.Shadow.MaxCSMResolution:2048]]
[2023.04.27-13.35.47:687][  0]LogConfig: Setting CVar [[r.Shadow.RadiusThreshold:0.01]]
[2023.04.27-13.35.47:687][  0]LogConfig: Setting CVar [[r.Shadow.DistanceScale:1.0]]
[2023.04.27-13.35.47:687][  0]LogConfig: Setting CVar [[r.Shadow.CSM.TransitionScale:1.0]]
[2023.04.27-13.35.47:687][  0]LogConfig: Setting CVar [[r.Shadow.PreShadowResolutionFactor:1.0]]
[2023.04.27-13.35.47:687][  0]LogConfig: Setting CVar [[r.DistanceFieldShadowing:1]]
[2023.04.27-13.35.47:687][  0]LogConfig: Setting CVar [[r.DistanceFieldAO:1]]
[2023.04.27-13.35.47:687][  0]LogConfig: Setting CVar [[r.AOQuality:2]]
[2023.04.27-13.35.47:687][  0]LogConfig: Setting CVar [[r.VolumetricFog:1]]
[2023.04.27-13.35.47:687][  0]LogConfig: Setting CVar [[r.VolumetricFog.GridPixelSize:8]]
[2023.04.27-13.35.47:687][  0]LogConfig: Setting CVar [[r.VolumetricFog.GridSizeZ:128]]
[2023.04.27-13.35.47:687][  0]LogConfig: Setting CVar [[r.VolumetricFog.HistoryMissSupersampleCount:4]]
[2023.04.27-13.35.47:687][  0]LogConfig: Setting CVar [[r.LightMaxDrawDistanceScale:1]]
[2023.04.27-13.35.47:687][  0]LogConfig: Setting CVar [[r.CapsuleShadows:1]]
[2023.04.27-13.35.47:687][  0]LogConfig: Applying CVar settings from Section [PostProcessQuality@3] File [E:/Asus/Documents/GitHub/TheTroubleMakers/Unreal Engine Project/SpeedLimit_UniAzad/Saved/Config/Windows/Scalability.ini]
[2023.04.27-13.35.47:687][  0]LogConfig: Setting CVar [[r.MotionBlurQuality:4]]
[2023.04.27-13.35.47:687][  0]LogConfig: Setting CVar [[r.AmbientOcclusionMipLevelFactor:0.4]]
[2023.04.27-13.35.47:687][  0]LogConfig: Setting CVar [[r.AmbientOcclusionMaxQuality:100]]
[2023.04.27-13.35.47:687][  0]LogConfig: Setting CVar [[r.AmbientOcclusionLevels:-1]]
[2023.04.27-13.35.47:687][  0]LogConfig: Setting CVar [[r.AmbientOcclusionRadiusScale:1.0]]
[2023.04.27-13.35.47:687][  0]LogConfig: Setting CVar [[r.DepthOfFieldQuality:2]]
[2023.04.27-13.35.47:687][  0]LogConfig: Setting CVar [[r.RenderTargetPoolMin:400]]
[2023.04.27-13.35.47:687][  0]LogConfig: Setting CVar [[r.LensFlareQuality:2]]
[2023.04.27-13.35.47:687][  0]LogConfig: Setting CVar [[r.SceneColorFringeQuality:1]]
[2023.04.27-13.35.47:687][  0]LogConfig: Setting CVar [[r.EyeAdaptationQuality:2]]
[2023.04.27-13.35.47:687][  0]LogConfig: Setting CVar [[r.BloomQuality:5]]
[2023.04.27-13.35.47:687][  0]LogConfig: Setting CVar [[r.FastBlurThreshold:100]]
[2023.04.27-13.35.47:687][  0]LogConfig: Setting CVar [[r.Upscale.Quality:3]]
[2023.04.27-13.35.47:687][  0]LogConfig: Setting CVar [[r.Tonemapper.GrainQuantization:1]]
[2023.04.27-13.35.47:687][  0]LogConfig: Setting CVar [[r.LightShaftQuality:1]]
[2023.04.27-13.35.47:687][  0]LogConfig: Setting CVar [[r.Filter.SizeScale:1]]
[2023.04.27-13.35.47:687][  0]LogConfig: Setting CVar [[r.Tonemapper.Quality:5]]
[2023.04.27-13.35.47:687][  0]LogConfig: Setting CVar [[r.DOF.Gather.AccumulatorQuality:1        ; higher gathering accumulator quality]]
[2023.04.27-13.35.47:687][  0]LogConfig: Setting CVar [[r.DOF.Gather.PostfilterMethod:1          ; Median3x3 postfilering method]]
[2023.04.27-13.35.47:687][  0]LogConfig: Setting CVar [[r.DOF.Gather.EnableBokehSettings:0       ; no bokeh simulation when gathering]]
[2023.04.27-13.35.47:687][  0]LogConfig: Setting CVar [[r.DOF.Gather.RingCount:4                 ; medium number of samples when gathering]]
[2023.04.27-13.35.47:687][  0]LogConfig: Setting CVar [[r.DOF.Scatter.ForegroundCompositing:1    ; additive foreground scattering]]
[2023.04.27-13.35.47:687][  0]LogConfig: Setting CVar [[r.DOF.Scatter.BackgroundCompositing:2    ; additive background scattering]]
[2023.04.27-13.35.47:687][  0]LogConfig: Setting CVar [[r.DOF.Scatter.EnableBokehSettings:1      ; bokeh simulation when scattering]]
[2023.04.27-13.35.47:687][  0]LogConfig: Setting CVar [[r.DOF.Scatter.MaxSpriteRatio:0.1         ; only a maximum of 10% of scattered bokeh]]
[2023.04.27-13.35.47:687][  0]LogConfig: Setting CVar [[r.DOF.Recombine.Quality:1                ; cheap slight out of focus]]
[2023.04.27-13.35.47:687][  0]LogConfig: Setting CVar [[r.DOF.Recombine.EnableBokehSettings:0    ; no bokeh simulation on slight out of focus]]
[2023.04.27-13.35.47:687][  0]LogConfig: Setting CVar [[r.DOF.TemporalAAQuality:1                ; more stable temporal accumulation]]
[2023.04.27-13.35.47:687][  0]LogConfig: Setting CVar [[r.DOF.Kernel.MaxForegroundRadius:0.025]]
[2023.04.27-13.35.47:687][  0]LogConfig: Setting CVar [[r.DOF.Kernel.MaxBackgroundRadius:0.025]]
[2023.04.27-13.35.47:687][  0]LogConfig: Applying CVar settings from Section [TextureQuality@3] File [E:/Asus/Documents/GitHub/TheTroubleMakers/Unreal Engine Project/SpeedLimit_UniAzad/Saved/Config/Windows/Scalability.ini]
[2023.04.27-13.35.47:687][  0]LogConfig: Setting CVar [[r.Streaming.MipBias:0]]
[2023.04.27-13.35.47:687][  0]LogConfig: Setting CVar [[r.Streaming.AmortizeCPUToGPUCopy:0]]
[2023.04.27-13.35.47:687][  0]LogConfig: Setting CVar [[r.Streaming.MaxNumTexturesToStreamPerFrame:0]]
[2023.04.27-13.35.47:687][  0]LogConfig: Setting CVar [[r.Streaming.Boost:1]]
[2023.04.27-13.35.47:687][  0]LogConfig: Setting CVar [[r.MaxAnisotropy:8]]
[2023.04.27-13.35.47:687][  0]LogConfig: Setting CVar [[r.VT.MaxAnisotropy:8]]
[2023.04.27-13.35.47:687][  0]LogConfig: Setting CVar [[r.Streaming.LimitPoolSizeToVRAM:0]]
[2023.04.27-13.35.47:687][  0]LogConfig: Setting CVar [[r.Streaming.PoolSize:1000]]
[2023.04.27-13.35.47:687][  0]LogConfig: Setting CVar [[r.Streaming.MaxEffectiveScreenSize:0]]
[2023.04.27-13.35.47:687][  0]LogConfig: Applying CVar settings from Section [EffectsQuality@3] File [E:/Asus/Documents/GitHub/TheTroubleMakers/Unreal Engine Project/SpeedLimit_UniAzad/Saved/Config/Windows/Scalability.ini]
[2023.04.27-13.35.47:687][  0]LogConfig: Setting CVar [[r.TranslucencyLightingVolumeDim:64]]
[2023.04.27-13.35.47:687][  0]LogConfig: Setting CVar [[r.RefractionQuality:2]]
[2023.04.27-13.35.47:687][  0]LogConfig: Setting CVar [[r.SSR.Quality:3]]
[2023.04.27-13.35.47:687][  0]LogConfig: Setting CVar [[r.SSR.HalfResSceneColor:0]]
[2023.04.27-13.35.47:687][  0]LogConfig: Setting CVar [[r.SceneColorFormat:4]]
[2023.04.27-13.35.47:687][  0]LogConfig: Setting CVar [[r.DetailMode:2]]
[2023.04.27-13.35.47:687][  0]LogConfig: Setting CVar [[r.TranslucencyVolumeBlur:1]]
[2023.04.27-13.35.47:687][  0]LogConfig: Setting CVar [[r.MaterialQualityLevel:1 ; High quality]]
[2023.04.27-13.35.47:687][  0]LogConfig: Setting CVar [[r.AnisotropicMaterials:1]]
[2023.04.27-13.35.47:687][  0]LogConfig: Setting CVar [[r.SSS.Scale:1]]
[2023.04.27-13.35.47:687][  0]LogConfig: Setting CVar [[r.SSS.SampleSet:2]]
[2023.04.27-13.35.47:687][  0]LogConfig: Setting CVar [[r.SSS.Quality:1]]
[2023.04.27-13.35.47:687][  0]LogConfig: Setting CVar [[r.SSS.HalfRes:0]]
[2023.04.27-13.35.47:687][  0]LogConfig: Setting CVar [[r.SSGI.Quality:3]]
[2023.04.27-13.35.47:687][  0]LogConfig: Setting CVar [[r.EmitterSpawnRateScale:1.0]]
[2023.04.27-13.35.47:687][  0]LogConfig: Setting CVar [[r.ParticleLightQuality:2]]
[2023.04.27-13.35.47:687][  0]LogConfig: Setting CVar [[r.SkyAtmosphere.AerialPerspectiveLUT.FastApplyOnOpaque:1 ; Always have FastSkyLUT 1 in this case to avoid wrong sky]]
[2023.04.27-13.35.47:687][  0]LogConfig: Setting CVar [[r.SkyAtmosphere.AerialPerspectiveLUT.SampleCountMaxPerSlice:4]]
[2023.04.27-13.35.47:687][  0]LogConfig: Setting CVar [[r.SkyAtmosphere.AerialPerspectiveLUT.DepthResolution:16.0]]
[2023.04.27-13.35.47:687][  0]LogConfig: Setting CVar [[r.SkyAtmosphere.FastSkyLUT:1]]
[2023.04.27-13.35.47:687][  0]LogConfig: Setting CVar [[r.SkyAtmosphere.FastSkyLUT.SampleCountMin:4.0]]
[2023.04.27-13.35.47:687][  0]LogConfig: Setting CVar [[r.SkyAtmosphere.FastSkyLUT.SampleCountMax:128.0]]
[2023.04.27-13.35.47:687][  0]LogConfig: Setting CVar [[r.SkyAtmosphere.SampleCountMin:4.0]]
[2023.04.27-13.35.47:687][  0]LogConfig: Setting CVar [[r.SkyAtmosphere.SampleCountMax:128.0]]
[2023.04.27-13.35.47:687][  0]LogConfig: Setting CVar [[r.SkyAtmosphere.TransmittanceLUT.UseSmallFormat:0]]
[2023.04.27-13.35.47:687][  0]LogConfig: Setting CVar [[r.SkyAtmosphere.TransmittanceLUT.SampleCount:10.0]]
[2023.04.27-13.35.47:687][  0]LogConfig: Setting CVar [[r.SkyAtmosphere.MultiScatteringLUT.SampleCount:15.0]]
[2023.04.27-13.35.47:687][  0]LogConfig: Setting CVar [[r.SkyLight.RealTimeReflectionCapture:1]]
[2023.04.27-13.35.47:687][  0]LogConfig: Applying CVar settings from Section [FoliageQuality@3] File [E:/Asus/Documents/GitHub/TheTroubleMakers/Unreal Engine Project/SpeedLimit_UniAzad/Saved/Config/Windows/Scalability.ini]
[2023.04.27-13.35.47:687][  0]LogConfig: Setting CVar [[foliage.DensityScale:1.0]]
[2023.04.27-13.35.47:687][  0]LogConfig: Setting CVar [[grass.DensityScale:1.0]]
[2023.04.27-13.35.47:687][  0]LogConfig: Applying CVar settings from Section [ShadingQuality@3] File [E:/Asus/Documents/GitHub/TheTroubleMakers/Unreal Engine Project/SpeedLimit_UniAzad/Saved/Config/Windows/Scalability.ini]
[2023.04.27-13.35.47:687][  0]LogConfig: Setting CVar [[r.HairStrands.SkyLighting.IntegrationType:2]]
[2023.04.27-13.35.47:687][  0]LogConfig: Setting CVar [[r.HairStrands.SkyAO.SampleCount:4]]
[2023.04.27-13.35.47:687][  0]LogConfig: Setting CVar [[r.HairStrands.Visibility.MSAA.SamplePerPixel:4]]
[2023.04.27-13.35.47:687][  0]LogConfig: Applying CVar settings from Section [Startup] File [../../../Engine/Config/ConsoleVariables.ini]
[2023.04.27-13.35.47:692][  0]LogConfig: Setting CVar [[net.UseAdaptiveNetUpdateFrequency:0]]
[2023.04.27-13.35.47:692][  0]LogConfig: Setting CVar [[p.chaos.AllowCreatePhysxBodies:1]]
[2023.04.27-13.35.47:692][  0]LogConfig: Setting CVar [[fx.SkipVectorVMBackendOptimizations:1]]
[2023.04.27-13.35.47:692][  0]LogConfig: Applying CVar settings from Section [ConsoleVariables] File [E:/Asus/Documents/GitHub/TheTroubleMakers/Unreal Engine Project/SpeedLimit_UniAzad/Saved/Config/Windows/Engine.ini]
[2023.04.27-13.35.47:693][  0]LogConfig: Applying CVar settings from Section [ConsoleVariables] File [E:/Asus/Documents/GitHub/TheTroubleMakers/Unreal Engine Project/SpeedLimit_UniAzad/Saved/Config/Windows/Editor.ini]
[2023.04.27-13.35.47:694][  0]LogInit: Computer: LAPTOP-ENHDEN5K
[2023.04.27-13.35.47:694][  0]LogInit: User: Asus
[2023.04.27-13.35.47:694][  0]LogInit: CPU Page size=4096, Cores=4
[2023.04.27-13.35.47:694][  0]LogInit: High frequency timer resolution =10.000000 MHz
[2023.04.27-13.35.47:694][  0]LogMemory: Memory total: Physical=15.7GB (16GB approx)
[2023.04.27-13.35.47:694][  0]LogMemory: Platform Memory Stats for Windows
[2023.04.27-13.35.47:694][  0]LogMemory: Process Physical Memory: 143.48 MB used, 143.48 MB peak
[2023.04.27-13.35.47:694][  0]LogMemory: Process Virtual Memory: 127.14 MB used, 127.14 MB peak
[2023.04.27-13.35.47:694][  0]LogMemory: Physical Memory: 8593.50 MB used,  7481.91 MB free, 16075.41 MB total
[2023.04.27-13.35.47:694][  0]LogMemory: Virtual Memory: 134209352.00 MB used,  8372.92 MB free, 134217728.00 MB total
[2023.04.27-13.35.47:700][  0]LogWindows: WindowsPlatformFeatures enabled
[2023.04.27-13.35.47:972][  0]LogInit: Physics initialised using underlying interface: PhysX
[2023.04.27-13.35.47:974][  0]LogInit: Using OS detected language (en-US).
[2023.04.27-13.35.47:974][  0]LogInit: Using OS detected locale (en-US).
[2023.04.27-13.35.47:982][  0]LogTextLocalizationManager: No specific localization for 'en-US' exists, so the 'en' localization will be used.
[2023.04.27-13.35.48:222][  0]LogInit: Setting process to per monitor DPI aware
[2023.04.27-13.35.48:257][  0]LogWindowsTextInputMethodSystem: Display: IME system deactivated.
[2023.04.27-13.35.48:326][  0]LogSlate: New Slate User Created.  User Index 0, Is Virtual User: 0
[2023.04.27-13.35.48:326][  0]LogSlate: Slate User Registered.  User Index 0, Is Virtual User: 0
[2023.04.27-13.35.50:514][  0]LogD3D11RHI: Loaded GFSDK_Aftermath_Lib.x64.dll
[2023.04.27-13.35.50:546][  0]LogHMD: Failed to initialize OpenVR with code 110
[2023.04.27-13.35.50:546][  0]LogD3D11RHI: D3D11 min allowed feature level: 11_0
[2023.04.27-13.35.50:546][  0]LogD3D11RHI: D3D11 max allowed feature level: 11_0
[2023.04.27-13.35.50:546][  0]LogD3D11RHI: D3D11 adapters:
[2023.04.27-13.35.50:681][  0]LogD3D11RHI:    0. 'NVIDIA GeForce MX450' (Feature Level 11_0)
[2023.04.27-13.35.50:681][  0]LogD3D11RHI:       1920/0/8037 MB DedicatedVideo/DedicatedSystem/SharedSystem, Outputs:2, VendorId:0x10de
[2023.04.27-13.35.50:717][  0]LogD3D11RHI:    1. 'Intel(R) Iris(R) Xe Graphics' (Feature Level 11_0)
[2023.04.27-13.35.50:717][  0]LogD3D11RHI:       128/0/8037 MB DedicatedVideo/DedicatedSystem/SharedSystem, Outputs:0, VendorId:0x8086
[2023.04.27-13.35.50:719][  0]LogD3D11RHI:    2. 'Microsoft Basic Render Driver' (Feature Level 11_0)
[2023.04.27-13.35.50:719][  0]LogD3D11RHI:       0/0/8037 MB DedicatedVideo/DedicatedSystem/SharedSystem, Outputs:0, VendorId:0x1414
[2023.04.27-13.35.50:719][  0]LogD3D11RHI: Chosen D3D11 Adapter: 0
[2023.04.27-13.35.50:726][  0]LogD3D11RHI: Creating new Direct3DDevice
[2023.04.27-13.35.50:726][  0]LogD3D11RHI:     GPU DeviceId: 0x1f97 (for the marketing name, search the web for "GPU Device Id")
[2023.04.27-13.35.50:726][  0]LogWindows: EnumDisplayDevices:
[2023.04.27-13.35.50:726][  0]LogWindows:    0. 'Intel(R) Iris(R) Xe Graphics' (P:1 D:1)
[2023.04.27-13.35.50:726][  0]LogWindows:    1. 'Intel(R) Iris(R) Xe Graphics' (P:0 D:1)
[2023.04.27-13.35.50:726][  0]LogWindows:    2. 'Intel(R) Iris(R) Xe Graphics' (P:0 D:0)
[2023.04.27-13.35.50:726][  0]LogWindows:    3. 'Intel(R) Iris(R) Xe Graphics' (P:0 D:0)
[2023.04.27-13.35.50:726][  0]LogWindows: DebugString: PrimaryIsNotTheChoosenAdapter PrimaryIsNotTheChoosenAdapter PrimaryIsNotTheChoosenAdapter PrimaryIsNotTheChoosenAdapter FoundDriverCount:0 
[2023.04.27-13.35.50:726][  0]LogD3D11RHI:     Adapter Name: NVIDIA GeForce MX450
[2023.04.27-13.35.50:726][  0]LogD3D11RHI:   Driver Version: Unknown (internal:Unknown, unified:Unknown)
[2023.04.27-13.35.50:726][  0]LogD3D11RHI:      Driver Date: Unknown
[2023.04.27-13.35.50:727][  0]LogRHI: Texture pool is 1344 MB (70% of 1920 MB)
[2023.04.27-13.35.50:790][  0]LogD3D11RHI: RHI has support for 64 bit atomics
[2023.04.27-13.35.50:791][  0]LogD3D11RHI: Async texture creation enabled
[2023.04.27-13.35.50:791][  0]LogD3D11RHI: Array index from any shader is supported
[2023.04.27-13.35.50:828][  0]LogD3D11RHI: GPU Timing Frequency: 1000.000000 (Debug: 2 2)
[2023.04.27-13.35.50:900][  0]LogRHI: GeForceNow SDK initialized: 1
[2023.04.27-13.35.51:465][  0]LogTargetPlatformManager: Display: Loaded TargetPlatform 'AllDesktop'
[2023.04.27-13.35.51:498][  0]LogTargetPlatformManager: Display: Loaded TargetPlatform 'Android'
[2023.04.27-13.35.51:498][  0]LogTargetPlatformManager: Display: Loaded TargetPlatform 'Android_ASTC'
[2023.04.27-13.35.51:498][  0]LogTargetPlatformManager: Display: Loaded TargetPlatform 'Android_DXT'
[2023.04.27-13.35.51:498][  0]LogTargetPlatformManager: Display: Loaded TargetPlatform 'Android_ETC2'
[2023.04.27-13.35.51:498][  0]LogTargetPlatformManager: Display: Loaded TargetPlatform 'AndroidClient'
[2023.04.27-13.35.51:498][  0]LogTargetPlatformManager: Display: Loaded TargetPlatform 'Android_ASTCClient'
[2023.04.27-13.35.51:498][  0]LogTargetPlatformManager: Display: Loaded TargetPlatform 'Android_DXTClient'
[2023.04.27-13.35.51:498][  0]LogTargetPlatformManager: Display: Loaded TargetPlatform 'Android_ETC2Client'
[2023.04.27-13.35.51:498][  0]LogTargetPlatformManager: Display: Loaded TargetPlatform 'Android_Multi'
[2023.04.27-13.35.51:498][  0]LogTargetPlatformManager: Display: Loaded TargetPlatform 'Android_MultiClient'
[2023.04.27-13.35.51:559][  0]LogTargetPlatformManager: Display: Loaded TargetPlatform 'IOSClient'
[2023.04.27-13.35.51:559][  0]LogTargetPlatformManager: Display: Loaded TargetPlatform 'IOS'
[2023.04.27-13.35.51:593][  0]LogTargetPlatformManager: Display: Loaded TargetPlatform 'Linux'
[2023.04.27-13.35.51:611][  0]LogTargetPlatformManager: Display: Loaded TargetPlatform 'LinuxNoEditor'
[2023.04.27-13.35.51:630][  0]LogTargetPlatformManager: Display: Loaded TargetPlatform 'LinuxClient'
[2023.04.27-13.35.51:648][  0]LogTargetPlatformManager: Display: Loaded TargetPlatform 'LinuxServer'
[2023.04.27-13.35.51:677][  0]LogTargetPlatformManager: Display: Loaded TargetPlatform 'LinuxAArch64NoEditor'
[2023.04.27-13.35.51:697][  0]LogTargetPlatformManager: Display: Loaded TargetPlatform 'LinuxAArch64Client'
[2023.04.27-13.35.51:716][  0]LogTargetPlatformManager: Display: Loaded TargetPlatform 'LinuxAArch64Server'
[2023.04.27-13.35.51:755][  0]LogTargetPlatformManager: Display: Loaded TargetPlatform 'Lumin'
[2023.04.27-13.35.51:755][  0]LogTargetPlatformManager: Display: Loaded TargetPlatform 'LuminClient'
[2023.04.27-13.35.51:785][  0]LogTargetPlatformManager: Display: Loaded TargetPlatform 'MacNoEditor'
[2023.04.27-13.35.51:804][  0]LogTargetPlatformManager: Display: Loaded TargetPlatform 'Mac'
[2023.04.27-13.35.51:823][  0]LogTargetPlatformManager: Display: Loaded TargetPlatform 'MacClient'
[2023.04.27-13.35.51:842][  0]LogTargetPlatformManager: Display: Loaded TargetPlatform 'MacServer'
[2023.04.27-13.35.51:865][  0]LogTargetPlatformManager: Display: Loaded TargetPlatform 'TVOSClient'
[2023.04.27-13.35.51:865][  0]LogTargetPlatformManager: Display: Loaded TargetPlatform 'TVOS'
[2023.04.27-13.35.51:888][  0]LogTargetPlatformManager: Display: Loaded TargetPlatform 'WindowsNoEditor'
[2023.04.27-13.35.51:910][  0]LogTargetPlatformManager: Display: Loaded TargetPlatform 'Windows'
[2023.04.27-13.35.51:930][  0]LogTargetPlatformManager: Display: Loaded TargetPlatform 'WindowsClient'
[2023.04.27-13.35.51:950][  0]LogTargetPlatformManager: Display: Loaded TargetPlatform 'WindowsServer'
[2023.04.27-13.35.51:950][  0]LogTargetPlatformManager: Display: Building Assets For Windows
[2023.04.27-13.35.52:030][  0]LogAudioDebug: Display: Lib vorbis DLL was dynamically loaded.
[2023.04.27-13.35.52:240][  0]LogTextureFormatOodle: Display: Oodle Texture 2.9.0 init RDO Off
[2023.04.27-13.35.52:522][  0]LogRendererCore: Ray tracing is disabled. Reason: r.RayTracing=0.
[2023.04.27-13.35.52:524][  0]LogShaderCompilers: Guid format shader working directory is -53 characters bigger than the processId version (../../../../../../Asus/Documents/GitHub/TheTroubleMakers/Unreal Engine Project/SpeedLimit_UniAzad/Intermediate/Shaders/WorkingDirectory/24188/).
[2023.04.27-13.35.52:524][  0]LogShaderCompilers: Cleaned the shader compiler working directory 'C:/Users/Asus/AppData/Local/Temp/UnrealShaderWorkingDir/1F531D9347F5D1F34518BEA117FB934A/'.
[2023.04.27-13.35.52:526][  0]LogXGEController: Cannot use XGE Controller as Incredibuild is not installed on this machine.
[2023.04.27-13.35.52:526][  0]LogShaderCompilers: Cannot use XGE Shader Compiler as Incredibuild is not installed on this machine.
[2023.04.27-13.35.52:526][  0]LogShaderCompilers: Display: Using Local Shader Compiler.
[2023.04.27-13.35.55:236][  0]LogDerivedDataCache: Display: Max Cache Size: 512 MB
[2023.04.27-13.35.55:325][  0]LogDerivedDataCache: Loaded boot cache 0.09s 95MB C:/Users/Asus/AppData/Local/UnrealEngine/4.27/DerivedDataCache/Boot.ddc.
[2023.04.27-13.35.55:325][  0]LogDerivedDataCache: Display: Loaded Boot cache: C:/Users/Asus/AppData/Local/UnrealEngine/4.27/DerivedDataCache/Boot.ddc
[2023.04.27-13.35.55:325][  0]LogDerivedDataCache: FDerivedDataBackendGraph:  Pak pak cache file ../../../../../../Asus/Documents/GitHub/TheTroubleMakers/Unreal Engine Project/SpeedLimit_UniAzad/DerivedDataCache/DDC.ddp not found, will not use a pak cache.
[2023.04.27-13.35.55:325][  0]LogDerivedDataCache: Unable to find inner node Pak for hierarchical cache Hierarchy.
[2023.04.27-13.35.55:325][  0]LogDerivedDataCache: FDerivedDataBackendGraph:  CompressedPak pak cache file ../../../../../../Asus/Documents/GitHub/TheTroubleMakers/Unreal Engine Project/SpeedLimit_UniAzad/DerivedDataCache/Compressed.ddp not found, will not use a pak cache.
[2023.04.27-13.35.55:325][  0]LogDerivedDataCache: Unable to find inner node CompressedPak for hierarchical cache Hierarchy.
[2023.04.27-13.35.55:349][  0]LogDerivedDataCache: Display: Pak cache opened for reading ../../../Engine/DerivedDataCache/Compressed.ddp.
[2023.04.27-13.35.55:349][  0]LogDerivedDataCache: FDerivedDataBackendGraph:  EnterprisePak pak cache file ../../../Enterprise/DerivedDataCache/Compressed.ddp not found, will not use a pak cache.
[2023.04.27-13.35.55:349][  0]LogDerivedDataCache: Unable to find inner node EnterprisePak for hierarchical cache Hierarchy.
[2023.04.27-13.35.55:393][  0]LogDerivedDataCache: Speed tests for C:/Users/Asus/AppData/Local/UnrealEngine/Common/DerivedDataCache took 0.04 seconds
[2023.04.27-13.35.55:393][  0]LogDerivedDataCache: Display: Performance to C:/Users/Asus/AppData/Local/UnrealEngine/Common/DerivedDataCache: Latency=0.16ms. RandomReadSpeed=24.59MBs, RandomWriteSpeed=235.88MBs. Assigned SpeedClass 'Local'
[2023.04.27-13.35.55:394][  0]LogDerivedDataCache: Using Local data cache path C:/Users/Asus/AppData/Local/UnrealEngine/Common/DerivedDataCache: Writable
[2023.04.27-13.35.55:394][  0]LogDerivedDataCache: Shared data cache path not found in *engine.ini, will not use an Shared cache.
[2023.04.27-13.35.55:394][  0]LogDerivedDataCache: Unable to find inner node Shared for hierarchical cache Hierarchy.
[2023.04.27-13.35.55:440][  0]LogSlate: Using FreeType 2.10.0
[2023.04.27-13.35.55:451][  0]LogSlate: SlateFontServices - WITH_FREETYPE: 1, WITH_HARFBUZZ: 1
[2023.04.27-13.35.55:632][  0]LogAssetRegistry: FAssetRegistry took 0.0046 seconds to start up
[2023.04.27-13.35.55:976][  0]LogInit: Selected Device Profile: [Windows]
[2023.04.27-13.35.55:976][  0]LogInit: Active device profile: [000001BA9DD01300][000001BA9B196F00 49] Windows
[2023.04.27-13.35.55:976][  0]LogInit: Profiles: [000001BA9DD01300][000001BA9B196F00 49] Windows, [000001BA9DCC6C00][000001BA9DB2B1C0 49] WindowsNoEditor, [000001BA9DD02400][000001BA9556B480 49] WindowsServer, [000001BA9DCC7B00][000001BA9556F740 49] WindowsClient, [000001BA9DD03300][000001BA9D42FA00 49] IOS, [000001BA9DCC5200][000001BA97350140 49] iPadAir, [000001BA9DD03E00][000001BA9729C400 49] iPadAir2, [000001BA9DC7A100][000001BA9B172940 49] IPadPro, [000001BA9DC7A200][000001BA972A0980 49] iPadAir3, [000001BA9DCC7F00][000001BA9B16AC40 49] iPadAir4, [000001BA9DC7B100][000001BA92436EC0 49] iPadMini2, [000001BA9DCC6F00][000001BA9B167140 49] iPadMini3, [000001BA9DC7BE00][000001BA9B177400 49] iPadMini4, [000001BA9DCC6000][000001BA9B17B6C0 49] iPadMini5, [000001BA9DCA5A00][000001BA9DAFBC00 49] iPhone6, [000001BA9DCA5B00][000001BA9B17E0C0 49] iPodTouch6, [000001BA9DD02E00][000001BA9DB02600 49] iPhone7, [000001BA9DD03100][000001BA9B186640 49] iPodTouch7, [000001BA9DC79C00][000001BA9B18A900 49] iPhone5S, [000001BA9DD01200][000001BA9B182BC0 49] iPhone6Plus, [000001BA9DC79800][000001BA9DAFEE80 49] iPhone6S, [000001BA9DD00400][000001BA9B16F100 49] iPhone6SPlus, [000001BA9DC78E00][000001BA9DB07380 49] iPhone7Plus, [000001BA9DD03000][000001BA9DB0F640 49] iPhoneSE, [000001BA9DC78A00][000001BA9DB13900 49] iPhone8, [000001BA9DD00800][000001BA9DB17BC0 49] iPhone8Plus, [000001BA9DD01D00][000001BA9DB1A300 49] iPhoneX, [000001BA9DCA4800][000001BA9DB1E5C0 49] iPhoneXS, [000001BA9DD02D00][000001BA9DB22880 49] iPhoneXSMax, [000001BA9DCA4F00][000001BA9DB26B40 49] iPhoneXR, [000001BA9DD01A00][000001BA9D3B4E00 49] iPhone11, [000001BA9DCA5300][000001BA9D3B90C0 49] iPhone11Pro, [000001BA9DCA4400][000001BA9DB0B340 49] iPhone11ProMax, [000001BA9DC7B200][000001BA9D3BD5C0 49] iPhoneSE2, [000001BA9DCA6300][000001BA9D3C5880 49] iPhone12Mini, [000001BA9DC79400][000001BA9D3C9B40 49] iPhone12, [000001BA9DCA6D00][000001BA9D3CC280 49] iPhone12Pro, [000001BA9DC7B700][000001BA9D3D0540 49] iPhone12ProMax, [000001BA9DCA6E00][000001BA9D3D4800 49] iPadPro105, [000001BA9DC7A400][000001BA9D3D8AC0 49] iPadPro129, [000001BA9DCA6F00][000001BA9D3DCD80 49] iPadPro97, [000001BA9DC7B800][000001BA9D3E1040 49] iPadPro2_129, [000001BA9DD01600][000001BA9D3E5300 49] iPad5, [000001BA9DC79B00][000001BA9D3C1580 49] iPad6, [000001BA9DD03700][000001BA9D3ED840 49] iPad7, [000001BA9DC78100][000001BA9D3F1B00 49] iPad8, [000001BA9DD01E00][000001BA9D3F4240 49] iPadPro11, [000001BA9DC7AF00][000001BA9D3F8500 49] iPadPro2_11, [000001BA9DD03A00][000001BA9D3FC7C0 49] iPadPro3_129, [000001BA9DC7AB00][000001BA9D400A80 49] iPadPro4_129, [000001BA9DD02900][000001BA9D404D40 49] AppleTV, [000001BA9DC78200][000001BA9D409000 49] AppleTV4K, [000001BA9DD02500][000001BA9D40D2C0 49] TVOS, [000001BA9DC79900][000001BA9D3E9540 49] Mac, [000001BA9DD00E00][000001BA9D4117C0 49] MacClient, [000001BA9DC78800][000001BA9D419A80 49] MacNoEditor, [000001BA9DD01800][000001BA9D41C1C0 49] MacServer, [000001BA9DC79E00][000001BA97458480 49] Linux, [000001BA9DD01000][000001BA9745C740 49] LinuxAArch64, [000001BA9DC78300][000001BA97460A00 49] LinuxNoEditor, [000001BA9DD00600][000001BA97464CC0 49] LinuxAArch64NoEditor, [000001BA9DC7BF00][000001BA97468F80 49] LinuxClient, [000001BA9DD00100][000001BA9746D240 49] LinuxAArch64Client, [000001BA9DC78600][000001BA97471500 49] LinuxServer, [000001BA9DD01500][000001BA9D415780 49] LinuxAArch64Server, [000001BA9DC7AD00][000001BA97475A00 49] Android, [000001BA9DD00D00][000001BA9747C140 49] Android_Low, [000001BA9DC79600][000001BA97480400 49] Android_Mid, [000001BA9DD03400][000001BA974846C0 49] Android_High, [000001BA9DC78B00][000001BA97488980 49] Android_Default, [000001BA9DD01F00][000001BA9748CC40 49] Android_Adreno4xx, [000001BA9DC79500][000001BA97490F00 49] Android_Adreno5xx_Low, [000001BA9DD03500][000001BA974951C0 49] Android_Adreno5xx, [000001BA9DC78700][000001BA97499480 49] Android_Adreno6xx, [000001BA9DD01C00][000001BA9749D740 49] Android_Adreno6xx_Vulkan, [000001BA9DC7A800][000001BA974799C0 49] Android_Mali_T6xx, [000001BA9DD02300][000001BA974A00C0 49] Android_Mali_T7xx, [000001BA9DC79700][000001BA974A8380 49] Android_Mali_T8xx, [000001BA9DD02800][000001BA974AC640 49] Android_Mali_G71, [000001BA9DC7B400][000001BA974B0900 49] Android_Mali_G72, [000001BA9DD00700][000001BA974B4BC0 49] Android_Mali_G72_Vulkan, [000001BA9DC7A700][000001BA974B8E80 49] Android_Mali_G76, [000001BA9DCA7900][000001BA974BD140 49] Android_Mali_G76_Vulkan, [000001BA9DCC4900][000001BA974C1400 49] Android_Mali_G77, [000001BA9DCA7200][000001BA974C56C0 49] Android_Mali_G77_Vulkan, [000001BA9DCC4D00][000001BA974C9980 49] Android_Mali_G78, [000001BA9DCA4C00][000001BA974A5C00 49] Android_Mali_G78_Vulkan, [000001BA9DCC4B00][000001BA974CC300 49] Android_Mali_G710, [000001BA9DCA4500][000001BA974D45C0 49] Android_Mali_G710_Vulkan, [000001BA9DCC7D00][000001BA974D8880 49] Android_Vulkan_SM5, [000001BA9DCA4200][000001BA974DCB40 49] Android_PowerVR_G6xxx, [000001BA9DCC7700][000001BA974E0E00 49] Android_PowerVR_GT7xxx, [000001BA9DCA7700][000001BA974E50C0 49] Android_PowerVR_GE8xxx, [000001BA9DCC4200][000001BA974E9380 49] Android_PowerVR_GM9xxx, [000001BA9DCA6200][000001BA9D7CF640 49] Android_PowerVR_GM9xxx_Vulkan, [000001BA9DCC6500][000001BA9D7D3900 49] Android_TegraK1, [000001BA9DCA4E00][000001BA9D7D7BC0 49] Android_Unknown_Vulkan, [000001BA9DCC5600][000001BA974D02C0 49] Lumin, [000001BA9DCA5100][000001BA9D7DA540 49] Lumin_Desktop, [000001BA9DCC6800][000001BA9D7E2800 49] HoloLens, 
[2023.04.27-13.35.56:443][  0]LogMeshReduction: Using QuadricMeshReduction for automatic static mesh reduction
[2023.04.27-13.35.56:443][  0]LogMeshReduction: Using SimplygonMeshReduction for automatic skeletal mesh reduction
[2023.04.27-13.35.56:443][  0]LogMeshReduction: Using ProxyLODMeshReduction for automatic mesh merging
[2023.04.27-13.35.56:443][  0]LogMeshReduction: No distributed automatic mesh merging module available
[2023.04.27-13.35.56:445][  0]LogMeshMerging: No distributed automatic mesh merging module available
[2023.04.27-13.35.56:526][  0]LogNetVersion: SpeedLimit_UniAzad 1.0.0, NetCL: 17155196, EngineNetVer: 17, GameNetVer: 0 (Checksum: 2338214234)
[2023.04.27-13.35.58:826][  0]LogTexture: Default maximum texture size for cubemaps generated from long-lat sources has been changed from 512 to unlimited. In order to preserve old behaiour for '/Engine/MapTemplates/Sky/DaylightAmbientCubemap.DaylightAmbientCubemap', its maximum texture size has been explicitly set to 512.
[2023.04.27-13.35.58:951][  0]LogHMD: PokeAHoleMaterial loaded successfully
[2023.04.27-13.35.58:958][  0]LogUObjectArray: 17178 objects as part of root set at end of initial load.
[2023.04.27-13.35.58:958][  0]LogUObjectAllocator: 4301856 out of 0 bytes used by permanent object pool.
[2023.04.27-13.35.58:958][  0]LogUObjectArray: CloseDisregardForGC: 0/0 objects in disregard for GC pool
[2023.04.27-13.36.00:576][  0]LogNiagaraDebuggerClient: Niagara Debugger Client Initialized | Session: 8A12F0134B40BE821660ACAC06E7B2E3 | Instance: 6274671143D40FBF79AB7CBB4B684FD6 (LAPTOP-ENHDEN5K-24188).
[2023.04.27-13.36.00:715][  0]LogStreaming: Warning: Failed to read file '../../../Engine/Content/Editor/Slate/Niagara/MenuSeparator.png' error.
[2023.04.27-13.36.00:715][  0]LogSlate: Could not find file for Slate resource: ../../../Engine/Content/Editor/Slate/Niagara/MenuSeparator.png
[2023.04.27-13.36.00:715][  0]LogStreaming: Warning: Failed to read file '../../../Engine/Content/Editor/Slate/Niagara/Common/Selector.png' error.
[2023.04.27-13.36.00:715][  0]LogSlate: Could not find file for Slate resource: ../../../Engine/Content/Editor/Slate/Niagara/Common/Selector.png
[2023.04.27-13.36.00:715][  0]LogStreaming: Warning: Failed to read file '../../../Engine/Content/Editor/Slate/Niagara/Common/Selection.png' error.
[2023.04.27-13.36.00:715][  0]LogSlate: Could not find file for Slate resource: ../../../Engine/Content/Editor/Slate/Niagara/Common/Selection.png
[2023.04.27-13.36.00:715][  0]LogStreaming: Warning: Failed to read file '../../../Engine/Content/Editor/Slate/Niagara/Common/DropZoneIndicator_Above.png' error.
[2023.04.27-13.36.00:715][  0]LogSlate: Could not find file for Slate resource: ../../../Engine/Content/Editor/Slate/Niagara/Common/DropZoneIndicator_Above.png
[2023.04.27-13.36.00:715][  0]LogStreaming: Warning: Failed to read file '../../../Engine/Content/Editor/Slate/Niagara/Common/DropZoneIndicator_Onto.png' error.
[2023.04.27-13.36.00:715][  0]LogSlate: Could not find file for Slate resource: ../../../Engine/Content/Editor/Slate/Niagara/Common/DropZoneIndicator_Onto.png
[2023.04.27-13.36.00:715][  0]LogStreaming: Warning: Failed to read file '../../../Engine/Content/Editor/Slate/Niagara/Common/DropZoneIndicator_Below.png' error.
[2023.04.27-13.36.00:715][  0]LogSlate: Could not find file for Slate resource: ../../../Engine/Content/Editor/Slate/Niagara/Common/DropZoneIndicator_Below.png
[2023.04.27-13.36.00:715][  0]LogStreaming: Warning: Failed to read file '../../../Engine/Content/Editor/Slate/Niagara/Common/RoundedSelection_16x.png' error.
[2023.04.27-13.36.00:715][  0]LogSlate: Could not find file for Slate resource: ../../../Engine/Content/Editor/Slate/Niagara/Common/RoundedSelection_16x.png
[2023.04.27-13.36.00:715][  0]LogStreaming: Warning: Failed to read file '../../../Engine/Content/Editor/Slate/Niagara/Common/FlatButton.png' error.
[2023.04.27-13.36.00:715][  0]LogSlate: Could not find file for Slate resource: ../../../Engine/Content/Editor/Slate/Niagara/Common/FlatButton.png
[2023.04.27-13.36.00:715][  0]LogImageWrapper: Warning: PNG Warning: Duplicate iCCP chunk
[2023.04.27-13.36.00:715][  0]LogImageWrapper: Warning: PNG Warning: Duplicate iCCP chunk
[2023.04.27-13.36.01:159][  0]LogTcpMessaging: Initializing TcpMessaging bridge
[2023.04.27-13.36.01:183][  0]LogUdpMessaging: Initializing bridge on interface 0.0.0.0:0 to multicast group 230.0.0.1:6666.
[2023.04.27-13.36.01:243][  0]LogPython: Using Python 3.7.7
[2023.04.27-13.36.03:111][  0]SourceControl: Source control is disabled
[2023.04.27-13.36.03:111][  0]SourceControl: Source control is disabled
[2023.04.27-13.36.03:141][  0]SourceControl: Source control is disabled
[2023.04.27-13.36.03:163][  0]SourceControl: Source control is disabled
[2023.04.27-13.36.03:216][  0]SourceControl: Source control is disabled
[2023.04.27-13.36.03:281][  0]LogUProjectInfo: Found projects:
[2023.04.27-13.36.04:138][  0]LogOpenImageDenoise: OIDN starting up
[2023.04.27-13.36.04:348][  0]LogAndroidPermission: UAndroidPermissionCallbackProxy::GetInstance
[2023.04.27-13.36.04:462][  0]LogAudioCaptureCore: Display: No Audio Capture implementations found. Audio input will be silent.
[2023.04.27-13.36.04:462][  0]LogAudioCaptureCore: Display: No Audio Capture implementations found. Audio input will be silent.
[2023.04.27-13.36.05:043][  0]LogCollectionManager: Loaded 0 collections in 0.001965 seconds
[2023.04.27-13.36.05:156][  0]LogFileCache: Scanning file cache for directory 'E:/Asus/Documents/GitHub/TheTroubleMakers/Unreal Engine Project/SpeedLimit_UniAzad/Saved/Collections/' took 0.00s
[2023.04.27-13.36.05:156][  0]LogFileCache: Scanning file cache for directory 'E:/Asus/Documents/GitHub/TheTroubleMakers/Unreal Engine Project/SpeedLimit_UniAzad/Content/Developers/Asus/Collections/' took 0.00s
[2023.04.27-13.36.05:156][  0]LogFileCache: Scanning file cache for directory 'E:/Asus/Documents/GitHub/TheTroubleMakers/Unreal Engine Project/SpeedLimit_UniAzad/Content/Collections/' took 0.00s
[2023.04.27-13.36.05:156][  0]LogOcInput: OculusInput pre-init called
[2023.04.27-13.36.05:407][  0]LogStreaming: Warning: Failed to read file '../../../Engine/Content/Editor/Slate/Niagara/MenuSeparator.png' error.
[2023.04.27-13.36.05:407][  0]LogSlate: Could not find file for Slate resource: ../../../Engine/Content/Editor/Slate/Niagara/MenuSeparator.png
[2023.04.27-13.36.05:407][  0]LogStreaming: Warning: Failed to read file '../../../Engine/Content/Editor/Slate/Niagara/Common/Selector.png' error.
[2023.04.27-13.36.05:407][  0]LogSlate: Could not find file for Slate resource: ../../../Engine/Content/Editor/Slate/Niagara/Common/Selector.png
[2023.04.27-13.36.05:407][  0]LogStreaming: Warning: Failed to read file '../../../Engine/Content/Editor/Slate/Niagara/Common/Selection.png' error.
[2023.04.27-13.36.05:407][  0]LogSlate: Could not find file for Slate resource: ../../../Engine/Content/Editor/Slate/Niagara/Common/Selection.png
[2023.04.27-13.36.05:407][  0]LogStreaming: Warning: Failed to read file '../../../Engine/Content/Editor/Slate/Niagara/Common/DropZoneIndicator_Above.png' error.
[2023.04.27-13.36.05:407][  0]LogSlate: Could not find file for Slate resource: ../../../Engine/Content/Editor/Slate/Niagara/Common/DropZoneIndicator_Above.png
[2023.04.27-13.36.05:407][  0]LogStreaming: Warning: Failed to read file '../../../Engine/Content/Editor/Slate/Niagara/Common/DropZoneIndicator_Below.png' error.
[2023.04.27-13.36.05:407][  0]LogSlate: Could not find file for Slate resource: ../../../Engine/Content/Editor/Slate/Niagara/Common/DropZoneIndicator_Below.png
[2023.04.27-13.36.05:407][  0]LogStreaming: Warning: Failed to read file '../../../Engine/Content/Editor/Slate/Niagara/Common/RoundedSelection_16x.png' error.
[2023.04.27-13.36.05:407][  0]LogSlate: Could not find file for Slate resource: ../../../Engine/Content/Editor/Slate/Niagara/Common/RoundedSelection_16x.png
[2023.04.27-13.36.05:407][  0]LogStreaming: Warning: Failed to read file '../../../Engine/Content/Editor/Slate/Niagara/Common/DropZoneIndicator_Onto.png' error.
[2023.04.27-13.36.05:407][  0]LogSlate: Could not find file for Slate resource: ../../../Engine/Content/Editor/Slate/Niagara/Common/DropZoneIndicator_Onto.png
[2023.04.27-13.36.05:407][  0]LogStreaming: Warning: Failed to read file '../../../Engine/Content/Editor/Slate/Niagara/Common/FlatButton.png' error.
[2023.04.27-13.36.05:407][  0]LogSlate: Could not find file for Slate resource: ../../../Engine/Content/Editor/Slate/Niagara/Common/FlatButton.png
[2023.04.27-13.36.05:407][  0]LogImageWrapper: Warning: PNG Warning: Duplicate iCCP chunk
[2023.04.27-13.36.05:407][  0]LogImageWrapper: Warning: PNG Warning: Duplicate iCCP chunk
[2023.04.27-13.36.05:565][  0]LogEngine: Initializing Engine...
[2023.04.27-13.36.05:608][  0]LogHMD: Failed to enumerate extensions. Please check that you have a valid OpenXR runtime installed.
[2023.04.27-13.36.05:609][  0]LogHMD: Failed to initialize OpenVR with code 110
[2023.04.27-13.36.05:609][  0]LogMagicLeap: Warning: VR disabled because ZI is not enabled.  To enable, in the editor, Edit -> Project Settings -> Plugins -> Magic Leap Plugin -> Enable Zero Iteration
[2023.04.27-13.36.05:611][  0]LogStats: UGameplayTagsManager::InitializeManager -  0.001 s
[2023.04.27-13.36.05:854][  0]LogInit: Initializing FReadOnlyCVARCache
[2023.04.27-13.36.05:899][  0]LogAIModule: Creating AISystem for world Untitled
[2023.04.27-13.36.05:905][  0]LogAudio: Display: Initializing Audio Device Manager...
[2023.04.27-13.36.05:926][  0]LogAudio: Display: Loading Default Audio Settings Objects...
[2023.04.27-13.36.05:929][  0]LogAudio: Display: No default SoundConcurrencyObject specified (or failed to load).
[2023.04.27-13.36.05:931][  0]LogAudio: Display: Audio Device Manager Initialized
[2023.04.27-13.36.05:931][  0]LogAudio: Display: Creating Audio Device:                 Id: 1, Scope: Shared, Realtime: True
[2023.04.27-13.36.05:932][  0]LogAudioMixer: Display: Audio Mixer Platform Settings:
[2023.04.27-13.36.05:932][  0]LogAudioMixer: Display: 	Sample Rate:						  48000
[2023.04.27-13.36.05:932][  0]LogAudioMixer: Display: 	Callback Buffer Frame Size Requested: 1024
[2023.04.27-13.36.05:932][  0]LogAudioMixer: Display: 	Callback Buffer Frame Size To Use:	  1024
[2023.04.27-13.36.05:932][  0]LogAudioMixer: Display: 	Number of buffers to queue:			  2
[2023.04.27-13.36.05:932][  0]LogAudioMixer: Display: 	Max Channels (voices):				  32
[2023.04.27-13.36.05:932][  0]LogAudioMixer: Display: 	Number of Async Source Workers:		  0
[2023.04.27-13.36.05:934][  0]LogAudio: Display: AudioDevice MaxSources: 32
[2023.04.27-13.36.05:934][  0]LogAudio: Display: Audio Spatialization Plugin: None (built-in).
[2023.04.27-13.36.05:934][  0]LogAudio: Display: Audio Reverb Plugin: None (built-in).
[2023.04.27-13.36.05:934][  0]LogAudio: Display: Audio Occlusion Plugin: None (built-in).
[2023.04.27-13.36.05:934][  0]LogAudioMixer: Display: Initializing audio mixer.
[2023.04.27-13.36.05:985][  0]LogAudioMixer: Display: 0: FrontLeft
[2023.04.27-13.36.05:985][  0]LogAudioMixer: Display: 1: FrontRight
[2023.04.27-13.36.06:081][  0]LogAudioMixer: Display: Using Audio Device Mi TV (HD Audio Driver for Display Audio)
[2023.04.27-13.36.06:082][  0]LogAudioMixer: Display: Initializing Sound Submixes...
[2023.04.27-13.36.06:101][  0]LogAudioMixer: Display: Creating Master Submix 'MasterSubmixDefault'
[2023.04.27-13.36.06:102][  0]LogAudioMixer: Display: Creating Master Submix 'MasterReverbSubmixDefault'
[2023.04.27-13.36.06:102][  0]LogAudioMixer: Display: Creating Master Submix 'MasterEQSubmixDefault'
[2023.04.27-13.36.06:104][  0]LogAudioMixer: FMixerPlatformXAudio2::StartAudioStream() called
[2023.04.27-13.36.06:104][  0]LogAudioMixer: Display: Output buffers initialized: Frames=1024, Channels=2, Samples=2048
[2023.04.27-13.36.06:105][  0]LogAudioMixer: Display: Starting AudioMixerPlatformInterface::RunInternal()
[2023.04.27-13.36.06:105][  0]LogAudioMixer: Display: FMixerPlatformXAudio2::SubmitBuffer() called for the first time
[2023.04.27-13.36.06:105][  0]LogInit: FAudioDevice initialized.
[2023.04.27-13.36.06:105][  0]LogAudio: Display: Audio Device (ID: 1) registered with world 'Untitled'.
[2023.04.27-13.36.06:105][  0]LogNetVersion: Set ProjectVersion to 1.0.0.0. Version Checksum will be recalculated on next use.
[2023.04.27-13.36.06:152][  0]LogDerivedDataCache: Saved boot cache 0.05s 95MB C:/Users/Asus/AppData/Local/UnrealEngine/4.27/DerivedDataCache/Boot.ddc.
[2023.04.27-13.36.06:153][  0]LogInit: Texture streaming: Enabled
[2023.04.27-13.36.06:211][  0]LogAnalytics: Display: [UEEditor.Rocket.Release] APIServer = https://datarouter.ol.epicgames.com/. AppVersion = 4.27.0-17155196+++UE4+Release-4.27
[2023.04.27-13.36.06:228][  0]LogEngineSessionManager: EngineSessionManager initialized
[2023.04.27-13.36.06:229][  0]LogEditorSessionSummary: Verbose: Initializing EditorSessionSummaryWriter for editor session tracking
[2023.04.27-13.36.06:231][  0]LogEditorSessionSummary: EditorSessionSummaryWriter initialized
[2023.04.27-13.36.06:298][  0]LogInit: Transaction tracking system initialized
[2023.04.27-13.36.06:447][  0]BlueprintLog: New page: Editor Load
[2023.04.27-13.36.06:846][  0]LocalizationService: Localization service is disabled
[2023.04.27-13.36.07:029][  0]TimingProfiler: Initialize
[2023.04.27-13.36.07:030][  0]TimingProfiler: OnSessionChanged
[2023.04.27-13.36.07:030][  0]LoadingProfiler: Initialize
[2023.04.27-13.36.07:030][  0]LoadingProfiler: OnSessionChanged
[2023.04.27-13.36.07:031][  0]NetworkingProfiler: Initialize
[2023.04.27-13.36.07:031][  0]NetworkingProfiler: OnSessionChanged
[2023.04.27-13.36.07:031][  0]MemoryProfiler: Initialize
[2023.04.27-13.36.07:031][  0]MemoryProfiler: OnSessionChanged
[2023.04.27-13.36.07:590][  0]LogFileCache: Scanning file cache for directory 'E:/Asus/Documents/GitHub/TheTroubleMakers/Unreal Engine Project/SpeedLimit_UniAzad/Content/' took 0.01s
[2023.04.27-13.36.07:590][  0]LogCook: Display: CookSettings for Memory: MemoryMaxUsedVirtual 0MiB, MemoryMaxUsedPhysical 16384MiB, MemoryMinFreeVirtual 0MiB, MemoryMinFreePhysical 1024MiB
[2023.04.27-13.36.07:590][  0]LogCook: Display: Mobile HDR setting 1
[2023.04.27-13.36.08:772][  0]LogStreaming: Warning: Failed to read file '../../../Engine/Content/Editor/Slate/Niagara/MenuSeparator.png' error.
[2023.04.27-13.36.08:772][  0]LogSlate: Could not find file for Slate resource: ../../../Engine/Content/Editor/Slate/Niagara/MenuSeparator.png
[2023.04.27-13.36.08:772][  0]LogStreaming: Warning: Failed to read file '../../../Engine/Content/Editor/Slate/Niagara/Common/Selector.png' error.
[2023.04.27-13.36.08:772][  0]LogSlate: Could not find file for Slate resource: ../../../Engine/Content/Editor/Slate/Niagara/Common/Selector.png
[2023.04.27-13.36.08:772][  0]LogStreaming: Warning: Failed to read file '../../../Engine/Content/Editor/Slate/Niagara/Common/DropZoneIndicator_Above.png' error.
[2023.04.27-13.36.08:772][  0]LogSlate: Could not find file for Slate resource: ../../../Engine/Content/Editor/Slate/Niagara/Common/DropZoneIndicator_Above.png
[2023.04.27-13.36.08:772][  0]LogStreaming: Warning: Failed to read file '../../../Engine/Content/Editor/Slate/Niagara/Common/DropZoneIndicator_Onto.png' error.
[2023.04.27-13.36.08:772][  0]LogSlate: Could not find file for Slate resource: ../../../Engine/Content/Editor/Slate/Niagara/Common/DropZoneIndicator_Onto.png
[2023.04.27-13.36.08:772][  0]LogStreaming: Warning: Failed to read file '../../../Engine/Content/Editor/Slate/Niagara/Common/Selection.png' error.
[2023.04.27-13.36.08:772][  0]LogSlate: Could not find file for Slate resource: ../../../Engine/Content/Editor/Slate/Niagara/Common/Selection.png
[2023.04.27-13.36.08:772][  0]LogStreaming: Warning: Failed to read file '../../../Engine/Content/Editor/Slate/Niagara/Common/DropZoneIndicator_Below.png' error.
[2023.04.27-13.36.08:772][  0]LogSlate: Could not find file for Slate resource: ../../../Engine/Content/Editor/Slate/Niagara/Common/DropZoneIndicator_Below.png
[2023.04.27-13.36.08:772][  0]LogStreaming: Warning: Failed to read file '../../../Engine/Content/Editor/Slate/Niagara/Common/RoundedSelection_16x.png' error.
[2023.04.27-13.36.08:772][  0]LogSlate: Could not find file for Slate resource: ../../../Engine/Content/Editor/Slate/Niagara/Common/RoundedSelection_16x.png
[2023.04.27-13.36.08:772][  0]LogStreaming: Warning: Failed to read file '../../../Engine/Content/Editor/Slate/Niagara/Common/FlatButton.png' error.
[2023.04.27-13.36.08:772][  0]LogSlate: Could not find file for Slate resource: ../../../Engine/Content/Editor/Slate/Niagara/Common/FlatButton.png
[2023.04.27-13.36.08:772][  0]LogImageWrapper: Warning: PNG Warning: Duplicate iCCP chunk
[2023.04.27-13.36.08:772][  0]LogImageWrapper: Warning: PNG Warning: Duplicate iCCP chunk
[2023.04.27-13.36.08:807][  0]LogInit: Display: Engine is initialized. Leaving FEngineLoop::Init()
[2023.04.27-13.36.08:812][  0]SourceControl: Source control is disabled
[2023.04.27-13.36.08:812][  0]LogUnrealEdMisc: Loading editor; pre map load, took 24.847
[2023.04.27-13.36.08:813][  0]LightingResults: New page: Lighting Build
[2023.04.27-13.36.08:816][  0]LogWorld: UWorld::CleanupWorld for Untitled, bSessionEnded=true, bCleanupResources=true
[2023.04.27-13.36.08:816][  0]LogSlate: InvalidateAllWidgets triggered.  All widgets were invalidated
[2023.04.27-13.36.08:816][  0]MapCheck: New page: Map Check
[2023.04.27-13.36.08:816][  0]LightingResults: New page: Lighting Build
[2023.04.27-13.36.08:821][  0]LogAudio: Display: Audio Device unregistered from world 'None'.
[2023.04.27-13.36.08:826][  0]LogUObjectHash: Compacting FUObjectHashTables data took   0.58ms
[2023.04.27-13.36.09:294][  0]LogLinker: Warning: [AssetLog] E:\Asus\Documents\GitHub\TheTroubleMakers\Unreal Engine Project\SpeedLimit_UniAzad\Content\StarterContent\Architecture\Floor_400x400.uasset: Failed to load '/Game/StarterContent/Materials/M_Basic_Floor': Can't find file.
[2023.04.27-13.36.09:294][  0]LogLinker: Warning: [AssetLog] E:\Asus\Documents\GitHub\TheTroubleMakers\Unreal Engine Project\SpeedLimit_UniAzad\Content\StarterContent\Architecture\Floor_400x400.uasset: Failed to load '/Game/StarterContent/Materials/M_Basic_Floor': Can't find file.
[2023.04.27-13.36.09:294][  0]LogLinker: Warning: [AssetLog] E:\Asus\Documents\GitHub\TheTroubleMakers\Unreal Engine Project\SpeedLimit_UniAzad\Content\StarterContent\Architecture\Floor_400x400.uasset: Failed to load '/Game/StarterContent/Materials/M_Basic_Floor': Can't find file.
[2023.04.27-13.36.09:766][  0]LogLinker: Warning: [AssetLog] E:\Asus\Documents\GitHub\TheTroubleMakers\Unreal Engine Project\SpeedLimit_UniAzad\Content\StarterContent\Architecture\Floor_400x400.uasset: Failed to load '/Game/StarterContent/Materials/M_Basic_Floor': Can't find file.
[2023.04.27-13.36.09:766][  0]LoadErrors: Failed to load /Game/StarterContent/Materials/M_Basic_Floor.M_Basic_Floor Referenced by Floor_400x400
[2023.04.27-13.36.09:766][  0]LogLinker: Warning: [AssetLog] E:\Asus\Documents\GitHub\TheTroubleMakers\Unreal Engine Project\SpeedLimit_UniAzad\Content\StarterContent\Architecture\Floor_400x400.uasset: Failed to load '/Game/StarterContent/Materials/M_Basic_Floor': Can't find file.
[2023.04.27-13.36.09:766][  0]LoadErrors: Failed to load /Game/StarterContent/Materials/M_Basic_Floor.M_Basic_Floor Referenced by Floor_400x400
[2023.04.27-13.36.10:853][  0]LogTexture: Display: Building textures: Texture2D_0 (BGRA8, 512X512)
[2023.04.27-13.36.12:209][  0]LogAudio: Display: Audio Device (ID: 1) registered with world 'Minimal_Default'.
[2023.04.27-13.36.12:209][  0]LogAIModule: Creating AISystem for world Minimal_Default
[2023.04.27-13.36.12:304][  0]LogEditorServer: Finished looking for orphan Actors (0.000 secs)
[2023.04.27-13.36.12:336][  0]LogUObjectHash: Compacting FUObjectHashTables data took   1.14ms
[2023.04.27-13.36.12:338][  0]Cmd: MAP CHECKDEP NOCLEARLOG
[2023.04.27-13.36.12:338][  0]MapCheck: Map check complete: 0 Error(s), 0 Warning(s), took 0.287ms to complete.
[2023.04.27-13.36.12:338][  0]LogFileHelpers: Loading map 'Minimal_Default' took 3.527
[2023.04.27-13.36.12:353][  0]LogUnrealEdMisc: Total Editor Startup Time, took 28.388
[2023.04.27-13.36.12:537][  0]LogSlate: Updating window title bar state: overlay mode, drag disabled, window buttons hidden, title bar hidden
[2023.04.27-13.36.12:546][  0]LogSlate: Updating window title bar state: overlay mode, drag disabled, window buttons hidden, title bar hidden
[2023.04.27-13.36.12:554][  0]LogSlate: Updating window title bar state: overlay mode, drag disabled, window buttons hidden, title bar hidden
[2023.04.27-13.36.12:562][  0]LogSlate: Updating window title bar state: overlay mode, drag disabled, window buttons hidden, title bar hidden
[2023.04.27-13.36.12:597][  0]LogNativeClassHierarchy: Verbose: Native class hierarchy populated in 0.0135 seconds. Added 3822 classes and 928 folders.
[2023.04.27-13.36.12:603][  0]LogNativeClassHierarchy: Verbose: Native class hierarchy updated for 'WidgetCarousel' in 0.0003 seconds. Added 0 classes and 0 folders.
[2023.04.27-13.36.12:618][  0]LogPakFile: PakFile PrimaryIndexSize=187
[2023.04.27-13.36.12:618][  0]LogPakFile: PakFile PathHashIndexSize=101
[2023.04.27-13.36.12:618][  0]LogPakFile: PakFile FullDirectoryIndexSize=148
[2023.04.27-13.36.12:618][  0]LogShaderLibrary: Display: ShaderCodeLibraryPakFileMountedCallback: PakFile 'E:/Downloads/unreal_engine_v4.27_compiled/Unreal Engine v4.27 Compiled/FeaturePacks/FP_FirstPerson.upack' (chunk index -1, root 'root:/') mounted
[2023.04.27-13.36.12:618][  0]LogShaderLibrary: Display: ShaderCodeLibraryPakFileMountedCallback: pending pak file info (ChunkID:-1 Root:root:/ File:E:/Downloads/unreal_engine_v4.27_compiled/Unreal Engine v4.27 Compiled/FeaturePacks/FP_FirstPerson.upack)
[2023.04.27-13.36.12:618][  0]LogPakFile: OnPakFileMounted2Time == 0.000208
[2023.04.27-13.36.12:629][  0]LogPakFile: PakFile PrimaryIndexSize=189
[2023.04.27-13.36.12:629][  0]LogPakFile: PakFile PathHashIndexSize=101
[2023.04.27-13.36.12:629][  0]LogPakFile: PakFile FullDirectoryIndexSize=152
[2023.04.27-13.36.12:629][  0]LogShaderLibrary: Display: ShaderCodeLibraryPakFileMountedCallback: PakFile 'E:/Downloads/unreal_engine_v4.27_compiled/Unreal Engine v4.27 Compiled/FeaturePacks/FP_FirstPersonBP.upack' (chunk index -1, root 'root:/') mounted
[2023.04.27-13.36.12:629][  0]LogShaderLibrary: Display: ShaderCodeLibraryPakFileMountedCallback: pending pak file info (ChunkID:-1 Root:root:/ File:E:/Downloads/unreal_engine_v4.27_compiled/Unreal Engine v4.27 Compiled/FeaturePacks/FP_FirstPersonBP.upack)
[2023.04.27-13.36.12:629][  0]LogPakFile: OnPakFileMounted2Time == 0.000075
[2023.04.27-13.36.12:635][  0]LogPakFile: PakFile PrimaryIndexSize=191
[2023.04.27-13.36.12:635][  0]LogPakFile: PakFile PathHashIndexSize=101
[2023.04.27-13.36.12:635][  0]LogPakFile: PakFile FullDirectoryIndexSize=160
[2023.04.27-13.36.12:635][  0]LogShaderLibrary: Display: ShaderCodeLibraryPakFileMountedCallback: PakFile 'E:/Downloads/unreal_engine_v4.27_compiled/Unreal Engine v4.27 Compiled/FeaturePacks/MobileStarterContent.upack' (chunk index -1, root 'root:/') mounted
[2023.04.27-13.36.12:635][  0]LogShaderLibrary: Display: ShaderCodeLibraryPakFileMountedCallback: pending pak file info (ChunkID:-1 Root:root:/ File:E:/Downloads/unreal_engine_v4.27_compiled/Unreal Engine v4.27 Compiled/FeaturePacks/MobileStarterContent.upack)
[2023.04.27-13.36.12:635][  0]LogPakFile: OnPakFileMounted2Time == 0.000037
[2023.04.27-13.36.12:641][  0]LogPakFile: PakFile PrimaryIndexSize=185
[2023.04.27-13.36.12:641][  0]LogPakFile: PakFile PathHashIndexSize=101
[2023.04.27-13.36.12:641][  0]LogPakFile: PakFile FullDirectoryIndexSize=148
[2023.04.27-13.36.12:641][  0]LogShaderLibrary: Display: ShaderCodeLibraryPakFileMountedCallback: PakFile 'E:/Downloads/unreal_engine_v4.27_compiled/Unreal Engine v4.27 Compiled/FeaturePacks/StarterContent.upack' (chunk index -1, root 'root:/') mounted
[2023.04.27-13.36.12:641][  0]LogShaderLibrary: Display: ShaderCodeLibraryPakFileMountedCallback: pending pak file info (ChunkID:-1 Root:root:/ File:E:/Downloads/unreal_engine_v4.27_compiled/Unreal Engine v4.27 Compiled/FeaturePacks/StarterContent.upack)
[2023.04.27-13.36.12:641][  0]LogPakFile: OnPakFileMounted2Time == 0.000040
[2023.04.27-13.36.12:646][  0]LogPakFile: PakFile PrimaryIndexSize=190
[2023.04.27-13.36.12:646][  0]LogPakFile: PakFile PathHashIndexSize=101
[2023.04.27-13.36.12:646][  0]LogPakFile: PakFile FullDirectoryIndexSize=154
[2023.04.27-13.36.12:646][  0]LogShaderLibrary: Display: ShaderCodeLibraryPakFileMountedCallback: PakFile 'E:/Downloads/unreal_engine_v4.27_compiled/Unreal Engine v4.27 Compiled/FeaturePacks/TP_2DSideScroller.upack' (chunk index -1, root 'root:/') mounted
[2023.04.27-13.36.12:646][  0]LogShaderLibrary: Display: ShaderCodeLibraryPakFileMountedCallback: pending pak file info (ChunkID:-1 Root:root:/ File:E:/Downloads/unreal_engine_v4.27_compiled/Unreal Engine v4.27 Compiled/FeaturePacks/TP_2DSideScroller.upack)
[2023.04.27-13.36.12:646][  0]LogPakFile: OnPakFileMounted2Time == 0.000041
[2023.04.27-13.36.12:651][  0]LogPakFile: PakFile PrimaryIndexSize=192
[2023.04.27-13.36.12:651][  0]LogPakFile: PakFile PathHashIndexSize=101
[2023.04.27-13.36.12:651][  0]LogPakFile: PakFile FullDirectoryIndexSize=158
[2023.04.27-13.36.12:651][  0]LogShaderLibrary: Display: ShaderCodeLibraryPakFileMountedCallback: PakFile 'E:/Downloads/unreal_engine_v4.27_compiled/Unreal Engine v4.27 Compiled/FeaturePacks/TP_2DSideScrollerBP.upack' (chunk index -1, root 'root:/') mounted
[2023.04.27-13.36.12:651][  0]LogShaderLibrary: Display: ShaderCodeLibraryPakFileMountedCallback: pending pak file info (ChunkID:-1 Root:root:/ File:E:/Downloads/unreal_engine_v4.27_compiled/Unreal Engine v4.27 Compiled/FeaturePacks/TP_2DSideScrollerBP.upack)
[2023.04.27-13.36.12:651][  0]LogPakFile: OnPakFileMounted2Time == 0.000061
[2023.04.27-13.36.12:656][  0]LogPakFile: PakFile PrimaryIndexSize=182
[2023.04.27-13.36.12:656][  0]LogPakFile: PakFile PathHashIndexSize=101
[2023.04.27-13.36.12:656][  0]LogPakFile: PakFile FullDirectoryIndexSize=138
[2023.04.27-13.36.12:656][  0]LogShaderLibrary: Display: ShaderCodeLibraryPakFileMountedCallback: PakFile 'E:/Downloads/unreal_engine_v4.27_compiled/Unreal Engine v4.27 Compiled/FeaturePacks/TP_Flying.upack' (chunk index -1, root 'root:/') mounted
[2023.04.27-13.36.12:657][  0]LogShaderLibrary: Display: ShaderCodeLibraryPakFileMountedCallback: pending pak file info (ChunkID:-1 Root:root:/ File:E:/Downloads/unreal_engine_v4.27_compiled/Unreal Engine v4.27 Compiled/FeaturePacks/TP_Flying.upack)
[2023.04.27-13.36.12:657][  0]LogPakFile: OnPakFileMounted2Time == 0.000096
[2023.04.27-13.36.12:662][  0]LogPakFile: PakFile PrimaryIndexSize=184
[2023.04.27-13.36.12:662][  0]LogPakFile: PakFile PathHashIndexSize=101
[2023.04.27-13.36.12:662][  0]LogPakFile: PakFile FullDirectoryIndexSize=142
[2023.04.27-13.36.12:662][  0]LogShaderLibrary: Display: ShaderCodeLibraryPakFileMountedCallback: PakFile 'E:/Downloads/unreal_engine_v4.27_compiled/Unreal Engine v4.27 Compiled/FeaturePacks/TP_FlyingBP.upack' (chunk index -1, root 'root:/') mounted
[2023.04.27-13.36.12:662][  0]LogShaderLibrary: Display: ShaderCodeLibraryPakFileMountedCallback: pending pak file info (ChunkID:-1 Root:root:/ File:E:/Downloads/unreal_engine_v4.27_compiled/Unreal Engine v4.27 Compiled/FeaturePacks/TP_FlyingBP.upack)
[2023.04.27-13.36.12:662][  0]LogPakFile: OnPakFileMounted2Time == 0.000035
[2023.04.27-13.36.12:668][  0]LogPakFile: PakFile PrimaryIndexSize=188
[2023.04.27-13.36.12:668][  0]LogPakFile: PakFile PathHashIndexSize=101
[2023.04.27-13.36.12:668][  0]LogPakFile: PakFile FullDirectoryIndexSize=150
[2023.04.27-13.36.12:668][  0]LogShaderLibrary: Display: ShaderCodeLibraryPakFileMountedCallback: PakFile 'E:/Downloads/unreal_engine_v4.27_compiled/Unreal Engine v4.27 Compiled/FeaturePacks/TP_HandheldARBP.upack' (chunk index -1, root 'root:/') mounted
[2023.04.27-13.36.12:668][  0]LogShaderLibrary: Display: ShaderCodeLibraryPakFileMountedCallback: pending pak file info (ChunkID:-1 Root:root:/ File:E:/Downloads/unreal_engine_v4.27_compiled/Unreal Engine v4.27 Compiled/FeaturePacks/TP_HandheldARBP.upack)
[2023.04.27-13.36.12:668][  0]LogPakFile: OnPakFileMounted2Time == 0.000033
[2023.04.27-13.36.12:675][  0]LogPakFile: PakFile PrimaryIndexSize=182
[2023.04.27-13.36.12:675][  0]LogPakFile: PakFile PathHashIndexSize=101
[2023.04.27-13.36.12:675][  0]LogPakFile: PakFile FullDirectoryIndexSize=138
[2023.04.27-13.36.12:675][  0]LogShaderLibrary: Display: ShaderCodeLibraryPakFileMountedCallback: PakFile 'E:/Downloads/unreal_engine_v4.27_compiled/Unreal Engine v4.27 Compiled/FeaturePacks/TP_Puzzle.upack' (chunk index -1, root 'root:/') mounted
[2023.04.27-13.36.12:675][  0]LogShaderLibrary: Display: ShaderCodeLibraryPakFileMountedCallback: pending pak file info (ChunkID:-1 Root:root:/ File:E:/Downloads/unreal_engine_v4.27_compiled/Unreal Engine v4.27 Compiled/FeaturePacks/TP_Puzzle.upack)
[2023.04.27-13.36.12:675][  0]LogPakFile: OnPakFileMounted2Time == 0.000043
[2023.04.27-13.36.12:680][  0]LogPakFile: PakFile PrimaryIndexSize=184
[2023.04.27-13.36.12:680][  0]LogPakFile: PakFile PathHashIndexSize=101
[2023.04.27-13.36.12:680][  0]LogPakFile: PakFile FullDirectoryIndexSize=142
[2023.04.27-13.36.12:680][  0]LogShaderLibrary: Display: ShaderCodeLibraryPakFileMountedCallback: PakFile 'E:/Downloads/unreal_engine_v4.27_compiled/Unreal Engine v4.27 Compiled/FeaturePacks/TP_PuzzleBP.upack' (chunk index -1, root 'root:/') mounted
[2023.04.27-13.36.12:680][  0]LogShaderLibrary: Display: ShaderCodeLibraryPakFileMountedCallback: pending pak file info (ChunkID:-1 Root:root:/ File:E:/Downloads/unreal_engine_v4.27_compiled/Unreal Engine v4.27 Compiled/FeaturePacks/TP_PuzzleBP.upack)
[2023.04.27-13.36.12:680][  0]LogPakFile: OnPakFileMounted2Time == 0.000041
[2023.04.27-13.36.12:686][  0]LogPakFile: PakFile PrimaryIndexSize=183
[2023.04.27-13.36.12:686][  0]LogPakFile: PakFile PathHashIndexSize=101
[2023.04.27-13.36.12:686][  0]LogPakFile: PakFile FullDirectoryIndexSize=140
[2023.04.27-13.36.12:686][  0]LogShaderLibrary: Display: ShaderCodeLibraryPakFileMountedCallback: PakFile 'E:/Downloads/unreal_engine_v4.27_compiled/Unreal Engine v4.27 Compiled/FeaturePacks/TP_Rolling.upack' (chunk index -1, root 'root:/') mounted
[2023.04.27-13.36.12:686][  0]LogShaderLibrary: Display: ShaderCodeLibraryPakFileMountedCallback: pending pak file info (ChunkID:-1 Root:root:/ File:E:/Downloads/unreal_engine_v4.27_compiled/Unreal Engine v4.27 Compiled/FeaturePacks/TP_Rolling.upack)
[2023.04.27-13.36.12:686][  0]LogPakFile: OnPakFileMounted2Time == 0.000033
[2023.04.27-13.36.12:691][  0]LogPakFile: PakFile PrimaryIndexSize=185
[2023.04.27-13.36.12:691][  0]LogPakFile: PakFile PathHashIndexSize=101
[2023.04.27-13.36.12:691][  0]LogPakFile: PakFile FullDirectoryIndexSize=144
[2023.04.27-13.36.12:691][  0]LogShaderLibrary: Display: ShaderCodeLibraryPakFileMountedCallback: PakFile 'E:/Downloads/unreal_engine_v4.27_compiled/Unreal Engine v4.27 Compiled/FeaturePacks/TP_RollingBP.upack' (chunk index -1, root 'root:/') mounted
[2023.04.27-13.36.12:691][  0]LogShaderLibrary: Display: ShaderCodeLibraryPakFileMountedCallback: pending pak file info (ChunkID:-1 Root:root:/ File:E:/Downloads/unreal_engine_v4.27_compiled/Unreal Engine v4.27 Compiled/FeaturePacks/TP_RollingBP.upack)
[2023.04.27-13.36.12:691][  0]LogPakFile: OnPakFileMounted2Time == 0.000039
[2023.04.27-13.36.12:696][  0]LogPakFile: PakFile PrimaryIndexSize=188
[2023.04.27-13.36.12:696][  0]LogPakFile: PakFile PathHashIndexSize=101
[2023.04.27-13.36.12:696][  0]LogPakFile: PakFile FullDirectoryIndexSize=150
[2023.04.27-13.36.12:696][  0]LogShaderLibrary: Display: ShaderCodeLibraryPakFileMountedCallback: PakFile 'E:/Downloads/unreal_engine_v4.27_compiled/Unreal Engine v4.27 Compiled/FeaturePacks/TP_SideScroller.upack' (chunk index -1, root 'root:/') mounted
[2023.04.27-13.36.12:696][  0]LogShaderLibrary: Display: ShaderCodeLibraryPakFileMountedCallback: pending pak file info (ChunkID:-1 Root:root:/ File:E:/Downloads/unreal_engine_v4.27_compiled/Unreal Engine v4.27 Compiled/FeaturePacks/TP_SideScroller.upack)
[2023.04.27-13.36.12:696][  0]LogPakFile: OnPakFileMounted2Time == 0.000042
[2023.04.27-13.36.12:701][  0]LogPakFile: PakFile PrimaryIndexSize=190
[2023.04.27-13.36.12:701][  0]LogPakFile: PakFile PathHashIndexSize=101
[2023.04.27-13.36.12:701][  0]LogPakFile: PakFile FullDirectoryIndexSize=154
[2023.04.27-13.36.12:701][  0]LogShaderLibrary: Display: ShaderCodeLibraryPakFileMountedCallback: PakFile 'E:/Downloads/unreal_engine_v4.27_compiled/Unreal Engine v4.27 Compiled/FeaturePacks/TP_SideScrollerBP.upack' (chunk index -1, root 'root:/') mounted
[2023.04.27-13.36.12:701][  0]LogShaderLibrary: Display: ShaderCodeLibraryPakFileMountedCallback: pending pak file info (ChunkID:-1 Root:root:/ File:E:/Downloads/unreal_engine_v4.27_compiled/Unreal Engine v4.27 Compiled/FeaturePacks/TP_SideScrollerBP.upack)
[2023.04.27-13.36.12:701][  0]LogPakFile: OnPakFileMounted2Time == 0.000037
[2023.04.27-13.36.12:709][  0]LogPakFile: PakFile PrimaryIndexSize=187
[2023.04.27-13.36.12:709][  0]LogPakFile: PakFile PathHashIndexSize=101
[2023.04.27-13.36.12:709][  0]LogPakFile: PakFile FullDirectoryIndexSize=148
[2023.04.27-13.36.12:709][  0]LogShaderLibrary: Display: ShaderCodeLibraryPakFileMountedCallback: PakFile 'E:/Downloads/unreal_engine_v4.27_compiled/Unreal Engine v4.27 Compiled/FeaturePacks/TP_ThirdPerson.upack' (chunk index -1, root 'root:/') mounted
[2023.04.27-13.36.12:709][  0]LogShaderLibrary: Display: ShaderCodeLibraryPakFileMountedCallback: pending pak file info (ChunkID:-1 Root:root:/ File:E:/Downloads/unreal_engine_v4.27_compiled/Unreal Engine v4.27 Compiled/FeaturePacks/TP_ThirdPerson.upack)
[2023.04.27-13.36.12:709][  0]LogPakFile: OnPakFileMounted2Time == 0.000054
[2023.04.27-13.36.12:714][  0]LogPakFile: PakFile PrimaryIndexSize=189
[2023.04.27-13.36.12:714][  0]LogPakFile: PakFile PathHashIndexSize=101
[2023.04.27-13.36.12:714][  0]LogPakFile: PakFile FullDirectoryIndexSize=152
[2023.04.27-13.36.12:714][  0]LogShaderLibrary: Display: ShaderCodeLibraryPakFileMountedCallback: PakFile 'E:/Downloads/unreal_engine_v4.27_compiled/Unreal Engine v4.27 Compiled/FeaturePacks/TP_ThirdPersonBP.upack' (chunk index -1, root 'root:/') mounted
[2023.04.27-13.36.12:714][  0]LogShaderLibrary: Display: ShaderCodeLibraryPakFileMountedCallback: pending pak file info (ChunkID:-1 Root:root:/ File:E:/Downloads/unreal_engine_v4.27_compiled/Unreal Engine v4.27 Compiled/FeaturePacks/TP_ThirdPersonBP.upack)
[2023.04.27-13.36.12:714][  0]LogPakFile: OnPakFileMounted2Time == 0.000037
[2023.04.27-13.36.12:720][  0]LogPakFile: PakFile PrimaryIndexSize=183
[2023.04.27-13.36.12:720][  0]LogPakFile: PakFile PathHashIndexSize=101
[2023.04.27-13.36.12:720][  0]LogPakFile: PakFile FullDirectoryIndexSize=140
[2023.04.27-13.36.12:720][  0]LogShaderLibrary: Display: ShaderCodeLibraryPakFileMountedCallback: PakFile 'E:/Downloads/unreal_engine_v4.27_compiled/Unreal Engine v4.27 Compiled/FeaturePacks/TP_TopDown.upack' (chunk index -1, root 'root:/') mounted
[2023.04.27-13.36.12:720][  0]LogShaderLibrary: Display: ShaderCodeLibraryPakFileMountedCallback: pending pak file info (ChunkID:-1 Root:root:/ File:E:/Downloads/unreal_engine_v4.27_compiled/Unreal Engine v4.27 Compiled/FeaturePacks/TP_TopDown.upack)
[2023.04.27-13.36.12:720][  0]LogPakFile: OnPakFileMounted2Time == 0.000045
[2023.04.27-13.36.12:725][  0]LogPakFile: PakFile PrimaryIndexSize=185
[2023.04.27-13.36.12:725][  0]LogPakFile: PakFile PathHashIndexSize=101
[2023.04.27-13.36.12:725][  0]LogPakFile: PakFile FullDirectoryIndexSize=144
[2023.04.27-13.36.12:725][  0]LogShaderLibrary: Display: ShaderCodeLibraryPakFileMountedCallback: PakFile 'E:/Downloads/unreal_engine_v4.27_compiled/Unreal Engine v4.27 Compiled/FeaturePacks/TP_TopDownBP.upack' (chunk index -1, root 'root:/') mounted
[2023.04.27-13.36.12:725][  0]LogShaderLibrary: Display: ShaderCodeLibraryPakFileMountedCallback: pending pak file info (ChunkID:-1 Root:root:/ File:E:/Downloads/unreal_engine_v4.27_compiled/Unreal Engine v4.27 Compiled/FeaturePacks/TP_TopDownBP.upack)
[2023.04.27-13.36.12:725][  0]LogPakFile: OnPakFileMounted2Time == 0.000037
[2023.04.27-13.36.12:733][  0]LogPakFile: PakFile PrimaryIndexSize=185
[2023.04.27-13.36.12:733][  0]LogPakFile: PakFile PathHashIndexSize=101
[2023.04.27-13.36.12:733][  0]LogPakFile: PakFile FullDirectoryIndexSize=144
[2023.04.27-13.36.12:733][  0]LogShaderLibrary: Display: ShaderCodeLibraryPakFileMountedCallback: PakFile 'E:/Downloads/unreal_engine_v4.27_compiled/Unreal Engine v4.27 Compiled/FeaturePacks/TP_TwinStick.upack' (chunk index -1, root 'root:/') mounted
[2023.04.27-13.36.12:733][  0]LogShaderLibrary: Display: ShaderCodeLibraryPakFileMountedCallback: pending pak file info (ChunkID:-1 Root:root:/ File:E:/Downloads/unreal_engine_v4.27_compiled/Unreal Engine v4.27 Compiled/FeaturePacks/TP_TwinStick.upack)
[2023.04.27-13.36.12:733][  0]LogPakFile: OnPakFileMounted2Time == 0.000040
[2023.04.27-13.36.12:738][  0]LogPakFile: PakFile PrimaryIndexSize=187
[2023.04.27-13.36.12:738][  0]LogPakFile: PakFile PathHashIndexSize=101
[2023.04.27-13.36.12:738][  0]LogPakFile: PakFile FullDirectoryIndexSize=148
[2023.04.27-13.36.12:738][  0]LogShaderLibrary: Display: ShaderCodeLibraryPakFileMountedCallback: PakFile 'E:/Downloads/unreal_engine_v4.27_compiled/Unreal Engine v4.27 Compiled/FeaturePacks/TP_TwinStickBP.upack' (chunk index -1, root 'root:/') mounted
[2023.04.27-13.36.12:738][  0]LogShaderLibrary: Display: ShaderCodeLibraryPakFileMountedCallback: pending pak file info (ChunkID:-1 Root:root:/ File:E:/Downloads/unreal_engine_v4.27_compiled/Unreal Engine v4.27 Compiled/FeaturePacks/TP_TwinStickBP.upack)
[2023.04.27-13.36.12:738][  0]LogPakFile: OnPakFileMounted2Time == 0.000036
[2023.04.27-13.36.12:744][  0]LogPakFile: PakFile PrimaryIndexSize=183
[2023.04.27-13.36.12:744][  0]LogPakFile: PakFile PathHashIndexSize=101
[2023.04.27-13.36.12:744][  0]LogPakFile: PakFile FullDirectoryIndexSize=140
[2023.04.27-13.36.12:744][  0]LogShaderLibrary: Display: ShaderCodeLibraryPakFileMountedCallback: PakFile 'E:/Downloads/unreal_engine_v4.27_compiled/Unreal Engine v4.27 Compiled/FeaturePacks/TP_Vehicle.upack' (chunk index -1, root 'root:/') mounted
[2023.04.27-13.36.12:744][  0]LogShaderLibrary: Display: ShaderCodeLibraryPakFileMountedCallback: pending pak file info (ChunkID:-1 Root:root:/ File:E:/Downloads/unreal_engine_v4.27_compiled/Unreal Engine v4.27 Compiled/FeaturePacks/TP_Vehicle.upack)
[2023.04.27-13.36.12:744][  0]LogPakFile: OnPakFileMounted2Time == 0.000126
[2023.04.27-13.36.12:750][  0]LogPakFile: PakFile PrimaryIndexSize=186
[2023.04.27-13.36.12:750][  0]LogPakFile: PakFile PathHashIndexSize=101
[2023.04.27-13.36.12:750][  0]LogPakFile: PakFile FullDirectoryIndexSize=146
[2023.04.27-13.36.12:750][  0]LogShaderLibrary: Display: ShaderCodeLibraryPakFileMountedCallback: PakFile 'E:/Downloads/unreal_engine_v4.27_compiled/Unreal Engine v4.27 Compiled/FeaturePacks/TP_VehicleAdv.upack' (chunk index -1, root 'root:/') mounted
[2023.04.27-13.36.12:750][  0]LogShaderLibrary: Display: ShaderCodeLibraryPakFileMountedCallback: pending pak file info (ChunkID:-1 Root:root:/ File:E:/Downloads/unreal_engine_v4.27_compiled/Unreal Engine v4.27 Compiled/FeaturePacks/TP_VehicleAdv.upack)
[2023.04.27-13.36.12:750][  0]LogPakFile: OnPakFileMounted2Time == 0.000050
[2023.04.27-13.36.12:755][  0]LogPakFile: PakFile PrimaryIndexSize=188
[2023.04.27-13.36.12:755][  0]LogPakFile: PakFile PathHashIndexSize=101
[2023.04.27-13.36.12:755][  0]LogPakFile: PakFile FullDirectoryIndexSize=150
[2023.04.27-13.36.12:755][  0]LogShaderLibrary: Display: ShaderCodeLibraryPakFileMountedCallback: PakFile 'E:/Downloads/unreal_engine_v4.27_compiled/Unreal Engine v4.27 Compiled/FeaturePacks/TP_VehicleAdvBP.upack' (chunk index -1, root 'root:/') mounted
[2023.04.27-13.36.12:755][  0]LogShaderLibrary: Display: ShaderCodeLibraryPakFileMountedCallback: pending pak file info (ChunkID:-1 Root:root:/ File:E:/Downloads/unreal_engine_v4.27_compiled/Unreal Engine v4.27 Compiled/FeaturePacks/TP_VehicleAdvBP.upack)
[2023.04.27-13.36.12:755][  0]LogPakFile: OnPakFileMounted2Time == 0.000057
[2023.04.27-13.36.12:760][  0]LogPakFile: PakFile PrimaryIndexSize=185
[2023.04.27-13.36.12:760][  0]LogPakFile: PakFile PathHashIndexSize=101
[2023.04.27-13.36.12:760][  0]LogPakFile: PakFile FullDirectoryIndexSize=144
[2023.04.27-13.36.12:760][  0]LogShaderLibrary: Display: ShaderCodeLibraryPakFileMountedCallback: PakFile 'E:/Downloads/unreal_engine_v4.27_compiled/Unreal Engine v4.27 Compiled/FeaturePacks/TP_VehicleBP.upack' (chunk index -1, root 'root:/') mounted
[2023.04.27-13.36.12:760][  0]LogShaderLibrary: Display: ShaderCodeLibraryPakFileMountedCallback: pending pak file info (ChunkID:-1 Root:root:/ File:E:/Downloads/unreal_engine_v4.27_compiled/Unreal Engine v4.27 Compiled/FeaturePacks/TP_VehicleBP.upack)
[2023.04.27-13.36.12:760][  0]LogPakFile: OnPakFileMounted2Time == 0.000037
[2023.04.27-13.36.12:766][  0]LogPakFile: PakFile PrimaryIndexSize=192
[2023.04.27-13.36.12:766][  0]LogPakFile: PakFile PathHashIndexSize=101
[2023.04.27-13.36.12:766][  0]LogPakFile: PakFile FullDirectoryIndexSize=158
[2023.04.27-13.36.12:766][  0]LogShaderLibrary: Display: ShaderCodeLibraryPakFileMountedCallback: PakFile 'E:/Downloads/unreal_engine_v4.27_compiled/Unreal Engine v4.27 Compiled/FeaturePacks/TP_VirtualRealityBP.upack' (chunk index -1, root 'root:/') mounted
[2023.04.27-13.36.12:766][  0]LogShaderLibrary: Display: ShaderCodeLibraryPakFileMountedCallback: pending pak file info (ChunkID:-1 Root:root:/ File:E:/Downloads/unreal_engine_v4.27_compiled/Unreal Engine v4.27 Compiled/FeaturePacks/TP_VirtualRealityBP.upack)
[2023.04.27-13.36.12:766][  0]LogPakFile: OnPakFileMounted2Time == 0.000036
[2023.04.27-13.36.13:090][  0]LogNativeClassHierarchy: Verbose: Native class hierarchy updated for 'AddContentDialog' in 0.0003 seconds. Added 0 classes and 0 folders.
[2023.04.27-13.36.13:096][  0]LogNativeClassHierarchy: Verbose: Native class hierarchy updated for 'SceneOutliner' in 0.0002 seconds. Added 2 classes and 0 folders.
[2023.04.27-13.36.13:251][  0]LogSlate: Took 0.006017 seconds to synchronously load lazily loaded font '../../../Engine/Content/Slate/Fonts/Roboto-Regular.ttf' (155K)
[2023.04.27-13.36.13:259][  0]LogSlate: Took 0.006524 seconds to synchronously load lazily loaded font '../../../Engine/Content/Editor/Slate/Fonts/FontAwesome.ttf' (139K)
[2023.04.27-13.36.13:266][  0]LogSlate: Took 0.005307 seconds to synchronously load lazily loaded font '../../../Engine/Content/Slate/Fonts/Roboto-Bold.ttf' (160K)
[2023.04.27-13.36.13:423][  0]LogRenderer: Reallocating scene render targets to support 1184x508 Format 10 NumSamples 1 (Frame:1).
[2023.04.27-13.36.13:663][  0]LogNativeClassHierarchy: Verbose: Native class hierarchy updated for 'HierarchicalLODOutliner' in 0.0003 seconds. Added 0 classes and 0 folders.
[2023.04.27-13.36.13:663][  0]LogLoad: (Engine Initialization) Total time: 29.70 seconds
[2023.04.27-13.36.13:663][  0]LogLoad: (Engine Initialization) Total Blueprint compile time: 0.00 seconds
[2023.04.27-13.36.13:708][  0]LogAssetRegistry: Asset discovery search completed in 18.0770 seconds
[2023.04.27-13.36.13:735][  0]LogCollectionManager: Fixed up redirectors for 0 collections in 0.000009 seconds (updated 0 objects)
[2023.04.27-13.36.13:752][  0]LogContentStreaming: Texture pool size now 1000 MB
[2023.04.27-13.36.13:845][  0]LogSlate: Took 0.007211 seconds to synchronously load lazily loaded font '../../../Engine/Content/Slate/Fonts/DroidSansMono.ttf' (77K)
[2023.04.27-13.36.14:005][  2]LogSlate: Took 0.007717 seconds to synchronously load lazily loaded font '../../../Engine/Content/Slate/Fonts/Roboto-Light.ttf' (167K)
[2023.04.27-13.36.14:724][ 42]LogSlate: Took 0.000208 seconds to synchronously load lazily loaded font '../../../Engine/Content/Slate/Fonts/Roboto-Light.ttf' (167K)
[2023.04.27-13.36.25:618][671]LogSlate: Window 'Message Log' being destroyed
[2023.04.27-13.36.25:644][671]LogSlate: Window 'Message Log' being destroyed
[2023.04.27-13.37.04:254][971]LogRenderer: Reallocating scene render targets to support 1184x524 Format 10 NumSamples 1 (Frame:3024).
[2023.04.27-13.37.04:300][972]LogRenderer: Reallocating scene render targets to support 1184x548 Format 10 NumSamples 1 (Frame:3026).
[2023.04.27-13.37.04:346][973]LogRenderer: Reallocating scene render targets to support 1184x576 Format 10 NumSamples 1 (Frame:3028).
[2023.04.27-13.37.04:390][974]LogRenderer: Reallocating scene render targets to support 1184x592 Format 10 NumSamples 1 (Frame:3030).
[2023.04.27-13.37.04:436][975]LogRenderer: Reallocating scene render targets to support 1184x608 Format 10 NumSamples 1 (Frame:3032).
[2023.04.27-13.37.04:478][976]LogRenderer: Reallocating scene render targets to support 1184x620 Format 10 NumSamples 1 (Frame:3034).
[2023.04.27-13.37.04:523][977]LogRenderer: Reallocating scene render targets to support 1184x628 Format 10 NumSamples 1 (Frame:3036).
[2023.04.27-13.37.04:563][978]LogRenderer: Reallocating scene render targets to support 1184x632 Format 10 NumSamples 1 (Frame:3038).
[2023.04.27-13.37.04:618][979]LogRenderer: Reallocating scene render targets to support 1184x636 Format 10 NumSamples 1 (Frame:3040).
[2023.04.27-13.37.04:661][980]LogRenderer: Reallocating scene render targets to support 1184x648 Format 10 NumSamples 1 (Frame:3042).
[2023.04.27-13.37.04:715][981]LogRenderer: Reallocating scene render targets to support 1184x656 Format 10 NumSamples 1 (Frame:3044).
[2023.04.27-13.37.04:760][982]LogRenderer: Reallocating scene render targets to support 1184x664 Format 10 NumSamples 1 (Frame:3046).
[2023.04.27-13.37.04:848][987]LogRenderer: Reallocating scene render targets to support 1184x668 Format 10 NumSamples 1 (Frame:3048).
[2023.04.27-13.37.04:930][989]LogRenderer: Reallocating scene render targets to support 1184x676 Format 10 NumSamples 1 (Frame:3052).
[2023.04.27-13.37.04:980][990]LogRenderer: Reallocating scene render targets to support 1184x680 Format 10 NumSamples 1 (Frame:3054).
[2023.04.27-13.37.09:564][245]LogRenderer: Reallocating scene render targets to support 1192x680 Format 10 NumSamples 1 (Frame:3276).
[2023.04.27-13.37.09:616][246]LogRenderer: Reallocating scene render targets to support 1208x680 Format 10 NumSamples 1 (Frame:3278).
[2023.04.27-13.37.09:668][247]LogRenderer: Reallocating scene render targets to support 1216x680 Format 10 NumSamples 1 (Frame:3280).
[2023.04.27-13.37.09:718][248]LogRenderer: Reallocating scene render targets to support 1228x680 Format 10 NumSamples 1 (Frame:3282).
[2023.04.27-13.37.09:767][249]LogRenderer: Reallocating scene render targets to support 1232x680 Format 10 NumSamples 1 (Frame:3284).
[2023.04.27-13.37.09:820][250]LogRenderer: Reallocating scene render targets to support 1248x680 Format 10 NumSamples 1 (Frame:3286).
[2023.04.27-13.37.09:873][251]LogRenderer: Reallocating scene render targets to support 1256x680 Format 10 NumSamples 1 (Frame:3288).
[2023.04.27-13.37.09:919][252]LogRenderer: Reallocating scene render targets to support 1264x680 Format 10 NumSamples 1 (Frame:3290).
[2023.04.27-13.37.19:879][786]LogTexture: Display: Building textures: Texture2D_2 (G8, 128X128)
[2023.04.27-13.37.19:971][786]LogSlate: Took 0.006086 seconds to synchronously load lazily loaded font '../../../Engine/Content/Slate/Fonts/Roboto-Italic.ttf' (157K)
[2023.04.27-13.38.01:271][ 97]LogEditorTransaction: Warning: Canceling transaction partially is unsupported. Canceling Modify Landscape Spline Control Point entirely.
[2023.04.27-13.39.25:327][127]Cmd: TRANSACTION UNDO
[2023.04.27-13.39.25:327][127]LogEditorTransaction: Undo Set Vector Property
[2023.04.27-13.39.25:346][127]LogPhysics: Warning: PopulatePhysXGeometryAndTransform(Convex): ConvexElem is missing ConvexMesh
[2023.04.27-13.39.25:346][127]LogPhysics: Warning: ForeachShape(Convex): ScaledElem[0] invalid
[2023.04.27-13.39.25:347][127]LogPhysics: Warning: PopulatePhysXGeometryAndTransform(Convex): ConvexElem is missing ConvexMesh
[2023.04.27-13.39.25:347][127]LogPhysics: Warning: ForeachShape(Convex): ScaledElem[0] invalid
[2023.04.27-13.39.25:347][127]LogPhysics: Warning: PopulatePhysXGeometryAndTransform(Convex): ConvexElem is missing ConvexMesh
[2023.04.27-13.39.25:347][127]LogPhysics: Warning: ForeachShape(Convex): ScaledElem[0] invalid
[2023.04.27-13.39.25:347][127]LogPhysics: Warning: PopulatePhysXGeometryAndTransform(Convex): ConvexElem is missing ConvexMesh
[2023.04.27-13.39.25:347][127]LogPhysics: Warning: ForeachShape(Convex): ScaledElem[0] invalid
[2023.04.27-13.39.25:347][127]LogPhysics: Warning: PopulatePhysXGeometryAndTransform(Convex): ConvexElem is missing ConvexMesh
[2023.04.27-13.39.25:347][127]LogPhysics: Warning: ForeachShape(Convex): ScaledElem[0] invalid
[2023.04.27-13.39.35:801][721]Cmd: TRANSACTION UNDO
[2023.04.27-13.39.35:801][721]LogEditorTransaction: Undo Set Vector Property
[2023.04.27-13.39.35:819][721]LogPhysics: Warning: PopulatePhysXGeometryAndTransform(Convex): ConvexElem is missing ConvexMesh
[2023.04.27-13.39.35:819][721]LogPhysics: Warning: ForeachShape(Convex): ScaledElem[0] invalid
[2023.04.27-13.39.35:819][721]LogPhysics: Warning: PopulatePhysXGeometryAndTransform(Convex): ConvexElem is missing ConvexMesh
[2023.04.27-13.39.35:819][721]LogPhysics: Warning: ForeachShape(Convex): ScaledElem[0] invalid
[2023.04.27-13.39.35:819][721]LogPhysics: Warning: PopulatePhysXGeometryAndTransform(Convex): ConvexElem is missing ConvexMesh
[2023.04.27-13.39.35:819][721]LogPhysics: Warning: ForeachShape(Convex): ScaledElem[0] invalid
[2023.04.27-13.39.35:820][721]LogPhysics: Warning: PopulatePhysXGeometryAndTransform(Convex): ConvexElem is missing ConvexMesh
[2023.04.27-13.39.35:820][721]LogPhysics: Warning: ForeachShape(Convex): ScaledElem[0] invalid
[2023.04.27-13.39.35:820][721]LogPhysics: Warning: PopulatePhysXGeometryAndTransform(Convex): ConvexElem is missing ConvexMesh
[2023.04.27-13.39.35:820][721]LogPhysics: Warning: ForeachShape(Convex): ScaledElem[0] invalid
[2023.04.27-13.39.49:739][528]Cmd: TRANSACTION UNDO
[2023.04.27-13.39.49:739][528]LogEditorTransaction: Undo Edit X
[2023.04.27-13.39.49:758][528]LogPhysics: Warning: PopulatePhysXGeometryAndTransform(Convex): ConvexElem is missing ConvexMesh
[2023.04.27-13.39.49:758][528]LogPhysics: Warning: ForeachShape(Convex): ScaledElem[0] invalid
[2023.04.27-13.39.49:758][528]LogPhysics: Warning: PopulatePhysXGeometryAndTransform(Convex): ConvexElem is missing ConvexMesh
[2023.04.27-13.39.49:758][528]LogPhysics: Warning: ForeachShape(Convex): ScaledElem[0] invalid
[2023.04.27-13.39.49:758][528]LogPhysics: Warning: PopulatePhysXGeometryAndTransform(Convex): ConvexElem is missing ConvexMesh
[2023.04.27-13.39.49:758][528]LogPhysics: Warning: ForeachShape(Convex): ScaledElem[0] invalid
[2023.04.27-13.39.49:758][528]LogPhysics: Warning: PopulatePhysXGeometryAndTransform(Convex): ConvexElem is missing ConvexMesh
[2023.04.27-13.39.49:758][528]LogPhysics: Warning: ForeachShape(Convex): ScaledElem[0] invalid
[2023.04.27-13.39.49:758][528]LogPhysics: Warning: PopulatePhysXGeometryAndTransform(Convex): ConvexElem is missing ConvexMesh
[2023.04.27-13.39.49:758][528]LogPhysics: Warning: ForeachShape(Convex): ScaledElem[0] invalid
[2023.04.27-13.40.11:921][820]Cmd: TRANSACTION UNDO
[2023.04.27-13.40.11:921][820]LogEditorTransaction: Undo Edit X
[2023.04.27-13.40.11:944][820]LogPhysics: Warning: PopulatePhysXGeometryAndTransform(Convex): ConvexElem is missing ConvexMesh
[2023.04.27-13.40.11:944][820]LogPhysics: Warning: ForeachShape(Convex): ScaledElem[0] invalid
[2023.04.27-13.40.11:944][820]LogPhysics: Warning: PopulatePhysXGeometryAndTransform(Convex): ConvexElem is missing ConvexMesh
[2023.04.27-13.40.11:945][820]LogPhysics: Warning: ForeachShape(Convex): ScaledElem[0] invalid
[2023.04.27-13.40.11:945][820]LogPhysics: Warning: PopulatePhysXGeometryAndTransform(Convex): ConvexElem is missing ConvexMesh
[2023.04.27-13.40.11:945][820]LogPhysics: Warning: ForeachShape(Convex): ScaledElem[0] invalid
[2023.04.27-13.40.11:945][820]LogPhysics: Warning: PopulatePhysXGeometryAndTransform(Convex): ConvexElem is missing ConvexMesh
[2023.04.27-13.40.11:945][820]LogPhysics: Warning: ForeachShape(Convex): ScaledElem[0] invalid
[2023.04.27-13.40.11:945][820]LogPhysics: Warning: PopulatePhysXGeometryAndTransform(Convex): ConvexElem is missing ConvexMesh
[2023.04.27-13.40.11:945][820]LogPhysics: Warning: ForeachShape(Convex): ScaledElem[0] invalid
[2023.04.27-13.40.11:945][820]LogPhysics: Warning: PopulatePhysXGeometryAndTransform(Convex): ConvexElem is missing ConvexMesh
[2023.04.27-13.40.11:945][820]LogPhysics: Warning: ForeachShape(Convex): ScaledElem[0] invalid
[2023.04.27-13.40.11:945][820]LogPhysics: Warning: PopulatePhysXGeometryAndTransform(Convex): ConvexElem is missing ConvexMesh
[2023.04.27-13.40.11:945][820]LogPhysics: Warning: ForeachShape(Convex): ScaledElem[0] invalid
[2023.04.27-13.40.11:945][820]LogPhysics: Warning: PopulatePhysXGeometryAndTransform(Convex): ConvexElem is missing ConvexMesh
[2023.04.27-13.40.11:945][820]LogPhysics: Warning: ForeachShape(Convex): ScaledElem[0] invalid
[2023.04.27-13.40.11:962][820]LogPhysics: Warning: PopulatePhysXGeometryAndTransform(Convex): ConvexElem is missing ConvexMesh
[2023.04.27-13.40.11:962][820]LogPhysics: Warning: ForeachShape(Convex): ScaledElem[0] invalid
[2023.04.27-13.40.11:962][820]LogPhysics: Warning: PopulatePhysXGeometryAndTransform(Convex): ConvexElem is missing ConvexMesh
[2023.04.27-13.40.11:962][820]LogPhysics: Warning: ForeachShape(Convex): ScaledElem[0] invalid
[2023.04.27-13.40.11:962][820]LogPhysics: Warning: PopulatePhysXGeometryAndTransform(Convex): ConvexElem is missing ConvexMesh
[2023.04.27-13.40.11:962][820]LogPhysics: Warning: ForeachShape(Convex): ScaledElem[0] invalid
[2023.04.27-13.40.11:965][820]LogPhysics: Warning: PopulatePhysXGeometryAndTransform(Convex): ConvexElem is missing ConvexMesh
[2023.04.27-13.40.11:965][820]LogPhysics: Warning: ForeachShape(Convex): ScaledElem[0] invalid
[2023.04.27-13.40.11:965][820]LogPhysics: Warning: PopulatePhysXGeometryAndTransform(Convex): ConvexElem is missing ConvexMesh
[2023.04.27-13.40.11:965][820]LogPhysics: Warning: ForeachShape(Convex): ScaledElem[0] invalid
[2023.04.27-13.44.24:279][792]LogEditorViewport: Clicking on Actor (LMB): StaticMeshActor (Road__Square_f)
[2023.04.27-13.45.18:081][922]LogAssetEditorSubsystem: Opening Asset editor for StaticMesh /Game/TheTroubleMakers/ALL_Assets/Road/Road__Square_f.Road__Square_f
[2023.04.27-13.45.18:235][922]LogTexture: Default maximum texture size for cubemaps generated from long-lat sources has been changed from 512 to unlimited. In order to preserve old behaiour for '/Engine/EditorMaterials/AssetViewer/EpicQuadPanorama_CC+EV1.EpicQuadPanorama_CC+EV1', its maximum texture size has been explicitly set to 512.
[2023.04.27-13.45.18:364][922]LogTexture: Default maximum texture size for cubemaps generated from long-lat sources has been changed from 512 to unlimited. In order to preserve old behaiour for '/Engine/MapTemplates/Sky/SunsetAmbientCubemap.SunsetAmbientCubemap', its maximum texture size has been explicitly set to 512.
[2023.04.27-13.45.18:888][922]LogRenderer: Reallocating scene render targets to support 1432x912 Format 10 NumSamples 1 (Frame:1).
[2023.04.27-13.45.21:414][ 44]LogSlate: Window 'Road__Square_f' being destroyed
[2023.04.27-13.45.26:134][254]LogAssetEditorSubsystem: Opening Asset editor for StaticMesh /Game/TheTroubleMakers/ALL_Assets/Road/Road__2f.Road__2f
[2023.04.27-13.45.28:539][337]LogAssetEditorSubsystem: Opening Asset editor for StaticMesh /Game/TheTroubleMakers/ALL_Assets/Road/Road__1f.Road__1f
[2023.04.27-13.45.43:340][724]LogLinker: Warning: Failed to load '/Game/TheTroubleMakers/ImanIranNejad/MyCar/ZhianMesh': Can't find file.
[2023.04.27-13.45.43:340][724]LogLinker: Warning: Failed to load '/Game/TheTroubleMakers/ImanIranNejad/MyCar/ZhianMesh': Can't find file.
[2023.04.27-13.45.43:340][724]LogUObjectGlobals: Warning: Failed to find object 'Object /Game/TheTroubleMakers/ImanIranNejad/MyCar/ZhianMesh.ZhianMesh'
[2023.04.27-13.46.34:185][290]LogSavePackage: Moving '../../../../../../Asus/Documents/GitHub/TheTroubleMakers/Unreal Engine Project/SpeedLimit_UniAzad/Saved/Road__Square_f92E3F06B49E83B56F951538B59AA6FDD.tmp' to '../../../../../../Asus/Documents/GitHub/TheTroubleMakers/Unreal Engine Project/SpeedLimit_UniAzad/Content/TheTroubleMakers/ALL_Assets/Road/Road__Square_f.uasset'
[2023.04.27-13.46.34:202][290]AssetCheck: New page: Asset Save: Road__Square_f
[2023.04.27-13.46.34:202][290]LogContentValidation: Display: Validating StaticMesh /Game/TheTroubleMakers/ALL_Assets/Road/Road__Square_f.Road__Square_f
[2023.04.27-13.46.40:991][497]LogMaterial: Display: Material /Game/TheTroubleMakers/ImanIranNejad/MyBuilding/Garden.Garden needed to have new flag set bUsedWithSplineMeshes !
[2023.04.27-13.46.40:992][497]LogMaterial: Display: Missing cached shadermap for Garden in PCD3D_SM5, Default, SM5 (DDC key hash: EF0B0DF7541A38B469DC485038709650FDCD9993), compiling. 
[2023.04.27-13.46.41:036][497]LogShaderCompilers: Display: Submitted 32 shader compile jobs with 'Low' priority
[2023.04.27-13.46.41:053][497]LogShaderCompilers: Display: Worker (1/5): shaders left to compile 2
[2023.04.27-13.46.41:053][497]LogShaderCompilers: Display: Worker (2/5): shaders left to compile 1
[2023.04.27-13.46.41:053][497]LogShaderCompilers: Display: Worker (3/5): shaders left to compile 30
[2023.04.27-13.46.41:053][497]LogShaderCompilers: Display: Worker (4/5): shaders left to compile 22
[2023.04.27-13.46.41:053][497]LogShaderCompilers: Display: Started 16 'Local' shader compile jobs with 'Normal' priority
[2023.04.27-13.46.41:053][497]LogShaderCompilers: Display: Started 2 'Local' shader compile jobs with 'ForceLocal' priority
[2023.04.27-13.46.42:239][530]LogShaderCompilers: Display: Worker (2/5): shaders left to compile 14
[2023.04.27-13.46.42:239][530]LogShaderCompilers: Display: Started 4 'Local' shader compile jobs with 'Normal' priority
[2023.04.27-13.46.42:262][530]LogShaderCompilers: Display: === FShaderJobCache stats ===
[2023.04.27-13.46.42:262][530]LogShaderCompilers: Display: Total job queries 32, among them cache hits 0 (0.00%)
[2023.04.27-13.46.42:262][530]LogShaderCompilers: Display: Tracking 1 distinct input hashes that result in 1 distinct outputs (100.00%)
[2023.04.27-13.46.42:262][530]LogShaderCompilers: Display: RAM used: 0.00 MB (0.00 GB) of 819.20 MB (0.80 GB) budget. Usage: 0.00%
[2023.04.27-13.46.42:262][530]LogShaderCompilers: Display: ================================================
[2023.04.27-13.46.42:419][535]LogShaderCompilers: Display: Worker (1/5): shaders left to compile 10
[2023.04.27-13.46.42:419][535]LogShaderCompilers: Display: Started 3 'Local' shader compile jobs with 'Normal' priority
[2023.04.27-13.46.43:973][586]LogShaderCompilers: Display: Worker (1/5): shaders left to compile 7
[2023.04.27-13.46.43:973][586]LogShaderCompilers: Display: Started 2 'Local' shader compile jobs with 'Normal' priority
[2023.04.27-13.46.44:227][594]LogShaderCompilers: Display: Worker (2/5): shaders left to compile 5
[2023.04.27-13.46.44:227][594]LogShaderCompilers: Display: Started 2 'Local' shader compile jobs with 'Normal' priority
[2023.04.27-13.46.45:143][625]LogShaderCompilers: Display: Worker (1/5): shaders left to compile 3
[2023.04.27-13.46.45:143][625]LogShaderCompilers: Display: Started 1 'Local' shader compile jobs with 'Normal' priority
[2023.04.27-13.46.45:406][634]LogShaderCompilers: Display: Worker (2/5): shaders left to compile 2
[2023.04.27-13.46.45:406][634]LogShaderCompilers: Display: Started 1 'Local' shader compile jobs with 'Normal' priority
[2023.04.27-13.46.45:774][648]LogShaderCompilers: Display: Worker (1/5): shaders left to compile 1
[2023.04.27-13.46.45:774][648]LogShaderCompilers: Display: Started 1 'Local' shader compile jobs with 'Normal' priority
[2023.04.27-13.47.11:478][506]LogSavePackage: Moving '../../../../../../Asus/Documents/GitHub/TheTroubleMakers/Unreal Engine Project/SpeedLimit_UniAzad/Saved/Road__1f1A6D2E79457FD3323F87C089950FDD23.tmp' to '../../../../../../Asus/Documents/GitHub/TheTroubleMakers/Unreal Engine Project/SpeedLimit_UniAzad/Content/TheTroubleMakers/ALL_Assets/Road/Road__1f.uasset'
[2023.04.27-13.47.11:540][506]AssetCheck: New page: Asset Save: Road__1f
[2023.04.27-13.47.11:540][506]LogContentValidation: Display: Validating StaticMesh /Game/TheTroubleMakers/ALL_Assets/Road/Road__1f.Road__1f
[2023.04.27-13.47.12:860][559]LogSavePackage: Moving '../../../../../../Asus/Documents/GitHub/TheTroubleMakers/Unreal Engine Project/SpeedLimit_UniAzad/Saved/Road__2fC7BC1722470F6B2838F2269E7C2C53BA.tmp' to '../../../../../../Asus/Documents/GitHub/TheTroubleMakers/Unreal Engine Project/SpeedLimit_UniAzad/Content/TheTroubleMakers/ALL_Assets/Road/Road__2f.uasset'
[2023.04.27-13.47.12:922][559]AssetCheck: New page: Asset Save: Road__2f
[2023.04.27-13.47.12:922][559]LogContentValidation: Display: Validating StaticMesh /Game/TheTroubleMakers/ALL_Assets/Road/Road__2f.Road__2f
[2023.04.27-13.47.25:562][917]LogEditorViewport: Clicking on Actor (LMB): Landscape (Landscape)
[2023.04.27-13.47.51:587][634]Cmd: TRANSACTION UNDO
[2023.04.27-13.47.51:587][634]LogEditorTransaction: Undo Set Vector Property
[2023.04.27-13.48.02:094][914]Cmd: TRANSACTION UNDO
[2023.04.27-13.48.02:094][914]LogEditorTransaction: Undo Set Vector Property
[2023.04.27-13.48.02:160][914]LogPhysics: Warning: PopulatePhysXGeometryAndTransform(Convex): ConvexElem is missing ConvexMesh
[2023.04.27-13.48.02:160][914]LogPhysics: Warning: ForeachShape(Convex): ScaledElem[0] invalid
[2023.04.27-13.48.02:160][914]LogPhysics: Warning: PopulatePhysXGeometryAndTransform(Convex): ConvexElem is missing ConvexMesh
[2023.04.27-13.48.02:160][914]LogPhysics: Warning: ForeachShape(Convex): ScaledElem[0] invalid
[2023.04.27-13.48.02:160][914]LogPhysics: Warning: PopulatePhysXGeometryAndTransform(Convex): ConvexElem is missing ConvexMesh
[2023.04.27-13.48.02:160][914]LogPhysics: Warning: ForeachShape(Convex): ScaledElem[0] invalid
[2023.04.27-13.48.02:160][914]LogPhysics: Warning: PopulatePhysXGeometryAndTransform(Convex): ConvexElem is missing ConvexMesh
[2023.04.27-13.48.02:160][914]LogPhysics: Warning: ForeachShape(Convex): ScaledElem[0] invalid
[2023.04.27-13.48.02:160][914]LogPhysics: Warning: PopulatePhysXGeometryAndTransform(Convex): ConvexElem is missing ConvexMesh
[2023.04.27-13.48.02:160][914]LogPhysics: Warning: ForeachShape(Convex): ScaledElem[0] invalid
[2023.04.27-13.51.09:968][ 14]LogActorComponent: UnregisterComponent: (/Game/StarterContent/Maps/Minimal_Default.Minimal_Default:PersistentLevel.Landscape_0.ControlPointMeshComponent_0) Not registered. Aborting.
[2023.04.27-13.51.29:660][487]Cmd: TRANSACTION UNDO
[2023.04.27-13.51.29:660][487]LogEditorTransaction: Undo Edit Mesh
[2023.04.27-13.51.29:720][487]LogPhysics: Warning: PopulatePhysXGeometryAndTransform(Convex): ConvexElem is missing ConvexMesh
[2023.04.27-13.51.29:720][487]LogPhysics: Warning: ForeachShape(Convex): ScaledElem[0] invalid
[2023.04.27-13.51.29:720][487]LogPhysics: Warning: PopulatePhysXGeometryAndTransform(Convex): ConvexElem is missing ConvexMesh
[2023.04.27-13.51.29:720][487]LogPhysics: Warning: ForeachShape(Convex): ScaledElem[0] invalid
[2023.04.27-13.51.29:720][487]LogPhysics: Warning: PopulatePhysXGeometryAndTransform(Convex): ConvexElem is missing ConvexMesh
[2023.04.27-13.51.29:720][487]LogPhysics: Warning: ForeachShape(Convex): ScaledElem[0] invalid
[2023.04.27-13.51.29:720][487]LogPhysics: Warning: PopulatePhysXGeometryAndTransform(Convex): ConvexElem is missing ConvexMesh
[2023.04.27-13.51.29:720][487]LogPhysics: Warning: ForeachShape(Convex): ScaledElem[0] invalid
[2023.04.27-13.51.29:720][487]LogPhysics: Warning: PopulatePhysXGeometryAndTransform(Convex): ConvexElem is missing ConvexMesh
[2023.04.27-13.51.29:720][487]LogPhysics: Warning: ForeachShape(Convex): ScaledElem[0] invalid
[2023.04.27-13.51.29:720][487]LogPhysics: Warning: PopulatePhysXGeometryAndTransform(Convex): ConvexElem is missing ConvexMesh
[2023.04.27-13.51.29:720][487]LogPhysics: Warning: ForeachShape(Convex): ScaledElem[0] invalid
[2023.04.27-13.51.29:720][487]LogPhysics: Warning: PopulatePhysXGeometryAndTransform(Convex): ConvexElem is missing ConvexMesh
[2023.04.27-13.51.29:720][487]LogPhysics: Warning: ForeachShape(Convex): ScaledElem[0] invalid
[2023.04.27-13.51.29:721][487]LogPhysics: Warning: PopulatePhysXGeometryAndTransform(Convex): ConvexElem is missing ConvexMesh
[2023.04.27-13.51.29:721][487]LogPhysics: Warning: ForeachShape(Convex): ScaledElem[0] invalid
[2023.04.27-13.51.29:721][487]LogPhysics: Warning: PopulatePhysXGeometryAndTransform(Convex): ConvexElem is missing ConvexMesh
[2023.04.27-13.51.29:721][487]LogPhysics: Warning: ForeachShape(Convex): ScaledElem[0] invalid
[2023.04.27-13.51.29:721][487]LogPhysics: Warning: PopulatePhysXGeometryAndTransform(Convex): ConvexElem is missing ConvexMesh
[2023.04.27-13.51.29:721][487]LogPhysics: Warning: ForeachShape(Convex): ScaledElem[0] invalid
[2023.04.27-13.51.29:721][487]LogPhysics: Warning: PopulatePhysXGeometryAndTransform(Convex): ConvexElem is missing ConvexMesh
[2023.04.27-13.51.29:721][487]LogPhysics: Warning: ForeachShape(Convex): ScaledElem[0] invalid
[2023.04.27-13.51.29:721][487]LogPhysics: Warning: PopulatePhysXGeometryAndTransform(Convex): ConvexElem is missing ConvexMesh
[2023.04.27-13.51.29:721][487]LogPhysics: Warning: ForeachShape(Convex): ScaledElem[0] invalid
[2023.04.27-13.52.28:056][ 72]LogEditorViewport: Clicking on Actor (LMB): StaticMeshActor (Floor)
[2023.04.27-13.52.30:272][141]Cmd: DELETE
[2023.04.27-13.52.30:272][141]Cmd: ACTOR DELETE
[2023.04.27-13.52.30:280][141]LogEditorActor: Deleted Actor: StaticMeshActor
[2023.04.27-13.52.30:332][141]LogUObjectHash: Compacting FUObjectHashTables data took   0.74ms
[2023.04.27-13.52.30:339][141]LogEditorActor: Deleted 1 Actors (0.065 secs)
[2023.04.27-13.52.32:355][197]LogEditorViewport: Clicking on Actor (LMB): Landscape (Landscape)
[2023.04.27-13.52.33:828][235]Cmd: DELETE
[2023.04.27-13.52.33:828][235]Cmd: ACTOR DELETE
[2023.04.27-13.52.33:833][235]LogEditorActor: Deleted Actor: Landscape
[2023.04.27-13.52.33:861][235]LogUObjectHash: Compacting FUObjectHashTables data took   0.32ms
[2023.04.27-13.52.33:862][235]LogEditorActor: Deleted 1 Actors (0.033 secs)
[2023.04.27-13.52.35:954][297]LogEditorViewport: Clicking on Actor (LMB): StaticMeshActor (Floor)
[2023.04.27-13.52.37:526][342]Cmd: TRANSACTION UNDO
[2023.04.27-13.52.37:526][342]LogEditorTransaction: Undo Clicking on Actors
[2023.04.27-13.52.38:511][363]Cmd: TRANSACTION UNDO
[2023.04.27-13.52.38:511][363]LogEditorTransaction: Undo Delete Actors
[2023.04.27-13.52.44:418][489]LogEditorViewport: Clicking on Actor (LMB): StaticMeshActor (Floor)
[2023.04.27-13.52.46:368][545]Cmd: DELETE
[2023.04.27-13.52.46:368][545]Cmd: ACTOR DELETE
[2023.04.27-13.52.46:371][545]LogEditorActor: Deleted Actor: StaticMeshActor
[2023.04.27-13.52.46:377][545]LogUObjectHash: Compacting FUObjectHashTables data took   0.27ms
[2023.04.27-13.52.46:379][545]LogEditorActor: Deleted 1 Actors (0.012 secs)
[2023.04.27-13.52.57:356][856]LogEditorViewport: Clicking on Actor (LMB): NissanBP_C (NissanBP)
[2023.04.27-13.53.06:305][ 79]LogEditorViewport: Clicking on Actor (LMB): Zhian_BP_C (Zhian_BP)
[2023.04.27-13.53.14:774][281]LogEditorViewport: Clicking on Actor (LMB): Landscape (Landscape)
[2023.04.27-13.53.15:508][300]LogEditorViewport: Clicking on Actor (LMB): MahmoodiCar_BP_C (MahmoodiCar_BP)
[2023.04.27-13.53.23:238][480]LogEditorViewport: Clicking on Actor (LMB): MoosaeiCar_BP_C (MoosaeiCar_BP)
[2023.04.27-13.53.33:513][724]LogEditorViewport: Clicking on Actor (LMB): BlackCarR_BP_C (BlackCarR_BP)
[2023.04.27-13.53.43:586][966]LogEditorViewport: Clicking on Actor (LMB): Landscape (Landscape)
[2023.04.27-13.53.44:504][988]LogTemp: Repeating last play command: Selected Viewport
[2023.04.27-13.53.44:512][988]LogPlayLevel: PlayLevel: No blueprints needed recompiling
[2023.04.27-13.53.44:515][988]PIE: New page: PIE session: Minimal_Default (Apr 27, 2023, 9:53:44 PM)
[2023.04.27-13.53.44:518][988]LogOnline: OSS: Creating online subsystem instance for: NULL
[2023.04.27-13.53.44:519][988]LogOnline: OSS: TryLoadSubsystemAndSetDefault: Loaded subsystem for module [NULL]
[2023.04.27-13.53.44:519][988]LogPlayLevel: Creating play world package: /Game/StarterContent/Maps/UEDPIE_0_Minimal_Default
[2023.04.27-13.53.44:554][988]LogPlayLevel: PIE: StaticDuplicateObject took: (0.034929s)
[2023.04.27-13.53.44:555][988]LogAIModule: Creating AISystem for world Minimal_Default
[2023.04.27-13.53.44:555][988]LogPlayLevel: PIE: World Init took: (0.001180s)
[2023.04.27-13.53.44:555][988]LogPlayLevel: PIE: Created PIE world by copying editor world from /Game/StarterContent/Maps/Minimal_Default.Minimal_Default to /Game/StarterContent/Maps/UEDPIE_0_Minimal_Default.Minimal_Default (0.036265s)
[2023.04.27-13.53.44:563][988]LogUObjectHash: Compacting FUObjectHashTables data took   0.59ms
[2023.04.27-13.53.44:569][988]LogAudio: Display: Creating Audio Device:                 Id: 2, Scope: Unique, Realtime: True
[2023.04.27-13.53.44:569][988]LogAudioMixer: Display: Audio Mixer Platform Settings:
[2023.04.27-13.53.44:569][988]LogAudioMixer: Display: 	Sample Rate:						  48000
[2023.04.27-13.53.44:569][988]LogAudioMixer: Display: 	Callback Buffer Frame Size Requested: 1024
[2023.04.27-13.53.44:569][988]LogAudioMixer: Display: 	Callback Buffer Frame Size To Use:	  1024
[2023.04.27-13.53.44:569][988]LogAudioMixer: Display: 	Number of buffers to queue:			  2
[2023.04.27-13.53.44:569][988]LogAudioMixer: Display: 	Max Channels (voices):				  32
[2023.04.27-13.53.44:569][988]LogAudioMixer: Display: 	Number of Async Source Workers:		  0
[2023.04.27-13.53.44:569][988]LogAudio: Display: AudioDevice MaxSources: 32
[2023.04.27-13.53.44:570][988]LogAudio: Display: Audio Spatialization Plugin: None (built-in).
[2023.04.27-13.53.44:570][988]LogAudio: Display: Audio Reverb Plugin: None (built-in).
[2023.04.27-13.53.44:570][988]LogAudio: Display: Audio Occlusion Plugin: None (built-in).
[2023.04.27-13.53.44:570][988]LogAudioMixer: Display: Initializing audio mixer.
[2023.04.27-13.53.44:573][988]LogAudioMixer: Display: 0: FrontLeft
[2023.04.27-13.53.44:573][988]LogAudioMixer: Display: 1: FrontRight
[2023.04.27-13.53.44:580][988]LogAudioMixer: Display: Using Audio Device Mi TV (HD Audio Driver for Display Audio)
[2023.04.27-13.53.44:580][988]LogAudioMixer: Display: Initializing Sound Submixes...
[2023.04.27-13.53.44:580][988]LogAudioMixer: Display: Creating Master Submix 'MasterSubmixDefault'
[2023.04.27-13.53.44:580][988]LogAudioMixer: Display: Creating Master Submix 'MasterReverbSubmixDefault'
[2023.04.27-13.53.44:581][988]LogAudioMixer: Display: Creating Master Submix 'MasterEQSubmixDefault'
[2023.04.27-13.53.44:581][988]LogAudioMixer: FMixerPlatformXAudio2::StartAudioStream() called
[2023.04.27-13.53.44:581][988]LogAudioMixer: Display: Output buffers initialized: Frames=1024, Channels=2, Samples=2048
[2023.04.27-13.53.44:582][988]LogAudioMixer: Display: Starting AudioMixerPlatformInterface::RunInternal()
[2023.04.27-13.53.44:582][988]LogAudioMixer: Display: FMixerPlatformXAudio2::SubmitBuffer() called for the first time
[2023.04.27-13.53.44:582][988]LogInit: FAudioDevice initialized.
[2023.04.27-13.53.44:582][988]LogAudio: Display: Audio Device (ID: 2) registered with world 'Minimal_Default'.
[2023.04.27-13.53.44:592][988]LogLoad: Game class is 'NissanGame_C'
[2023.04.27-13.53.44:600][988]LogWorld: Bringing World /Game/StarterContent/Maps/UEDPIE_0_Minimal_Default.Minimal_Default up for play (max tick rate 0) at 2023.04.27-17.23.44
[2023.04.27-13.53.44:602][988]LogWorld: Bringing up level for play took: 0.007760
[2023.04.27-13.53.44:602][988]LogOnline: OSS: Creating online subsystem instance for: :Context_10
[2023.04.27-13.53.44:607][988]LogNativeClassHierarchy: Verbose: Native class hierarchy updated for 'MovieSceneCapture' in 0.0004 seconds. Added 20 classes and 0 folders.
[2023.04.27-13.53.44:607][988]LogGameMode: Display: Match State Changed from EnteringMap to WaitingToStart
[2023.04.27-13.53.44:607][988]LogGameState: Match State Changed from EnteringMap to WaitingToStart
[2023.04.27-13.53.44:607][988]LogGameMode: Display: Match State Changed from WaitingToStart to InProgress
[2023.04.27-13.53.44:609][988]LogGameState: Match State Changed from WaitingToStart to InProgress
[2023.04.27-13.53.44:609][988]PIE: Server logged in
[2023.04.27-13.53.44:611][988]PIE: Play in editor total start time 0.101 seconds.
[2023.04.27-13.54.11:536][757]LogSlate: Updating window title bar state: overlay mode, drag disabled, window buttons hidden, title bar hidden
[2023.04.27-13.54.11:536][757]LogWorld: BeginTearingDown for /Game/StarterContent/Maps/UEDPIE_0_Minimal_Default
[2023.04.27-13.54.11:537][757]LogWorld: UWorld::CleanupWorld for Minimal_Default, bSessionEnded=true, bCleanupResources=true
[2023.04.27-13.54.11:540][757]LogSlate: InvalidateAllWidgets triggered.  All widgets were invalidated
[2023.04.27-13.54.11:557][757]LogPlayLevel: Display: Shutting down PIE online subsystems
[2023.04.27-13.54.11:572][757]LogSlate: InvalidateAllWidgets triggered.  All widgets were invalidated
[2023.04.27-13.54.11:582][757]LogAudio: Display: Audio Device unregistered from world 'None'.
[2023.04.27-13.54.11:584][757]LogAudioMixer: FMixerPlatformXAudio2::StopAudioStream() called
[2023.04.27-13.54.11:586][757]LogAudioMixer: FMixerPlatformXAudio2::StopAudioStream() called
[2023.04.27-13.54.11:588][757]LogSlate: Updating window title bar state: overlay mode, drag disabled, window buttons hidden, title bar hidden
[2023.04.27-13.54.11:592][757]LogUObjectHash: Compacting FUObjectHashTables data took   0.61ms
[2023.04.27-13.54.11:619][758]LogPlayLevel: Display: Destroying online subsystem :Context_10
[2023.04.27-13.54.14:798][839]LogEditorViewport: Clicking on Actor (LMB): StaticMeshActor (Road__Square_f)
[2023.04.27-13.54.21:735][ 15]LogEditorViewport: Clicking on Actor (LMB): Landscape (Landscape)
[2023.04.27-13.54.31:605][269]LogEditorViewport: Clicking on Actor (LMB): Landscape (Landscape)
[2023.04.27-13.54.35:447][364]LogEditorViewport: Clicking on Actor (LMB): StaticMeshActor (Road__Square_f)
[2023.04.27-13.54.42:939][549]LogEditorViewport: Clicking on Actor (LMB): StaticMeshActor (Road__Square_f)
[2023.04.27-13.54.50:190][731]LogTemp: Repeating last play command: Selected Viewport
[2023.04.27-13.54.50:198][731]LogPlayLevel: PlayLevel: No blueprints needed recompiling
[2023.04.27-13.54.50:198][731]PIE: New page: PIE session: Minimal_Default (Apr 27, 2023, 9:54:50 PM)
[2023.04.27-13.54.50:198][731]LogPlayLevel: Creating play world package: /Game/StarterContent/Maps/UEDPIE_0_Minimal_Default
[2023.04.27-13.54.50:234][731]LogPlayLevel: PIE: StaticDuplicateObject took: (0.034740s)
[2023.04.27-13.54.50:234][731]LogAIModule: Creating AISystem for world Minimal_Default
[2023.04.27-13.54.50:235][731]LogPlayLevel: PIE: World Init took: (0.000927s)
[2023.04.27-13.54.50:235][731]LogPlayLevel: PIE: Created PIE world by copying editor world from /Game/StarterContent/Maps/Minimal_Default.Minimal_Default to /Game/StarterContent/Maps/UEDPIE_0_Minimal_Default.Minimal_Default (0.035782s)
[2023.04.27-13.54.50:240][731]LogUObjectHash: Compacting FUObjectHashTables data took   0.68ms
[2023.04.27-13.54.50:244][731]LogAudio: Display: Creating Audio Device:                 Id: 3, Scope: Unique, Realtime: True
[2023.04.27-13.54.50:244][731]LogAudioMixer: Display: Audio Mixer Platform Settings:
[2023.04.27-13.54.50:244][731]LogAudioMixer: Display: 	Sample Rate:						  48000
[2023.04.27-13.54.50:244][731]LogAudioMixer: Display: 	Callback Buffer Frame Size Requested: 1024
[2023.04.27-13.54.50:244][731]LogAudioMixer: Display: 	Callback Buffer Frame Size To Use:	  1024
[2023.04.27-13.54.50:244][731]LogAudioMixer: Display: 	Number of buffers to queue:			  2
[2023.04.27-13.54.50:244][731]LogAudioMixer: Display: 	Max Channels (voices):				  32
[2023.04.27-13.54.50:244][731]LogAudioMixer: Display: 	Number of Async Source Workers:		  0
[2023.04.27-13.54.50:244][731]LogAudio: Display: AudioDevice MaxSources: 32
[2023.04.27-13.54.50:245][731]LogAudio: Display: Audio Spatialization Plugin: None (built-in).
[2023.04.27-13.54.50:245][731]LogAudio: Display: Audio Reverb Plugin: None (built-in).
[2023.04.27-13.54.50:245][731]LogAudio: Display: Audio Occlusion Plugin: None (built-in).
[2023.04.27-13.54.50:245][731]LogAudioMixer: Display: Initializing audio mixer.
[2023.04.27-13.54.50:248][731]LogAudioMixer: Display: 0: FrontLeft
[2023.04.27-13.54.50:248][731]LogAudioMixer: Display: 1: FrontRight
[2023.04.27-13.54.50:254][731]LogAudioMixer: Display: Using Audio Device Mi TV (HD Audio Driver for Display Audio)
[2023.04.27-13.54.50:254][731]LogAudioMixer: Display: Initializing Sound Submixes...
[2023.04.27-13.54.50:254][731]LogAudioMixer: Display: Creating Master Submix 'MasterSubmixDefault'
[2023.04.27-13.54.50:254][731]LogAudioMixer: Display: Creating Master Submix 'MasterReverbSubmixDefault'
[2023.04.27-13.54.50:254][731]LogAudioMixer: Display: Creating Master Submix 'MasterEQSubmixDefault'
[2023.04.27-13.54.50:254][731]LogAudioMixer: FMixerPlatformXAudio2::StartAudioStream() called
[2023.04.27-13.54.50:254][731]LogAudioMixer: Display: Output buffers initialized: Frames=1024, Channels=2, Samples=2048
[2023.04.27-13.54.50:256][731]LogAudioMixer: Display: Starting AudioMixerPlatformInterface::RunInternal()
[2023.04.27-13.54.50:256][731]LogAudioMixer: Display: FMixerPlatformXAudio2::SubmitBuffer() called for the first time
[2023.04.27-13.54.50:256][731]LogInit: FAudioDevice initialized.
[2023.04.27-13.54.50:256][731]LogAudio: Display: Audio Device (ID: 3) registered with world 'Minimal_Default'.
[2023.04.27-13.54.50:265][731]LogLoad: Game class is 'NissanGame_C'
[2023.04.27-13.54.50:270][731]LogWorld: Bringing World /Game/StarterContent/Maps/UEDPIE_0_Minimal_Default.Minimal_Default up for play (max tick rate 0) at 2023.04.27-17.24.50
[2023.04.27-13.54.50:270][731]LogWorld: Bringing up level for play took: 0.004877
[2023.04.27-13.54.50:272][731]LogOnline: OSS: Creating online subsystem instance for: :Context_11
[2023.04.27-13.54.50:275][731]LogGameMode: Display: Match State Changed from EnteringMap to WaitingToStart
[2023.04.27-13.54.50:275][731]LogGameState: Match State Changed from EnteringMap to WaitingToStart
[2023.04.27-13.54.50:275][731]LogGameMode: Display: Match State Changed from WaitingToStart to InProgress
[2023.04.27-13.54.50:277][731]LogGameState: Match State Changed from WaitingToStart to InProgress
[2023.04.27-13.54.50:277][731]PIE: Server logged in
[2023.04.27-13.54.50:277][731]PIE: Play in editor total start time 0.08 seconds.
[2023.04.27-13.55.33:393][831]LogSlate: Updating window title bar state: overlay mode, drag disabled, window buttons hidden, title bar hidden
[2023.04.27-13.55.33:393][831]LogWorld: BeginTearingDown for /Game/StarterContent/Maps/UEDPIE_0_Minimal_Default
[2023.04.27-13.55.33:393][831]LogWorld: UWorld::CleanupWorld for Minimal_Default, bSessionEnded=true, bCleanupResources=true
[2023.04.27-13.55.33:395][831]LogSlate: InvalidateAllWidgets triggered.  All widgets were invalidated
[2023.04.27-13.55.33:412][831]LogPlayLevel: Display: Shutting down PIE online subsystems
[2023.04.27-13.55.33:432][831]LogSlate: InvalidateAllWidgets triggered.  All widgets were invalidated
[2023.04.27-13.55.33:439][831]LogSlate: Updating window title bar state: overlay mode, drag disabled, window buttons hidden, title bar hidden
[2023.04.27-13.55.33:440][831]LogAudioMixer: FMixerPlatformXAudio2::StopAudioStream() called
[2023.04.27-13.55.33:442][831]LogAudioMixer: FMixerPlatformXAudio2::StopAudioStream() called
[2023.04.27-13.55.33:448][831]LogUObjectHash: Compacting FUObjectHashTables data took   0.64ms
[2023.04.27-13.55.33:483][832]LogPlayLevel: Display: Destroying online subsystem :Context_11
[2023.04.27-13.55.44:504][102]LogEditorViewport: Clicking Background
[2023.04.27-13.55.45:302][122]Cmd: SELECT NONE
[2023.04.27-13.55.47:302][167]LogTemp: Repeating last play command: Selected Viewport
[2023.04.27-13.55.47:308][167]LogPlayLevel: PlayLevel: No blueprints needed recompiling
[2023.04.27-13.55.47:309][167]PIE: New page: PIE session: Minimal_Default (Apr 27, 2023, 9:55:47 PM)
[2023.04.27-13.55.47:309][167]LogPlayLevel: Creating play world package: /Game/StarterContent/Maps/UEDPIE_0_Minimal_Default
[2023.04.27-13.55.47:342][167]LogPlayLevel: PIE: StaticDuplicateObject took: (0.033390s)
[2023.04.27-13.55.47:343][167]LogAIModule: Creating AISystem for world Minimal_Default
[2023.04.27-13.55.47:343][167]LogPlayLevel: PIE: World Init took: (0.000869s)
[2023.04.27-13.55.47:343][167]LogPlayLevel: PIE: Created PIE world by copying editor world from /Game/StarterContent/Maps/Minimal_Default.Minimal_Default to /Game/StarterContent/Maps/UEDPIE_0_Minimal_Default.Minimal_Default (0.034366s)
[2023.04.27-13.55.47:349][167]LogUObjectHash: Compacting FUObjectHashTables data took   0.57ms
[2023.04.27-13.55.47:352][167]LogAudio: Display: Creating Audio Device:                 Id: 4, Scope: Unique, Realtime: True
[2023.04.27-13.55.47:352][167]LogAudioMixer: Display: Audio Mixer Platform Settings:
[2023.04.27-13.55.47:352][167]LogAudioMixer: Display: 	Sample Rate:						  48000
[2023.04.27-13.55.47:352][167]LogAudioMixer: Display: 	Callback Buffer Frame Size Requested: 1024
[2023.04.27-13.55.47:352][167]LogAudioMixer: Display: 	Callback Buffer Frame Size To Use:	  1024
[2023.04.27-13.55.47:352][167]LogAudioMixer: Display: 	Number of buffers to queue:			  2
[2023.04.27-13.55.47:352][167]LogAudioMixer: Display: 	Max Channels (voices):				  32
[2023.04.27-13.55.47:352][167]LogAudioMixer: Display: 	Number of Async Source Workers:		  0
[2023.04.27-13.55.47:352][167]LogAudio: Display: AudioDevice MaxSources: 32
[2023.04.27-13.55.47:352][167]LogAudio: Display: Audio Spatialization Plugin: None (built-in).
[2023.04.27-13.55.47:352][167]LogAudio: Display: Audio Reverb Plugin: None (built-in).
[2023.04.27-13.55.47:352][167]LogAudio: Display: Audio Occlusion Plugin: None (built-in).
[2023.04.27-13.55.47:352][167]LogAudioMixer: Display: Initializing audio mixer.
[2023.04.27-13.55.47:354][167]LogAudioMixer: Display: 0: FrontLeft
[2023.04.27-13.55.47:354][167]LogAudioMixer: Display: 1: FrontRight
[2023.04.27-13.55.47:362][167]LogAudioMixer: Display: Using Audio Device Mi TV (HD Audio Driver for Display Audio)
[2023.04.27-13.55.47:362][167]LogAudioMixer: Display: Initializing Sound Submixes...
[2023.04.27-13.55.47:362][167]LogAudioMixer: Display: Creating Master Submix 'MasterSubmixDefault'
[2023.04.27-13.55.47:362][167]LogAudioMixer: Display: Creating Master Submix 'MasterReverbSubmixDefault'
[2023.04.27-13.55.47:363][167]LogAudioMixer: Display: Creating Master Submix 'MasterEQSubmixDefault'
[2023.04.27-13.55.47:363][167]LogAudioMixer: FMixerPlatformXAudio2::StartAudioStream() called
[2023.04.27-13.55.47:363][167]LogAudioMixer: Display: Output buffers initialized: Frames=1024, Channels=2, Samples=2048
[2023.04.27-13.55.47:364][167]LogAudioMixer: Display: Starting AudioMixerPlatformInterface::RunInternal()
[2023.04.27-13.55.47:364][167]LogAudioMixer: Display: FMixerPlatformXAudio2::SubmitBuffer() called for the first time
[2023.04.27-13.55.47:364][167]LogInit: FAudioDevice initialized.
[2023.04.27-13.55.47:364][167]LogAudio: Display: Audio Device (ID: 4) registered with world 'Minimal_Default'.
[2023.04.27-13.55.47:371][167]LogLoad: Game class is 'NissanGame_C'
[2023.04.27-13.55.47:376][167]LogWorld: Bringing World /Game/StarterContent/Maps/UEDPIE_0_Minimal_Default.Minimal_Default up for play (max tick rate 0) at 2023.04.27-17.25.47
[2023.04.27-13.55.47:377][167]LogWorld: Bringing up level for play took: 0.004817
[2023.04.27-13.55.47:377][167]LogOnline: OSS: Creating online subsystem instance for: :Context_12
[2023.04.27-13.55.47:378][167]LogGameMode: Display: Match State Changed from EnteringMap to WaitingToStart
[2023.04.27-13.55.47:378][167]LogGameState: Match State Changed from EnteringMap to WaitingToStart
[2023.04.27-13.55.47:378][167]LogGameMode: Display: Match State Changed from WaitingToStart to InProgress
[2023.04.27-13.55.47:380][167]LogGameState: Match State Changed from WaitingToStart to InProgress
[2023.04.27-13.55.47:380][167]PIE: Server logged in
[2023.04.27-13.55.47:381][167]PIE: Play in editor total start time 0.073 seconds.
[2023.04.27-13.56.53:013][724]LogSlate: Updating window title bar state: overlay mode, drag disabled, window buttons hidden, title bar hidden
[2023.04.27-13.56.53:013][724]LogWorld: BeginTearingDown for /Game/StarterContent/Maps/UEDPIE_0_Minimal_Default
[2023.04.27-13.56.53:013][724]LogWorld: UWorld::CleanupWorld for Minimal_Default, bSessionEnded=true, bCleanupResources=true
[2023.04.27-13.56.53:015][724]LogSlate: InvalidateAllWidgets triggered.  All widgets were invalidated
[2023.04.27-13.56.53:030][724]LogPlayLevel: Display: Shutting down PIE online subsystems
[2023.04.27-13.56.53:033][724]LogSlate: InvalidateAllWidgets triggered.  All widgets were invalidated
[2023.04.27-13.56.53:048][724]LogAudio: Display: Audio Device unregistered from world 'None'.
[2023.04.27-13.56.53:048][724]LogAudioMixer: FMixerPlatformXAudio2::StopAudioStream() called
[2023.04.27-13.56.53:050][724]LogAudioMixer: FMixerPlatformXAudio2::StopAudioStream() called
[2023.04.27-13.56.53:054][724]LogSlate: Updating window title bar state: overlay mode, drag disabled, window buttons hidden, title bar hidden
[2023.04.27-13.56.53:057][724]LogUObjectHash: Compacting FUObjectHashTables data took   1.08ms
[2023.04.27-13.56.53:087][725]LogPlayLevel: Display: Destroying online subsystem :Context_12
[2023.04.27-13.56.56:799][817]LogEditorViewport: Clicking Background
[2023.04.27-13.56.57:383][831]Cmd: SELECT NONE
[2023.04.27-13.57.02:777][949]LogTemp: Repeating last play command: Selected Viewport
[2023.04.27-13.57.02:785][949]LogPlayLevel: PlayLevel: No blueprints needed recompiling
[2023.04.27-13.57.02:785][949]PIE: New page: PIE session: Minimal_Default (Apr 27, 2023, 9:57:02 PM)
[2023.04.27-13.57.02:785][949]LogPlayLevel: Creating play world package: /Game/StarterContent/Maps/UEDPIE_0_Minimal_Default
[2023.04.27-13.57.02:819][949]LogPlayLevel: PIE: StaticDuplicateObject took: (0.034058s)
[2023.04.27-13.57.02:820][949]LogAIModule: Creating AISystem for world Minimal_Default
[2023.04.27-13.57.02:820][949]LogPlayLevel: PIE: World Init took: (0.000989s)
[2023.04.27-13.57.02:820][949]LogPlayLevel: PIE: Created PIE world by copying editor world from /Game/StarterContent/Maps/Minimal_Default.Minimal_Default to /Game/StarterContent/Maps/UEDPIE_0_Minimal_Default.Minimal_Default (0.035155s)
[2023.04.27-13.57.02:826][949]LogUObjectHash: Compacting FUObjectHashTables data took   0.55ms
[2023.04.27-13.57.02:829][949]LogAudio: Display: Creating Audio Device:                 Id: 5, Scope: Unique, Realtime: True
[2023.04.27-13.57.02:829][949]LogAudioMixer: Display: Audio Mixer Platform Settings:
[2023.04.27-13.57.02:829][949]LogAudioMixer: Display: 	Sample Rate:						  48000
[2023.04.27-13.57.02:829][949]LogAudioMixer: Display: 	Callback Buffer Frame Size Requested: 1024
[2023.04.27-13.57.02:829][949]LogAudioMixer: Display: 	Callback Buffer Frame Size To Use:	  1024
[2023.04.27-13.57.02:829][949]LogAudioMixer: Display: 	Number of buffers to queue:			  2
[2023.04.27-13.57.02:829][949]LogAudioMixer: Display: 	Max Channels (voices):				  32
[2023.04.27-13.57.02:829][949]LogAudioMixer: Display: 	Number of Async Source Workers:		  0
[2023.04.27-13.57.02:829][949]LogAudio: Display: AudioDevice MaxSources: 32
[2023.04.27-13.57.02:829][949]LogAudio: Display: Audio Spatialization Plugin: None (built-in).
[2023.04.27-13.57.02:829][949]LogAudio: Display: Audio Reverb Plugin: None (built-in).
[2023.04.27-13.57.02:829][949]LogAudio: Display: Audio Occlusion Plugin: None (built-in).
[2023.04.27-13.57.02:829][949]LogAudioMixer: Display: Initializing audio mixer.
[2023.04.27-13.57.02:832][949]LogAudioMixer: Display: 0: FrontLeft
[2023.04.27-13.57.02:832][949]LogAudioMixer: Display: 1: FrontRight
[2023.04.27-13.57.02:838][949]LogAudioMixer: Display: Using Audio Device Mi TV (HD Audio Driver for Display Audio)
[2023.04.27-13.57.02:838][949]LogAudioMixer: Display: Initializing Sound Submixes...
[2023.04.27-13.57.02:838][949]LogAudioMixer: Display: Creating Master Submix 'MasterSubmixDefault'
[2023.04.27-13.57.02:838][949]LogAudioMixer: Display: Creating Master Submix 'MasterReverbSubmixDefault'
[2023.04.27-13.57.02:839][949]LogAudioMixer: Display: Creating Master Submix 'MasterEQSubmixDefault'
[2023.04.27-13.57.02:839][949]LogAudioMixer: FMixerPlatformXAudio2::StartAudioStream() called
[2023.04.27-13.57.02:839][949]LogAudioMixer: Display: Output buffers initialized: Frames=1024, Channels=2, Samples=2048
[2023.04.27-13.57.02:841][949]LogAudioMixer: Display: Starting AudioMixerPlatformInterface::RunInternal()
[2023.04.27-13.57.02:841][949]LogAudioMixer: Display: FMixerPlatformXAudio2::SubmitBuffer() called for the first time
[2023.04.27-13.57.02:841][949]LogInit: FAudioDevice initialized.
[2023.04.27-13.57.02:841][949]LogAudio: Display: Audio Device (ID: 5) registered with world 'Minimal_Default'.
[2023.04.27-13.57.02:851][949]LogLoad: Game class is 'NissanGame_C'
[2023.04.27-13.57.02:856][949]LogWorld: Bringing World /Game/StarterContent/Maps/UEDPIE_0_Minimal_Default.Minimal_Default up for play (max tick rate 0) at 2023.04.27-17.27.02
[2023.04.27-13.57.02:856][949]LogWorld: Bringing up level for play took: 0.004776
[2023.04.27-13.57.02:856][949]LogOnline: OSS: Creating online subsystem instance for: :Context_13
[2023.04.27-13.57.02:858][949]LogGameMode: Display: Match State Changed from EnteringMap to WaitingToStart
[2023.04.27-13.57.02:858][949]LogGameState: Match State Changed from EnteringMap to WaitingToStart
[2023.04.27-13.57.02:858][949]LogGameMode: Display: Match State Changed from WaitingToStart to InProgress
[2023.04.27-13.57.02:860][949]LogGameState: Match State Changed from WaitingToStart to InProgress
[2023.04.27-13.57.02:860][949]PIE: Server logged in
[2023.04.27-13.57.02:861][949]PIE: Play in editor total start time 0.076 seconds.
[2023.04.27-13.57.42:892][985]LogSlate: Updating window title bar state: overlay mode, drag disabled, window buttons hidden, title bar hidden
[2023.04.27-13.57.42:892][985]LogWorld: BeginTearingDown for /Game/StarterContent/Maps/UEDPIE_0_Minimal_Default
[2023.04.27-13.57.42:893][985]LogWorld: UWorld::CleanupWorld for Minimal_Default, bSessionEnded=true, bCleanupResources=true
[2023.04.27-13.57.42:895][985]LogSlate: InvalidateAllWidgets triggered.  All widgets were invalidated
[2023.04.27-13.57.42:909][985]LogPlayLevel: Display: Shutting down PIE online subsystems
[2023.04.27-13.57.42:910][985]LogSlate: InvalidateAllWidgets triggered.  All widgets were invalidated
[2023.04.27-13.57.42:917][985]LogSlate: Updating window title bar state: overlay mode, drag disabled, window buttons hidden, title bar hidden
[2023.04.27-13.57.42:918][985]LogAudioMixer: FMixerPlatformXAudio2::StopAudioStream() called
[2023.04.27-13.57.42:921][985]LogAudioMixer: FMixerPlatformXAudio2::StopAudioStream() called
[2023.04.27-13.57.42:925][985]LogUObjectHash: Compacting FUObjectHashTables data took   0.51ms
[2023.04.27-13.57.43:004][987]LogPlayLevel: Display: Destroying online subsystem :Context_13
[2023.04.27-13.58.31:184][218]LogEditorViewport: Clicking on Actor (LMB): MoosaeiCar_BP_C (MoosaeiCar_BP)
[2023.04.27-13.58.34:002][279]LogEditorViewport: Clicking on Actor (LMB): MahmoodiCar_BP_C (MahmoodiCar_BP)
[2023.04.27-13.58.37:176][349]LogEditorViewport: Clicking on Actor (LMB): Landscape (Landscape)
[2023.04.27-13.58.37:754][361]LogEditorViewport: Clicking on Actor (LMB): NissanBP_C (NissanBP)
[2023.04.27-13.58.40:522][426]LogEditorViewport: Clicking on Actor (LMB): Zhian_BP_C (Zhian_BP)
[2023.04.27-13.58.44:079][504]LogEditorViewport: Clicking on Actor (LMB): BlackCarR_BP_C (BlackCarR_BP)
[2023.04.27-13.58.46:807][566]LogEditorViewport: Clicking on Actor (LMB): Zhian_BP_C (Zhian_BP)
[2023.04.27-13.58.52:840][701]LogEditorViewport: Clicking on Actor (LMB): NissanBP_C (NissanBP)
[2023.04.27-13.58.55:743][767]LogEditorViewport: Clicking on Actor (LMB): Landscape (Landscape)
[2023.04.27-13.58.58:432][834]LogEditorViewport: Clicking on Actor (LMB): Landscape (Landscape)
[2023.04.27-13.58.58:913][846]LogEditorViewport: Clicking on Actor (LMB): Landscape (Landscape)
[2023.04.27-13.58.59:413][858]LogEditorViewport: Clicking on Actor (LMB): Landscape (Landscape)
[2023.04.27-13.59.00:178][877]LogEditorViewport: Clicking on Actor (LMB): PlayerStart (Player Start)
[2023.04.27-13.59.04:227][981]LogNavigationPoint: PostEditMove Clear paths rebuilt
[2023.04.27-13.59.04:907][997]LogEditorViewport: Clicking on Actor (LMB): Landscape (Landscape)
[2023.04.27-13.59.09:131][ 99]LogWorld: UWorld::CleanupWorld for World_4, bSessionEnded=true, bCleanupResources=true
[2023.04.27-13.59.09:131][ 99]LogSlate: InvalidateAllWidgets triggered.  All widgets were invalidated
[2023.04.27-13.59.10:498][155]LogWorld: UWorld::CleanupWorld for World_3, bSessionEnded=true, bCleanupResources=true
[2023.04.27-13.59.10:498][155]LogSlate: InvalidateAllWidgets triggered.  All widgets were invalidated
[2023.04.27-13.59.11:802][229]LogWorld: UWorld::CleanupWorld for World_2, bSessionEnded=true, bCleanupResources=true
[2023.04.27-13.59.11:802][229]LogSlate: InvalidateAllWidgets triggered.  All widgets were invalidated
[2023.04.27-13.59.13:449][324]LogEditorViewport: Clicking on Actor (LMB): Landscape (Landscape)
[2023.04.27-13.59.17:185][494]LogAssetEditorSubsystem: Opening Asset editor for StaticMesh /Game/TheTroubleMakers/ALL_Assets/Road/Road__2f.Road__2f
[2023.04.27-13.59.22:205][743]LogAssetEditorSubsystem: Opening Asset editor for StaticMesh /Game/TheTroubleMakers/ALL_Assets/Road/Road__Square_f.Road__Square_f
[2023.04.27-14.00.05:218][  5]LogStaticMesh: Building static mesh Road__2f...
[2023.04.27-14.00.05:264][  5]LogStaticMesh: Built static mesh [0.05s] /Game/TheTroubleMakers/ALL_Assets/Road/Road__2f.Road__2f
[2023.04.27-14.00.05:271][  5]LogStaticMesh: Warning: Road__2f has degenerate tangent bases which will result in incorrect shading.  MikkTSpace relies on tangent bases and may result in mesh corruption, consider disabling this option.
[2023.04.27-14.00.05:271][  5]LogStaticMesh: Warning: Road__2f has some nearly zero bi-normals which can create some issues. (Tolerance of 1E-4)
[2023.04.27-14.00.05:280][  5]LogMaterial: Display: Material /Game/TheTroubleMakers/ImanIranNejad/MyBuilding/Floor2.Floor2 needed to have new flag set bUsedWithSplineMeshes !
[2023.04.27-14.00.05:280][  5]LogMaterial: Display: Missing cached shadermap for Floor2 in PCD3D_SM5, Default, SM5 (DDC key hash: C4A66B03822D9471B99AF9C82A394DE9D0B5E344), compiling. 
[2023.04.27-14.00.05:301][  5]LogShaderCompilers: Display: Submitted 32 shader compile jobs with 'Low' priority
[2023.04.27-14.00.05:334][  5]LogShaderCompilers: Display: Worker (1/5): shaders left to compile 32
[2023.04.27-14.00.05:335][  5]LogShaderCompilers: Display: Worker (2/5): shaders left to compile 21
[2023.04.27-14.00.05:335][  5]LogShaderCompilers: Display: Worker (3/5): shaders left to compile 12
[2023.04.27-14.00.05:335][  5]LogShaderCompilers: Display: Worker (4/5): shaders left to compile 3
[2023.04.27-14.00.05:335][  5]LogShaderCompilers: Display: Started 30 'Local' shader compile jobs with 'Low' priority
[2023.04.27-14.00.07:083][ 81]LogShaderCompilers: Display: Worker (4/5): shaders left to compile 2
[2023.04.27-14.00.07:083][ 81]LogShaderCompilers: Display: Started 1 'Local' shader compile jobs with 'ForceLocal' priority
[2023.04.27-14.00.07:099][ 81]LogShaderCompilers: Display: === FShaderJobCache stats ===
[2023.04.27-14.00.07:100][ 81]LogShaderCompilers: Display: Total job queries 64, among them cache hits 0 (0.00%)
[2023.04.27-14.00.07:100][ 81]LogShaderCompilers: Display: Tracking 35 distinct input hashes that result in 23 distinct outputs (65.71%)
[2023.04.27-14.00.07:100][ 81]LogShaderCompilers: Display: RAM used: 0.14 MB (0.00 GB) of 819.20 MB (0.80 GB) budget. Usage: 0.02%
[2023.04.27-14.00.07:100][ 81]LogShaderCompilers: Display: ================================================
[2023.04.27-14.00.07:865][120]LogShaderCompilers: Display: Worker (4/5): shaders left to compile 1
[2023.04.27-14.00.07:866][120]LogShaderCompilers: Display: Started 1 'Local' shader compile jobs with 'ForceLocal' priority
[2023.04.27-14.00.31:916][164]LogStaticMesh: Building static mesh Road__Square_f...
[2023.04.27-14.00.31:974][164]LogStaticMesh: Built static mesh [0.06s] /Game/TheTroubleMakers/ALL_Assets/Road/Road__Square_f.Road__Square_f
[2023.04.27-14.00.31:997][164]LogStaticMesh: Warning: Road__Square_f has degenerate tangent bases which will result in incorrect shading.  MikkTSpace relies on tangent bases and may result in mesh corruption, consider disabling this option.
[2023.04.27-14.00.31:997][164]LogStaticMesh: Warning: Road__Square_f has some nearly zero bi-normals which can create some issues. (Tolerance of 1E-4)
[2023.04.27-14.01.05:102][638]LogUObjectHash: Compacting FUObjectHashTables data took   0.68ms
[2023.04.27-14.01.05:125][638]LogTexture: Display: Building textures: Texture2D_2 (BGRA8, 512X512)
[2023.04.27-14.01.05:207][638]LogSavePackage: Moving '../../../../../../Asus/Documents/GitHub/TheTroubleMakers/Unreal Engine Project/SpeedLimit_UniAzad/Saved/Minimal_Default_Auto19FC0651A4B76EE72CCD043B9C5E0EEF8.tmp' to '../../../../../../Asus/Documents/GitHub/TheTroubleMakers/Unreal Engine Project/SpeedLimit_UniAzad/Saved/Autosaves/Game/StarterContent/Maps/Minimal_Default_Auto1.umap'
[2023.04.27-14.01.05:208][638]LogFileHelpers: Editor autosave (incl. external actors) for '/Game/StarterContent/Maps/Minimal_Default' took 0.115
[2023.04.27-14.01.05:209][638]LogFileHelpers: Editor autosave (incl. sublevels & external actors) for all levels took 0.115
[2023.04.27-14.01.05:209][638]OBJ SavePackage: Generating thumbnails for [1] asset(s) in package [/Game/TheTroubleMakers/ALL_Assets/Road/Road__2f] ([1] browsable assets)...
[2023.04.27-14.01.05:250][638]OBJ SavePackage:     Rendered thumbnail for [StaticMesh /Game/TheTroubleMakers/ALL_Assets/Road/Road__2f.Road__2f]
[2023.04.27-14.01.05:250][638]OBJ SavePackage: Finished generating thumbnails for package [/Game/TheTroubleMakers/ALL_Assets/Road/Road__2f]
[2023.04.27-14.01.05:256][638]LogSavePackage: Moving '../../../../../../Asus/Documents/GitHub/TheTroubleMakers/Unreal Engine Project/SpeedLimit_UniAzad/Saved/Road__2f_Auto13011B7B44A81FE9F51905BA4123EB510.tmp' to '../../../../../../Asus/Documents/GitHub/TheTroubleMakers/Unreal Engine Project/SpeedLimit_UniAzad/Saved/Autosaves/Game/TheTroubleMakers/ALL_Assets/Road/Road__2f_Auto1.uasset'
[2023.04.27-14.01.05:257][638]OBJ SavePackage: Generating thumbnails for [1] asset(s) in package [/Game/TheTroubleMakers/ALL_Assets/Road/Road__Square_f] ([1] browsable assets)...
[2023.04.27-14.01.05:295][638]OBJ SavePackage:     Rendered thumbnail for [StaticMesh /Game/TheTroubleMakers/ALL_Assets/Road/Road__Square_f.Road__Square_f]
[2023.04.27-14.01.05:295][638]OBJ SavePackage: Finished generating thumbnails for package [/Game/TheTroubleMakers/ALL_Assets/Road/Road__Square_f]
[2023.04.27-14.01.05:306][638]LogSavePackage: Moving '../../../../../../Asus/Documents/GitHub/TheTroubleMakers/Unreal Engine Project/SpeedLimit_UniAzad/Saved/Road__Square_f_Auto1652A90694FD7E53005F8E496953E6708.tmp' to '../../../../../../Asus/Documents/GitHub/TheTroubleMakers/Unreal Engine Project/SpeedLimit_UniAzad/Saved/Autosaves/Game/TheTroubleMakers/ALL_Assets/Road/Road__Square_f_Auto1.uasset'
[2023.04.27-14.01.05:306][638]OBJ SavePackage: Generating thumbnails for [1] asset(s) in package [/Game/TheTroubleMakers/ImanIranNejad/MyBuilding/Floor2] ([1] browsable assets)...
[2023.04.27-14.01.05:345][638]OBJ SavePackage:     Rendered thumbnail for [Material /Game/TheTroubleMakers/ImanIranNejad/MyBuilding/Floor2.Floor2]
[2023.04.27-14.01.05:345][638]OBJ SavePackage: Finished generating thumbnails for package [/Game/TheTroubleMakers/ImanIranNejad/MyBuilding/Floor2]
[2023.04.27-14.01.05:349][638]LogSavePackage: Moving '../../../../../../Asus/Documents/GitHub/TheTroubleMakers/Unreal Engine Project/SpeedLimit_UniAzad/Saved/Floor2_Auto1F044AA724F95AA0BAD66478ADF98787C.tmp' to '../../../../../../Asus/Documents/GitHub/TheTroubleMakers/Unreal Engine Project/SpeedLimit_UniAzad/Saved/Autosaves/Game/TheTroubleMakers/ImanIranNejad/MyBuilding/Floor2_Auto1.uasset'
[2023.04.27-14.01.05:349][638]OBJ SavePackage: Generating thumbnails for [1] asset(s) in package [/Game/TheTroubleMakers/ImanIranNejad/MyBuilding/Garden] ([1] browsable assets)...
[2023.04.27-14.01.05:389][638]OBJ SavePackage:     Rendered thumbnail for [Material /Game/TheTroubleMakers/ImanIranNejad/MyBuilding/Garden.Garden]
[2023.04.27-14.01.05:389][638]OBJ SavePackage: Finished generating thumbnails for package [/Game/TheTroubleMakers/ImanIranNejad/MyBuilding/Garden]
[2023.04.27-14.01.05:394][638]LogSavePackage: Moving '../../../../../../Asus/Documents/GitHub/TheTroubleMakers/Unreal Engine Project/SpeedLimit_UniAzad/Saved/Garden_Auto18BA75794446AFCC53B743F8254C741B4.tmp' to '../../../../../../Asus/Documents/GitHub/TheTroubleMakers/Unreal Engine Project/SpeedLimit_UniAzad/Saved/Autosaves/Game/TheTroubleMakers/ImanIranNejad/MyBuilding/Garden_Auto1.uasset'
[2023.04.27-14.01.05:394][638]LogFileHelpers: Auto-saving content packages took 0.186
[2023.04.27-14.05.20:527][923]LogEditorFactories: Performing atomic reimport of [E:/Asus/Documents/GitHub/TheTroubleMakers/University Environment Assets/FBXs/Road _Square_f.fbx]
[2023.04.27-14.05.20:571][923]LogFbx: Loading FBX Scene from E:/Asus/Documents/GitHub/TheTroubleMakers/University Environment Assets/FBXs/Road _Square_f.fbx
[2023.04.27-14.05.20:577][923]LogFbx: FBX Scene Loaded Succesfully
[2023.04.27-14.05.20:615][923]LogFbx: Display: Triangulating static mesh Cube
[2023.04.27-14.05.20:694][923]LogStaticMesh: Building static mesh Road__Square_f...
[2023.04.27-14.05.20:710][923]LogStaticMesh: Built static mesh [0.02s] /Game/TheTroubleMakers/ALL_Assets/Road/Road__Square_f.Road__Square_f
[2023.04.27-14.05.20:713][923]LogStaticMesh: Warning: Road__Square_f has degenerate tangent bases which will result in incorrect shading.  MikkTSpace relies on tangent bases and may result in mesh corruption, consider disabling this option.
[2023.04.27-14.05.20:713][923]LogStaticMesh: Warning: Road__Square_f has some nearly zero bi-normals which can create some issues. (Tolerance of 1E-4)
[2023.04.27-14.05.20:727][923]LogEditorFactories: -- imported successfully
[2023.04.27-14.05.20:730][923]FBXImport: Warning: No smoothing group information was found in this FBX scene.  Please make sure to enable the 'Export Smoothing Groups' option in the FBX Exporter plug-in before exporting the file.  Even for tools that don't support smoothing groups, the FBX Exporter will generate appropriate smoothing data at export-time so that correct vertex normals can be inferred while importing. 
[2023.04.27-14.05.20:730][923]FBXImport: Warning: Road__Square_f has degenerate tangent bases which will result in incorrect shading.  MikkTSpace relies on tangent bases and may result in mesh corruption, consider disabling this option. 
[2023.04.27-14.05.20:730][923]FBXImport: Warning: Road__Square_f has some nearly zero bi-normals which can create some issues. (Tolerance of 1E-4) 
[2023.04.27-14.05.35:965][497]LogEditorViewport: Clicking on Actor (LMB): StaticMeshActor (Road__Square_f)
[2023.04.27-14.05.47:998][919]Cmd: TRANSACTION UNDO
[2023.04.27-14.05.47:998][919]LogEditorTransaction: Undo Set Rotation
[2023.04.27-14.05.56:453][129]Cmd: TRANSACTION UNDO
[2023.04.27-14.05.56:453][129]LogEditorTransaction: Undo Set Scale
[2023.04.27-14.06.07:660][411]LogEditorViewport: Clicking on Actor (LMB): Landscape (Landscape)
[2023.04.27-14.06.11:148][525]LogEditorViewport: Clicking on Actor (LMB): StaticMeshActor (Road__Square_f)
[2023.04.27-14.06.22:450][829]Cmd: TRANSACTION UNDO
[2023.04.27-14.06.22:450][829]LogEditorTransaction: Undo Clicking on Actors
[2023.04.27-14.06.49:973][602]LogEditorViewport: Clicking on Actor (LMB): Landscape (Landscape)
[2023.04.27-14.07.29:031][175]LogEditorViewport: Clicking on Actor (LMB): BP_Sky_Sphere_C (BP_Sky_Sphere)
[2023.04.27-14.07.43:321][467]LogWorld: UWorld::CleanupWorld for World_10, bSessionEnded=true, bCleanupResources=true
[2023.04.27-14.07.43:321][467]LogSlate: InvalidateAllWidgets triggered.  All widgets were invalidated
[2023.04.27-14.07.44:273][491]LogWorld: UWorld::CleanupWorld for World_9, bSessionEnded=true, bCleanupResources=true
[2023.04.27-14.07.44:273][491]LogSlate: InvalidateAllWidgets triggered.  All widgets were invalidated
[2023.04.27-14.08.02:871][425]LogUObjectHash: Compacting FUObjectHashTables data took   1.24ms
[2023.04.27-14.08.04:085][425]LogSlate: Window 'Save Content' being destroyed
[2023.04.27-14.08.04:116][425]LogSavePackage: Moving '../../../../../../Asus/Documents/GitHub/TheTroubleMakers/Unreal Engine Project/SpeedLimit_UniAzad/Saved/Floor2C47FDA984D0E708F3773AC8C28ADC503.tmp' to '../../../../../../Asus/Documents/GitHub/TheTroubleMakers/Unreal Engine Project/SpeedLimit_UniAzad/Content/TheTroubleMakers/ImanIranNejad/MyBuilding/Floor2.uasset'
[2023.04.27-14.08.04:118][425]LogSavePackage: Moving '../../../../../../Asus/Documents/GitHub/TheTroubleMakers/Unreal Engine Project/SpeedLimit_UniAzad/Saved/Garden021C8EEE486D7D7392D385B365161B68.tmp' to '../../../../../../Asus/Documents/GitHub/TheTroubleMakers/Unreal Engine Project/SpeedLimit_UniAzad/Content/TheTroubleMakers/ImanIranNejad/MyBuilding/Garden.uasset'
[2023.04.27-14.08.04:125][425]LogUObjectHash: Compacting FUObjectHashTables data took   0.84ms
[2023.04.27-14.08.04:218][425]LogTexture: Display: Building textures: Texture2D_0 (BGRA8, 512X512)
[2023.04.27-14.08.04:220][425]LogSavePackage: Moving '../../../../../../Asus/Documents/GitHub/TheTroubleMakers/Unreal Engine Project/SpeedLimit_UniAzad/Saved/Minimal_Default7721EAA9408D21543170DC959AE0754C.tmp' to '../../../../../../Asus/Documents/GitHub/TheTroubleMakers/Unreal Engine Project/SpeedLimit_UniAzad/Content/StarterContent/Maps/Minimal_Default.umap'
[2023.04.27-14.08.04:237][425]LogFileHelpers: Saving map 'Minimal_Default' took 0.119
[2023.04.27-14.08.04:241][425]LogSavePackage: Moving '../../../../../../Asus/Documents/GitHub/TheTroubleMakers/Unreal Engine Project/SpeedLimit_UniAzad/Saved/Road__2fE4ABBD31473990DD684830AA25F50CB8.tmp' to '../../../../../../Asus/Documents/GitHub/TheTroubleMakers/Unreal Engine Project/SpeedLimit_UniAzad/Content/TheTroubleMakers/ALL_Assets/Road/Road__2f.uasset'
[2023.04.27-14.08.04:265][425]LogSavePackage: Moving '../../../../../../Asus/Documents/GitHub/TheTroubleMakers/Unreal Engine Project/SpeedLimit_UniAzad/Saved/Road__Square_f441ECD494A34D716D23089B51AC79E15.tmp' to '../../../../../../Asus/Documents/GitHub/TheTroubleMakers/Unreal Engine Project/SpeedLimit_UniAzad/Content/TheTroubleMakers/ALL_Assets/Road/Road__Square_f.uasset'
[2023.04.27-14.08.04:306][425]LogSlate: Window 'SpeedLimit_UniAzad - Unreal Editor' being destroyed
[2023.04.27-14.08.04:416][425]AssetCheck: New page: Asset Save: multiple assets
[2023.04.27-14.08.04:416][425]LogContentValidation: Display: Validating StaticMesh /Game/TheTroubleMakers/ALL_Assets/Road/Road__2f.Road__2f
[2023.04.27-14.08.04:416][425]LogContentValidation: Display: Validating StaticMesh /Game/TheTroubleMakers/ALL_Assets/Road/Road__Square_f.Road__Square_f
[2023.04.27-14.08.04:416][425]LogContentValidation: Display: Validating Material /Game/TheTroubleMakers/ImanIranNejad/MyBuilding/Floor2.Floor2
[2023.04.27-14.08.04:416][425]LogContentValidation: Display: Validating Material /Game/TheTroubleMakers/ImanIranNejad/MyBuilding/Garden.Garden
[2023.04.27-14.08.04:416][425]LogContentValidation: Display: Validating World /Game/StarterContent/Maps/Minimal_Default.Minimal_Default
[2023.04.27-14.08.04:417][426]Cmd: QUIT_EDITOR
[2023.04.27-14.08.04:417][426]LogCore: Engine exit requested (reason: UUnrealEdEngine::CloseEditor())
[2023.04.27-14.08.04:419][426]LogCore: Engine exit requested (reason: EngineExit() was called; note: exit was already requested)
[2023.04.27-14.08.04:836][426]LogAudio: Display: Beginning Audio Device Manager Shutdown (Module: AudioMixerXAudio2)...
[2023.04.27-14.08.04:836][426]LogAudio: Display: Destroying 1 Remaining Audio Device(s)...
[2023.04.27-14.08.04:836][426]LogAudio: Display: Audio Device unregistered from world 'Minimal_Default'.
[2023.04.27-14.08.04:836][426]LogAudioMixer: FMixerPlatformXAudio2::StopAudioStream() called
[2023.04.27-14.08.04:838][426]LogAudioMixer: FMixerPlatformXAudio2::StopAudioStream() called
[2023.04.27-14.08.04:841][426]LogAudio: Display: Audio Device Manager Shutdown
[2023.04.27-14.08.04:841][426]LogWindowsTextInputMethodSystem: Display: IME system deactivated.
[2023.04.27-14.08.04:849][426]LogExit: Preparing to exit.
[2023.04.27-14.08.04:859][426]LogUObjectHash: Compacting FUObjectHashTables data took   0.76ms
[2023.04.27-14.08.05:444][426]LogWorld: UWorld::CleanupWorld for World_7, bSessionEnded=true, bCleanupResources=true
[2023.04.27-14.08.05:444][426]LogWorld: UWorld::CleanupWorld for World_0, bSessionEnded=true, bCleanupResources=true
[2023.04.27-14.08.05:444][426]LogWorld: UWorld::CleanupWorld for World_1, bSessionEnded=true, bCleanupResources=true
[2023.04.27-14.08.05:444][426]LogWorld: UWorld::CleanupWorld for World_6, bSessionEnded=true, bCleanupResources=true
[2023.04.27-14.08.05:444][426]LogWorld: UWorld::CleanupWorld for World_8, bSessionEnded=true, bCleanupResources=true
[2023.04.27-14.08.05:444][426]LogWorld: UWorld::CleanupWorld for World_5, bSessionEnded=true, bCleanupResources=true
[2023.04.27-14.08.05:451][426]LogDirectoryWatcher: Display: A directory notification failed, and we were unable to create a new request. GetLastError code [6] Handle [FFFFFFFFFFFFFFFF], Path [E:/Asus/Documents/GitHub/TheTroubleMakers/Unreal Engine Project/SpeedLimit_UniAzad/Content/] 
[2023.04.27-14.08.05:465][426]LogDemo: Cleaned up 0 splitscreen connections with owner deletion
[2023.04.27-14.08.05:474][426]LogWorld: UWorld::CleanupWorld for None, bSessionEnded=true, bCleanupResources=true
[2023.04.27-14.08.05:474][426]LogExit: Editor shut down
[2023.04.27-14.08.05:475][426]LogExit: Transaction tracking system shut down
[2023.04.27-14.08.05:700][426]LogExit: Object subsystem successfully closed.
[2023.04.27-14.08.05:714][426]LogShaderCompilers: Display: === FShaderJobCache stats ===
[2023.04.27-14.08.05:714][426]LogShaderCompilers: Display: Total job queries 64, among them cache hits 0 (0.00%)
[2023.04.27-14.08.05:714][426]LogShaderCompilers: Display: Tracking 64 distinct input hashes that result in 23 distinct outputs (35.94%)
[2023.04.27-14.08.05:714][426]LogShaderCompilers: Display: RAM used: 0.14 MB (0.00 GB) of 819.20 MB (0.80 GB) budget. Usage: 0.02%
[2023.04.27-14.08.05:714][426]LogShaderCompilers: Display: ================================================
[2023.04.27-14.08.05:730][426]LogShaderCompilers: Display: Shaders left to compile 0
[2023.04.27-14.08.05:752][426]LogModuleManager: Shutting down and abandoning module MovieSceneCapture (876)
[2023.04.27-14.08.05:752][426]LogModuleManager: Shutting down and abandoning module Voice (874)
[2023.04.27-14.08.05:752][426]LogModuleManager: Shutting down and abandoning module StaticMeshEditor (872)
[2023.04.27-14.08.05:752][426]LogModuleManager: Shutting down and abandoning module HierarchicalLODOutliner (870)
[2023.04.27-14.08.05:752][426]LogModuleManager: Shutting down and abandoning module SceneOutliner (868)
[2023.04.27-14.08.05:752][426]LogModuleManager: Shutting down and abandoning module AddContentDialog (866)
[2023.04.27-14.08.05:753][426]LogModuleManager: Shutting down and abandoning module WidgetCarousel (865)
[2023.04.27-14.08.05:753][426]LogModuleManager: Shutting down and abandoning module EditorWidgets (862)
[2023.04.27-14.08.05:753][426]LogModuleManager: Shutting down and abandoning module StatsViewer (860)
[2023.04.27-14.08.05:753][426]LogModuleManager: Shutting down and abandoning module PIEPreviewDeviceProfileSelector (858)
[2023.04.27-14.08.05:753][426]LogModuleManager: Shutting down and abandoning module SequenceRecorderSections (856)
[2023.04.27-14.08.05:753][426]LogModuleManager: Shutting down and abandoning module AutomationWorker (854)
[2023.04.27-14.08.05:753][426]LogModuleManager: Shutting down and abandoning module SteamVREditor (852)
[2023.04.27-14.08.05:753][426]LogModuleManager: Shutting down and abandoning module OculusMR (850)
[2023.04.27-14.08.05:753][426]LogModuleManager: Shutting down and abandoning module TakeRecorderSources (848)
[2023.04.27-14.08.05:754][426]LogModuleManager: Shutting down and abandoning module TakeRecorder (847)
[2023.04.27-14.08.05:754][426]LogModuleManager: Shutting down and abandoning module TakeTrackRecorders (844)
[2023.04.27-14.08.05:754][426]LogModuleManager: Shutting down and abandoning module TakesCore (842)
[2023.04.27-14.08.05:754][426]LogModuleManager: Shutting down and abandoning module OpenXRInput (840)
[2023.04.27-14.08.05:754][426]LogModuleManager: Shutting down and abandoning module GooglePADEditor (838)
[2023.04.27-14.08.05:754][426]LogModuleManager: Shutting down and abandoning module AudioCaptureEditor (836)
[2023.04.27-14.08.05:754][426]LogModuleManager: Shutting down and abandoning module WmfMediaFactory (834)
[2023.04.27-14.08.05:754][426]LogModuleManager: Shutting down and abandoning module WmfMediaEditor (832)
[2023.04.27-14.08.05:754][426]LogModuleManager: Shutting down and abandoning module MediaPlayerEditor (830)
[2023.04.27-14.08.05:754][426]LogModuleManager: Shutting down and abandoning module WebMMediaFactory (828)
[2023.04.27-14.08.05:754][426]LogModuleManager: Shutting down and abandoning module WebMMediaEditor (826)
[2023.04.27-14.08.05:754][426]LogModuleManager: Shutting down and abandoning module WebMMedia (824)
[2023.04.27-14.08.05:754][426]LogModuleManager: Shutting down and abandoning module MediaCompositingEditor (822)
[2023.04.27-14.08.05:754][426]LogModuleManager: Shutting down and abandoning module SequenceRecorder (821)
[2023.04.27-14.08.05:754][426]LogModuleManager: Shutting down and abandoning module OpenExrWrapper (818)
[2023.04.27-14.08.05:754][426]LogModuleManager: Shutting down and abandoning module ImgMediaFactory (816)
[2023.04.27-14.08.05:754][426]LogModuleManager: Shutting down and abandoning module ImgMediaEditor (814)
[2023.04.27-14.08.05:754][426]LogModuleManager: Shutting down and abandoning module AndroidMediaFactory (812)
[2023.04.27-14.08.05:754][426]LogModuleManager: Shutting down and abandoning module AndroidMediaEditor (810)
[2023.04.27-14.08.05:754][426]LogModuleManager: Shutting down and abandoning module AvfMediaFactory (808)
[2023.04.27-14.08.05:754][426]LogModuleManager: Shutting down and abandoning module AvfMediaEditor (806)
[2023.04.27-14.08.05:754][426]LogModuleManager: Shutting down and abandoning module TemplateSequenceEditor (804)
[2023.04.27-14.08.05:754][426]LogModuleManager: Shutting down and abandoning module MatineeToLevelSequence (802)
[2023.04.27-14.08.05:754][426]LogModuleManager: Shutting down and abandoning module LevelSequenceEditor (800)
[2023.04.27-14.08.05:755][426]LogModuleManager: Shutting down and abandoning module ActorSequenceEditor (798)
[2023.04.27-14.08.05:755][426]LogModuleManager: Shutting down and abandoning module PlanarCut (796)
[2023.04.27-14.08.05:755][426]LogModuleManager: Shutting down and abandoning module MagicLeapMediaCodecFactory (794)
[2023.04.27-14.08.05:755][426]LogModuleManager: Shutting down and abandoning module MagicLeapMediaFactory (792)
[2023.04.27-14.08.05:755][426]LogModuleManager: Shutting down and abandoning module MagicLeapMediaEditor (790)
[2023.04.27-14.08.05:755][426]LogModuleManager: Shutting down and abandoning module CharacterAI (788)
[2023.04.27-14.08.05:755][426]LogModuleManager: Shutting down and abandoning module TextureAlignMode (786)
[2023.04.27-14.08.05:755][426]LogModuleManager: Shutting down and abandoning module BspMode (784)
[2023.04.27-14.08.05:755][426]LogModuleManager: Shutting down and abandoning module GeometryMode (782)
[2023.04.27-14.08.05:755][426]LogModuleManager: Shutting down and abandoning module CameraShakePreviewer (780)
[2023.04.27-14.08.05:755][426]LogModuleManager: Shutting down and abandoning module SmartSnapping (778)
[2023.04.27-14.08.05:755][426]LogModuleManager: Shutting down and abandoning module SessionServices (776)
[2023.04.27-14.08.05:755][426]LogModuleManager: Shutting down and abandoning module MeshPaint (774)
[2023.04.27-14.08.05:755][426]LogModuleManager: Shutting down and abandoning module VirtualTexturingEditor (772)
[2023.04.27-14.08.05:755][426]LogModuleManager: Shutting down and abandoning module FoliageEdit (770)
[2023.04.27-14.08.05:755][426]LogModuleManager: Shutting down and abandoning module LandscapeEditor (768)
[2023.04.27-14.08.05:755][426]LogModuleManager: Shutting down and abandoning module MeshPaintMode (766)
[2023.04.27-14.08.05:755][426]LogModuleManager: Shutting down and abandoning module SceneDepthPickerMode (764)
[2023.04.27-14.08.05:755][426]LogModuleManager: Shutting down and abandoning module ActorPickerMode (762)
[2023.04.27-14.08.05:755][426]LogModuleManager: Shutting down and abandoning module PlacementMode (760)
[2023.04.27-14.08.05:755][426]LogModuleManager: Shutting down and abandoning module ViewportSnapping (758)
[2023.04.27-14.08.05:755][426]LogModuleManager: Shutting down and abandoning module ViewportInteraction (756)
[2023.04.27-14.08.05:755][426]LogModuleManager: Shutting down and abandoning module ClothPainter (754)
[2023.04.27-14.08.05:756][426]LogModuleManager: Shutting down and abandoning module SkeletalMeshEditor (753)
[2023.04.27-14.08.05:756][426]LogModuleManager: Shutting down and abandoning module LogVisualizer (750)
[2023.04.27-14.08.05:756][426]LogModuleManager: Shutting down and abandoning module IntroTutorials (748)
[2023.04.27-14.08.05:756][426]LogModuleManager: Shutting down and abandoning module GameProjectGeneration (747)
[2023.04.27-14.08.05:757][426]LogModuleManager: Shutting down and abandoning module LuminPlatformEditor (744)
[2023.04.27-14.08.05:757][426]LogModuleManager: Shutting down and abandoning module IOSPlatformEditor (742)
[2023.04.27-14.08.05:757][426]LogModuleManager: Shutting down and abandoning module AndroidPlatformEditor (740)
[2023.04.27-14.08.05:757][426]LogModuleManager: Shutting down and abandoning module AndroidDeviceDetection (739)
[2023.04.27-14.08.06:385][426]LogModuleManager: Shutting down and abandoning module WindowsPlatformEditor (736)
[2023.04.27-14.08.06:385][426]LogModuleManager: Shutting down and abandoning module LuminRuntimeSettings (734)
[2023.04.27-14.08.06:385][426]LogModuleManager: Shutting down and abandoning module IOSRuntimeSettings (732)
[2023.04.27-14.08.06:385][426]LogModuleManager: Shutting down and abandoning module AndroidRuntimeSettings (730)
[2023.04.27-14.08.06:385][426]LogModuleManager: Shutting down and abandoning module TraceInsights (728)
[2023.04.27-14.08.06:388][426]MemoryProfiler: Shutdown
[2023.04.27-14.08.06:388][426]NetworkingProfiler: Shutdown
[2023.04.27-14.08.06:388][426]LoadingProfiler: Shutdown
[2023.04.27-14.08.06:388][426]TimingProfiler: Shutdown
[2023.04.27-14.08.06:389][426]LogModuleManager: Shutting down and abandoning module TraceServices (727)
[2023.04.27-14.08.06:392][426]LogModuleManager: Shutting down and abandoning module EditorInteractiveToolsFramework (724)
[2023.04.27-14.08.06:392][426]LogModuleManager: Shutting down and abandoning module TimeManagementEditor (722)
[2023.04.27-14.08.06:392][426]LogModuleManager: Shutting down and abandoning module InputBindingEditor (720)
[2023.04.27-14.08.06:392][426]LogModuleManager: Shutting down and abandoning module MergeActors (718)
[2023.04.27-14.08.06:393][426]LogModuleManager: Shutting down and abandoning module LocalizationDashboard (716)
[2023.04.27-14.08.06:393][426]LogModuleManager: Shutting down and abandoning module LocalizationService (715)
[2023.04.27-14.08.06:393][426]LogModuleManager: Shutting down and abandoning module HardwareTargeting (712)
[2023.04.27-14.08.06:393][426]LogModuleManager: Shutting down and abandoning module DeviceProfileEditor (710)
[2023.04.27-14.08.06:393][426]LogModuleManager: Shutting down and abandoning module UndoHistory (708)
[2023.04.27-14.08.06:393][426]LogModuleManager: Shutting down and abandoning module XmlParser (706)
[2023.04.27-14.08.06:393][426]LogModuleManager: Shutting down and abandoning module Blutility (704)
[2023.04.27-14.08.06:393][426]LogModuleManager: Shutting down and abandoning module ProjectSettingsViewer (702)
[2023.04.27-14.08.06:393][426]LogModuleManager: Shutting down and abandoning module ProjectTargetPlatformEditor (701)
[2023.04.27-14.08.06:394][426]LogModuleManager: Shutting down and abandoning module EditorSettingsViewer (698)
[2023.04.27-14.08.06:394][426]LogModuleManager: Shutting down and abandoning module InternationalizationSettings (697)
[2023.04.27-14.08.06:394][426]LogModuleManager: Shutting down and abandoning module SettingsEditor (694)
[2023.04.27-14.08.06:394][426]LogModuleManager: Shutting down and abandoning module ProjectLauncher (692)
[2023.04.27-14.08.06:394][426]LogModuleManager: Shutting down and abandoning module SessionFrontend (690)
[2023.04.27-14.08.06:394][426]LogModuleManager: Shutting down and abandoning module ProfilerClient (688)
[2023.04.27-14.08.06:396][426]LogModuleManager: Shutting down and abandoning module DeviceManager (686)
[2023.04.27-14.08.06:397][426]LogModuleManager: Shutting down and abandoning module TargetDeviceServices (685)
[2023.04.27-14.08.06:430][426]LogModuleManager: Shutting down and abandoning module AutomationController (682)
[2023.04.27-14.08.06:430][426]LogModuleManager: Shutting down and abandoning module AutomationWindow (680)
[2023.04.27-14.08.06:430][426]LogModuleManager: Shutting down and abandoning module Layers (678)
[2023.04.27-14.08.06:433][426]LogModuleManager: Shutting down and abandoning module ComponentVisualizers (676)
[2023.04.27-14.08.06:433][426]LogModuleManager: Shutting down and abandoning module DetailCustomizations (674)
[2023.04.27-14.08.06:433][426]LogModuleManager: Shutting down and abandoning module PackagesDialog (672)
[2023.04.27-14.08.06:433][426]LogModuleManager: Shutting down and abandoning module AnimationBlueprintEditor (670)
[2023.04.27-14.08.06:434][426]LogModuleManager: Shutting down and abandoning module Persona (668)
[2023.04.27-14.08.06:435][426]LogModuleManager: Shutting down and abandoning module AdvancedPreviewScene (667)
[2023.04.27-14.08.06:435][426]LogModuleManager: Shutting down and abandoning module AnimGraph (665)
[2023.04.27-14.08.06:435][426]LogModuleManager: Shutting down and abandoning module Kismet (662)
[2023.04.27-14.08.06:436][426]LogModuleManager: Shutting down and abandoning module KismetWidgets (661)
[2023.04.27-14.08.06:436][426]LogModuleManager: Shutting down and abandoning module GraphEditor (658)
[2023.04.27-14.08.06:439][426]LogModuleManager: Shutting down and abandoning module StructViewer (656)
[2023.04.27-14.08.06:439][426]LogModuleManager: Shutting down and abandoning module ClassViewer (654)
[2023.04.27-14.08.06:439][426]LogModuleManager: Shutting down and abandoning module Toolbox (652)
[2023.04.27-14.08.06:439][426]LogModuleManager: Shutting down and abandoning module ModuleUI (650)
[2023.04.27-14.08.06:440][426]LogModuleManager: Shutting down and abandoning module OutputLog (648)
[2023.04.27-14.08.06:441][426]LogModuleManager: Shutting down and abandoning module GammaUI (646)
[2023.04.27-14.08.06:441][426]LogModuleManager: Shutting down and abandoning module Documentation (644)
[2023.04.27-14.08.06:441][426]LogModuleManager: Shutting down and abandoning module LiveCoding (642)
[2023.04.27-14.08.06:442][426]LogModuleManager: Shutting down and abandoning module LevelSequence (640)
[2023.04.27-14.08.06:442][426]LogModuleManager: Shutting down and abandoning module MovieSceneTracks (638)
[2023.04.27-14.08.06:442][426]LogModuleManager: Shutting down and abandoning module MovieScene (636)
[2023.04.27-14.08.06:442][426]LogModuleManager: Shutting down and abandoning module StreamingPauseRendering (634)
[2023.04.27-14.08.06:442][426]LogModuleManager: Shutting down and abandoning module LauncherPlatform (632)
[2023.04.27-14.08.06:442][426]LogModuleManager: Shutting down and abandoning module AnalyticsET (630)
[2023.04.27-14.08.06:442][426]LogModuleManager: Shutting down and abandoning module PortalServices (628)
[2023.04.27-14.08.06:442][426]LogModuleManager: Shutting down and abandoning module PortalRpc (626)
[2023.04.27-14.08.06:442][426]LogModuleManager: Shutting down and abandoning module MessagingRpc (624)
[2023.04.27-14.08.06:442][426]LogModuleManager: Shutting down and abandoning module AudioMixerXAudio2 (622)
[2023.04.27-14.08.06:442][426]LogModuleManager: Shutting down and abandoning module AudioMixerCore (621)
[2023.04.27-14.08.06:442][426]LogModuleManager: Shutting down and abandoning module AIModule (618)
[2023.04.27-14.08.06:442][426]LogModuleManager: Shutting down and abandoning module GameplayDebugger (617)
[2023.04.27-14.08.06:442][426]LogModuleManager: Shutting down and abandoning module AITestSuite (615)
[2023.04.27-14.08.06:442][426]LogModuleManager: Shutting down and abandoning module NavigationSystem (613)
[2023.04.27-14.08.06:442][426]LogModuleManager: Shutting down and abandoning module ImageWriteQueue (610)
[2023.04.27-14.08.06:442][426]LogModuleManager: Shutting down and abandoning module ProfilerService (608)
[2023.04.27-14.08.06:663][426]LogModuleManager: Shutting down and abandoning module TaskGraph (606)
[2023.04.27-14.08.06:663][426]LogModuleManager: Shutting down and abandoning module AudioSynesthesiaEditor (604)
[2023.04.27-14.08.06:664][426]LogModuleManager: Shutting down and abandoning module OculusEditor (602)
[2023.04.27-14.08.06:664][426]LogModuleManager: Shutting down and abandoning module OculusInput (600)
[2023.04.27-14.08.06:664][426]LogModuleManager: Shutting down and abandoning module ContentBrowserFileDataSource (598)
[2023.04.27-14.08.06:664][426]LogModuleManager: Shutting down and abandoning module ContentBrowserAssetDataSource (596)
[2023.04.27-14.08.06:664][426]LogModuleManager: Shutting down and abandoning module ContentBrowserClassDataSource (594)
[2023.04.27-14.08.06:664][426]LogModuleManager: Shutting down and abandoning module CollectionManager (593)
[2023.04.27-14.08.06:664][426]LogModuleManager: Shutting down and abandoning module SynthesisEditor (590)
[2023.04.27-14.08.06:664][426]LogModuleManager: Shutting down and abandoning module Synthesis (588)
[2023.04.27-14.08.06:665][426]LogModuleManager: Shutting down and abandoning module ProceduralMeshComponentEditor (586)
[2023.04.27-14.08.06:665][426]LogModuleManager: Shutting down and abandoning module ProceduralMeshComponent (584)
[2023.04.27-14.08.06:665][426]LogModuleManager: Shutting down and abandoning module TakeSequencer (582)
[2023.04.27-14.08.06:665][426]LogModuleManager: Shutting down and abandoning module TakeMovieScene (580)
[2023.04.27-14.08.06:665][426]LogModuleManager: Shutting down and abandoning module ScreenshotTools (578)
[2023.04.27-14.08.06:665][426]LogModuleManager: Shutting down and abandoning module OpenXREditor (576)
[2023.04.27-14.08.06:665][426]LogModuleManager: Shutting down and abandoning module MobilePatchingUtils (574)
[2023.04.27-14.08.06:665][426]LogModuleManager: Shutting down and abandoning module GooglePAD (572)
[2023.04.27-14.08.06:665][426]LogModuleManager: Shutting down and abandoning module EditableMesh (570)
[2023.04.27-14.08.06:665][426]LogModuleManager: Shutting down and abandoning module CustomMeshComponent (568)
[2023.04.27-14.08.06:665][426]LogModuleManager: Shutting down and abandoning module CableComponent (566)
[2023.04.27-14.08.06:665][426]LogModuleManager: Shutting down and abandoning module AudioCapture (564)
[2023.04.27-14.08.06:665][426]LogModuleManager: Shutting down and abandoning module AudioCaptureRtAudio (563)
[2023.04.27-14.08.06:665][426]LogModuleManager: Shutting down and abandoning module ArchVisCharacter (560)
[2023.04.27-14.08.06:665][426]LogModuleManager: Shutting down and abandoning module AssetTags (558)
[2023.04.27-14.08.06:665][426]LogModuleManager: Shutting down and abandoning module AppleImageUtilsBlueprintSupport (556)
[2023.04.27-14.08.06:665][426]LogModuleManager: Shutting down and abandoning module AppleImageUtils (554)
[2023.04.27-14.08.06:665][426]LogModuleManager: Shutting down and abandoning module AndroidPermission (552)
[2023.04.27-14.08.06:665][426]LogModuleManager: Shutting down and abandoning module ActorLayerUtilitiesEditor (550)
[2023.04.27-14.08.06:665][426]LogModuleManager: Shutting down and abandoning module ActorLayerUtilities (548)
[2023.04.27-14.08.06:665][426]LogModuleManager: Shutting down and abandoning module MediaCompositing (546)
[2023.04.27-14.08.06:665][426]LogModuleManager: Shutting down and abandoning module ImgMedia (544)
[2023.04.27-14.08.06:665][426]LogModuleManager: Shutting down and abandoning module TemplateSequence (542)
[2023.04.27-14.08.06:665][426]LogModuleManager: Shutting down and abandoning module MotoSynthEditor (540)
[2023.04.27-14.08.06:665][426]LogModuleManager: Shutting down and abandoning module MotoSynth (538)
[2023.04.27-14.08.06:665][426]LogModuleManager: Shutting down and abandoning module OpenImageDenoise (536)
[2023.04.27-14.08.06:665][426]LogOpenImageDenoise: OIDN shutting down
[2023.04.27-14.08.06:665][426]LogModuleManager: Shutting down and abandoning module MeshConversion (534)
[2023.04.27-14.08.06:666][426]LogModuleManager: Shutting down and abandoning module DynamicMesh (532)
[2023.04.27-14.08.06:666][426]LogModuleManager: Shutting down and abandoning module GeometryAlgorithms (530)
[2023.04.27-14.08.06:667][426]LogModuleManager: Shutting down and abandoning module GeometricObjects (528)
[2023.04.27-14.08.06:667][426]LogModuleManager: Shutting down and abandoning module MagicLeapSharedWorld (526)
[2023.04.27-14.08.06:667][426]LogModuleManager: Shutting down and abandoning module MagicLeapLightEstimation (524)
[2023.04.27-14.08.06:667][426]LogModuleManager: Shutting down and abandoning module GeometryCollectionTracks (522)
[2023.04.27-14.08.06:667][426]LogModuleManager: Shutting down and abandoning module GeometryCollectionSequencer (521)
[2023.04.27-14.08.06:667][426]LogModuleManager: Shutting down and abandoning module GeometryCollectionEditor (518)
[2023.04.27-14.08.06:667][426]LogModuleManager: Shutting down and abandoning module MagicLeapHelperVulkan (516)
[2023.04.27-14.08.06:667][426]LogModuleManager: Shutting down and abandoning module MagicLeapHelperOpenGL (514)
[2023.04.27-14.08.06:667][426]LogModuleManager: Shutting down and abandoning module MagicLeapAudio (512)
[2023.04.27-14.08.06:667][426]LogModuleManager: Shutting down and abandoning module GeometryCacheTracks (510)
[2023.04.27-14.08.06:667][426]LogModuleManager: Shutting down and abandoning module GeometryCacheStreamer (508)
[2023.04.27-14.08.06:668][426]LogModuleManager: Shutting down and abandoning module GeometryCacheSequencer (506)
[2023.04.27-14.08.06:668][426]LogModuleManager: Shutting down and abandoning module ChaosNiagara (504)
[2023.04.27-14.08.06:668][426]LogModuleManager: Shutting down and abandoning module FractureEditor (502)
[2023.04.27-14.08.06:668][426]LogModuleManager: Shutting down and abandoning module ChaosClothEditor (500)
[2023.04.27-14.08.06:668][426]LogModuleManager: Shutting down and abandoning module ChaosSolverEditor (498)
[2023.04.27-14.08.06:668][426]LogModuleManager: Shutting down and abandoning module FieldSystemEngine (497)
[2023.04.27-14.08.06:669][426]LogModuleManager: Shutting down and abandoning module AutomationUtilsEditor (494)
[2023.04.27-14.08.06:669][426]LogModuleManager: Shutting down and abandoning module AutomationUtils (492)
[2023.04.27-14.08.06:669][426]LogModuleManager: Shutting down and abandoning module BackChannel (490)
[2023.04.27-14.08.06:669][426]LogModuleManager: Shutting down and abandoning module VisualStudioCodeSourceCodeAccess (488)
[2023.04.27-14.08.06:669][426]LogModuleManager: Shutting down and abandoning module NiagaraEditorWidgets (486)
[2023.04.27-14.08.06:671][426]LogModuleManager: Shutting down and abandoning module AlembicImporter (484)
[2023.04.27-14.08.06:671][426]LogModuleManager: Shutting down and abandoning module AlembicLibrary (483)
[2023.04.27-14.08.06:671][426]LogModuleManager: Shutting down and abandoning module GeometryCache (482)
[2023.04.27-14.08.06:671][426]LogModuleManager: Shutting down and abandoning module GeometryCacheEd (481)
[2023.04.27-14.08.06:671][426]LogModuleManager: Shutting down and abandoning module VisualStudioSourceCodeAccess (476)
[2023.04.27-14.08.06:671][426]LogModuleManager: Shutting down and abandoning module VariantManagerContentEditor (474)
[2023.04.27-14.08.06:671][426]LogModuleManager: Shutting down and abandoning module UObjectPlugin (472)
[2023.04.27-14.08.06:671][426]LogModuleManager: Shutting down and abandoning module SubversionSourceControl (470)
[2023.04.27-14.08.06:671][426]LogModuleManager: Shutting down and abandoning module RiderSourceCodeAccess (468)
[2023.04.27-14.08.06:671][426]LogModuleManager: Shutting down and abandoning module PlasticSourceControl (466)
[2023.04.27-14.08.06:671][426]LogModuleManager: Shutting down and abandoning module PerforceSourceControl (464)
[2023.04.27-14.08.06:671][426]LogModuleManager: Shutting down and abandoning module PluginUtils (462)
[2023.04.27-14.08.06:671][426]LogModuleManager: Shutting down and abandoning module GitSourceControl (460)
[2023.04.27-14.08.06:671][426]LogModuleManager: Shutting down and abandoning module SourceControl (459)
[2023.04.27-14.08.06:671][426]LogModuleManager: Shutting down and abandoning module DatasmithContentEditor (456)
[2023.04.27-14.08.06:671][426]LogModuleManager: Shutting down and abandoning module CLionSourceCodeAccess (454)
[2023.04.27-14.08.06:671][426]LogModuleManager: Shutting down and abandoning module AnimationSharingEd (452)
[2023.04.27-14.08.06:672][426]LogModuleManager: Shutting down and abandoning module PluginBrowser (450)
[2023.04.27-14.08.06:672][426]LogModuleManager: Shutting down and abandoning module SpeedTreeImporter (448)
[2023.04.27-14.08.06:672][426]LogModuleManager: Shutting down and abandoning module MobileLauncherProfileWizard (446)
[2023.04.27-14.08.06:673][426]LogModuleManager: Shutting down and abandoning module MaterialAnalyzer (444)
[2023.04.27-14.08.06:673][426]LogModuleManager: Shutting down and abandoning module CurveEditorTools (442)
[2023.04.27-14.08.06:673][426]LogModuleManager: Shutting down and abandoning module CryptoKeysOpenSSL (440)
[2023.04.27-14.08.06:673][426]LogModuleManager: Shutting down and abandoning module CryptoKeys (438)
[2023.04.27-14.08.06:673][426]LogModuleManager: Shutting down and abandoning module GameplayCameras (436)
[2023.04.27-14.08.06:673][426]LogModuleManager: Shutting down and abandoning module OodleNetworkHandlerComponent (434)
[2023.04.27-14.08.06:673][426]LogModuleManager: Shutting down and abandoning module PaperTiledImporter (432)
[2023.04.27-14.08.06:673][426]LogModuleManager: Shutting down and abandoning module PaperSpriteSheetImporter (430)
[2023.04.27-14.08.06:673][426]LogModuleManager: Shutting down and abandoning module Paper2DEditor (428)
[2023.04.27-14.08.06:673][426]LogModuleManager: Shutting down and abandoning module LiveLinkSequencer (426)
[2023.04.27-14.08.06:673][426]LogModuleManager: Shutting down and abandoning module LiveLinkMovieScene (424)
[2023.04.27-14.08.06:673][426]LogModuleManager: Shutting down and abandoning module LiveLinkGraphNode (422)
[2023.04.27-14.08.06:673][426]LogModuleManager: Shutting down and abandoning module LiveLinkEditor (420)
[2023.04.27-14.08.06:673][426]LogModuleManager: Shutting down and abandoning module LiveLinkComponents (418)
[2023.04.27-14.08.06:673][426]LogModuleManager: Shutting down and abandoning module LiveLink (416)
[2023.04.27-14.08.07:382][426]LogModuleManager: Shutting down and abandoning module LightPropagationVolumeEditor (414)
[2023.04.27-14.08.07:382][426]LogModuleManager: Shutting down and abandoning module MeshPaintingToolset (412)
[2023.04.27-14.08.07:384][426]LogModuleManager: Shutting down and abandoning module MeshPaintEditorMode (410)
[2023.04.27-14.08.07:384][426]LogModuleManager: Shutting down and abandoning module SoundFields (408)
[2023.04.27-14.08.07:384][426]LogModuleManager: Shutting down and abandoning module SignificanceManager (406)
[2023.04.27-14.08.07:384][426]LogModuleManager: Shutting down and abandoning module RuntimePhysXCooking (404)
[2023.04.27-14.08.07:384][426]LogModuleManager: Shutting down and abandoning module PropertyAccessEditor (402)
[2023.04.27-14.08.07:384][426]LogModuleManager: Shutting down and abandoning module PhysXVehiclesEditor (400)
[2023.04.27-14.08.07:384][426]LogModuleManager: Shutting down and abandoning module LocationServicesBPLibrary (396)
[2023.04.27-14.08.07:384][426]LogModuleManager: Shutting down and abandoning module AudioSynesthesia (394)
[2023.04.27-14.08.07:384][426]LogModuleManager: Shutting down and abandoning module AudioSynesthesiaCore (392)
[2023.04.27-14.08.07:384][426]LogModuleManager: Shutting down and abandoning module ImgMediaEngine (390)
[2023.04.27-14.08.07:384][426]LogModuleManager: Shutting down and abandoning module ActorSequence (388)
[2023.04.27-14.08.07:384][426]LogModuleManager: Shutting down and abandoning module PythonScriptPlugin (386)
[2023.04.27-14.08.07:384][426]LogModuleManager: Shutting down and abandoning module UdpMessaging (384)
[2023.04.27-14.08.07:485][426]LogModuleManager: Shutting down and abandoning module TcpMessaging (382)
[2023.04.27-14.08.07:586][426]LogModuleManager: Shutting down and abandoning module MagicLeapARPin (380)
[2023.04.27-14.08.07:586][426]LogModuleManager: Shutting down and abandoning module MagicLeapHandMeshing (378)
[2023.04.27-14.08.07:586][426]LogModuleManager: Shutting down and abandoning module MagicLeapSecureStorage (376)
[2023.04.27-14.08.07:586][426]LogModuleManager: Shutting down and abandoning module MagicLeapPrivileges (374)
[2023.04.27-14.08.07:586][426]LogModuleManager: Shutting down and abandoning module MagicLeapPlanes (372)
[2023.04.27-14.08.07:586][426]LogMagicLeapPlanes: Planes tracker already destroyed.
[2023.04.27-14.08.07:586][426]LogModuleManager: Shutting down and abandoning module MagicLeapImageTracker (370)
[2023.04.27-14.08.07:586][426]LogModuleManager: Shutting down and abandoning module MagicLeapIdentity (368)
[2023.04.27-14.08.07:586][426]LogModuleManager: Shutting down and abandoning module MagicLeapHandTracking (366)
[2023.04.27-14.08.07:586][426]LogModuleManager: Shutting down and abandoning module MagicLeapEyeTracker (364)
[2023.04.27-14.08.07:586][426]LogModuleManager: Shutting down and abandoning module MagicLeapController (362)
[2023.04.27-14.08.07:586][426]LogModuleManager: Shutting down and abandoning module MagicLeapARPinImpl (360)
[2023.04.27-14.08.07:586][426]LogModuleManager: Shutting down and abandoning module MagicLeapAR (358)
[2023.04.27-14.08.07:586][426]LogModuleManager: Shutting down and abandoning module NiagaraAnimNotifies (356)
[2023.04.27-14.08.07:586][426]LogModuleManager: Shutting down and abandoning module Niagara (354)
[2023.04.27-14.08.07:588][426]LogModuleManager: Shutting down and abandoning module SignalProcessing (353)
[2023.04.27-14.08.07:588][426]LogModuleManager: Shutting down and abandoning module NiagaraEditor (351)
[2023.04.27-14.08.07:588][426]LogModuleManager: Shutting down and abandoning module NiagaraCore (348)
[2023.04.27-14.08.07:588][426]LogModuleManager: Shutting down and abandoning module PropertyAccessNode (346)
[2023.04.27-14.08.07:588][426]LogModuleManager: Shutting down and abandoning module AnimationSharing (344)
[2023.04.27-14.08.07:588][426]LogModuleManager: Shutting down and abandoning module GameplayTagsEditor (342)
[2023.04.27-14.08.07:588][426]LogModuleManager: Shutting down and abandoning module FacialAnimationEditor (340)
[2023.04.27-14.08.07:588][426]LogModuleManager: Shutting down and abandoning module FacialAnimation (338)
[2023.04.27-14.08.07:588][426]LogModuleManager: Shutting down and abandoning module DataValidation (336)
[2023.04.27-14.08.07:588][426]LogModuleManager: Shutting down and abandoning module AssetManagerEditor (334)
[2023.04.27-14.08.07:588][426]LogModuleManager: Shutting down and abandoning module LevelEditor (333)
[2023.04.27-14.08.07:591][426]LogModuleManager: Shutting down and abandoning module PixelInspectorModule (332)
[2023.04.27-14.08.07:591][426]LogModuleManager: Shutting down and abandoning module CommonMenuExtensions (330)
[2023.04.27-14.08.07:591][426]LogModuleManager: Shutting down and abandoning module MainFrame (328)
[2023.04.27-14.08.07:591][426]LogModuleManager: Shutting down and abandoning module HotReload (327)
[2023.04.27-14.08.07:592][426]LogModuleManager: Shutting down and abandoning module ToolMenus (323)
[2023.04.27-14.08.07:592][426]LogModuleManager: Shutting down and abandoning module ContentBrowser (321)
[2023.04.27-14.08.07:592][426]LogModuleManager: Shutting down and abandoning module ContentBrowserData (320)
[2023.04.27-14.08.07:592][426]LogModuleManager: Shutting down and abandoning module TreeMap (317)
[2023.04.27-14.08.07:592][426]LogModuleManager: Shutting down and abandoning module Paper2D (314)
[2023.04.27-14.08.07:592][426]LogModuleManager: Shutting down and abandoning module EnvironmentQueryEditor (312)
[2023.04.27-14.08.07:592][426]LogModuleManager: Shutting down and abandoning module LightPropagationVolumeRuntime (310)
[2023.04.27-14.08.07:593][426]LogModuleManager: Shutting down and abandoning module WindowsMoviePlayer (308)
[2023.04.27-14.08.07:593][426]LogModuleManager: Shutting down and abandoning module WebMMoviePlayer (306)
[2023.04.27-14.08.07:593][426]LogModuleManager: Shutting down and abandoning module NetworkReplayStreaming (304)
[2023.04.27-14.08.07:593][426]LogModuleManager: Shutting down and abandoning module PacketHandler (302)
[2023.04.27-14.08.07:593][426]LogModuleManager: Shutting down and abandoning module ClothingSystemEditor (300)
[2023.04.27-14.08.07:593][426]LogModuleManager: Shutting down and abandoning module ClothingSystemRuntimeNv (298)
[2023.04.27-14.08.07:593][426]LogModuleManager: Shutting down and abandoning module MediaAssets (296)
[2023.04.27-14.08.07:593][426]LogModuleManager: Shutting down and abandoning module Overlay (294)
[2023.04.27-14.08.07:593][426]LogModuleManager: Shutting down and abandoning module OverlayEditor (293)
[2023.04.27-14.08.07:593][426]LogModuleManager: Shutting down and abandoning module VREditor (290)
[2023.04.27-14.08.07:595][426]LogModuleManager: Shutting down and abandoning module StringTableEditor (288)
[2023.04.27-14.08.07:595][426]LogModuleManager: Shutting down and abandoning module GameplayTasksEditor (286)
[2023.04.27-14.08.07:595][426]LogModuleManager: Shutting down and abandoning module BehaviorTreeEditor (284)
[2023.04.27-14.08.07:596][426]LogModuleManager: Shutting down and abandoning module FunctionalTesting (282)
[2023.04.27-14.08.07:596][426]LogModuleManager: Shutting down and abandoning module CollisionAnalyzer (280)
[2023.04.27-14.08.07:596][426]LogModuleManager: Shutting down and abandoning module WorkspaceMenuStructure (279)
[2023.04.27-14.08.07:596][426]LogModuleManager: Shutting down and abandoning module UMG (276)
[2023.04.27-14.08.07:596][426]LogModuleManager: Shutting down and abandoning module UMGEditor (275)
[2023.04.27-14.08.07:596][426]LogModuleManager: Shutting down and abandoning module MessageLog (273)
[2023.04.27-14.08.07:596][426]LogModuleManager: Shutting down and abandoning module SlateReflector (268)
[2023.04.27-14.08.07:598][426]LogModuleManager: Shutting down and abandoning module Slate (266)
[2023.04.27-14.08.07:598][426]LogModuleManager: Shutting down and abandoning module SlateCore (264)
[2023.04.27-14.08.07:599][426]LogModuleManager: Shutting down and abandoning module LandscapeEditorUtilities (262)
[2023.04.27-14.08.07:599][426]LogModuleManager: Shutting down and abandoning module UnrealEd (260)
[2023.04.27-14.08.07:599][426]LogModuleManager: Shutting down and abandoning module MRMesh (258)
[2023.04.27-14.08.07:599][426]LogModuleManager: Shutting down and abandoning module SourceCodeAccess (256)
[2023.04.27-14.08.07:599][426]LogModuleManager: Shutting down and abandoning module HeadMountedDisplay (254)
[2023.04.27-14.08.07:599][426]LogModuleManager: Shutting down and abandoning module XAudio2 (252)
[2023.04.27-14.08.07:599][426]LogModuleManager: Shutting down and abandoning module Networking (250)
[2023.04.27-14.08.07:599][426]LogModuleManager: Shutting down and abandoning module Core (248)
[2023.04.27-14.08.07:599][426]LogModuleManager: Shutting down and abandoning module MaterialEditor (246)
[2023.04.27-14.08.07:600][426]LogModuleManager: Shutting down and abandoning module MovieSceneTools (244)
[2023.04.27-14.08.07:600][426]LogModuleManager: Shutting down and abandoning module CurveEditor (243)
[2023.04.27-14.08.07:601][426]LogModuleManager: Shutting down and abandoning module Sequencer (241)
[2023.04.27-14.08.07:602][426]LogModuleManager: Shutting down and abandoning module EditorStyle (240)
[2023.04.27-14.08.07:603][426]LogModuleManager: Shutting down and abandoning module KismetCompiler (236)
[2023.04.27-14.08.07:603][426]LogModuleManager: Shutting down and abandoning module MeshBuilder (234)
[2023.04.27-14.08.07:603][426]LogModuleManager: Shutting down and abandoning module MeshUtilities (232)
[2023.04.27-14.08.07:603][426]LogModuleManager: Shutting down and abandoning module MeshMergeUtilities (231)
[2023.04.27-14.08.07:603][426]LogModuleManager: Shutting down and abandoning module MeshReductionInterface (230)
[2023.04.27-14.08.07:603][426]LogModuleManager: Shutting down and abandoning module MeshBoneReduction (229)
[2023.04.27-14.08.07:603][426]LogModuleManager: Shutting down and abandoning module SkeletalMeshReduction (227)
[2023.04.27-14.08.07:604][426]LogModuleManager: Shutting down and abandoning module ProxyLODMeshReduction (225)
[2023.04.27-14.08.07:604][426]LogModuleManager: Shutting down and abandoning module QuadricMeshReduction (223)
[2023.04.27-14.08.07:604][426]LogModuleManager: Shutting down and abandoning module MaterialBaking (219)
[2023.04.27-14.08.07:604][426]LogModuleManager: Shutting down and abandoning module NullInstallBundleManager (214)
[2023.04.27-14.08.07:604][426]LogModuleManager: Shutting down and abandoning module DerivedDataCache (212)
[2023.04.27-14.08.07:604][426]LogModuleManager: Shutting down and abandoning module TargetPlatform (210)
[2023.04.27-14.08.07:604][426]LogModuleManager: Shutting down and abandoning module VulkanShaderFormat (209)
[2023.04.27-14.08.07:604][426]LogModuleManager: Shutting down and abandoning module ShaderFormatVectorVM (207)
[2023.04.27-14.08.07:605][426]LogModuleManager: Shutting down and abandoning module ShaderFormatOpenGL (205)
[2023.04.27-14.08.07:605][426]LogModuleManager: Shutting down and abandoning module ShaderFormatD3D (203)
[2023.04.27-14.08.07:605][426]LogModuleManager: Shutting down and abandoning module MetalShaderFormat (201)
[2023.04.27-14.08.07:606][426]LogModuleManager: Shutting down and abandoning module TextureFormatOodle (199)
[2023.04.27-14.08.07:606][426]LogModuleManager: Shutting down and abandoning module TextureFormatUncompressed (197)
[2023.04.27-14.08.07:606][426]LogModuleManager: Shutting down and abandoning module TextureFormatPVR (195)
[2023.04.27-14.08.07:606][426]LogModuleManager: Shutting down and abandoning module TextureFormatETC2 (193)
[2023.04.27-14.08.07:606][426]LogModuleManager: Shutting down and abandoning module TextureFormatDXT (191)
[2023.04.27-14.08.07:606][426]LogModuleManager: Shutting down and abandoning module TextureFormatIntelISPCTexComp (189)
[2023.04.27-14.08.07:606][426]LogModuleManager: Shutting down and abandoning module TextureFormatASTC (187)
[2023.04.27-14.08.07:606][426]LogModuleManager: Shutting down and abandoning module ImageWrapper (186)
[2023.04.27-14.08.07:606][426]LogModuleManager: Shutting down and abandoning module AudioFormatOpus (183)
[2023.04.27-14.08.07:606][426]LogModuleManager: Shutting down and abandoning module AudioFormatOgg (181)
[2023.04.27-14.08.07:606][426]LogModuleManager: Shutting down and abandoning module AudioFormatADPCM (179)
[2023.04.27-14.08.07:606][426]LogModuleManager: Shutting down and abandoning module WindowsServerTargetPlatform (177)
[2023.04.27-14.08.07:606][426]LogModuleManager: Shutting down and abandoning module WindowsClientTargetPlatform (175)
[2023.04.27-14.08.07:606][426]LogModuleManager: Shutting down and abandoning module WindowsTargetPlatform (173)
[2023.04.27-14.08.07:606][426]LogModuleManager: Shutting down and abandoning module WindowsNoEditorTargetPlatform (171)
[2023.04.27-14.08.07:606][426]LogModuleManager: Shutting down and abandoning module TVOSTargetPlatform (169)
[2023.04.27-14.08.07:608][426]LogModuleManager: Shutting down and abandoning module MacServerTargetPlatform (167)
[2023.04.27-14.08.07:608][426]LogModuleManager: Shutting down and abandoning module MacClientTargetPlatform (165)
[2023.04.27-14.08.07:608][426]LogModuleManager: Shutting down and abandoning module MacTargetPlatform (163)
[2023.04.27-14.08.07:608][426]LogModuleManager: Shutting down and abandoning module MacNoEditorTargetPlatform (161)
[2023.04.27-14.08.07:608][426]LogModuleManager: Shutting down and abandoning module LuminTargetPlatform (159)
[2023.04.27-14.08.07:610][426]LogModuleManager: Shutting down and abandoning module LinuxAArch64ServerTargetPlatform (157)
[2023.04.27-14.08.07:610][426]LogModuleManager: Shutting down and abandoning module LinuxAArch64ClientTargetPlatform (155)
[2023.04.27-14.08.07:610][426]LogModuleManager: Shutting down and abandoning module LinuxAArch64NoEditorTargetPlatform (153)
[2023.04.27-14.08.07:610][426]LogModuleManager: Shutting down and abandoning module LinuxServerTargetPlatform (151)
[2023.04.27-14.08.07:610][426]LogModuleManager: Shutting down and abandoning module LinuxClientTargetPlatform (149)
[2023.04.27-14.08.07:610][426]LogModuleManager: Shutting down and abandoning module LinuxNoEditorTargetPlatform (147)
[2023.04.27-14.08.07:610][426]LogModuleManager: Shutting down and abandoning module LinuxTargetPlatform (145)
[2023.04.27-14.08.07:610][426]LogModuleManager: Shutting down and abandoning module Messaging (143)
[2023.04.27-14.08.07:610][426]LogModuleManager: Shutting down and abandoning module IOSTargetPlatform (141)
[2023.04.27-14.08.07:611][426]LogModuleManager: Shutting down and abandoning module AndroidTargetPlatform (139)
[2023.04.27-14.08.07:616][426]LogModuleManager: Shutting down and abandoning module AllDesktopTargetPlatform (137)
[2023.04.27-14.08.07:616][426]LogModuleManager: Shutting down and abandoning module D3D11RHI (134)
[2023.04.27-14.08.07:616][426]LogModuleManager: Shutting down and abandoning module InputCore (132)
[2023.04.27-14.08.07:616][426]LogModuleManager: Shutting down and abandoning module Settings (130)
[2023.04.27-14.08.07:616][426]LogModuleManager: Shutting down and abandoning module DirectoryWatcher (128)
[2023.04.27-14.08.07:616][426]LogModuleManager: Shutting down and abandoning module PhysXCooking (126)
[2023.04.27-14.08.07:616][426]LogModuleManager: Shutting down and abandoning module Chaos (124)
[2023.04.27-14.08.07:616][426]LogModuleManager: Shutting down and abandoning module WindowsPlatformFeatures (122)
[2023.04.27-14.08.07:616][426]LogModuleManager: Shutting down and abandoning module GameplayMediaEncoder (121)
[2023.04.27-14.08.07:617][426]LogModuleManager: Shutting down and abandoning module AVEncoder (120)
[2023.04.27-14.08.07:617][426]LogModuleManager: Shutting down and abandoning module SteamVRInputDevice (116)
[2023.04.27-14.08.07:617][426]LogModuleManager: Shutting down and abandoning module SteamVRInput (114)
[2023.04.27-14.08.07:617][426]LogModuleManager: Shutting down and abandoning module SteamVR (112)
[2023.04.27-14.08.07:617][426]LogHMD: Freeing OpenVRDLLHandle.
[2023.04.27-14.08.07:617][426]LogModuleManager: Shutting down and abandoning module OculusHMD (110)
[2023.04.27-14.08.07:617][426]LogModuleManager: Shutting down and abandoning module OpenXREyeTracker (108)
[2023.04.27-14.08.07:617][426]LogModuleManager: Shutting down and abandoning module OpenXRHandTracking (106)
[2023.04.27-14.08.07:617][426]LogSlate: Slate User Destroyed.  User Index 0, Is Virtual User: 0
[2023.04.27-14.08.07:617][426]LogModuleManager: Shutting down and abandoning module OpenXRAR (104)
[2023.04.27-14.08.07:617][426]LogModuleManager: Shutting down and abandoning module AugmentedReality (103)
[2023.04.27-14.08.07:617][426]LogModuleManager: Shutting down and abandoning module OpenXRHMD (100)
[2023.04.27-14.08.07:617][426]LogModuleManager: Shutting down and abandoning module ExampleDeviceProfileSelector (98)
[2023.04.27-14.08.07:617][426]LogModuleManager: Shutting down and abandoning module ChunkDownloader (96)
[2023.04.27-14.08.07:617][426]LogModuleManager: Shutting down and abandoning module OnlineBlueprintSupport (94)
[2023.04.27-14.08.07:617][426]LogModuleManager: Shutting down and abandoning module OnlineSubsystem (90)
[2023.04.27-14.08.07:619][426]LogModuleManager: Shutting down and abandoning module XMPP (85)
[2023.04.27-14.08.07:619][426]LogModuleManager: Shutting down and abandoning module WebSockets (84)
[2023.04.27-14.08.07:627][426]LogModuleManager: Shutting down and abandoning module HTTP (81)
[2023.04.27-14.08.07:627][426]LogHttp: Display: Http module shutting down, but needs to wait on 1 outstanding Http requests:
[2023.04.27-14.08.07:627][426]LogHttp: Display: 	verb=[POST] url=[https://datarouter.ol.epicgames.com/datarouter/api/v1/public/data?SessionID=%7B8D38ECE2-4E28-E372-093E-26A13E88EBD6%7D&AppID=UEEditor.Rocket.Release&AppVersion=4.27.0-17155196%2B%2B%2BUE4%2BRelease-4.27&UserID=6c323a574de77068069fd1a69ce5459b%7Ce0d89e8bb4f042d48aa65e438af618d2%7C27c992d2-39c7-4861-bb46-ff907c92b92a&AppEnvironment=datacollector-binary&UploadType=eteventstream] refs=[1] status=Processing
[2023.04.27-14.08.07:627][426]LogHttp: Display: cleaning up 1 outstanding Http requests.
[2023.04.27-14.08.07:648][426]LogModuleManager: Shutting down and abandoning module SSL (80)
[2023.04.27-14.08.07:649][426]LogModuleManager: Shutting down and abandoning module WmfMedia (76)
[2023.04.27-14.08.07:652][426]LogModuleManager: Shutting down and abandoning module Media (75)
[2023.04.27-14.08.07:654][426]LogModuleManager: Shutting down and abandoning module MediaInfo (74)
[2023.04.27-14.08.07:654][426]LogModuleManager: Shutting down and abandoning module ExrReaderGpu (70)
[2023.04.27-14.08.07:654][426]LogModuleManager: Shutting down and abandoning module LauncherChunkInstaller (68)
[2023.04.27-14.08.07:654][426]LogModuleManager: Shutting down and abandoning module MLSDK (66)
[2023.04.27-14.08.07:654][426]LogModuleManager: Shutting down and abandoning module MagicLeap (64)
[2023.04.27-14.08.07:654][426]LogModuleManager: Shutting down and abandoning module ChaosCloth (62)
[2023.04.27-14.08.07:654][426]LogModuleManager: Shutting down and abandoning module NiagaraVertexFactories (60)
[2023.04.27-14.08.07:654][426]LogModuleManager: Shutting down and abandoning module NiagaraShader (58)
[2023.04.27-14.08.07:654][426]LogModuleManager: Shutting down and abandoning module VariantManagerContent (56)
[2023.04.27-14.08.07:654][426]LogModuleManager: Shutting down and abandoning module PixWinPlugin (54)
[2023.04.27-14.08.07:654][426]LogModuleManager: Shutting down and abandoning module DatasmithContent (52)
[2023.04.27-14.08.07:654][426]LogModuleManager: Shutting down and abandoning module AISupportModule (50)
[2023.04.27-14.08.07:654][426]LogModuleManager: Shutting down and abandoning module DesktopPlatform (48)
[2023.04.27-14.08.07:655][426]LogModuleManager: Shutting down and abandoning module PythonScriptPluginPreload (46)
[2023.04.27-14.08.07:655][426]LogModuleManager: Shutting down and abandoning module PlatformCryptoOpenSSL (44)
[2023.04.27-14.08.07:655][426]LogModuleManager: Shutting down and abandoning module PlatformCryptoTypes (42)
[2023.04.27-14.08.07:655][426]LogModuleManager: Shutting down and abandoning module PlatformCrypto (40)
[2023.04.27-14.08.07:655][426]LogModuleManager: Shutting down and abandoning module OodleDataCompressionFormat (38)
[2023.04.27-14.08.07:655][426]LogModuleManager: Shutting down and abandoning module XGEController (36)
[2023.04.27-14.08.07:655][426]LogXGEController: Cleaning working directory: C:/Users/Asus/AppData/Local/Temp/UnrealXGEWorkingDir/
[2023.04.27-14.08.07:655][426]LogModuleManager: Shutting down and abandoning module AnimationModifiers (34)
[2023.04.27-14.08.07:655][426]LogModuleManager: Shutting down and abandoning module AudioEditor (32)
[2023.04.27-14.08.07:656][426]LogModuleManager: Shutting down and abandoning module PropertyEditor (31)
[2023.04.27-14.08.07:657][426]LogModuleManager: Shutting down and abandoning module TextureCompressor (28)
[2023.04.27-14.08.07:657][426]LogModuleManager: Shutting down and abandoning module RenderCore (26)
[2023.04.27-14.08.07:657][426]LogModuleManager: Shutting down and abandoning module Landscape (24)
[2023.04.27-14.08.07:657][426]LogModuleManager: Shutting down and abandoning module SlateRHIRenderer (22)
[2023.04.27-14.08.07:657][426]LogModuleManager: Shutting down and abandoning module AnimGraphRuntime (20)
[2023.04.27-14.08.07:657][426]LogModuleManager: Shutting down and abandoning module Renderer (18)
[2023.04.27-14.08.07:657][426]LogModuleManager: Shutting down and abandoning module Engine (16)
[2023.04.27-14.08.07:657][426]LogModuleManager: Shutting down and abandoning module CoreUObject (14)
[2023.04.27-14.08.07:657][426]LogModuleManager: Shutting down and abandoning module NetworkFile (12)
[2023.04.27-14.08.07:657][426]LogModuleManager: Shutting down and abandoning module CookedIterativeFile (10)
[2023.04.27-14.08.07:657][426]LogModuleManager: Shutting down and abandoning module StreamingFile (8)
[2023.04.27-14.08.07:658][426]LogModuleManager: Shutting down and abandoning module SandboxFile (6)
[2023.04.27-14.08.07:658][426]LogModuleManager: Shutting down and abandoning module PakFile (4)
[2023.04.27-14.08.07:658][426]LogModuleManager: Shutting down and abandoning module RSA (3)
[2023.04.27-14.08.07:658][426]LogContentStreaming: Display: There are 1 unreleased StreamingManagers
[2023.04.27-14.08.07:660][426]LogD3D11RHI: Shutdown
[2023.04.27-14.08.07:660][426]LogD3D11RHI: CleanupD3DDevice
[2023.04.27-14.08.07:673][426]LogExit: Exiting.
[2023.04.27-14.08.07:679][426]Log file closed, 04/27/23 17:38:07
