Log file open, 04/22/23 14:56:11
LogWindows: Failed to load 'aqProf.dll' (GetLastError=126)
LogWindows: File 'aqProf.dll' does not exist
LogWindows: Failed to load 'VtuneApi.dll' (GetLastError=126)
LogWindows: File 'VtuneApi.dll' does not exist
LogWindows: Failed to load 'VtuneApi32e.dll' (GetLastError=126)
LogWindows: File 'VtuneApi32e.dll' does not exist
LogConsoleResponse: Display: Failed to find resolution value strings in scalability ini. Falling back to default.
LogConsoleResponse: Display: Failed to find resolution value strings in scalability ini. Falling back to default.
LogInit: Display: Running engine for game: SpeedLimit_UniAzad
LogPlatformFile: Not using cached read wrapper
LogTaskGraph: Started task graph with 5 named threads and 47 total threads with 3 sets of task threads.
LogStats: Stats thread started at 0.202183
LogICUInternationalization: ICU TimeZone Detection - Raw Offset: +3:30, Platform Override: ''
LogInit: Display: Loading text-based GConfig....
LogPluginManager: Mounting plugin MeshPainting
LogPluginManager: Mounting plugin XGEController
LogPluginManager: Mounting plugin Paper2D
LogPluginManager: Mounting plugin AISupport
LogPluginManager: Mounting plugin EnvironmentQueryEditor
LogPluginManager: Mounting plugin LightPropagationVolume
LogPluginManager: Mounting plugin GameplayCameras
LogPluginManager: Mounting plugin CameraShakePreviewer
LogPluginManager: Mounting plugin LiveLink
LogPluginManager: Mounting plugin OodleData
LogPluginManager: Mounting plugin OodleNetwork
LogPluginManager: Mounting plugin AssetManagerEditor
LogPluginManager: Mounting plugin DataValidation
LogPluginManager: Mounting plugin CryptoKeys
LogPluginManager: Mounting plugin FacialAnimation
LogPluginManager: Mounting plugin GeometryMode
LogPluginManager: Mounting plugin CurveEditorTools
LogPluginManager: Mounting plugin MacGraphicsSwitching
LogPluginManager: Mounting plugin MaterialAnalyzer
LogPluginManager: Mounting plugin GameplayTagsEditor
LogPluginManager: Mounting plugin PluginBrowser
LogPluginManager: Mounting plugin MobileLauncherProfileWizard
LogPluginManager: Mounting plugin SpeedTreeImporter
LogPluginManager: Mounting plugin Niagara
LogPluginManager: Mounting plugin AnimationSharing
LogPluginManager: Mounting plugin DatasmithContent
LogPluginManager: Mounting plugin CLionSourceCodeAccess
LogPluginManager: Mounting plugin CodeLiteSourceCodeAccess
LogPluginManager: Mounting plugin VariantManagerContent
LogPluginManager: Mounting plugin KDevelopSourceCodeAccess
LogPluginManager: Mounting plugin GitSourceControl
LogPluginManager: Mounting plugin AndroidMedia
LogPluginManager: Mounting plugin AvfMedia
LogPluginManager: Mounting plugin PerforceSourceControl
LogPluginManager: Mounting plugin NullSourceCodeAccess
LogPluginManager: Mounting plugin PixWinPlugin
LogPluginManager: Mounting plugin PlasticSourceControl
LogPluginManager: Mounting plugin ImgMedia
LogPluginManager: Mounting plugin MediaPlayerEditor
LogPluginManager: Mounting plugin WebMMedia
LogPluginManager: Mounting plugin LuminPlatformFeatures
LogPluginManager: Mounting plugin MediaCompositing
LogPluginManager: Mounting plugin PropertyAccessNode
LogPluginManager: Mounting plugin MagicLeap
LogPluginManager: Mounting plugin WmfMedia
LogPluginManager: Mounting plugin RiderSourceCodeAccess
LogPluginManager: Mounting plugin TextureFormatOodle
LogPluginManager: Mounting plugin SubversionSourceControl
LogPluginManager: Mounting plugin UObjectPlugin
LogPluginManager: Mounting plugin MagicLeapLightEstimation
LogPluginManager: Mounting plugin MagicLeapMedia
LogPluginManager: Mounting plugin VisualStudioCodeSourceCodeAccess
LogPluginManager: Mounting plugin MagicLeapPassableWorld
LogPluginManager: Mounting plugin MLSDK
LogPluginManager: Mounting plugin VisualStudioSourceCodeAccess
LogPluginManager: Mounting plugin XCodeSourceCodeAccess
LogPluginManager: Mounting plugin UdpMessaging
LogPluginManager: Mounting plugin ActorSequence
LogPluginManager: Mounting plugin MatineeToLevelSequence
LogPluginManager: Mounting plugin LevelSequenceEditor
LogPluginManager: Mounting plugin TemplateSequence
LogPluginManager: Mounting plugin PluginUtils
LogPluginManager: Mounting plugin TcpMessaging
LogPluginManager: Mounting plugin OnlineSubsystem
LogPluginManager: Mounting plugin OnlineSubsystemNull
LogPluginManager: Mounting plugin ActorLayerUtilities
LogPluginManager: Mounting plugin AndroidDeviceProfileSelector
LogPluginManager: Mounting plugin AndroidPermission
LogPluginManager: Mounting plugin OnlineSubsystemUtils
LogPluginManager: Mounting plugin AndroidMoviePlayer
LogPluginManager: Mounting plugin LauncherChunkInstaller
LogPluginManager: Mounting plugin AppleMoviePlayer
LogPluginManager: Mounting plugin AppleImageUtils
LogPluginManager: Mounting plugin ArchVisCharacter
LogPluginManager: Mounting plugin AudioCapture
LogPluginManager: Mounting plugin AssetTags
LogPluginManager: Mounting plugin AudioSynesthesia
LogPluginManager: Mounting plugin CableComponent
LogPluginManager: Mounting plugin ChunkDownloader
LogPluginManager: Mounting plugin CustomMeshComponent
LogPluginManager: Mounting plugin EditableMesh
LogPluginManager: Mounting plugin ExampleDeviceProfileSelector
LogPluginManager: Mounting plugin GooglePAD
LogPluginManager: Mounting plugin GoogleCloudMessaging
LogPluginManager: Mounting plugin ScreenshotTools
LogPluginManager: Mounting plugin IOSDeviceProfileSelector
LogPluginManager: Mounting plugin LocationServicesBPLibrary
LogPluginManager: Mounting plugin LinuxDeviceProfileSelector
LogPluginManager: Mounting plugin MobilePatchingUtils
LogPluginManager: Mounting plugin OpenXREyeTracker
LogPluginManager: Mounting plugin OpenXR
LogPluginManager: Mounting plugin OpenXRHandTracking
LogPluginManager: Mounting plugin PhysXVehicles
LogPluginManager: Mounting plugin ProceduralMeshComponent
LogPluginManager: Mounting plugin PropertyAccessEditor
LogPluginManager: Mounting plugin RuntimePhysXCooking
LogPluginManager: Mounting plugin SignificanceManager
LogPluginManager: Mounting plugin PostSplashScreen
LogPluginManager: Mounting plugin SoundFields
LogPluginManager: Mounting plugin Synthesis
LogPluginManager: Mounting plugin WebMMoviePlayer
LogPluginManager: Mounting plugin WindowsMoviePlayer
LogPluginManager: Mounting plugin AlembicImporter
LogPluginManager: Mounting plugin AutomationUtils
LogPluginManager: Mounting plugin BackChannel
LogPluginManager: Mounting plugin ChaosCloth
LogPluginManager: Mounting plugin ChaosSolverPlugin
LogPluginManager: Mounting plugin CharacterAI
LogPluginManager: Mounting plugin ChaosClothEditor
LogPluginManager: Mounting plugin ChaosNiagara
LogPluginManager: Mounting plugin ChaosEditor
LogPluginManager: Mounting plugin Takes
LogPluginManager: Mounting plugin GeometryProcessing
LogPluginManager: Mounting plugin GeometryCollectionPlugin
LogPluginManager: Mounting plugin GeometryCache
LogPluginManager: Mounting plugin MotoSynth
LogPluginManager: Mounting plugin OpenImageDenoise
LogPluginManager: Mounting plugin PlatformCrypto
LogPluginManager: Mounting plugin ProxyLODPlugin
LogPluginManager: Mounting plugin PythonScriptPlugin
LogPluginManager: Mounting plugin PlanarCut
LogPluginManager: Mounting plugin SkeletalReduction
LogPluginManager: Mounting plugin ContentBrowserClassDataSource
LogPluginManager: Mounting plugin ContentBrowserAssetDataSource
LogPluginManager: Mounting plugin ContentBrowserFileDataSource
LogPluginManager: Mounting plugin OnlineSubsystemIOS
LogPluginManager: Mounting plugin OnlineSubsystemGooglePlay
LogPluginManager: Mounting plugin OculusVR
LogPluginManager: Mounting plugin SteamVR
PixWinPlugin: PIX capture plugin failed to initialize! Check that the process is launched from PIX.
LogInit: Using libcurl 7.55.1-DEV
LogInit:  - built for x86_64-pc-win32
LogInit:  - supports SSL with OpenSSL/1.1.1
LogInit:  - supports HTTP deflate (compression) using libz 1.2.8
LogInit:  - other features:
LogInit:      CURL_VERSION_SSL
LogInit:      CURL_VERSION_LIBZ
LogInit:      CURL_VERSION_IPV6
LogInit:      CURL_VERSION_ASYNCHDNS
LogInit:      CURL_VERSION_LARGEFILE
LogInit:      CURL_VERSION_IDN
LogInit:  CurlRequestOptions (configurable via config and command line):
LogInit:  - bVerifyPeer = true  - Libcurl will verify peer certificate
LogInit:  - bUseHttpProxy = false  - Libcurl will NOT use HTTP proxy
LogInit:  - bDontReuseConnections = false  - Libcurl will reuse connections
LogInit:  - MaxHostConnections = 16  - Libcurl will limit the number of connections to a host
LogInit:  - LocalHostAddr = Default
LogInit:  - BufferSize = 65536
LogOnline: OSS: Creating online subsystem instance for: NULL
LogInit: WinSock: version 1.1 (2.2), MaxSocks=32767, MaxUdp=65467
LogOnline: OSS: TryLoadSubsystemAndSetDefault: Loaded subsystem for module [NULL]
LogOculusPluginWrapper: OculusPlugin initialized successfully
LogHMD: Failed initializing OVRPlugin 1.59.0
LogInit: Build: ++UE4+Release-4.27-CL-17155196
LogInit: Engine Version: 4.27.0-17155196+++UE4+Release-4.27
LogInit: Compatible Engine Version: 4.27.0-17155196+++UE4+Release-4.27
LogInit: Net CL: 17155196
LogInit: OS: Windows 10 (Release 2009) (), CPU: AMD Ryzen 7 3800X 8-Core Processor             , GPU: AMD Radeon RX 6900 XT
LogInit: Compiled (64-bit): Aug 13 2021 06:13:13
LogInit: Compiled with Visual C++: 19.24.28315.00
LogInit: Build Configuration: Development
LogInit: Branch Name: ++UE4+Release-4.27
LogInit: Command Line: 
LogInit: Base Directory: C:/Unreal Engine v4.27 Compiled/Engine/Binaries/Win64/
LogInit: Allocator: TBB
LogInit: Installed Engine Build: 1
LogDevObjectVersion: Number of dev versions registered: 29
LogDevObjectVersion:   Dev-Blueprints (B0D832E4-1F89-4F0D-ACCF-7EB736FD4AA2): 10
LogDevObjectVersion:   Dev-Build (E1C64328-A22C-4D53-A36C-8E866417BD8C): 0
LogDevObjectVersion:   Dev-Core (375EC13C-06E4-48FB-B500-84F0262A717E): 4
LogDevObjectVersion:   Dev-Editor (E4B068ED-F494-42E9-A231-DA0B2E46BB41): 40
LogDevObjectVersion:   Dev-Framework (CFFC743F-43B0-4480-9391-14DF171D2073): 37
LogDevObjectVersion:   Dev-Mobile (B02B49B5-BB20-44E9-A304-32B752E40360): 3
LogDevObjectVersion:   Dev-Networking (A4E4105C-59A1-49B5-A7C5-40C4547EDFEE): 0
LogDevObjectVersion:   Dev-Online (39C831C9-5AE6-47DC-9A44-9C173E1C8E7C): 0
LogDevObjectVersion:   Dev-Physics (78F01B33-EBEA-4F98-B9B4-84EACCB95AA2): 14
LogDevObjectVersion:   Dev-Platform (6631380F-2D4D-43E0-8009-CF276956A95A): 0
LogDevObjectVersion:   Dev-Rendering (12F88B9F-8875-4AFC-A67C-D90C383ABD29): 45
LogDevObjectVersion:   Dev-Sequencer (7B5AE74C-D270-4C10-A958-57980B212A5A): 13
LogDevObjectVersion:   Dev-VR (D7296918-1DD6-4BDD-9DE2-64A83CC13884): 3
LogDevObjectVersion:   Dev-LoadTimes (C2A15278-BFE7-4AFE-6C17-90FF531DF755): 1
LogDevObjectVersion:   Private-Geometry (6EACA3D4-40EC-4CC1-B786-8BED09428FC5): 3
LogDevObjectVersion:   Dev-AnimPhys (29E575DD-E0A3-4627-9D10-D276232CDCEA): 17
LogDevObjectVersion:   Dev-Anim (AF43A65D-7FD3-4947-9873-3E8ED9C1BB05): 15
LogDevObjectVersion:   Dev-ReflectionCapture (6B266CEC-1EC7-4B8F-A30B-E4D90942FC07): 1
LogDevObjectVersion:   Dev-Automation (0DF73D61-A23F-47EA-B727-89E90C41499A): 1
LogDevObjectVersion:   FortniteMain (601D1886-AC64-4F84-AA16-D3DE0DEAC7D6): 47
LogDevObjectVersion:   FortniteRelease (E7086368-6B23-4C58-8439-1B7016265E91): 1
LogDevObjectVersion:   Dev-Enterprise (9DFFBCD6-494F-0158-E221-12823C92A888): 10
LogDevObjectVersion:   Dev-Niagara (F2AED0AC-9AFE-416F-8664-AA7FFA26D6FC): 1
LogDevObjectVersion:   Dev-Destruction (174F1F0B-B4C6-45A5-B13F-2EE8D0FB917D): 10
LogDevObjectVersion:   Dev-Physics-Ext (35F94A83-E258-406C-A318-09F59610247C): 41
LogDevObjectVersion:   Dev-PhysicsMaterial-Chaos (B68FC16E-8B1B-42E2-B453-215C058844FE): 1
LogDevObjectVersion:   Dev-CineCamera (B2E18506-4273-CFC2-A54E-F4BB758BBA07): 1
LogDevObjectVersion:   Dev-VirtualProduction (64F58936-FD1B-42BA-BA96-7289D5D0FA4E): 1
LogDevObjectVersion:   Dev-MediaFramework (6F0ED827-A609-4895-9C91-998D90180EA4): 2
LogInit: Presizing for max 25165824 objects, including 0 objects not considered by GC, pre-allocating 0 bytes for permanent pool.
LogConfig: Applying CVar settings from Section [/Script/Engine.StreamingSettings] File [C:/Users/the13eauty/Documents/GitHub/TheTroubleMakers/Unreal Engine Project/SpeedLimit_UniAzad/Saved/Config/Windows/Engine.ini]
LogConfig: Setting CVar [[s.MinBulkDataSizeForAsyncLoading:131072]]
LogConfig: Setting CVar [[s.AsyncLoadingThreadEnabled:0]]
LogConfig: Setting CVar [[s.EventDrivenLoaderEnabled:1]]
LogConfig: Setting CVar [[s.WarnIfTimeLimitExceeded:0]]
LogConfig: Setting CVar [[s.TimeLimitExceededMultiplier:1.5]]
LogConfig: Setting CVar [[s.TimeLimitExceededMinTime:0.005]]
LogConfig: Setting CVar [[s.UseBackgroundLevelStreaming:1]]
LogConfig: Setting CVar [[s.PriorityAsyncLoadingExtraTime:15.0]]
LogConfig: Setting CVar [[s.LevelStreamingActorsUpdateTimeLimit:5.0]]
LogConfig: Setting CVar [[s.PriorityLevelStreamingActorsUpdateExtraTime:5.0]]
LogConfig: Setting CVar [[s.LevelStreamingComponentsRegistrationGranularity:10]]
LogConfig: Setting CVar [[s.UnregisterComponentsTimeLimit:1.0]]
LogConfig: Setting CVar [[s.LevelStreamingComponentsUnregistrationGranularity:5]]
LogConfig: Setting CVar [[s.FlushStreamingOnExit:1]]
LogInit: Object subsystem initialized
LogConfig: Setting CVar [[con.DebugEarlyDefault:1]]
LogConfig: Setting CVar [[r.setres:1280x720]]
[2023.04.22-11.26.12:146][  0]LogConfig: Setting CVar [[r.VSync:0]]
[2023.04.22-11.26.12:146][  0]LogConfig: Setting CVar [[r.RHICmdBypass:0]]
[2023.04.22-11.26.12:146][  0]LogConfig: Applying CVar settings from Section [/Script/Engine.RendererSettings] File [C:/Users/the13eauty/Documents/GitHub/TheTroubleMakers/Unreal Engine Project/SpeedLimit_UniAzad/Saved/Config/Windows/Engine.ini]
[2023.04.22-11.26.12:146][  0]LogConfig: Setting CVar [[r.GPUCrashDebugging:0]]
[2023.04.22-11.26.12:146][  0]LogConfig: Applying CVar settings from Section [/Script/Engine.RendererOverrideSettings] File [C:/Users/the13eauty/Documents/GitHub/TheTroubleMakers/Unreal Engine Project/SpeedLimit_UniAzad/Saved/Config/Windows/Engine.ini]
[2023.04.22-11.26.12:146][  0]LogConfig: Applying CVar settings from Section [/Script/Engine.StreamingSettings] File [C:/Users/the13eauty/Documents/GitHub/TheTroubleMakers/Unreal Engine Project/SpeedLimit_UniAzad/Saved/Config/Windows/Engine.ini]
[2023.04.22-11.26.12:146][  0]LogConfig: Setting CVar [[s.MinBulkDataSizeForAsyncLoading:131072]]
[2023.04.22-11.26.12:146][  0]LogConfig: Setting CVar [[s.AsyncLoadingThreadEnabled:0]]
[2023.04.22-11.26.12:146][  0]LogConfig: Setting CVar [[s.EventDrivenLoaderEnabled:1]]
[2023.04.22-11.26.12:146][  0]LogConfig: Setting CVar [[s.WarnIfTimeLimitExceeded:0]]
[2023.04.22-11.26.12:146][  0]LogConfig: Setting CVar [[s.TimeLimitExceededMultiplier:1.5]]
[2023.04.22-11.26.12:146][  0]LogConfig: Setting CVar [[s.TimeLimitExceededMinTime:0.005]]
[2023.04.22-11.26.12:146][  0]LogConfig: Setting CVar [[s.UseBackgroundLevelStreaming:1]]
[2023.04.22-11.26.12:146][  0]LogConfig: Setting CVar [[s.PriorityAsyncLoadingExtraTime:15.0]]
[2023.04.22-11.26.12:146][  0]LogConfig: Setting CVar [[s.LevelStreamingActorsUpdateTimeLimit:5.0]]
[2023.04.22-11.26.12:146][  0]LogConfig: Setting CVar [[s.PriorityLevelStreamingActorsUpdateExtraTime:5.0]]
[2023.04.22-11.26.12:146][  0]LogConfig: Setting CVar [[s.LevelStreamingComponentsRegistrationGranularity:10]]
[2023.04.22-11.26.12:146][  0]LogConfig: Setting CVar [[s.UnregisterComponentsTimeLimit:1.0]]
[2023.04.22-11.26.12:146][  0]LogConfig: Setting CVar [[s.LevelStreamingComponentsUnregistrationGranularity:5]]
[2023.04.22-11.26.12:146][  0]LogConfig: Setting CVar [[s.FlushStreamingOnExit:1]]
[2023.04.22-11.26.12:146][  0]LogConfig: Applying CVar settings from Section [/Script/Engine.GarbageCollectionSettings] File [C:/Users/the13eauty/Documents/GitHub/TheTroubleMakers/Unreal Engine Project/SpeedLimit_UniAzad/Saved/Config/Windows/Engine.ini]
[2023.04.22-11.26.12:146][  0]LogConfig: Setting CVar [[gc.MaxObjectsNotConsideredByGC:1]]
[2023.04.22-11.26.12:146][  0]LogConfig: Setting CVar [[gc.SizeOfPermanentObjectPool:0]]
[2023.04.22-11.26.12:146][  0]LogConfig: Setting CVar [[gc.FlushStreamingOnGC:0]]
[2023.04.22-11.26.12:146][  0]LogConfig: Setting CVar [[gc.NumRetriesBeforeForcingGC:10]]
[2023.04.22-11.26.12:146][  0]LogConfig: Setting CVar [[gc.AllowParallelGC:1]]
[2023.04.22-11.26.12:146][  0]LogConfig: Setting CVar [[gc.TimeBetweenPurgingPendingKillObjects:61.1]]
[2023.04.22-11.26.12:146][  0]LogConfig: Setting CVar [[gc.MaxObjectsInEditor:25165824]]
[2023.04.22-11.26.12:146][  0]LogConfig: Setting CVar [[gc.IncrementalBeginDestroyEnabled:1]]
[2023.04.22-11.26.12:146][  0]LogConfig: Setting CVar [[gc.CreateGCClusters:1]]
[2023.04.22-11.26.12:146][  0]LogConfig: Setting CVar [[gc.MinGCClusterSize:5]]
[2023.04.22-11.26.12:146][  0]LogConfig: Setting CVar [[gc.ActorClusteringEnabled:0]]
[2023.04.22-11.26.12:146][  0]LogConfig: Setting CVar [[gc.BlueprintClusteringEnabled:0]]
[2023.04.22-11.26.12:146][  0]LogConfig: Setting CVar [[gc.UseDisregardForGCOnDedicatedServers:0]]
[2023.04.22-11.26.12:146][  0]LogConfig: Setting CVar [[gc.MultithreadedDestructionEnabled:1]]
[2023.04.22-11.26.12:146][  0]LogConfig: Applying CVar settings from Section [/Script/Engine.NetworkSettings] File [C:/Users/the13eauty/Documents/GitHub/TheTroubleMakers/Unreal Engine Project/SpeedLimit_UniAzad/Saved/Config/Windows/Engine.ini]
[2023.04.22-11.26.12:146][  0]LogConfig: Applying CVar settings from Section [/Script/UnrealEd.CookerSettings] File [C:/Users/the13eauty/Documents/GitHub/TheTroubleMakers/Unreal Engine Project/SpeedLimit_UniAzad/Saved/Config/Windows/Engine.ini]
[2023.04.22-11.26.12:156][  0]LogConfig: Applying CVar settings from Section [ViewDistanceQuality@3] File [C:/Users/the13eauty/Documents/GitHub/TheTroubleMakers/Unreal Engine Project/SpeedLimit_UniAzad/Saved/Config/Windows/Scalability.ini]
[2023.04.22-11.26.12:156][  0]LogConfig: Setting CVar [[r.SkeletalMeshLODBias:0]]
[2023.04.22-11.26.12:156][  0]LogConfig: Setting CVar [[r.ViewDistanceScale:1.0]]
[2023.04.22-11.26.12:156][  0]LogConfig: Applying CVar settings from Section [AntiAliasingQuality@3] File [C:/Users/the13eauty/Documents/GitHub/TheTroubleMakers/Unreal Engine Project/SpeedLimit_UniAzad/Saved/Config/Windows/Scalability.ini]
[2023.04.22-11.26.12:156][  0]LogConfig: Setting CVar [[r.PostProcessAAQuality:4]]
[2023.04.22-11.26.12:156][  0]LogConfig: Applying CVar settings from Section [ShadowQuality@3] File [C:/Users/the13eauty/Documents/GitHub/TheTroubleMakers/Unreal Engine Project/SpeedLimit_UniAzad/Saved/Config/Windows/Scalability.ini]
[2023.04.22-11.26.12:156][  0]LogConfig: Setting CVar [[r.LightFunctionQuality:1]]
[2023.04.22-11.26.12:156][  0]LogConfig: Setting CVar [[r.ShadowQuality:5]]
[2023.04.22-11.26.12:156][  0]LogConfig: Setting CVar [[r.Shadow.CSM.MaxCascades:10]]
[2023.04.22-11.26.12:156][  0]LogConfig: Setting CVar [[r.Shadow.MaxResolution:2048]]
[2023.04.22-11.26.12:156][  0]LogConfig: Setting CVar [[r.Shadow.MaxCSMResolution:2048]]
[2023.04.22-11.26.12:156][  0]LogConfig: Setting CVar [[r.Shadow.RadiusThreshold:0.01]]
[2023.04.22-11.26.12:156][  0]LogConfig: Setting CVar [[r.Shadow.DistanceScale:1.0]]
[2023.04.22-11.26.12:156][  0]LogConfig: Setting CVar [[r.Shadow.CSM.TransitionScale:1.0]]
[2023.04.22-11.26.12:156][  0]LogConfig: Setting CVar [[r.Shadow.PreShadowResolutionFactor:1.0]]
[2023.04.22-11.26.12:156][  0]LogConfig: Setting CVar [[r.DistanceFieldShadowing:1]]
[2023.04.22-11.26.12:156][  0]LogConfig: Setting CVar [[r.DistanceFieldAO:1]]
[2023.04.22-11.26.12:156][  0]LogConfig: Setting CVar [[r.AOQuality:2]]
[2023.04.22-11.26.12:156][  0]LogConfig: Setting CVar [[r.VolumetricFog:1]]
[2023.04.22-11.26.12:156][  0]LogConfig: Setting CVar [[r.VolumetricFog.GridPixelSize:8]]
[2023.04.22-11.26.12:156][  0]LogConfig: Setting CVar [[r.VolumetricFog.GridSizeZ:128]]
[2023.04.22-11.26.12:156][  0]LogConfig: Setting CVar [[r.VolumetricFog.HistoryMissSupersampleCount:4]]
[2023.04.22-11.26.12:156][  0]LogConfig: Setting CVar [[r.LightMaxDrawDistanceScale:1]]
[2023.04.22-11.26.12:156][  0]LogConfig: Setting CVar [[r.CapsuleShadows:1]]
[2023.04.22-11.26.12:156][  0]LogConfig: Applying CVar settings from Section [PostProcessQuality@3] File [C:/Users/the13eauty/Documents/GitHub/TheTroubleMakers/Unreal Engine Project/SpeedLimit_UniAzad/Saved/Config/Windows/Scalability.ini]
[2023.04.22-11.26.12:156][  0]LogConfig: Setting CVar [[r.MotionBlurQuality:4]]
[2023.04.22-11.26.12:156][  0]LogConfig: Setting CVar [[r.AmbientOcclusionMipLevelFactor:0.4]]
[2023.04.22-11.26.12:156][  0]LogConfig: Setting CVar [[r.AmbientOcclusionMaxQuality:100]]
[2023.04.22-11.26.12:156][  0]LogConfig: Setting CVar [[r.AmbientOcclusionLevels:-1]]
[2023.04.22-11.26.12:156][  0]LogConfig: Setting CVar [[r.AmbientOcclusionRadiusScale:1.0]]
[2023.04.22-11.26.12:156][  0]LogConfig: Setting CVar [[r.DepthOfFieldQuality:2]]
[2023.04.22-11.26.12:156][  0]LogConfig: Setting CVar [[r.RenderTargetPoolMin:400]]
[2023.04.22-11.26.12:156][  0]LogConfig: Setting CVar [[r.LensFlareQuality:2]]
[2023.04.22-11.26.12:156][  0]LogConfig: Setting CVar [[r.SceneColorFringeQuality:1]]
[2023.04.22-11.26.12:156][  0]LogConfig: Setting CVar [[r.EyeAdaptationQuality:2]]
[2023.04.22-11.26.12:156][  0]LogConfig: Setting CVar [[r.BloomQuality:5]]
[2023.04.22-11.26.12:156][  0]LogConfig: Setting CVar [[r.FastBlurThreshold:100]]
[2023.04.22-11.26.12:156][  0]LogConfig: Setting CVar [[r.Upscale.Quality:3]]
[2023.04.22-11.26.12:156][  0]LogConfig: Setting CVar [[r.Tonemapper.GrainQuantization:1]]
[2023.04.22-11.26.12:156][  0]LogConfig: Setting CVar [[r.LightShaftQuality:1]]
[2023.04.22-11.26.12:156][  0]LogConfig: Setting CVar [[r.Filter.SizeScale:1]]
[2023.04.22-11.26.12:156][  0]LogConfig: Setting CVar [[r.Tonemapper.Quality:5]]
[2023.04.22-11.26.12:156][  0]LogConfig: Setting CVar [[r.DOF.Gather.AccumulatorQuality:1        ; higher gathering accumulator quality]]
[2023.04.22-11.26.12:156][  0]LogConfig: Setting CVar [[r.DOF.Gather.PostfilterMethod:1          ; Median3x3 postfilering method]]
[2023.04.22-11.26.12:156][  0]LogConfig: Setting CVar [[r.DOF.Gather.EnableBokehSettings:0       ; no bokeh simulation when gathering]]
[2023.04.22-11.26.12:156][  0]LogConfig: Setting CVar [[r.DOF.Gather.RingCount:4                 ; medium number of samples when gathering]]
[2023.04.22-11.26.12:156][  0]LogConfig: Setting CVar [[r.DOF.Scatter.ForegroundCompositing:1    ; additive foreground scattering]]
[2023.04.22-11.26.12:156][  0]LogConfig: Setting CVar [[r.DOF.Scatter.BackgroundCompositing:2    ; additive background scattering]]
[2023.04.22-11.26.12:156][  0]LogConfig: Setting CVar [[r.DOF.Scatter.EnableBokehSettings:1      ; bokeh simulation when scattering]]
[2023.04.22-11.26.12:156][  0]LogConfig: Setting CVar [[r.DOF.Scatter.MaxSpriteRatio:0.1         ; only a maximum of 10% of scattered bokeh]]
[2023.04.22-11.26.12:156][  0]LogConfig: Setting CVar [[r.DOF.Recombine.Quality:1                ; cheap slight out of focus]]
[2023.04.22-11.26.12:156][  0]LogConfig: Setting CVar [[r.DOF.Recombine.EnableBokehSettings:0    ; no bokeh simulation on slight out of focus]]
[2023.04.22-11.26.12:156][  0]LogConfig: Setting CVar [[r.DOF.TemporalAAQuality:1                ; more stable temporal accumulation]]
[2023.04.22-11.26.12:156][  0]LogConfig: Setting CVar [[r.DOF.Kernel.MaxForegroundRadius:0.025]]
[2023.04.22-11.26.12:156][  0]LogConfig: Setting CVar [[r.DOF.Kernel.MaxBackgroundRadius:0.025]]
[2023.04.22-11.26.12:156][  0]LogConfig: Applying CVar settings from Section [TextureQuality@3] File [C:/Users/the13eauty/Documents/GitHub/TheTroubleMakers/Unreal Engine Project/SpeedLimit_UniAzad/Saved/Config/Windows/Scalability.ini]
[2023.04.22-11.26.12:156][  0]LogConfig: Setting CVar [[r.Streaming.MipBias:0]]
[2023.04.22-11.26.12:156][  0]LogConfig: Setting CVar [[r.Streaming.AmortizeCPUToGPUCopy:0]]
[2023.04.22-11.26.12:156][  0]LogConfig: Setting CVar [[r.Streaming.MaxNumTexturesToStreamPerFrame:0]]
[2023.04.22-11.26.12:157][  0]LogConfig: Setting CVar [[r.Streaming.Boost:1]]
[2023.04.22-11.26.12:157][  0]LogConfig: Setting CVar [[r.MaxAnisotropy:8]]
[2023.04.22-11.26.12:157][  0]LogConfig: Setting CVar [[r.VT.MaxAnisotropy:8]]
[2023.04.22-11.26.12:157][  0]LogConfig: Setting CVar [[r.Streaming.LimitPoolSizeToVRAM:0]]
[2023.04.22-11.26.12:157][  0]LogConfig: Setting CVar [[r.Streaming.PoolSize:1000]]
[2023.04.22-11.26.12:157][  0]LogConfig: Setting CVar [[r.Streaming.MaxEffectiveScreenSize:0]]
[2023.04.22-11.26.12:157][  0]LogConfig: Applying CVar settings from Section [EffectsQuality@3] File [C:/Users/the13eauty/Documents/GitHub/TheTroubleMakers/Unreal Engine Project/SpeedLimit_UniAzad/Saved/Config/Windows/Scalability.ini]
[2023.04.22-11.26.12:157][  0]LogConfig: Setting CVar [[r.TranslucencyLightingVolumeDim:64]]
[2023.04.22-11.26.12:157][  0]LogConfig: Setting CVar [[r.RefractionQuality:2]]
[2023.04.22-11.26.12:157][  0]LogConfig: Setting CVar [[r.SSR.Quality:3]]
[2023.04.22-11.26.12:157][  0]LogConfig: Setting CVar [[r.SSR.HalfResSceneColor:0]]
[2023.04.22-11.26.12:157][  0]LogConfig: Setting CVar [[r.SceneColorFormat:4]]
[2023.04.22-11.26.12:157][  0]LogConfig: Setting CVar [[r.DetailMode:2]]
[2023.04.22-11.26.12:157][  0]LogConfig: Setting CVar [[r.TranslucencyVolumeBlur:1]]
[2023.04.22-11.26.12:157][  0]LogConfig: Setting CVar [[r.MaterialQualityLevel:1 ; High quality]]
[2023.04.22-11.26.12:157][  0]LogConfig: Setting CVar [[r.AnisotropicMaterials:1]]
[2023.04.22-11.26.12:157][  0]LogConfig: Setting CVar [[r.SSS.Scale:1]]
[2023.04.22-11.26.12:157][  0]LogConfig: Setting CVar [[r.SSS.SampleSet:2]]
[2023.04.22-11.26.12:157][  0]LogConfig: Setting CVar [[r.SSS.Quality:1]]
[2023.04.22-11.26.12:157][  0]LogConfig: Setting CVar [[r.SSS.HalfRes:0]]
[2023.04.22-11.26.12:157][  0]LogConfig: Setting CVar [[r.SSGI.Quality:3]]
[2023.04.22-11.26.12:157][  0]LogConfig: Setting CVar [[r.EmitterSpawnRateScale:1.0]]
[2023.04.22-11.26.12:157][  0]LogConfig: Setting CVar [[r.ParticleLightQuality:2]]
[2023.04.22-11.26.12:157][  0]LogConfig: Setting CVar [[r.SkyAtmosphere.AerialPerspectiveLUT.FastApplyOnOpaque:1 ; Always have FastSkyLUT 1 in this case to avoid wrong sky]]
[2023.04.22-11.26.12:157][  0]LogConfig: Setting CVar [[r.SkyAtmosphere.AerialPerspectiveLUT.SampleCountMaxPerSlice:4]]
[2023.04.22-11.26.12:157][  0]LogConfig: Setting CVar [[r.SkyAtmosphere.AerialPerspectiveLUT.DepthResolution:16.0]]
[2023.04.22-11.26.12:157][  0]LogConfig: Setting CVar [[r.SkyAtmosphere.FastSkyLUT:1]]
[2023.04.22-11.26.12:157][  0]LogConfig: Setting CVar [[r.SkyAtmosphere.FastSkyLUT.SampleCountMin:4.0]]
[2023.04.22-11.26.12:157][  0]LogConfig: Setting CVar [[r.SkyAtmosphere.FastSkyLUT.SampleCountMax:128.0]]
[2023.04.22-11.26.12:157][  0]LogConfig: Setting CVar [[r.SkyAtmosphere.SampleCountMin:4.0]]
[2023.04.22-11.26.12:157][  0]LogConfig: Setting CVar [[r.SkyAtmosphere.SampleCountMax:128.0]]
[2023.04.22-11.26.12:157][  0]LogConfig: Setting CVar [[r.SkyAtmosphere.TransmittanceLUT.UseSmallFormat:0]]
[2023.04.22-11.26.12:157][  0]LogConfig: Setting CVar [[r.SkyAtmosphere.TransmittanceLUT.SampleCount:10.0]]
[2023.04.22-11.26.12:157][  0]LogConfig: Setting CVar [[r.SkyAtmosphere.MultiScatteringLUT.SampleCount:15.0]]
[2023.04.22-11.26.12:157][  0]LogConfig: Setting CVar [[r.SkyLight.RealTimeReflectionCapture:1]]
[2023.04.22-11.26.12:157][  0]LogConfig: Applying CVar settings from Section [FoliageQuality@3] File [C:/Users/the13eauty/Documents/GitHub/TheTroubleMakers/Unreal Engine Project/SpeedLimit_UniAzad/Saved/Config/Windows/Scalability.ini]
[2023.04.22-11.26.12:157][  0]LogConfig: Setting CVar [[foliage.DensityScale:1.0]]
[2023.04.22-11.26.12:157][  0]LogConfig: Setting CVar [[grass.DensityScale:1.0]]
[2023.04.22-11.26.12:157][  0]LogConfig: Applying CVar settings from Section [ShadingQuality@3] File [C:/Users/the13eauty/Documents/GitHub/TheTroubleMakers/Unreal Engine Project/SpeedLimit_UniAzad/Saved/Config/Windows/Scalability.ini]
[2023.04.22-11.26.12:157][  0]LogConfig: Setting CVar [[r.HairStrands.SkyLighting.IntegrationType:2]]
[2023.04.22-11.26.12:157][  0]LogConfig: Setting CVar [[r.HairStrands.SkyAO.SampleCount:4]]
[2023.04.22-11.26.12:157][  0]LogConfig: Setting CVar [[r.HairStrands.Visibility.MSAA.SamplePerPixel:4]]
[2023.04.22-11.26.12:157][  0]LogInit: Selected Device Profile: [Windows]
[2023.04.22-11.26.12:157][  0]LogInit: Applying CVar settings loaded from the selected device profile: [Windows]
[2023.04.22-11.26.12:157][  0]LogHAL: Display: Platform has ~ 16 GB [17087635456 / 17179869184 / 16], which maps to Larger [LargestMinGB=32, LargerMinGB=12, DefaultMinGB=8, SmallerMinGB=6, SmallestMinGB=0)
[2023.04.22-11.26.12:157][  0]LogInit: Going up to parent DeviceProfile []
[2023.04.22-11.26.12:157][  0]LogConfig: Applying CVar settings from Section [ViewDistanceQuality@3] File [C:/Users/the13eauty/Documents/GitHub/TheTroubleMakers/Unreal Engine Project/SpeedLimit_UniAzad/Saved/Config/Windows/Scalability.ini]
[2023.04.22-11.26.12:157][  0]LogConfig: Setting CVar [[r.SkeletalMeshLODBias:0]]
[2023.04.22-11.26.12:157][  0]LogConfig: Setting CVar [[r.ViewDistanceScale:1.0]]
[2023.04.22-11.26.12:157][  0]LogConfig: Applying CVar settings from Section [AntiAliasingQuality@3] File [C:/Users/the13eauty/Documents/GitHub/TheTroubleMakers/Unreal Engine Project/SpeedLimit_UniAzad/Saved/Config/Windows/Scalability.ini]
[2023.04.22-11.26.12:157][  0]LogConfig: Setting CVar [[r.PostProcessAAQuality:4]]
[2023.04.22-11.26.12:157][  0]LogConfig: Applying CVar settings from Section [ShadowQuality@3] File [C:/Users/the13eauty/Documents/GitHub/TheTroubleMakers/Unreal Engine Project/SpeedLimit_UniAzad/Saved/Config/Windows/Scalability.ini]
[2023.04.22-11.26.12:157][  0]LogConfig: Setting CVar [[r.LightFunctionQuality:1]]
[2023.04.22-11.26.12:157][  0]LogConfig: Setting CVar [[r.ShadowQuality:5]]
[2023.04.22-11.26.12:157][  0]LogConfig: Setting CVar [[r.Shadow.CSM.MaxCascades:10]]
[2023.04.22-11.26.12:157][  0]LogConfig: Setting CVar [[r.Shadow.MaxResolution:2048]]
[2023.04.22-11.26.12:157][  0]LogConfig: Setting CVar [[r.Shadow.MaxCSMResolution:2048]]
[2023.04.22-11.26.12:157][  0]LogConfig: Setting CVar [[r.Shadow.RadiusThreshold:0.01]]
[2023.04.22-11.26.12:157][  0]LogConfig: Setting CVar [[r.Shadow.DistanceScale:1.0]]
[2023.04.22-11.26.12:157][  0]LogConfig: Setting CVar [[r.Shadow.CSM.TransitionScale:1.0]]
[2023.04.22-11.26.12:157][  0]LogConfig: Setting CVar [[r.Shadow.PreShadowResolutionFactor:1.0]]
[2023.04.22-11.26.12:157][  0]LogConfig: Setting CVar [[r.DistanceFieldShadowing:1]]
[2023.04.22-11.26.12:157][  0]LogConfig: Setting CVar [[r.DistanceFieldAO:1]]
[2023.04.22-11.26.12:157][  0]LogConfig: Setting CVar [[r.AOQuality:2]]
[2023.04.22-11.26.12:157][  0]LogConfig: Setting CVar [[r.VolumetricFog:1]]
[2023.04.22-11.26.12:157][  0]LogConfig: Setting CVar [[r.VolumetricFog.GridPixelSize:8]]
[2023.04.22-11.26.12:157][  0]LogConfig: Setting CVar [[r.VolumetricFog.GridSizeZ:128]]
[2023.04.22-11.26.12:157][  0]LogConfig: Setting CVar [[r.VolumetricFog.HistoryMissSupersampleCount:4]]
[2023.04.22-11.26.12:157][  0]LogConfig: Setting CVar [[r.LightMaxDrawDistanceScale:1]]
[2023.04.22-11.26.12:157][  0]LogConfig: Setting CVar [[r.CapsuleShadows:1]]
[2023.04.22-11.26.12:157][  0]LogConfig: Applying CVar settings from Section [PostProcessQuality@3] File [C:/Users/the13eauty/Documents/GitHub/TheTroubleMakers/Unreal Engine Project/SpeedLimit_UniAzad/Saved/Config/Windows/Scalability.ini]
[2023.04.22-11.26.12:157][  0]LogConfig: Setting CVar [[r.MotionBlurQuality:4]]
[2023.04.22-11.26.12:157][  0]LogConfig: Setting CVar [[r.AmbientOcclusionMipLevelFactor:0.4]]
[2023.04.22-11.26.12:157][  0]LogConfig: Setting CVar [[r.AmbientOcclusionMaxQuality:100]]
[2023.04.22-11.26.12:157][  0]LogConfig: Setting CVar [[r.AmbientOcclusionLevels:-1]]
[2023.04.22-11.26.12:157][  0]LogConfig: Setting CVar [[r.AmbientOcclusionRadiusScale:1.0]]
[2023.04.22-11.26.12:157][  0]LogConfig: Setting CVar [[r.DepthOfFieldQuality:2]]
[2023.04.22-11.26.12:157][  0]LogConfig: Setting CVar [[r.RenderTargetPoolMin:400]]
[2023.04.22-11.26.12:157][  0]LogConfig: Setting CVar [[r.LensFlareQuality:2]]
[2023.04.22-11.26.12:157][  0]LogConfig: Setting CVar [[r.SceneColorFringeQuality:1]]
[2023.04.22-11.26.12:157][  0]LogConfig: Setting CVar [[r.EyeAdaptationQuality:2]]
[2023.04.22-11.26.12:157][  0]LogConfig: Setting CVar [[r.BloomQuality:5]]
[2023.04.22-11.26.12:157][  0]LogConfig: Setting CVar [[r.FastBlurThreshold:100]]
[2023.04.22-11.26.12:157][  0]LogConfig: Setting CVar [[r.Upscale.Quality:3]]
[2023.04.22-11.26.12:157][  0]LogConfig: Setting CVar [[r.Tonemapper.GrainQuantization:1]]
[2023.04.22-11.26.12:157][  0]LogConfig: Setting CVar [[r.LightShaftQuality:1]]
[2023.04.22-11.26.12:157][  0]LogConfig: Setting CVar [[r.Filter.SizeScale:1]]
[2023.04.22-11.26.12:157][  0]LogConfig: Setting CVar [[r.Tonemapper.Quality:5]]
[2023.04.22-11.26.12:157][  0]LogConfig: Setting CVar [[r.DOF.Gather.AccumulatorQuality:1        ; higher gathering accumulator quality]]
[2023.04.22-11.26.12:157][  0]LogConfig: Setting CVar [[r.DOF.Gather.PostfilterMethod:1          ; Median3x3 postfilering method]]
[2023.04.22-11.26.12:157][  0]LogConfig: Setting CVar [[r.DOF.Gather.EnableBokehSettings:0       ; no bokeh simulation when gathering]]
[2023.04.22-11.26.12:157][  0]LogConfig: Setting CVar [[r.DOF.Gather.RingCount:4                 ; medium number of samples when gathering]]
[2023.04.22-11.26.12:157][  0]LogConfig: Setting CVar [[r.DOF.Scatter.ForegroundCompositing:1    ; additive foreground scattering]]
[2023.04.22-11.26.12:157][  0]LogConfig: Setting CVar [[r.DOF.Scatter.BackgroundCompositing:2    ; additive background scattering]]
[2023.04.22-11.26.12:157][  0]LogConfig: Setting CVar [[r.DOF.Scatter.EnableBokehSettings:1      ; bokeh simulation when scattering]]
[2023.04.22-11.26.12:157][  0]LogConfig: Setting CVar [[r.DOF.Scatter.MaxSpriteRatio:0.1         ; only a maximum of 10% of scattered bokeh]]
[2023.04.22-11.26.12:157][  0]LogConfig: Setting CVar [[r.DOF.Recombine.Quality:1                ; cheap slight out of focus]]
[2023.04.22-11.26.12:157][  0]LogConfig: Setting CVar [[r.DOF.Recombine.EnableBokehSettings:0    ; no bokeh simulation on slight out of focus]]
[2023.04.22-11.26.12:157][  0]LogConfig: Setting CVar [[r.DOF.TemporalAAQuality:1                ; more stable temporal accumulation]]
[2023.04.22-11.26.12:157][  0]LogConfig: Setting CVar [[r.DOF.Kernel.MaxForegroundRadius:0.025]]
[2023.04.22-11.26.12:157][  0]LogConfig: Setting CVar [[r.DOF.Kernel.MaxBackgroundRadius:0.025]]
[2023.04.22-11.26.12:158][  0]LogConfig: Applying CVar settings from Section [TextureQuality@3] File [C:/Users/the13eauty/Documents/GitHub/TheTroubleMakers/Unreal Engine Project/SpeedLimit_UniAzad/Saved/Config/Windows/Scalability.ini]
[2023.04.22-11.26.12:158][  0]LogConfig: Setting CVar [[r.Streaming.MipBias:0]]
[2023.04.22-11.26.12:158][  0]LogConfig: Setting CVar [[r.Streaming.AmortizeCPUToGPUCopy:0]]
[2023.04.22-11.26.12:158][  0]LogConfig: Setting CVar [[r.Streaming.MaxNumTexturesToStreamPerFrame:0]]
[2023.04.22-11.26.12:158][  0]LogConfig: Setting CVar [[r.Streaming.Boost:1]]
[2023.04.22-11.26.12:158][  0]LogConfig: Setting CVar [[r.MaxAnisotropy:8]]
[2023.04.22-11.26.12:158][  0]LogConfig: Setting CVar [[r.VT.MaxAnisotropy:8]]
[2023.04.22-11.26.12:158][  0]LogConfig: Setting CVar [[r.Streaming.LimitPoolSizeToVRAM:0]]
[2023.04.22-11.26.12:158][  0]LogConfig: Setting CVar [[r.Streaming.PoolSize:1000]]
[2023.04.22-11.26.12:158][  0]LogConfig: Setting CVar [[r.Streaming.MaxEffectiveScreenSize:0]]
[2023.04.22-11.26.12:158][  0]LogConfig: Applying CVar settings from Section [EffectsQuality@3] File [C:/Users/the13eauty/Documents/GitHub/TheTroubleMakers/Unreal Engine Project/SpeedLimit_UniAzad/Saved/Config/Windows/Scalability.ini]
[2023.04.22-11.26.12:158][  0]LogConfig: Setting CVar [[r.TranslucencyLightingVolumeDim:64]]
[2023.04.22-11.26.12:158][  0]LogConfig: Setting CVar [[r.RefractionQuality:2]]
[2023.04.22-11.26.12:158][  0]LogConfig: Setting CVar [[r.SSR.Quality:3]]
[2023.04.22-11.26.12:158][  0]LogConfig: Setting CVar [[r.SSR.HalfResSceneColor:0]]
[2023.04.22-11.26.12:158][  0]LogConfig: Setting CVar [[r.SceneColorFormat:4]]
[2023.04.22-11.26.12:158][  0]LogConfig: Setting CVar [[r.DetailMode:2]]
[2023.04.22-11.26.12:158][  0]LogConfig: Setting CVar [[r.TranslucencyVolumeBlur:1]]
[2023.04.22-11.26.12:158][  0]LogConfig: Setting CVar [[r.MaterialQualityLevel:1 ; High quality]]
[2023.04.22-11.26.12:158][  0]LogConfig: Setting CVar [[r.AnisotropicMaterials:1]]
[2023.04.22-11.26.12:158][  0]LogConfig: Setting CVar [[r.SSS.Scale:1]]
[2023.04.22-11.26.12:158][  0]LogConfig: Setting CVar [[r.SSS.SampleSet:2]]
[2023.04.22-11.26.12:158][  0]LogConfig: Setting CVar [[r.SSS.Quality:1]]
[2023.04.22-11.26.12:158][  0]LogConfig: Setting CVar [[r.SSS.HalfRes:0]]
[2023.04.22-11.26.12:158][  0]LogConfig: Setting CVar [[r.SSGI.Quality:3]]
[2023.04.22-11.26.12:158][  0]LogConfig: Setting CVar [[r.EmitterSpawnRateScale:1.0]]
[2023.04.22-11.26.12:158][  0]LogConfig: Setting CVar [[r.ParticleLightQuality:2]]
[2023.04.22-11.26.12:158][  0]LogConfig: Setting CVar [[r.SkyAtmosphere.AerialPerspectiveLUT.FastApplyOnOpaque:1 ; Always have FastSkyLUT 1 in this case to avoid wrong sky]]
[2023.04.22-11.26.12:158][  0]LogConfig: Setting CVar [[r.SkyAtmosphere.AerialPerspectiveLUT.SampleCountMaxPerSlice:4]]
[2023.04.22-11.26.12:158][  0]LogConfig: Setting CVar [[r.SkyAtmosphere.AerialPerspectiveLUT.DepthResolution:16.0]]
[2023.04.22-11.26.12:158][  0]LogConfig: Setting CVar [[r.SkyAtmosphere.FastSkyLUT:1]]
[2023.04.22-11.26.12:158][  0]LogConfig: Setting CVar [[r.SkyAtmosphere.FastSkyLUT.SampleCountMin:4.0]]
[2023.04.22-11.26.12:158][  0]LogConfig: Setting CVar [[r.SkyAtmosphere.FastSkyLUT.SampleCountMax:128.0]]
[2023.04.22-11.26.12:158][  0]LogConfig: Setting CVar [[r.SkyAtmosphere.SampleCountMin:4.0]]
[2023.04.22-11.26.12:158][  0]LogConfig: Setting CVar [[r.SkyAtmosphere.SampleCountMax:128.0]]
[2023.04.22-11.26.12:158][  0]LogConfig: Setting CVar [[r.SkyAtmosphere.TransmittanceLUT.UseSmallFormat:0]]
[2023.04.22-11.26.12:158][  0]LogConfig: Setting CVar [[r.SkyAtmosphere.TransmittanceLUT.SampleCount:10.0]]
[2023.04.22-11.26.12:158][  0]LogConfig: Setting CVar [[r.SkyAtmosphere.MultiScatteringLUT.SampleCount:15.0]]
[2023.04.22-11.26.12:158][  0]LogConfig: Setting CVar [[r.SkyLight.RealTimeReflectionCapture:1]]
[2023.04.22-11.26.12:158][  0]LogConfig: Applying CVar settings from Section [FoliageQuality@3] File [C:/Users/the13eauty/Documents/GitHub/TheTroubleMakers/Unreal Engine Project/SpeedLimit_UniAzad/Saved/Config/Windows/Scalability.ini]
[2023.04.22-11.26.12:158][  0]LogConfig: Setting CVar [[foliage.DensityScale:1.0]]
[2023.04.22-11.26.12:158][  0]LogConfig: Setting CVar [[grass.DensityScale:1.0]]
[2023.04.22-11.26.12:158][  0]LogConfig: Applying CVar settings from Section [ShadingQuality@3] File [C:/Users/the13eauty/Documents/GitHub/TheTroubleMakers/Unreal Engine Project/SpeedLimit_UniAzad/Saved/Config/Windows/Scalability.ini]
[2023.04.22-11.26.12:158][  0]LogConfig: Setting CVar [[r.HairStrands.SkyLighting.IntegrationType:2]]
[2023.04.22-11.26.12:158][  0]LogConfig: Setting CVar [[r.HairStrands.SkyAO.SampleCount:4]]
[2023.04.22-11.26.12:158][  0]LogConfig: Setting CVar [[r.HairStrands.Visibility.MSAA.SamplePerPixel:4]]
[2023.04.22-11.26.12:158][  0]LogConfig: Applying CVar settings from Section [Startup] File [../../../Engine/Config/ConsoleVariables.ini]
[2023.04.22-11.26.12:158][  0]LogConfig: Setting CVar [[net.UseAdaptiveNetUpdateFrequency:0]]
[2023.04.22-11.26.12:158][  0]LogConfig: Setting CVar [[p.chaos.AllowCreatePhysxBodies:1]]
[2023.04.22-11.26.12:158][  0]LogConfig: Setting CVar [[fx.SkipVectorVMBackendOptimizations:1]]
[2023.04.22-11.26.12:158][  0]LogConfig: Applying CVar settings from Section [ConsoleVariables] File [C:/Users/the13eauty/Documents/GitHub/TheTroubleMakers/Unreal Engine Project/SpeedLimit_UniAzad/Saved/Config/Windows/Engine.ini]
[2023.04.22-11.26.12:158][  0]LogConfig: Applying CVar settings from Section [ConsoleVariables] File [C:/Users/the13eauty/Documents/GitHub/TheTroubleMakers/Unreal Engine Project/SpeedLimit_UniAzad/Saved/Config/Windows/Editor.ini]
[2023.04.22-11.26.12:158][  0]LogInit: Computer: 13EAUTY
[2023.04.22-11.26.12:158][  0]LogInit: User: the13eauty
[2023.04.22-11.26.12:158][  0]LogInit: CPU Page size=4096, Cores=8
[2023.04.22-11.26.12:158][  0]LogInit: High frequency timer resolution =10.000000 MHz
[2023.04.22-11.26.12:158][  0]LogMemory: Memory total: Physical=15.9GB (16GB approx)
[2023.04.22-11.26.12:158][  0]LogMemory: Platform Memory Stats for Windows
[2023.04.22-11.26.12:158][  0]LogMemory: Process Physical Memory: 150.26 MB used, 150.26 MB peak
[2023.04.22-11.26.12:158][  0]LogMemory: Process Virtual Memory: 133.28 MB used, 133.28 MB peak
[2023.04.22-11.26.12:158][  0]LogMemory: Physical Memory: 7535.70 MB used,  8760.34 MB free, 16296.04 MB total
[2023.04.22-11.26.12:158][  0]LogMemory: Virtual Memory: 134201008.00 MB used,  16720.16 MB free, 134217728.00 MB total
[2023.04.22-11.26.12:162][  0]LogWindows: WindowsPlatformFeatures enabled
[2023.04.22-11.26.12:180][  0]LogInit: Physics initialised using underlying interface: PhysX
[2023.04.22-11.26.12:180][  0]LogInit: Using OS detected language (en-US).
[2023.04.22-11.26.12:180][  0]LogInit: Using OS detected locale (en-US).
[2023.04.22-11.26.12:181][  0]LogTextLocalizationManager: No specific localization for 'en-US' exists, so the 'en' localization will be used.
[2023.04.22-11.26.12:326][  0]LogInit: Setting process to per monitor DPI aware
[2023.04.22-11.26.12:342][  0]LogWindowsTextInputMethodSystem: Display: IME system deactivated.
[2023.04.22-11.26.12:356][  0]LogSlate: New Slate User Created.  User Index 0, Is Virtual User: 0
[2023.04.22-11.26.12:356][  0]LogSlate: Slate User Registered.  User Index 0, Is Virtual User: 0
[2023.04.22-11.26.12:463][  0]LogD3D11RHI: Loaded GFSDK_Aftermath_Lib.x64.dll
[2023.04.22-11.26.12:466][  0]LogHMD: Failed to initialize OpenVR with code 110
[2023.04.22-11.26.12:466][  0]LogD3D11RHI: D3D11 min allowed feature level: 11_0
[2023.04.22-11.26.12:466][  0]LogD3D11RHI: D3D11 max allowed feature level: 11_0
[2023.04.22-11.26.12:466][  0]LogD3D11RHI: D3D11 adapters:
[2023.04.22-11.26.12:533][  0]LogD3D11RHI:    0. 'AMD Radeon RX 6900 XT' (Feature Level 11_0)
[2023.04.22-11.26.12:533][  0]LogD3D11RHI:       16337/0/8148 MB DedicatedVideo/DedicatedSystem/SharedSystem, Outputs:1, VendorId:0x1002
[2023.04.22-11.26.12:535][  0]LogD3D11RHI:    1. 'Microsoft Basic Render Driver' (Feature Level 11_0)
[2023.04.22-11.26.12:535][  0]LogD3D11RHI:       0/0/8148 MB DedicatedVideo/DedicatedSystem/SharedSystem, Outputs:0, VendorId:0x1414
[2023.04.22-11.26.12:535][  0]LogD3D11RHI: Chosen D3D11 Adapter: 0
[2023.04.22-11.26.12:541][  0]LogD3D11RHI: Creating new Direct3DDevice
[2023.04.22-11.26.12:541][  0]LogD3D11RHI:     GPU DeviceId: 0x73bf (for the marketing name, search the web for "GPU Device Id")
[2023.04.22-11.26.12:541][  0]LogWindows: EnumDisplayDevices:
[2023.04.22-11.26.12:541][  0]LogWindows:    0. 'AMD Radeon RX 6900 XT' (P:1 D:1)
[2023.04.22-11.26.12:542][  0]LogWindows:    1. 'AMD Radeon RX 6900 XT' (P:0 D:0)
[2023.04.22-11.26.12:542][  0]LogWindows:    2. 'AMD Radeon RX 6900 XT' (P:0 D:0)
[2023.04.22-11.26.12:542][  0]LogWindows:    3. 'AMD Radeon RX 6900 XT' (P:0 D:0)
[2023.04.22-11.26.12:542][  0]LogWindows:    4. 'AMD Radeon RX 6900 XT' (P:0 D:0)
[2023.04.22-11.26.12:542][  0]LogWindows:    5. 'AMD Radeon RX 6900 XT' (P:0 D:0)
[2023.04.22-11.26.12:543][  0]LogWindows:    6. 'AMD Radeon RX 6900 XT' (P:0 D:0)
[2023.04.22-11.26.12:543][  0]LogWindows: DebugString: FoundDriverCount:7 
[2023.04.22-11.26.12:543][  0]LogD3D11RHI:     Adapter Name: AMD Radeon RX 6900 XT
[2023.04.22-11.26.12:543][  0]LogD3D11RHI:   Driver Version: AMD Software: Adrenalin Edition 23.4.2 (internal:31.0.14051.1000, unified:31.0.14051.1000)
[2023.04.22-11.26.12:543][  0]LogD3D11RHI:      Driver Date: 4-12-2023
[2023.04.22-11.26.12:543][  0]LogRHI: Texture pool is 10898 MB (70% of 15569 MB)
[2023.04.22-11.26.12:614][  0]LogD3D11RHI: Created device via AGS, feature level 11_0, supported extensions 1fffffbf.
[2023.04.22-11.26.12:614][  0]LogD3D11RHI: RHI has support for 64 bit atomics
[2023.04.22-11.26.12:614][  0]LogD3D11RHI: Async texture creation enabled
[2023.04.22-11.26.12:614][  0]LogD3D11RHI: Array index from any shader is supported
[2023.04.22-11.26.12:614][  0]LogD3D11RHI: HDR output is supported on display 0 (AMD Device: 0x0, Display: 0x0).
[2023.04.22-11.26.12:629][  0]LogD3D11RHI: GPU Timing Frequency: 100.000000 (Debug: 2 1)
[2023.04.22-11.26.12:849][  0]LogTargetPlatformManager: Display: Loaded TargetPlatform 'AllDesktop'
[2023.04.22-11.26.12:866][  0]LogTargetPlatformManager: Display: Loaded TargetPlatform 'Android'
[2023.04.22-11.26.12:866][  0]LogTargetPlatformManager: Display: Loaded TargetPlatform 'Android_ASTC'
[2023.04.22-11.26.12:866][  0]LogTargetPlatformManager: Display: Loaded TargetPlatform 'Android_DXT'
[2023.04.22-11.26.12:866][  0]LogTargetPlatformManager: Display: Loaded TargetPlatform 'Android_ETC2'
[2023.04.22-11.26.12:866][  0]LogTargetPlatformManager: Display: Loaded TargetPlatform 'AndroidClient'
[2023.04.22-11.26.12:866][  0]LogTargetPlatformManager: Display: Loaded TargetPlatform 'Android_ASTCClient'
[2023.04.22-11.26.12:866][  0]LogTargetPlatformManager: Display: Loaded TargetPlatform 'Android_DXTClient'
[2023.04.22-11.26.12:866][  0]LogTargetPlatformManager: Display: Loaded TargetPlatform 'Android_ETC2Client'
[2023.04.22-11.26.12:866][  0]LogTargetPlatformManager: Display: Loaded TargetPlatform 'Android_Multi'
[2023.04.22-11.26.12:866][  0]LogTargetPlatformManager: Display: Loaded TargetPlatform 'Android_MultiClient'
[2023.04.22-11.26.12:881][  0]LogTargetPlatformManager: Display: Loaded TargetPlatform 'IOSClient'
[2023.04.22-11.26.12:881][  0]LogTargetPlatformManager: Display: Loaded TargetPlatform 'IOS'
[2023.04.22-11.26.12:888][  0]LogTargetPlatformManager: Display: Loaded TargetPlatform 'Linux'
[2023.04.22-11.26.12:892][  0]LogTargetPlatformManager: Display: Loaded TargetPlatform 'LinuxNoEditor'
[2023.04.22-11.26.12:896][  0]LogTargetPlatformManager: Display: Loaded TargetPlatform 'LinuxClient'
[2023.04.22-11.26.12:900][  0]LogTargetPlatformManager: Display: Loaded TargetPlatform 'LinuxServer'
[2023.04.22-11.26.12:907][  0]LogTargetPlatformManager: Display: Loaded TargetPlatform 'LinuxAArch64NoEditor'
[2023.04.22-11.26.12:910][  0]LogTargetPlatformManager: Display: Loaded TargetPlatform 'LinuxAArch64Client'
[2023.04.22-11.26.12:913][  0]LogTargetPlatformManager: Display: Loaded TargetPlatform 'LinuxAArch64Server'
[2023.04.22-11.26.12:932][  0]LogTargetPlatformManager: Display: Loaded TargetPlatform 'Lumin'
[2023.04.22-11.26.12:932][  0]LogTargetPlatformManager: Display: Loaded TargetPlatform 'LuminClient'
[2023.04.22-11.26.12:939][  0]LogTargetPlatformManager: Display: Loaded TargetPlatform 'MacNoEditor'
[2023.04.22-11.26.12:942][  0]LogTargetPlatformManager: Display: Loaded TargetPlatform 'Mac'
[2023.04.22-11.26.12:946][  0]LogTargetPlatformManager: Display: Loaded TargetPlatform 'MacClient'
[2023.04.22-11.26.12:949][  0]LogTargetPlatformManager: Display: Loaded TargetPlatform 'MacServer'
[2023.04.22-11.26.12:957][  0]LogTargetPlatformManager: Display: Loaded TargetPlatform 'TVOSClient'
[2023.04.22-11.26.12:957][  0]LogTargetPlatformManager: Display: Loaded TargetPlatform 'TVOS'
[2023.04.22-11.26.12:964][  0]LogTargetPlatformManager: Display: Loaded TargetPlatform 'WindowsNoEditor'
[2023.04.22-11.26.12:968][  0]LogTargetPlatformManager: Display: Loaded TargetPlatform 'Windows'
[2023.04.22-11.26.12:971][  0]LogTargetPlatformManager: Display: Loaded TargetPlatform 'WindowsClient'
[2023.04.22-11.26.12:974][  0]LogTargetPlatformManager: Display: Loaded TargetPlatform 'WindowsServer'
[2023.04.22-11.26.12:974][  0]LogTargetPlatformManager: Display: Building Assets For Windows
[2023.04.22-11.26.12:980][  0]LogAudioDebug: Display: Lib vorbis DLL was dynamically loaded.
[2023.04.22-11.26.13:004][  0]LogTextureFormatOodle: Display: Oodle Texture 2.9.0 init RDO Off
[2023.04.22-11.26.13:031][  0]LogRendererCore: Ray tracing is disabled. Reason: r.RayTracing=0.
[2023.04.22-11.26.13:031][  0]LogShaderCompilers: Guid format shader working directory is -53 characters bigger than the processId version (../../../../Users/the13eauty/Documents/GitHub/TheTroubleMakers/Unreal Engine Project/SpeedLimit_UniAzad/Intermediate/Shaders/WorkingDirectory/11860/).
[2023.04.22-11.26.13:031][  0]LogShaderCompilers: Cleaned the shader compiler working directory 'C:/Users/the13eauty/AppData/Local/Temp/UnrealShaderWorkingDir/7CAB464341882B4A73D052AE2022004D/'.
[2023.04.22-11.26.13:031][  0]LogXGEController: Cannot use XGE Controller as Incredibuild is not installed on this machine.
[2023.04.22-11.26.13:031][  0]LogShaderCompilers: Cannot use XGE Shader Compiler as Incredibuild is not installed on this machine.
[2023.04.22-11.26.13:031][  0]LogShaderCompilers: Display: Using Local Shader Compiler.
[2023.04.22-11.26.13:627][  0]LogDerivedDataCache: Display: Max Cache Size: 512 MB
[2023.04.22-11.26.13:665][  0]LogDerivedDataCache: Loaded boot cache 0.04s 95MB C:/Users/the13eauty/AppData/Local/UnrealEngine/4.27/DerivedDataCache/Boot.ddc.
[2023.04.22-11.26.13:665][  0]LogDerivedDataCache: Display: Loaded Boot cache: C:/Users/the13eauty/AppData/Local/UnrealEngine/4.27/DerivedDataCache/Boot.ddc
[2023.04.22-11.26.13:665][  0]LogDerivedDataCache: FDerivedDataBackendGraph:  Pak pak cache file ../../../../Users/the13eauty/Documents/GitHub/TheTroubleMakers/Unreal Engine Project/SpeedLimit_UniAzad/DerivedDataCache/DDC.ddp not found, will not use a pak cache.
[2023.04.22-11.26.13:666][  0]LogDerivedDataCache: Unable to find inner node Pak for hierarchical cache Hierarchy.
[2023.04.22-11.26.13:666][  0]LogDerivedDataCache: FDerivedDataBackendGraph:  CompressedPak pak cache file ../../../../Users/the13eauty/Documents/GitHub/TheTroubleMakers/Unreal Engine Project/SpeedLimit_UniAzad/DerivedDataCache/Compressed.ddp not found, will not use a pak cache.
[2023.04.22-11.26.13:666][  0]LogDerivedDataCache: Unable to find inner node CompressedPak for hierarchical cache Hierarchy.
[2023.04.22-11.26.13:681][  0]LogDerivedDataCache: Display: Pak cache opened for reading ../../../Engine/DerivedDataCache/Compressed.ddp.
[2023.04.22-11.26.13:681][  0]LogDerivedDataCache: FDerivedDataBackendGraph:  EnterprisePak pak cache file ../../../Enterprise/DerivedDataCache/Compressed.ddp not found, will not use a pak cache.
[2023.04.22-11.26.13:681][  0]LogDerivedDataCache: Unable to find inner node EnterprisePak for hierarchical cache Hierarchy.
[2023.04.22-11.26.13:685][  0]LogDerivedDataCache: Speed tests for C:/Users/the13eauty/AppData/Local/UnrealEngine/Common/DerivedDataCache took 0.00 seconds
[2023.04.22-11.26.13:685][  0]LogDerivedDataCache: Display: Performance to C:/Users/the13eauty/AppData/Local/UnrealEngine/Common/DerivedDataCache: Latency=0.02ms. RandomReadSpeed=1250.08MBs, RandomWriteSpeed=242.40MBs. Assigned SpeedClass 'Local'
[2023.04.22-11.26.13:686][  0]LogDerivedDataCache: Using Local data cache path C:/Users/the13eauty/AppData/Local/UnrealEngine/Common/DerivedDataCache: Writable
[2023.04.22-11.26.13:686][  0]LogDerivedDataCache: Shared data cache path not found in *engine.ini, will not use an Shared cache.
[2023.04.22-11.26.13:686][  0]LogDerivedDataCache: Unable to find inner node Shared for hierarchical cache Hierarchy.
[2023.04.22-11.26.13:728][  0]LogSlate: Using FreeType 2.10.0
[2023.04.22-11.26.13:728][  0]LogSlate: SlateFontServices - WITH_FREETYPE: 1, WITH_HARFBUZZ: 1
[2023.04.22-11.26.13:749][  0]LogAssetRegistry: FAssetRegistry took 0.0022 seconds to start up
[2023.04.22-11.26.13:940][  0]LogInit: Selected Device Profile: [Windows]
[2023.04.22-11.26.13:941][  0]LogInit: Active device profile: [000001E7C9173B00][000001E7C8C43140 49] Windows
[2023.04.22-11.26.13:941][  0]LogInit: Profiles: [000001E7C9173B00][000001E7C8C43140 49] Windows, [000001E7C9140600][000001E7C8E8F400 49] WindowsNoEditor, [000001E7C9170500][000001E7C8E976C0 49] WindowsServer, [000001E7C9143C00][000001E7C8E9B980 49] WindowsClient, [000001E7C9173E00][000001E7B25720C0 49] IOS, [000001E7C9140800][000001E7B2576380 49] iPadAir, [000001E7C9170700][000001E7BE674640 49] iPadAir2, [000001E7C90F4B00][000001E7BE5E0B80 49] IPadPro, [000001E7C90F4C00][000001E7BE678BC0 49] iPadAir3, [000001E7C9173700][000001E7BE680E80 49] iPadAir4, [000001E7C90F4900][000001E7C8E87100 49] iPadMini2, [000001E7C9170300][000001E7BE67D380 49] iPadMini3, [000001E7C90F5500][000001E7CA29D640 49] iPadMini4, [000001E7C9173500][000001E7CA2A1900 49] iPadMini5, [000001E7C9143100][000001E7BE4C62C0 49] iPhone6, [000001E7C9143000][000001E7CA2A4300 49] iPodTouch6, [000001E7C90F7B00][000001E7BE4CA840 49] iPhone7, [000001E7C90F7A00][000001E7CA2AC880 49] iPodTouch7, [000001E7C9140200][000001E7BE4C2B40 49] iPhone5S, [000001E7C90F4400][000001E7CA2A8E00 49] iPhone6Plus, [000001E7C9140E00][000001E7C2C410C0 49] iPhone6S, [000001E7C90F6F00][000001E7BE685340 49] iPhone6SPlus, [000001E7C9140300][000001E7BE4D35C0 49] iPhone7Plus, [000001E7C90F5300][000001E7BE4DF880 49] iPhoneSE, [000001E7C9142500][000001E7BE5E5B40 49] iPhone8, [000001E7C90F6B00][000001E7BE5E8280 49] iPhone8Plus, [000001E7C9140D00][000001E7BE5EC540 49] iPhoneX, [000001E7C90F5600][000001E7BE5F0800 49] iPhoneXS, [000001E7C9142100][000001E7BE5F4AC0 49] iPhoneXSMax, [000001E7C90F6700][000001E7BE5F8D80 49] iPhoneXR, [000001E7C9141000][000001E7BE5FD040 49] iPhone11, [000001E7C90F5700][000001E7BE601300 49] iPhone11Pro, [000001E7C9141E00][000001E7BE4DB580 49] iPhone11ProMax, [000001E7C90F6400][000001E7BE609840 49] iPhoneSE2, [000001E7C9141400][000001E7BE5B7B00 49] iPhone12Mini, [000001E7C90F5800][000001E7BE5BA240 49] iPhone12, [000001E7C9143F00][000001E7C66E0500 49] iPhone12Pro, [000001E7C90F7200][000001E7C66E47C0 49] iPhone12ProMax, [000001E7C9142F00][000001E7C66E8A80 49] iPadPro105, [000001E7C90F5D00][000001E7C6728D40 49] iPadPro129, [000001E7C9143800][000001E7C672D000 49] iPadPro97, [000001E7C90F6300][000001E7C67312C0 49] iPadPro2_129, [000001E7C9141700][000001E7BE605540 49] iPad5, [000001E7C90F6900][000001E7C67397C0 49] iPad6, [000001E7C9143300][000001E7C8E3DA80 49] iPad7, [000001E7C90F4D00][000001E7C8E441C0 49] iPad8, [000001E7C9141A00][000001E7C8E48480 49] iPadPro11, [000001E7C90F5B00][000001E7C8E4C740 49] iPadPro2_11, [000001E7C9141600][000001E7C8E50A00 49] iPadPro3_129, [000001E7C90F5A00][000001E7BE454CC0 49] iPadPro4_129, [000001E7C9142400][000001E7C8E40F80 49] AppleTV, [000001E7C90F7100][000001E7C6735240 49] AppleTV4K, [000001E7C9140500][000001E7CA277500 49] TVOS, [000001E7C90F5000][000001E7C673D780 49] Mac, [000001E7C9142E00][000001E7CA27BA00 49] MacClient, [000001E7C90F7500][000001E7CA282140 49] MacNoEditor, [000001E7C9142C00][000001E7CA286400 49] MacServer, [000001E7C90F7900][000001E7CA28A6C0 49] Linux, [000001E7C9141200][000001E7BE4CE980 49] LinuxAArch64, [000001E7C90F4500][000001E7C8E8AC40 49] LinuxNoEditor, [000001E7C9142B00][000001E7C8E92F00 49] LinuxAArch64NoEditor, [000001E7C90F4A00][000001E7CA28F1C0 49] LinuxClient, [000001E7C9141800][000001E7CA293480 49] LinuxAArch64Client, [000001E7C90F5100][000001E7CA297740 49] LinuxServer, [000001E7C9141500][000001E7CA27F9C0 49] LinuxAArch64Server, [000001E7C90F6000][000001E7C9F480C0 49] Android, [000001E7C7FB0300][000001E7C9F50380 49] Android_Low, [000001E7C9172900][000001E7C9F54640 49] Android_Mid, [000001E7C7FB1200][000001E7C9F58900 49] Android_High, [000001E7C9173100][000001E7C9F5CBC0 49] Android_Default, [000001E7C7FB1E00][000001E7C9F60E80 49] Android_Adreno4xx, [000001E7C9172D00][000001E7C9F65140 49] Android_Adreno5xx_Low, [000001E7C7FB1900][000001E7C9F69400 49] Android_Adreno5xx, [000001E7C9171200][000001E7C9F6D6C0 49] Android_Adreno6xx, [000001E7C7FB0B00][000001E7C9F71980 49] Android_Adreno6xx_Vulkan, [000001E7C9172400][000001E7C9F4DC00 49] Android_Mali_T6xx, [000001E7C7FB2000][000001E7C9F74300 49] Android_Mali_T7xx, [000001E7C9170F00][000001E7C9F7C5C0 49] Android_Mali_T8xx, [000001E7C7FB0400][000001E7BE464880 49] Android_Mali_G71, [000001E7C9171800][000001E7BE468B40 49] Android_Mali_G72, [000001E7C7FB2600][000001E7BE46CE00 49] Android_Mali_G72_Vulkan, [000001E7C9170D00][000001E7BE4710C0 49] Android_Mali_G76, [000001E7C7FB1C00][000001E7BE475380 49] Android_Mali_G76_Vulkan, [000001E7C9170B00][000001E7BE479640 49] Android_Mali_G77, [000001E7C7FB0A00][000001E7BE47D900 49] Android_Mali_G77_Vulkan, [000001E7C9173F00][000001E7BE481BC0 49] Android_Mali_G78, [000001E7C90F7D00][000001E7C9F782C0 49] Android_Mali_G78_Vulkan, [000001E7C9143B00][000001E7BE484540 49] Android_Mali_G710, [000001E7C90F4800][000001E7BE48C800 49] Android_Mali_G710_Vulkan, [000001E7C9142900][000001E7BE490AC0 49] Android_Vulkan_SM5, [000001E7C90F7C00][000001E7BE494D80 49] Android_PowerVR_G6xxx, [000001E7C7FB2700][000001E7BE499040 49] Android_PowerVR_GT7xxx, [000001E7C90F5C00][000001E7BE49D300 49] Android_PowerVR_GE8xxx, [000001E7C7FB2100][000001E7BE4A15C0 49] Android_PowerVR_GM9xxx, [000001E7C90F6C00][000001E7BE4A5880 49] Android_PowerVR_GM9xxx_Vulkan, [000001E7C7FB1500][000001E7BE4A9B40 49] Android_TegraK1, [000001E7C90F4F00][000001E7BE4AC280 49] Android_Unknown_Vulkan, [000001E7C7FB1600][000001E7BE488500 49] Lumin, [000001E7C90F7300][000001E7BE4B0780 49] Lumin_Desktop, [000001E7C7FB1800][000001E7BE4B8A40 49] HoloLens, 
[2023.04.22-11.26.14:037][  0]LogMeshReduction: Using QuadricMeshReduction for automatic static mesh reduction
[2023.04.22-11.26.14:037][  0]LogMeshReduction: Using SimplygonMeshReduction for automatic skeletal mesh reduction
[2023.04.22-11.26.14:037][  0]LogMeshReduction: Using ProxyLODMeshReduction for automatic mesh merging
[2023.04.22-11.26.14:037][  0]LogMeshReduction: No distributed automatic mesh merging module available
[2023.04.22-11.26.14:037][  0]LogMeshMerging: No distributed automatic mesh merging module available
[2023.04.22-11.26.14:048][  0]LogNetVersion: SpeedLimit_UniAzad 1.0.0, NetCL: 17155196, EngineNetVer: 17, GameNetVer: 0 (Checksum: 2338214234)
[2023.04.22-11.26.14:345][  0]LogTexture: Default maximum texture size for cubemaps generated from long-lat sources has been changed from 512 to unlimited. In order to preserve old behaiour for '/Engine/MapTemplates/Sky/DaylightAmbientCubemap.DaylightAmbientCubemap', its maximum texture size has been explicitly set to 512.
[2023.04.22-11.26.14:413][  0]LogHMD: PokeAHoleMaterial loaded successfully
[2023.04.22-11.26.14:418][  0]LogUObjectArray: 17178 objects as part of root set at end of initial load.
[2023.04.22-11.26.14:418][  0]LogUObjectAllocator: 4301856 out of 0 bytes used by permanent object pool.
[2023.04.22-11.26.14:418][  0]LogUObjectArray: CloseDisregardForGC: 0/0 objects in disregard for GC pool
[2023.04.22-11.26.14:610][  0]LogNiagaraDebuggerClient: Niagara Debugger Client Initialized | Session: 0B5123C4430E52F582A542BAF3FA225E | Instance: 0610B15B484F6F9A54F03EB14DF0007A (13EAUTY-11860).
[2023.04.22-11.26.14:657][  0]LogStreaming: Warning: Failed to read file '../../../Engine/Content/Editor/Slate/Niagara/MenuSeparator.png' error.
[2023.04.22-11.26.14:657][  0]LogSlate: Could not find file for Slate resource: ../../../Engine/Content/Editor/Slate/Niagara/MenuSeparator.png
[2023.04.22-11.26.14:657][  0]LogStreaming: Warning: Failed to read file '../../../Engine/Content/Editor/Slate/Niagara/Common/Selection.png' error.
[2023.04.22-11.26.14:657][  0]LogSlate: Could not find file for Slate resource: ../../../Engine/Content/Editor/Slate/Niagara/Common/Selection.png
[2023.04.22-11.26.14:657][  0]LogStreaming: Warning: Failed to read file '../../../Engine/Content/Editor/Slate/Niagara/Common/Selector.png' error.
[2023.04.22-11.26.14:657][  0]LogSlate: Could not find file for Slate resource: ../../../Engine/Content/Editor/Slate/Niagara/Common/Selector.png
[2023.04.22-11.26.14:657][  0]LogStreaming: Warning: Failed to read file '../../../Engine/Content/Editor/Slate/Niagara/Common/DropZoneIndicator_Above.png' error.
[2023.04.22-11.26.14:657][  0]LogStreaming: Warning: Failed to read file '../../../Engine/Content/Editor/Slate/Niagara/Common/DropZoneIndicator_Onto.png' error.
[2023.04.22-11.26.14:657][  0]LogSlate: Could not find file for Slate resource: ../../../Engine/Content/Editor/Slate/Niagara/Common/DropZoneIndicator_Onto.png
[2023.04.22-11.26.14:657][  0]LogSlate: Could not find file for Slate resource: ../../../Engine/Content/Editor/Slate/Niagara/Common/DropZoneIndicator_Above.png
[2023.04.22-11.26.14:657][  0]LogStreaming: Warning: Failed to read file '../../../Engine/Content/Editor/Slate/Niagara/Common/DropZoneIndicator_Below.png' error.
[2023.04.22-11.26.14:657][  0]LogSlate: Could not find file for Slate resource: ../../../Engine/Content/Editor/Slate/Niagara/Common/DropZoneIndicator_Below.png
[2023.04.22-11.26.14:657][  0]LogStreaming: Warning: Failed to read file '../../../Engine/Content/Editor/Slate/Niagara/Common/RoundedSelection_16x.png' error.
[2023.04.22-11.26.14:657][  0]LogSlate: Could not find file for Slate resource: ../../../Engine/Content/Editor/Slate/Niagara/Common/RoundedSelection_16x.png
[2023.04.22-11.26.14:657][  0]LogStreaming: Warning: Failed to read file '../../../Engine/Content/Editor/Slate/Niagara/Common/FlatButton.png' error.
[2023.04.22-11.26.14:657][  0]LogSlate: Could not find file for Slate resource: ../../../Engine/Content/Editor/Slate/Niagara/Common/FlatButton.png
[2023.04.22-11.26.14:657][  0]LogImageWrapper: Warning: PNG Warning: Duplicate iCCP chunk
[2023.04.22-11.26.14:657][  0]LogImageWrapper: Warning: PNG Warning: Duplicate iCCP chunk
[2023.04.22-11.26.14:712][  0]LogUdpMessaging: Initializing bridge on interface 0.0.0.0:0 to multicast group 230.0.0.1:6666.
[2023.04.22-11.26.14:720][  0]LogTcpMessaging: Initializing TcpMessaging bridge
[2023.04.22-11.26.14:752][  0]LogPython: Using Python 3.7.7
[2023.04.22-11.26.15:325][  0]SourceControl: Source control is disabled
[2023.04.22-11.26.15:325][  0]SourceControl: Source control is disabled
[2023.04.22-11.26.15:328][  0]SourceControl: Source control is disabled
[2023.04.22-11.26.15:330][  0]SourceControl: Source control is disabled
[2023.04.22-11.26.15:351][  0]SourceControl: Source control is disabled
[2023.04.22-11.26.15:356][  0]LogUProjectInfo: Found projects:
[2023.04.22-11.26.15:366][  0]LogVSAccessor: Display: Unable to create Visual Studio setup instance: 80040154
[2023.04.22-11.26.15:366][  0]LogVSAccessor: Display: Unable to create Visual Studio setup instance: 80040154
[2023.04.22-11.26.15:367][  0]LogVSAccessor: Display: Unable to create Visual Studio setup instance: 80040154
[2023.04.22-11.26.15:378][  0]LogAndroidPermission: UAndroidPermissionCallbackProxy::GetInstance
[2023.04.22-11.26.15:391][  0]LogAudioCaptureCore: Display: No Audio Capture implementations found. Audio input will be silent.
[2023.04.22-11.26.15:391][  0]LogAudioCaptureCore: Display: No Audio Capture implementations found. Audio input will be silent.
[2023.04.22-11.26.15:594][  0]LogOpenImageDenoise: OIDN starting up
[2023.04.22-11.26.15:600][  0]LogCollectionManager: Loaded 0 collections in 0.001440 seconds
[2023.04.22-11.26.15:618][  0]LogFileCache: Scanning file cache for directory 'C:/Users/the13eauty/Documents/GitHub/TheTroubleMakers/Unreal Engine Project/SpeedLimit_UniAzad/Saved/Collections/' took 0.00s
[2023.04.22-11.26.15:618][  0]LogFileCache: Scanning file cache for directory 'C:/Users/the13eauty/Documents/GitHub/TheTroubleMakers/Unreal Engine Project/SpeedLimit_UniAzad/Content/Developers/the13eauty/Collections/' took 0.00s
[2023.04.22-11.26.15:618][  0]LogFileCache: Scanning file cache for directory 'C:/Users/the13eauty/Documents/GitHub/TheTroubleMakers/Unreal Engine Project/SpeedLimit_UniAzad/Content/Collections/' took 0.00s
[2023.04.22-11.26.15:618][  0]LogOcInput: OculusInput pre-init called
[2023.04.22-11.26.15:786][  0]LogStreaming: Warning: Failed to read file '../../../Engine/Content/Editor/Slate/Niagara/MenuSeparator.png' error.
[2023.04.22-11.26.15:786][  0]LogSlate: Could not find file for Slate resource: ../../../Engine/Content/Editor/Slate/Niagara/MenuSeparator.png
[2023.04.22-11.26.15:786][  0]LogStreaming: Warning: Failed to read file '../../../Engine/Content/Editor/Slate/Niagara/Common/Selector.png' error.
[2023.04.22-11.26.15:786][  0]LogSlate: Could not find file for Slate resource: ../../../Engine/Content/Editor/Slate/Niagara/Common/Selector.png
[2023.04.22-11.26.15:786][  0]LogStreaming: Warning: Failed to read file '../../../Engine/Content/Editor/Slate/Niagara/Common/Selection.png' error.
[2023.04.22-11.26.15:786][  0]LogSlate: Could not find file for Slate resource: ../../../Engine/Content/Editor/Slate/Niagara/Common/Selection.png
[2023.04.22-11.26.15:786][  0]LogStreaming: Warning: Failed to read file '../../../Engine/Content/Editor/Slate/Niagara/Common/DropZoneIndicator_Above.png' error.
[2023.04.22-11.26.15:786][  0]LogSlate: Could not find file for Slate resource: ../../../Engine/Content/Editor/Slate/Niagara/Common/DropZoneIndicator_Above.png
[2023.04.22-11.26.15:786][  0]LogStreaming: Warning: Failed to read file '../../../Engine/Content/Editor/Slate/Niagara/Common/DropZoneIndicator_Below.png' error.
[2023.04.22-11.26.15:786][  0]LogSlate: Could not find file for Slate resource: ../../../Engine/Content/Editor/Slate/Niagara/Common/DropZoneIndicator_Below.png
[2023.04.22-11.26.15:786][  0]LogStreaming: Warning: Failed to read file '../../../Engine/Content/Editor/Slate/Niagara/Common/DropZoneIndicator_Onto.png' error.
[2023.04.22-11.26.15:786][  0]LogSlate: Could not find file for Slate resource: ../../../Engine/Content/Editor/Slate/Niagara/Common/DropZoneIndicator_Onto.png
[2023.04.22-11.26.15:786][  0]LogStreaming: Warning: Failed to read file '../../../Engine/Content/Editor/Slate/Niagara/Common/RoundedSelection_16x.png' error.
[2023.04.22-11.26.15:786][  0]LogSlate: Could not find file for Slate resource: ../../../Engine/Content/Editor/Slate/Niagara/Common/RoundedSelection_16x.png
[2023.04.22-11.26.15:786][  0]LogStreaming: Warning: Failed to read file '../../../Engine/Content/Editor/Slate/Niagara/Common/FlatButton.png' error.
[2023.04.22-11.26.15:786][  0]LogSlate: Could not find file for Slate resource: ../../../Engine/Content/Editor/Slate/Niagara/Common/FlatButton.png
[2023.04.22-11.26.15:786][  0]LogImageWrapper: Warning: PNG Warning: Duplicate iCCP chunk
[2023.04.22-11.26.15:786][  0]LogImageWrapper: Warning: PNG Warning: Duplicate iCCP chunk
[2023.04.22-11.26.15:803][  0]LogEngine: Initializing Engine...
[2023.04.22-11.26.15:805][  0]LogHMD: Failed to enumerate extensions. Please check that you have a valid OpenXR runtime installed.
[2023.04.22-11.26.15:805][  0]LogHMD: Failed to initialize OpenVR with code 110
[2023.04.22-11.26.15:805][  0]LogMagicLeap: Warning: VR disabled because ZI is not enabled.  To enable, in the editor, Edit -> Project Settings -> Plugins -> Magic Leap Plugin -> Enable Zero Iteration
[2023.04.22-11.26.15:805][  0]LogStats: UGameplayTagsManager::InitializeManager -  0.000 s
[2023.04.22-11.26.15:901][  0]LogInit: Initializing FReadOnlyCVARCache
[2023.04.22-11.26.15:908][  0]LogAIModule: Creating AISystem for world Untitled
[2023.04.22-11.26.15:917][  0]LogAudio: Display: Initializing Audio Device Manager...
[2023.04.22-11.26.15:919][  0]LogAudio: Display: Loading Default Audio Settings Objects...
[2023.04.22-11.26.15:920][  0]LogAudio: Display: No default SoundConcurrencyObject specified (or failed to load).
[2023.04.22-11.26.15:920][  0]LogAudio: Display: Audio Device Manager Initialized
[2023.04.22-11.26.15:920][  0]LogAudio: Display: Creating Audio Device:                 Id: 1, Scope: Shared, Realtime: True
[2023.04.22-11.26.15:920][  0]LogAudioMixer: Display: Audio Mixer Platform Settings:
[2023.04.22-11.26.15:920][  0]LogAudioMixer: Display: 	Sample Rate:						  48000
[2023.04.22-11.26.15:920][  0]LogAudioMixer: Display: 	Callback Buffer Frame Size Requested: 1024
[2023.04.22-11.26.15:920][  0]LogAudioMixer: Display: 	Callback Buffer Frame Size To Use:	  1024
[2023.04.22-11.26.15:920][  0]LogAudioMixer: Display: 	Number of buffers to queue:			  2
[2023.04.22-11.26.15:920][  0]LogAudioMixer: Display: 	Max Channels (voices):				  32
[2023.04.22-11.26.15:920][  0]LogAudioMixer: Display: 	Number of Async Source Workers:		  0
[2023.04.22-11.26.15:920][  0]LogAudio: Display: AudioDevice MaxSources: 32
[2023.04.22-11.26.15:920][  0]LogAudio: Display: Audio Spatialization Plugin: None (built-in).
[2023.04.22-11.26.15:920][  0]LogAudio: Display: Audio Reverb Plugin: None (built-in).
[2023.04.22-11.26.15:920][  0]LogAudio: Display: Audio Occlusion Plugin: None (built-in).
[2023.04.22-11.26.15:920][  0]LogAudioMixer: Display: Initializing audio mixer.
[2023.04.22-11.26.15:928][  0]LogAudioMixer: Display: 0: FrontLeft
[2023.04.22-11.26.15:928][  0]LogAudioMixer: Display: 1: FrontRight
[2023.04.22-11.26.15:936][  0]LogAudioMixer: Display: Using Audio Device Speakers (Logitech G633 Gaming Headset)
[2023.04.22-11.26.15:940][  0]LogAudioMixer: Display: Initializing Sound Submixes...
[2023.04.22-11.26.15:942][  0]LogAudioMixer: Display: Creating Master Submix 'MasterSubmixDefault'
[2023.04.22-11.26.15:942][  0]LogAudioMixer: Display: Creating Master Submix 'MasterReverbSubmixDefault'
[2023.04.22-11.26.15:943][  0]LogAudioMixer: Display: Creating Master Submix 'MasterEQSubmixDefault'
[2023.04.22-11.26.15:943][  0]LogAudioMixer: FMixerPlatformXAudio2::StartAudioStream() called
[2023.04.22-11.26.15:943][  0]LogAudioMixer: Display: Output buffers initialized: Frames=1024, Channels=2, Samples=2048
[2023.04.22-11.26.15:944][  0]LogAudioMixer: Display: Starting AudioMixerPlatformInterface::RunInternal()
[2023.04.22-11.26.15:944][  0]LogAudioMixer: Display: FMixerPlatformXAudio2::SubmitBuffer() called for the first time
[2023.04.22-11.26.15:944][  0]LogInit: FAudioDevice initialized.
[2023.04.22-11.26.15:944][  0]LogAudio: Display: Audio Device (ID: 1) registered with world 'Untitled'.
[2023.04.22-11.26.15:944][  0]LogNetVersion: Set ProjectVersion to 1.0.0.0. Version Checksum will be recalculated on next use.
[2023.04.22-11.26.16:014][  0]LogDerivedDataCache: Saved boot cache 0.07s 95MB C:/Users/the13eauty/AppData/Local/UnrealEngine/4.27/DerivedDataCache/Boot.ddc.
[2023.04.22-11.26.16:015][  0]LogInit: Texture streaming: Enabled
[2023.04.22-11.26.16:026][  0]LogAnalytics: Display: [UEEditor.Rocket.Release] APIServer = https://datarouter.ol.epicgames.com/. AppVersion = 4.27.0-17155196+++UE4+Release-4.27
[2023.04.22-11.26.16:029][  0]LogEngineSessionManager: EngineSessionManager initialized
[2023.04.22-11.26.16:029][  0]LogEditorSessionSummary: Verbose: Initializing EditorSessionSummaryWriter for editor session tracking
[2023.04.22-11.26.16:030][  0]LogEditorSessionSummary: EditorSessionSummaryWriter initialized
[2023.04.22-11.26.16:049][  0]LogInit: Transaction tracking system initialized
[2023.04.22-11.26.16:063][  0]BlueprintLog: New page: Editor Load
[2023.04.22-11.26.16:108][  0]LocalizationService: Localization service is disabled
[2023.04.22-11.26.16:125][  0]TimingProfiler: Initialize
[2023.04.22-11.26.16:125][  0]TimingProfiler: OnSessionChanged
[2023.04.22-11.26.16:125][  0]LoadingProfiler: Initialize
[2023.04.22-11.26.16:125][  0]LoadingProfiler: OnSessionChanged
[2023.04.22-11.26.16:125][  0]NetworkingProfiler: Initialize
[2023.04.22-11.26.16:125][  0]NetworkingProfiler: OnSessionChanged
[2023.04.22-11.26.16:125][  0]MemoryProfiler: Initialize
[2023.04.22-11.26.16:125][  0]MemoryProfiler: OnSessionChanged
[2023.04.22-11.26.16:168][  0]LogVSAccessor: Display: Unable to create Visual Studio setup instance: 80040154
[2023.04.22-11.26.16:168][  0]LogVSAccessor: Display: Unable to create Visual Studio setup instance: 80040154
[2023.04.22-11.26.16:169][  0]LogVSAccessor: Display: Unable to create Visual Studio setup instance: 80040154
[2023.04.22-11.26.16:230][  0]LogCook: Display: CookSettings for Memory: MemoryMaxUsedVirtual 0MiB, MemoryMaxUsedPhysical 16384MiB, MemoryMinFreeVirtual 0MiB, MemoryMinFreePhysical 1024MiB
[2023.04.22-11.26.16:230][  0]LogCook: Display: Mobile HDR setting 1
[2023.04.22-11.26.16:370][  0]LogFileCache: Scanning file cache for directory 'C:/Users/the13eauty/Documents/GitHub/TheTroubleMakers/Unreal Engine Project/SpeedLimit_UniAzad/Content/' took 0.00s
[2023.04.22-11.26.16:507][  0]LogStreaming: Warning: Failed to read file '../../../Engine/Content/Editor/Slate/Niagara/MenuSeparator.png' error.
[2023.04.22-11.26.16:507][  0]LogSlate: Could not find file for Slate resource: ../../../Engine/Content/Editor/Slate/Niagara/MenuSeparator.png
[2023.04.22-11.26.16:507][  0]LogStreaming: Warning: Failed to read file '../../../Engine/Content/Editor/Slate/Niagara/Common/Selector.png' error.
[2023.04.22-11.26.16:507][  0]LogSlate: Could not find file for Slate resource: ../../../Engine/Content/Editor/Slate/Niagara/Common/Selector.png
[2023.04.22-11.26.16:507][  0]LogStreaming: Warning: Failed to read file '../../../Engine/Content/Editor/Slate/Niagara/Common/Selection.png' error.
[2023.04.22-11.26.16:507][  0]LogSlate: Could not find file for Slate resource: ../../../Engine/Content/Editor/Slate/Niagara/Common/Selection.png
[2023.04.22-11.26.16:507][  0]LogStreaming: Warning: Failed to read file '../../../Engine/Content/Editor/Slate/Niagara/Common/DropZoneIndicator_Above.png' error.
[2023.04.22-11.26.16:507][  0]LogSlate: Could not find file for Slate resource: ../../../Engine/Content/Editor/Slate/Niagara/Common/DropZoneIndicator_Above.png
[2023.04.22-11.26.16:507][  0]LogStreaming: Warning: Failed to read file '../../../Engine/Content/Editor/Slate/Niagara/Common/DropZoneIndicator_Onto.png' error.
[2023.04.22-11.26.16:507][  0]LogSlate: Could not find file for Slate resource: ../../../Engine/Content/Editor/Slate/Niagara/Common/DropZoneIndicator_Onto.png
[2023.04.22-11.26.16:507][  0]LogStreaming: Warning: Failed to read file '../../../Engine/Content/Editor/Slate/Niagara/Common/DropZoneIndicator_Below.png' error.
[2023.04.22-11.26.16:507][  0]LogSlate: Could not find file for Slate resource: ../../../Engine/Content/Editor/Slate/Niagara/Common/DropZoneIndicator_Below.png
[2023.04.22-11.26.16:507][  0]LogStreaming: Warning: Failed to read file '../../../Engine/Content/Editor/Slate/Niagara/Common/RoundedSelection_16x.png' error.
[2023.04.22-11.26.16:507][  0]LogStreaming: Warning: Failed to read file '../../../Engine/Content/Editor/Slate/Niagara/Common/FlatButton.png' error.
[2023.04.22-11.26.16:507][  0]LogSlate: Could not find file for Slate resource: ../../../Engine/Content/Editor/Slate/Niagara/Common/RoundedSelection_16x.png
[2023.04.22-11.26.16:507][  0]LogSlate: Could not find file for Slate resource: ../../../Engine/Content/Editor/Slate/Niagara/Common/FlatButton.png
[2023.04.22-11.26.16:508][  0]LogImageWrapper: Warning: PNG Warning: Duplicate iCCP chunk
[2023.04.22-11.26.16:508][  0]LogImageWrapper: Warning: PNG Warning: Duplicate iCCP chunk
[2023.04.22-11.26.16:508][  0]LogInit: Display: Engine is initialized. Leaving FEngineLoop::Init()
[2023.04.22-11.26.16:510][  0]SourceControl: Source control is disabled
[2023.04.22-11.26.16:510][  0]LogUnrealEdMisc: Loading editor; pre map load, took 5.180
[2023.04.22-11.26.16:510][  0]LightingResults: New page: Lighting Build
[2023.04.22-11.26.16:512][  0]LogWorld: UWorld::CleanupWorld for Untitled, bSessionEnded=true, bCleanupResources=true
[2023.04.22-11.26.16:512][  0]LogSlate: InvalidateAllWidgets triggered.  All widgets were invalidated
[2023.04.22-11.26.16:512][  0]MapCheck: New page: Map Check
[2023.04.22-11.26.16:512][  0]LightingResults: New page: Lighting Build
[2023.04.22-11.26.16:516][  0]LogAudio: Display: Audio Device unregistered from world 'None'.
[2023.04.22-11.26.16:519][  0]LogUObjectHash: Compacting FUObjectHashTables data took   0.76ms
[2023.04.22-11.26.16:591][  0]LogAudio: Display: Audio Device (ID: 1) registered with world 'Minimal_Default'.
[2023.04.22-11.26.16:592][  0]LogAIModule: Creating AISystem for world Minimal_Default
[2023.04.22-11.26.16:595][  0]LogEditorServer: Finished looking for orphan Actors (0.000 secs)
[2023.04.22-11.26.16:607][  0]LogUObjectHash: Compacting FUObjectHashTables data took   0.77ms
[2023.04.22-11.26.16:607][  0]Cmd: MAP CHECKDEP NOCLEARLOG
[2023.04.22-11.26.16:607][  0]MapCheck: Map check complete: 0 Error(s), 0 Warning(s), took 0.122ms to complete.
[2023.04.22-11.26.16:608][  0]LogFileHelpers: Loading map 'Minimal_Default' took 0.097
[2023.04.22-11.26.16:609][  0]LogUnrealEdMisc: Total Editor Startup Time, took 5.279
[2023.04.22-11.26.16:705][  0]LogSlate: Updating window title bar state: overlay mode, drag disabled, window buttons hidden, title bar hidden
[2023.04.22-11.26.16:711][  0]LogSlate: Updating window title bar state: overlay mode, drag disabled, window buttons hidden, title bar hidden
[2023.04.22-11.26.16:716][  0]LogSlate: Updating window title bar state: overlay mode, drag disabled, window buttons hidden, title bar hidden
[2023.04.22-11.26.16:721][  0]LogSlate: Updating window title bar state: overlay mode, drag disabled, window buttons hidden, title bar hidden
[2023.04.22-11.26.16:733][  0]LogNativeClassHierarchy: Verbose: Native class hierarchy populated in 0.0089 seconds. Added 3822 classes and 928 folders.
[2023.04.22-11.26.16:735][  0]LogNativeClassHierarchy: Verbose: Native class hierarchy updated for 'WidgetCarousel' in 0.0003 seconds. Added 0 classes and 0 folders.
[2023.04.22-11.26.16:736][  0]LogPakFile: PakFile PrimaryIndexSize=187
[2023.04.22-11.26.16:736][  0]LogPakFile: PakFile PathHashIndexSize=101
[2023.04.22-11.26.16:736][  0]LogPakFile: PakFile FullDirectoryIndexSize=148
[2023.04.22-11.26.16:736][  0]LogShaderLibrary: Display: ShaderCodeLibraryPakFileMountedCallback: PakFile 'C:/Unreal Engine v4.27 Compiled/FeaturePacks/FP_FirstPerson.upack' (chunk index -1, root 'root:/') mounted
[2023.04.22-11.26.16:736][  0]LogShaderLibrary: Display: ShaderCodeLibraryPakFileMountedCallback: pending pak file info (ChunkID:-1 Root:root:/ File:C:/Unreal Engine v4.27 Compiled/FeaturePacks/FP_FirstPerson.upack)
[2023.04.22-11.26.16:736][  0]LogPakFile: OnPakFileMounted2Time == 0.000046
[2023.04.22-11.26.16:737][  0]LogPakFile: PakFile PrimaryIndexSize=189
[2023.04.22-11.26.16:737][  0]LogPakFile: PakFile PathHashIndexSize=101
[2023.04.22-11.26.16:737][  0]LogPakFile: PakFile FullDirectoryIndexSize=152
[2023.04.22-11.26.16:737][  0]LogShaderLibrary: Display: ShaderCodeLibraryPakFileMountedCallback: PakFile 'C:/Unreal Engine v4.27 Compiled/FeaturePacks/FP_FirstPersonBP.upack' (chunk index -1, root 'root:/') mounted
[2023.04.22-11.26.16:737][  0]LogShaderLibrary: Display: ShaderCodeLibraryPakFileMountedCallback: pending pak file info (ChunkID:-1 Root:root:/ File:C:/Unreal Engine v4.27 Compiled/FeaturePacks/FP_FirstPersonBP.upack)
[2023.04.22-11.26.16:737][  0]LogPakFile: OnPakFileMounted2Time == 0.000030
[2023.04.22-11.26.16:737][  0]LogPakFile: PakFile PrimaryIndexSize=191
[2023.04.22-11.26.16:737][  0]LogPakFile: PakFile PathHashIndexSize=101
[2023.04.22-11.26.16:737][  0]LogPakFile: PakFile FullDirectoryIndexSize=160
[2023.04.22-11.26.16:737][  0]LogShaderLibrary: Display: ShaderCodeLibraryPakFileMountedCallback: PakFile 'C:/Unreal Engine v4.27 Compiled/FeaturePacks/MobileStarterContent.upack' (chunk index -1, root 'root:/') mounted
[2023.04.22-11.26.16:737][  0]LogShaderLibrary: Display: ShaderCodeLibraryPakFileMountedCallback: pending pak file info (ChunkID:-1 Root:root:/ File:C:/Unreal Engine v4.27 Compiled/FeaturePacks/MobileStarterContent.upack)
[2023.04.22-11.26.16:737][  0]LogPakFile: OnPakFileMounted2Time == 0.000030
[2023.04.22-11.26.16:737][  0]LogPakFile: PakFile PrimaryIndexSize=185
[2023.04.22-11.26.16:737][  0]LogPakFile: PakFile PathHashIndexSize=101
[2023.04.22-11.26.16:737][  0]LogPakFile: PakFile FullDirectoryIndexSize=148
[2023.04.22-11.26.16:737][  0]LogShaderLibrary: Display: ShaderCodeLibraryPakFileMountedCallback: PakFile 'C:/Unreal Engine v4.27 Compiled/FeaturePacks/StarterContent.upack' (chunk index -1, root 'root:/') mounted
[2023.04.22-11.26.16:737][  0]LogShaderLibrary: Display: ShaderCodeLibraryPakFileMountedCallback: pending pak file info (ChunkID:-1 Root:root:/ File:C:/Unreal Engine v4.27 Compiled/FeaturePacks/StarterContent.upack)
[2023.04.22-11.26.16:737][  0]LogPakFile: OnPakFileMounted2Time == 0.000028
[2023.04.22-11.26.16:738][  0]LogPakFile: PakFile PrimaryIndexSize=190
[2023.04.22-11.26.16:738][  0]LogPakFile: PakFile PathHashIndexSize=101
[2023.04.22-11.26.16:738][  0]LogPakFile: PakFile FullDirectoryIndexSize=154
[2023.04.22-11.26.16:738][  0]LogShaderLibrary: Display: ShaderCodeLibraryPakFileMountedCallback: PakFile 'C:/Unreal Engine v4.27 Compiled/FeaturePacks/TP_2DSideScroller.upack' (chunk index -1, root 'root:/') mounted
[2023.04.22-11.26.16:738][  0]LogShaderLibrary: Display: ShaderCodeLibraryPakFileMountedCallback: pending pak file info (ChunkID:-1 Root:root:/ File:C:/Unreal Engine v4.27 Compiled/FeaturePacks/TP_2DSideScroller.upack)
[2023.04.22-11.26.16:738][  0]LogPakFile: OnPakFileMounted2Time == 0.000029
[2023.04.22-11.26.16:738][  0]LogPakFile: PakFile PrimaryIndexSize=192
[2023.04.22-11.26.16:738][  0]LogPakFile: PakFile PathHashIndexSize=101
[2023.04.22-11.26.16:738][  0]LogPakFile: PakFile FullDirectoryIndexSize=158
[2023.04.22-11.26.16:738][  0]LogShaderLibrary: Display: ShaderCodeLibraryPakFileMountedCallback: PakFile 'C:/Unreal Engine v4.27 Compiled/FeaturePacks/TP_2DSideScrollerBP.upack' (chunk index -1, root 'root:/') mounted
[2023.04.22-11.26.16:738][  0]LogShaderLibrary: Display: ShaderCodeLibraryPakFileMountedCallback: pending pak file info (ChunkID:-1 Root:root:/ File:C:/Unreal Engine v4.27 Compiled/FeaturePacks/TP_2DSideScrollerBP.upack)
[2023.04.22-11.26.16:738][  0]LogPakFile: OnPakFileMounted2Time == 0.000027
[2023.04.22-11.26.16:738][  0]LogPakFile: PakFile PrimaryIndexSize=182
[2023.04.22-11.26.16:738][  0]LogPakFile: PakFile PathHashIndexSize=101
[2023.04.22-11.26.16:738][  0]LogPakFile: PakFile FullDirectoryIndexSize=138
[2023.04.22-11.26.16:738][  0]LogShaderLibrary: Display: ShaderCodeLibraryPakFileMountedCallback: PakFile 'C:/Unreal Engine v4.27 Compiled/FeaturePacks/TP_Flying.upack' (chunk index -1, root 'root:/') mounted
[2023.04.22-11.26.16:738][  0]LogShaderLibrary: Display: ShaderCodeLibraryPakFileMountedCallback: pending pak file info (ChunkID:-1 Root:root:/ File:C:/Unreal Engine v4.27 Compiled/FeaturePacks/TP_Flying.upack)
[2023.04.22-11.26.16:738][  0]LogPakFile: OnPakFileMounted2Time == 0.000027
[2023.04.22-11.26.16:739][  0]LogPakFile: PakFile PrimaryIndexSize=184
[2023.04.22-11.26.16:739][  0]LogPakFile: PakFile PathHashIndexSize=101
[2023.04.22-11.26.16:739][  0]LogPakFile: PakFile FullDirectoryIndexSize=142
[2023.04.22-11.26.16:739][  0]LogShaderLibrary: Display: ShaderCodeLibraryPakFileMountedCallback: PakFile 'C:/Unreal Engine v4.27 Compiled/FeaturePacks/TP_FlyingBP.upack' (chunk index -1, root 'root:/') mounted
[2023.04.22-11.26.16:739][  0]LogShaderLibrary: Display: ShaderCodeLibraryPakFileMountedCallback: pending pak file info (ChunkID:-1 Root:root:/ File:C:/Unreal Engine v4.27 Compiled/FeaturePacks/TP_FlyingBP.upack)
[2023.04.22-11.26.16:739][  0]LogPakFile: OnPakFileMounted2Time == 0.000025
[2023.04.22-11.26.16:739][  0]LogPakFile: PakFile PrimaryIndexSize=188
[2023.04.22-11.26.16:739][  0]LogPakFile: PakFile PathHashIndexSize=101
[2023.04.22-11.26.16:739][  0]LogPakFile: PakFile FullDirectoryIndexSize=150
[2023.04.22-11.26.16:739][  0]LogShaderLibrary: Display: ShaderCodeLibraryPakFileMountedCallback: PakFile 'C:/Unreal Engine v4.27 Compiled/FeaturePacks/TP_HandheldARBP.upack' (chunk index -1, root 'root:/') mounted
[2023.04.22-11.26.16:739][  0]LogShaderLibrary: Display: ShaderCodeLibraryPakFileMountedCallback: pending pak file info (ChunkID:-1 Root:root:/ File:C:/Unreal Engine v4.27 Compiled/FeaturePacks/TP_HandheldARBP.upack)
[2023.04.22-11.26.16:739][  0]LogPakFile: OnPakFileMounted2Time == 0.000027
[2023.04.22-11.26.16:740][  0]LogPakFile: PakFile PrimaryIndexSize=182
[2023.04.22-11.26.16:740][  0]LogPakFile: PakFile PathHashIndexSize=101
[2023.04.22-11.26.16:740][  0]LogPakFile: PakFile FullDirectoryIndexSize=138
[2023.04.22-11.26.16:740][  0]LogShaderLibrary: Display: ShaderCodeLibraryPakFileMountedCallback: PakFile 'C:/Unreal Engine v4.27 Compiled/FeaturePacks/TP_Puzzle.upack' (chunk index -1, root 'root:/') mounted
[2023.04.22-11.26.16:740][  0]LogShaderLibrary: Display: ShaderCodeLibraryPakFileMountedCallback: pending pak file info (ChunkID:-1 Root:root:/ File:C:/Unreal Engine v4.27 Compiled/FeaturePacks/TP_Puzzle.upack)
[2023.04.22-11.26.16:740][  0]LogPakFile: OnPakFileMounted2Time == 0.000025
[2023.04.22-11.26.16:740][  0]LogPakFile: PakFile PrimaryIndexSize=184
[2023.04.22-11.26.16:740][  0]LogPakFile: PakFile PathHashIndexSize=101
[2023.04.22-11.26.16:740][  0]LogPakFile: PakFile FullDirectoryIndexSize=142
[2023.04.22-11.26.16:740][  0]LogShaderLibrary: Display: ShaderCodeLibraryPakFileMountedCallback: PakFile 'C:/Unreal Engine v4.27 Compiled/FeaturePacks/TP_PuzzleBP.upack' (chunk index -1, root 'root:/') mounted
[2023.04.22-11.26.16:740][  0]LogShaderLibrary: Display: ShaderCodeLibraryPakFileMountedCallback: pending pak file info (ChunkID:-1 Root:root:/ File:C:/Unreal Engine v4.27 Compiled/FeaturePacks/TP_PuzzleBP.upack)
[2023.04.22-11.26.16:740][  0]LogPakFile: OnPakFileMounted2Time == 0.000025
[2023.04.22-11.26.16:740][  0]LogPakFile: PakFile PrimaryIndexSize=183
[2023.04.22-11.26.16:740][  0]LogPakFile: PakFile PathHashIndexSize=101
[2023.04.22-11.26.16:740][  0]LogPakFile: PakFile FullDirectoryIndexSize=140
[2023.04.22-11.26.16:740][  0]LogShaderLibrary: Display: ShaderCodeLibraryPakFileMountedCallback: PakFile 'C:/Unreal Engine v4.27 Compiled/FeaturePacks/TP_Rolling.upack' (chunk index -1, root 'root:/') mounted
[2023.04.22-11.26.16:740][  0]LogShaderLibrary: Display: ShaderCodeLibraryPakFileMountedCallback: pending pak file info (ChunkID:-1 Root:root:/ File:C:/Unreal Engine v4.27 Compiled/FeaturePacks/TP_Rolling.upack)
[2023.04.22-11.26.16:740][  0]LogPakFile: OnPakFileMounted2Time == 0.000025
[2023.04.22-11.26.16:740][  0]LogPakFile: PakFile PrimaryIndexSize=185
[2023.04.22-11.26.16:740][  0]LogPakFile: PakFile PathHashIndexSize=101
[2023.04.22-11.26.16:740][  0]LogPakFile: PakFile FullDirectoryIndexSize=144
[2023.04.22-11.26.16:740][  0]LogShaderLibrary: Display: ShaderCodeLibraryPakFileMountedCallback: PakFile 'C:/Unreal Engine v4.27 Compiled/FeaturePacks/TP_RollingBP.upack' (chunk index -1, root 'root:/') mounted
[2023.04.22-11.26.16:740][  0]LogShaderLibrary: Display: ShaderCodeLibraryPakFileMountedCallback: pending pak file info (ChunkID:-1 Root:root:/ File:C:/Unreal Engine v4.27 Compiled/FeaturePacks/TP_RollingBP.upack)
[2023.04.22-11.26.16:740][  0]LogPakFile: OnPakFileMounted2Time == 0.000024
[2023.04.22-11.26.16:741][  0]LogPakFile: PakFile PrimaryIndexSize=188
[2023.04.22-11.26.16:741][  0]LogPakFile: PakFile PathHashIndexSize=101
[2023.04.22-11.26.16:741][  0]LogPakFile: PakFile FullDirectoryIndexSize=150
[2023.04.22-11.26.16:741][  0]LogShaderLibrary: Display: ShaderCodeLibraryPakFileMountedCallback: PakFile 'C:/Unreal Engine v4.27 Compiled/FeaturePacks/TP_SideScroller.upack' (chunk index -1, root 'root:/') mounted
[2023.04.22-11.26.16:741][  0]LogShaderLibrary: Display: ShaderCodeLibraryPakFileMountedCallback: pending pak file info (ChunkID:-1 Root:root:/ File:C:/Unreal Engine v4.27 Compiled/FeaturePacks/TP_SideScroller.upack)
[2023.04.22-11.26.16:741][  0]LogPakFile: OnPakFileMounted2Time == 0.000027
[2023.04.22-11.26.16:741][  0]LogPakFile: PakFile PrimaryIndexSize=190
[2023.04.22-11.26.16:741][  0]LogPakFile: PakFile PathHashIndexSize=101
[2023.04.22-11.26.16:741][  0]LogPakFile: PakFile FullDirectoryIndexSize=154
[2023.04.22-11.26.16:741][  0]LogShaderLibrary: Display: ShaderCodeLibraryPakFileMountedCallback: PakFile 'C:/Unreal Engine v4.27 Compiled/FeaturePacks/TP_SideScrollerBP.upack' (chunk index -1, root 'root:/') mounted
[2023.04.22-11.26.16:741][  0]LogShaderLibrary: Display: ShaderCodeLibraryPakFileMountedCallback: pending pak file info (ChunkID:-1 Root:root:/ File:C:/Unreal Engine v4.27 Compiled/FeaturePacks/TP_SideScrollerBP.upack)
[2023.04.22-11.26.16:741][  0]LogPakFile: OnPakFileMounted2Time == 0.000027
[2023.04.22-11.26.16:742][  0]LogPakFile: PakFile PrimaryIndexSize=187
[2023.04.22-11.26.16:742][  0]LogPakFile: PakFile PathHashIndexSize=101
[2023.04.22-11.26.16:742][  0]LogPakFile: PakFile FullDirectoryIndexSize=148
[2023.04.22-11.26.16:742][  0]LogShaderLibrary: Display: ShaderCodeLibraryPakFileMountedCallback: PakFile 'C:/Unreal Engine v4.27 Compiled/FeaturePacks/TP_ThirdPerson.upack' (chunk index -1, root 'root:/') mounted
[2023.04.22-11.26.16:742][  0]LogShaderLibrary: Display: ShaderCodeLibraryPakFileMountedCallback: pending pak file info (ChunkID:-1 Root:root:/ File:C:/Unreal Engine v4.27 Compiled/FeaturePacks/TP_ThirdPerson.upack)
[2023.04.22-11.26.16:742][  0]LogPakFile: OnPakFileMounted2Time == 0.000026
[2023.04.22-11.26.16:742][  0]LogPakFile: PakFile PrimaryIndexSize=189
[2023.04.22-11.26.16:742][  0]LogPakFile: PakFile PathHashIndexSize=101
[2023.04.22-11.26.16:742][  0]LogPakFile: PakFile FullDirectoryIndexSize=152
[2023.04.22-11.26.16:742][  0]LogShaderLibrary: Display: ShaderCodeLibraryPakFileMountedCallback: PakFile 'C:/Unreal Engine v4.27 Compiled/FeaturePacks/TP_ThirdPersonBP.upack' (chunk index -1, root 'root:/') mounted
[2023.04.22-11.26.16:742][  0]LogShaderLibrary: Display: ShaderCodeLibraryPakFileMountedCallback: pending pak file info (ChunkID:-1 Root:root:/ File:C:/Unreal Engine v4.27 Compiled/FeaturePacks/TP_ThirdPersonBP.upack)
[2023.04.22-11.26.16:742][  0]LogPakFile: OnPakFileMounted2Time == 0.000027
[2023.04.22-11.26.16:742][  0]LogPakFile: PakFile PrimaryIndexSize=183
[2023.04.22-11.26.16:742][  0]LogPakFile: PakFile PathHashIndexSize=101
[2023.04.22-11.26.16:742][  0]LogPakFile: PakFile FullDirectoryIndexSize=140
[2023.04.22-11.26.16:742][  0]LogShaderLibrary: Display: ShaderCodeLibraryPakFileMountedCallback: PakFile 'C:/Unreal Engine v4.27 Compiled/FeaturePacks/TP_TopDown.upack' (chunk index -1, root 'root:/') mounted
[2023.04.22-11.26.16:743][  0]LogShaderLibrary: Display: ShaderCodeLibraryPakFileMountedCallback: pending pak file info (ChunkID:-1 Root:root:/ File:C:/Unreal Engine v4.27 Compiled/FeaturePacks/TP_TopDown.upack)
[2023.04.22-11.26.16:743][  0]LogPakFile: OnPakFileMounted2Time == 0.000030
[2023.04.22-11.26.16:743][  0]LogPakFile: PakFile PrimaryIndexSize=185
[2023.04.22-11.26.16:743][  0]LogPakFile: PakFile PathHashIndexSize=101
[2023.04.22-11.26.16:743][  0]LogPakFile: PakFile FullDirectoryIndexSize=144
[2023.04.22-11.26.16:743][  0]LogShaderLibrary: Display: ShaderCodeLibraryPakFileMountedCallback: PakFile 'C:/Unreal Engine v4.27 Compiled/FeaturePacks/TP_TopDownBP.upack' (chunk index -1, root 'root:/') mounted
[2023.04.22-11.26.16:743][  0]LogShaderLibrary: Display: ShaderCodeLibraryPakFileMountedCallback: pending pak file info (ChunkID:-1 Root:root:/ File:C:/Unreal Engine v4.27 Compiled/FeaturePacks/TP_TopDownBP.upack)
[2023.04.22-11.26.16:743][  0]LogPakFile: OnPakFileMounted2Time == 0.000025
[2023.04.22-11.26.16:743][  0]LogPakFile: PakFile PrimaryIndexSize=185
[2023.04.22-11.26.16:743][  0]LogPakFile: PakFile PathHashIndexSize=101
[2023.04.22-11.26.16:743][  0]LogPakFile: PakFile FullDirectoryIndexSize=144
[2023.04.22-11.26.16:743][  0]LogShaderLibrary: Display: ShaderCodeLibraryPakFileMountedCallback: PakFile 'C:/Unreal Engine v4.27 Compiled/FeaturePacks/TP_TwinStick.upack' (chunk index -1, root 'root:/') mounted
[2023.04.22-11.26.16:743][  0]LogShaderLibrary: Display: ShaderCodeLibraryPakFileMountedCallback: pending pak file info (ChunkID:-1 Root:root:/ File:C:/Unreal Engine v4.27 Compiled/FeaturePacks/TP_TwinStick.upack)
[2023.04.22-11.26.16:743][  0]LogPakFile: OnPakFileMounted2Time == 0.000025
[2023.04.22-11.26.16:744][  0]LogPakFile: PakFile PrimaryIndexSize=187
[2023.04.22-11.26.16:744][  0]LogPakFile: PakFile PathHashIndexSize=101
[2023.04.22-11.26.16:744][  0]LogPakFile: PakFile FullDirectoryIndexSize=148
[2023.04.22-11.26.16:744][  0]LogShaderLibrary: Display: ShaderCodeLibraryPakFileMountedCallback: PakFile 'C:/Unreal Engine v4.27 Compiled/FeaturePacks/TP_TwinStickBP.upack' (chunk index -1, root 'root:/') mounted
[2023.04.22-11.26.16:744][  0]LogShaderLibrary: Display: ShaderCodeLibraryPakFileMountedCallback: pending pak file info (ChunkID:-1 Root:root:/ File:C:/Unreal Engine v4.27 Compiled/FeaturePacks/TP_TwinStickBP.upack)
[2023.04.22-11.26.16:744][  0]LogPakFile: OnPakFileMounted2Time == 0.000026
[2023.04.22-11.26.16:744][  0]LogPakFile: PakFile PrimaryIndexSize=183
[2023.04.22-11.26.16:744][  0]LogPakFile: PakFile PathHashIndexSize=101
[2023.04.22-11.26.16:744][  0]LogPakFile: PakFile FullDirectoryIndexSize=140
[2023.04.22-11.26.16:744][  0]LogShaderLibrary: Display: ShaderCodeLibraryPakFileMountedCallback: PakFile 'C:/Unreal Engine v4.27 Compiled/FeaturePacks/TP_Vehicle.upack' (chunk index -1, root 'root:/') mounted
[2023.04.22-11.26.16:744][  0]LogShaderLibrary: Display: ShaderCodeLibraryPakFileMountedCallback: pending pak file info (ChunkID:-1 Root:root:/ File:C:/Unreal Engine v4.27 Compiled/FeaturePacks/TP_Vehicle.upack)
[2023.04.22-11.26.16:744][  0]LogPakFile: OnPakFileMounted2Time == 0.000025
[2023.04.22-11.26.16:744][  0]LogPakFile: PakFile PrimaryIndexSize=186
[2023.04.22-11.26.16:744][  0]LogPakFile: PakFile PathHashIndexSize=101
[2023.04.22-11.26.16:744][  0]LogPakFile: PakFile FullDirectoryIndexSize=146
[2023.04.22-11.26.16:744][  0]LogShaderLibrary: Display: ShaderCodeLibraryPakFileMountedCallback: PakFile 'C:/Unreal Engine v4.27 Compiled/FeaturePacks/TP_VehicleAdv.upack' (chunk index -1, root 'root:/') mounted
[2023.04.22-11.26.16:744][  0]LogShaderLibrary: Display: ShaderCodeLibraryPakFileMountedCallback: pending pak file info (ChunkID:-1 Root:root:/ File:C:/Unreal Engine v4.27 Compiled/FeaturePacks/TP_VehicleAdv.upack)
[2023.04.22-11.26.16:744][  0]LogPakFile: OnPakFileMounted2Time == 0.000026
[2023.04.22-11.26.16:745][  0]LogPakFile: PakFile PrimaryIndexSize=188
[2023.04.22-11.26.16:745][  0]LogPakFile: PakFile PathHashIndexSize=101
[2023.04.22-11.26.16:745][  0]LogPakFile: PakFile FullDirectoryIndexSize=150
[2023.04.22-11.26.16:745][  0]LogShaderLibrary: Display: ShaderCodeLibraryPakFileMountedCallback: PakFile 'C:/Unreal Engine v4.27 Compiled/FeaturePacks/TP_VehicleAdvBP.upack' (chunk index -1, root 'root:/') mounted
[2023.04.22-11.26.16:745][  0]LogShaderLibrary: Display: ShaderCodeLibraryPakFileMountedCallback: pending pak file info (ChunkID:-1 Root:root:/ File:C:/Unreal Engine v4.27 Compiled/FeaturePacks/TP_VehicleAdvBP.upack)
[2023.04.22-11.26.16:745][  0]LogPakFile: OnPakFileMounted2Time == 0.000027
[2023.04.22-11.26.16:745][  0]LogPakFile: PakFile PrimaryIndexSize=185
[2023.04.22-11.26.16:745][  0]LogPakFile: PakFile PathHashIndexSize=101
[2023.04.22-11.26.16:745][  0]LogPakFile: PakFile FullDirectoryIndexSize=144
[2023.04.22-11.26.16:745][  0]LogShaderLibrary: Display: ShaderCodeLibraryPakFileMountedCallback: PakFile 'C:/Unreal Engine v4.27 Compiled/FeaturePacks/TP_VehicleBP.upack' (chunk index -1, root 'root:/') mounted
[2023.04.22-11.26.16:745][  0]LogShaderLibrary: Display: ShaderCodeLibraryPakFileMountedCallback: pending pak file info (ChunkID:-1 Root:root:/ File:C:/Unreal Engine v4.27 Compiled/FeaturePacks/TP_VehicleBP.upack)
[2023.04.22-11.26.16:745][  0]LogPakFile: OnPakFileMounted2Time == 0.000031
[2023.04.22-11.26.16:745][  0]LogPakFile: PakFile PrimaryIndexSize=192
[2023.04.22-11.26.16:745][  0]LogPakFile: PakFile PathHashIndexSize=101
[2023.04.22-11.26.16:745][  0]LogPakFile: PakFile FullDirectoryIndexSize=158
[2023.04.22-11.26.16:745][  0]LogShaderLibrary: Display: ShaderCodeLibraryPakFileMountedCallback: PakFile 'C:/Unreal Engine v4.27 Compiled/FeaturePacks/TP_VirtualRealityBP.upack' (chunk index -1, root 'root:/') mounted
[2023.04.22-11.26.16:745][  0]LogShaderLibrary: Display: ShaderCodeLibraryPakFileMountedCallback: pending pak file info (ChunkID:-1 Root:root:/ File:C:/Unreal Engine v4.27 Compiled/FeaturePacks/TP_VirtualRealityBP.upack)
[2023.04.22-11.26.16:745][  0]LogPakFile: OnPakFileMounted2Time == 0.000027
[2023.04.22-11.26.16:772][  0]LogNativeClassHierarchy: Verbose: Native class hierarchy updated for 'AddContentDialog' in 0.0002 seconds. Added 0 classes and 0 folders.
[2023.04.22-11.26.16:773][  0]LogNativeClassHierarchy: Verbose: Native class hierarchy updated for 'SceneOutliner' in 0.0001 seconds. Added 2 classes and 0 folders.
[2023.04.22-11.26.16:796][  0]LogSlate: Took 0.000142 seconds to synchronously load lazily loaded font '../../../Engine/Content/Slate/Fonts/Roboto-Regular.ttf' (155K)
[2023.04.22-11.26.16:797][  0]LogSlate: Took 0.000110 seconds to synchronously load lazily loaded font '../../../Engine/Content/Editor/Slate/Fonts/FontAwesome.ttf' (139K)
[2023.04.22-11.26.16:798][  0]LogSlate: Took 0.000099 seconds to synchronously load lazily loaded font '../../../Engine/Content/Slate/Fonts/Roboto-Bold.ttf' (160K)
[2023.04.22-11.26.16:859][  0]LogRenderer: Reallocating scene render targets to support 2172x804 Format 10 NumSamples 1 (Frame:1).
[2023.04.22-11.26.17:010][  0]LogNativeClassHierarchy: Verbose: Native class hierarchy updated for 'HierarchicalLODOutliner' in 0.0003 seconds. Added 0 classes and 0 folders.
[2023.04.22-11.26.17:011][  0]LogLoad: (Engine Initialization) Total time: 5.68 seconds
[2023.04.22-11.26.17:011][  0]LogLoad: (Engine Initialization) Total Blueprint compile time: 0.00 seconds
[2023.04.22-11.26.17:050][  0]LogAssetRegistry: Asset discovery search completed in 3.3021 seconds
[2023.04.22-11.26.17:054][  0]LogCollectionManager: Fixed up redirectors for 0 collections in 0.000003 seconds (updated 0 objects)
[2023.04.22-11.26.17:055][  0]LogContentStreaming: Texture pool size now 1000 MB
[2023.04.22-11.26.24:934][380]LogEditorViewport: Clicking on Actor (LMB): BP_Sky_Sphere_C (BP_Sky_Sphere)
[2023.04.22-11.26.31:001][ 75]LogActorFactory: Actor Factory created Cube
[2023.04.22-11.26.33:670][385]LogActorFactory: Actor Factory created Cube
[2023.04.22-11.26.53:667][773]LogEditorViewport: Clicking on Actor (LMB): BP_Sky_Sphere_C (BP_Sky_Sphere)
[2023.04.22-11.26.54:851][911]LogSlate: Took 0.000139 seconds to synchronously load lazily loaded font '../../../Engine/Content/Slate/Fonts/Roboto-Light.ttf' (167K)
[2023.04.22-11.26.54:872][911]LogUObjectHash: Compacting FUObjectHashTables data took   0.66ms
[2023.04.22-11.26.54:881][911]LogSavePackage: Moving '../../../../Users/the13eauty/Documents/GitHub/TheTroubleMakers/Unreal Engine Project/SpeedLimit_UniAzad/Saved/Minimal_Default076542984C59DF1B4DEF05A4EED6242B.tmp' to '../../../../Users/the13eauty/Documents/GitHub/TheTroubleMakers/Unreal Engine Project/SpeedLimit_UniAzad/Content/StarterContent/Maps/Minimal_Default.umap'
[2023.04.22-11.26.54:907][911]AssetCheck: New page: Asset Save: Minimal_Default
[2023.04.22-11.26.54:907][911]LogContentValidation: Display: Validating World /Game/StarterContent/Maps/Minimal_Default.Minimal_Default
[2023.04.22-11.26.59:242][425]LogUObjectHash: Compacting FUObjectHashTables data took   0.24ms
[2023.04.22-11.26.59:265][425]LogSlate: Window 'SpeedLimit_UniAzad - Unreal Editor' being destroyed
[2023.04.22-11.26.59:388][426]Cmd: QUIT_EDITOR
[2023.04.22-11.26.59:388][426]LogCore: Engine exit requested (reason: UUnrealEdEngine::CloseEditor())
[2023.04.22-11.26.59:390][426]LogCore: Engine exit requested (reason: EngineExit() was called; note: exit was already requested)
[2023.04.22-11.26.59:391][426]LogAudio: Display: Beginning Audio Device Manager Shutdown (Module: AudioMixerXAudio2)...
[2023.04.22-11.26.59:391][426]LogAudio: Display: Destroying 1 Remaining Audio Device(s)...
[2023.04.22-11.26.59:391][426]LogAudio: Display: Audio Device unregistered from world 'Minimal_Default'.
[2023.04.22-11.26.59:391][426]LogAudioMixer: FMixerPlatformXAudio2::StopAudioStream() called
[2023.04.22-11.26.59:393][426]LogAudioMixer: FMixerPlatformXAudio2::StopAudioStream() called
[2023.04.22-11.26.59:396][426]LogAudio: Display: Audio Device Manager Shutdown
[2023.04.22-11.26.59:396][426]LogWindowsTextInputMethodSystem: Display: IME system deactivated.
[2023.04.22-11.26.59:401][426]LogExit: Preparing to exit.
[2023.04.22-11.26.59:408][426]LogUObjectHash: Compacting FUObjectHashTables data took   0.78ms
[2023.04.22-11.26.59:853][426]LogWorld: UWorld::CleanupWorld for World_1, bSessionEnded=true, bCleanupResources=true
[2023.04.22-11.26.59:853][426]LogWorld: UWorld::CleanupWorld for World_0, bSessionEnded=true, bCleanupResources=true
[2023.04.22-11.26.59:868][426]LogDemo: Cleaned up 0 splitscreen connections with owner deletion
[2023.04.22-11.26.59:873][426]LogWorld: UWorld::CleanupWorld for None, bSessionEnded=true, bCleanupResources=true
[2023.04.22-11.26.59:873][426]LogExit: Editor shut down
[2023.04.22-11.26.59:874][426]LogExit: Transaction tracking system shut down
[2023.04.22-11.27.00:036][426]LogExit: Object subsystem successfully closed.
[2023.04.22-11.27.00:056][426]LogShaderCompilers: Display: === FShaderJobCache stats ===
[2023.04.22-11.27.00:056][426]LogShaderCompilers: Display: Total job queries 0, among them cache hits 0 (0.00%)
[2023.04.22-11.27.00:056][426]LogShaderCompilers: Display: Tracking 0 distinct input hashes that result in 0 distinct outputs (0.00%)
[2023.04.22-11.27.00:056][426]LogShaderCompilers: Display: RAM used: 0.00 MB (0.00 GB) of 819.20 MB (0.80 GB) budget. Usage: 0.00%
[2023.04.22-11.27.00:056][426]LogShaderCompilers: Display: ================================================
[2023.04.22-11.27.00:062][426]LogShaderCompilers: Display: Shaders left to compile 0
[2023.04.22-11.27.00:078][426]LogModuleManager: Shutting down and abandoning module HierarchicalLODOutliner (870)
[2023.04.22-11.27.00:078][426]LogModuleManager: Shutting down and abandoning module SceneOutliner (868)
[2023.04.22-11.27.00:078][426]LogModuleManager: Shutting down and abandoning module AddContentDialog (866)
[2023.04.22-11.27.00:079][426]LogModuleManager: Shutting down and abandoning module WidgetCarousel (865)
[2023.04.22-11.27.00:079][426]LogModuleManager: Shutting down and abandoning module EditorWidgets (862)
[2023.04.22-11.27.00:079][426]LogModuleManager: Shutting down and abandoning module StatsViewer (860)
[2023.04.22-11.27.00:079][426]LogModuleManager: Shutting down and abandoning module PIEPreviewDeviceProfileSelector (858)
[2023.04.22-11.27.00:079][426]LogModuleManager: Shutting down and abandoning module SequenceRecorderSections (856)
[2023.04.22-11.27.00:079][426]LogModuleManager: Shutting down and abandoning module AutomationWorker (854)
[2023.04.22-11.27.00:079][426]LogModuleManager: Shutting down and abandoning module SteamVREditor (852)
[2023.04.22-11.27.00:079][426]LogModuleManager: Shutting down and abandoning module OculusMR (850)
[2023.04.22-11.27.00:079][426]LogModuleManager: Shutting down and abandoning module PlanarCut (848)
[2023.04.22-11.27.00:079][426]LogModuleManager: Shutting down and abandoning module TakeRecorderSources (846)
[2023.04.22-11.27.00:079][426]LogModuleManager: Shutting down and abandoning module TakeRecorder (845)
[2023.04.22-11.27.00:079][426]LogModuleManager: Shutting down and abandoning module TakeTrackRecorders (842)
[2023.04.22-11.27.00:079][426]LogModuleManager: Shutting down and abandoning module TakesCore (840)
[2023.04.22-11.27.00:079][426]LogModuleManager: Shutting down and abandoning module CharacterAI (838)
[2023.04.22-11.27.00:079][426]LogModuleManager: Shutting down and abandoning module OpenXRInput (836)
[2023.04.22-11.27.00:079][426]LogModuleManager: Shutting down and abandoning module GooglePADEditor (834)
[2023.04.22-11.27.00:079][426]LogModuleManager: Shutting down and abandoning module AudioCaptureEditor (832)
[2023.04.22-11.27.00:079][426]LogModuleManager: Shutting down and abandoning module TemplateSequenceEditor (830)
[2023.04.22-11.27.00:079][426]LogModuleManager: Shutting down and abandoning module LevelSequenceEditor (828)
[2023.04.22-11.27.00:079][426]LogModuleManager: Shutting down and abandoning module MatineeToLevelSequence (826)
[2023.04.22-11.27.00:079][426]LogModuleManager: Shutting down and abandoning module ActorSequenceEditor (824)
[2023.04.22-11.27.00:079][426]LogModuleManager: Shutting down and abandoning module MagicLeapMediaCodecFactory (822)
[2023.04.22-11.27.00:079][426]LogModuleManager: Shutting down and abandoning module MagicLeapMediaFactory (820)
[2023.04.22-11.27.00:079][426]LogModuleManager: Shutting down and abandoning module MagicLeapMediaEditor (818)
[2023.04.22-11.27.00:079][426]LogModuleManager: Shutting down and abandoning module WmfMediaFactory (816)
[2023.04.22-11.27.00:079][426]LogModuleManager: Shutting down and abandoning module WmfMediaEditor (814)
[2023.04.22-11.27.00:079][426]LogModuleManager: Shutting down and abandoning module MediaCompositingEditor (812)
[2023.04.22-11.27.00:079][426]LogModuleManager: Shutting down and abandoning module SequenceRecorder (811)
[2023.04.22-11.27.00:079][426]LogModuleManager: Shutting down and abandoning module WebMMediaFactory (808)
[2023.04.22-11.27.00:079][426]LogModuleManager: Shutting down and abandoning module WebMMediaEditor (806)
[2023.04.22-11.27.00:079][426]LogModuleManager: Shutting down and abandoning module WebMMedia (804)
[2023.04.22-11.27.00:079][426]LogModuleManager: Shutting down and abandoning module MediaPlayerEditor (802)
[2023.04.22-11.27.00:079][426]LogModuleManager: Shutting down and abandoning module OpenExrWrapper (800)
[2023.04.22-11.27.00:079][426]LogModuleManager: Shutting down and abandoning module ImgMediaFactory (798)
[2023.04.22-11.27.00:079][426]LogModuleManager: Shutting down and abandoning module ImgMediaEditor (796)
[2023.04.22-11.27.00:079][426]LogModuleManager: Shutting down and abandoning module AvfMediaFactory (794)
[2023.04.22-11.27.00:079][426]LogModuleManager: Shutting down and abandoning module AvfMediaEditor (792)
[2023.04.22-11.27.00:079][426]LogModuleManager: Shutting down and abandoning module AndroidMediaFactory (790)
[2023.04.22-11.27.00:079][426]LogModuleManager: Shutting down and abandoning module AndroidMediaEditor (788)
[2023.04.22-11.27.00:079][426]LogModuleManager: Shutting down and abandoning module TextureAlignMode (786)
[2023.04.22-11.27.00:079][426]LogModuleManager: Shutting down and abandoning module BspMode (784)
[2023.04.22-11.27.00:080][426]LogModuleManager: Shutting down and abandoning module GeometryMode (782)
[2023.04.22-11.27.00:080][426]LogModuleManager: Shutting down and abandoning module CameraShakePreviewer (780)
[2023.04.22-11.27.00:080][426]LogModuleManager: Shutting down and abandoning module SmartSnapping (778)
[2023.04.22-11.27.00:080][426]LogModuleManager: Shutting down and abandoning module SessionServices (776)
[2023.04.22-11.27.00:080][426]LogModuleManager: Shutting down and abandoning module MeshPaint (774)
[2023.04.22-11.27.00:080][426]LogModuleManager: Shutting down and abandoning module VirtualTexturingEditor (772)
[2023.04.22-11.27.00:080][426]LogModuleManager: Shutting down and abandoning module FoliageEdit (770)
[2023.04.22-11.27.00:080][426]LogModuleManager: Shutting down and abandoning module LandscapeEditor (768)
[2023.04.22-11.27.00:080][426]LogModuleManager: Shutting down and abandoning module MeshPaintMode (766)
[2023.04.22-11.27.00:080][426]LogModuleManager: Shutting down and abandoning module SceneDepthPickerMode (764)
[2023.04.22-11.27.00:080][426]LogModuleManager: Shutting down and abandoning module ActorPickerMode (762)
[2023.04.22-11.27.00:080][426]LogModuleManager: Shutting down and abandoning module PlacementMode (760)
[2023.04.22-11.27.00:080][426]LogModuleManager: Shutting down and abandoning module ViewportSnapping (758)
[2023.04.22-11.27.00:080][426]LogModuleManager: Shutting down and abandoning module ViewportInteraction (756)
[2023.04.22-11.27.00:080][426]LogModuleManager: Shutting down and abandoning module ClothPainter (754)
[2023.04.22-11.27.00:080][426]LogModuleManager: Shutting down and abandoning module SkeletalMeshEditor (753)
[2023.04.22-11.27.00:080][426]LogModuleManager: Shutting down and abandoning module LogVisualizer (750)
[2023.04.22-11.27.00:080][426]LogModuleManager: Shutting down and abandoning module IntroTutorials (748)
[2023.04.22-11.27.00:080][426]LogModuleManager: Shutting down and abandoning module GameProjectGeneration (747)
[2023.04.22-11.27.00:080][426]LogModuleManager: Shutting down and abandoning module LuminPlatformEditor (744)
[2023.04.22-11.27.00:080][426]LogModuleManager: Shutting down and abandoning module IOSPlatformEditor (742)
[2023.04.22-11.27.00:080][426]LogModuleManager: Shutting down and abandoning module AndroidPlatformEditor (740)
[2023.04.22-11.27.00:080][426]LogModuleManager: Shutting down and abandoning module AndroidDeviceDetection (739)
[2023.04.22-11.27.00:179][426]LogModuleManager: Shutting down and abandoning module WindowsPlatformEditor (736)
[2023.04.22-11.27.00:179][426]LogModuleManager: Shutting down and abandoning module LuminRuntimeSettings (734)
[2023.04.22-11.27.00:179][426]LogModuleManager: Shutting down and abandoning module IOSRuntimeSettings (732)
[2023.04.22-11.27.00:179][426]LogModuleManager: Shutting down and abandoning module AndroidRuntimeSettings (730)
[2023.04.22-11.27.00:179][426]LogModuleManager: Shutting down and abandoning module TraceInsights (728)
[2023.04.22-11.27.00:180][426]MemoryProfiler: Shutdown
[2023.04.22-11.27.00:180][426]NetworkingProfiler: Shutdown
[2023.04.22-11.27.00:180][426]LoadingProfiler: Shutdown
[2023.04.22-11.27.00:180][426]TimingProfiler: Shutdown
[2023.04.22-11.27.00:180][426]LogModuleManager: Shutting down and abandoning module TraceServices (727)
[2023.04.22-11.27.00:180][426]LogModuleManager: Shutting down and abandoning module EditorInteractiveToolsFramework (724)
[2023.04.22-11.27.00:180][426]LogModuleManager: Shutting down and abandoning module TimeManagementEditor (722)
[2023.04.22-11.27.00:180][426]LogModuleManager: Shutting down and abandoning module InputBindingEditor (720)
[2023.04.22-11.27.00:180][426]LogModuleManager: Shutting down and abandoning module MergeActors (718)
[2023.04.22-11.27.00:180][426]LogModuleManager: Shutting down and abandoning module LocalizationDashboard (716)
[2023.04.22-11.27.00:180][426]LogModuleManager: Shutting down and abandoning module LocalizationService (715)
[2023.04.22-11.27.00:180][426]LogModuleManager: Shutting down and abandoning module HardwareTargeting (712)
[2023.04.22-11.27.00:180][426]LogModuleManager: Shutting down and abandoning module DeviceProfileEditor (710)
[2023.04.22-11.27.00:180][426]LogModuleManager: Shutting down and abandoning module UndoHistory (708)
[2023.04.22-11.27.00:180][426]LogModuleManager: Shutting down and abandoning module XmlParser (706)
[2023.04.22-11.27.00:180][426]LogModuleManager: Shutting down and abandoning module Blutility (704)
[2023.04.22-11.27.00:180][426]LogModuleManager: Shutting down and abandoning module ProjectSettingsViewer (702)
[2023.04.22-11.27.00:180][426]LogModuleManager: Shutting down and abandoning module ProjectTargetPlatformEditor (701)
[2023.04.22-11.27.00:180][426]LogModuleManager: Shutting down and abandoning module EditorSettingsViewer (698)
[2023.04.22-11.27.00:180][426]LogModuleManager: Shutting down and abandoning module InternationalizationSettings (697)
[2023.04.22-11.27.00:180][426]LogModuleManager: Shutting down and abandoning module SettingsEditor (694)
[2023.04.22-11.27.00:180][426]LogModuleManager: Shutting down and abandoning module ProjectLauncher (692)
[2023.04.22-11.27.00:180][426]LogModuleManager: Shutting down and abandoning module SessionFrontend (690)
[2023.04.22-11.27.00:180][426]LogModuleManager: Shutting down and abandoning module ProfilerClient (688)
[2023.04.22-11.27.00:180][426]LogModuleManager: Shutting down and abandoning module DeviceManager (686)
[2023.04.22-11.27.00:180][426]LogModuleManager: Shutting down and abandoning module TargetDeviceServices (685)
[2023.04.22-11.27.00:212][426]LogModuleManager: Shutting down and abandoning module AutomationController (682)
[2023.04.22-11.27.00:212][426]LogModuleManager: Shutting down and abandoning module AutomationWindow (680)
[2023.04.22-11.27.00:212][426]LogModuleManager: Shutting down and abandoning module Layers (678)
[2023.04.22-11.27.00:212][426]LogModuleManager: Shutting down and abandoning module ComponentVisualizers (676)
[2023.04.22-11.27.00:212][426]LogModuleManager: Shutting down and abandoning module DetailCustomizations (674)
[2023.04.22-11.27.00:212][426]LogModuleManager: Shutting down and abandoning module PackagesDialog (672)
[2023.04.22-11.27.00:212][426]LogModuleManager: Shutting down and abandoning module AnimationBlueprintEditor (670)
[2023.04.22-11.27.00:212][426]LogModuleManager: Shutting down and abandoning module Persona (668)
[2023.04.22-11.27.00:212][426]LogModuleManager: Shutting down and abandoning module AdvancedPreviewScene (667)
[2023.04.22-11.27.00:212][426]LogModuleManager: Shutting down and abandoning module AnimGraph (665)
[2023.04.22-11.27.00:212][426]LogModuleManager: Shutting down and abandoning module Kismet (662)
[2023.04.22-11.27.00:212][426]LogModuleManager: Shutting down and abandoning module KismetWidgets (661)
[2023.04.22-11.27.00:212][426]LogModuleManager: Shutting down and abandoning module GraphEditor (658)
[2023.04.22-11.27.00:212][426]LogModuleManager: Shutting down and abandoning module StructViewer (656)
[2023.04.22-11.27.00:212][426]LogModuleManager: Shutting down and abandoning module ClassViewer (654)
[2023.04.22-11.27.00:212][426]LogModuleManager: Shutting down and abandoning module Toolbox (652)
[2023.04.22-11.27.00:212][426]LogModuleManager: Shutting down and abandoning module ModuleUI (650)
[2023.04.22-11.27.00:212][426]LogModuleManager: Shutting down and abandoning module OutputLog (648)
[2023.04.22-11.27.00:212][426]LogModuleManager: Shutting down and abandoning module GammaUI (646)
[2023.04.22-11.27.00:212][426]LogModuleManager: Shutting down and abandoning module Documentation (644)
[2023.04.22-11.27.00:212][426]LogModuleManager: Shutting down and abandoning module LiveCoding (642)
[2023.04.22-11.27.00:213][426]LogModuleManager: Shutting down and abandoning module LevelSequence (640)
[2023.04.22-11.27.00:213][426]LogModuleManager: Shutting down and abandoning module MovieSceneTracks (638)
[2023.04.22-11.27.00:213][426]LogModuleManager: Shutting down and abandoning module MovieScene (636)
[2023.04.22-11.27.00:213][426]LogModuleManager: Shutting down and abandoning module StreamingPauseRendering (634)
[2023.04.22-11.27.00:213][426]LogModuleManager: Shutting down and abandoning module LauncherPlatform (632)
[2023.04.22-11.27.00:213][426]LogModuleManager: Shutting down and abandoning module AnalyticsET (630)
[2023.04.22-11.27.00:213][426]LogModuleManager: Shutting down and abandoning module PortalServices (628)
[2023.04.22-11.27.00:213][426]LogModuleManager: Shutting down and abandoning module PortalRpc (626)
[2023.04.22-11.27.00:213][426]LogModuleManager: Shutting down and abandoning module MessagingRpc (624)
[2023.04.22-11.27.00:213][426]LogModuleManager: Shutting down and abandoning module AudioMixerXAudio2 (622)
[2023.04.22-11.27.00:213][426]LogModuleManager: Shutting down and abandoning module AudioMixerCore (621)
[2023.04.22-11.27.00:213][426]LogModuleManager: Shutting down and abandoning module AIModule (618)
[2023.04.22-11.27.00:213][426]LogModuleManager: Shutting down and abandoning module GameplayDebugger (617)
[2023.04.22-11.27.00:213][426]LogModuleManager: Shutting down and abandoning module AITestSuite (615)
[2023.04.22-11.27.00:213][426]LogModuleManager: Shutting down and abandoning module NavigationSystem (613)
[2023.04.22-11.27.00:213][426]LogModuleManager: Shutting down and abandoning module ImageWriteQueue (610)
[2023.04.22-11.27.00:217][426]LogModuleManager: Shutting down and abandoning module ProfilerService (608)
[2023.04.22-11.27.00:359][426]LogModuleManager: Shutting down and abandoning module TaskGraph (606)
[2023.04.22-11.27.00:359][426]LogModuleManager: Shutting down and abandoning module AudioSynesthesiaEditor (604)
[2023.04.22-11.27.00:359][426]LogModuleManager: Shutting down and abandoning module OculusEditor (602)
[2023.04.22-11.27.00:359][426]LogModuleManager: Shutting down and abandoning module OculusInput (600)
[2023.04.22-11.27.00:359][426]LogModuleManager: Shutting down and abandoning module ContentBrowserFileDataSource (598)
[2023.04.22-11.27.00:359][426]LogModuleManager: Shutting down and abandoning module ContentBrowserAssetDataSource (596)
[2023.04.22-11.27.00:359][426]LogModuleManager: Shutting down and abandoning module ContentBrowserClassDataSource (594)
[2023.04.22-11.27.00:359][426]LogModuleManager: Shutting down and abandoning module CollectionManager (593)
[2023.04.22-11.27.00:359][426]LogModuleManager: Shutting down and abandoning module OpenImageDenoise (590)
[2023.04.22-11.27.00:359][426]LogOpenImageDenoise: OIDN shutting down
[2023.04.22-11.27.00:359][426]LogModuleManager: Shutting down and abandoning module MotoSynthEditor (588)
[2023.04.22-11.27.00:359][426]LogModuleManager: Shutting down and abandoning module MotoSynth (586)
[2023.04.22-11.27.00:359][426]LogModuleManager: Shutting down and abandoning module GeometryCacheTracks (584)
[2023.04.22-11.27.00:359][426]LogModuleManager: Shutting down and abandoning module GeometryCacheStreamer (582)
[2023.04.22-11.27.00:359][426]LogModuleManager: Shutting down and abandoning module GeometryCacheSequencer (580)
[2023.04.22-11.27.00:359][426]LogModuleManager: Shutting down and abandoning module GeometryCollectionTracks (578)
[2023.04.22-11.27.00:361][426]LogModuleManager: Shutting down and abandoning module GeometryCollectionSequencer (577)
[2023.04.22-11.27.00:361][426]LogModuleManager: Shutting down and abandoning module GeometryCollectionEditor (574)
[2023.04.22-11.27.00:361][426]LogModuleManager: Shutting down and abandoning module MeshConversion (572)
[2023.04.22-11.27.00:361][426]LogModuleManager: Shutting down and abandoning module DynamicMesh (570)
[2023.04.22-11.27.00:361][426]LogModuleManager: Shutting down and abandoning module GeometryAlgorithms (568)
[2023.04.22-11.27.00:361][426]LogModuleManager: Shutting down and abandoning module GeometricObjects (566)
[2023.04.22-11.27.00:361][426]LogModuleManager: Shutting down and abandoning module TakeSequencer (564)
[2023.04.22-11.27.00:361][426]LogModuleManager: Shutting down and abandoning module TakeMovieScene (562)
[2023.04.22-11.27.00:361][426]LogModuleManager: Shutting down and abandoning module FractureEditor (560)
[2023.04.22-11.27.00:361][426]LogModuleManager: Shutting down and abandoning module ChaosNiagara (558)
[2023.04.22-11.27.00:361][426]LogModuleManager: Shutting down and abandoning module ChaosClothEditor (556)
[2023.04.22-11.27.00:361][426]LogModuleManager: Shutting down and abandoning module ChaosSolverEditor (554)
[2023.04.22-11.27.00:361][426]LogModuleManager: Shutting down and abandoning module BackChannel (552)
[2023.04.22-11.27.00:361][426]LogModuleManager: Shutting down and abandoning module AutomationUtilsEditor (550)
[2023.04.22-11.27.00:361][426]LogModuleManager: Shutting down and abandoning module AutomationUtils (548)
[2023.04.22-11.27.00:361][426]LogModuleManager: Shutting down and abandoning module AlembicImporter (546)
[2023.04.22-11.27.00:361][426]LogModuleManager: Shutting down and abandoning module AlembicLibrary (545)
[2023.04.22-11.27.00:361][426]LogModuleManager: Shutting down and abandoning module GeometryCache (544)
[2023.04.22-11.27.00:361][426]LogModuleManager: Shutting down and abandoning module GeometryCacheEd (543)
[2023.04.22-11.27.00:361][426]LogModuleManager: Shutting down and abandoning module SynthesisEditor (538)
[2023.04.22-11.27.00:361][426]LogModuleManager: Shutting down and abandoning module Synthesis (536)
[2023.04.22-11.27.00:361][426]LogModuleManager: Shutting down and abandoning module ProceduralMeshComponentEditor (534)
[2023.04.22-11.27.00:361][426]LogModuleManager: Shutting down and abandoning module ProceduralMeshComponent (532)
[2023.04.22-11.27.00:361][426]LogModuleManager: Shutting down and abandoning module OpenXREditor (530)
[2023.04.22-11.27.00:361][426]LogModuleManager: Shutting down and abandoning module MobilePatchingUtils (528)
[2023.04.22-11.27.00:361][426]LogModuleManager: Shutting down and abandoning module ScreenshotTools (526)
[2023.04.22-11.27.00:361][426]LogModuleManager: Shutting down and abandoning module GooglePAD (524)
[2023.04.22-11.27.00:361][426]LogModuleManager: Shutting down and abandoning module EditableMesh (522)
[2023.04.22-11.27.00:361][426]LogModuleManager: Shutting down and abandoning module FieldSystemEngine (521)
[2023.04.22-11.27.00:361][426]LogModuleManager: Shutting down and abandoning module CustomMeshComponent (518)
[2023.04.22-11.27.00:361][426]LogModuleManager: Shutting down and abandoning module CableComponent (516)
[2023.04.22-11.27.00:361][426]LogModuleManager: Shutting down and abandoning module AssetTags (514)
[2023.04.22-11.27.00:361][426]LogModuleManager: Shutting down and abandoning module AudioCapture (512)
[2023.04.22-11.27.00:361][426]LogModuleManager: Shutting down and abandoning module AudioCaptureRtAudio (511)
[2023.04.22-11.27.00:361][426]LogModuleManager: Shutting down and abandoning module ArchVisCharacter (508)
[2023.04.22-11.27.00:361][426]LogModuleManager: Shutting down and abandoning module AppleImageUtilsBlueprintSupport (506)
[2023.04.22-11.27.00:361][426]LogModuleManager: Shutting down and abandoning module AppleImageUtils (504)
[2023.04.22-11.27.00:361][426]LogModuleManager: Shutting down and abandoning module AndroidPermission (502)
[2023.04.22-11.27.00:361][426]LogModuleManager: Shutting down and abandoning module ActorLayerUtilitiesEditor (500)
[2023.04.22-11.27.00:361][426]LogModuleManager: Shutting down and abandoning module ActorLayerUtilities (498)
[2023.04.22-11.27.00:361][426]LogModuleManager: Shutting down and abandoning module PluginUtils (496)
[2023.04.22-11.27.00:361][426]LogModuleManager: Shutting down and abandoning module TemplateSequence (494)
[2023.04.22-11.27.00:361][426]LogModuleManager: Shutting down and abandoning module VisualStudioSourceCodeAccess (492)
[2023.04.22-11.27.00:361][426]LogModuleManager: Shutting down and abandoning module MagicLeapSharedWorld (490)
[2023.04.22-11.27.00:361][426]LogModuleManager: Shutting down and abandoning module VisualStudioCodeSourceCodeAccess (488)
[2023.04.22-11.27.00:361][426]LogModuleManager: Shutting down and abandoning module MagicLeapLightEstimation (486)
[2023.04.22-11.27.00:361][426]LogModuleManager: Shutting down and abandoning module UObjectPlugin (484)
[2023.04.22-11.27.00:361][426]LogModuleManager: Shutting down and abandoning module SubversionSourceControl (482)
[2023.04.22-11.27.00:361][426]LogModuleManager: Shutting down and abandoning module RiderSourceCodeAccess (480)
[2023.04.22-11.27.00:361][426]LogModuleManager: Shutting down and abandoning module MagicLeapHelperVulkan (478)
[2023.04.22-11.27.00:361][426]LogModuleManager: Shutting down and abandoning module MagicLeapHelperOpenGL (476)
[2023.04.22-11.27.00:361][426]LogModuleManager: Shutting down and abandoning module MagicLeapAudio (474)
[2023.04.22-11.27.00:361][426]LogModuleManager: Shutting down and abandoning module MediaCompositing (472)
[2023.04.22-11.27.00:361][426]LogModuleManager: Shutting down and abandoning module ImgMedia (470)
[2023.04.22-11.27.00:361][426]LogModuleManager: Shutting down and abandoning module PlasticSourceControl (468)
[2023.04.22-11.27.00:361][426]LogModuleManager: Shutting down and abandoning module PerforceSourceControl (466)
[2023.04.22-11.27.00:361][426]LogModuleManager: Shutting down and abandoning module GitSourceControl (464)
[2023.04.22-11.27.00:361][426]LogModuleManager: Shutting down and abandoning module SourceControl (463)
[2023.04.22-11.27.00:361][426]LogModuleManager: Shutting down and abandoning module VariantManagerContentEditor (460)
[2023.04.22-11.27.00:361][426]LogModuleManager: Shutting down and abandoning module CLionSourceCodeAccess (458)
[2023.04.22-11.27.00:361][426]LogModuleManager: Shutting down and abandoning module DatasmithContentEditor (456)
[2023.04.22-11.27.00:361][426]LogModuleManager: Shutting down and abandoning module AnimationSharingEd (454)
[2023.04.22-11.27.00:361][426]LogModuleManager: Shutting down and abandoning module NiagaraEditorWidgets (452)
[2023.04.22-11.27.00:361][426]LogModuleManager: Shutting down and abandoning module SpeedTreeImporter (450)
[2023.04.22-11.27.00:361][426]LogModuleManager: Shutting down and abandoning module MobileLauncherProfileWizard (448)
[2023.04.22-11.27.00:361][426]LogModuleManager: Shutting down and abandoning module PluginBrowser (446)
[2023.04.22-11.27.00:361][426]LogModuleManager: Shutting down and abandoning module MaterialAnalyzer (444)
[2023.04.22-11.27.00:361][426]LogModuleManager: Shutting down and abandoning module CurveEditorTools (442)
[2023.04.22-11.27.00:361][426]LogModuleManager: Shutting down and abandoning module CryptoKeysOpenSSL (440)
[2023.04.22-11.27.00:361][426]LogModuleManager: Shutting down and abandoning module CryptoKeys (438)
[2023.04.22-11.27.00:361][426]LogModuleManager: Shutting down and abandoning module OodleNetworkHandlerComponent (436)
[2023.04.22-11.27.00:361][426]LogModuleManager: Shutting down and abandoning module LiveLinkSequencer (434)
[2023.04.22-11.27.00:361][426]LogModuleManager: Shutting down and abandoning module LiveLinkMovieScene (432)
[2023.04.22-11.27.00:361][426]LogModuleManager: Shutting down and abandoning module LiveLinkGraphNode (430)
[2023.04.22-11.27.00:361][426]LogModuleManager: Shutting down and abandoning module LiveLinkEditor (428)
[2023.04.22-11.27.00:361][426]LogModuleManager: Shutting down and abandoning module LiveLinkComponents (426)
[2023.04.22-11.27.00:361][426]LogModuleManager: Shutting down and abandoning module LiveLink (424)
[2023.04.22-11.27.01:238][426]LogModuleManager: Shutting down and abandoning module GameplayCameras (422)
[2023.04.22-11.27.01:239][426]LogModuleManager: Shutting down and abandoning module LightPropagationVolumeEditor (420)
[2023.04.22-11.27.01:239][426]LogModuleManager: Shutting down and abandoning module PaperTiledImporter (418)
[2023.04.22-11.27.01:239][426]LogModuleManager: Shutting down and abandoning module PaperSpriteSheetImporter (416)
[2023.04.22-11.27.01:239][426]LogModuleManager: Shutting down and abandoning module Paper2DEditor (414)
[2023.04.22-11.27.01:239][426]LogModuleManager: Shutting down and abandoning module MeshPaintingToolset (412)
[2023.04.22-11.27.01:239][426]LogModuleManager: Shutting down and abandoning module MeshPaintEditorMode (410)
[2023.04.22-11.27.01:239][426]LogModuleManager: Shutting down and abandoning module PythonScriptPlugin (408)
[2023.04.22-11.27.01:239][426]LogModuleManager: Shutting down and abandoning module SoundFields (406)
[2023.04.22-11.27.01:239][426]LogModuleManager: Shutting down and abandoning module SignificanceManager (404)
[2023.04.22-11.27.01:239][426]LogModuleManager: Shutting down and abandoning module RuntimePhysXCooking (402)
[2023.04.22-11.27.01:239][426]LogModuleManager: Shutting down and abandoning module PropertyAccessEditor (400)
[2023.04.22-11.27.01:239][426]LogModuleManager: Shutting down and abandoning module PhysXVehiclesEditor (398)
[2023.04.22-11.27.01:239][426]LogModuleManager: Shutting down and abandoning module LocationServicesBPLibrary (394)
[2023.04.22-11.27.01:239][426]LogModuleManager: Shutting down and abandoning module AudioSynesthesia (392)
[2023.04.22-11.27.01:239][426]LogModuleManager: Shutting down and abandoning module AudioSynesthesiaCore (390)
[2023.04.22-11.27.01:239][426]LogModuleManager: Shutting down and abandoning module TcpMessaging (388)
[2023.04.22-11.27.01:340][426]LogModuleManager: Shutting down and abandoning module ActorSequence (386)
[2023.04.22-11.27.01:340][426]LogModuleManager: Shutting down and abandoning module UdpMessaging (384)
[2023.04.22-11.27.01:441][426]LogModuleManager: Shutting down and abandoning module MagicLeapARPin (382)
[2023.04.22-11.27.01:441][426]LogModuleManager: Shutting down and abandoning module MagicLeapHandMeshing (380)
[2023.04.22-11.27.01:441][426]LogModuleManager: Shutting down and abandoning module MagicLeapSecureStorage (378)
[2023.04.22-11.27.01:441][426]LogModuleManager: Shutting down and abandoning module MagicLeapPrivileges (376)
[2023.04.22-11.27.01:441][426]LogModuleManager: Shutting down and abandoning module MagicLeapPlanes (374)
[2023.04.22-11.27.01:441][426]LogMagicLeapPlanes: Planes tracker already destroyed.
[2023.04.22-11.27.01:441][426]LogModuleManager: Shutting down and abandoning module MagicLeapImageTracker (372)
[2023.04.22-11.27.01:441][426]LogModuleManager: Shutting down and abandoning module MagicLeapIdentity (370)
[2023.04.22-11.27.01:441][426]LogModuleManager: Shutting down and abandoning module MagicLeapHandTracking (368)
[2023.04.22-11.27.01:441][426]LogModuleManager: Shutting down and abandoning module MagicLeapEyeTracker (366)
[2023.04.22-11.27.01:441][426]LogModuleManager: Shutting down and abandoning module MagicLeapController (364)
[2023.04.22-11.27.01:441][426]LogModuleManager: Shutting down and abandoning module MagicLeapARPinImpl (362)
[2023.04.22-11.27.01:441][426]LogModuleManager: Shutting down and abandoning module MagicLeapAR (360)
[2023.04.22-11.27.01:441][426]LogModuleManager: Shutting down and abandoning module PropertyAccessNode (358)
[2023.04.22-11.27.01:441][426]LogModuleManager: Shutting down and abandoning module ImgMediaEngine (356)
[2023.04.22-11.27.01:441][426]LogModuleManager: Shutting down and abandoning module AnimationSharing (354)
[2023.04.22-11.27.01:441][426]LogModuleManager: Shutting down and abandoning module NiagaraAnimNotifies (352)
[2023.04.22-11.27.01:441][426]LogModuleManager: Shutting down and abandoning module Niagara (350)
[2023.04.22-11.27.01:441][426]LogModuleManager: Shutting down and abandoning module SignalProcessing (349)
[2023.04.22-11.27.01:441][426]LogModuleManager: Shutting down and abandoning module NiagaraEditor (347)
[2023.04.22-11.27.01:441][426]LogModuleManager: Shutting down and abandoning module NiagaraCore (344)
[2023.04.22-11.27.01:441][426]LogModuleManager: Shutting down and abandoning module GameplayTagsEditor (342)
[2023.04.22-11.27.01:441][426]LogModuleManager: Shutting down and abandoning module FacialAnimationEditor (340)
[2023.04.22-11.27.01:441][426]LogModuleManager: Shutting down and abandoning module FacialAnimation (338)
[2023.04.22-11.27.01:441][426]LogModuleManager: Shutting down and abandoning module DataValidation (336)
[2023.04.22-11.27.01:441][426]LogModuleManager: Shutting down and abandoning module AssetManagerEditor (334)
[2023.04.22-11.27.01:441][426]LogModuleManager: Shutting down and abandoning module LevelEditor (333)
[2023.04.22-11.27.01:442][426]LogModuleManager: Shutting down and abandoning module PixelInspectorModule (332)
[2023.04.22-11.27.01:442][426]LogModuleManager: Shutting down and abandoning module CommonMenuExtensions (330)
[2023.04.22-11.27.01:442][426]LogModuleManager: Shutting down and abandoning module MainFrame (328)
[2023.04.22-11.27.01:442][426]LogModuleManager: Shutting down and abandoning module HotReload (327)
[2023.04.22-11.27.01:442][426]LogModuleManager: Shutting down and abandoning module ToolMenus (323)
[2023.04.22-11.27.01:442][426]LogModuleManager: Shutting down and abandoning module ContentBrowser (321)
[2023.04.22-11.27.01:442][426]LogModuleManager: Shutting down and abandoning module ContentBrowserData (320)
[2023.04.22-11.27.01:442][426]LogModuleManager: Shutting down and abandoning module TreeMap (317)
[2023.04.22-11.27.01:442][426]LogModuleManager: Shutting down and abandoning module LightPropagationVolumeRuntime (314)
[2023.04.22-11.27.01:442][426]LogModuleManager: Shutting down and abandoning module EnvironmentQueryEditor (312)
[2023.04.22-11.27.01:442][426]LogModuleManager: Shutting down and abandoning module Paper2D (310)
[2023.04.22-11.27.01:442][426]LogModuleManager: Shutting down and abandoning module WindowsMoviePlayer (308)
[2023.04.22-11.27.01:443][426]LogModuleManager: Shutting down and abandoning module WebMMoviePlayer (306)
[2023.04.22-11.27.01:443][426]LogModuleManager: Shutting down and abandoning module NetworkReplayStreaming (304)
[2023.04.22-11.27.01:443][426]LogModuleManager: Shutting down and abandoning module PacketHandler (302)
[2023.04.22-11.27.01:443][426]LogModuleManager: Shutting down and abandoning module ClothingSystemEditor (300)
[2023.04.22-11.27.01:443][426]LogModuleManager: Shutting down and abandoning module ClothingSystemRuntimeNv (298)
[2023.04.22-11.27.01:443][426]LogModuleManager: Shutting down and abandoning module MediaAssets (296)
[2023.04.22-11.27.01:443][426]LogModuleManager: Shutting down and abandoning module Overlay (294)
[2023.04.22-11.27.01:443][426]LogModuleManager: Shutting down and abandoning module OverlayEditor (293)
[2023.04.22-11.27.01:443][426]LogModuleManager: Shutting down and abandoning module VREditor (290)
[2023.04.22-11.27.01:443][426]LogModuleManager: Shutting down and abandoning module StringTableEditor (288)
[2023.04.22-11.27.01:443][426]LogModuleManager: Shutting down and abandoning module GameplayTasksEditor (286)
[2023.04.22-11.27.01:443][426]LogModuleManager: Shutting down and abandoning module BehaviorTreeEditor (284)
[2023.04.22-11.27.01:443][426]LogModuleManager: Shutting down and abandoning module FunctionalTesting (282)
[2023.04.22-11.27.01:443][426]LogModuleManager: Shutting down and abandoning module CollisionAnalyzer (280)
[2023.04.22-11.27.01:443][426]LogModuleManager: Shutting down and abandoning module WorkspaceMenuStructure (279)
[2023.04.22-11.27.01:443][426]LogModuleManager: Shutting down and abandoning module UMG (276)
[2023.04.22-11.27.01:443][426]LogModuleManager: Shutting down and abandoning module UMGEditor (275)
[2023.04.22-11.27.01:443][426]LogModuleManager: Shutting down and abandoning module MessageLog (273)
[2023.04.22-11.27.01:443][426]LogModuleManager: Shutting down and abandoning module SlateReflector (268)
[2023.04.22-11.27.01:443][426]LogModuleManager: Shutting down and abandoning module Slate (266)
[2023.04.22-11.27.01:443][426]LogModuleManager: Shutting down and abandoning module SlateCore (264)
[2023.04.22-11.27.01:444][426]LogModuleManager: Shutting down and abandoning module LandscapeEditorUtilities (262)
[2023.04.22-11.27.01:444][426]LogModuleManager: Shutting down and abandoning module UnrealEd (260)
[2023.04.22-11.27.01:444][426]LogModuleManager: Shutting down and abandoning module MRMesh (258)
[2023.04.22-11.27.01:444][426]LogModuleManager: Shutting down and abandoning module SourceCodeAccess (256)
[2023.04.22-11.27.01:444][426]LogModuleManager: Shutting down and abandoning module HeadMountedDisplay (254)
[2023.04.22-11.27.01:444][426]LogModuleManager: Shutting down and abandoning module XAudio2 (252)
[2023.04.22-11.27.01:444][426]LogModuleManager: Shutting down and abandoning module Networking (250)
[2023.04.22-11.27.01:444][426]LogModuleManager: Shutting down and abandoning module Core (248)
[2023.04.22-11.27.01:444][426]LogModuleManager: Shutting down and abandoning module MaterialEditor (246)
[2023.04.22-11.27.01:444][426]LogModuleManager: Shutting down and abandoning module MovieSceneTools (244)
[2023.04.22-11.27.01:444][426]LogModuleManager: Shutting down and abandoning module CurveEditor (243)
[2023.04.22-11.27.01:444][426]LogModuleManager: Shutting down and abandoning module Sequencer (241)
[2023.04.22-11.27.01:444][426]LogModuleManager: Shutting down and abandoning module EditorStyle (240)
[2023.04.22-11.27.01:445][426]LogModuleManager: Shutting down and abandoning module KismetCompiler (236)
[2023.04.22-11.27.01:445][426]LogModuleManager: Shutting down and abandoning module MeshBuilder (234)
[2023.04.22-11.27.01:445][426]LogModuleManager: Shutting down and abandoning module MeshUtilities (232)
[2023.04.22-11.27.01:445][426]LogModuleManager: Shutting down and abandoning module MeshMergeUtilities (231)
[2023.04.22-11.27.01:445][426]LogModuleManager: Shutting down and abandoning module MeshReductionInterface (230)
[2023.04.22-11.27.01:445][426]LogModuleManager: Shutting down and abandoning module MeshBoneReduction (229)
[2023.04.22-11.27.01:445][426]LogModuleManager: Shutting down and abandoning module SkeletalMeshReduction (227)
[2023.04.22-11.27.01:445][426]LogModuleManager: Shutting down and abandoning module ProxyLODMeshReduction (225)
[2023.04.22-11.27.01:445][426]LogModuleManager: Shutting down and abandoning module QuadricMeshReduction (223)
[2023.04.22-11.27.01:445][426]LogModuleManager: Shutting down and abandoning module MaterialBaking (219)
[2023.04.22-11.27.01:445][426]LogModuleManager: Shutting down and abandoning module NullInstallBundleManager (214)
[2023.04.22-11.27.01:445][426]LogModuleManager: Shutting down and abandoning module DerivedDataCache (212)
[2023.04.22-11.27.01:445][426]LogModuleManager: Shutting down and abandoning module TargetPlatform (210)
[2023.04.22-11.27.01:445][426]LogModuleManager: Shutting down and abandoning module VulkanShaderFormat (209)
[2023.04.22-11.27.01:445][426]LogModuleManager: Shutting down and abandoning module ShaderFormatVectorVM (207)
[2023.04.22-11.27.01:445][426]LogModuleManager: Shutting down and abandoning module ShaderFormatOpenGL (205)
[2023.04.22-11.27.01:445][426]LogModuleManager: Shutting down and abandoning module ShaderFormatD3D (203)
[2023.04.22-11.27.01:445][426]LogModuleManager: Shutting down and abandoning module MetalShaderFormat (201)
[2023.04.22-11.27.01:445][426]LogModuleManager: Shutting down and abandoning module TextureFormatOodle (199)
[2023.04.22-11.27.01:445][426]LogModuleManager: Shutting down and abandoning module TextureFormatUncompressed (197)
[2023.04.22-11.27.01:445][426]LogModuleManager: Shutting down and abandoning module TextureFormatPVR (195)
[2023.04.22-11.27.01:445][426]LogModuleManager: Shutting down and abandoning module TextureFormatETC2 (193)
[2023.04.22-11.27.01:445][426]LogModuleManager: Shutting down and abandoning module TextureFormatDXT (191)
[2023.04.22-11.27.01:445][426]LogModuleManager: Shutting down and abandoning module TextureFormatIntelISPCTexComp (189)
[2023.04.22-11.27.01:445][426]LogModuleManager: Shutting down and abandoning module TextureFormatASTC (187)
[2023.04.22-11.27.01:445][426]LogModuleManager: Shutting down and abandoning module ImageWrapper (186)
[2023.04.22-11.27.01:445][426]LogModuleManager: Shutting down and abandoning module AudioFormatOpus (183)
[2023.04.22-11.27.01:445][426]LogModuleManager: Shutting down and abandoning module AudioFormatOgg (181)
[2023.04.22-11.27.01:445][426]LogModuleManager: Shutting down and abandoning module AudioFormatADPCM (179)
[2023.04.22-11.27.01:445][426]LogModuleManager: Shutting down and abandoning module WindowsServerTargetPlatform (177)
[2023.04.22-11.27.01:445][426]LogModuleManager: Shutting down and abandoning module WindowsClientTargetPlatform (175)
[2023.04.22-11.27.01:445][426]LogModuleManager: Shutting down and abandoning module WindowsTargetPlatform (173)
[2023.04.22-11.27.01:445][426]LogModuleManager: Shutting down and abandoning module WindowsNoEditorTargetPlatform (171)
[2023.04.22-11.27.01:445][426]LogModuleManager: Shutting down and abandoning module TVOSTargetPlatform (169)
[2023.04.22-11.27.01:446][426]LogModuleManager: Shutting down and abandoning module MacServerTargetPlatform (167)
[2023.04.22-11.27.01:446][426]LogModuleManager: Shutting down and abandoning module MacClientTargetPlatform (165)
[2023.04.22-11.27.01:446][426]LogModuleManager: Shutting down and abandoning module MacTargetPlatform (163)
[2023.04.22-11.27.01:446][426]LogModuleManager: Shutting down and abandoning module MacNoEditorTargetPlatform (161)
[2023.04.22-11.27.01:446][426]LogModuleManager: Shutting down and abandoning module LuminTargetPlatform (159)
[2023.04.22-11.27.01:447][426]LogModuleManager: Shutting down and abandoning module LinuxAArch64ServerTargetPlatform (157)
[2023.04.22-11.27.01:447][426]LogModuleManager: Shutting down and abandoning module LinuxAArch64ClientTargetPlatform (155)
[2023.04.22-11.27.01:447][426]LogModuleManager: Shutting down and abandoning module LinuxAArch64NoEditorTargetPlatform (153)
[2023.04.22-11.27.01:447][426]LogModuleManager: Shutting down and abandoning module LinuxServerTargetPlatform (151)
[2023.04.22-11.27.01:447][426]LogModuleManager: Shutting down and abandoning module LinuxClientTargetPlatform (149)
[2023.04.22-11.27.01:447][426]LogModuleManager: Shutting down and abandoning module LinuxNoEditorTargetPlatform (147)
[2023.04.22-11.27.01:447][426]LogModuleManager: Shutting down and abandoning module LinuxTargetPlatform (145)
[2023.04.22-11.27.01:447][426]LogModuleManager: Shutting down and abandoning module Messaging (143)
[2023.04.22-11.27.01:447][426]LogModuleManager: Shutting down and abandoning module IOSTargetPlatform (141)
[2023.04.22-11.27.01:447][426]LogModuleManager: Shutting down and abandoning module AndroidTargetPlatform (139)
[2023.04.22-11.27.01:449][426]LogModuleManager: Shutting down and abandoning module AllDesktopTargetPlatform (137)
[2023.04.22-11.27.01:449][426]LogModuleManager: Shutting down and abandoning module D3D11RHI (134)
[2023.04.22-11.27.01:449][426]LogModuleManager: Shutting down and abandoning module InputCore (132)
[2023.04.22-11.27.01:449][426]LogModuleManager: Shutting down and abandoning module Settings (130)
[2023.04.22-11.27.01:449][426]LogModuleManager: Shutting down and abandoning module DirectoryWatcher (128)
[2023.04.22-11.27.01:449][426]LogModuleManager: Shutting down and abandoning module PhysXCooking (126)
[2023.04.22-11.27.01:449][426]LogModuleManager: Shutting down and abandoning module Chaos (124)
[2023.04.22-11.27.01:450][426]LogModuleManager: Shutting down and abandoning module WindowsPlatformFeatures (122)
[2023.04.22-11.27.01:450][426]LogModuleManager: Shutting down and abandoning module GameplayMediaEncoder (121)
[2023.04.22-11.27.01:450][426]LogModuleManager: Shutting down and abandoning module AVEncoder (120)
[2023.04.22-11.27.01:450][426]LogModuleManager: Shutting down and abandoning module SteamVRInputDevice (116)
[2023.04.22-11.27.01:450][426]LogModuleManager: Shutting down and abandoning module SteamVRInput (114)
[2023.04.22-11.27.01:450][426]LogModuleManager: Shutting down and abandoning module SteamVR (112)
[2023.04.22-11.27.01:450][426]LogHMD: Freeing OpenVRDLLHandle.
[2023.04.22-11.27.01:450][426]LogModuleManager: Shutting down and abandoning module OculusHMD (110)
[2023.04.22-11.27.01:450][426]LogModuleManager: Shutting down and abandoning module ChaosCloth (108)
[2023.04.22-11.27.01:450][426]LogModuleManager: Shutting down and abandoning module OpenXRHandTracking (106)
[2023.04.22-11.27.01:450][426]LogSlate: Slate User Destroyed.  User Index 0, Is Virtual User: 0
[2023.04.22-11.27.01:450][426]LogModuleManager: Shutting down and abandoning module OpenXRAR (104)
[2023.04.22-11.27.01:450][426]LogModuleManager: Shutting down and abandoning module AugmentedReality (103)
[2023.04.22-11.27.01:450][426]LogModuleManager: Shutting down and abandoning module OpenXRHMD (100)
[2023.04.22-11.27.01:450][426]LogModuleManager: Shutting down and abandoning module OpenXREyeTracker (98)
[2023.04.22-11.27.01:450][426]LogModuleManager: Shutting down and abandoning module ExampleDeviceProfileSelector (96)
[2023.04.22-11.27.01:450][426]LogModuleManager: Shutting down and abandoning module ChunkDownloader (94)
[2023.04.22-11.27.01:450][426]LogModuleManager: Shutting down and abandoning module LauncherChunkInstaller (92)
[2023.04.22-11.27.01:450][426]LogModuleManager: Shutting down and abandoning module OnlineBlueprintSupport (90)
[2023.04.22-11.27.01:450][426]LogModuleManager: Shutting down and abandoning module OnlineSubsystem (86)
[2023.04.22-11.27.01:451][426]LogModuleManager: Shutting down and abandoning module XMPP (81)
[2023.04.22-11.27.01:451][426]LogModuleManager: Shutting down and abandoning module WebSockets (80)
[2023.04.22-11.27.01:475][426]LogModuleManager: Shutting down and abandoning module HTTP (77)
[2023.04.22-11.27.01:475][426]LogHttp: Display: Http module shutting down, but needs to wait on 1 outstanding Http requests:
[2023.04.22-11.27.01:475][426]LogHttp: Display: 	verb=[POST] url=[https://datarouter.ol.epicgames.com/datarouter/api/v1/public/data?SessionID=%7BC6E6EF7D-409D-3CE1-9ED8-CC9C72A7C5EE%7D&AppID=UEEditor.Rocket.Release&AppVersion=4.27.0-17155196%2B%2B%2BUE4%2BRelease-4.27&UserID=b86c77734b5038fae8b2508e31e623f7%7Cfd30c3e3280c4320a10d65e347aa93e8%7Ce8cb4182-a6b1-45a5-92d1-f6287d201e66&AppEnvironment=datacollector-binary&UploadType=eteventstream] refs=[1] status=Processing
[2023.04.22-11.27.01:475][426]LogHttp: Display: cleaning up 1 outstanding Http requests.
[2023.04.22-11.27.01:507][426]LogModuleManager: Shutting down and abandoning module SSL (76)
[2023.04.22-11.27.01:507][426]LogModuleManager: Shutting down and abandoning module MLSDK (72)
[2023.04.22-11.27.01:507][426]LogModuleManager: Shutting down and abandoning module WmfMedia (70)
[2023.04.22-11.27.01:508][426]LogModuleManager: Shutting down and abandoning module Media (69)
[2023.04.22-11.27.01:509][426]LogModuleManager: Shutting down and abandoning module MediaInfo (68)
[2023.04.22-11.27.01:509][426]LogModuleManager: Shutting down and abandoning module MagicLeap (64)
[2023.04.22-11.27.01:509][426]LogModuleManager: Shutting down and abandoning module ExrReaderGpu (62)
[2023.04.22-11.27.01:509][426]LogModuleManager: Shutting down and abandoning module PixWinPlugin (60)
[2023.04.22-11.27.01:509][426]LogModuleManager: Shutting down and abandoning module VariantManagerContent (58)
[2023.04.22-11.27.01:509][426]LogModuleManager: Shutting down and abandoning module DatasmithContent (56)
[2023.04.22-11.27.01:509][426]LogModuleManager: Shutting down and abandoning module NiagaraVertexFactories (54)
[2023.04.22-11.27.01:509][426]LogModuleManager: Shutting down and abandoning module NiagaraShader (52)
[2023.04.22-11.27.01:509][426]LogModuleManager: Shutting down and abandoning module AISupportModule (50)
[2023.04.22-11.27.01:509][426]LogModuleManager: Shutting down and abandoning module DesktopPlatform (48)
[2023.04.22-11.27.01:509][426]LogModuleManager: Shutting down and abandoning module PythonScriptPluginPreload (46)
[2023.04.22-11.27.01:509][426]LogModuleManager: Shutting down and abandoning module PlatformCryptoOpenSSL (44)
[2023.04.22-11.27.01:509][426]LogModuleManager: Shutting down and abandoning module PlatformCryptoTypes (42)
[2023.04.22-11.27.01:509][426]LogModuleManager: Shutting down and abandoning module PlatformCrypto (40)
[2023.04.22-11.27.01:509][426]LogModuleManager: Shutting down and abandoning module OodleDataCompressionFormat (38)
[2023.04.22-11.27.01:509][426]LogModuleManager: Shutting down and abandoning module XGEController (36)
[2023.04.22-11.27.01:509][426]LogXGEController: Cleaning working directory: C:/Users/the13eauty/AppData/Local/Temp/UnrealXGEWorkingDir/
[2023.04.22-11.27.01:509][426]LogModuleManager: Shutting down and abandoning module AnimationModifiers (34)
[2023.04.22-11.27.01:509][426]LogModuleManager: Shutting down and abandoning module AudioEditor (32)
[2023.04.22-11.27.01:510][426]LogModuleManager: Shutting down and abandoning module PropertyEditor (31)
[2023.04.22-11.27.01:510][426]LogModuleManager: Shutting down and abandoning module TextureCompressor (28)
[2023.04.22-11.27.01:510][426]LogModuleManager: Shutting down and abandoning module RenderCore (26)
[2023.04.22-11.27.01:510][426]LogModuleManager: Shutting down and abandoning module Landscape (24)
[2023.04.22-11.27.01:510][426]LogModuleManager: Shutting down and abandoning module SlateRHIRenderer (22)
[2023.04.22-11.27.01:510][426]LogModuleManager: Shutting down and abandoning module AnimGraphRuntime (20)
[2023.04.22-11.27.01:510][426]LogModuleManager: Shutting down and abandoning module Renderer (18)
[2023.04.22-11.27.01:510][426]LogModuleManager: Shutting down and abandoning module Engine (16)
[2023.04.22-11.27.01:510][426]LogModuleManager: Shutting down and abandoning module CoreUObject (14)
[2023.04.22-11.27.01:510][426]LogModuleManager: Shutting down and abandoning module NetworkFile (12)
[2023.04.22-11.27.01:510][426]LogModuleManager: Shutting down and abandoning module CookedIterativeFile (10)
[2023.04.22-11.27.01:510][426]LogModuleManager: Shutting down and abandoning module StreamingFile (8)
[2023.04.22-11.27.01:510][426]LogModuleManager: Shutting down and abandoning module SandboxFile (6)
[2023.04.22-11.27.01:510][426]LogModuleManager: Shutting down and abandoning module PakFile (4)
[2023.04.22-11.27.01:510][426]LogModuleManager: Shutting down and abandoning module RSA (3)
[2023.04.22-11.27.01:999][426]LogContentStreaming: Display: There are 1 unreleased StreamingManagers
[2023.04.22-11.27.01:999][426]LogD3D11RHI: Shutdown
[2023.04.22-11.27.01:999][426]LogD3D11RHI: CleanupD3DDevice
[2023.04.22-11.27.02:017][426]LogExit: Exiting.
[2023.04.22-11.27.02:028][426]Log file closed, 04/22/23 14:57:02
