Log file open, 04/29/23 15:23:35
LogWindows: Failed to load 'aqProf.dll' (GetLastError=126)
LogWindows: File 'aqProf.dll' does not exist
LogWindows: Failed to load 'VtuneApi.dll' (GetLastError=126)
LogWindows: File 'VtuneApi.dll' does not exist
LogWindows: Failed to load 'VtuneApi32e.dll' (GetLastError=126)
LogWindows: File 'VtuneApi32e.dll' does not exist
LogConsoleResponse: Display: Failed to find resolution value strings in scalability ini. Falling back to default.
LogConsoleResponse: Display: Failed to find resolution value strings in scalability ini. Falling back to default.
LogInit: Display: Running engine for game: SpeedLimit_UniAzad
LogPlatformFile: Not using cached read wrapper
LogTaskGraph: Started task graph with 5 named threads and 23 total threads with 3 sets of task threads.
LogStats: Stats thread started at 0.360237
LogICUInternationalization: ICU TimeZone Detection - Raw Offset: +3:30, Platform Override: ''
LogInit: Display: Loading text-based GConfig....
LogPluginManager: Mounting plugin MeshPainting
LogPluginManager: Mounting plugin XGEController
LogPluginManager: Mounting plugin Paper2D
LogPluginManager: Mounting plugin LiveLink
LogPluginManager: Mounting plugin LightPropagationVolume
LogPluginManager: Mounting plugin AISupport
LogPluginManager: Mounting plugin EnvironmentQueryEditor
LogPluginManager: Mounting plugin CameraShakePreviewer
LogPluginManager: Mounting plugin GameplayCameras
LogPluginManager: Mounting plugin CLionSourceCodeAccess
LogPluginManager: Mounting plugin GitSourceControl
LogPluginManager: Mounting plugin CodeLiteSourceCodeAccess
LogPluginManager: Mounting plugin KDevelopSourceCodeAccess
LogPluginManager: Mounting plugin AnimationSharing
LogPluginManager: Mounting plugin NullSourceCodeAccess
LogPluginManager: Mounting plugin PerforceSourceControl
LogPluginManager: Mounting plugin PixWinPlugin
LogPluginManager: Mounting plugin PlasticSourceControl
LogPluginManager: Mounting plugin PropertyAccessNode
LogPluginManager: Mounting plugin PluginUtils
LogPluginManager: Mounting plugin SubversionSourceControl
LogPluginManager: Mounting plugin TextureFormatOodle
LogPluginManager: Mounting plugin RiderSourceCodeAccess
LogPluginManager: Mounting plugin UObjectPlugin
LogPluginManager: Mounting plugin VisualStudioSourceCodeAccess
LogPluginManager: Mounting plugin VisualStudioCodeSourceCodeAccess
LogPluginManager: Mounting plugin XCodeSourceCodeAccess
LogPluginManager: Mounting plugin AlembicImporter
LogPluginManager: Mounting plugin AssetManagerEditor
LogPluginManager: Mounting plugin AutomationUtils
LogPluginManager: Mounting plugin BackChannel
LogPluginManager: Mounting plugin CryptoKeys
LogPluginManager: Mounting plugin ChaosClothEditor
LogPluginManager: Mounting plugin ChaosEditor
LogPluginManager: Mounting plugin ChaosCloth
LogPluginManager: Mounting plugin CurveEditorTools
LogPluginManager: Mounting plugin ChaosNiagara
LogPluginManager: Mounting plugin ChaosSolverPlugin
LogPluginManager: Mounting plugin DataValidation
LogPluginManager: Mounting plugin FacialAnimation
LogPluginManager: Mounting plugin GeometryMode
LogPluginManager: Mounting plugin GameplayTagsEditor
LogPluginManager: Mounting plugin MacGraphicsSwitching
LogPluginManager: Mounting plugin MobileLauncherProfileWizard
LogPluginManager: Mounting plugin MaterialAnalyzer
LogPluginManager: Mounting plugin PluginBrowser
LogPluginManager: Mounting plugin Niagara
LogPluginManager: Mounting plugin SpeedTreeImporter
LogPluginManager: Mounting plugin CharacterAI
LogPluginManager: Mounting plugin DatasmithContent
LogPluginManager: Mounting plugin GeometryCache
LogPluginManager: Mounting plugin GeometryCollectionPlugin
LogPluginManager: Mounting plugin GeometryProcessing
LogPluginManager: Mounting plugin VariantManagerContent
LogPluginManager: Mounting plugin MotoSynth
LogPluginManager: Mounting plugin OpenImageDenoise
LogPluginManager: Mounting plugin PlanarCut
LogPluginManager: Mounting plugin PlatformCrypto
LogPluginManager: Mounting plugin ProxyLODPlugin
LogPluginManager: Mounting plugin PythonScriptPlugin
LogPluginManager: Mounting plugin SkeletalReduction
LogPluginManager: Mounting plugin LuminPlatformFeatures
LogPluginManager: Mounting plugin MagicLeap
LogPluginManager: Mounting plugin MagicLeapLightEstimation
LogPluginManager: Mounting plugin MagicLeapMedia
LogPluginManager: Mounting plugin MLSDK
LogPluginManager: Mounting plugin MagicLeapPassableWorld
LogPluginManager: Mounting plugin TcpMessaging
LogPluginManager: Mounting plugin UdpMessaging
LogPluginManager: Mounting plugin ActorSequence
LogPluginManager: Mounting plugin MatineeToLevelSequence
LogPluginManager: Mounting plugin LevelSequenceEditor
LogPluginManager: Mounting plugin AndroidMedia
LogPluginManager: Mounting plugin TemplateSequence
LogPluginManager: Mounting plugin AvfMedia
LogPluginManager: Mounting plugin ImgMedia
LogPluginManager: Mounting plugin MediaCompositing
LogPluginManager: Mounting plugin MediaPlayerEditor
LogPluginManager: Mounting plugin WebMMedia
LogPluginManager: Mounting plugin WmfMedia
LogPluginManager: Mounting plugin OnlineSubsystem
LogPluginManager: Mounting plugin OnlineSubsystemNull
LogPluginManager: Mounting plugin LauncherChunkInstaller
LogPluginManager: Mounting plugin OnlineSubsystemUtils
LogPluginManager: Mounting plugin ActorLayerUtilities
LogPluginManager: Mounting plugin AndroidDeviceProfileSelector
LogPluginManager: Mounting plugin AndroidPermission
LogPluginManager: Mounting plugin AndroidMoviePlayer
LogPluginManager: Mounting plugin AppleImageUtils
LogPluginManager: Mounting plugin AppleMoviePlayer
LogPluginManager: Mounting plugin AssetTags
LogPluginManager: Mounting plugin ArchVisCharacter
LogPluginManager: Mounting plugin AudioCapture
LogPluginManager: Mounting plugin AudioSynesthesia
LogPluginManager: Mounting plugin CableComponent
LogPluginManager: Mounting plugin EditableMesh
LogPluginManager: Mounting plugin CustomMeshComponent
LogPluginManager: Mounting plugin ExampleDeviceProfileSelector
LogPluginManager: Mounting plugin ChunkDownloader
LogPluginManager: Mounting plugin GoogleCloudMessaging
LogPluginManager: Mounting plugin GooglePAD
LogPluginManager: Mounting plugin IOSDeviceProfileSelector
LogPluginManager: Mounting plugin LinuxDeviceProfileSelector
LogPluginManager: Mounting plugin LocationServicesBPLibrary
LogPluginManager: Mounting plugin MobilePatchingUtils
LogPluginManager: Mounting plugin OpenXR
LogPluginManager: Mounting plugin OpenXRHandTracking
LogPluginManager: Mounting plugin OpenXREyeTracker
LogPluginManager: Mounting plugin PhysXVehicles
LogPluginManager: Mounting plugin PostSplashScreen
LogPluginManager: Mounting plugin ProceduralMeshComponent
LogPluginManager: Mounting plugin PropertyAccessEditor
LogPluginManager: Mounting plugin RuntimePhysXCooking
LogPluginManager: Mounting plugin SignificanceManager
LogPluginManager: Mounting plugin SoundFields
LogPluginManager: Mounting plugin Synthesis
LogPluginManager: Mounting plugin WebMMoviePlayer
LogPluginManager: Mounting plugin WindowsMoviePlayer
LogPluginManager: Mounting plugin ScreenshotTools
LogPluginManager: Mounting plugin Takes
LogPluginManager: Mounting plugin OodleData
LogPluginManager: Mounting plugin OodleNetwork
LogPluginManager: Mounting plugin ContentBrowserAssetDataSource
LogPluginManager: Mounting plugin ContentBrowserClassDataSource
LogPluginManager: Mounting plugin ContentBrowserFileDataSource
LogPluginManager: Mounting plugin OnlineSubsystemGooglePlay
LogPluginManager: Mounting plugin OnlineSubsystemIOS
LogPluginManager: Mounting plugin OculusVR
LogPluginManager: Mounting plugin SteamVR
PixWinPlugin: PIX capture plugin failed to initialize! Check that the process is launched from PIX.
LogInit: Using libcurl 7.55.1-DEV
LogInit:  - built for x86_64-pc-win32
LogInit:  - supports SSL with OpenSSL/1.1.1
LogInit:  - supports HTTP deflate (compression) using libz 1.2.8
LogInit:  - other features:
LogInit:      CURL_VERSION_SSL
LogInit:      CURL_VERSION_LIBZ
LogInit:      CURL_VERSION_IPV6
LogInit:      CURL_VERSION_ASYNCHDNS
LogInit:      CURL_VERSION_LARGEFILE
LogInit:      CURL_VERSION_IDN
LogInit:  CurlRequestOptions (configurable via config and command line):
LogInit:  - bVerifyPeer = true  - Libcurl will verify peer certificate
LogInit:  - bUseHttpProxy = false  - Libcurl will NOT use HTTP proxy
LogInit:  - bDontReuseConnections = false  - Libcurl will reuse connections
LogInit:  - MaxHostConnections = 16  - Libcurl will limit the number of connections to a host
LogInit:  - LocalHostAddr = Default
LogInit:  - BufferSize = 65536
LogOnline: OSS: Creating online subsystem instance for: NULL
LogInit: WinSock: version 1.1 (2.2), MaxSocks=32767, MaxUdp=65467
LogOnline: OSS: TryLoadSubsystemAndSetDefault: Loaded subsystem for module [NULL]
LogOculusPluginWrapper: OculusPlugin initialized successfully
LogHMD: Failed initializing OVRPlugin 1.59.0
LogInit: Build: ++UE4+Release-4.27-CL-17155196
LogInit: Engine Version: 4.27.0-17155196+++UE4+Release-4.27
LogInit: Compatible Engine Version: 4.27.0-17155196+++UE4+Release-4.27
LogInit: Net CL: 17155196
LogInit: OS: Windows 10 (Release 2009) (), CPU: 11th Gen Intel(R) Core(TM) i7-1195G7 @ 2.90GHz, GPU: Intel(R) Iris(R) Xe Graphics
LogInit: Compiled (64-bit): Aug 13 2021 06:13:13
LogInit: Compiled with Visual C++: 19.24.28315.00
LogInit: Build Configuration: Development
LogInit: Branch Name: ++UE4+Release-4.27
LogInit: Command Line: 
LogInit: Base Directory: E:/Downloads/unreal_engine_v4.27_compiled/Unreal Engine v4.27 Compiled/Engine/Binaries/Win64/
LogInit: Allocator: TBB
LogInit: Installed Engine Build: 1
LogDevObjectVersion: Number of dev versions registered: 29
LogDevObjectVersion:   Dev-Blueprints (B0D832E4-1F89-4F0D-ACCF-7EB736FD4AA2): 10
LogDevObjectVersion:   Dev-Build (E1C64328-A22C-4D53-A36C-8E866417BD8C): 0
LogDevObjectVersion:   Dev-Core (375EC13C-06E4-48FB-B500-84F0262A717E): 4
LogDevObjectVersion:   Dev-Editor (E4B068ED-F494-42E9-A231-DA0B2E46BB41): 40
LogDevObjectVersion:   Dev-Framework (CFFC743F-43B0-4480-9391-14DF171D2073): 37
LogDevObjectVersion:   Dev-Mobile (B02B49B5-BB20-44E9-A304-32B752E40360): 3
LogDevObjectVersion:   Dev-Networking (A4E4105C-59A1-49B5-A7C5-40C4547EDFEE): 0
LogDevObjectVersion:   Dev-Online (39C831C9-5AE6-47DC-9A44-9C173E1C8E7C): 0
LogDevObjectVersion:   Dev-Physics (78F01B33-EBEA-4F98-B9B4-84EACCB95AA2): 14
LogDevObjectVersion:   Dev-Platform (6631380F-2D4D-43E0-8009-CF276956A95A): 0
LogDevObjectVersion:   Dev-Rendering (12F88B9F-8875-4AFC-A67C-D90C383ABD29): 45
LogDevObjectVersion:   Dev-Sequencer (7B5AE74C-D270-4C10-A958-57980B212A5A): 13
LogDevObjectVersion:   Dev-VR (D7296918-1DD6-4BDD-9DE2-64A83CC13884): 3
LogDevObjectVersion:   Dev-LoadTimes (C2A15278-BFE7-4AFE-6C17-90FF531DF755): 1
LogDevObjectVersion:   Private-Geometry (6EACA3D4-40EC-4CC1-B786-8BED09428FC5): 3
LogDevObjectVersion:   Dev-AnimPhys (29E575DD-E0A3-4627-9D10-D276232CDCEA): 17
LogDevObjectVersion:   Dev-Anim (AF43A65D-7FD3-4947-9873-3E8ED9C1BB05): 15
LogDevObjectVersion:   Dev-ReflectionCapture (6B266CEC-1EC7-4B8F-A30B-E4D90942FC07): 1
LogDevObjectVersion:   Dev-Automation (0DF73D61-A23F-47EA-B727-89E90C41499A): 1
LogDevObjectVersion:   FortniteMain (601D1886-AC64-4F84-AA16-D3DE0DEAC7D6): 47
LogDevObjectVersion:   FortniteRelease (E7086368-6B23-4C58-8439-1B7016265E91): 1
LogDevObjectVersion:   Dev-Enterprise (9DFFBCD6-494F-0158-E221-12823C92A888): 10
LogDevObjectVersion:   Dev-Niagara (F2AED0AC-9AFE-416F-8664-AA7FFA26D6FC): 1
LogDevObjectVersion:   Dev-Destruction (174F1F0B-B4C6-45A5-B13F-2EE8D0FB917D): 10
LogDevObjectVersion:   Dev-Physics-Ext (35F94A83-E258-406C-A318-09F59610247C): 41
LogDevObjectVersion:   Dev-PhysicsMaterial-Chaos (B68FC16E-8B1B-42E2-B453-215C058844FE): 1
LogDevObjectVersion:   Dev-CineCamera (B2E18506-4273-CFC2-A54E-F4BB758BBA07): 1
LogDevObjectVersion:   Dev-VirtualProduction (64F58936-FD1B-42BA-BA96-7289D5D0FA4E): 1
LogDevObjectVersion:   Dev-MediaFramework (6F0ED827-A609-4895-9C91-998D90180EA4): 2
LogInit: Presizing for max 25165824 objects, including 0 objects not considered by GC, pre-allocating 0 bytes for permanent pool.
LogConfig: Applying CVar settings from Section [/Script/Engine.StreamingSettings] File [E:/Asus/Documents/GitHub/TheTroubleMakers/Unreal Engine Project/SpeedLimit_UniAzad/Saved/Config/Windows/Engine.ini]
LogConfig: Setting CVar [[s.MinBulkDataSizeForAsyncLoading:131072]]
LogConfig: Setting CVar [[s.AsyncLoadingThreadEnabled:0]]
LogConfig: Setting CVar [[s.EventDrivenLoaderEnabled:1]]
LogConfig: Setting CVar [[s.WarnIfTimeLimitExceeded:0]]
LogConfig: Setting CVar [[s.TimeLimitExceededMultiplier:1.5]]
LogConfig: Setting CVar [[s.TimeLimitExceededMinTime:0.005]]
LogConfig: Setting CVar [[s.UseBackgroundLevelStreaming:1]]
LogConfig: Setting CVar [[s.PriorityAsyncLoadingExtraTime:15.0]]
LogConfig: Setting CVar [[s.LevelStreamingActorsUpdateTimeLimit:5.0]]
LogConfig: Setting CVar [[s.PriorityLevelStreamingActorsUpdateExtraTime:5.0]]
LogConfig: Setting CVar [[s.LevelStreamingComponentsRegistrationGranularity:10]]
LogConfig: Setting CVar [[s.UnregisterComponentsTimeLimit:1.0]]
LogConfig: Setting CVar [[s.LevelStreamingComponentsUnregistrationGranularity:5]]
LogConfig: Setting CVar [[s.FlushStreamingOnExit:1]]
LogInit: Object subsystem initialized
LogConfig: Setting CVar [[con.DebugEarlyDefault:1]]
LogConfig: Setting CVar [[r.setres:1280x720]]
[2023.04.29-11.53.37:909][  0]LogConfig: Setting CVar [[r.VSync:0]]
[2023.04.29-11.53.37:909][  0]LogConfig: Setting CVar [[r.RHICmdBypass:0]]
[2023.04.29-11.53.37:909][  0]LogConfig: Applying CVar settings from Section [/Script/Engine.RendererSettings] File [E:/Asus/Documents/GitHub/TheTroubleMakers/Unreal Engine Project/SpeedLimit_UniAzad/Saved/Config/Windows/Engine.ini]
[2023.04.29-11.53.37:909][  0]LogConfig: Setting CVar [[r.GPUCrashDebugging:0]]
[2023.04.29-11.53.37:909][  0]LogConfig: Applying CVar settings from Section [/Script/Engine.RendererOverrideSettings] File [E:/Asus/Documents/GitHub/TheTroubleMakers/Unreal Engine Project/SpeedLimit_UniAzad/Saved/Config/Windows/Engine.ini]
[2023.04.29-11.53.37:909][  0]LogConfig: Applying CVar settings from Section [/Script/Engine.StreamingSettings] File [E:/Asus/Documents/GitHub/TheTroubleMakers/Unreal Engine Project/SpeedLimit_UniAzad/Saved/Config/Windows/Engine.ini]
[2023.04.29-11.53.37:909][  0]LogConfig: Setting CVar [[s.MinBulkDataSizeForAsyncLoading:131072]]
[2023.04.29-11.53.37:909][  0]LogConfig: Setting CVar [[s.AsyncLoadingThreadEnabled:0]]
[2023.04.29-11.53.37:909][  0]LogConfig: Setting CVar [[s.EventDrivenLoaderEnabled:1]]
[2023.04.29-11.53.37:909][  0]LogConfig: Setting CVar [[s.WarnIfTimeLimitExceeded:0]]
[2023.04.29-11.53.37:909][  0]LogConfig: Setting CVar [[s.TimeLimitExceededMultiplier:1.5]]
[2023.04.29-11.53.37:909][  0]LogConfig: Setting CVar [[s.TimeLimitExceededMinTime:0.005]]
[2023.04.29-11.53.37:909][  0]LogConfig: Setting CVar [[s.UseBackgroundLevelStreaming:1]]
[2023.04.29-11.53.37:909][  0]LogConfig: Setting CVar [[s.PriorityAsyncLoadingExtraTime:15.0]]
[2023.04.29-11.53.37:909][  0]LogConfig: Setting CVar [[s.LevelStreamingActorsUpdateTimeLimit:5.0]]
[2023.04.29-11.53.37:909][  0]LogConfig: Setting CVar [[s.PriorityLevelStreamingActorsUpdateExtraTime:5.0]]
[2023.04.29-11.53.37:909][  0]LogConfig: Setting CVar [[s.LevelStreamingComponentsRegistrationGranularity:10]]
[2023.04.29-11.53.37:909][  0]LogConfig: Setting CVar [[s.UnregisterComponentsTimeLimit:1.0]]
[2023.04.29-11.53.37:909][  0]LogConfig: Setting CVar [[s.LevelStreamingComponentsUnregistrationGranularity:5]]
[2023.04.29-11.53.37:910][  0]LogConfig: Setting CVar [[s.FlushStreamingOnExit:1]]
[2023.04.29-11.53.37:910][  0]LogConfig: Applying CVar settings from Section [/Script/Engine.GarbageCollectionSettings] File [E:/Asus/Documents/GitHub/TheTroubleMakers/Unreal Engine Project/SpeedLimit_UniAzad/Saved/Config/Windows/Engine.ini]
[2023.04.29-11.53.37:910][  0]LogConfig: Setting CVar [[gc.MaxObjectsNotConsideredByGC:1]]
[2023.04.29-11.53.37:910][  0]LogConfig: Setting CVar [[gc.SizeOfPermanentObjectPool:0]]
[2023.04.29-11.53.37:910][  0]LogConfig: Setting CVar [[gc.FlushStreamingOnGC:0]]
[2023.04.29-11.53.37:910][  0]LogConfig: Setting CVar [[gc.NumRetriesBeforeForcingGC:10]]
[2023.04.29-11.53.37:910][  0]LogConfig: Setting CVar [[gc.AllowParallelGC:1]]
[2023.04.29-11.53.37:910][  0]LogConfig: Setting CVar [[gc.TimeBetweenPurgingPendingKillObjects:61.1]]
[2023.04.29-11.53.37:910][  0]LogConfig: Setting CVar [[gc.MaxObjectsInEditor:25165824]]
[2023.04.29-11.53.37:910][  0]LogConfig: Setting CVar [[gc.IncrementalBeginDestroyEnabled:1]]
[2023.04.29-11.53.37:910][  0]LogConfig: Setting CVar [[gc.CreateGCClusters:1]]
[2023.04.29-11.53.37:910][  0]LogConfig: Setting CVar [[gc.MinGCClusterSize:5]]
[2023.04.29-11.53.37:910][  0]LogConfig: Setting CVar [[gc.ActorClusteringEnabled:0]]
[2023.04.29-11.53.37:910][  0]LogConfig: Setting CVar [[gc.BlueprintClusteringEnabled:0]]
[2023.04.29-11.53.37:910][  0]LogConfig: Setting CVar [[gc.UseDisregardForGCOnDedicatedServers:0]]
[2023.04.29-11.53.37:910][  0]LogConfig: Setting CVar [[gc.MultithreadedDestructionEnabled:1]]
[2023.04.29-11.53.37:910][  0]LogConfig: Applying CVar settings from Section [/Script/Engine.NetworkSettings] File [E:/Asus/Documents/GitHub/TheTroubleMakers/Unreal Engine Project/SpeedLimit_UniAzad/Saved/Config/Windows/Engine.ini]
[2023.04.29-11.53.37:910][  0]LogConfig: Applying CVar settings from Section [/Script/UnrealEd.CookerSettings] File [E:/Asus/Documents/GitHub/TheTroubleMakers/Unreal Engine Project/SpeedLimit_UniAzad/Saved/Config/Windows/Engine.ini]
[2023.04.29-11.53.37:945][  0]LogConfig: Applying CVar settings from Section [ViewDistanceQuality@3] File [E:/Asus/Documents/GitHub/TheTroubleMakers/Unreal Engine Project/SpeedLimit_UniAzad/Saved/Config/Windows/Scalability.ini]
[2023.04.29-11.53.37:945][  0]LogConfig: Setting CVar [[r.SkeletalMeshLODBias:0]]
[2023.04.29-11.53.37:945][  0]LogConfig: Setting CVar [[r.ViewDistanceScale:1.0]]
[2023.04.29-11.53.37:945][  0]LogConfig: Applying CVar settings from Section [AntiAliasingQuality@3] File [E:/Asus/Documents/GitHub/TheTroubleMakers/Unreal Engine Project/SpeedLimit_UniAzad/Saved/Config/Windows/Scalability.ini]
[2023.04.29-11.53.37:945][  0]LogConfig: Setting CVar [[r.PostProcessAAQuality:4]]
[2023.04.29-11.53.37:945][  0]LogConfig: Applying CVar settings from Section [ShadowQuality@3] File [E:/Asus/Documents/GitHub/TheTroubleMakers/Unreal Engine Project/SpeedLimit_UniAzad/Saved/Config/Windows/Scalability.ini]
[2023.04.29-11.53.37:945][  0]LogConfig: Setting CVar [[r.LightFunctionQuality:1]]
[2023.04.29-11.53.37:945][  0]LogConfig: Setting CVar [[r.ShadowQuality:5]]
[2023.04.29-11.53.37:945][  0]LogConfig: Setting CVar [[r.Shadow.CSM.MaxCascades:10]]
[2023.04.29-11.53.37:945][  0]LogConfig: Setting CVar [[r.Shadow.MaxResolution:2048]]
[2023.04.29-11.53.37:945][  0]LogConfig: Setting CVar [[r.Shadow.MaxCSMResolution:2048]]
[2023.04.29-11.53.37:945][  0]LogConfig: Setting CVar [[r.Shadow.RadiusThreshold:0.01]]
[2023.04.29-11.53.37:945][  0]LogConfig: Setting CVar [[r.Shadow.DistanceScale:1.0]]
[2023.04.29-11.53.37:945][  0]LogConfig: Setting CVar [[r.Shadow.CSM.TransitionScale:1.0]]
[2023.04.29-11.53.37:945][  0]LogConfig: Setting CVar [[r.Shadow.PreShadowResolutionFactor:1.0]]
[2023.04.29-11.53.37:945][  0]LogConfig: Setting CVar [[r.DistanceFieldShadowing:1]]
[2023.04.29-11.53.37:945][  0]LogConfig: Setting CVar [[r.DistanceFieldAO:1]]
[2023.04.29-11.53.37:945][  0]LogConfig: Setting CVar [[r.AOQuality:2]]
[2023.04.29-11.53.37:945][  0]LogConfig: Setting CVar [[r.VolumetricFog:1]]
[2023.04.29-11.53.37:945][  0]LogConfig: Setting CVar [[r.VolumetricFog.GridPixelSize:8]]
[2023.04.29-11.53.37:945][  0]LogConfig: Setting CVar [[r.VolumetricFog.GridSizeZ:128]]
[2023.04.29-11.53.37:945][  0]LogConfig: Setting CVar [[r.VolumetricFog.HistoryMissSupersampleCount:4]]
[2023.04.29-11.53.37:945][  0]LogConfig: Setting CVar [[r.LightMaxDrawDistanceScale:1]]
[2023.04.29-11.53.37:945][  0]LogConfig: Setting CVar [[r.CapsuleShadows:1]]
[2023.04.29-11.53.37:945][  0]LogConfig: Applying CVar settings from Section [PostProcessQuality@3] File [E:/Asus/Documents/GitHub/TheTroubleMakers/Unreal Engine Project/SpeedLimit_UniAzad/Saved/Config/Windows/Scalability.ini]
[2023.04.29-11.53.37:945][  0]LogConfig: Setting CVar [[r.MotionBlurQuality:4]]
[2023.04.29-11.53.37:945][  0]LogConfig: Setting CVar [[r.AmbientOcclusionMipLevelFactor:0.4]]
[2023.04.29-11.53.37:945][  0]LogConfig: Setting CVar [[r.AmbientOcclusionMaxQuality:100]]
[2023.04.29-11.53.37:945][  0]LogConfig: Setting CVar [[r.AmbientOcclusionLevels:-1]]
[2023.04.29-11.53.37:945][  0]LogConfig: Setting CVar [[r.AmbientOcclusionRadiusScale:1.0]]
[2023.04.29-11.53.37:945][  0]LogConfig: Setting CVar [[r.DepthOfFieldQuality:2]]
[2023.04.29-11.53.37:945][  0]LogConfig: Setting CVar [[r.RenderTargetPoolMin:400]]
[2023.04.29-11.53.37:945][  0]LogConfig: Setting CVar [[r.LensFlareQuality:2]]
[2023.04.29-11.53.37:945][  0]LogConfig: Setting CVar [[r.SceneColorFringeQuality:1]]
[2023.04.29-11.53.37:945][  0]LogConfig: Setting CVar [[r.EyeAdaptationQuality:2]]
[2023.04.29-11.53.37:946][  0]LogConfig: Setting CVar [[r.BloomQuality:5]]
[2023.04.29-11.53.37:946][  0]LogConfig: Setting CVar [[r.FastBlurThreshold:100]]
[2023.04.29-11.53.37:946][  0]LogConfig: Setting CVar [[r.Upscale.Quality:3]]
[2023.04.29-11.53.37:946][  0]LogConfig: Setting CVar [[r.Tonemapper.GrainQuantization:1]]
[2023.04.29-11.53.37:946][  0]LogConfig: Setting CVar [[r.LightShaftQuality:1]]
[2023.04.29-11.53.37:946][  0]LogConfig: Setting CVar [[r.Filter.SizeScale:1]]
[2023.04.29-11.53.37:946][  0]LogConfig: Setting CVar [[r.Tonemapper.Quality:5]]
[2023.04.29-11.53.37:946][  0]LogConfig: Setting CVar [[r.DOF.Gather.AccumulatorQuality:1        ; higher gathering accumulator quality]]
[2023.04.29-11.53.37:946][  0]LogConfig: Setting CVar [[r.DOF.Gather.PostfilterMethod:1          ; Median3x3 postfilering method]]
[2023.04.29-11.53.37:946][  0]LogConfig: Setting CVar [[r.DOF.Gather.EnableBokehSettings:0       ; no bokeh simulation when gathering]]
[2023.04.29-11.53.37:946][  0]LogConfig: Setting CVar [[r.DOF.Gather.RingCount:4                 ; medium number of samples when gathering]]
[2023.04.29-11.53.37:946][  0]LogConfig: Setting CVar [[r.DOF.Scatter.ForegroundCompositing:1    ; additive foreground scattering]]
[2023.04.29-11.53.37:946][  0]LogConfig: Setting CVar [[r.DOF.Scatter.BackgroundCompositing:2    ; additive background scattering]]
[2023.04.29-11.53.37:946][  0]LogConfig: Setting CVar [[r.DOF.Scatter.EnableBokehSettings:1      ; bokeh simulation when scattering]]
[2023.04.29-11.53.37:946][  0]LogConfig: Setting CVar [[r.DOF.Scatter.MaxSpriteRatio:0.1         ; only a maximum of 10% of scattered bokeh]]
[2023.04.29-11.53.37:946][  0]LogConfig: Setting CVar [[r.DOF.Recombine.Quality:1                ; cheap slight out of focus]]
[2023.04.29-11.53.37:946][  0]LogConfig: Setting CVar [[r.DOF.Recombine.EnableBokehSettings:0    ; no bokeh simulation on slight out of focus]]
[2023.04.29-11.53.37:946][  0]LogConfig: Setting CVar [[r.DOF.TemporalAAQuality:1                ; more stable temporal accumulation]]
[2023.04.29-11.53.37:946][  0]LogConfig: Setting CVar [[r.DOF.Kernel.MaxForegroundRadius:0.025]]
[2023.04.29-11.53.37:946][  0]LogConfig: Setting CVar [[r.DOF.Kernel.MaxBackgroundRadius:0.025]]
[2023.04.29-11.53.37:946][  0]LogConfig: Applying CVar settings from Section [TextureQuality@3] File [E:/Asus/Documents/GitHub/TheTroubleMakers/Unreal Engine Project/SpeedLimit_UniAzad/Saved/Config/Windows/Scalability.ini]
[2023.04.29-11.53.37:946][  0]LogConfig: Setting CVar [[r.Streaming.MipBias:0]]
[2023.04.29-11.53.37:946][  0]LogConfig: Setting CVar [[r.Streaming.AmortizeCPUToGPUCopy:0]]
[2023.04.29-11.53.37:946][  0]LogConfig: Setting CVar [[r.Streaming.MaxNumTexturesToStreamPerFrame:0]]
[2023.04.29-11.53.37:946][  0]LogConfig: Setting CVar [[r.Streaming.Boost:1]]
[2023.04.29-11.53.37:946][  0]LogConfig: Setting CVar [[r.MaxAnisotropy:8]]
[2023.04.29-11.53.37:946][  0]LogConfig: Setting CVar [[r.VT.MaxAnisotropy:8]]
[2023.04.29-11.53.37:946][  0]LogConfig: Setting CVar [[r.Streaming.LimitPoolSizeToVRAM:0]]
[2023.04.29-11.53.37:946][  0]LogConfig: Setting CVar [[r.Streaming.PoolSize:1000]]
[2023.04.29-11.53.37:946][  0]LogConfig: Setting CVar [[r.Streaming.MaxEffectiveScreenSize:0]]
[2023.04.29-11.53.37:946][  0]LogConfig: Applying CVar settings from Section [EffectsQuality@3] File [E:/Asus/Documents/GitHub/TheTroubleMakers/Unreal Engine Project/SpeedLimit_UniAzad/Saved/Config/Windows/Scalability.ini]
[2023.04.29-11.53.37:946][  0]LogConfig: Setting CVar [[r.TranslucencyLightingVolumeDim:64]]
[2023.04.29-11.53.37:946][  0]LogConfig: Setting CVar [[r.RefractionQuality:2]]
[2023.04.29-11.53.37:946][  0]LogConfig: Setting CVar [[r.SSR.Quality:3]]
[2023.04.29-11.53.37:946][  0]LogConfig: Setting CVar [[r.SSR.HalfResSceneColor:0]]
[2023.04.29-11.53.37:946][  0]LogConfig: Setting CVar [[r.SceneColorFormat:4]]
[2023.04.29-11.53.37:946][  0]LogConfig: Setting CVar [[r.DetailMode:2]]
[2023.04.29-11.53.37:946][  0]LogConfig: Setting CVar [[r.TranslucencyVolumeBlur:1]]
[2023.04.29-11.53.37:946][  0]LogConfig: Setting CVar [[r.MaterialQualityLevel:1 ; High quality]]
[2023.04.29-11.53.37:946][  0]LogConfig: Setting CVar [[r.AnisotropicMaterials:1]]
[2023.04.29-11.53.37:946][  0]LogConfig: Setting CVar [[r.SSS.Scale:1]]
[2023.04.29-11.53.37:946][  0]LogConfig: Setting CVar [[r.SSS.SampleSet:2]]
[2023.04.29-11.53.37:946][  0]LogConfig: Setting CVar [[r.SSS.Quality:1]]
[2023.04.29-11.53.37:946][  0]LogConfig: Setting CVar [[r.SSS.HalfRes:0]]
[2023.04.29-11.53.37:946][  0]LogConfig: Setting CVar [[r.SSGI.Quality:3]]
[2023.04.29-11.53.37:946][  0]LogConfig: Setting CVar [[r.EmitterSpawnRateScale:1.0]]
[2023.04.29-11.53.37:946][  0]LogConfig: Setting CVar [[r.ParticleLightQuality:2]]
[2023.04.29-11.53.37:946][  0]LogConfig: Setting CVar [[r.SkyAtmosphere.AerialPerspectiveLUT.FastApplyOnOpaque:1 ; Always have FastSkyLUT 1 in this case to avoid wrong sky]]
[2023.04.29-11.53.37:946][  0]LogConfig: Setting CVar [[r.SkyAtmosphere.AerialPerspectiveLUT.SampleCountMaxPerSlice:4]]
[2023.04.29-11.53.37:946][  0]LogConfig: Setting CVar [[r.SkyAtmosphere.AerialPerspectiveLUT.DepthResolution:16.0]]
[2023.04.29-11.53.37:946][  0]LogConfig: Setting CVar [[r.SkyAtmosphere.FastSkyLUT:1]]
[2023.04.29-11.53.37:946][  0]LogConfig: Setting CVar [[r.SkyAtmosphere.FastSkyLUT.SampleCountMin:4.0]]
[2023.04.29-11.53.37:946][  0]LogConfig: Setting CVar [[r.SkyAtmosphere.FastSkyLUT.SampleCountMax:128.0]]
[2023.04.29-11.53.37:946][  0]LogConfig: Setting CVar [[r.SkyAtmosphere.SampleCountMin:4.0]]
[2023.04.29-11.53.37:946][  0]LogConfig: Setting CVar [[r.SkyAtmosphere.SampleCountMax:128.0]]
[2023.04.29-11.53.37:946][  0]LogConfig: Setting CVar [[r.SkyAtmosphere.TransmittanceLUT.UseSmallFormat:0]]
[2023.04.29-11.53.37:946][  0]LogConfig: Setting CVar [[r.SkyAtmosphere.TransmittanceLUT.SampleCount:10.0]]
[2023.04.29-11.53.37:946][  0]LogConfig: Setting CVar [[r.SkyAtmosphere.MultiScatteringLUT.SampleCount:15.0]]
[2023.04.29-11.53.37:946][  0]LogConfig: Setting CVar [[r.SkyLight.RealTimeReflectionCapture:1]]
[2023.04.29-11.53.37:946][  0]LogConfig: Applying CVar settings from Section [FoliageQuality@3] File [E:/Asus/Documents/GitHub/TheTroubleMakers/Unreal Engine Project/SpeedLimit_UniAzad/Saved/Config/Windows/Scalability.ini]
[2023.04.29-11.53.37:946][  0]LogConfig: Setting CVar [[foliage.DensityScale:1.0]]
[2023.04.29-11.53.37:946][  0]LogConfig: Setting CVar [[grass.DensityScale:1.0]]
[2023.04.29-11.53.37:946][  0]LogConfig: Applying CVar settings from Section [ShadingQuality@3] File [E:/Asus/Documents/GitHub/TheTroubleMakers/Unreal Engine Project/SpeedLimit_UniAzad/Saved/Config/Windows/Scalability.ini]
[2023.04.29-11.53.37:946][  0]LogConfig: Setting CVar [[r.HairStrands.SkyLighting.IntegrationType:2]]
[2023.04.29-11.53.37:946][  0]LogConfig: Setting CVar [[r.HairStrands.SkyAO.SampleCount:4]]
[2023.04.29-11.53.37:946][  0]LogConfig: Setting CVar [[r.HairStrands.Visibility.MSAA.SamplePerPixel:4]]
[2023.04.29-11.53.37:946][  0]LogInit: Selected Device Profile: [Windows]
[2023.04.29-11.53.37:946][  0]LogInit: Applying CVar settings loaded from the selected device profile: [Windows]
[2023.04.29-11.53.37:946][  0]LogHAL: Display: Platform has ~ 16 GB [16856285184 / 17179869184 / 16], which maps to Larger [LargestMinGB=32, LargerMinGB=12, DefaultMinGB=8, SmallerMinGB=6, SmallestMinGB=0)
[2023.04.29-11.53.37:946][  0]LogInit: Going up to parent DeviceProfile []
[2023.04.29-11.53.37:946][  0]LogConfig: Applying CVar settings from Section [ViewDistanceQuality@3] File [E:/Asus/Documents/GitHub/TheTroubleMakers/Unreal Engine Project/SpeedLimit_UniAzad/Saved/Config/Windows/Scalability.ini]
[2023.04.29-11.53.37:946][  0]LogConfig: Setting CVar [[r.SkeletalMeshLODBias:0]]
[2023.04.29-11.53.37:946][  0]LogConfig: Setting CVar [[r.ViewDistanceScale:1.0]]
[2023.04.29-11.53.37:946][  0]LogConfig: Applying CVar settings from Section [AntiAliasingQuality@3] File [E:/Asus/Documents/GitHub/TheTroubleMakers/Unreal Engine Project/SpeedLimit_UniAzad/Saved/Config/Windows/Scalability.ini]
[2023.04.29-11.53.37:946][  0]LogConfig: Setting CVar [[r.PostProcessAAQuality:4]]
[2023.04.29-11.53.37:946][  0]LogConfig: Applying CVar settings from Section [ShadowQuality@3] File [E:/Asus/Documents/GitHub/TheTroubleMakers/Unreal Engine Project/SpeedLimit_UniAzad/Saved/Config/Windows/Scalability.ini]
[2023.04.29-11.53.37:946][  0]LogConfig: Setting CVar [[r.LightFunctionQuality:1]]
[2023.04.29-11.53.37:946][  0]LogConfig: Setting CVar [[r.ShadowQuality:5]]
[2023.04.29-11.53.37:946][  0]LogConfig: Setting CVar [[r.Shadow.CSM.MaxCascades:10]]
[2023.04.29-11.53.37:946][  0]LogConfig: Setting CVar [[r.Shadow.MaxResolution:2048]]
[2023.04.29-11.53.37:946][  0]LogConfig: Setting CVar [[r.Shadow.MaxCSMResolution:2048]]
[2023.04.29-11.53.37:946][  0]LogConfig: Setting CVar [[r.Shadow.RadiusThreshold:0.01]]
[2023.04.29-11.53.37:946][  0]LogConfig: Setting CVar [[r.Shadow.DistanceScale:1.0]]
[2023.04.29-11.53.37:946][  0]LogConfig: Setting CVar [[r.Shadow.CSM.TransitionScale:1.0]]
[2023.04.29-11.53.37:947][  0]LogConfig: Setting CVar [[r.Shadow.PreShadowResolutionFactor:1.0]]
[2023.04.29-11.53.37:947][  0]LogConfig: Setting CVar [[r.DistanceFieldShadowing:1]]
[2023.04.29-11.53.37:947][  0]LogConfig: Setting CVar [[r.DistanceFieldAO:1]]
[2023.04.29-11.53.37:947][  0]LogConfig: Setting CVar [[r.AOQuality:2]]
[2023.04.29-11.53.37:947][  0]LogConfig: Setting CVar [[r.VolumetricFog:1]]
[2023.04.29-11.53.37:947][  0]LogConfig: Setting CVar [[r.VolumetricFog.GridPixelSize:8]]
[2023.04.29-11.53.37:947][  0]LogConfig: Setting CVar [[r.VolumetricFog.GridSizeZ:128]]
[2023.04.29-11.53.37:947][  0]LogConfig: Setting CVar [[r.VolumetricFog.HistoryMissSupersampleCount:4]]
[2023.04.29-11.53.37:947][  0]LogConfig: Setting CVar [[r.LightMaxDrawDistanceScale:1]]
[2023.04.29-11.53.37:947][  0]LogConfig: Setting CVar [[r.CapsuleShadows:1]]
[2023.04.29-11.53.37:947][  0]LogConfig: Applying CVar settings from Section [PostProcessQuality@3] File [E:/Asus/Documents/GitHub/TheTroubleMakers/Unreal Engine Project/SpeedLimit_UniAzad/Saved/Config/Windows/Scalability.ini]
[2023.04.29-11.53.37:947][  0]LogConfig: Setting CVar [[r.MotionBlurQuality:4]]
[2023.04.29-11.53.37:947][  0]LogConfig: Setting CVar [[r.AmbientOcclusionMipLevelFactor:0.4]]
[2023.04.29-11.53.37:947][  0]LogConfig: Setting CVar [[r.AmbientOcclusionMaxQuality:100]]
[2023.04.29-11.53.37:947][  0]LogConfig: Setting CVar [[r.AmbientOcclusionLevels:-1]]
[2023.04.29-11.53.37:947][  0]LogConfig: Setting CVar [[r.AmbientOcclusionRadiusScale:1.0]]
[2023.04.29-11.53.37:947][  0]LogConfig: Setting CVar [[r.DepthOfFieldQuality:2]]
[2023.04.29-11.53.37:947][  0]LogConfig: Setting CVar [[r.RenderTargetPoolMin:400]]
[2023.04.29-11.53.37:947][  0]LogConfig: Setting CVar [[r.LensFlareQuality:2]]
[2023.04.29-11.53.37:947][  0]LogConfig: Setting CVar [[r.SceneColorFringeQuality:1]]
[2023.04.29-11.53.37:947][  0]LogConfig: Setting CVar [[r.EyeAdaptationQuality:2]]
[2023.04.29-11.53.37:947][  0]LogConfig: Setting CVar [[r.BloomQuality:5]]
[2023.04.29-11.53.37:947][  0]LogConfig: Setting CVar [[r.FastBlurThreshold:100]]
[2023.04.29-11.53.37:947][  0]LogConfig: Setting CVar [[r.Upscale.Quality:3]]
[2023.04.29-11.53.37:947][  0]LogConfig: Setting CVar [[r.Tonemapper.GrainQuantization:1]]
[2023.04.29-11.53.37:947][  0]LogConfig: Setting CVar [[r.LightShaftQuality:1]]
[2023.04.29-11.53.37:947][  0]LogConfig: Setting CVar [[r.Filter.SizeScale:1]]
[2023.04.29-11.53.37:947][  0]LogConfig: Setting CVar [[r.Tonemapper.Quality:5]]
[2023.04.29-11.53.37:947][  0]LogConfig: Setting CVar [[r.DOF.Gather.AccumulatorQuality:1        ; higher gathering accumulator quality]]
[2023.04.29-11.53.37:947][  0]LogConfig: Setting CVar [[r.DOF.Gather.PostfilterMethod:1          ; Median3x3 postfilering method]]
[2023.04.29-11.53.37:947][  0]LogConfig: Setting CVar [[r.DOF.Gather.EnableBokehSettings:0       ; no bokeh simulation when gathering]]
[2023.04.29-11.53.37:947][  0]LogConfig: Setting CVar [[r.DOF.Gather.RingCount:4                 ; medium number of samples when gathering]]
[2023.04.29-11.53.37:947][  0]LogConfig: Setting CVar [[r.DOF.Scatter.ForegroundCompositing:1    ; additive foreground scattering]]
[2023.04.29-11.53.37:947][  0]LogConfig: Setting CVar [[r.DOF.Scatter.BackgroundCompositing:2    ; additive background scattering]]
[2023.04.29-11.53.37:947][  0]LogConfig: Setting CVar [[r.DOF.Scatter.EnableBokehSettings:1      ; bokeh simulation when scattering]]
[2023.04.29-11.53.37:947][  0]LogConfig: Setting CVar [[r.DOF.Scatter.MaxSpriteRatio:0.1         ; only a maximum of 10% of scattered bokeh]]
[2023.04.29-11.53.37:947][  0]LogConfig: Setting CVar [[r.DOF.Recombine.Quality:1                ; cheap slight out of focus]]
[2023.04.29-11.53.37:947][  0]LogConfig: Setting CVar [[r.DOF.Recombine.EnableBokehSettings:0    ; no bokeh simulation on slight out of focus]]
[2023.04.29-11.53.37:947][  0]LogConfig: Setting CVar [[r.DOF.TemporalAAQuality:1                ; more stable temporal accumulation]]
[2023.04.29-11.53.37:947][  0]LogConfig: Setting CVar [[r.DOF.Kernel.MaxForegroundRadius:0.025]]
[2023.04.29-11.53.37:947][  0]LogConfig: Setting CVar [[r.DOF.Kernel.MaxBackgroundRadius:0.025]]
[2023.04.29-11.53.37:947][  0]LogConfig: Applying CVar settings from Section [TextureQuality@3] File [E:/Asus/Documents/GitHub/TheTroubleMakers/Unreal Engine Project/SpeedLimit_UniAzad/Saved/Config/Windows/Scalability.ini]
[2023.04.29-11.53.37:947][  0]LogConfig: Setting CVar [[r.Streaming.MipBias:0]]
[2023.04.29-11.53.37:947][  0]LogConfig: Setting CVar [[r.Streaming.AmortizeCPUToGPUCopy:0]]
[2023.04.29-11.53.37:947][  0]LogConfig: Setting CVar [[r.Streaming.MaxNumTexturesToStreamPerFrame:0]]
[2023.04.29-11.53.37:947][  0]LogConfig: Setting CVar [[r.Streaming.Boost:1]]
[2023.04.29-11.53.37:947][  0]LogConfig: Setting CVar [[r.MaxAnisotropy:8]]
[2023.04.29-11.53.37:947][  0]LogConfig: Setting CVar [[r.VT.MaxAnisotropy:8]]
[2023.04.29-11.53.37:947][  0]LogConfig: Setting CVar [[r.Streaming.LimitPoolSizeToVRAM:0]]
[2023.04.29-11.53.37:947][  0]LogConfig: Setting CVar [[r.Streaming.PoolSize:1000]]
[2023.04.29-11.53.37:947][  0]LogConfig: Setting CVar [[r.Streaming.MaxEffectiveScreenSize:0]]
[2023.04.29-11.53.37:947][  0]LogConfig: Applying CVar settings from Section [EffectsQuality@3] File [E:/Asus/Documents/GitHub/TheTroubleMakers/Unreal Engine Project/SpeedLimit_UniAzad/Saved/Config/Windows/Scalability.ini]
[2023.04.29-11.53.37:947][  0]LogConfig: Setting CVar [[r.TranslucencyLightingVolumeDim:64]]
[2023.04.29-11.53.37:947][  0]LogConfig: Setting CVar [[r.RefractionQuality:2]]
[2023.04.29-11.53.37:947][  0]LogConfig: Setting CVar [[r.SSR.Quality:3]]
[2023.04.29-11.53.37:947][  0]LogConfig: Setting CVar [[r.SSR.HalfResSceneColor:0]]
[2023.04.29-11.53.37:947][  0]LogConfig: Setting CVar [[r.SceneColorFormat:4]]
[2023.04.29-11.53.37:947][  0]LogConfig: Setting CVar [[r.DetailMode:2]]
[2023.04.29-11.53.37:947][  0]LogConfig: Setting CVar [[r.TranslucencyVolumeBlur:1]]
[2023.04.29-11.53.37:947][  0]LogConfig: Setting CVar [[r.MaterialQualityLevel:1 ; High quality]]
[2023.04.29-11.53.37:947][  0]LogConfig: Setting CVar [[r.AnisotropicMaterials:1]]
[2023.04.29-11.53.37:947][  0]LogConfig: Setting CVar [[r.SSS.Scale:1]]
[2023.04.29-11.53.37:947][  0]LogConfig: Setting CVar [[r.SSS.SampleSet:2]]
[2023.04.29-11.53.37:947][  0]LogConfig: Setting CVar [[r.SSS.Quality:1]]
[2023.04.29-11.53.37:947][  0]LogConfig: Setting CVar [[r.SSS.HalfRes:0]]
[2023.04.29-11.53.37:947][  0]LogConfig: Setting CVar [[r.SSGI.Quality:3]]
[2023.04.29-11.53.37:947][  0]LogConfig: Setting CVar [[r.EmitterSpawnRateScale:1.0]]
[2023.04.29-11.53.37:947][  0]LogConfig: Setting CVar [[r.ParticleLightQuality:2]]
[2023.04.29-11.53.37:947][  0]LogConfig: Setting CVar [[r.SkyAtmosphere.AerialPerspectiveLUT.FastApplyOnOpaque:1 ; Always have FastSkyLUT 1 in this case to avoid wrong sky]]
[2023.04.29-11.53.37:947][  0]LogConfig: Setting CVar [[r.SkyAtmosphere.AerialPerspectiveLUT.SampleCountMaxPerSlice:4]]
[2023.04.29-11.53.37:947][  0]LogConfig: Setting CVar [[r.SkyAtmosphere.AerialPerspectiveLUT.DepthResolution:16.0]]
[2023.04.29-11.53.37:947][  0]LogConfig: Setting CVar [[r.SkyAtmosphere.FastSkyLUT:1]]
[2023.04.29-11.53.37:947][  0]LogConfig: Setting CVar [[r.SkyAtmosphere.FastSkyLUT.SampleCountMin:4.0]]
[2023.04.29-11.53.37:947][  0]LogConfig: Setting CVar [[r.SkyAtmosphere.FastSkyLUT.SampleCountMax:128.0]]
[2023.04.29-11.53.37:947][  0]LogConfig: Setting CVar [[r.SkyAtmosphere.SampleCountMin:4.0]]
[2023.04.29-11.53.37:947][  0]LogConfig: Setting CVar [[r.SkyAtmosphere.SampleCountMax:128.0]]
[2023.04.29-11.53.37:947][  0]LogConfig: Setting CVar [[r.SkyAtmosphere.TransmittanceLUT.UseSmallFormat:0]]
[2023.04.29-11.53.37:947][  0]LogConfig: Setting CVar [[r.SkyAtmosphere.TransmittanceLUT.SampleCount:10.0]]
[2023.04.29-11.53.37:947][  0]LogConfig: Setting CVar [[r.SkyAtmosphere.MultiScatteringLUT.SampleCount:15.0]]
[2023.04.29-11.53.37:947][  0]LogConfig: Setting CVar [[r.SkyLight.RealTimeReflectionCapture:1]]
[2023.04.29-11.53.37:947][  0]LogConfig: Applying CVar settings from Section [FoliageQuality@3] File [E:/Asus/Documents/GitHub/TheTroubleMakers/Unreal Engine Project/SpeedLimit_UniAzad/Saved/Config/Windows/Scalability.ini]
[2023.04.29-11.53.37:947][  0]LogConfig: Setting CVar [[foliage.DensityScale:1.0]]
[2023.04.29-11.53.37:947][  0]LogConfig: Setting CVar [[grass.DensityScale:1.0]]
[2023.04.29-11.53.37:947][  0]LogConfig: Applying CVar settings from Section [ShadingQuality@3] File [E:/Asus/Documents/GitHub/TheTroubleMakers/Unreal Engine Project/SpeedLimit_UniAzad/Saved/Config/Windows/Scalability.ini]
[2023.04.29-11.53.37:947][  0]LogConfig: Setting CVar [[r.HairStrands.SkyLighting.IntegrationType:2]]
[2023.04.29-11.53.37:947][  0]LogConfig: Setting CVar [[r.HairStrands.SkyAO.SampleCount:4]]
[2023.04.29-11.53.37:947][  0]LogConfig: Setting CVar [[r.HairStrands.Visibility.MSAA.SamplePerPixel:4]]
[2023.04.29-11.53.37:947][  0]LogConfig: Applying CVar settings from Section [Startup] File [../../../Engine/Config/ConsoleVariables.ini]
[2023.04.29-11.53.37:952][  0]LogConfig: Setting CVar [[net.UseAdaptiveNetUpdateFrequency:0]]
[2023.04.29-11.53.37:952][  0]LogConfig: Setting CVar [[p.chaos.AllowCreatePhysxBodies:1]]
[2023.04.29-11.53.37:952][  0]LogConfig: Setting CVar [[fx.SkipVectorVMBackendOptimizations:1]]
[2023.04.29-11.53.37:952][  0]LogConfig: Applying CVar settings from Section [ConsoleVariables] File [E:/Asus/Documents/GitHub/TheTroubleMakers/Unreal Engine Project/SpeedLimit_UniAzad/Saved/Config/Windows/Engine.ini]
[2023.04.29-11.53.37:952][  0]LogConfig: Applying CVar settings from Section [ConsoleVariables] File [E:/Asus/Documents/GitHub/TheTroubleMakers/Unreal Engine Project/SpeedLimit_UniAzad/Saved/Config/Windows/Editor.ini]
[2023.04.29-11.53.37:952][  0]LogInit: Computer: LAPTOP-ENHDEN5K
[2023.04.29-11.53.37:952][  0]LogInit: User: Asus
[2023.04.29-11.53.37:952][  0]LogInit: CPU Page size=4096, Cores=4
[2023.04.29-11.53.37:952][  0]LogInit: High frequency timer resolution =10.000000 MHz
[2023.04.29-11.53.37:952][  0]LogMemory: Memory total: Physical=15.7GB (16GB approx)
[2023.04.29-11.53.37:952][  0]LogMemory: Platform Memory Stats for Windows
[2023.04.29-11.53.37:952][  0]LogMemory: Process Physical Memory: 142.04 MB used, 142.04 MB peak
[2023.04.29-11.53.37:952][  0]LogMemory: Process Virtual Memory: 118.76 MB used, 118.76 MB peak
[2023.04.29-11.53.37:952][  0]LogMemory: Physical Memory: 7183.68 MB used,  8891.72 MB free, 16075.41 MB total
[2023.04.29-11.53.37:952][  0]LogMemory: Virtual Memory: 134210368.00 MB used,  7363.56 MB free, 134217728.00 MB total
[2023.04.29-11.53.37:958][  0]LogWindows: WindowsPlatformFeatures enabled
[2023.04.29-11.53.38:195][  0]LogInit: Physics initialised using underlying interface: PhysX
[2023.04.29-11.53.38:196][  0]LogInit: Using OS detected language (en-US).
[2023.04.29-11.53.38:196][  0]LogInit: Using OS detected locale (en-US).
[2023.04.29-11.53.38:198][  0]LogTextLocalizationManager: No specific localization for 'en-US' exists, so the 'en' localization will be used.
[2023.04.29-11.53.38:373][  0]LogInit: Setting process to per monitor DPI aware
[2023.04.29-11.53.38:403][  0]LogWindowsTextInputMethodSystem: Display: IME system deactivated.
[2023.04.29-11.53.38:453][  0]LogSlate: New Slate User Created.  User Index 0, Is Virtual User: 0
[2023.04.29-11.53.38:453][  0]LogSlate: Slate User Registered.  User Index 0, Is Virtual User: 0
[2023.04.29-11.53.40:477][  0]LogD3D11RHI: Loaded GFSDK_Aftermath_Lib.x64.dll
[2023.04.29-11.53.40:510][  0]LogHMD: Failed to initialize OpenVR with code 110
[2023.04.29-11.53.40:510][  0]LogD3D11RHI: D3D11 min allowed feature level: 11_0
[2023.04.29-11.53.40:510][  0]LogD3D11RHI: D3D11 max allowed feature level: 11_0
[2023.04.29-11.53.40:510][  0]LogD3D11RHI: D3D11 adapters:
[2023.04.29-11.53.40:627][  0]LogD3D11RHI:    0. 'NVIDIA GeForce MX450' (Feature Level 11_0)
[2023.04.29-11.53.40:627][  0]LogD3D11RHI:       1920/0/8037 MB DedicatedVideo/DedicatedSystem/SharedSystem, Outputs:2, VendorId:0x10de
[2023.04.29-11.53.40:662][  0]LogD3D11RHI:    1. 'Intel(R) Iris(R) Xe Graphics' (Feature Level 11_0)
[2023.04.29-11.53.40:662][  0]LogD3D11RHI:       128/0/8037 MB DedicatedVideo/DedicatedSystem/SharedSystem, Outputs:0, VendorId:0x8086
[2023.04.29-11.53.40:664][  0]LogD3D11RHI:    2. 'Microsoft Basic Render Driver' (Feature Level 11_0)
[2023.04.29-11.53.40:664][  0]LogD3D11RHI:       0/0/8037 MB DedicatedVideo/DedicatedSystem/SharedSystem, Outputs:0, VendorId:0x1414
[2023.04.29-11.53.40:664][  0]LogD3D11RHI: Chosen D3D11 Adapter: 0
[2023.04.29-11.53.40:669][  0]LogD3D11RHI: Creating new Direct3DDevice
[2023.04.29-11.53.40:669][  0]LogD3D11RHI:     GPU DeviceId: 0x1f97 (for the marketing name, search the web for "GPU Device Id")
[2023.04.29-11.53.40:669][  0]LogWindows: EnumDisplayDevices:
[2023.04.29-11.53.40:669][  0]LogWindows:    0. 'Intel(R) Iris(R) Xe Graphics' (P:1 D:1)
[2023.04.29-11.53.40:669][  0]LogWindows:    1. 'Intel(R) Iris(R) Xe Graphics' (P:0 D:1)
[2023.04.29-11.53.40:670][  0]LogWindows:    2. 'Intel(R) Iris(R) Xe Graphics' (P:0 D:0)
[2023.04.29-11.53.40:670][  0]LogWindows:    3. 'Intel(R) Iris(R) Xe Graphics' (P:0 D:0)
[2023.04.29-11.53.40:670][  0]LogWindows: DebugString: PrimaryIsNotTheChoosenAdapter PrimaryIsNotTheChoosenAdapter PrimaryIsNotTheChoosenAdapter PrimaryIsNotTheChoosenAdapter FoundDriverCount:0 
[2023.04.29-11.53.40:670][  0]LogD3D11RHI:     Adapter Name: NVIDIA GeForce MX450
[2023.04.29-11.53.40:670][  0]LogD3D11RHI:   Driver Version: Unknown (internal:Unknown, unified:Unknown)
[2023.04.29-11.53.40:670][  0]LogD3D11RHI:      Driver Date: Unknown
[2023.04.29-11.53.40:670][  0]LogRHI: Texture pool is 1344 MB (70% of 1920 MB)
[2023.04.29-11.53.40:727][  0]LogD3D11RHI: RHI has support for 64 bit atomics
[2023.04.29-11.53.40:728][  0]LogD3D11RHI: Async texture creation enabled
[2023.04.29-11.53.40:728][  0]LogD3D11RHI: Array index from any shader is supported
[2023.04.29-11.53.40:747][  0]LogD3D11RHI: GPU Timing Frequency: 1000.000000 (Debug: 2 2)
[2023.04.29-11.53.40:805][  0]LogRHI: GeForceNow SDK initialized: 1
[2023.04.29-11.53.41:403][  0]LogTargetPlatformManager: Display: Loaded TargetPlatform 'AllDesktop'
[2023.04.29-11.53.41:447][  0]LogTargetPlatformManager: Display: Loaded TargetPlatform 'Android'
[2023.04.29-11.53.41:447][  0]LogTargetPlatformManager: Display: Loaded TargetPlatform 'Android_ASTC'
[2023.04.29-11.53.41:447][  0]LogTargetPlatformManager: Display: Loaded TargetPlatform 'Android_DXT'
[2023.04.29-11.53.41:447][  0]LogTargetPlatformManager: Display: Loaded TargetPlatform 'Android_ETC2'
[2023.04.29-11.53.41:447][  0]LogTargetPlatformManager: Display: Loaded TargetPlatform 'AndroidClient'
[2023.04.29-11.53.41:447][  0]LogTargetPlatformManager: Display: Loaded TargetPlatform 'Android_ASTCClient'
[2023.04.29-11.53.41:447][  0]LogTargetPlatformManager: Display: Loaded TargetPlatform 'Android_DXTClient'
[2023.04.29-11.53.41:447][  0]LogTargetPlatformManager: Display: Loaded TargetPlatform 'Android_ETC2Client'
[2023.04.29-11.53.41:447][  0]LogTargetPlatformManager: Display: Loaded TargetPlatform 'Android_Multi'
[2023.04.29-11.53.41:447][  0]LogTargetPlatformManager: Display: Loaded TargetPlatform 'Android_MultiClient'
[2023.04.29-11.53.41:519][  0]LogTargetPlatformManager: Display: Loaded TargetPlatform 'IOSClient'
[2023.04.29-11.53.41:519][  0]LogTargetPlatformManager: Display: Loaded TargetPlatform 'IOS'
[2023.04.29-11.53.41:552][  0]LogTargetPlatformManager: Display: Loaded TargetPlatform 'Linux'
[2023.04.29-11.53.41:571][  0]LogTargetPlatformManager: Display: Loaded TargetPlatform 'LinuxNoEditor'
[2023.04.29-11.53.41:590][  0]LogTargetPlatformManager: Display: Loaded TargetPlatform 'LinuxClient'
[2023.04.29-11.53.41:611][  0]LogTargetPlatformManager: Display: Loaded TargetPlatform 'LinuxServer'
[2023.04.29-11.53.41:646][  0]LogTargetPlatformManager: Display: Loaded TargetPlatform 'LinuxAArch64NoEditor'
[2023.04.29-11.53.41:667][  0]LogTargetPlatformManager: Display: Loaded TargetPlatform 'LinuxAArch64Client'
[2023.04.29-11.53.41:688][  0]LogTargetPlatformManager: Display: Loaded TargetPlatform 'LinuxAArch64Server'
[2023.04.29-11.53.41:735][  0]LogTargetPlatformManager: Display: Loaded TargetPlatform 'Lumin'
[2023.04.29-11.53.41:735][  0]LogTargetPlatformManager: Display: Loaded TargetPlatform 'LuminClient'
[2023.04.29-11.53.41:765][  0]LogTargetPlatformManager: Display: Loaded TargetPlatform 'MacNoEditor'
[2023.04.29-11.53.41:791][  0]LogTargetPlatformManager: Display: Loaded TargetPlatform 'Mac'
[2023.04.29-11.53.41:810][  0]LogTargetPlatformManager: Display: Loaded TargetPlatform 'MacClient'
[2023.04.29-11.53.41:830][  0]LogTargetPlatformManager: Display: Loaded TargetPlatform 'MacServer'
[2023.04.29-11.53.41:856][  0]LogTargetPlatformManager: Display: Loaded TargetPlatform 'TVOSClient'
[2023.04.29-11.53.41:856][  0]LogTargetPlatformManager: Display: Loaded TargetPlatform 'TVOS'
[2023.04.29-11.53.41:877][  0]LogTargetPlatformManager: Display: Loaded TargetPlatform 'WindowsNoEditor'
[2023.04.29-11.53.41:899][  0]LogTargetPlatformManager: Display: Loaded TargetPlatform 'Windows'
[2023.04.29-11.53.41:920][  0]LogTargetPlatformManager: Display: Loaded TargetPlatform 'WindowsClient'
[2023.04.29-11.53.41:943][  0]LogTargetPlatformManager: Display: Loaded TargetPlatform 'WindowsServer'
[2023.04.29-11.53.41:943][  0]LogTargetPlatformManager: Display: Building Assets For Windows
[2023.04.29-11.53.42:018][  0]LogAudioDebug: Display: Lib vorbis DLL was dynamically loaded.
[2023.04.29-11.53.42:245][  0]LogTextureFormatOodle: Display: Oodle Texture 2.9.0 init RDO Off
[2023.04.29-11.53.42:537][  0]LogRendererCore: Ray tracing is disabled. Reason: r.RayTracing=0.
[2023.04.29-11.53.42:537][  0]LogShaderCompilers: Guid format shader working directory is -53 characters bigger than the processId version (../../../../../../Asus/Documents/GitHub/TheTroubleMakers/Unreal Engine Project/SpeedLimit_UniAzad/Intermediate/Shaders/WorkingDirectory/17596/).
[2023.04.29-11.53.42:537][  0]LogShaderCompilers: Cleaned the shader compiler working directory 'C:/Users/Asus/AppData/Local/Temp/UnrealShaderWorkingDir/09161DEF4303207110646698A1652873/'.
[2023.04.29-11.53.42:537][  0]LogXGEController: Cannot use XGE Controller as Incredibuild is not installed on this machine.
[2023.04.29-11.53.42:537][  0]LogShaderCompilers: Cannot use XGE Shader Compiler as Incredibuild is not installed on this machine.
[2023.04.29-11.53.42:537][  0]LogShaderCompilers: Display: Using Local Shader Compiler.
[2023.04.29-11.53.45:184][  0]LogDerivedDataCache: Display: Max Cache Size: 512 MB
[2023.04.29-11.53.45:243][  0]LogDerivedDataCache: Loaded boot cache 0.06s 95MB C:/Users/Asus/AppData/Local/UnrealEngine/4.27/DerivedDataCache/Boot.ddc.
[2023.04.29-11.53.45:243][  0]LogDerivedDataCache: Display: Loaded Boot cache: C:/Users/Asus/AppData/Local/UnrealEngine/4.27/DerivedDataCache/Boot.ddc
[2023.04.29-11.53.45:243][  0]LogDerivedDataCache: FDerivedDataBackendGraph:  Pak pak cache file ../../../../../../Asus/Documents/GitHub/TheTroubleMakers/Unreal Engine Project/SpeedLimit_UniAzad/DerivedDataCache/DDC.ddp not found, will not use a pak cache.
[2023.04.29-11.53.45:243][  0]LogDerivedDataCache: Unable to find inner node Pak for hierarchical cache Hierarchy.
[2023.04.29-11.53.45:243][  0]LogDerivedDataCache: FDerivedDataBackendGraph:  CompressedPak pak cache file ../../../../../../Asus/Documents/GitHub/TheTroubleMakers/Unreal Engine Project/SpeedLimit_UniAzad/DerivedDataCache/Compressed.ddp not found, will not use a pak cache.
[2023.04.29-11.53.45:243][  0]LogDerivedDataCache: Unable to find inner node CompressedPak for hierarchical cache Hierarchy.
[2023.04.29-11.53.45:265][  0]LogDerivedDataCache: Display: Pak cache opened for reading ../../../Engine/DerivedDataCache/Compressed.ddp.
[2023.04.29-11.53.45:266][  0]LogDerivedDataCache: FDerivedDataBackendGraph:  EnterprisePak pak cache file ../../../Enterprise/DerivedDataCache/Compressed.ddp not found, will not use a pak cache.
[2023.04.29-11.53.45:266][  0]LogDerivedDataCache: Unable to find inner node EnterprisePak for hierarchical cache Hierarchy.
[2023.04.29-11.53.45:304][  0]LogDerivedDataCache: Speed tests for C:/Users/Asus/AppData/Local/UnrealEngine/Common/DerivedDataCache took 0.04 seconds
[2023.04.29-11.53.45:304][  0]LogDerivedDataCache: Display: Performance to C:/Users/Asus/AppData/Local/UnrealEngine/Common/DerivedDataCache: Latency=0.01ms. RandomReadSpeed=28.22MBs, RandomWriteSpeed=192.10MBs. Assigned SpeedClass 'Local'
[2023.04.29-11.53.45:305][  0]LogDerivedDataCache: Using Local data cache path C:/Users/Asus/AppData/Local/UnrealEngine/Common/DerivedDataCache: Writable
[2023.04.29-11.53.45:305][  0]LogDerivedDataCache: Shared data cache path not found in *engine.ini, will not use an Shared cache.
[2023.04.29-11.53.45:305][  0]LogDerivedDataCache: Unable to find inner node Shared for hierarchical cache Hierarchy.
[2023.04.29-11.53.45:342][  0]LogSlate: Using FreeType 2.10.0
[2023.04.29-11.53.45:356][  0]LogSlate: SlateFontServices - WITH_FREETYPE: 1, WITH_HARFBUZZ: 1
[2023.04.29-11.53.45:537][  0]LogAssetRegistry: FAssetRegistry took 0.0024 seconds to start up
[2023.04.29-11.53.45:725][  0]LogInit: Selected Device Profile: [Windows]
[2023.04.29-11.53.45:725][  0]LogInit: Active device profile: [000002589640EC00][0000025895646840 49] Windows
[2023.04.29-11.53.45:725][  0]LogInit: Profiles: [000002589640EC00][0000025895646840 49] Windows, [00000258963B4C00][000002589564EB00 49] WindowsNoEditor, [000002589640E800][000002589564AD80 49] WindowsServer, [000002589640D700][0000025895657040 49] WindowsClient, [000002589640E900][000002589565B300 49] IOS, [00000258963B6200][000002588EC4F5C0 49] iPadAir, [00000258963E8300][000002588EC53880 49] iPadAir2, [00000258962D5300][000002588EC6A240 49] IPadPro, [00000258962D5400][000002588EC5A280 49] iPadAir3, [00000258963E8200][000002588EC62540 49] iPadAir4, [00000258962D4200][000002588EC5E800 49] iPadMini2, [00000258963E8100][000002588EC66AC0 49] iPadMini3, [00000258962D6C00][0000025895652D40 49] iPadMini4, [00000258963EBB00][00000258937BCFC0 49] iPadMini5, [00000258963B7700][00000258938FD500 49] iPhone6, [00000258963B7000][00000258937C5540 49] iPodTouch6, [00000258962D7C00][0000025893905A80 49] iPhone7, [00000258962D7B00][00000258938F5AC0 49] iPodTouch7, [00000258963B4300][00000258938F8200 49] iPhone5S, [00000258962D4A00][00000258938F04C0 49] iPhone6Plus, [00000258963B7300][0000025893900780 49] iPhone6S, [00000258962D7800][0000025893908A40 49] iPhone6SPlus, [00000258963B7F00][000002589390CD00 49] iPhone7Plus, [00000258962D5000][00000258937C0F80 49] iPhoneSE, [00000258963B4200][0000025893911200 49] iPhone8, [00000258962D5F00][00000258939194C0 49] iPhone8Plus, [00000258963B5200][000002589391D780 49] iPhoneX, [00000258962D5C00][0000025893921A40 49] iPhoneXS, [00000258963B6900][000002589392C180 49] iPhoneXSMax, [00000258962D7200][0000025893930440 49] iPhoneXR, [00000258963B5400][0000025893934700 49] iPhone11, [00000258962D5B00][00000258939389C0 49] iPhone11Pro, [00000258963B6300][000002589393CC80 49] iPhone11ProMax, [00000258962D5700][0000025893940F40 49] iPhoneSE2, [00000258963B5E00][00000258939151C0 49] iPhone12Mini, [00000258962D6500][0000025893945440 49] iPhone12, [00000258963B7100][000002589394D700 49] iPhone12Pro, [00000258962D7F00][00000258939519C0 49] iPhone12ProMax, [00000258963B4700][0000025893954100 49] iPadPro105, [00000258962D4E00][00000258939583C0 49] iPadPro129, [00000258963B7800][000002589395C680 49] iPadPro97, [00000258962D4600][0000025893960940 49] iPadPro2_129, [00000258963B4F00][0000025893964C00 49] iPad5, [00000258962D5600][0000025893968EC0 49] iPad6, [00000258963B6600][000002589396D180 49] iPad7, [00000258962D7400][0000025893949400 49] iPad8, [00000258963B5D00][0000025893971680 49] iPadPro11, [00000258962D5900][00000258936AF940 49] iPadPro2_11, [00000258963B5800][00000258936B7C00 49] iPadPro3_129, [00000258962D5800][00000258936BA340 49] iPadPro4_129, [00000258963B6C00][00000258936BE600 49] AppleTV, [00000258962D7D00][0000025893B808C0 49] AppleTV4K, [00000258963B4600][0000025893B84B80 49] TVOS, [00000258962D7E00][0000025896670E40 49] Mac, [00000258963B4B00][0000025896679100 49] MacClient, [00000258962D7A00][00000258966813C0 49] MacNoEditor, [00000258963B5500][000002589369F640 49] MacServer, [00000258962D6100][00000258937A38C0 49] Linux, [00000258963B7600][00000258937ABB80 49] LinuxAArch64, [00000258962D4100][00000258937AE2C0 49] LinuxNoEditor, [00000258963B7E00][00000258937B6580 49] LinuxAArch64NoEditor, [00000258962D6E00][00000258935E8840 49] LinuxClient, [00000258963B6D00][00000258935ECB00 49] LinuxAArch64Client, [00000258962D4900][0000025893616DC0 49] LinuxServer, [00000258963B5900][000002589361B080 49] LinuxAArch64Server, [00000258962D7000][000002589361F340 49] Android, [00000258963B5F00][0000025893627600 49] Android_Low, [00000258962D7300][00000258937A7880 49] Android_Mid, [00000258963B7D00][0000025893667B00 49] Android_High, [000002589640C200][0000025896E20240 49] Android_Default, [00000258963EA400][0000025896E24500 49] Android_Adreno4xx, [000002589640E000][0000025896E627C0 49] Android_Adreno5xx_Low, [00000258963E8F00][0000025896E66A80 49] Android_Adreno5xx, [000002589640D300][0000025896E6AD40 49] Android_Adreno6xx, [00000258963E8800][0000025896E6F000 49] Android_Adreno6xx_Vulkan, [000002589640D100][0000025896E732C0 49] Android_Mali_T6xx, [00000258963EB100][0000025896E77580 49] Android_Mali_T7xx, [000002589640C500][0000025896E7B840 49] Android_Mali_T8xx, [00000258963EBD00][0000025896E11AC0 49] Android_Mali_G71, [000002589640C300][0000025893C241C0 49] Android_Mali_G72, [00000258963E9A00][0000025893C2C480 49] Android_Mali_G72_Vulkan, [000002589640D500][000002589672A740 49] Android_Mali_G76, [00000258963E8600][000002589675EA00 49] Android_Mali_G76_Vulkan, [000002589640C600][0000025896762CC0 49] Android_Mali_G77, [00000258963EA000][0000025896766F80 49] Android_Mali_G77_Vulkan, [000002589640DB00][000002589676B240 49] Android_Mali_G78, [00000258963E8C00][000002589676F500 49] Android_Mali_G78_Vulkan, [000002589640CB00][00000258967737C0 49] Android_Mali_G710, [00000258963EA600][0000025896777A80 49] Android_Mali_G710_Vulkan, [000002589640C700][0000025893C28180 49] Android_Vulkan_SM5, [00000258963EB800][0000025896B52400 49] Android_PowerVR_G6xxx, [000002589640E200][0000025896B5A6C0 49] Android_PowerVR_GT7xxx, [00000258963EB000][0000025896B62980 49] Android_PowerVR_GE8xxx, [00000258963B7200][0000025896B6EC40 49] Android_PowerVR_GM9xxx, [00000258962D6800][000002589376CF00 49] Android_PowerVR_GM9xxx_Vulkan, [00000258963EB900][000002589377D1C0 49] Android_TegraK1, [00000258962D6300][0000025893781480 49] Android_Unknown_Vulkan, [00000258963EA900][0000025893785740 49] Lumin, [000002589640EE00][0000025893789A00 49] Lumin_Desktop, [00000258963B5700][000002589378C140 49] HoloLens, 
[2023.04.29-11.53.46:115][  0]LogMeshReduction: Using QuadricMeshReduction for automatic static mesh reduction
[2023.04.29-11.53.46:115][  0]LogMeshReduction: Using SimplygonMeshReduction for automatic skeletal mesh reduction
[2023.04.29-11.53.46:115][  0]LogMeshReduction: Using ProxyLODMeshReduction for automatic mesh merging
[2023.04.29-11.53.46:115][  0]LogMeshReduction: No distributed automatic mesh merging module available
[2023.04.29-11.53.46:115][  0]LogMeshMerging: No distributed automatic mesh merging module available
[2023.04.29-11.53.46:164][  0]LogNetVersion: SpeedLimit_UniAzad 1.0.0, NetCL: 17155196, EngineNetVer: 17, GameNetVer: 0 (Checksum: 2338214234)
[2023.04.29-11.53.48:233][  0]LogTexture: Default maximum texture size for cubemaps generated from long-lat sources has been changed from 512 to unlimited. In order to preserve old behaiour for '/Engine/MapTemplates/Sky/DaylightAmbientCubemap.DaylightAmbientCubemap', its maximum texture size has been explicitly set to 512.
[2023.04.29-11.53.48:332][  0]LogHMD: PokeAHoleMaterial loaded successfully
[2023.04.29-11.53.48:337][  0]LogUObjectArray: 17178 objects as part of root set at end of initial load.
[2023.04.29-11.53.48:337][  0]LogUObjectAllocator: 4301856 out of 0 bytes used by permanent object pool.
[2023.04.29-11.53.48:337][  0]LogUObjectArray: CloseDisregardForGC: 0/0 objects in disregard for GC pool
[2023.04.29-11.53.49:740][  0]LogNiagaraDebuggerClient: Niagara Debugger Client Initialized | Session: 5C2879084DB38247E4960DB2B6143B58 | Instance: 90B124884C9828ABF04D1FA8801F7402 (LAPTOP-ENHDEN5K-17596).
[2023.04.29-11.53.49:840][  0]LogStreaming: Warning: Failed to read file '../../../Engine/Content/Editor/Slate/Niagara/MenuSeparator.png' error.
[2023.04.29-11.53.49:840][  0]LogSlate: Could not find file for Slate resource: ../../../Engine/Content/Editor/Slate/Niagara/MenuSeparator.png
[2023.04.29-11.53.49:841][  0]LogStreaming: Warning: Failed to read file '../../../Engine/Content/Editor/Slate/Niagara/Common/Selector.png' error.
[2023.04.29-11.53.49:841][  0]LogSlate: Could not find file for Slate resource: ../../../Engine/Content/Editor/Slate/Niagara/Common/Selector.png
[2023.04.29-11.53.49:841][  0]LogStreaming: Warning: Failed to read file '../../../Engine/Content/Editor/Slate/Niagara/Common/Selection.png' error.
[2023.04.29-11.53.49:841][  0]LogSlate: Could not find file for Slate resource: ../../../Engine/Content/Editor/Slate/Niagara/Common/Selection.png
[2023.04.29-11.53.49:841][  0]LogStreaming: Warning: Failed to read file '../../../Engine/Content/Editor/Slate/Niagara/Common/DropZoneIndicator_Above.png' error.
[2023.04.29-11.53.49:841][  0]LogSlate: Could not find file for Slate resource: ../../../Engine/Content/Editor/Slate/Niagara/Common/DropZoneIndicator_Above.png
[2023.04.29-11.53.49:841][  0]LogStreaming: Warning: Failed to read file '../../../Engine/Content/Editor/Slate/Niagara/Common/DropZoneIndicator_Onto.png' error.
[2023.04.29-11.53.49:841][  0]LogSlate: Could not find file for Slate resource: ../../../Engine/Content/Editor/Slate/Niagara/Common/DropZoneIndicator_Onto.png
[2023.04.29-11.53.49:841][  0]LogStreaming: Warning: Failed to read file '../../../Engine/Content/Editor/Slate/Niagara/Common/DropZoneIndicator_Below.png' error.
[2023.04.29-11.53.49:841][  0]LogSlate: Could not find file for Slate resource: ../../../Engine/Content/Editor/Slate/Niagara/Common/DropZoneIndicator_Below.png
[2023.04.29-11.53.49:841][  0]LogStreaming: Warning: Failed to read file '../../../Engine/Content/Editor/Slate/Niagara/Common/RoundedSelection_16x.png' error.
[2023.04.29-11.53.49:841][  0]LogSlate: Could not find file for Slate resource: ../../../Engine/Content/Editor/Slate/Niagara/Common/RoundedSelection_16x.png
[2023.04.29-11.53.49:841][  0]LogStreaming: Warning: Failed to read file '../../../Engine/Content/Editor/Slate/Niagara/Common/FlatButton.png' error.
[2023.04.29-11.53.49:841][  0]LogSlate: Could not find file for Slate resource: ../../../Engine/Content/Editor/Slate/Niagara/Common/FlatButton.png
[2023.04.29-11.53.49:841][  0]LogImageWrapper: Warning: PNG Warning: Duplicate iCCP chunk
[2023.04.29-11.53.49:841][  0]LogImageWrapper: Warning: PNG Warning: Duplicate iCCP chunk
[2023.04.29-11.53.49:915][  0]LogPython: Using Python 3.7.7
[2023.04.29-11.53.50:838][  0]LogTcpMessaging: Initializing TcpMessaging bridge
[2023.04.29-11.53.50:862][  0]LogUdpMessaging: Initializing bridge on interface 0.0.0.0:0 to multicast group 230.0.0.1:6666.
[2023.04.29-11.53.51:699][  0]SourceControl: Source control is disabled
[2023.04.29-11.53.51:700][  0]SourceControl: Source control is disabled
[2023.04.29-11.53.51:766][  0]SourceControl: Source control is disabled
[2023.04.29-11.53.51:789][  0]SourceControl: Source control is disabled
[2023.04.29-11.53.51:832][  0]SourceControl: Source control is disabled
[2023.04.29-11.53.51:905][  0]LogUProjectInfo: Found projects:
[2023.04.29-11.53.53:011][  0]LogOpenImageDenoise: OIDN starting up
[2023.04.29-11.53.53:255][  0]LogAndroidPermission: UAndroidPermissionCallbackProxy::GetInstance
[2023.04.29-11.53.53:384][  0]LogAudioCaptureCore: Display: No Audio Capture implementations found. Audio input will be silent.
[2023.04.29-11.53.53:384][  0]LogAudioCaptureCore: Display: No Audio Capture implementations found. Audio input will be silent.
[2023.04.29-11.53.53:942][  0]LogCollectionManager: Loaded 0 collections in 0.000705 seconds
[2023.04.29-11.53.54:037][  0]LogFileCache: Scanning file cache for directory 'E:/Asus/Documents/GitHub/TheTroubleMakers/Unreal Engine Project/SpeedLimit_UniAzad/Saved/Collections/' took 0.00s
[2023.04.29-11.53.54:037][  0]LogFileCache: Scanning file cache for directory 'E:/Asus/Documents/GitHub/TheTroubleMakers/Unreal Engine Project/SpeedLimit_UniAzad/Content/Developers/Asus/Collections/' took 0.00s
[2023.04.29-11.53.54:037][  0]LogFileCache: Scanning file cache for directory 'E:/Asus/Documents/GitHub/TheTroubleMakers/Unreal Engine Project/SpeedLimit_UniAzad/Content/Collections/' took 0.00s
[2023.04.29-11.53.54:037][  0]LogOcInput: OculusInput pre-init called
[2023.04.29-11.53.54:418][  0]LogStreaming: Warning: Failed to read file '../../../Engine/Content/Editor/Slate/Niagara/MenuSeparator.png' error.
[2023.04.29-11.53.54:418][  0]LogSlate: Could not find file for Slate resource: ../../../Engine/Content/Editor/Slate/Niagara/MenuSeparator.png
[2023.04.29-11.53.54:418][  0]LogStreaming: Warning: Failed to read file '../../../Engine/Content/Editor/Slate/Niagara/Common/Selector.png' error.
[2023.04.29-11.53.54:418][  0]LogSlate: Could not find file for Slate resource: ../../../Engine/Content/Editor/Slate/Niagara/Common/Selector.png
[2023.04.29-11.53.54:418][  0]LogStreaming: Warning: Failed to read file '../../../Engine/Content/Editor/Slate/Niagara/Common/Selection.png' error.
[2023.04.29-11.53.54:418][  0]LogSlate: Could not find file for Slate resource: ../../../Engine/Content/Editor/Slate/Niagara/Common/Selection.png
[2023.04.29-11.53.54:418][  0]LogStreaming: Warning: Failed to read file '../../../Engine/Content/Editor/Slate/Niagara/Common/DropZoneIndicator_Above.png' error.
[2023.04.29-11.53.54:418][  0]LogSlate: Could not find file for Slate resource: ../../../Engine/Content/Editor/Slate/Niagara/Common/DropZoneIndicator_Above.png
[2023.04.29-11.53.54:418][  0]LogStreaming: Warning: Failed to read file '../../../Engine/Content/Editor/Slate/Niagara/Common/DropZoneIndicator_Onto.png' error.
[2023.04.29-11.53.54:418][  0]LogSlate: Could not find file for Slate resource: ../../../Engine/Content/Editor/Slate/Niagara/Common/DropZoneIndicator_Onto.png
[2023.04.29-11.53.54:418][  0]LogStreaming: Warning: Failed to read file '../../../Engine/Content/Editor/Slate/Niagara/Common/DropZoneIndicator_Below.png' error.
[2023.04.29-11.53.54:418][  0]LogSlate: Could not find file for Slate resource: ../../../Engine/Content/Editor/Slate/Niagara/Common/DropZoneIndicator_Below.png
[2023.04.29-11.53.54:418][  0]LogStreaming: Warning: Failed to read file '../../../Engine/Content/Editor/Slate/Niagara/Common/RoundedSelection_16x.png' error.
[2023.04.29-11.53.54:418][  0]LogSlate: Could not find file for Slate resource: ../../../Engine/Content/Editor/Slate/Niagara/Common/RoundedSelection_16x.png
[2023.04.29-11.53.54:418][  0]LogStreaming: Warning: Failed to read file '../../../Engine/Content/Editor/Slate/Niagara/Common/FlatButton.png' error.
[2023.04.29-11.53.54:418][  0]LogSlate: Could not find file for Slate resource: ../../../Engine/Content/Editor/Slate/Niagara/Common/FlatButton.png
[2023.04.29-11.53.54:418][  0]LogImageWrapper: Warning: PNG Warning: Duplicate iCCP chunk
[2023.04.29-11.53.54:418][  0]LogImageWrapper: Warning: PNG Warning: Duplicate iCCP chunk
[2023.04.29-11.53.54:418][  0]LogEngine: Initializing Engine...
[2023.04.29-11.53.54:461][  0]LogHMD: Failed to enumerate extensions. Please check that you have a valid OpenXR runtime installed.
[2023.04.29-11.53.54:461][  0]LogHMD: Failed to initialize OpenVR with code 110
[2023.04.29-11.53.54:461][  0]LogMagicLeap: Warning: VR disabled because ZI is not enabled.  To enable, in the editor, Edit -> Project Settings -> Plugins -> Magic Leap Plugin -> Enable Zero Iteration
[2023.04.29-11.53.54:462][  0]LogStats: UGameplayTagsManager::InitializeManager -  0.000 s
[2023.04.29-11.53.54:701][  0]LogInit: Initializing FReadOnlyCVARCache
[2023.04.29-11.53.54:726][  0]LogAIModule: Creating AISystem for world Untitled
[2023.04.29-11.53.54:727][  0]LogAudio: Display: Initializing Audio Device Manager...
[2023.04.29-11.53.54:748][  0]LogAudio: Display: Loading Default Audio Settings Objects...
[2023.04.29-11.53.54:751][  0]LogAudio: Display: No default SoundConcurrencyObject specified (or failed to load).
[2023.04.29-11.53.54:752][  0]LogAudio: Display: Audio Device Manager Initialized
[2023.04.29-11.53.54:752][  0]LogAudio: Display: Creating Audio Device:                 Id: 1, Scope: Shared, Realtime: True
[2023.04.29-11.53.54:752][  0]LogAudioMixer: Display: Audio Mixer Platform Settings:
[2023.04.29-11.53.54:752][  0]LogAudioMixer: Display: 	Sample Rate:						  48000
[2023.04.29-11.53.54:752][  0]LogAudioMixer: Display: 	Callback Buffer Frame Size Requested: 1024
[2023.04.29-11.53.54:752][  0]LogAudioMixer: Display: 	Callback Buffer Frame Size To Use:	  1024
[2023.04.29-11.53.54:752][  0]LogAudioMixer: Display: 	Number of buffers to queue:			  2
[2023.04.29-11.53.54:752][  0]LogAudioMixer: Display: 	Max Channels (voices):				  32
[2023.04.29-11.53.54:752][  0]LogAudioMixer: Display: 	Number of Async Source Workers:		  0
[2023.04.29-11.53.54:752][  0]LogAudio: Display: AudioDevice MaxSources: 32
[2023.04.29-11.53.54:752][  0]LogAudio: Display: Audio Spatialization Plugin: None (built-in).
[2023.04.29-11.53.54:752][  0]LogAudio: Display: Audio Reverb Plugin: None (built-in).
[2023.04.29-11.53.54:752][  0]LogAudio: Display: Audio Occlusion Plugin: None (built-in).
[2023.04.29-11.53.54:752][  0]LogAudioMixer: Display: Initializing audio mixer.
[2023.04.29-11.53.54:795][  0]LogAudioMixer: Display: 0: FrontLeft
[2023.04.29-11.53.54:795][  0]LogAudioMixer: Display: 1: FrontRight
[2023.04.29-11.53.54:821][  0]LogAudioMixer: Display: Using Audio Device Mi TV (HD Audio Driver for Display Audio)
[2023.04.29-11.53.54:824][  0]LogAudioMixer: Display: Initializing Sound Submixes...
[2023.04.29-11.53.54:842][  0]LogAudioMixer: Display: Creating Master Submix 'MasterSubmixDefault'
[2023.04.29-11.53.54:842][  0]LogAudioMixer: Display: Creating Master Submix 'MasterReverbSubmixDefault'
[2023.04.29-11.53.54:843][  0]LogAudioMixer: Display: Creating Master Submix 'MasterEQSubmixDefault'
[2023.04.29-11.53.54:844][  0]LogAudioMixer: FMixerPlatformXAudio2::StartAudioStream() called
[2023.04.29-11.53.54:844][  0]LogAudioMixer: Display: Output buffers initialized: Frames=1024, Channels=2, Samples=2048
[2023.04.29-11.53.54:845][  0]LogAudioMixer: Display: Starting AudioMixerPlatformInterface::RunInternal()
[2023.04.29-11.53.54:845][  0]LogAudioMixer: Display: FMixerPlatformXAudio2::SubmitBuffer() called for the first time
[2023.04.29-11.53.54:845][  0]LogInit: FAudioDevice initialized.
[2023.04.29-11.53.54:845][  0]LogAudio: Display: Audio Device (ID: 1) registered with world 'Untitled'.
[2023.04.29-11.53.54:845][  0]LogNetVersion: Set ProjectVersion to 1.0.0.0. Version Checksum will be recalculated on next use.
[2023.04.29-11.53.54:913][  0]LogDerivedDataCache: Saved boot cache 0.07s 95MB C:/Users/Asus/AppData/Local/UnrealEngine/4.27/DerivedDataCache/Boot.ddc.
[2023.04.29-11.53.54:913][  0]LogInit: Texture streaming: Enabled
[2023.04.29-11.53.54:974][  0]LogAnalytics: Display: [UEEditor.Rocket.Release] APIServer = https://datarouter.ol.epicgames.com/. AppVersion = 4.27.0-17155196+++UE4+Release-4.27
[2023.04.29-11.53.54:990][  0]LogEngineSessionManager: EngineSessionManager initialized
[2023.04.29-11.53.54:990][  0]LogEditorSessionSummary: Verbose: Initializing EditorSessionSummaryWriter for editor session tracking
[2023.04.29-11.53.54:992][  0]LogEditorSessionSummary: EditorSessionSummaryWriter initialized
[2023.04.29-11.53.55:053][  0]LogInit: Transaction tracking system initialized
[2023.04.29-11.53.55:190][  0]BlueprintLog: New page: Editor Load
[2023.04.29-11.53.55:540][  0]LocalizationService: Localization service is disabled
[2023.04.29-11.53.55:694][  0]TimingProfiler: Initialize
[2023.04.29-11.53.55:695][  0]TimingProfiler: OnSessionChanged
[2023.04.29-11.53.55:695][  0]LoadingProfiler: Initialize
[2023.04.29-11.53.55:695][  0]LoadingProfiler: OnSessionChanged
[2023.04.29-11.53.55:695][  0]NetworkingProfiler: Initialize
[2023.04.29-11.53.55:695][  0]NetworkingProfiler: OnSessionChanged
[2023.04.29-11.53.55:695][  0]MemoryProfiler: Initialize
[2023.04.29-11.53.55:695][  0]MemoryProfiler: OnSessionChanged
[2023.04.29-11.53.56:205][  0]LogCook: Display: CookSettings for Memory: MemoryMaxUsedVirtual 0MiB, MemoryMaxUsedPhysical 16384MiB, MemoryMinFreeVirtual 0MiB, MemoryMinFreePhysical 1024MiB
[2023.04.29-11.53.56:205][  0]LogCook: Display: Mobile HDR setting 1
[2023.04.29-11.53.57:148][  0]LogFileCache: Scanning file cache for directory 'E:/Asus/Documents/GitHub/TheTroubleMakers/Unreal Engine Project/SpeedLimit_UniAzad/Content/' took 0.01s
[2023.04.29-11.53.57:259][  0]LogStreaming: Warning: Failed to read file '../../../Engine/Content/Editor/Slate/Niagara/MenuSeparator.png' error.
[2023.04.29-11.53.57:259][  0]LogSlate: Could not find file for Slate resource: ../../../Engine/Content/Editor/Slate/Niagara/MenuSeparator.png
[2023.04.29-11.53.57:259][  0]LogStreaming: Warning: Failed to read file '../../../Engine/Content/Editor/Slate/Niagara/Common/Selector.png' error.
[2023.04.29-11.53.57:259][  0]LogSlate: Could not find file for Slate resource: ../../../Engine/Content/Editor/Slate/Niagara/Common/Selector.png
[2023.04.29-11.53.57:259][  0]LogStreaming: Warning: Failed to read file '../../../Engine/Content/Editor/Slate/Niagara/Common/Selection.png' error.
[2023.04.29-11.53.57:259][  0]LogSlate: Could not find file for Slate resource: ../../../Engine/Content/Editor/Slate/Niagara/Common/Selection.png
[2023.04.29-11.53.57:259][  0]LogStreaming: Warning: Failed to read file '../../../Engine/Content/Editor/Slate/Niagara/Common/DropZoneIndicator_Above.png' error.
[2023.04.29-11.53.57:259][  0]LogSlate: Could not find file for Slate resource: ../../../Engine/Content/Editor/Slate/Niagara/Common/DropZoneIndicator_Above.png
[2023.04.29-11.53.57:259][  0]LogStreaming: Warning: Failed to read file '../../../Engine/Content/Editor/Slate/Niagara/Common/DropZoneIndicator_Onto.png' error.
[2023.04.29-11.53.57:259][  0]LogStreaming: Warning: Failed to read file '../../../Engine/Content/Editor/Slate/Niagara/Common/DropZoneIndicator_Below.png' error.
[2023.04.29-11.53.57:259][  0]LogSlate: Could not find file for Slate resource: ../../../Engine/Content/Editor/Slate/Niagara/Common/DropZoneIndicator_Below.png
[2023.04.29-11.53.57:259][  0]LogStreaming: Warning: Failed to read file '../../../Engine/Content/Editor/Slate/Niagara/Common/RoundedSelection_16x.png' error.
[2023.04.29-11.53.57:259][  0]LogSlate: Could not find file for Slate resource: ../../../Engine/Content/Editor/Slate/Niagara/Common/RoundedSelection_16x.png
[2023.04.29-11.53.57:259][  0]LogStreaming: Warning: Failed to read file '../../../Engine/Content/Editor/Slate/Niagara/Common/FlatButton.png' error.
[2023.04.29-11.53.57:259][  0]LogSlate: Could not find file for Slate resource: ../../../Engine/Content/Editor/Slate/Niagara/Common/FlatButton.png
[2023.04.29-11.53.57:259][  0]LogSlate: Could not find file for Slate resource: ../../../Engine/Content/Editor/Slate/Niagara/Common/DropZoneIndicator_Onto.png
[2023.04.29-11.53.57:291][  0]LogImageWrapper: Warning: PNG Warning: Duplicate iCCP chunk
[2023.04.29-11.53.57:291][  0]LogImageWrapper: Warning: PNG Warning: Duplicate iCCP chunk
[2023.04.29-11.53.57:337][  0]LogInit: Display: Engine is initialized. Leaving FEngineLoop::Init()
[2023.04.29-11.53.57:341][  0]SourceControl: Source control is disabled
[2023.04.29-11.53.57:341][  0]LogUnrealEdMisc: Loading editor; pre map load, took 22.592
[2023.04.29-11.53.57:341][  0]LightingResults: New page: Lighting Build
[2023.04.29-11.53.57:343][  0]LogWorld: UWorld::CleanupWorld for Untitled, bSessionEnded=true, bCleanupResources=true
[2023.04.29-11.53.57:343][  0]LogSlate: InvalidateAllWidgets triggered.  All widgets were invalidated
[2023.04.29-11.53.57:343][  0]MapCheck: New page: Map Check
[2023.04.29-11.53.57:343][  0]LightingResults: New page: Lighting Build
[2023.04.29-11.53.57:349][  0]LogAudio: Display: Audio Device unregistered from world 'None'.
[2023.04.29-11.53.57:352][  0]LogUObjectHash: Compacting FUObjectHashTables data took   0.76ms
[2023.04.29-11.53.59:086][  0]LogTexture: Display: Building textures: Texture2D_0 (BGRA8, 512X512)
[2023.04.29-11.54.00:086][  0]LogAudio: Display: Audio Device (ID: 1) registered with world 'Minimal_Default'.
[2023.04.29-11.54.00:088][  0]LogAIModule: Creating AISystem for world Minimal_Default
[2023.04.29-11.54.00:157][  0]LogEditorServer: Finished looking for orphan Actors (0.000 secs)
[2023.04.29-11.54.00:187][  0]LogUObjectHash: Compacting FUObjectHashTables data took   1.98ms
[2023.04.29-11.54.00:189][  0]Cmd: MAP CHECKDEP NOCLEARLOG
[2023.04.29-11.54.00:189][  0]MapCheck: Map check complete: 0 Error(s), 0 Warning(s), took 0.14ms to complete.
[2023.04.29-11.54.00:189][  0]LogFileHelpers: Loading map 'Minimal_Default' took 2.848
[2023.04.29-11.54.00:191][  0]LogUnrealEdMisc: Total Editor Startup Time, took 25.442
[2023.04.29-11.54.00:343][  0]LogSlate: Updating window title bar state: overlay mode, drag disabled, window buttons hidden, title bar hidden
[2023.04.29-11.54.00:348][  0]LogSlate: Updating window title bar state: overlay mode, drag disabled, window buttons hidden, title bar hidden
[2023.04.29-11.54.00:353][  0]LogSlate: Updating window title bar state: overlay mode, drag disabled, window buttons hidden, title bar hidden
[2023.04.29-11.54.00:356][  0]LogSlate: Updating window title bar state: overlay mode, drag disabled, window buttons hidden, title bar hidden
[2023.04.29-11.54.00:374][  0]LogNativeClassHierarchy: Verbose: Native class hierarchy populated in 0.0095 seconds. Added 3822 classes and 928 folders.
[2023.04.29-11.54.00:377][  0]LogNativeClassHierarchy: Verbose: Native class hierarchy updated for 'WidgetCarousel' in 0.0003 seconds. Added 0 classes and 0 folders.
[2023.04.29-11.54.00:399][  0]LogPakFile: PakFile PrimaryIndexSize=187
[2023.04.29-11.54.00:399][  0]LogPakFile: PakFile PathHashIndexSize=101
[2023.04.29-11.54.00:399][  0]LogPakFile: PakFile FullDirectoryIndexSize=148
[2023.04.29-11.54.00:399][  0]LogShaderLibrary: Display: ShaderCodeLibraryPakFileMountedCallback: PakFile 'E:/Downloads/unreal_engine_v4.27_compiled/Unreal Engine v4.27 Compiled/FeaturePacks/FP_FirstPerson.upack' (chunk index -1, root 'root:/') mounted
[2023.04.29-11.54.00:399][  0]LogShaderLibrary: Display: ShaderCodeLibraryPakFileMountedCallback: pending pak file info (ChunkID:-1 Root:root:/ File:E:/Downloads/unreal_engine_v4.27_compiled/Unreal Engine v4.27 Compiled/FeaturePacks/FP_FirstPerson.upack)
[2023.04.29-11.54.00:399][  0]LogPakFile: OnPakFileMounted2Time == 0.000084
[2023.04.29-11.54.00:414][  0]LogPakFile: PakFile PrimaryIndexSize=189
[2023.04.29-11.54.00:414][  0]LogPakFile: PakFile PathHashIndexSize=101
[2023.04.29-11.54.00:414][  0]LogPakFile: PakFile FullDirectoryIndexSize=152
[2023.04.29-11.54.00:414][  0]LogShaderLibrary: Display: ShaderCodeLibraryPakFileMountedCallback: PakFile 'E:/Downloads/unreal_engine_v4.27_compiled/Unreal Engine v4.27 Compiled/FeaturePacks/FP_FirstPersonBP.upack' (chunk index -1, root 'root:/') mounted
[2023.04.29-11.54.00:414][  0]LogShaderLibrary: Display: ShaderCodeLibraryPakFileMountedCallback: pending pak file info (ChunkID:-1 Root:root:/ File:E:/Downloads/unreal_engine_v4.27_compiled/Unreal Engine v4.27 Compiled/FeaturePacks/FP_FirstPersonBP.upack)
[2023.04.29-11.54.00:414][  0]LogPakFile: OnPakFileMounted2Time == 0.000073
[2023.04.29-11.54.00:421][  0]LogPakFile: PakFile PrimaryIndexSize=191
[2023.04.29-11.54.00:421][  0]LogPakFile: PakFile PathHashIndexSize=101
[2023.04.29-11.54.00:421][  0]LogPakFile: PakFile FullDirectoryIndexSize=160
[2023.04.29-11.54.00:421][  0]LogShaderLibrary: Display: ShaderCodeLibraryPakFileMountedCallback: PakFile 'E:/Downloads/unreal_engine_v4.27_compiled/Unreal Engine v4.27 Compiled/FeaturePacks/MobileStarterContent.upack' (chunk index -1, root 'root:/') mounted
[2023.04.29-11.54.00:421][  0]LogShaderLibrary: Display: ShaderCodeLibraryPakFileMountedCallback: pending pak file info (ChunkID:-1 Root:root:/ File:E:/Downloads/unreal_engine_v4.27_compiled/Unreal Engine v4.27 Compiled/FeaturePacks/MobileStarterContent.upack)
[2023.04.29-11.54.00:421][  0]LogPakFile: OnPakFileMounted2Time == 0.000072
[2023.04.29-11.54.00:429][  0]LogPakFile: PakFile PrimaryIndexSize=185
[2023.04.29-11.54.00:429][  0]LogPakFile: PakFile PathHashIndexSize=101
[2023.04.29-11.54.00:429][  0]LogPakFile: PakFile FullDirectoryIndexSize=148
[2023.04.29-11.54.00:429][  0]LogShaderLibrary: Display: ShaderCodeLibraryPakFileMountedCallback: PakFile 'E:/Downloads/unreal_engine_v4.27_compiled/Unreal Engine v4.27 Compiled/FeaturePacks/StarterContent.upack' (chunk index -1, root 'root:/') mounted
[2023.04.29-11.54.00:429][  0]LogShaderLibrary: Display: ShaderCodeLibraryPakFileMountedCallback: pending pak file info (ChunkID:-1 Root:root:/ File:E:/Downloads/unreal_engine_v4.27_compiled/Unreal Engine v4.27 Compiled/FeaturePacks/StarterContent.upack)
[2023.04.29-11.54.00:429][  0]LogPakFile: OnPakFileMounted2Time == 0.000075
[2023.04.29-11.54.00:437][  0]LogPakFile: PakFile PrimaryIndexSize=190
[2023.04.29-11.54.00:437][  0]LogPakFile: PakFile PathHashIndexSize=101
[2023.04.29-11.54.00:437][  0]LogPakFile: PakFile FullDirectoryIndexSize=154
[2023.04.29-11.54.00:437][  0]LogShaderLibrary: Display: ShaderCodeLibraryPakFileMountedCallback: PakFile 'E:/Downloads/unreal_engine_v4.27_compiled/Unreal Engine v4.27 Compiled/FeaturePacks/TP_2DSideScroller.upack' (chunk index -1, root 'root:/') mounted
[2023.04.29-11.54.00:437][  0]LogShaderLibrary: Display: ShaderCodeLibraryPakFileMountedCallback: pending pak file info (ChunkID:-1 Root:root:/ File:E:/Downloads/unreal_engine_v4.27_compiled/Unreal Engine v4.27 Compiled/FeaturePacks/TP_2DSideScroller.upack)
[2023.04.29-11.54.00:437][  0]LogPakFile: OnPakFileMounted2Time == 0.000064
[2023.04.29-11.54.00:441][  0]LogPakFile: PakFile PrimaryIndexSize=192
[2023.04.29-11.54.00:441][  0]LogPakFile: PakFile PathHashIndexSize=101
[2023.04.29-11.54.00:441][  0]LogPakFile: PakFile FullDirectoryIndexSize=158
[2023.04.29-11.54.00:441][  0]LogShaderLibrary: Display: ShaderCodeLibraryPakFileMountedCallback: PakFile 'E:/Downloads/unreal_engine_v4.27_compiled/Unreal Engine v4.27 Compiled/FeaturePacks/TP_2DSideScrollerBP.upack' (chunk index -1, root 'root:/') mounted
[2023.04.29-11.54.00:441][  0]LogShaderLibrary: Display: ShaderCodeLibraryPakFileMountedCallback: pending pak file info (ChunkID:-1 Root:root:/ File:E:/Downloads/unreal_engine_v4.27_compiled/Unreal Engine v4.27 Compiled/FeaturePacks/TP_2DSideScrollerBP.upack)
[2023.04.29-11.54.00:441][  0]LogPakFile: OnPakFileMounted2Time == 0.000051
[2023.04.29-11.54.00:446][  0]LogPakFile: PakFile PrimaryIndexSize=182
[2023.04.29-11.54.00:446][  0]LogPakFile: PakFile PathHashIndexSize=101
[2023.04.29-11.54.00:446][  0]LogPakFile: PakFile FullDirectoryIndexSize=138
[2023.04.29-11.54.00:446][  0]LogShaderLibrary: Display: ShaderCodeLibraryPakFileMountedCallback: PakFile 'E:/Downloads/unreal_engine_v4.27_compiled/Unreal Engine v4.27 Compiled/FeaturePacks/TP_Flying.upack' (chunk index -1, root 'root:/') mounted
[2023.04.29-11.54.00:446][  0]LogShaderLibrary: Display: ShaderCodeLibraryPakFileMountedCallback: pending pak file info (ChunkID:-1 Root:root:/ File:E:/Downloads/unreal_engine_v4.27_compiled/Unreal Engine v4.27 Compiled/FeaturePacks/TP_Flying.upack)
[2023.04.29-11.54.00:446][  0]LogPakFile: OnPakFileMounted2Time == 0.000044
[2023.04.29-11.54.00:450][  0]LogPakFile: PakFile PrimaryIndexSize=184
[2023.04.29-11.54.00:450][  0]LogPakFile: PakFile PathHashIndexSize=101
[2023.04.29-11.54.00:450][  0]LogPakFile: PakFile FullDirectoryIndexSize=142
[2023.04.29-11.54.00:450][  0]LogShaderLibrary: Display: ShaderCodeLibraryPakFileMountedCallback: PakFile 'E:/Downloads/unreal_engine_v4.27_compiled/Unreal Engine v4.27 Compiled/FeaturePacks/TP_FlyingBP.upack' (chunk index -1, root 'root:/') mounted
[2023.04.29-11.54.00:450][  0]LogShaderLibrary: Display: ShaderCodeLibraryPakFileMountedCallback: pending pak file info (ChunkID:-1 Root:root:/ File:E:/Downloads/unreal_engine_v4.27_compiled/Unreal Engine v4.27 Compiled/FeaturePacks/TP_FlyingBP.upack)
[2023.04.29-11.54.00:450][  0]LogPakFile: OnPakFileMounted2Time == 0.000041
[2023.04.29-11.54.00:454][  0]LogPakFile: PakFile PrimaryIndexSize=188
[2023.04.29-11.54.00:454][  0]LogPakFile: PakFile PathHashIndexSize=101
[2023.04.29-11.54.00:454][  0]LogPakFile: PakFile FullDirectoryIndexSize=150
[2023.04.29-11.54.00:454][  0]LogShaderLibrary: Display: ShaderCodeLibraryPakFileMountedCallback: PakFile 'E:/Downloads/unreal_engine_v4.27_compiled/Unreal Engine v4.27 Compiled/FeaturePacks/TP_HandheldARBP.upack' (chunk index -1, root 'root:/') mounted
[2023.04.29-11.54.00:454][  0]LogShaderLibrary: Display: ShaderCodeLibraryPakFileMountedCallback: pending pak file info (ChunkID:-1 Root:root:/ File:E:/Downloads/unreal_engine_v4.27_compiled/Unreal Engine v4.27 Compiled/FeaturePacks/TP_HandheldARBP.upack)
[2023.04.29-11.54.00:455][  0]LogPakFile: OnPakFileMounted2Time == 0.000034
[2023.04.29-11.54.00:459][  0]LogPakFile: PakFile PrimaryIndexSize=182
[2023.04.29-11.54.00:459][  0]LogPakFile: PakFile PathHashIndexSize=101
[2023.04.29-11.54.00:459][  0]LogPakFile: PakFile FullDirectoryIndexSize=138
[2023.04.29-11.54.00:459][  0]LogShaderLibrary: Display: ShaderCodeLibraryPakFileMountedCallback: PakFile 'E:/Downloads/unreal_engine_v4.27_compiled/Unreal Engine v4.27 Compiled/FeaturePacks/TP_Puzzle.upack' (chunk index -1, root 'root:/') mounted
[2023.04.29-11.54.00:459][  0]LogShaderLibrary: Display: ShaderCodeLibraryPakFileMountedCallback: pending pak file info (ChunkID:-1 Root:root:/ File:E:/Downloads/unreal_engine_v4.27_compiled/Unreal Engine v4.27 Compiled/FeaturePacks/TP_Puzzle.upack)
[2023.04.29-11.54.00:459][  0]LogPakFile: OnPakFileMounted2Time == 0.000040
[2023.04.29-11.54.00:462][  0]LogPakFile: PakFile PrimaryIndexSize=184
[2023.04.29-11.54.00:463][  0]LogPakFile: PakFile PathHashIndexSize=101
[2023.04.29-11.54.00:463][  0]LogPakFile: PakFile FullDirectoryIndexSize=142
[2023.04.29-11.54.00:463][  0]LogShaderLibrary: Display: ShaderCodeLibraryPakFileMountedCallback: PakFile 'E:/Downloads/unreal_engine_v4.27_compiled/Unreal Engine v4.27 Compiled/FeaturePacks/TP_PuzzleBP.upack' (chunk index -1, root 'root:/') mounted
[2023.04.29-11.54.00:463][  0]LogShaderLibrary: Display: ShaderCodeLibraryPakFileMountedCallback: pending pak file info (ChunkID:-1 Root:root:/ File:E:/Downloads/unreal_engine_v4.27_compiled/Unreal Engine v4.27 Compiled/FeaturePacks/TP_PuzzleBP.upack)
[2023.04.29-11.54.00:463][  0]LogPakFile: OnPakFileMounted2Time == 0.000039
[2023.04.29-11.54.00:466][  0]LogPakFile: PakFile PrimaryIndexSize=183
[2023.04.29-11.54.00:467][  0]LogPakFile: PakFile PathHashIndexSize=101
[2023.04.29-11.54.00:467][  0]LogPakFile: PakFile FullDirectoryIndexSize=140
[2023.04.29-11.54.00:467][  0]LogShaderLibrary: Display: ShaderCodeLibraryPakFileMountedCallback: PakFile 'E:/Downloads/unreal_engine_v4.27_compiled/Unreal Engine v4.27 Compiled/FeaturePacks/TP_Rolling.upack' (chunk index -1, root 'root:/') mounted
[2023.04.29-11.54.00:467][  0]LogShaderLibrary: Display: ShaderCodeLibraryPakFileMountedCallback: pending pak file info (ChunkID:-1 Root:root:/ File:E:/Downloads/unreal_engine_v4.27_compiled/Unreal Engine v4.27 Compiled/FeaturePacks/TP_Rolling.upack)
[2023.04.29-11.54.00:467][  0]LogPakFile: OnPakFileMounted2Time == 0.000046
[2023.04.29-11.54.00:469][  0]LogPakFile: PakFile PrimaryIndexSize=185
[2023.04.29-11.54.00:469][  0]LogPakFile: PakFile PathHashIndexSize=101
[2023.04.29-11.54.00:469][  0]LogPakFile: PakFile FullDirectoryIndexSize=144
[2023.04.29-11.54.00:471][  0]LogShaderLibrary: Display: ShaderCodeLibraryPakFileMountedCallback: PakFile 'E:/Downloads/unreal_engine_v4.27_compiled/Unreal Engine v4.27 Compiled/FeaturePacks/TP_RollingBP.upack' (chunk index -1, root 'root:/') mounted
[2023.04.29-11.54.00:471][  0]LogShaderLibrary: Display: ShaderCodeLibraryPakFileMountedCallback: pending pak file info (ChunkID:-1 Root:root:/ File:E:/Downloads/unreal_engine_v4.27_compiled/Unreal Engine v4.27 Compiled/FeaturePacks/TP_RollingBP.upack)
[2023.04.29-11.54.00:471][  0]LogPakFile: OnPakFileMounted2Time == 0.000048
[2023.04.29-11.54.00:474][  0]LogPakFile: PakFile PrimaryIndexSize=188
[2023.04.29-11.54.00:475][  0]LogPakFile: PakFile PathHashIndexSize=101
[2023.04.29-11.54.00:475][  0]LogPakFile: PakFile FullDirectoryIndexSize=150
[2023.04.29-11.54.00:475][  0]LogShaderLibrary: Display: ShaderCodeLibraryPakFileMountedCallback: PakFile 'E:/Downloads/unreal_engine_v4.27_compiled/Unreal Engine v4.27 Compiled/FeaturePacks/TP_SideScroller.upack' (chunk index -1, root 'root:/') mounted
[2023.04.29-11.54.00:475][  0]LogShaderLibrary: Display: ShaderCodeLibraryPakFileMountedCallback: pending pak file info (ChunkID:-1 Root:root:/ File:E:/Downloads/unreal_engine_v4.27_compiled/Unreal Engine v4.27 Compiled/FeaturePacks/TP_SideScroller.upack)
[2023.04.29-11.54.00:475][  0]LogPakFile: OnPakFileMounted2Time == 0.000054
[2023.04.29-11.54.00:479][  0]LogPakFile: PakFile PrimaryIndexSize=190
[2023.04.29-11.54.00:479][  0]LogPakFile: PakFile PathHashIndexSize=101
[2023.04.29-11.54.00:479][  0]LogPakFile: PakFile FullDirectoryIndexSize=154
[2023.04.29-11.54.00:479][  0]LogShaderLibrary: Display: ShaderCodeLibraryPakFileMountedCallback: PakFile 'E:/Downloads/unreal_engine_v4.27_compiled/Unreal Engine v4.27 Compiled/FeaturePacks/TP_SideScrollerBP.upack' (chunk index -1, root 'root:/') mounted
[2023.04.29-11.54.00:479][  0]LogShaderLibrary: Display: ShaderCodeLibraryPakFileMountedCallback: pending pak file info (ChunkID:-1 Root:root:/ File:E:/Downloads/unreal_engine_v4.27_compiled/Unreal Engine v4.27 Compiled/FeaturePacks/TP_SideScrollerBP.upack)
[2023.04.29-11.54.00:479][  0]LogPakFile: OnPakFileMounted2Time == 0.000031
[2023.04.29-11.54.00:483][  0]LogPakFile: PakFile PrimaryIndexSize=187
[2023.04.29-11.54.00:483][  0]LogPakFile: PakFile PathHashIndexSize=101
[2023.04.29-11.54.00:483][  0]LogPakFile: PakFile FullDirectoryIndexSize=148
[2023.04.29-11.54.00:483][  0]LogShaderLibrary: Display: ShaderCodeLibraryPakFileMountedCallback: PakFile 'E:/Downloads/unreal_engine_v4.27_compiled/Unreal Engine v4.27 Compiled/FeaturePacks/TP_ThirdPerson.upack' (chunk index -1, root 'root:/') mounted
[2023.04.29-11.54.00:483][  0]LogShaderLibrary: Display: ShaderCodeLibraryPakFileMountedCallback: pending pak file info (ChunkID:-1 Root:root:/ File:E:/Downloads/unreal_engine_v4.27_compiled/Unreal Engine v4.27 Compiled/FeaturePacks/TP_ThirdPerson.upack)
[2023.04.29-11.54.00:483][  0]LogPakFile: OnPakFileMounted2Time == 0.000041
[2023.04.29-11.54.00:486][  0]LogPakFile: PakFile PrimaryIndexSize=189
[2023.04.29-11.54.00:486][  0]LogPakFile: PakFile PathHashIndexSize=101
[2023.04.29-11.54.00:486][  0]LogPakFile: PakFile FullDirectoryIndexSize=152
[2023.04.29-11.54.00:486][  0]LogShaderLibrary: Display: ShaderCodeLibraryPakFileMountedCallback: PakFile 'E:/Downloads/unreal_engine_v4.27_compiled/Unreal Engine v4.27 Compiled/FeaturePacks/TP_ThirdPersonBP.upack' (chunk index -1, root 'root:/') mounted
[2023.04.29-11.54.00:486][  0]LogShaderLibrary: Display: ShaderCodeLibraryPakFileMountedCallback: pending pak file info (ChunkID:-1 Root:root:/ File:E:/Downloads/unreal_engine_v4.27_compiled/Unreal Engine v4.27 Compiled/FeaturePacks/TP_ThirdPersonBP.upack)
[2023.04.29-11.54.00:486][  0]LogPakFile: OnPakFileMounted2Time == 0.000038
[2023.04.29-11.54.00:491][  0]LogPakFile: PakFile PrimaryIndexSize=183
[2023.04.29-11.54.00:491][  0]LogPakFile: PakFile PathHashIndexSize=101
[2023.04.29-11.54.00:491][  0]LogPakFile: PakFile FullDirectoryIndexSize=140
[2023.04.29-11.54.00:491][  0]LogShaderLibrary: Display: ShaderCodeLibraryPakFileMountedCallback: PakFile 'E:/Downloads/unreal_engine_v4.27_compiled/Unreal Engine v4.27 Compiled/FeaturePacks/TP_TopDown.upack' (chunk index -1, root 'root:/') mounted
[2023.04.29-11.54.00:491][  0]LogShaderLibrary: Display: ShaderCodeLibraryPakFileMountedCallback: pending pak file info (ChunkID:-1 Root:root:/ File:E:/Downloads/unreal_engine_v4.27_compiled/Unreal Engine v4.27 Compiled/FeaturePacks/TP_TopDown.upack)
[2023.04.29-11.54.00:491][  0]LogPakFile: OnPakFileMounted2Time == 0.000046
[2023.04.29-11.54.00:495][  0]LogPakFile: PakFile PrimaryIndexSize=185
[2023.04.29-11.54.00:495][  0]LogPakFile: PakFile PathHashIndexSize=101
[2023.04.29-11.54.00:495][  0]LogPakFile: PakFile FullDirectoryIndexSize=144
[2023.04.29-11.54.00:495][  0]LogShaderLibrary: Display: ShaderCodeLibraryPakFileMountedCallback: PakFile 'E:/Downloads/unreal_engine_v4.27_compiled/Unreal Engine v4.27 Compiled/FeaturePacks/TP_TopDownBP.upack' (chunk index -1, root 'root:/') mounted
[2023.04.29-11.54.00:495][  0]LogShaderLibrary: Display: ShaderCodeLibraryPakFileMountedCallback: pending pak file info (ChunkID:-1 Root:root:/ File:E:/Downloads/unreal_engine_v4.27_compiled/Unreal Engine v4.27 Compiled/FeaturePacks/TP_TopDownBP.upack)
[2023.04.29-11.54.00:495][  0]LogPakFile: OnPakFileMounted2Time == 0.000043
[2023.04.29-11.54.00:501][  0]LogPakFile: PakFile PrimaryIndexSize=185
[2023.04.29-11.54.00:501][  0]LogPakFile: PakFile PathHashIndexSize=101
[2023.04.29-11.54.00:501][  0]LogPakFile: PakFile FullDirectoryIndexSize=144
[2023.04.29-11.54.00:501][  0]LogShaderLibrary: Display: ShaderCodeLibraryPakFileMountedCallback: PakFile 'E:/Downloads/unreal_engine_v4.27_compiled/Unreal Engine v4.27 Compiled/FeaturePacks/TP_TwinStick.upack' (chunk index -1, root 'root:/') mounted
[2023.04.29-11.54.00:501][  0]LogShaderLibrary: Display: ShaderCodeLibraryPakFileMountedCallback: pending pak file info (ChunkID:-1 Root:root:/ File:E:/Downloads/unreal_engine_v4.27_compiled/Unreal Engine v4.27 Compiled/FeaturePacks/TP_TwinStick.upack)
[2023.04.29-11.54.00:501][  0]LogPakFile: OnPakFileMounted2Time == 0.000036
[2023.04.29-11.54.00:504][  0]LogPakFile: PakFile PrimaryIndexSize=187
[2023.04.29-11.54.00:504][  0]LogPakFile: PakFile PathHashIndexSize=101
[2023.04.29-11.54.00:504][  0]LogPakFile: PakFile FullDirectoryIndexSize=148
[2023.04.29-11.54.00:504][  0]LogShaderLibrary: Display: ShaderCodeLibraryPakFileMountedCallback: PakFile 'E:/Downloads/unreal_engine_v4.27_compiled/Unreal Engine v4.27 Compiled/FeaturePacks/TP_TwinStickBP.upack' (chunk index -1, root 'root:/') mounted
[2023.04.29-11.54.00:504][  0]LogShaderLibrary: Display: ShaderCodeLibraryPakFileMountedCallback: pending pak file info (ChunkID:-1 Root:root:/ File:E:/Downloads/unreal_engine_v4.27_compiled/Unreal Engine v4.27 Compiled/FeaturePacks/TP_TwinStickBP.upack)
[2023.04.29-11.54.00:504][  0]LogPakFile: OnPakFileMounted2Time == 0.000035
[2023.04.29-11.54.00:510][  0]LogPakFile: PakFile PrimaryIndexSize=183
[2023.04.29-11.54.00:510][  0]LogPakFile: PakFile PathHashIndexSize=101
[2023.04.29-11.54.00:510][  0]LogPakFile: PakFile FullDirectoryIndexSize=140
[2023.04.29-11.54.00:510][  0]LogShaderLibrary: Display: ShaderCodeLibraryPakFileMountedCallback: PakFile 'E:/Downloads/unreal_engine_v4.27_compiled/Unreal Engine v4.27 Compiled/FeaturePacks/TP_Vehicle.upack' (chunk index -1, root 'root:/') mounted
[2023.04.29-11.54.00:510][  0]LogShaderLibrary: Display: ShaderCodeLibraryPakFileMountedCallback: pending pak file info (ChunkID:-1 Root:root:/ File:E:/Downloads/unreal_engine_v4.27_compiled/Unreal Engine v4.27 Compiled/FeaturePacks/TP_Vehicle.upack)
[2023.04.29-11.54.00:510][  0]LogPakFile: OnPakFileMounted2Time == 0.000048
[2023.04.29-11.54.00:514][  0]LogPakFile: PakFile PrimaryIndexSize=186
[2023.04.29-11.54.00:514][  0]LogPakFile: PakFile PathHashIndexSize=101
[2023.04.29-11.54.00:514][  0]LogPakFile: PakFile FullDirectoryIndexSize=146
[2023.04.29-11.54.00:514][  0]LogShaderLibrary: Display: ShaderCodeLibraryPakFileMountedCallback: PakFile 'E:/Downloads/unreal_engine_v4.27_compiled/Unreal Engine v4.27 Compiled/FeaturePacks/TP_VehicleAdv.upack' (chunk index -1, root 'root:/') mounted
[2023.04.29-11.54.00:514][  0]LogShaderLibrary: Display: ShaderCodeLibraryPakFileMountedCallback: pending pak file info (ChunkID:-1 Root:root:/ File:E:/Downloads/unreal_engine_v4.27_compiled/Unreal Engine v4.27 Compiled/FeaturePacks/TP_VehicleAdv.upack)
[2023.04.29-11.54.00:514][  0]LogPakFile: OnPakFileMounted2Time == 0.000039
[2023.04.29-11.54.00:517][  0]LogPakFile: PakFile PrimaryIndexSize=188
[2023.04.29-11.54.00:517][  0]LogPakFile: PakFile PathHashIndexSize=101
[2023.04.29-11.54.00:517][  0]LogPakFile: PakFile FullDirectoryIndexSize=150
[2023.04.29-11.54.00:517][  0]LogShaderLibrary: Display: ShaderCodeLibraryPakFileMountedCallback: PakFile 'E:/Downloads/unreal_engine_v4.27_compiled/Unreal Engine v4.27 Compiled/FeaturePacks/TP_VehicleAdvBP.upack' (chunk index -1, root 'root:/') mounted
[2023.04.29-11.54.00:517][  0]LogShaderLibrary: Display: ShaderCodeLibraryPakFileMountedCallback: pending pak file info (ChunkID:-1 Root:root:/ File:E:/Downloads/unreal_engine_v4.27_compiled/Unreal Engine v4.27 Compiled/FeaturePacks/TP_VehicleAdvBP.upack)
[2023.04.29-11.54.00:517][  0]LogPakFile: OnPakFileMounted2Time == 0.000034
[2023.04.29-11.54.00:522][  0]LogPakFile: PakFile PrimaryIndexSize=185
[2023.04.29-11.54.00:522][  0]LogPakFile: PakFile PathHashIndexSize=101
[2023.04.29-11.54.00:522][  0]LogPakFile: PakFile FullDirectoryIndexSize=144
[2023.04.29-11.54.00:522][  0]LogShaderLibrary: Display: ShaderCodeLibraryPakFileMountedCallback: PakFile 'E:/Downloads/unreal_engine_v4.27_compiled/Unreal Engine v4.27 Compiled/FeaturePacks/TP_VehicleBP.upack' (chunk index -1, root 'root:/') mounted
[2023.04.29-11.54.00:522][  0]LogShaderLibrary: Display: ShaderCodeLibraryPakFileMountedCallback: pending pak file info (ChunkID:-1 Root:root:/ File:E:/Downloads/unreal_engine_v4.27_compiled/Unreal Engine v4.27 Compiled/FeaturePacks/TP_VehicleBP.upack)
[2023.04.29-11.54.00:522][  0]LogPakFile: OnPakFileMounted2Time == 0.000073
[2023.04.29-11.54.00:527][  0]LogPakFile: PakFile PrimaryIndexSize=192
[2023.04.29-11.54.00:527][  0]LogPakFile: PakFile PathHashIndexSize=101
[2023.04.29-11.54.00:527][  0]LogPakFile: PakFile FullDirectoryIndexSize=158
[2023.04.29-11.54.00:527][  0]LogShaderLibrary: Display: ShaderCodeLibraryPakFileMountedCallback: PakFile 'E:/Downloads/unreal_engine_v4.27_compiled/Unreal Engine v4.27 Compiled/FeaturePacks/TP_VirtualRealityBP.upack' (chunk index -1, root 'root:/') mounted
[2023.04.29-11.54.00:527][  0]LogShaderLibrary: Display: ShaderCodeLibraryPakFileMountedCallback: pending pak file info (ChunkID:-1 Root:root:/ File:E:/Downloads/unreal_engine_v4.27_compiled/Unreal Engine v4.27 Compiled/FeaturePacks/TP_VirtualRealityBP.upack)
[2023.04.29-11.54.00:527][  0]LogPakFile: OnPakFileMounted2Time == 0.000034
[2023.04.29-11.54.00:761][  0]LogNativeClassHierarchy: Verbose: Native class hierarchy updated for 'AddContentDialog' in 0.0003 seconds. Added 0 classes and 0 folders.
[2023.04.29-11.54.00:761][  0]LogNativeClassHierarchy: Verbose: Native class hierarchy updated for 'SceneOutliner' in 0.0003 seconds. Added 2 classes and 0 folders.
[2023.04.29-11.54.00:844][  0]LogSlate: Took 0.005269 seconds to synchronously load lazily loaded font '../../../Engine/Content/Slate/Fonts/Roboto-Regular.ttf' (155K)
[2023.04.29-11.54.00:849][  0]LogSlate: Took 0.004997 seconds to synchronously load lazily loaded font '../../../Engine/Content/Editor/Slate/Fonts/FontAwesome.ttf' (139K)
[2023.04.29-11.54.00:854][  0]LogSlate: Took 0.003325 seconds to synchronously load lazily loaded font '../../../Engine/Content/Slate/Fonts/Roboto-Bold.ttf' (160K)
[2023.04.29-11.54.00:984][  0]LogRenderer: Reallocating scene render targets to support 1264x592 Format 10 NumSamples 1 (Frame:1).
[2023.04.29-11.54.01:244][  0]LogNativeClassHierarchy: Verbose: Native class hierarchy updated for 'HierarchicalLODOutliner' in 0.0004 seconds. Added 0 classes and 0 folders.
[2023.04.29-11.54.01:244][  0]LogLoad: (Engine Initialization) Total time: 26.49 seconds
[2023.04.29-11.54.01:244][  0]LogLoad: (Engine Initialization) Total Blueprint compile time: 0.00 seconds
[2023.04.29-11.54.01:285][  0]LogAssetRegistry: Asset discovery search completed in 15.7482 seconds
[2023.04.29-11.54.01:309][  0]LogCollectionManager: Fixed up redirectors for 0 collections in 0.000004 seconds (updated 0 objects)
[2023.04.29-11.54.01:318][  0]LogContentStreaming: Texture pool size now 1000 MB
[2023.04.29-11.54.01:465][  3]LogSlate: Took 0.004307 seconds to synchronously load lazily loaded font '../../../Engine/Content/Slate/Fonts/Roboto-Light.ttf' (167K)
[2023.04.29-11.54.51:206][797]LogTexture: Display: Building textures: Texture2D_2 (G8, 128X128)
[2023.04.29-11.54.51:274][797]LogSlate: Took 0.003764 seconds to synchronously load lazily loaded font '../../../Engine/Content/Slate/Fonts/Roboto-Italic.ttf' (157K)
[2023.04.29-11.55.33:070][758]Cmd: TRANSACTION UNDO
[2023.04.29-11.55.33:071][758]LogEditorTransaction: Undo Modify Landscape Spline Control Point
[2023.04.29-11.55.33:098][758]LogPhysics: Warning: PopulatePhysXGeometryAndTransform(Convex): ConvexElem is missing ConvexMesh
[2023.04.29-11.55.33:098][758]LogPhysics: Warning: ForeachShape(Convex): ScaledElem[0] invalid
[2023.04.29-11.55.33:098][758]LogPhysics: Warning: PopulatePhysXGeometryAndTransform(Convex): ConvexElem is missing ConvexMesh
[2023.04.29-11.55.33:098][758]LogPhysics: Warning: ForeachShape(Convex): ScaledElem[0] invalid
[2023.04.29-11.55.33:098][758]LogPhysics: Warning: PopulatePhysXGeometryAndTransform(Convex): ConvexElem is missing ConvexMesh
[2023.04.29-11.55.33:098][758]LogPhysics: Warning: ForeachShape(Convex): ScaledElem[0] invalid
[2023.04.29-11.55.33:099][758]LogPhysics: Warning: PopulatePhysXGeometryAndTransform(Convex): ConvexElem is missing ConvexMesh
[2023.04.29-11.55.33:099][758]LogPhysics: Warning: ForeachShape(Convex): ScaledElem[0] invalid
[2023.04.29-11.55.33:099][758]LogPhysics: Warning: PopulatePhysXGeometryAndTransform(Convex): ConvexElem is missing ConvexMesh
[2023.04.29-11.55.33:099][758]LogPhysics: Warning: ForeachShape(Convex): ScaledElem[0] invalid
[2023.04.29-11.55.33:099][758]LogPhysics: Warning: PopulatePhysXGeometryAndTransform(Convex): ConvexElem is missing ConvexMesh
[2023.04.29-11.55.33:099][758]LogPhysics: Warning: ForeachShape(Convex): ScaledElem[0] invalid
[2023.04.29-11.55.33:099][758]LogPhysics: Warning: PopulatePhysXGeometryAndTransform(Convex): ConvexElem is missing ConvexMesh
[2023.04.29-11.55.33:099][758]LogPhysics: Warning: ForeachShape(Convex): ScaledElem[0] invalid
[2023.04.29-11.55.33:099][758]LogPhysics: Warning: PopulatePhysXGeometryAndTransform(Convex): ConvexElem is missing ConvexMesh
[2023.04.29-11.55.33:099][758]LogPhysics: Warning: ForeachShape(Convex): ScaledElem[0] invalid
[2023.04.29-11.55.33:099][758]LogPhysics: Warning: PopulatePhysXGeometryAndTransform(Convex): ConvexElem is missing ConvexMesh
[2023.04.29-11.55.33:099][758]LogPhysics: Warning: ForeachShape(Convex): ScaledElem[0] invalid
[2023.04.29-11.55.33:099][758]LogPhysics: Warning: PopulatePhysXGeometryAndTransform(Convex): ConvexElem is missing ConvexMesh
[2023.04.29-11.55.33:099][758]LogPhysics: Warning: ForeachShape(Convex): ScaledElem[0] invalid
[2023.04.29-11.55.33:099][758]LogPhysics: Warning: PopulatePhysXGeometryAndTransform(Convex): ConvexElem is missing ConvexMesh
[2023.04.29-11.55.33:099][758]LogPhysics: Warning: ForeachShape(Convex): ScaledElem[0] invalid
[2023.04.29-11.55.33:099][758]LogPhysics: Warning: PopulatePhysXGeometryAndTransform(Convex): ConvexElem is missing ConvexMesh
[2023.04.29-11.55.33:099][758]LogPhysics: Warning: ForeachShape(Convex): ScaledElem[0] invalid
[2023.04.29-11.55.33:138][758]LogSlate: Took 0.000211 seconds to synchronously load lazily loaded font '../../../Engine/Content/Slate/Fonts/Roboto-Light.ttf' (167K)
[2023.04.29-11.59.15:138][858]LogEditorViewport: Clicking Background
[2023.04.29-11.59.33:120][109]LogEditorViewport: Clicking Background
[2023.04.29-11.59.35:159][257]LogTemp: Repeating last play command: Selected Viewport
[2023.04.29-11.59.35:165][257]LogPlayLevel: PlayLevel: No blueprints needed recompiling
[2023.04.29-11.59.35:165][257]PIE: New page: PIE session: Minimal_Default (Apr 29, 2023, 7:59:35 PM)
[2023.04.29-11.59.35:167][257]LogOnline: OSS: Creating online subsystem instance for: NULL
[2023.04.29-11.59.35:168][257]LogOnline: OSS: TryLoadSubsystemAndSetDefault: Loaded subsystem for module [NULL]
[2023.04.29-11.59.35:168][257]LogPlayLevel: Creating play world package: /Game/StarterContent/Maps/UEDPIE_0_Minimal_Default
[2023.04.29-11.59.35:205][257]LogPlayLevel: PIE: StaticDuplicateObject took: (0.037411s)
[2023.04.29-11.59.35:207][257]LogAIModule: Creating AISystem for world Minimal_Default
[2023.04.29-11.59.35:207][257]LogPlayLevel: PIE: World Init took: (0.001525s)
[2023.04.29-11.59.35:207][257]LogPlayLevel: PIE: Created PIE world by copying editor world from /Game/StarterContent/Maps/Minimal_Default.Minimal_Default to /Game/StarterContent/Maps/UEDPIE_0_Minimal_Default.Minimal_Default (0.039115s)
[2023.04.29-11.59.35:214][257]LogUObjectHash: Compacting FUObjectHashTables data took   0.62ms
[2023.04.29-11.59.35:215][257]LogAudio: Display: Creating Audio Device:                 Id: 2, Scope: Unique, Realtime: True
[2023.04.29-11.59.35:215][257]LogAudioMixer: Display: Audio Mixer Platform Settings:
[2023.04.29-11.59.35:215][257]LogAudioMixer: Display: 	Sample Rate:						  48000
[2023.04.29-11.59.35:215][257]LogAudioMixer: Display: 	Callback Buffer Frame Size Requested: 1024
[2023.04.29-11.59.35:215][257]LogAudioMixer: Display: 	Callback Buffer Frame Size To Use:	  1024
[2023.04.29-11.59.35:215][257]LogAudioMixer: Display: 	Number of buffers to queue:			  2
[2023.04.29-11.59.35:215][257]LogAudioMixer: Display: 	Max Channels (voices):				  32
[2023.04.29-11.59.35:215][257]LogAudioMixer: Display: 	Number of Async Source Workers:		  0
[2023.04.29-11.59.35:215][257]LogAudio: Display: AudioDevice MaxSources: 32
[2023.04.29-11.59.35:215][257]LogAudio: Display: Audio Spatialization Plugin: None (built-in).
[2023.04.29-11.59.35:215][257]LogAudio: Display: Audio Reverb Plugin: None (built-in).
[2023.04.29-11.59.35:215][257]LogAudio: Display: Audio Occlusion Plugin: None (built-in).
[2023.04.29-11.59.35:215][257]LogAudioMixer: Display: Initializing audio mixer.
[2023.04.29-11.59.35:218][257]LogAudioMixer: Display: 0: FrontLeft
[2023.04.29-11.59.35:218][257]LogAudioMixer: Display: 1: FrontRight
[2023.04.29-11.59.35:223][257]LogAudioMixer: Display: Using Audio Device Mi TV (HD Audio Driver for Display Audio)
[2023.04.29-11.59.35:223][257]LogAudioMixer: Display: Initializing Sound Submixes...
[2023.04.29-11.59.35:223][257]LogAudioMixer: Display: Creating Master Submix 'MasterSubmixDefault'
[2023.04.29-11.59.35:223][257]LogAudioMixer: Display: Creating Master Submix 'MasterReverbSubmixDefault'
[2023.04.29-11.59.35:224][257]LogAudioMixer: Display: Creating Master Submix 'MasterEQSubmixDefault'
[2023.04.29-11.59.35:224][257]LogAudioMixer: FMixerPlatformXAudio2::StartAudioStream() called
[2023.04.29-11.59.35:224][257]LogAudioMixer: Display: Output buffers initialized: Frames=1024, Channels=2, Samples=2048
[2023.04.29-11.59.35:225][257]LogAudioMixer: Display: Starting AudioMixerPlatformInterface::RunInternal()
[2023.04.29-11.59.35:225][257]LogAudioMixer: Display: FMixerPlatformXAudio2::SubmitBuffer() called for the first time
[2023.04.29-11.59.35:225][257]LogInit: FAudioDevice initialized.
[2023.04.29-11.59.35:225][257]LogAudio: Display: Audio Device (ID: 2) registered with world 'Minimal_Default'.
[2023.04.29-11.59.35:232][257]LogLoad: Game class is 'NissanGame_C'
[2023.04.29-11.59.35:238][257]LogWorld: Bringing World /Game/StarterContent/Maps/UEDPIE_0_Minimal_Default.Minimal_Default up for play (max tick rate 0) at 2023.04.29-15.29.35
[2023.04.29-11.59.35:238][257]LogWorld: Bringing up level for play took: 0.004995
[2023.04.29-11.59.35:238][257]LogOnline: OSS: Creating online subsystem instance for: :Context_3
[2023.04.29-11.59.35:242][257]LogNativeClassHierarchy: Verbose: Native class hierarchy updated for 'MovieSceneCapture' in 0.0003 seconds. Added 20 classes and 0 folders.
[2023.04.29-11.59.35:242][257]LogGameMode: Display: Match State Changed from EnteringMap to WaitingToStart
[2023.04.29-11.59.35:242][257]LogGameState: Match State Changed from EnteringMap to WaitingToStart
[2023.04.29-11.59.35:242][257]LogGameMode: Display: Match State Changed from WaitingToStart to InProgress
[2023.04.29-11.59.35:244][257]LogGameState: Match State Changed from WaitingToStart to InProgress
[2023.04.29-11.59.35:244][257]PIE: Server logged in
[2023.04.29-11.59.35:246][257]PIE: Play in editor total start time 0.082 seconds.
[2023.04.29-11.59.41:502][670]LogSlate: Updating window title bar state: overlay mode, drag disabled, window buttons hidden, title bar hidden
[2023.04.29-11.59.41:502][670]LogWorld: BeginTearingDown for /Game/StarterContent/Maps/UEDPIE_0_Minimal_Default
[2023.04.29-11.59.41:502][670]LogWorld: UWorld::CleanupWorld for Minimal_Default, bSessionEnded=true, bCleanupResources=true
[2023.04.29-11.59.41:503][670]LogSlate: InvalidateAllWidgets triggered.  All widgets were invalidated
[2023.04.29-11.59.41:511][670]LogPlayLevel: Display: Shutting down PIE online subsystems
[2023.04.29-11.59.41:513][670]LogSlate: InvalidateAllWidgets triggered.  All widgets were invalidated
[2023.04.29-11.59.41:518][670]LogAudio: Display: Audio Device unregistered from world 'None'.
[2023.04.29-11.59.41:519][670]LogAudioMixer: FMixerPlatformXAudio2::StopAudioStream() called
[2023.04.29-11.59.41:520][670]LogAudioMixer: FMixerPlatformXAudio2::StopAudioStream() called
[2023.04.29-11.59.41:522][670]LogSlate: Updating window title bar state: overlay mode, drag disabled, window buttons hidden, title bar hidden
[2023.04.29-11.59.41:525][670]LogUObjectHash: Compacting FUObjectHashTables data took   0.59ms
[2023.04.29-11.59.41:579][672]LogPlayLevel: Display: Destroying online subsystem :Context_3
[2023.04.29-11.59.46:356][  3]LogEditorViewport: Clicking on Actor (LMB): PlayerStart (Player Start)
[2023.04.29-11.59.48:170][116]LogNavigationPoint: PostEditMove Clear paths rebuilt
[2023.04.29-11.59.49:958][225]LogTemp: Repeating last play command: Selected Viewport
[2023.04.29-11.59.49:965][225]LogPlayLevel: PlayLevel: No blueprints needed recompiling
[2023.04.29-11.59.49:965][225]PIE: New page: PIE session: Minimal_Default (Apr 29, 2023, 7:59:49 PM)
[2023.04.29-11.59.49:965][225]LogPlayLevel: Creating play world package: /Game/StarterContent/Maps/UEDPIE_0_Minimal_Default
[2023.04.29-11.59.50:003][225]LogPlayLevel: PIE: StaticDuplicateObject took: (0.037976s)
[2023.04.29-11.59.50:004][225]LogAIModule: Creating AISystem for world Minimal_Default
[2023.04.29-11.59.50:004][225]LogPlayLevel: PIE: World Init took: (0.001565s)
[2023.04.29-11.59.50:005][225]LogPlayLevel: PIE: Created PIE world by copying editor world from /Game/StarterContent/Maps/Minimal_Default.Minimal_Default to /Game/StarterContent/Maps/UEDPIE_0_Minimal_Default.Minimal_Default (0.039731s)
[2023.04.29-11.59.50:010][225]LogUObjectHash: Compacting FUObjectHashTables data took   0.55ms
[2023.04.29-11.59.50:012][225]LogAudio: Display: Creating Audio Device:                 Id: 3, Scope: Unique, Realtime: True
[2023.04.29-11.59.50:012][225]LogAudioMixer: Display: Audio Mixer Platform Settings:
[2023.04.29-11.59.50:012][225]LogAudioMixer: Display: 	Sample Rate:						  48000
[2023.04.29-11.59.50:012][225]LogAudioMixer: Display: 	Callback Buffer Frame Size Requested: 1024
[2023.04.29-11.59.50:012][225]LogAudioMixer: Display: 	Callback Buffer Frame Size To Use:	  1024
[2023.04.29-11.59.50:012][225]LogAudioMixer: Display: 	Number of buffers to queue:			  2
[2023.04.29-11.59.50:012][225]LogAudioMixer: Display: 	Max Channels (voices):				  32
[2023.04.29-11.59.50:012][225]LogAudioMixer: Display: 	Number of Async Source Workers:		  0
[2023.04.29-11.59.50:012][225]LogAudio: Display: AudioDevice MaxSources: 32
[2023.04.29-11.59.50:012][225]LogAudio: Display: Audio Spatialization Plugin: None (built-in).
[2023.04.29-11.59.50:012][225]LogAudio: Display: Audio Reverb Plugin: None (built-in).
[2023.04.29-11.59.50:012][225]LogAudio: Display: Audio Occlusion Plugin: None (built-in).
[2023.04.29-11.59.50:012][225]LogAudioMixer: Display: Initializing audio mixer.
[2023.04.29-11.59.50:015][225]LogAudioMixer: Display: 0: FrontLeft
[2023.04.29-11.59.50:015][225]LogAudioMixer: Display: 1: FrontRight
[2023.04.29-11.59.50:021][225]LogAudioMixer: Display: Using Audio Device Mi TV (HD Audio Driver for Display Audio)
[2023.04.29-11.59.50:021][225]LogAudioMixer: Display: Initializing Sound Submixes...
[2023.04.29-11.59.50:021][225]LogAudioMixer: Display: Creating Master Submix 'MasterSubmixDefault'
[2023.04.29-11.59.50:021][225]LogAudioMixer: Display: Creating Master Submix 'MasterReverbSubmixDefault'
[2023.04.29-11.59.50:021][225]LogAudioMixer: Display: Creating Master Submix 'MasterEQSubmixDefault'
[2023.04.29-11.59.50:022][225]LogAudioMixer: FMixerPlatformXAudio2::StartAudioStream() called
[2023.04.29-11.59.50:022][225]LogAudioMixer: Display: Output buffers initialized: Frames=1024, Channels=2, Samples=2048
[2023.04.29-11.59.50:023][225]LogAudioMixer: Display: Starting AudioMixerPlatformInterface::RunInternal()
[2023.04.29-11.59.50:023][225]LogAudioMixer: Display: FMixerPlatformXAudio2::SubmitBuffer() called for the first time
[2023.04.29-11.59.50:023][225]LogInit: FAudioDevice initialized.
[2023.04.29-11.59.50:023][225]LogAudio: Display: Audio Device (ID: 3) registered with world 'Minimal_Default'.
[2023.04.29-11.59.50:032][225]LogLoad: Game class is 'NissanGame_C'
[2023.04.29-11.59.50:037][225]LogWorld: Bringing World /Game/StarterContent/Maps/UEDPIE_0_Minimal_Default.Minimal_Default up for play (max tick rate 0) at 2023.04.29-15.29.50
[2023.04.29-11.59.50:037][225]LogWorld: Bringing up level for play took: 0.004625
[2023.04.29-11.59.50:037][225]LogOnline: OSS: Creating online subsystem instance for: :Context_4
[2023.04.29-11.59.50:040][225]LogGameMode: Display: Match State Changed from EnteringMap to WaitingToStart
[2023.04.29-11.59.50:040][225]LogGameState: Match State Changed from EnteringMap to WaitingToStart
[2023.04.29-11.59.50:040][225]LogGameMode: Display: Match State Changed from WaitingToStart to InProgress
[2023.04.29-11.59.50:041][225]LogGameState: Match State Changed from WaitingToStart to InProgress
[2023.04.29-11.59.50:041][225]PIE: Server logged in
[2023.04.29-11.59.50:042][225]PIE: Play in editor total start time 0.078 seconds.
[2023.04.29-12.00.25:651][404]LogSlate: Updating window title bar state: overlay mode, drag disabled, window buttons hidden, title bar hidden
[2023.04.29-12.00.25:651][404]LogWorld: BeginTearingDown for /Game/StarterContent/Maps/UEDPIE_0_Minimal_Default
[2023.04.29-12.00.25:652][404]LogWorld: UWorld::CleanupWorld for Minimal_Default, bSessionEnded=true, bCleanupResources=true
[2023.04.29-12.00.25:652][404]LogSlate: InvalidateAllWidgets triggered.  All widgets were invalidated
[2023.04.29-12.00.25:673][404]LogPlayLevel: Display: Shutting down PIE online subsystems
[2023.04.29-12.00.25:683][404]LogSlate: InvalidateAllWidgets triggered.  All widgets were invalidated
[2023.04.29-12.00.25:691][404]LogAudio: Display: Audio Device unregistered from world 'None'.
[2023.04.29-12.00.25:691][404]LogAudioMixer: FMixerPlatformXAudio2::StopAudioStream() called
[2023.04.29-12.00.25:692][404]LogAudioMixer: FMixerPlatformXAudio2::StopAudioStream() called
[2023.04.29-12.00.25:695][404]LogSlate: Updating window title bar state: overlay mode, drag disabled, window buttons hidden, title bar hidden
[2023.04.29-12.00.25:697][404]LogUObjectHash: Compacting FUObjectHashTables data took   0.55ms
[2023.04.29-12.00.25:757][406]LogPlayLevel: Display: Destroying online subsystem :Context_4
[2023.04.29-12.02.33:072][750]LogEditorViewport: Clicking on Actor (LMB): Landscape (Landscape)
[2023.04.29-12.02.44:514][401]LogTemp: Repeating last play command: Selected Viewport
[2023.04.29-12.02.44:520][401]LogPlayLevel: PlayLevel: No blueprints needed recompiling
[2023.04.29-12.02.44:520][401]PIE: New page: PIE session: Minimal_Default (Apr 29, 2023, 8:02:44 PM)
[2023.04.29-12.02.44:520][401]LogPlayLevel: Creating play world package: /Game/StarterContent/Maps/UEDPIE_0_Minimal_Default
[2023.04.29-12.02.44:562][401]LogPlayLevel: PIE: StaticDuplicateObject took: (0.041393s)
[2023.04.29-12.02.44:562][401]LogAIModule: Creating AISystem for world Minimal_Default
[2023.04.29-12.02.44:564][401]LogPlayLevel: PIE: World Init took: (0.001218s)
[2023.04.29-12.02.44:564][401]LogPlayLevel: PIE: Created PIE world by copying editor world from /Game/StarterContent/Maps/Minimal_Default.Minimal_Default to /Game/StarterContent/Maps/UEDPIE_0_Minimal_Default.Minimal_Default (0.042744s)
[2023.04.29-12.02.44:569][401]LogUObjectHash: Compacting FUObjectHashTables data took   0.63ms
[2023.04.29-12.02.44:570][401]LogAudio: Display: Creating Audio Device:                 Id: 4, Scope: Unique, Realtime: True
[2023.04.29-12.02.44:570][401]LogAudioMixer: Display: Audio Mixer Platform Settings:
[2023.04.29-12.02.44:570][401]LogAudioMixer: Display: 	Sample Rate:						  48000
[2023.04.29-12.02.44:570][401]LogAudioMixer: Display: 	Callback Buffer Frame Size Requested: 1024
[2023.04.29-12.02.44:570][401]LogAudioMixer: Display: 	Callback Buffer Frame Size To Use:	  1024
[2023.04.29-12.02.44:570][401]LogAudioMixer: Display: 	Number of buffers to queue:			  2
[2023.04.29-12.02.44:570][401]LogAudioMixer: Display: 	Max Channels (voices):				  32
[2023.04.29-12.02.44:570][401]LogAudioMixer: Display: 	Number of Async Source Workers:		  0
[2023.04.29-12.02.44:570][401]LogAudio: Display: AudioDevice MaxSources: 32
[2023.04.29-12.02.44:571][401]LogAudio: Display: Audio Spatialization Plugin: None (built-in).
[2023.04.29-12.02.44:571][401]LogAudio: Display: Audio Reverb Plugin: None (built-in).
[2023.04.29-12.02.44:571][401]LogAudio: Display: Audio Occlusion Plugin: None (built-in).
[2023.04.29-12.02.44:571][401]LogAudioMixer: Display: Initializing audio mixer.
[2023.04.29-12.02.44:574][401]LogAudioMixer: Display: 0: FrontLeft
[2023.04.29-12.02.44:574][401]LogAudioMixer: Display: 1: FrontRight
[2023.04.29-12.02.44:580][401]LogAudioMixer: Display: Using Audio Device Mi TV (HD Audio Driver for Display Audio)
[2023.04.29-12.02.44:580][401]LogAudioMixer: Display: Initializing Sound Submixes...
[2023.04.29-12.02.44:580][401]LogAudioMixer: Display: Creating Master Submix 'MasterSubmixDefault'
[2023.04.29-12.02.44:580][401]LogAudioMixer: Display: Creating Master Submix 'MasterReverbSubmixDefault'
[2023.04.29-12.02.44:581][401]LogAudioMixer: Display: Creating Master Submix 'MasterEQSubmixDefault'
[2023.04.29-12.02.44:581][401]LogAudioMixer: FMixerPlatformXAudio2::StartAudioStream() called
[2023.04.29-12.02.44:581][401]LogAudioMixer: Display: Output buffers initialized: Frames=1024, Channels=2, Samples=2048
[2023.04.29-12.02.44:582][401]LogAudioMixer: Display: Starting AudioMixerPlatformInterface::RunInternal()
[2023.04.29-12.02.44:582][401]LogAudioMixer: Display: FMixerPlatformXAudio2::SubmitBuffer() called for the first time
[2023.04.29-12.02.44:582][401]LogInit: FAudioDevice initialized.
[2023.04.29-12.02.44:582][401]LogAudio: Display: Audio Device (ID: 4) registered with world 'Minimal_Default'.
[2023.04.29-12.02.44:591][401]LogLoad: Game class is 'NissanGame_C'
[2023.04.29-12.02.44:596][401]LogWorld: Bringing World /Game/StarterContent/Maps/UEDPIE_0_Minimal_Default.Minimal_Default up for play (max tick rate 0) at 2023.04.29-15.32.44
[2023.04.29-12.02.44:597][401]LogWorld: Bringing up level for play took: 0.005118
[2023.04.29-12.02.44:597][401]LogOnline: OSS: Creating online subsystem instance for: :Context_5
[2023.04.29-12.02.44:599][401]LogGameMode: Display: Match State Changed from EnteringMap to WaitingToStart
[2023.04.29-12.02.44:600][401]LogGameState: Match State Changed from EnteringMap to WaitingToStart
[2023.04.29-12.02.44:600][401]LogGameMode: Display: Match State Changed from WaitingToStart to InProgress
[2023.04.29-12.02.44:601][401]LogGameState: Match State Changed from WaitingToStart to InProgress
[2023.04.29-12.02.44:601][401]PIE: Server logged in
[2023.04.29-12.02.44:601][401]PIE: Play in editor total start time 0.081 seconds.
[2023.04.29-12.03.02:230][624]LogSlate: Updating window title bar state: overlay mode, drag disabled, window buttons hidden, title bar hidden
[2023.04.29-12.03.02:230][624]LogWorld: BeginTearingDown for /Game/StarterContent/Maps/UEDPIE_0_Minimal_Default
[2023.04.29-12.03.02:231][624]LogWorld: UWorld::CleanupWorld for Minimal_Default, bSessionEnded=true, bCleanupResources=true
[2023.04.29-12.03.02:232][624]LogSlate: InvalidateAllWidgets triggered.  All widgets were invalidated
[2023.04.29-12.03.02:244][624]LogPlayLevel: Display: Shutting down PIE online subsystems
[2023.04.29-12.03.02:246][624]LogSlate: InvalidateAllWidgets triggered.  All widgets were invalidated
[2023.04.29-12.03.02:253][624]LogAudio: Display: Audio Device unregistered from world 'None'.
[2023.04.29-12.03.02:254][624]LogAudioMixer: FMixerPlatformXAudio2::StopAudioStream() called
[2023.04.29-12.03.02:255][624]LogAudioMixer: FMixerPlatformXAudio2::StopAudioStream() called
[2023.04.29-12.03.02:257][624]LogSlate: Updating window title bar state: overlay mode, drag disabled, window buttons hidden, title bar hidden
[2023.04.29-12.03.02:259][624]LogUObjectHash: Compacting FUObjectHashTables data took   0.71ms
[2023.04.29-12.03.02:314][626]LogPlayLevel: Display: Destroying online subsystem :Context_5
[2023.04.29-12.03.11:689][302]LogEditorViewport: Clicking Background
[2023.04.29-12.05.46:987][959]LogEditorViewport: Clicking Background
[2023.04.29-12.06.05:411][226]LogUObjectHash: Compacting FUObjectHashTables data took   0.73ms
[2023.04.29-12.06.06:634][226]LogSlate: Window 'Save Content' being destroyed
[2023.04.29-12.06.06:672][226]LogUObjectHash: Compacting FUObjectHashTables data took   0.26ms
[2023.04.29-12.06.06:681][226]LogTexture: Display: Building textures: Texture2D_3 (BGRA8, 512X512)
[2023.04.29-12.06.06:791][226]LogTexture: Display: Building textures: Texture2D_0 (BGRA8, 512X512)
[2023.04.29-12.06.06:795][226]LogSavePackage: Moving '../../../../../../Asus/Documents/GitHub/TheTroubleMakers/Unreal Engine Project/SpeedLimit_UniAzad/Saved/Minimal_DefaultEA32DA1349F2CBCF3904ADAD8E4909A8.tmp' to '../../../../../../Asus/Documents/GitHub/TheTroubleMakers/Unreal Engine Project/SpeedLimit_UniAzad/Content/StarterContent/Maps/Minimal_Default.umap'
[2023.04.29-12.06.06:814][226]LogFileHelpers: Saving map 'Minimal_Default' took 0.147
[2023.04.29-12.06.06:866][226]LogSlate: Window 'SpeedLimit_UniAzad - Unreal Editor' being destroyed
[2023.04.29-12.06.06:979][226]AssetCheck: New page: Asset Save: Minimal_Default
[2023.04.29-12.06.06:979][226]LogContentValidation: Display: Validating World /Game/StarterContent/Maps/Minimal_Default.Minimal_Default
[2023.04.29-12.06.06:980][227]Cmd: QUIT_EDITOR
[2023.04.29-12.06.06:980][227]LogCore: Engine exit requested (reason: UUnrealEdEngine::CloseEditor())
[2023.04.29-12.06.06:982][227]LogCore: Engine exit requested (reason: EngineExit() was called; note: exit was already requested)
[2023.04.29-12.06.07:530][227]LogAudio: Display: Beginning Audio Device Manager Shutdown (Module: AudioMixerXAudio2)...
[2023.04.29-12.06.07:530][227]LogAudio: Display: Destroying 1 Remaining Audio Device(s)...
[2023.04.29-12.06.07:530][227]LogAudio: Display: Audio Device unregistered from world 'Minimal_Default'.
[2023.04.29-12.06.07:530][227]LogAudioMixer: FMixerPlatformXAudio2::StopAudioStream() called
[2023.04.29-12.06.07:532][227]LogAudioMixer: FMixerPlatformXAudio2::StopAudioStream() called
[2023.04.29-12.06.07:535][227]LogAudio: Display: Audio Device Manager Shutdown
[2023.04.29-12.06.07:535][227]LogWindowsTextInputMethodSystem: Display: IME system deactivated.
[2023.04.29-12.06.07:541][227]LogExit: Preparing to exit.
[2023.04.29-12.06.08:262][227]LogUObjectHash: Compacting FUObjectHashTables data took   1.39ms
[2023.04.29-12.06.08:396][227]LogWorld: UWorld::CleanupWorld for World_1, bSessionEnded=true, bCleanupResources=true
[2023.04.29-12.06.08:398][227]LogWorld: UWorld::CleanupWorld for World_0, bSessionEnded=true, bCleanupResources=true
[2023.04.29-12.06.08:418][227]LogDirectoryWatcher: Display: A directory notification failed, and we were unable to create a new request. GetLastError code [6] Handle [FFFFFFFFFFFFFFFF], Path [E:/Asus/Documents/GitHub/TheTroubleMakers/Unreal Engine Project/SpeedLimit_UniAzad/Content/] 
[2023.04.29-12.06.08:454][227]LogDemo: Cleaned up 0 splitscreen connections with owner deletion
[2023.04.29-12.06.08:458][227]LogWorld: UWorld::CleanupWorld for None, bSessionEnded=true, bCleanupResources=true
[2023.04.29-12.06.08:458][227]LogExit: Editor shut down
[2023.04.29-12.06.08:459][227]LogExit: Transaction tracking system shut down
[2023.04.29-12.06.08:794][227]LogExit: Object subsystem successfully closed.
[2023.04.29-12.06.08:817][227]LogShaderCompilers: Display: === FShaderJobCache stats ===
[2023.04.29-12.06.08:819][227]LogShaderCompilers: Display: Total job queries 0, among them cache hits 0 (0.00%)
[2023.04.29-12.06.08:819][227]LogShaderCompilers: Display: Tracking 0 distinct input hashes that result in 0 distinct outputs (0.00%)
[2023.04.29-12.06.08:819][227]LogShaderCompilers: Display: RAM used: 0.00 MB (0.00 GB) of 819.20 MB (0.80 GB) budget. Usage: 0.00%
[2023.04.29-12.06.08:819][227]LogShaderCompilers: Display: ================================================
[2023.04.29-12.06.08:838][227]LogShaderCompilers: Display: Shaders left to compile 0
[2023.04.29-12.06.08:858][227]LogModuleManager: Shutting down and abandoning module MovieSceneCapture (874)
[2023.04.29-12.06.08:858][227]LogModuleManager: Shutting down and abandoning module Voice (872)
[2023.04.29-12.06.08:858][227]LogModuleManager: Shutting down and abandoning module HierarchicalLODOutliner (870)
[2023.04.29-12.06.08:858][227]LogModuleManager: Shutting down and abandoning module SceneOutliner (868)
[2023.04.29-12.06.08:858][227]LogModuleManager: Shutting down and abandoning module AddContentDialog (866)
[2023.04.29-12.06.08:859][227]LogModuleManager: Shutting down and abandoning module WidgetCarousel (865)
[2023.04.29-12.06.08:859][227]LogModuleManager: Shutting down and abandoning module EditorWidgets (862)
[2023.04.29-12.06.08:859][227]LogModuleManager: Shutting down and abandoning module StatsViewer (860)
[2023.04.29-12.06.08:859][227]LogModuleManager: Shutting down and abandoning module PIEPreviewDeviceProfileSelector (858)
[2023.04.29-12.06.08:859][227]LogModuleManager: Shutting down and abandoning module SequenceRecorderSections (856)
[2023.04.29-12.06.08:859][227]LogModuleManager: Shutting down and abandoning module AutomationWorker (854)
[2023.04.29-12.06.08:859][227]LogModuleManager: Shutting down and abandoning module SteamVREditor (852)
[2023.04.29-12.06.08:859][227]LogModuleManager: Shutting down and abandoning module OculusMR (850)
[2023.04.29-12.06.08:859][227]LogModuleManager: Shutting down and abandoning module TakeRecorderSources (848)
[2023.04.29-12.06.08:859][227]LogModuleManager: Shutting down and abandoning module TakeRecorder (847)
[2023.04.29-12.06.08:860][227]LogModuleManager: Shutting down and abandoning module TakeTrackRecorders (844)
[2023.04.29-12.06.08:860][227]LogModuleManager: Shutting down and abandoning module TakesCore (842)
[2023.04.29-12.06.08:860][227]LogModuleManager: Shutting down and abandoning module OpenXRInput (840)
[2023.04.29-12.06.08:860][227]LogModuleManager: Shutting down and abandoning module GooglePADEditor (838)
[2023.04.29-12.06.08:860][227]LogModuleManager: Shutting down and abandoning module AudioCaptureEditor (836)
[2023.04.29-12.06.08:860][227]LogModuleManager: Shutting down and abandoning module WmfMediaFactory (834)
[2023.04.29-12.06.08:860][227]LogModuleManager: Shutting down and abandoning module WmfMediaEditor (832)
[2023.04.29-12.06.08:860][227]LogModuleManager: Shutting down and abandoning module WebMMediaFactory (830)
[2023.04.29-12.06.08:860][227]LogModuleManager: Shutting down and abandoning module WebMMediaEditor (828)
[2023.04.29-12.06.08:860][227]LogModuleManager: Shutting down and abandoning module WebMMedia (826)
[2023.04.29-12.06.08:860][227]LogModuleManager: Shutting down and abandoning module MediaPlayerEditor (824)
[2023.04.29-12.06.08:860][227]LogModuleManager: Shutting down and abandoning module MediaCompositingEditor (822)
[2023.04.29-12.06.08:861][227]LogModuleManager: Shutting down and abandoning module SequenceRecorder (821)
[2023.04.29-12.06.08:861][227]LogModuleManager: Shutting down and abandoning module OpenExrWrapper (818)
[2023.04.29-12.06.08:861][227]LogModuleManager: Shutting down and abandoning module ImgMediaFactory (816)
[2023.04.29-12.06.08:861][227]LogModuleManager: Shutting down and abandoning module ImgMediaEditor (814)
[2023.04.29-12.06.08:861][227]LogModuleManager: Shutting down and abandoning module AvfMediaFactory (812)
[2023.04.29-12.06.08:861][227]LogModuleManager: Shutting down and abandoning module AvfMediaEditor (810)
[2023.04.29-12.06.08:861][227]LogModuleManager: Shutting down and abandoning module TemplateSequenceEditor (808)
[2023.04.29-12.06.08:861][227]LogModuleManager: Shutting down and abandoning module AndroidMediaFactory (806)
[2023.04.29-12.06.08:861][227]LogModuleManager: Shutting down and abandoning module AndroidMediaEditor (804)
[2023.04.29-12.06.08:861][227]LogModuleManager: Shutting down and abandoning module LevelSequenceEditor (802)
[2023.04.29-12.06.08:861][227]LogModuleManager: Shutting down and abandoning module MatineeToLevelSequence (800)
[2023.04.29-12.06.08:861][227]LogModuleManager: Shutting down and abandoning module ActorSequenceEditor (798)
[2023.04.29-12.06.08:861][227]LogModuleManager: Shutting down and abandoning module MagicLeapMediaCodecFactory (796)
[2023.04.29-12.06.08:861][227]LogModuleManager: Shutting down and abandoning module MagicLeapMediaFactory (794)
[2023.04.29-12.06.08:861][227]LogModuleManager: Shutting down and abandoning module MagicLeapMediaEditor (792)
[2023.04.29-12.06.08:861][227]LogModuleManager: Shutting down and abandoning module PlanarCut (790)
[2023.04.29-12.06.08:861][227]LogModuleManager: Shutting down and abandoning module CharacterAI (788)
[2023.04.29-12.06.08:861][227]LogModuleManager: Shutting down and abandoning module TextureAlignMode (786)
[2023.04.29-12.06.08:861][227]LogModuleManager: Shutting down and abandoning module BspMode (784)
[2023.04.29-12.06.08:862][227]LogModuleManager: Shutting down and abandoning module GeometryMode (782)
[2023.04.29-12.06.08:862][227]LogModuleManager: Shutting down and abandoning module CameraShakePreviewer (780)
[2023.04.29-12.06.08:862][227]LogModuleManager: Shutting down and abandoning module SmartSnapping (778)
[2023.04.29-12.06.08:862][227]LogModuleManager: Shutting down and abandoning module SessionServices (776)
[2023.04.29-12.06.08:862][227]LogModuleManager: Shutting down and abandoning module MeshPaint (774)
[2023.04.29-12.06.08:862][227]LogModuleManager: Shutting down and abandoning module VirtualTexturingEditor (772)
[2023.04.29-12.06.08:862][227]LogModuleManager: Shutting down and abandoning module FoliageEdit (770)
[2023.04.29-12.06.08:862][227]LogModuleManager: Shutting down and abandoning module LandscapeEditor (768)
[2023.04.29-12.06.08:862][227]LogModuleManager: Shutting down and abandoning module MeshPaintMode (766)
[2023.04.29-12.06.08:862][227]LogModuleManager: Shutting down and abandoning module SceneDepthPickerMode (764)
[2023.04.29-12.06.08:862][227]LogModuleManager: Shutting down and abandoning module ActorPickerMode (762)
[2023.04.29-12.06.08:862][227]LogModuleManager: Shutting down and abandoning module PlacementMode (760)
[2023.04.29-12.06.08:862][227]LogModuleManager: Shutting down and abandoning module ViewportSnapping (758)
[2023.04.29-12.06.08:862][227]LogModuleManager: Shutting down and abandoning module ViewportInteraction (756)
[2023.04.29-12.06.08:862][227]LogModuleManager: Shutting down and abandoning module ClothPainter (754)
[2023.04.29-12.06.08:862][227]LogModuleManager: Shutting down and abandoning module SkeletalMeshEditor (753)
[2023.04.29-12.06.08:862][227]LogModuleManager: Shutting down and abandoning module LogVisualizer (750)
[2023.04.29-12.06.08:862][227]LogModuleManager: Shutting down and abandoning module IntroTutorials (748)
[2023.04.29-12.06.08:862][227]LogModuleManager: Shutting down and abandoning module GameProjectGeneration (747)
[2023.04.29-12.06.08:862][227]LogModuleManager: Shutting down and abandoning module LuminPlatformEditor (744)
[2023.04.29-12.06.08:862][227]LogModuleManager: Shutting down and abandoning module IOSPlatformEditor (742)
[2023.04.29-12.06.08:862][227]LogModuleManager: Shutting down and abandoning module AndroidPlatformEditor (740)
[2023.04.29-12.06.08:862][227]LogModuleManager: Shutting down and abandoning module AndroidDeviceDetection (739)
[2023.04.29-12.06.09:294][227]LogModuleManager: Shutting down and abandoning module WindowsPlatformEditor (736)
[2023.04.29-12.06.09:294][227]LogModuleManager: Shutting down and abandoning module LuminRuntimeSettings (734)
[2023.04.29-12.06.09:294][227]LogModuleManager: Shutting down and abandoning module IOSRuntimeSettings (732)
[2023.04.29-12.06.09:294][227]LogModuleManager: Shutting down and abandoning module AndroidRuntimeSettings (730)
[2023.04.29-12.06.09:294][227]LogModuleManager: Shutting down and abandoning module TraceInsights (728)
[2023.04.29-12.06.09:294][227]MemoryProfiler: Shutdown
[2023.04.29-12.06.09:294][227]NetworkingProfiler: Shutdown
[2023.04.29-12.06.09:294][227]LoadingProfiler: Shutdown
[2023.04.29-12.06.09:294][227]TimingProfiler: Shutdown
[2023.04.29-12.06.09:294][227]LogModuleManager: Shutting down and abandoning module TraceServices (727)
[2023.04.29-12.06.09:294][227]LogModuleManager: Shutting down and abandoning module EditorInteractiveToolsFramework (724)
[2023.04.29-12.06.09:294][227]LogModuleManager: Shutting down and abandoning module TimeManagementEditor (722)
[2023.04.29-12.06.09:294][227]LogModuleManager: Shutting down and abandoning module InputBindingEditor (720)
[2023.04.29-12.06.09:294][227]LogModuleManager: Shutting down and abandoning module MergeActors (718)
[2023.04.29-12.06.09:294][227]LogModuleManager: Shutting down and abandoning module LocalizationDashboard (716)
[2023.04.29-12.06.09:294][227]LogModuleManager: Shutting down and abandoning module LocalizationService (715)
[2023.04.29-12.06.09:294][227]LogModuleManager: Shutting down and abandoning module HardwareTargeting (712)
[2023.04.29-12.06.09:294][227]LogModuleManager: Shutting down and abandoning module DeviceProfileEditor (710)
[2023.04.29-12.06.09:294][227]LogModuleManager: Shutting down and abandoning module UndoHistory (708)
[2023.04.29-12.06.09:295][227]LogModuleManager: Shutting down and abandoning module XmlParser (706)
[2023.04.29-12.06.09:295][227]LogModuleManager: Shutting down and abandoning module Blutility (704)
[2023.04.29-12.06.09:295][227]LogModuleManager: Shutting down and abandoning module ProjectSettingsViewer (702)
[2023.04.29-12.06.09:295][227]LogModuleManager: Shutting down and abandoning module ProjectTargetPlatformEditor (701)
[2023.04.29-12.06.09:295][227]LogModuleManager: Shutting down and abandoning module EditorSettingsViewer (698)
[2023.04.29-12.06.09:295][227]LogModuleManager: Shutting down and abandoning module InternationalizationSettings (697)
[2023.04.29-12.06.09:295][227]LogModuleManager: Shutting down and abandoning module SettingsEditor (694)
[2023.04.29-12.06.09:295][227]LogModuleManager: Shutting down and abandoning module ProjectLauncher (692)
[2023.04.29-12.06.09:295][227]LogModuleManager: Shutting down and abandoning module SessionFrontend (690)
[2023.04.29-12.06.09:295][227]LogModuleManager: Shutting down and abandoning module ProfilerClient (688)
[2023.04.29-12.06.09:295][227]LogModuleManager: Shutting down and abandoning module DeviceManager (686)
[2023.04.29-12.06.09:295][227]LogModuleManager: Shutting down and abandoning module TargetDeviceServices (685)
[2023.04.29-12.06.09:328][227]LogModuleManager: Shutting down and abandoning module AutomationController (682)
[2023.04.29-12.06.09:328][227]LogModuleManager: Shutting down and abandoning module AutomationWindow (680)
[2023.04.29-12.06.09:328][227]LogModuleManager: Shutting down and abandoning module Layers (678)
[2023.04.29-12.06.09:328][227]LogModuleManager: Shutting down and abandoning module ComponentVisualizers (676)
[2023.04.29-12.06.09:328][227]LogModuleManager: Shutting down and abandoning module DetailCustomizations (674)
[2023.04.29-12.06.09:328][227]LogModuleManager: Shutting down and abandoning module PackagesDialog (672)
[2023.04.29-12.06.09:328][227]LogModuleManager: Shutting down and abandoning module AnimationBlueprintEditor (670)
[2023.04.29-12.06.09:328][227]LogModuleManager: Shutting down and abandoning module Persona (668)
[2023.04.29-12.06.09:328][227]LogModuleManager: Shutting down and abandoning module AdvancedPreviewScene (667)
[2023.04.29-12.06.09:329][227]LogModuleManager: Shutting down and abandoning module AnimGraph (665)
[2023.04.29-12.06.09:329][227]LogModuleManager: Shutting down and abandoning module Kismet (662)
[2023.04.29-12.06.09:329][227]LogModuleManager: Shutting down and abandoning module KismetWidgets (661)
[2023.04.29-12.06.09:329][227]LogModuleManager: Shutting down and abandoning module GraphEditor (658)
[2023.04.29-12.06.09:329][227]LogModuleManager: Shutting down and abandoning module StructViewer (656)
[2023.04.29-12.06.09:329][227]LogModuleManager: Shutting down and abandoning module ClassViewer (654)
[2023.04.29-12.06.09:329][227]LogModuleManager: Shutting down and abandoning module Toolbox (652)
[2023.04.29-12.06.09:329][227]LogModuleManager: Shutting down and abandoning module ModuleUI (650)
[2023.04.29-12.06.09:329][227]LogModuleManager: Shutting down and abandoning module OutputLog (648)
[2023.04.29-12.06.09:330][227]LogModuleManager: Shutting down and abandoning module GammaUI (646)
[2023.04.29-12.06.09:330][227]LogModuleManager: Shutting down and abandoning module Documentation (644)
[2023.04.29-12.06.09:330][227]LogModuleManager: Shutting down and abandoning module LiveCoding (642)
[2023.04.29-12.06.09:330][227]LogModuleManager: Shutting down and abandoning module LevelSequence (640)
[2023.04.29-12.06.09:330][227]LogModuleManager: Shutting down and abandoning module MovieSceneTracks (638)
[2023.04.29-12.06.09:330][227]LogModuleManager: Shutting down and abandoning module MovieScene (636)
[2023.04.29-12.06.09:330][227]LogModuleManager: Shutting down and abandoning module StreamingPauseRendering (634)
[2023.04.29-12.06.09:330][227]LogModuleManager: Shutting down and abandoning module LauncherPlatform (632)
[2023.04.29-12.06.09:330][227]LogModuleManager: Shutting down and abandoning module AnalyticsET (630)
[2023.04.29-12.06.09:330][227]LogModuleManager: Shutting down and abandoning module PortalServices (628)
[2023.04.29-12.06.09:330][227]LogModuleManager: Shutting down and abandoning module PortalRpc (626)
[2023.04.29-12.06.09:330][227]LogModuleManager: Shutting down and abandoning module MessagingRpc (624)
[2023.04.29-12.06.09:330][227]LogModuleManager: Shutting down and abandoning module AudioMixerXAudio2 (622)
[2023.04.29-12.06.09:330][227]LogModuleManager: Shutting down and abandoning module AudioMixerCore (621)
[2023.04.29-12.06.09:330][227]LogModuleManager: Shutting down and abandoning module AIModule (618)
[2023.04.29-12.06.09:330][227]LogModuleManager: Shutting down and abandoning module GameplayDebugger (617)
[2023.04.29-12.06.09:330][227]LogModuleManager: Shutting down and abandoning module AITestSuite (615)
[2023.04.29-12.06.09:331][227]LogModuleManager: Shutting down and abandoning module NavigationSystem (613)
[2023.04.29-12.06.09:331][227]LogModuleManager: Shutting down and abandoning module ImageWriteQueue (610)
[2023.04.29-12.06.09:331][227]LogModuleManager: Shutting down and abandoning module ProfilerService (608)
[2023.04.29-12.06.09:455][227]LogModuleManager: Shutting down and abandoning module TaskGraph (606)
[2023.04.29-12.06.09:455][227]LogModuleManager: Shutting down and abandoning module AudioSynesthesiaEditor (604)
[2023.04.29-12.06.09:455][227]LogModuleManager: Shutting down and abandoning module OculusEditor (602)
[2023.04.29-12.06.09:455][227]LogModuleManager: Shutting down and abandoning module OculusInput (600)
[2023.04.29-12.06.09:455][227]LogModuleManager: Shutting down and abandoning module ContentBrowserFileDataSource (598)
[2023.04.29-12.06.09:455][227]LogModuleManager: Shutting down and abandoning module ContentBrowserClassDataSource (596)
[2023.04.29-12.06.09:455][227]LogModuleManager: Shutting down and abandoning module ContentBrowserAssetDataSource (594)
[2023.04.29-12.06.09:455][227]LogModuleManager: Shutting down and abandoning module CollectionManager (593)
[2023.04.29-12.06.09:455][227]LogModuleManager: Shutting down and abandoning module OodleNetworkHandlerComponent (590)
[2023.04.29-12.06.09:455][227]LogModuleManager: Shutting down and abandoning module TakeSequencer (588)
[2023.04.29-12.06.09:455][227]LogModuleManager: Shutting down and abandoning module TakeMovieScene (586)
[2023.04.29-12.06.09:455][227]LogModuleManager: Shutting down and abandoning module ScreenshotTools (584)
[2023.04.29-12.06.09:455][227]LogModuleManager: Shutting down and abandoning module SynthesisEditor (582)
[2023.04.29-12.06.09:455][227]LogModuleManager: Shutting down and abandoning module Synthesis (580)
[2023.04.29-12.06.09:455][227]LogModuleManager: Shutting down and abandoning module ProceduralMeshComponentEditor (578)
[2023.04.29-12.06.09:455][227]LogModuleManager: Shutting down and abandoning module ProceduralMeshComponent (576)
[2023.04.29-12.06.09:455][227]LogModuleManager: Shutting down and abandoning module OpenXREditor (574)
[2023.04.29-12.06.09:455][227]LogModuleManager: Shutting down and abandoning module MobilePatchingUtils (572)
[2023.04.29-12.06.09:455][227]LogModuleManager: Shutting down and abandoning module GooglePAD (570)
[2023.04.29-12.06.09:455][227]LogModuleManager: Shutting down and abandoning module CustomMeshComponent (568)
[2023.04.29-12.06.09:455][227]LogModuleManager: Shutting down and abandoning module EditableMesh (566)
[2023.04.29-12.06.09:455][227]LogModuleManager: Shutting down and abandoning module CableComponent (564)
[2023.04.29-12.06.09:455][227]LogModuleManager: Shutting down and abandoning module AudioCapture (562)
[2023.04.29-12.06.09:456][227]LogModuleManager: Shutting down and abandoning module AudioCaptureRtAudio (561)
[2023.04.29-12.06.09:456][227]LogModuleManager: Shutting down and abandoning module ArchVisCharacter (558)
[2023.04.29-12.06.09:456][227]LogModuleManager: Shutting down and abandoning module AssetTags (556)
[2023.04.29-12.06.09:456][227]LogModuleManager: Shutting down and abandoning module AppleImageUtilsBlueprintSupport (554)
[2023.04.29-12.06.09:456][227]LogModuleManager: Shutting down and abandoning module AppleImageUtils (552)
[2023.04.29-12.06.09:456][227]LogModuleManager: Shutting down and abandoning module AndroidPermission (550)
[2023.04.29-12.06.09:456][227]LogModuleManager: Shutting down and abandoning module ActorLayerUtilitiesEditor (548)
[2023.04.29-12.06.09:456][227]LogModuleManager: Shutting down and abandoning module ActorLayerUtilities (546)
[2023.04.29-12.06.09:456][227]LogModuleManager: Shutting down and abandoning module MediaCompositing (544)
[2023.04.29-12.06.09:456][227]LogModuleManager: Shutting down and abandoning module ImgMedia (542)
[2023.04.29-12.06.09:456][227]LogModuleManager: Shutting down and abandoning module TemplateSequence (540)
[2023.04.29-12.06.09:456][227]LogModuleManager: Shutting down and abandoning module MagicLeapSharedWorld (538)
[2023.04.29-12.06.09:456][227]LogModuleManager: Shutting down and abandoning module MagicLeapLightEstimation (536)
[2023.04.29-12.06.09:456][227]LogModuleManager: Shutting down and abandoning module MagicLeapHelperVulkan (534)
[2023.04.29-12.06.09:456][227]LogModuleManager: Shutting down and abandoning module MagicLeapHelperOpenGL (532)
[2023.04.29-12.06.09:456][227]LogModuleManager: Shutting down and abandoning module MagicLeapAudio (530)
[2023.04.29-12.06.09:456][227]LogModuleManager: Shutting down and abandoning module OpenImageDenoise (528)
[2023.04.29-12.06.09:456][227]LogOpenImageDenoise: OIDN shutting down
[2023.04.29-12.06.09:456][227]LogModuleManager: Shutting down and abandoning module MotoSynthEditor (526)
[2023.04.29-12.06.09:456][227]LogModuleManager: Shutting down and abandoning module MotoSynth (524)
[2023.04.29-12.06.09:456][227]LogModuleManager: Shutting down and abandoning module VariantManagerContentEditor (522)
[2023.04.29-12.06.09:456][227]LogModuleManager: Shutting down and abandoning module MeshConversion (520)
[2023.04.29-12.06.09:456][227]LogModuleManager: Shutting down and abandoning module DynamicMesh (518)
[2023.04.29-12.06.09:456][227]LogModuleManager: Shutting down and abandoning module GeometryAlgorithms (516)
[2023.04.29-12.06.09:456][227]LogModuleManager: Shutting down and abandoning module GeometricObjects (514)
[2023.04.29-12.06.09:456][227]LogModuleManager: Shutting down and abandoning module GeometryCollectionTracks (512)
[2023.04.29-12.06.09:456][227]LogModuleManager: Shutting down and abandoning module GeometryCollectionSequencer (511)
[2023.04.29-12.06.09:456][227]LogModuleManager: Shutting down and abandoning module GeometryCollectionEditor (508)
[2023.04.29-12.06.09:456][227]LogModuleManager: Shutting down and abandoning module GeometryCacheTracks (506)
[2023.04.29-12.06.09:456][227]LogModuleManager: Shutting down and abandoning module GeometryCacheStreamer (504)
[2023.04.29-12.06.09:456][227]LogModuleManager: Shutting down and abandoning module GeometryCacheSequencer (502)
[2023.04.29-12.06.09:456][227]LogModuleManager: Shutting down and abandoning module DatasmithContentEditor (500)
[2023.04.29-12.06.09:456][227]LogModuleManager: Shutting down and abandoning module SpeedTreeImporter (498)
[2023.04.29-12.06.09:456][227]LogModuleManager: Shutting down and abandoning module NiagaraEditorWidgets (496)
[2023.04.29-12.06.09:456][227]LogModuleManager: Shutting down and abandoning module PluginBrowser (494)
[2023.04.29-12.06.09:456][227]LogModuleManager: Shutting down and abandoning module MaterialAnalyzer (492)
[2023.04.29-12.06.09:456][227]LogModuleManager: Shutting down and abandoning module MobileLauncherProfileWizard (490)
[2023.04.29-12.06.09:456][227]LogModuleManager: Shutting down and abandoning module ChaosSolverEditor (488)
[2023.04.29-12.06.09:456][227]LogModuleManager: Shutting down and abandoning module ChaosNiagara (486)
[2023.04.29-12.06.09:456][227]LogModuleManager: Shutting down and abandoning module CurveEditorTools (484)
[2023.04.29-12.06.09:456][227]LogModuleManager: Shutting down and abandoning module FractureEditor (482)
[2023.04.29-12.06.09:457][227]LogModuleManager: Shutting down and abandoning module FieldSystemEngine (481)
[2023.04.29-12.06.09:457][227]LogModuleManager: Shutting down and abandoning module ChaosClothEditor (478)
[2023.04.29-12.06.09:457][227]LogModuleManager: Shutting down and abandoning module CryptoKeysOpenSSL (476)
[2023.04.29-12.06.09:457][227]LogModuleManager: Shutting down and abandoning module CryptoKeys (474)
[2023.04.29-12.06.09:457][227]LogModuleManager: Shutting down and abandoning module BackChannel (472)
[2023.04.29-12.06.09:457][227]LogModuleManager: Shutting down and abandoning module AutomationUtilsEditor (470)
[2023.04.29-12.06.09:457][227]LogModuleManager: Shutting down and abandoning module AutomationUtils (468)
[2023.04.29-12.06.09:457][227]LogModuleManager: Shutting down and abandoning module AlembicImporter (466)
[2023.04.29-12.06.09:457][227]LogModuleManager: Shutting down and abandoning module AlembicLibrary (465)
[2023.04.29-12.06.09:457][227]LogModuleManager: Shutting down and abandoning module GeometryCache (464)
[2023.04.29-12.06.09:457][227]LogModuleManager: Shutting down and abandoning module GeometryCacheEd (463)
[2023.04.29-12.06.09:457][227]LogModuleManager: Shutting down and abandoning module VisualStudioCodeSourceCodeAccess (458)
[2023.04.29-12.06.09:457][227]LogModuleManager: Shutting down and abandoning module VisualStudioSourceCodeAccess (456)
[2023.04.29-12.06.09:457][227]LogModuleManager: Shutting down and abandoning module UObjectPlugin (454)
[2023.04.29-12.06.09:457][227]LogModuleManager: Shutting down and abandoning module RiderSourceCodeAccess (452)
[2023.04.29-12.06.09:457][227]LogModuleManager: Shutting down and abandoning module SubversionSourceControl (450)
[2023.04.29-12.06.09:457][227]LogModuleManager: Shutting down and abandoning module PluginUtils (448)
[2023.04.29-12.06.09:457][227]LogModuleManager: Shutting down and abandoning module PlasticSourceControl (446)
[2023.04.29-12.06.09:457][227]LogModuleManager: Shutting down and abandoning module PerforceSourceControl (444)
[2023.04.29-12.06.09:457][227]LogModuleManager: Shutting down and abandoning module AnimationSharingEd (442)
[2023.04.29-12.06.09:457][227]LogModuleManager: Shutting down and abandoning module GitSourceControl (440)
[2023.04.29-12.06.09:457][227]LogModuleManager: Shutting down and abandoning module SourceControl (439)
[2023.04.29-12.06.09:457][227]LogModuleManager: Shutting down and abandoning module CLionSourceCodeAccess (436)
[2023.04.29-12.06.09:457][227]LogModuleManager: Shutting down and abandoning module GameplayCameras (434)
[2023.04.29-12.06.09:457][227]LogModuleManager: Shutting down and abandoning module LightPropagationVolumeEditor (432)
[2023.04.29-12.06.09:457][227]LogModuleManager: Shutting down and abandoning module LiveLinkSequencer (430)
[2023.04.29-12.06.09:457][227]LogModuleManager: Shutting down and abandoning module LiveLinkMovieScene (428)
[2023.04.29-12.06.09:457][227]LogModuleManager: Shutting down and abandoning module LiveLinkGraphNode (426)
[2023.04.29-12.06.09:457][227]LogModuleManager: Shutting down and abandoning module LiveLinkEditor (424)
[2023.04.29-12.06.09:457][227]LogModuleManager: Shutting down and abandoning module LiveLinkComponents (422)
[2023.04.29-12.06.09:457][227]LogModuleManager: Shutting down and abandoning module LiveLink (420)
[2023.04.29-12.06.09:739][227]LogModuleManager: Shutting down and abandoning module PaperTiledImporter (418)
[2023.04.29-12.06.09:739][227]LogModuleManager: Shutting down and abandoning module PaperSpriteSheetImporter (416)
[2023.04.29-12.06.09:739][227]LogModuleManager: Shutting down and abandoning module Paper2DEditor (414)
[2023.04.29-12.06.09:739][227]LogModuleManager: Shutting down and abandoning module MeshPaintingToolset (412)
[2023.04.29-12.06.09:739][227]LogModuleManager: Shutting down and abandoning module MeshPaintEditorMode (410)
[2023.04.29-12.06.09:739][227]LogModuleManager: Shutting down and abandoning module SoundFields (408)
[2023.04.29-12.06.09:739][227]LogModuleManager: Shutting down and abandoning module SignificanceManager (406)
[2023.04.29-12.06.09:739][227]LogModuleManager: Shutting down and abandoning module RuntimePhysXCooking (404)
[2023.04.29-12.06.09:739][227]LogModuleManager: Shutting down and abandoning module PropertyAccessEditor (402)
[2023.04.29-12.06.09:739][227]LogModuleManager: Shutting down and abandoning module PhysXVehiclesEditor (400)
[2023.04.29-12.06.09:739][227]LogModuleManager: Shutting down and abandoning module LocationServicesBPLibrary (396)
[2023.04.29-12.06.09:739][227]LogModuleManager: Shutting down and abandoning module AudioSynesthesia (394)
[2023.04.29-12.06.09:739][227]LogModuleManager: Shutting down and abandoning module AudioSynesthesiaCore (392)
[2023.04.29-12.06.09:739][227]LogModuleManager: Shutting down and abandoning module ImgMediaEngine (390)
[2023.04.29-12.06.09:739][227]LogModuleManager: Shutting down and abandoning module ActorSequence (388)
[2023.04.29-12.06.09:739][227]LogModuleManager: Shutting down and abandoning module UdpMessaging (386)
[2023.04.29-12.06.09:841][227]LogModuleManager: Shutting down and abandoning module TcpMessaging (384)
[2023.04.29-12.06.09:941][227]LogModuleManager: Shutting down and abandoning module MagicLeapARPin (382)
[2023.04.29-12.06.09:941][227]LogModuleManager: Shutting down and abandoning module MagicLeapHandMeshing (380)
[2023.04.29-12.06.09:941][227]LogModuleManager: Shutting down and abandoning module MagicLeapSecureStorage (378)
[2023.04.29-12.06.09:941][227]LogModuleManager: Shutting down and abandoning module MagicLeapPrivileges (376)
[2023.04.29-12.06.09:941][227]LogModuleManager: Shutting down and abandoning module MagicLeapPlanes (374)
[2023.04.29-12.06.09:941][227]LogMagicLeapPlanes: Planes tracker already destroyed.
[2023.04.29-12.06.09:941][227]LogModuleManager: Shutting down and abandoning module MagicLeapImageTracker (372)
[2023.04.29-12.06.09:941][227]LogModuleManager: Shutting down and abandoning module MagicLeapIdentity (370)
[2023.04.29-12.06.09:941][227]LogModuleManager: Shutting down and abandoning module MagicLeapHandTracking (368)
[2023.04.29-12.06.09:941][227]LogModuleManager: Shutting down and abandoning module MagicLeapEyeTracker (366)
[2023.04.29-12.06.09:941][227]LogModuleManager: Shutting down and abandoning module MagicLeapController (364)
[2023.04.29-12.06.09:941][227]LogModuleManager: Shutting down and abandoning module MagicLeapARPinImpl (362)
[2023.04.29-12.06.09:941][227]LogModuleManager: Shutting down and abandoning module MagicLeapAR (360)
[2023.04.29-12.06.09:941][227]LogModuleManager: Shutting down and abandoning module PythonScriptPlugin (358)
[2023.04.29-12.06.09:941][227]LogModuleManager: Shutting down and abandoning module NiagaraAnimNotifies (356)
[2023.04.29-12.06.09:941][227]LogModuleManager: Shutting down and abandoning module Niagara (354)
[2023.04.29-12.06.09:941][227]LogModuleManager: Shutting down and abandoning module SignalProcessing (353)
[2023.04.29-12.06.09:941][227]LogModuleManager: Shutting down and abandoning module NiagaraEditor (351)
[2023.04.29-12.06.09:941][227]LogModuleManager: Shutting down and abandoning module NiagaraCore (348)
[2023.04.29-12.06.09:941][227]LogModuleManager: Shutting down and abandoning module GameplayTagsEditor (346)
[2023.04.29-12.06.09:941][227]LogModuleManager: Shutting down and abandoning module FacialAnimationEditor (344)
[2023.04.29-12.06.09:941][227]LogModuleManager: Shutting down and abandoning module FacialAnimation (342)
[2023.04.29-12.06.09:941][227]LogModuleManager: Shutting down and abandoning module DataValidation (340)
[2023.04.29-12.06.09:941][227]LogModuleManager: Shutting down and abandoning module AssetManagerEditor (338)
[2023.04.29-12.06.09:941][227]LogModuleManager: Shutting down and abandoning module LevelEditor (337)
[2023.04.29-12.06.09:942][227]LogModuleManager: Shutting down and abandoning module PixelInspectorModule (336)
[2023.04.29-12.06.09:942][227]LogModuleManager: Shutting down and abandoning module CommonMenuExtensions (334)
[2023.04.29-12.06.09:942][227]LogModuleManager: Shutting down and abandoning module MainFrame (332)
[2023.04.29-12.06.09:942][227]LogModuleManager: Shutting down and abandoning module HotReload (331)
[2023.04.29-12.06.09:943][227]LogModuleManager: Shutting down and abandoning module ToolMenus (327)
[2023.04.29-12.06.09:943][227]LogModuleManager: Shutting down and abandoning module ContentBrowser (325)
[2023.04.29-12.06.09:943][227]LogModuleManager: Shutting down and abandoning module ContentBrowserData (324)
[2023.04.29-12.06.09:943][227]LogModuleManager: Shutting down and abandoning module TreeMap (321)
[2023.04.29-12.06.09:943][227]LogModuleManager: Shutting down and abandoning module PropertyAccessNode (318)
[2023.04.29-12.06.09:943][227]LogModuleManager: Shutting down and abandoning module AnimationSharing (316)
[2023.04.29-12.06.09:943][227]LogModuleManager: Shutting down and abandoning module EnvironmentQueryEditor (314)
[2023.04.29-12.06.09:943][227]LogModuleManager: Shutting down and abandoning module LightPropagationVolumeRuntime (312)
[2023.04.29-12.06.09:943][227]LogModuleManager: Shutting down and abandoning module Paper2D (310)
[2023.04.29-12.06.09:943][227]LogModuleManager: Shutting down and abandoning module WindowsMoviePlayer (308)
[2023.04.29-12.06.09:943][227]LogModuleManager: Shutting down and abandoning module WebMMoviePlayer (306)
[2023.04.29-12.06.09:943][227]LogModuleManager: Shutting down and abandoning module NetworkReplayStreaming (304)
[2023.04.29-12.06.09:943][227]LogModuleManager: Shutting down and abandoning module PacketHandler (302)
[2023.04.29-12.06.09:943][227]LogModuleManager: Shutting down and abandoning module ClothingSystemEditor (300)
[2023.04.29-12.06.09:943][227]LogModuleManager: Shutting down and abandoning module ClothingSystemRuntimeNv (298)
[2023.04.29-12.06.09:943][227]LogModuleManager: Shutting down and abandoning module MediaAssets (296)
[2023.04.29-12.06.09:943][227]LogModuleManager: Shutting down and abandoning module Overlay (294)
[2023.04.29-12.06.09:943][227]LogModuleManager: Shutting down and abandoning module OverlayEditor (293)
[2023.04.29-12.06.09:943][227]LogModuleManager: Shutting down and abandoning module VREditor (290)
[2023.04.29-12.06.09:943][227]LogModuleManager: Shutting down and abandoning module StringTableEditor (288)
[2023.04.29-12.06.09:943][227]LogModuleManager: Shutting down and abandoning module GameplayTasksEditor (286)
[2023.04.29-12.06.09:943][227]LogModuleManager: Shutting down and abandoning module BehaviorTreeEditor (284)
[2023.04.29-12.06.09:943][227]LogModuleManager: Shutting down and abandoning module FunctionalTesting (282)
[2023.04.29-12.06.09:943][227]LogModuleManager: Shutting down and abandoning module CollisionAnalyzer (280)
[2023.04.29-12.06.09:943][227]LogModuleManager: Shutting down and abandoning module WorkspaceMenuStructure (279)
[2023.04.29-12.06.09:943][227]LogModuleManager: Shutting down and abandoning module UMG (276)
[2023.04.29-12.06.09:943][227]LogModuleManager: Shutting down and abandoning module UMGEditor (275)
[2023.04.29-12.06.09:943][227]LogModuleManager: Shutting down and abandoning module MessageLog (273)
[2023.04.29-12.06.09:943][227]LogModuleManager: Shutting down and abandoning module SlateReflector (268)
[2023.04.29-12.06.09:943][227]LogModuleManager: Shutting down and abandoning module Slate (266)
[2023.04.29-12.06.09:943][227]LogModuleManager: Shutting down and abandoning module SlateCore (264)
[2023.04.29-12.06.09:944][227]LogModuleManager: Shutting down and abandoning module LandscapeEditorUtilities (262)
[2023.04.29-12.06.09:944][227]LogModuleManager: Shutting down and abandoning module UnrealEd (260)
[2023.04.29-12.06.09:944][227]LogModuleManager: Shutting down and abandoning module MRMesh (258)
[2023.04.29-12.06.09:944][227]LogModuleManager: Shutting down and abandoning module SourceCodeAccess (256)
[2023.04.29-12.06.09:944][227]LogModuleManager: Shutting down and abandoning module HeadMountedDisplay (254)
[2023.04.29-12.06.09:944][227]LogModuleManager: Shutting down and abandoning module XAudio2 (252)
[2023.04.29-12.06.09:944][227]LogModuleManager: Shutting down and abandoning module Networking (250)
[2023.04.29-12.06.09:944][227]LogModuleManager: Shutting down and abandoning module Core (248)
[2023.04.29-12.06.09:944][227]LogModuleManager: Shutting down and abandoning module MaterialEditor (246)
[2023.04.29-12.06.09:944][227]LogModuleManager: Shutting down and abandoning module MovieSceneTools (244)
[2023.04.29-12.06.09:944][227]LogModuleManager: Shutting down and abandoning module CurveEditor (243)
[2023.04.29-12.06.09:944][227]LogModuleManager: Shutting down and abandoning module Sequencer (241)
[2023.04.29-12.06.09:944][227]LogModuleManager: Shutting down and abandoning module EditorStyle (240)
[2023.04.29-12.06.09:945][227]LogModuleManager: Shutting down and abandoning module KismetCompiler (236)
[2023.04.29-12.06.09:945][227]LogModuleManager: Shutting down and abandoning module MeshBuilder (234)
[2023.04.29-12.06.09:945][227]LogModuleManager: Shutting down and abandoning module MeshUtilities (232)
[2023.04.29-12.06.09:945][227]LogModuleManager: Shutting down and abandoning module MeshMergeUtilities (231)
[2023.04.29-12.06.09:945][227]LogModuleManager: Shutting down and abandoning module MeshReductionInterface (230)
[2023.04.29-12.06.09:945][227]LogModuleManager: Shutting down and abandoning module MeshBoneReduction (229)
[2023.04.29-12.06.09:945][227]LogModuleManager: Shutting down and abandoning module SkeletalMeshReduction (227)
[2023.04.29-12.06.09:945][227]LogModuleManager: Shutting down and abandoning module ProxyLODMeshReduction (225)
[2023.04.29-12.06.09:945][227]LogModuleManager: Shutting down and abandoning module QuadricMeshReduction (223)
[2023.04.29-12.06.09:945][227]LogModuleManager: Shutting down and abandoning module MaterialBaking (219)
[2023.04.29-12.06.09:945][227]LogModuleManager: Shutting down and abandoning module NullInstallBundleManager (214)
[2023.04.29-12.06.09:945][227]LogModuleManager: Shutting down and abandoning module DerivedDataCache (212)
[2023.04.29-12.06.09:945][227]LogModuleManager: Shutting down and abandoning module TargetPlatform (210)
[2023.04.29-12.06.09:945][227]LogModuleManager: Shutting down and abandoning module VulkanShaderFormat (209)
[2023.04.29-12.06.09:946][227]LogModuleManager: Shutting down and abandoning module ShaderFormatVectorVM (207)
[2023.04.29-12.06.09:946][227]LogModuleManager: Shutting down and abandoning module ShaderFormatOpenGL (205)
[2023.04.29-12.06.09:946][227]LogModuleManager: Shutting down and abandoning module ShaderFormatD3D (203)
[2023.04.29-12.06.09:946][227]LogModuleManager: Shutting down and abandoning module MetalShaderFormat (201)
[2023.04.29-12.06.09:946][227]LogModuleManager: Shutting down and abandoning module TextureFormatOodle (199)
[2023.04.29-12.06.09:946][227]LogModuleManager: Shutting down and abandoning module TextureFormatUncompressed (197)
[2023.04.29-12.06.09:946][227]LogModuleManager: Shutting down and abandoning module TextureFormatPVR (195)
[2023.04.29-12.06.09:946][227]LogModuleManager: Shutting down and abandoning module TextureFormatETC2 (193)
[2023.04.29-12.06.09:946][227]LogModuleManager: Shutting down and abandoning module TextureFormatDXT (191)
[2023.04.29-12.06.09:946][227]LogModuleManager: Shutting down and abandoning module TextureFormatIntelISPCTexComp (189)
[2023.04.29-12.06.09:946][227]LogModuleManager: Shutting down and abandoning module TextureFormatASTC (187)
[2023.04.29-12.06.09:946][227]LogModuleManager: Shutting down and abandoning module ImageWrapper (186)
[2023.04.29-12.06.09:946][227]LogModuleManager: Shutting down and abandoning module AudioFormatOpus (183)
[2023.04.29-12.06.09:946][227]LogModuleManager: Shutting down and abandoning module AudioFormatOgg (181)
[2023.04.29-12.06.09:946][227]LogModuleManager: Shutting down and abandoning module AudioFormatADPCM (179)
[2023.04.29-12.06.09:946][227]LogModuleManager: Shutting down and abandoning module WindowsServerTargetPlatform (177)
[2023.04.29-12.06.09:946][227]LogModuleManager: Shutting down and abandoning module WindowsClientTargetPlatform (175)
[2023.04.29-12.06.09:946][227]LogModuleManager: Shutting down and abandoning module WindowsTargetPlatform (173)
[2023.04.29-12.06.09:946][227]LogModuleManager: Shutting down and abandoning module WindowsNoEditorTargetPlatform (171)
[2023.04.29-12.06.09:946][227]LogModuleManager: Shutting down and abandoning module TVOSTargetPlatform (169)
[2023.04.29-12.06.09:946][227]LogModuleManager: Shutting down and abandoning module MacServerTargetPlatform (167)
[2023.04.29-12.06.09:946][227]LogModuleManager: Shutting down and abandoning module MacClientTargetPlatform (165)
[2023.04.29-12.06.09:946][227]LogModuleManager: Shutting down and abandoning module MacTargetPlatform (163)
[2023.04.29-12.06.09:946][227]LogModuleManager: Shutting down and abandoning module MacNoEditorTargetPlatform (161)
[2023.04.29-12.06.09:946][227]LogModuleManager: Shutting down and abandoning module LuminTargetPlatform (159)
[2023.04.29-12.06.09:947][227]LogModuleManager: Shutting down and abandoning module LinuxAArch64ServerTargetPlatform (157)
[2023.04.29-12.06.09:947][227]LogModuleManager: Shutting down and abandoning module LinuxAArch64ClientTargetPlatform (155)
[2023.04.29-12.06.09:947][227]LogModuleManager: Shutting down and abandoning module LinuxAArch64NoEditorTargetPlatform (153)
[2023.04.29-12.06.09:947][227]LogModuleManager: Shutting down and abandoning module LinuxServerTargetPlatform (151)
[2023.04.29-12.06.09:947][227]LogModuleManager: Shutting down and abandoning module LinuxClientTargetPlatform (149)
[2023.04.29-12.06.09:947][227]LogModuleManager: Shutting down and abandoning module LinuxNoEditorTargetPlatform (147)
[2023.04.29-12.06.09:947][227]LogModuleManager: Shutting down and abandoning module LinuxTargetPlatform (145)
[2023.04.29-12.06.09:947][227]LogModuleManager: Shutting down and abandoning module Messaging (143)
[2023.04.29-12.06.09:947][227]LogModuleManager: Shutting down and abandoning module IOSTargetPlatform (141)
[2023.04.29-12.06.09:948][227]LogModuleManager: Shutting down and abandoning module AndroidTargetPlatform (139)
[2023.04.29-12.06.09:951][227]LogModuleManager: Shutting down and abandoning module AllDesktopTargetPlatform (137)
[2023.04.29-12.06.09:951][227]LogModuleManager: Shutting down and abandoning module D3D11RHI (134)
[2023.04.29-12.06.09:951][227]LogModuleManager: Shutting down and abandoning module InputCore (132)
[2023.04.29-12.06.09:951][227]LogModuleManager: Shutting down and abandoning module Settings (130)
[2023.04.29-12.06.09:951][227]LogModuleManager: Shutting down and abandoning module DirectoryWatcher (128)
[2023.04.29-12.06.09:951][227]LogModuleManager: Shutting down and abandoning module PhysXCooking (126)
[2023.04.29-12.06.09:951][227]LogModuleManager: Shutting down and abandoning module Chaos (124)
[2023.04.29-12.06.09:951][227]LogModuleManager: Shutting down and abandoning module WindowsPlatformFeatures (122)
[2023.04.29-12.06.09:951][227]LogModuleManager: Shutting down and abandoning module GameplayMediaEncoder (121)
[2023.04.29-12.06.09:951][227]LogModuleManager: Shutting down and abandoning module AVEncoder (120)
[2023.04.29-12.06.09:951][227]LogModuleManager: Shutting down and abandoning module SteamVRInputDevice (116)
[2023.04.29-12.06.09:951][227]LogModuleManager: Shutting down and abandoning module SteamVRInput (114)
[2023.04.29-12.06.09:951][227]LogModuleManager: Shutting down and abandoning module SteamVR (112)
[2023.04.29-12.06.09:951][227]LogHMD: Freeing OpenVRDLLHandle.
[2023.04.29-12.06.09:951][227]LogModuleManager: Shutting down and abandoning module OculusHMD (110)
[2023.04.29-12.06.09:951][227]LogModuleManager: Shutting down and abandoning module OpenXREyeTracker (108)
[2023.04.29-12.06.09:951][227]LogModuleManager: Shutting down and abandoning module OpenXRHandTracking (106)
[2023.04.29-12.06.09:951][227]LogSlate: Slate User Destroyed.  User Index 0, Is Virtual User: 0
[2023.04.29-12.06.09:951][227]LogModuleManager: Shutting down and abandoning module OpenXRAR (104)
[2023.04.29-12.06.09:951][227]LogModuleManager: Shutting down and abandoning module AugmentedReality (103)
[2023.04.29-12.06.09:951][227]LogModuleManager: Shutting down and abandoning module OpenXRHMD (100)
[2023.04.29-12.06.09:952][227]LogModuleManager: Shutting down and abandoning module ChunkDownloader (98)
[2023.04.29-12.06.09:952][227]LogModuleManager: Shutting down and abandoning module ExampleDeviceProfileSelector (96)
[2023.04.29-12.06.09:952][227]LogModuleManager: Shutting down and abandoning module OnlineBlueprintSupport (94)
[2023.04.29-12.06.09:952][227]LogModuleManager: Shutting down and abandoning module LauncherChunkInstaller (90)
[2023.04.29-12.06.09:952][227]LogModuleManager: Shutting down and abandoning module OnlineSubsystem (88)
[2023.04.29-12.06.09:953][227]LogModuleManager: Shutting down and abandoning module XMPP (83)
[2023.04.29-12.06.09:953][227]LogModuleManager: Shutting down and abandoning module WebSockets (82)
[2023.04.29-12.06.09:984][227]LogModuleManager: Shutting down and abandoning module HTTP (79)
[2023.04.29-12.06.09:984][227]LogHttp: Display: Http module shutting down, but needs to wait on 1 outstanding Http requests:
[2023.04.29-12.06.09:984][227]LogHttp: Display: 	verb=[POST] url=[https://datarouter.ol.epicgames.com/datarouter/api/v1/public/data?SessionID=%7B2CDE2672-4D5F-2C66-BD2D-069F0CD74CB3%7D&AppID=UEEditor.Rocket.Release&AppVersion=4.27.0-17155196%2B%2B%2BUE4%2BRelease-4.27&UserID=6c323a574de77068069fd1a69ce5459b%7Ce0d89e8bb4f042d48aa65e438af618d2%7C27c992d2-39c7-4861-bb46-ff907c92b92a&AppEnvironment=datacollector-binary&UploadType=eteventstream] refs=[1] status=Processing
[2023.04.29-12.06.09:984][227]LogHttp: Display: cleaning up 1 outstanding Http requests.
[2023.04.29-12.06.09:996][227]LogModuleManager: Shutting down and abandoning module SSL (78)
[2023.04.29-12.06.09:997][227]LogModuleManager: Shutting down and abandoning module WmfMedia (74)
[2023.04.29-12.06.10:000][227]LogModuleManager: Shutting down and abandoning module Media (73)
[2023.04.29-12.06.10:001][227]LogModuleManager: Shutting down and abandoning module MediaInfo (72)
[2023.04.29-12.06.10:001][227]LogModuleManager: Shutting down and abandoning module ExrReaderGpu (68)
[2023.04.29-12.06.10:001][227]LogModuleManager: Shutting down and abandoning module MLSDK (66)
[2023.04.29-12.06.10:001][227]LogModuleManager: Shutting down and abandoning module MagicLeap (64)
[2023.04.29-12.06.10:001][227]LogModuleManager: Shutting down and abandoning module VariantManagerContent (62)
[2023.04.29-12.06.10:001][227]LogModuleManager: Shutting down and abandoning module DatasmithContent (60)
[2023.04.29-12.06.10:001][227]LogModuleManager: Shutting down and abandoning module NiagaraVertexFactories (58)
[2023.04.29-12.06.10:001][227]LogModuleManager: Shutting down and abandoning module NiagaraShader (56)
[2023.04.29-12.06.10:001][227]LogModuleManager: Shutting down and abandoning module ChaosCloth (54)
[2023.04.29-12.06.10:001][227]LogModuleManager: Shutting down and abandoning module PixWinPlugin (52)
[2023.04.29-12.06.10:001][227]LogModuleManager: Shutting down and abandoning module AISupportModule (50)
[2023.04.29-12.06.10:001][227]LogModuleManager: Shutting down and abandoning module DesktopPlatform (48)
[2023.04.29-12.06.10:001][227]LogModuleManager: Shutting down and abandoning module OodleDataCompressionFormat (46)
[2023.04.29-12.06.10:002][227]LogModuleManager: Shutting down and abandoning module PythonScriptPluginPreload (44)
[2023.04.29-12.06.10:003][227]LogModuleManager: Shutting down and abandoning module PlatformCryptoOpenSSL (42)
[2023.04.29-12.06.10:003][227]LogModuleManager: Shutting down and abandoning module PlatformCryptoTypes (40)
[2023.04.29-12.06.10:003][227]LogModuleManager: Shutting down and abandoning module PlatformCrypto (38)
[2023.04.29-12.06.10:003][227]LogModuleManager: Shutting down and abandoning module XGEController (36)
[2023.04.29-12.06.10:003][227]LogXGEController: Cleaning working directory: C:/Users/Asus/AppData/Local/Temp/UnrealXGEWorkingDir/
[2023.04.29-12.06.10:003][227]LogModuleManager: Shutting down and abandoning module AnimationModifiers (34)
[2023.04.29-12.06.10:003][227]LogModuleManager: Shutting down and abandoning module AudioEditor (32)
[2023.04.29-12.06.10:003][227]LogModuleManager: Shutting down and abandoning module PropertyEditor (31)
[2023.04.29-12.06.10:003][227]LogModuleManager: Shutting down and abandoning module TextureCompressor (28)
[2023.04.29-12.06.10:003][227]LogModuleManager: Shutting down and abandoning module RenderCore (26)
[2023.04.29-12.06.10:003][227]LogModuleManager: Shutting down and abandoning module Landscape (24)
[2023.04.29-12.06.10:003][227]LogModuleManager: Shutting down and abandoning module SlateRHIRenderer (22)
[2023.04.29-12.06.10:004][227]LogModuleManager: Shutting down and abandoning module AnimGraphRuntime (20)
[2023.04.29-12.06.10:004][227]LogModuleManager: Shutting down and abandoning module Renderer (18)
[2023.04.29-12.06.10:004][227]LogModuleManager: Shutting down and abandoning module Engine (16)
[2023.04.29-12.06.10:004][227]LogModuleManager: Shutting down and abandoning module CoreUObject (14)
[2023.04.29-12.06.10:004][227]LogModuleManager: Shutting down and abandoning module NetworkFile (12)
[2023.04.29-12.06.10:004][227]LogModuleManager: Shutting down and abandoning module CookedIterativeFile (10)
[2023.04.29-12.06.10:004][227]LogModuleManager: Shutting down and abandoning module StreamingFile (8)
[2023.04.29-12.06.10:004][227]LogModuleManager: Shutting down and abandoning module SandboxFile (6)
[2023.04.29-12.06.10:004][227]LogModuleManager: Shutting down and abandoning module PakFile (4)
[2023.04.29-12.06.10:004][227]LogModuleManager: Shutting down and abandoning module RSA (3)
[2023.04.29-12.06.10:004][227]LogContentStreaming: Display: There are 1 unreleased StreamingManagers
[2023.04.29-12.06.10:005][227]LogD3D11RHI: Shutdown
[2023.04.29-12.06.10:005][227]LogD3D11RHI: CleanupD3DDevice
[2023.04.29-12.06.10:022][227]LogExit: Exiting.
[2023.04.29-12.06.10:027][227]Log file closed, 04/29/23 15:36:10
