Log file open, 04/22/23 14:44:20
LogWindows: Failed to load 'aqProf.dll' (GetLastError=126)
LogWindows: File 'aqProf.dll' does not exist
LogWindows: Failed to load 'VtuneApi.dll' (GetLastError=126)
LogWindows: File 'VtuneApi.dll' does not exist
LogWindows: Failed to load 'VtuneApi32e.dll' (GetLastError=126)
LogWindows: File 'VtuneApi32e.dll' does not exist
LogConsoleResponse: Display: Failed to find resolution value strings in scalability ini. Falling back to default.
LogConsoleResponse: Display: Failed to find resolution value strings in scalability ini. Falling back to default.
LogInit: Display: Running engine for game: SpeedLimit_UniAzad
LogPlatformFile: Not using cached read wrapper
LogTaskGraph: Started task graph with 5 named threads and 47 total threads with 3 sets of task threads.
LogStats: Stats thread started at 0.660841
LogICUInternationalization: ICU TimeZone Detection - Raw Offset: +3:30, Platform Override: ''
LogInit: Display: Loading text-based GConfig....
LogPluginManager: Mounting plugin MeshPainting
LogPluginManager: Mounting plugin XGEController
LogPluginManager: Mounting plugin Paper2D
LogPluginManager: Mounting plugin LiveLink
LogPluginManager: Mounting plugin AISupport
LogPluginManager: Mounting plugin EnvironmentQueryEditor
LogPluginManager: Mounting plugin LightPropagationVolume
LogPluginManager: Mounting plugin AssetManagerEditor
LogPluginManager: Mounting plugin DataValidation
LogPluginManager: Mounting plugin CryptoKeys
LogPluginManager: Mounting plugin FacialAnimation
LogPluginManager: Mounting plugin GameplayTagsEditor
LogPluginManager: Mounting plugin MacGraphicsSwitching
LogPluginManager: Mounting plugin GeometryMode
LogPluginManager: Mounting plugin CurveEditorTools
LogPluginManager: Mounting plugin MaterialAnalyzer
LogPluginManager: Mounting plugin OodleData
LogPluginManager: Mounting plugin MobileLauncherProfileWizard
LogPluginManager: Mounting plugin OodleNetwork
LogPluginManager: Mounting plugin PluginBrowser
LogPluginManager: Mounting plugin SpeedTreeImporter
LogPluginManager: Mounting plugin CameraShakePreviewer
LogPluginManager: Mounting plugin GameplayCameras
LogPluginManager: Mounting plugin DatasmithContent
LogPluginManager: Mounting plugin AnimationSharing
LogPluginManager: Mounting plugin VariantManagerContent
LogPluginManager: Mounting plugin CLionSourceCodeAccess
LogPluginManager: Mounting plugin CodeLiteSourceCodeAccess
LogPluginManager: Mounting plugin GitSourceControl
LogPluginManager: Mounting plugin KDevelopSourceCodeAccess
LogPluginManager: Mounting plugin NullSourceCodeAccess
LogPluginManager: Mounting plugin PerforceSourceControl
LogPluginManager: Mounting plugin PixWinPlugin
LogPluginManager: Mounting plugin PlasticSourceControl
LogPluginManager: Mounting plugin PluginUtils
LogPluginManager: Mounting plugin PropertyAccessNode
LogPluginManager: Mounting plugin RiderSourceCodeAccess
LogPluginManager: Mounting plugin SubversionSourceControl
LogPluginManager: Mounting plugin TextureFormatOodle
LogPluginManager: Mounting plugin UObjectPlugin
LogPluginManager: Mounting plugin AlembicImporter
LogPluginManager: Mounting plugin VisualStudioCodeSourceCodeAccess
LogPluginManager: Mounting plugin VisualStudioSourceCodeAccess
LogPluginManager: Mounting plugin XCodeSourceCodeAccess
LogPluginManager: Mounting plugin Niagara
LogPluginManager: Mounting plugin BackChannel
LogPluginManager: Mounting plugin AutomationUtils
LogPluginManager: Mounting plugin ChaosCloth
LogPluginManager: Mounting plugin ChaosClothEditor
LogPluginManager: Mounting plugin ChaosEditor
LogPluginManager: Mounting plugin ChaosNiagara
LogPluginManager: Mounting plugin ChaosSolverPlugin
LogPluginManager: Mounting plugin CharacterAI
LogPluginManager: Mounting plugin GeometryCache
LogPluginManager: Mounting plugin GeometryCollectionPlugin
LogPluginManager: Mounting plugin GeometryProcessing
LogPluginManager: Mounting plugin MotoSynth
LogPluginManager: Mounting plugin OpenImageDenoise
LogPluginManager: Mounting plugin PlanarCut
LogPluginManager: Mounting plugin PlatformCrypto
LogPluginManager: Mounting plugin ProxyLODPlugin
LogPluginManager: Mounting plugin PythonScriptPlugin
LogPluginManager: Mounting plugin LuminPlatformFeatures
LogPluginManager: Mounting plugin MagicLeap
LogPluginManager: Mounting plugin SkeletalReduction
LogPluginManager: Mounting plugin MagicLeapLightEstimation
LogPluginManager: Mounting plugin MagicLeapMedia
LogPluginManager: Mounting plugin MagicLeapPassableWorld
LogPluginManager: Mounting plugin MLSDK
LogPluginManager: Mounting plugin AndroidMedia
LogPluginManager: Mounting plugin AvfMedia
LogPluginManager: Mounting plugin ImgMedia
LogPluginManager: Mounting plugin MediaCompositing
LogPluginManager: Mounting plugin MediaPlayerEditor
LogPluginManager: Mounting plugin WebMMedia
LogPluginManager: Mounting plugin WmfMedia
LogPluginManager: Mounting plugin ActorSequence
LogPluginManager: Mounting plugin LevelSequenceEditor
LogPluginManager: Mounting plugin TcpMessaging
LogPluginManager: Mounting plugin MatineeToLevelSequence
LogPluginManager: Mounting plugin UdpMessaging
LogPluginManager: Mounting plugin TemplateSequence
LogPluginManager: Mounting plugin OnlineSubsystem
LogPluginManager: Mounting plugin OnlineSubsystemNull
LogPluginManager: Mounting plugin OnlineSubsystemUtils
LogPluginManager: Mounting plugin LauncherChunkInstaller
LogPluginManager: Mounting plugin ActorLayerUtilities
LogPluginManager: Mounting plugin AndroidDeviceProfileSelector
LogPluginManager: Mounting plugin AndroidMoviePlayer
LogPluginManager: Mounting plugin AndroidPermission
LogPluginManager: Mounting plugin AppleImageUtils
LogPluginManager: Mounting plugin AssetTags
LogPluginManager: Mounting plugin ArchVisCharacter
LogPluginManager: Mounting plugin AppleMoviePlayer
LogPluginManager: Mounting plugin AudioCapture
LogPluginManager: Mounting plugin CableComponent
LogPluginManager: Mounting plugin AudioSynesthesia
LogPluginManager: Mounting plugin ChunkDownloader
LogPluginManager: Mounting plugin EditableMesh
LogPluginManager: Mounting plugin ExampleDeviceProfileSelector
LogPluginManager: Mounting plugin GoogleCloudMessaging
LogPluginManager: Mounting plugin GooglePAD
LogPluginManager: Mounting plugin CustomMeshComponent
LogPluginManager: Mounting plugin IOSDeviceProfileSelector
LogPluginManager: Mounting plugin LinuxDeviceProfileSelector
LogPluginManager: Mounting plugin MobilePatchingUtils
LogPluginManager: Mounting plugin LocationServicesBPLibrary
LogPluginManager: Mounting plugin OpenXR
LogPluginManager: Mounting plugin OpenXREyeTracker
LogPluginManager: Mounting plugin OpenXRHandTracking
LogPluginManager: Mounting plugin PhysXVehicles
LogPluginManager: Mounting plugin PostSplashScreen
LogPluginManager: Mounting plugin ProceduralMeshComponent
LogPluginManager: Mounting plugin ScreenshotTools
LogPluginManager: Mounting plugin PropertyAccessEditor
LogPluginManager: Mounting plugin RuntimePhysXCooking
LogPluginManager: Mounting plugin SignificanceManager
LogPluginManager: Mounting plugin SoundFields
LogPluginManager: Mounting plugin Synthesis
LogPluginManager: Mounting plugin WebMMoviePlayer
LogPluginManager: Mounting plugin WindowsMoviePlayer
LogPluginManager: Mounting plugin Takes
LogPluginManager: Mounting plugin ContentBrowserAssetDataSource
LogPluginManager: Mounting plugin ContentBrowserClassDataSource
LogPluginManager: Mounting plugin ContentBrowserFileDataSource
LogPluginManager: Mounting plugin OnlineSubsystemGooglePlay
LogPluginManager: Mounting plugin OnlineSubsystemIOS
LogPluginManager: Mounting plugin OculusVR
LogPluginManager: Mounting plugin SteamVR
PixWinPlugin: PIX capture plugin failed to initialize! Check that the process is launched from PIX.
LogInit: Using libcurl 7.55.1-DEV
LogInit:  - built for x86_64-pc-win32
LogInit:  - supports SSL with OpenSSL/1.1.1
LogInit:  - supports HTTP deflate (compression) using libz 1.2.8
LogInit:  - other features:
LogInit:      CURL_VERSION_SSL
LogInit:      CURL_VERSION_LIBZ
LogInit:      CURL_VERSION_IPV6
LogInit:      CURL_VERSION_ASYNCHDNS
LogInit:      CURL_VERSION_LARGEFILE
LogInit:      CURL_VERSION_IDN
LogInit:  CurlRequestOptions (configurable via config and command line):
LogInit:  - bVerifyPeer = true  - Libcurl will verify peer certificate
LogInit:  - bUseHttpProxy = false  - Libcurl will NOT use HTTP proxy
LogInit:  - bDontReuseConnections = false  - Libcurl will reuse connections
LogInit:  - MaxHostConnections = 16  - Libcurl will limit the number of connections to a host
LogInit:  - LocalHostAddr = Default
LogInit:  - BufferSize = 65536
LogOnline: OSS: Creating online subsystem instance for: NULL
LogInit: WinSock: version 1.1 (2.2), MaxSocks=32767, MaxUdp=65467
LogOnline: OSS: TryLoadSubsystemAndSetDefault: Loaded subsystem for module [NULL]
LogOculusPluginWrapper: OculusPlugin initialized successfully
LogHMD: Failed initializing OVRPlugin 1.59.0
LogInit: Build: ++UE4+Release-4.27-CL-17155196
LogInit: Engine Version: 4.27.0-17155196+++UE4+Release-4.27
LogInit: Compatible Engine Version: 4.27.0-17155196+++UE4+Release-4.27
LogInit: Net CL: 17155196
LogInit: OS: Windows 10 (Release 2009) (), CPU: AMD Ryzen 7 3800X 8-Core Processor             , GPU: AMD Radeon RX 6900 XT
LogInit: Compiled (64-bit): Aug 13 2021 06:13:13
LogInit: Compiled with Visual C++: 19.24.28315.00
LogInit: Build Configuration: Development
LogInit: Branch Name: ++UE4+Release-4.27
LogInit: Command Line: 
LogInit: Base Directory: C:/Unreal Engine v4.27 Compiled/Engine/Binaries/Win64/
LogInit: Allocator: TBB
LogInit: Installed Engine Build: 1
LogDevObjectVersion: Number of dev versions registered: 29
LogDevObjectVersion:   Dev-Blueprints (B0D832E4-1F89-4F0D-ACCF-7EB736FD4AA2): 10
LogDevObjectVersion:   Dev-Build (E1C64328-A22C-4D53-A36C-8E866417BD8C): 0
LogDevObjectVersion:   Dev-Core (375EC13C-06E4-48FB-B500-84F0262A717E): 4
LogDevObjectVersion:   Dev-Editor (E4B068ED-F494-42E9-A231-DA0B2E46BB41): 40
LogDevObjectVersion:   Dev-Framework (CFFC743F-43B0-4480-9391-14DF171D2073): 37
LogDevObjectVersion:   Dev-Mobile (B02B49B5-BB20-44E9-A304-32B752E40360): 3
LogDevObjectVersion:   Dev-Networking (A4E4105C-59A1-49B5-A7C5-40C4547EDFEE): 0
LogDevObjectVersion:   Dev-Online (39C831C9-5AE6-47DC-9A44-9C173E1C8E7C): 0
LogDevObjectVersion:   Dev-Physics (78F01B33-EBEA-4F98-B9B4-84EACCB95AA2): 14
LogDevObjectVersion:   Dev-Platform (6631380F-2D4D-43E0-8009-CF276956A95A): 0
LogDevObjectVersion:   Dev-Rendering (12F88B9F-8875-4AFC-A67C-D90C383ABD29): 45
LogDevObjectVersion:   Dev-Sequencer (7B5AE74C-D270-4C10-A958-57980B212A5A): 13
LogDevObjectVersion:   Dev-VR (D7296918-1DD6-4BDD-9DE2-64A83CC13884): 3
LogDevObjectVersion:   Dev-LoadTimes (C2A15278-BFE7-4AFE-6C17-90FF531DF755): 1
LogDevObjectVersion:   Private-Geometry (6EACA3D4-40EC-4CC1-B786-8BED09428FC5): 3
LogDevObjectVersion:   Dev-AnimPhys (29E575DD-E0A3-4627-9D10-D276232CDCEA): 17
LogDevObjectVersion:   Dev-Anim (AF43A65D-7FD3-4947-9873-3E8ED9C1BB05): 15
LogDevObjectVersion:   Dev-ReflectionCapture (6B266CEC-1EC7-4B8F-A30B-E4D90942FC07): 1
LogDevObjectVersion:   Dev-Automation (0DF73D61-A23F-47EA-B727-89E90C41499A): 1
LogDevObjectVersion:   FortniteMain (601D1886-AC64-4F84-AA16-D3DE0DEAC7D6): 47
LogDevObjectVersion:   FortniteRelease (E7086368-6B23-4C58-8439-1B7016265E91): 1
LogDevObjectVersion:   Dev-Enterprise (9DFFBCD6-494F-0158-E221-12823C92A888): 10
LogDevObjectVersion:   Dev-Niagara (F2AED0AC-9AFE-416F-8664-AA7FFA26D6FC): 1
LogDevObjectVersion:   Dev-Destruction (174F1F0B-B4C6-45A5-B13F-2EE8D0FB917D): 10
LogDevObjectVersion:   Dev-Physics-Ext (35F94A83-E258-406C-A318-09F59610247C): 41
LogDevObjectVersion:   Dev-PhysicsMaterial-Chaos (B68FC16E-8B1B-42E2-B453-215C058844FE): 1
LogDevObjectVersion:   Dev-CineCamera (B2E18506-4273-CFC2-A54E-F4BB758BBA07): 1
LogDevObjectVersion:   Dev-VirtualProduction (64F58936-FD1B-42BA-BA96-7289D5D0FA4E): 1
LogDevObjectVersion:   Dev-MediaFramework (6F0ED827-A609-4895-9C91-998D90180EA4): 2
LogInit: Presizing for max 25165824 objects, including 0 objects not considered by GC, pre-allocating 0 bytes for permanent pool.
LogConfig: Applying CVar settings from Section [/Script/Engine.StreamingSettings] File [C:/Users/the13eauty/Documents/GitHub/TheTroubleMakers/Unreal Engine Project/SpeedLimit_UniAzad/Saved/Config/Windows/Engine.ini]
LogConfig: Setting CVar [[s.MinBulkDataSizeForAsyncLoading:131072]]
LogConfig: Setting CVar [[s.AsyncLoadingThreadEnabled:0]]
LogConfig: Setting CVar [[s.EventDrivenLoaderEnabled:1]]
LogConfig: Setting CVar [[s.WarnIfTimeLimitExceeded:0]]
LogConfig: Setting CVar [[s.TimeLimitExceededMultiplier:1.5]]
LogConfig: Setting CVar [[s.TimeLimitExceededMinTime:0.005]]
LogConfig: Setting CVar [[s.UseBackgroundLevelStreaming:1]]
LogConfig: Setting CVar [[s.PriorityAsyncLoadingExtraTime:15.0]]
LogConfig: Setting CVar [[s.LevelStreamingActorsUpdateTimeLimit:5.0]]
LogConfig: Setting CVar [[s.PriorityLevelStreamingActorsUpdateExtraTime:5.0]]
LogConfig: Setting CVar [[s.LevelStreamingComponentsRegistrationGranularity:10]]
LogConfig: Setting CVar [[s.UnregisterComponentsTimeLimit:1.0]]
LogConfig: Setting CVar [[s.LevelStreamingComponentsUnregistrationGranularity:5]]
LogConfig: Setting CVar [[s.FlushStreamingOnExit:1]]
LogInit: Object subsystem initialized
LogConfig: Setting CVar [[con.DebugEarlyDefault:1]]
LogConfig: Setting CVar [[r.setres:1280x720]]
[2023.04.22-11.14.21:286][  0]LogConfig: Setting CVar [[r.VSync:0]]
[2023.04.22-11.14.21:286][  0]LogConfig: Setting CVar [[r.RHICmdBypass:0]]
[2023.04.22-11.14.21:287][  0]LogConfig: Applying CVar settings from Section [/Script/Engine.RendererSettings] File [C:/Users/the13eauty/Documents/GitHub/TheTroubleMakers/Unreal Engine Project/SpeedLimit_UniAzad/Saved/Config/Windows/Engine.ini]
[2023.04.22-11.14.21:287][  0]LogConfig: Setting CVar [[r.GPUCrashDebugging:0]]
[2023.04.22-11.14.21:287][  0]LogConfig: Applying CVar settings from Section [/Script/Engine.RendererOverrideSettings] File [C:/Users/the13eauty/Documents/GitHub/TheTroubleMakers/Unreal Engine Project/SpeedLimit_UniAzad/Saved/Config/Windows/Engine.ini]
[2023.04.22-11.14.21:287][  0]LogConfig: Applying CVar settings from Section [/Script/Engine.StreamingSettings] File [C:/Users/the13eauty/Documents/GitHub/TheTroubleMakers/Unreal Engine Project/SpeedLimit_UniAzad/Saved/Config/Windows/Engine.ini]
[2023.04.22-11.14.21:287][  0]LogConfig: Setting CVar [[s.MinBulkDataSizeForAsyncLoading:131072]]
[2023.04.22-11.14.21:287][  0]LogConfig: Setting CVar [[s.AsyncLoadingThreadEnabled:0]]
[2023.04.22-11.14.21:287][  0]LogConfig: Setting CVar [[s.EventDrivenLoaderEnabled:1]]
[2023.04.22-11.14.21:287][  0]LogConfig: Setting CVar [[s.WarnIfTimeLimitExceeded:0]]
[2023.04.22-11.14.21:287][  0]LogConfig: Setting CVar [[s.TimeLimitExceededMultiplier:1.5]]
[2023.04.22-11.14.21:287][  0]LogConfig: Setting CVar [[s.TimeLimitExceededMinTime:0.005]]
[2023.04.22-11.14.21:287][  0]LogConfig: Setting CVar [[s.UseBackgroundLevelStreaming:1]]
[2023.04.22-11.14.21:287][  0]LogConfig: Setting CVar [[s.PriorityAsyncLoadingExtraTime:15.0]]
[2023.04.22-11.14.21:287][  0]LogConfig: Setting CVar [[s.LevelStreamingActorsUpdateTimeLimit:5.0]]
[2023.04.22-11.14.21:287][  0]LogConfig: Setting CVar [[s.PriorityLevelStreamingActorsUpdateExtraTime:5.0]]
[2023.04.22-11.14.21:287][  0]LogConfig: Setting CVar [[s.LevelStreamingComponentsRegistrationGranularity:10]]
[2023.04.22-11.14.21:287][  0]LogConfig: Setting CVar [[s.UnregisterComponentsTimeLimit:1.0]]
[2023.04.22-11.14.21:287][  0]LogConfig: Setting CVar [[s.LevelStreamingComponentsUnregistrationGranularity:5]]
[2023.04.22-11.14.21:287][  0]LogConfig: Setting CVar [[s.FlushStreamingOnExit:1]]
[2023.04.22-11.14.21:287][  0]LogConfig: Applying CVar settings from Section [/Script/Engine.GarbageCollectionSettings] File [C:/Users/the13eauty/Documents/GitHub/TheTroubleMakers/Unreal Engine Project/SpeedLimit_UniAzad/Saved/Config/Windows/Engine.ini]
[2023.04.22-11.14.21:287][  0]LogConfig: Setting CVar [[gc.MaxObjectsNotConsideredByGC:1]]
[2023.04.22-11.14.21:287][  0]LogConfig: Setting CVar [[gc.SizeOfPermanentObjectPool:0]]
[2023.04.22-11.14.21:287][  0]LogConfig: Setting CVar [[gc.FlushStreamingOnGC:0]]
[2023.04.22-11.14.21:287][  0]LogConfig: Setting CVar [[gc.NumRetriesBeforeForcingGC:10]]
[2023.04.22-11.14.21:287][  0]LogConfig: Setting CVar [[gc.AllowParallelGC:1]]
[2023.04.22-11.14.21:287][  0]LogConfig: Setting CVar [[gc.TimeBetweenPurgingPendingKillObjects:61.1]]
[2023.04.22-11.14.21:287][  0]LogConfig: Setting CVar [[gc.MaxObjectsInEditor:25165824]]
[2023.04.22-11.14.21:287][  0]LogConfig: Setting CVar [[gc.IncrementalBeginDestroyEnabled:1]]
[2023.04.22-11.14.21:287][  0]LogConfig: Setting CVar [[gc.CreateGCClusters:1]]
[2023.04.22-11.14.21:287][  0]LogConfig: Setting CVar [[gc.MinGCClusterSize:5]]
[2023.04.22-11.14.21:287][  0]LogConfig: Setting CVar [[gc.ActorClusteringEnabled:0]]
[2023.04.22-11.14.21:287][  0]LogConfig: Setting CVar [[gc.BlueprintClusteringEnabled:0]]
[2023.04.22-11.14.21:287][  0]LogConfig: Setting CVar [[gc.UseDisregardForGCOnDedicatedServers:0]]
[2023.04.22-11.14.21:287][  0]LogConfig: Setting CVar [[gc.MultithreadedDestructionEnabled:1]]
[2023.04.22-11.14.21:287][  0]LogConfig: Applying CVar settings from Section [/Script/Engine.NetworkSettings] File [C:/Users/the13eauty/Documents/GitHub/TheTroubleMakers/Unreal Engine Project/SpeedLimit_UniAzad/Saved/Config/Windows/Engine.ini]
[2023.04.22-11.14.21:287][  0]LogConfig: Applying CVar settings from Section [/Script/UnrealEd.CookerSettings] File [C:/Users/the13eauty/Documents/GitHub/TheTroubleMakers/Unreal Engine Project/SpeedLimit_UniAzad/Saved/Config/Windows/Engine.ini]
[2023.04.22-11.14.21:300][  0]LogConfig: Applying CVar settings from Section [ViewDistanceQuality@3] File [C:/Users/the13eauty/Documents/GitHub/TheTroubleMakers/Unreal Engine Project/SpeedLimit_UniAzad/Saved/Config/Windows/Scalability.ini]
[2023.04.22-11.14.21:300][  0]LogConfig: Setting CVar [[r.SkeletalMeshLODBias:0]]
[2023.04.22-11.14.21:300][  0]LogConfig: Setting CVar [[r.ViewDistanceScale:1.0]]
[2023.04.22-11.14.21:300][  0]LogConfig: Applying CVar settings from Section [AntiAliasingQuality@3] File [C:/Users/the13eauty/Documents/GitHub/TheTroubleMakers/Unreal Engine Project/SpeedLimit_UniAzad/Saved/Config/Windows/Scalability.ini]
[2023.04.22-11.14.21:300][  0]LogConfig: Setting CVar [[r.PostProcessAAQuality:4]]
[2023.04.22-11.14.21:300][  0]LogConfig: Applying CVar settings from Section [ShadowQuality@3] File [C:/Users/the13eauty/Documents/GitHub/TheTroubleMakers/Unreal Engine Project/SpeedLimit_UniAzad/Saved/Config/Windows/Scalability.ini]
[2023.04.22-11.14.21:300][  0]LogConfig: Setting CVar [[r.LightFunctionQuality:1]]
[2023.04.22-11.14.21:300][  0]LogConfig: Setting CVar [[r.ShadowQuality:5]]
[2023.04.22-11.14.21:300][  0]LogConfig: Setting CVar [[r.Shadow.CSM.MaxCascades:10]]
[2023.04.22-11.14.21:300][  0]LogConfig: Setting CVar [[r.Shadow.MaxResolution:2048]]
[2023.04.22-11.14.21:300][  0]LogConfig: Setting CVar [[r.Shadow.MaxCSMResolution:2048]]
[2023.04.22-11.14.21:300][  0]LogConfig: Setting CVar [[r.Shadow.RadiusThreshold:0.01]]
[2023.04.22-11.14.21:300][  0]LogConfig: Setting CVar [[r.Shadow.DistanceScale:1.0]]
[2023.04.22-11.14.21:300][  0]LogConfig: Setting CVar [[r.Shadow.CSM.TransitionScale:1.0]]
[2023.04.22-11.14.21:300][  0]LogConfig: Setting CVar [[r.Shadow.PreShadowResolutionFactor:1.0]]
[2023.04.22-11.14.21:300][  0]LogConfig: Setting CVar [[r.DistanceFieldShadowing:1]]
[2023.04.22-11.14.21:300][  0]LogConfig: Setting CVar [[r.DistanceFieldAO:1]]
[2023.04.22-11.14.21:300][  0]LogConfig: Setting CVar [[r.AOQuality:2]]
[2023.04.22-11.14.21:300][  0]LogConfig: Setting CVar [[r.VolumetricFog:1]]
[2023.04.22-11.14.21:300][  0]LogConfig: Setting CVar [[r.VolumetricFog.GridPixelSize:8]]
[2023.04.22-11.14.21:300][  0]LogConfig: Setting CVar [[r.VolumetricFog.GridSizeZ:128]]
[2023.04.22-11.14.21:300][  0]LogConfig: Setting CVar [[r.VolumetricFog.HistoryMissSupersampleCount:4]]
[2023.04.22-11.14.21:300][  0]LogConfig: Setting CVar [[r.LightMaxDrawDistanceScale:1]]
[2023.04.22-11.14.21:300][  0]LogConfig: Setting CVar [[r.CapsuleShadows:1]]
[2023.04.22-11.14.21:300][  0]LogConfig: Applying CVar settings from Section [PostProcessQuality@3] File [C:/Users/the13eauty/Documents/GitHub/TheTroubleMakers/Unreal Engine Project/SpeedLimit_UniAzad/Saved/Config/Windows/Scalability.ini]
[2023.04.22-11.14.21:300][  0]LogConfig: Setting CVar [[r.MotionBlurQuality:4]]
[2023.04.22-11.14.21:300][  0]LogConfig: Setting CVar [[r.AmbientOcclusionMipLevelFactor:0.4]]
[2023.04.22-11.14.21:300][  0]LogConfig: Setting CVar [[r.AmbientOcclusionMaxQuality:100]]
[2023.04.22-11.14.21:300][  0]LogConfig: Setting CVar [[r.AmbientOcclusionLevels:-1]]
[2023.04.22-11.14.21:300][  0]LogConfig: Setting CVar [[r.AmbientOcclusionRadiusScale:1.0]]
[2023.04.22-11.14.21:300][  0]LogConfig: Setting CVar [[r.DepthOfFieldQuality:2]]
[2023.04.22-11.14.21:300][  0]LogConfig: Setting CVar [[r.RenderTargetPoolMin:400]]
[2023.04.22-11.14.21:300][  0]LogConfig: Setting CVar [[r.LensFlareQuality:2]]
[2023.04.22-11.14.21:300][  0]LogConfig: Setting CVar [[r.SceneColorFringeQuality:1]]
[2023.04.22-11.14.21:300][  0]LogConfig: Setting CVar [[r.EyeAdaptationQuality:2]]
[2023.04.22-11.14.21:300][  0]LogConfig: Setting CVar [[r.BloomQuality:5]]
[2023.04.22-11.14.21:300][  0]LogConfig: Setting CVar [[r.FastBlurThreshold:100]]
[2023.04.22-11.14.21:300][  0]LogConfig: Setting CVar [[r.Upscale.Quality:3]]
[2023.04.22-11.14.21:300][  0]LogConfig: Setting CVar [[r.Tonemapper.GrainQuantization:1]]
[2023.04.22-11.14.21:300][  0]LogConfig: Setting CVar [[r.LightShaftQuality:1]]
[2023.04.22-11.14.21:300][  0]LogConfig: Setting CVar [[r.Filter.SizeScale:1]]
[2023.04.22-11.14.21:300][  0]LogConfig: Setting CVar [[r.Tonemapper.Quality:5]]
[2023.04.22-11.14.21:300][  0]LogConfig: Setting CVar [[r.DOF.Gather.AccumulatorQuality:1        ; higher gathering accumulator quality]]
[2023.04.22-11.14.21:300][  0]LogConfig: Setting CVar [[r.DOF.Gather.PostfilterMethod:1          ; Median3x3 postfilering method]]
[2023.04.22-11.14.21:300][  0]LogConfig: Setting CVar [[r.DOF.Gather.EnableBokehSettings:0       ; no bokeh simulation when gathering]]
[2023.04.22-11.14.21:300][  0]LogConfig: Setting CVar [[r.DOF.Gather.RingCount:4                 ; medium number of samples when gathering]]
[2023.04.22-11.14.21:300][  0]LogConfig: Setting CVar [[r.DOF.Scatter.ForegroundCompositing:1    ; additive foreground scattering]]
[2023.04.22-11.14.21:300][  0]LogConfig: Setting CVar [[r.DOF.Scatter.BackgroundCompositing:2    ; additive background scattering]]
[2023.04.22-11.14.21:300][  0]LogConfig: Setting CVar [[r.DOF.Scatter.EnableBokehSettings:1      ; bokeh simulation when scattering]]
[2023.04.22-11.14.21:300][  0]LogConfig: Setting CVar [[r.DOF.Scatter.MaxSpriteRatio:0.1         ; only a maximum of 10% of scattered bokeh]]
[2023.04.22-11.14.21:300][  0]LogConfig: Setting CVar [[r.DOF.Recombine.Quality:1                ; cheap slight out of focus]]
[2023.04.22-11.14.21:300][  0]LogConfig: Setting CVar [[r.DOF.Recombine.EnableBokehSettings:0    ; no bokeh simulation on slight out of focus]]
[2023.04.22-11.14.21:300][  0]LogConfig: Setting CVar [[r.DOF.TemporalAAQuality:1                ; more stable temporal accumulation]]
[2023.04.22-11.14.21:300][  0]LogConfig: Setting CVar [[r.DOF.Kernel.MaxForegroundRadius:0.025]]
[2023.04.22-11.14.21:300][  0]LogConfig: Setting CVar [[r.DOF.Kernel.MaxBackgroundRadius:0.025]]
[2023.04.22-11.14.21:300][  0]LogConfig: Applying CVar settings from Section [TextureQuality@3] File [C:/Users/the13eauty/Documents/GitHub/TheTroubleMakers/Unreal Engine Project/SpeedLimit_UniAzad/Saved/Config/Windows/Scalability.ini]
[2023.04.22-11.14.21:300][  0]LogConfig: Setting CVar [[r.Streaming.MipBias:0]]
[2023.04.22-11.14.21:300][  0]LogConfig: Setting CVar [[r.Streaming.AmortizeCPUToGPUCopy:0]]
[2023.04.22-11.14.21:300][  0]LogConfig: Setting CVar [[r.Streaming.MaxNumTexturesToStreamPerFrame:0]]
[2023.04.22-11.14.21:300][  0]LogConfig: Setting CVar [[r.Streaming.Boost:1]]
[2023.04.22-11.14.21:300][  0]LogConfig: Setting CVar [[r.MaxAnisotropy:8]]
[2023.04.22-11.14.21:300][  0]LogConfig: Setting CVar [[r.VT.MaxAnisotropy:8]]
[2023.04.22-11.14.21:300][  0]LogConfig: Setting CVar [[r.Streaming.LimitPoolSizeToVRAM:0]]
[2023.04.22-11.14.21:300][  0]LogConfig: Setting CVar [[r.Streaming.PoolSize:1000]]
[2023.04.22-11.14.21:300][  0]LogConfig: Setting CVar [[r.Streaming.MaxEffectiveScreenSize:0]]
[2023.04.22-11.14.21:300][  0]LogConfig: Applying CVar settings from Section [EffectsQuality@3] File [C:/Users/the13eauty/Documents/GitHub/TheTroubleMakers/Unreal Engine Project/SpeedLimit_UniAzad/Saved/Config/Windows/Scalability.ini]
[2023.04.22-11.14.21:300][  0]LogConfig: Setting CVar [[r.TranslucencyLightingVolumeDim:64]]
[2023.04.22-11.14.21:300][  0]LogConfig: Setting CVar [[r.RefractionQuality:2]]
[2023.04.22-11.14.21:300][  0]LogConfig: Setting CVar [[r.SSR.Quality:3]]
[2023.04.22-11.14.21:300][  0]LogConfig: Setting CVar [[r.SSR.HalfResSceneColor:0]]
[2023.04.22-11.14.21:300][  0]LogConfig: Setting CVar [[r.SceneColorFormat:4]]
[2023.04.22-11.14.21:300][  0]LogConfig: Setting CVar [[r.DetailMode:2]]
[2023.04.22-11.14.21:300][  0]LogConfig: Setting CVar [[r.TranslucencyVolumeBlur:1]]
[2023.04.22-11.14.21:300][  0]LogConfig: Setting CVar [[r.MaterialQualityLevel:1 ; High quality]]
[2023.04.22-11.14.21:300][  0]LogConfig: Setting CVar [[r.AnisotropicMaterials:1]]
[2023.04.22-11.14.21:300][  0]LogConfig: Setting CVar [[r.SSS.Scale:1]]
[2023.04.22-11.14.21:300][  0]LogConfig: Setting CVar [[r.SSS.SampleSet:2]]
[2023.04.22-11.14.21:300][  0]LogConfig: Setting CVar [[r.SSS.Quality:1]]
[2023.04.22-11.14.21:300][  0]LogConfig: Setting CVar [[r.SSS.HalfRes:0]]
[2023.04.22-11.14.21:300][  0]LogConfig: Setting CVar [[r.SSGI.Quality:3]]
[2023.04.22-11.14.21:301][  0]LogConfig: Setting CVar [[r.EmitterSpawnRateScale:1.0]]
[2023.04.22-11.14.21:301][  0]LogConfig: Setting CVar [[r.ParticleLightQuality:2]]
[2023.04.22-11.14.21:301][  0]LogConfig: Setting CVar [[r.SkyAtmosphere.AerialPerspectiveLUT.FastApplyOnOpaque:1 ; Always have FastSkyLUT 1 in this case to avoid wrong sky]]
[2023.04.22-11.14.21:301][  0]LogConfig: Setting CVar [[r.SkyAtmosphere.AerialPerspectiveLUT.SampleCountMaxPerSlice:4]]
[2023.04.22-11.14.21:301][  0]LogConfig: Setting CVar [[r.SkyAtmosphere.AerialPerspectiveLUT.DepthResolution:16.0]]
[2023.04.22-11.14.21:301][  0]LogConfig: Setting CVar [[r.SkyAtmosphere.FastSkyLUT:1]]
[2023.04.22-11.14.21:301][  0]LogConfig: Setting CVar [[r.SkyAtmosphere.FastSkyLUT.SampleCountMin:4.0]]
[2023.04.22-11.14.21:301][  0]LogConfig: Setting CVar [[r.SkyAtmosphere.FastSkyLUT.SampleCountMax:128.0]]
[2023.04.22-11.14.21:301][  0]LogConfig: Setting CVar [[r.SkyAtmosphere.SampleCountMin:4.0]]
[2023.04.22-11.14.21:301][  0]LogConfig: Setting CVar [[r.SkyAtmosphere.SampleCountMax:128.0]]
[2023.04.22-11.14.21:301][  0]LogConfig: Setting CVar [[r.SkyAtmosphere.TransmittanceLUT.UseSmallFormat:0]]
[2023.04.22-11.14.21:301][  0]LogConfig: Setting CVar [[r.SkyAtmosphere.TransmittanceLUT.SampleCount:10.0]]
[2023.04.22-11.14.21:301][  0]LogConfig: Setting CVar [[r.SkyAtmosphere.MultiScatteringLUT.SampleCount:15.0]]
[2023.04.22-11.14.21:301][  0]LogConfig: Setting CVar [[r.SkyLight.RealTimeReflectionCapture:1]]
[2023.04.22-11.14.21:301][  0]LogConfig: Applying CVar settings from Section [FoliageQuality@3] File [C:/Users/the13eauty/Documents/GitHub/TheTroubleMakers/Unreal Engine Project/SpeedLimit_UniAzad/Saved/Config/Windows/Scalability.ini]
[2023.04.22-11.14.21:301][  0]LogConfig: Setting CVar [[foliage.DensityScale:1.0]]
[2023.04.22-11.14.21:301][  0]LogConfig: Setting CVar [[grass.DensityScale:1.0]]
[2023.04.22-11.14.21:301][  0]LogConfig: Applying CVar settings from Section [ShadingQuality@3] File [C:/Users/the13eauty/Documents/GitHub/TheTroubleMakers/Unreal Engine Project/SpeedLimit_UniAzad/Saved/Config/Windows/Scalability.ini]
[2023.04.22-11.14.21:301][  0]LogConfig: Setting CVar [[r.HairStrands.SkyLighting.IntegrationType:2]]
[2023.04.22-11.14.21:301][  0]LogConfig: Setting CVar [[r.HairStrands.SkyAO.SampleCount:4]]
[2023.04.22-11.14.21:301][  0]LogConfig: Setting CVar [[r.HairStrands.Visibility.MSAA.SamplePerPixel:4]]
[2023.04.22-11.14.21:301][  0]LogInit: Selected Device Profile: [Windows]
[2023.04.22-11.14.21:301][  0]LogInit: Applying CVar settings loaded from the selected device profile: [Windows]
[2023.04.22-11.14.21:302][  0]LogHAL: Display: Platform has ~ 16 GB [17087635456 / 17179869184 / 16], which maps to Larger [LargestMinGB=32, LargerMinGB=12, DefaultMinGB=8, SmallerMinGB=6, SmallestMinGB=0)
[2023.04.22-11.14.21:302][  0]LogInit: Going up to parent DeviceProfile []
[2023.04.22-11.14.21:302][  0]LogConfig: Applying CVar settings from Section [ViewDistanceQuality@3] File [C:/Users/the13eauty/Documents/GitHub/TheTroubleMakers/Unreal Engine Project/SpeedLimit_UniAzad/Saved/Config/Windows/Scalability.ini]
[2023.04.22-11.14.21:302][  0]LogConfig: Setting CVar [[r.SkeletalMeshLODBias:0]]
[2023.04.22-11.14.21:302][  0]LogConfig: Setting CVar [[r.ViewDistanceScale:1.0]]
[2023.04.22-11.14.21:302][  0]LogConfig: Applying CVar settings from Section [AntiAliasingQuality@3] File [C:/Users/the13eauty/Documents/GitHub/TheTroubleMakers/Unreal Engine Project/SpeedLimit_UniAzad/Saved/Config/Windows/Scalability.ini]
[2023.04.22-11.14.21:302][  0]LogConfig: Setting CVar [[r.PostProcessAAQuality:4]]
[2023.04.22-11.14.21:302][  0]LogConfig: Applying CVar settings from Section [ShadowQuality@3] File [C:/Users/the13eauty/Documents/GitHub/TheTroubleMakers/Unreal Engine Project/SpeedLimit_UniAzad/Saved/Config/Windows/Scalability.ini]
[2023.04.22-11.14.21:302][  0]LogConfig: Setting CVar [[r.LightFunctionQuality:1]]
[2023.04.22-11.14.21:302][  0]LogConfig: Setting CVar [[r.ShadowQuality:5]]
[2023.04.22-11.14.21:302][  0]LogConfig: Setting CVar [[r.Shadow.CSM.MaxCascades:10]]
[2023.04.22-11.14.21:302][  0]LogConfig: Setting CVar [[r.Shadow.MaxResolution:2048]]
[2023.04.22-11.14.21:302][  0]LogConfig: Setting CVar [[r.Shadow.MaxCSMResolution:2048]]
[2023.04.22-11.14.21:302][  0]LogConfig: Setting CVar [[r.Shadow.RadiusThreshold:0.01]]
[2023.04.22-11.14.21:302][  0]LogConfig: Setting CVar [[r.Shadow.DistanceScale:1.0]]
[2023.04.22-11.14.21:302][  0]LogConfig: Setting CVar [[r.Shadow.CSM.TransitionScale:1.0]]
[2023.04.22-11.14.21:302][  0]LogConfig: Setting CVar [[r.Shadow.PreShadowResolutionFactor:1.0]]
[2023.04.22-11.14.21:302][  0]LogConfig: Setting CVar [[r.DistanceFieldShadowing:1]]
[2023.04.22-11.14.21:302][  0]LogConfig: Setting CVar [[r.DistanceFieldAO:1]]
[2023.04.22-11.14.21:302][  0]LogConfig: Setting CVar [[r.AOQuality:2]]
[2023.04.22-11.14.21:302][  0]LogConfig: Setting CVar [[r.VolumetricFog:1]]
[2023.04.22-11.14.21:302][  0]LogConfig: Setting CVar [[r.VolumetricFog.GridPixelSize:8]]
[2023.04.22-11.14.21:302][  0]LogConfig: Setting CVar [[r.VolumetricFog.GridSizeZ:128]]
[2023.04.22-11.14.21:302][  0]LogConfig: Setting CVar [[r.VolumetricFog.HistoryMissSupersampleCount:4]]
[2023.04.22-11.14.21:302][  0]LogConfig: Setting CVar [[r.LightMaxDrawDistanceScale:1]]
[2023.04.22-11.14.21:302][  0]LogConfig: Setting CVar [[r.CapsuleShadows:1]]
[2023.04.22-11.14.21:302][  0]LogConfig: Applying CVar settings from Section [PostProcessQuality@3] File [C:/Users/the13eauty/Documents/GitHub/TheTroubleMakers/Unreal Engine Project/SpeedLimit_UniAzad/Saved/Config/Windows/Scalability.ini]
[2023.04.22-11.14.21:302][  0]LogConfig: Setting CVar [[r.MotionBlurQuality:4]]
[2023.04.22-11.14.21:302][  0]LogConfig: Setting CVar [[r.AmbientOcclusionMipLevelFactor:0.4]]
[2023.04.22-11.14.21:302][  0]LogConfig: Setting CVar [[r.AmbientOcclusionMaxQuality:100]]
[2023.04.22-11.14.21:302][  0]LogConfig: Setting CVar [[r.AmbientOcclusionLevels:-1]]
[2023.04.22-11.14.21:302][  0]LogConfig: Setting CVar [[r.AmbientOcclusionRadiusScale:1.0]]
[2023.04.22-11.14.21:302][  0]LogConfig: Setting CVar [[r.DepthOfFieldQuality:2]]
[2023.04.22-11.14.21:302][  0]LogConfig: Setting CVar [[r.RenderTargetPoolMin:400]]
[2023.04.22-11.14.21:302][  0]LogConfig: Setting CVar [[r.LensFlareQuality:2]]
[2023.04.22-11.14.21:302][  0]LogConfig: Setting CVar [[r.SceneColorFringeQuality:1]]
[2023.04.22-11.14.21:302][  0]LogConfig: Setting CVar [[r.EyeAdaptationQuality:2]]
[2023.04.22-11.14.21:302][  0]LogConfig: Setting CVar [[r.BloomQuality:5]]
[2023.04.22-11.14.21:302][  0]LogConfig: Setting CVar [[r.FastBlurThreshold:100]]
[2023.04.22-11.14.21:302][  0]LogConfig: Setting CVar [[r.Upscale.Quality:3]]
[2023.04.22-11.14.21:302][  0]LogConfig: Setting CVar [[r.Tonemapper.GrainQuantization:1]]
[2023.04.22-11.14.21:302][  0]LogConfig: Setting CVar [[r.LightShaftQuality:1]]
[2023.04.22-11.14.21:302][  0]LogConfig: Setting CVar [[r.Filter.SizeScale:1]]
[2023.04.22-11.14.21:302][  0]LogConfig: Setting CVar [[r.Tonemapper.Quality:5]]
[2023.04.22-11.14.21:302][  0]LogConfig: Setting CVar [[r.DOF.Gather.AccumulatorQuality:1        ; higher gathering accumulator quality]]
[2023.04.22-11.14.21:302][  0]LogConfig: Setting CVar [[r.DOF.Gather.PostfilterMethod:1          ; Median3x3 postfilering method]]
[2023.04.22-11.14.21:302][  0]LogConfig: Setting CVar [[r.DOF.Gather.EnableBokehSettings:0       ; no bokeh simulation when gathering]]
[2023.04.22-11.14.21:302][  0]LogConfig: Setting CVar [[r.DOF.Gather.RingCount:4                 ; medium number of samples when gathering]]
[2023.04.22-11.14.21:302][  0]LogConfig: Setting CVar [[r.DOF.Scatter.ForegroundCompositing:1    ; additive foreground scattering]]
[2023.04.22-11.14.21:302][  0]LogConfig: Setting CVar [[r.DOF.Scatter.BackgroundCompositing:2    ; additive background scattering]]
[2023.04.22-11.14.21:303][  0]LogConfig: Setting CVar [[r.DOF.Scatter.EnableBokehSettings:1      ; bokeh simulation when scattering]]
[2023.04.22-11.14.21:303][  0]LogConfig: Setting CVar [[r.DOF.Scatter.MaxSpriteRatio:0.1         ; only a maximum of 10% of scattered bokeh]]
[2023.04.22-11.14.21:303][  0]LogConfig: Setting CVar [[r.DOF.Recombine.Quality:1                ; cheap slight out of focus]]
[2023.04.22-11.14.21:303][  0]LogConfig: Setting CVar [[r.DOF.Recombine.EnableBokehSettings:0    ; no bokeh simulation on slight out of focus]]
[2023.04.22-11.14.21:303][  0]LogConfig: Setting CVar [[r.DOF.TemporalAAQuality:1                ; more stable temporal accumulation]]
[2023.04.22-11.14.21:303][  0]LogConfig: Setting CVar [[r.DOF.Kernel.MaxForegroundRadius:0.025]]
[2023.04.22-11.14.21:303][  0]LogConfig: Setting CVar [[r.DOF.Kernel.MaxBackgroundRadius:0.025]]
[2023.04.22-11.14.21:303][  0]LogConfig: Applying CVar settings from Section [TextureQuality@3] File [C:/Users/the13eauty/Documents/GitHub/TheTroubleMakers/Unreal Engine Project/SpeedLimit_UniAzad/Saved/Config/Windows/Scalability.ini]
[2023.04.22-11.14.21:303][  0]LogConfig: Setting CVar [[r.Streaming.MipBias:0]]
[2023.04.22-11.14.21:303][  0]LogConfig: Setting CVar [[r.Streaming.AmortizeCPUToGPUCopy:0]]
[2023.04.22-11.14.21:303][  0]LogConfig: Setting CVar [[r.Streaming.MaxNumTexturesToStreamPerFrame:0]]
[2023.04.22-11.14.21:303][  0]LogConfig: Setting CVar [[r.Streaming.Boost:1]]
[2023.04.22-11.14.21:303][  0]LogConfig: Setting CVar [[r.MaxAnisotropy:8]]
[2023.04.22-11.14.21:303][  0]LogConfig: Setting CVar [[r.VT.MaxAnisotropy:8]]
[2023.04.22-11.14.21:303][  0]LogConfig: Setting CVar [[r.Streaming.LimitPoolSizeToVRAM:0]]
[2023.04.22-11.14.21:303][  0]LogConfig: Setting CVar [[r.Streaming.PoolSize:1000]]
[2023.04.22-11.14.21:303][  0]LogConfig: Setting CVar [[r.Streaming.MaxEffectiveScreenSize:0]]
[2023.04.22-11.14.21:303][  0]LogConfig: Applying CVar settings from Section [EffectsQuality@3] File [C:/Users/the13eauty/Documents/GitHub/TheTroubleMakers/Unreal Engine Project/SpeedLimit_UniAzad/Saved/Config/Windows/Scalability.ini]
[2023.04.22-11.14.21:303][  0]LogConfig: Setting CVar [[r.TranslucencyLightingVolumeDim:64]]
[2023.04.22-11.14.21:303][  0]LogConfig: Setting CVar [[r.RefractionQuality:2]]
[2023.04.22-11.14.21:303][  0]LogConfig: Setting CVar [[r.SSR.Quality:3]]
[2023.04.22-11.14.21:303][  0]LogConfig: Setting CVar [[r.SSR.HalfResSceneColor:0]]
[2023.04.22-11.14.21:303][  0]LogConfig: Setting CVar [[r.SceneColorFormat:4]]
[2023.04.22-11.14.21:303][  0]LogConfig: Setting CVar [[r.DetailMode:2]]
[2023.04.22-11.14.21:303][  0]LogConfig: Setting CVar [[r.TranslucencyVolumeBlur:1]]
[2023.04.22-11.14.21:303][  0]LogConfig: Setting CVar [[r.MaterialQualityLevel:1 ; High quality]]
[2023.04.22-11.14.21:303][  0]LogConfig: Setting CVar [[r.AnisotropicMaterials:1]]
[2023.04.22-11.14.21:303][  0]LogConfig: Setting CVar [[r.SSS.Scale:1]]
[2023.04.22-11.14.21:303][  0]LogConfig: Setting CVar [[r.SSS.SampleSet:2]]
[2023.04.22-11.14.21:303][  0]LogConfig: Setting CVar [[r.SSS.Quality:1]]
[2023.04.22-11.14.21:303][  0]LogConfig: Setting CVar [[r.SSS.HalfRes:0]]
[2023.04.22-11.14.21:303][  0]LogConfig: Setting CVar [[r.SSGI.Quality:3]]
[2023.04.22-11.14.21:303][  0]LogConfig: Setting CVar [[r.EmitterSpawnRateScale:1.0]]
[2023.04.22-11.14.21:303][  0]LogConfig: Setting CVar [[r.ParticleLightQuality:2]]
[2023.04.22-11.14.21:303][  0]LogConfig: Setting CVar [[r.SkyAtmosphere.AerialPerspectiveLUT.FastApplyOnOpaque:1 ; Always have FastSkyLUT 1 in this case to avoid wrong sky]]
[2023.04.22-11.14.21:303][  0]LogConfig: Setting CVar [[r.SkyAtmosphere.AerialPerspectiveLUT.SampleCountMaxPerSlice:4]]
[2023.04.22-11.14.21:303][  0]LogConfig: Setting CVar [[r.SkyAtmosphere.AerialPerspectiveLUT.DepthResolution:16.0]]
[2023.04.22-11.14.21:303][  0]LogConfig: Setting CVar [[r.SkyAtmosphere.FastSkyLUT:1]]
[2023.04.22-11.14.21:303][  0]LogConfig: Setting CVar [[r.SkyAtmosphere.FastSkyLUT.SampleCountMin:4.0]]
[2023.04.22-11.14.21:303][  0]LogConfig: Setting CVar [[r.SkyAtmosphere.FastSkyLUT.SampleCountMax:128.0]]
[2023.04.22-11.14.21:303][  0]LogConfig: Setting CVar [[r.SkyAtmosphere.SampleCountMin:4.0]]
[2023.04.22-11.14.21:303][  0]LogConfig: Setting CVar [[r.SkyAtmosphere.SampleCountMax:128.0]]
[2023.04.22-11.14.21:303][  0]LogConfig: Setting CVar [[r.SkyAtmosphere.TransmittanceLUT.UseSmallFormat:0]]
[2023.04.22-11.14.21:303][  0]LogConfig: Setting CVar [[r.SkyAtmosphere.TransmittanceLUT.SampleCount:10.0]]
[2023.04.22-11.14.21:303][  0]LogConfig: Setting CVar [[r.SkyAtmosphere.MultiScatteringLUT.SampleCount:15.0]]
[2023.04.22-11.14.21:303][  0]LogConfig: Setting CVar [[r.SkyLight.RealTimeReflectionCapture:1]]
[2023.04.22-11.14.21:303][  0]LogConfig: Applying CVar settings from Section [FoliageQuality@3] File [C:/Users/the13eauty/Documents/GitHub/TheTroubleMakers/Unreal Engine Project/SpeedLimit_UniAzad/Saved/Config/Windows/Scalability.ini]
[2023.04.22-11.14.21:303][  0]LogConfig: Setting CVar [[foliage.DensityScale:1.0]]
[2023.04.22-11.14.21:303][  0]LogConfig: Setting CVar [[grass.DensityScale:1.0]]
[2023.04.22-11.14.21:303][  0]LogConfig: Applying CVar settings from Section [ShadingQuality@3] File [C:/Users/the13eauty/Documents/GitHub/TheTroubleMakers/Unreal Engine Project/SpeedLimit_UniAzad/Saved/Config/Windows/Scalability.ini]
[2023.04.22-11.14.21:303][  0]LogConfig: Setting CVar [[r.HairStrands.SkyLighting.IntegrationType:2]]
[2023.04.22-11.14.21:303][  0]LogConfig: Setting CVar [[r.HairStrands.SkyAO.SampleCount:4]]
[2023.04.22-11.14.21:303][  0]LogConfig: Setting CVar [[r.HairStrands.Visibility.MSAA.SamplePerPixel:4]]
[2023.04.22-11.14.21:303][  0]LogConfig: Applying CVar settings from Section [Startup] File [../../../Engine/Config/ConsoleVariables.ini]
[2023.04.22-11.14.21:307][  0]LogConfig: Setting CVar [[net.UseAdaptiveNetUpdateFrequency:0]]
[2023.04.22-11.14.21:307][  0]LogConfig: Setting CVar [[p.chaos.AllowCreatePhysxBodies:1]]
[2023.04.22-11.14.21:307][  0]LogConfig: Setting CVar [[fx.SkipVectorVMBackendOptimizations:1]]
[2023.04.22-11.14.21:307][  0]LogConfig: Applying CVar settings from Section [ConsoleVariables] File [C:/Users/the13eauty/Documents/GitHub/TheTroubleMakers/Unreal Engine Project/SpeedLimit_UniAzad/Saved/Config/Windows/Engine.ini]
[2023.04.22-11.14.21:307][  0]LogConfig: Applying CVar settings from Section [ConsoleVariables] File [C:/Users/the13eauty/Documents/GitHub/TheTroubleMakers/Unreal Engine Project/SpeedLimit_UniAzad/Saved/Config/Windows/Editor.ini]
[2023.04.22-11.14.21:307][  0]LogInit: Computer: 13EAUTY
[2023.04.22-11.14.21:307][  0]LogInit: User: the13eauty
[2023.04.22-11.14.21:307][  0]LogInit: CPU Page size=4096, Cores=8
[2023.04.22-11.14.21:307][  0]LogInit: High frequency timer resolution =10.000000 MHz
[2023.04.22-11.14.21:307][  0]LogMemory: Memory total: Physical=15.9GB (16GB approx)
[2023.04.22-11.14.21:307][  0]LogMemory: Platform Memory Stats for Windows
[2023.04.22-11.14.21:307][  0]LogMemory: Process Physical Memory: 153.75 MB used, 153.75 MB peak
[2023.04.22-11.14.21:307][  0]LogMemory: Process Virtual Memory: 131.12 MB used, 131.12 MB peak
[2023.04.22-11.14.21:307][  0]LogMemory: Physical Memory: 7692.19 MB used,  8603.85 MB free, 16296.04 MB total
[2023.04.22-11.14.21:307][  0]LogMemory: Virtual Memory: 134200784.00 MB used,  16947.87 MB free, 134217728.00 MB total
[2023.04.22-11.14.21:312][  0]LogWindows: WindowsPlatformFeatures enabled
[2023.04.22-11.14.21:485][  0]LogInit: Physics initialised using underlying interface: PhysX
[2023.04.22-11.14.21:487][  0]LogInit: Using OS detected language (en-US).
[2023.04.22-11.14.21:487][  0]LogInit: Using OS detected locale (en-US).
[2023.04.22-11.14.21:491][  0]LogTextLocalizationManager: No specific localization for 'en-US' exists, so the 'en' localization will be used.
[2023.04.22-11.14.21:724][  0]LogInit: Setting process to per monitor DPI aware
[2023.04.22-11.14.21:755][  0]LogWindowsTextInputMethodSystem: Display: IME system deactivated.
[2023.04.22-11.14.21:778][  0]LogSlate: New Slate User Created.  User Index 0, Is Virtual User: 0
[2023.04.22-11.14.21:778][  0]LogSlate: Slate User Registered.  User Index 0, Is Virtual User: 0
[2023.04.22-11.14.22:153][  0]LogD3D11RHI: Loaded GFSDK_Aftermath_Lib.x64.dll
[2023.04.22-11.14.22:160][  0]LogHMD: Failed to initialize OpenVR with code 110
[2023.04.22-11.14.22:160][  0]LogD3D11RHI: D3D11 min allowed feature level: 11_0
[2023.04.22-11.14.22:160][  0]LogD3D11RHI: D3D11 max allowed feature level: 11_0
[2023.04.22-11.14.22:160][  0]LogD3D11RHI: D3D11 adapters:
[2023.04.22-11.14.22:228][  0]LogD3D11RHI:    0. 'AMD Radeon RX 6900 XT' (Feature Level 11_0)
[2023.04.22-11.14.22:228][  0]LogD3D11RHI:       16337/0/8148 MB DedicatedVideo/DedicatedSystem/SharedSystem, Outputs:1, VendorId:0x1002
[2023.04.22-11.14.22:231][  0]LogD3D11RHI:    1. 'Microsoft Basic Render Driver' (Feature Level 11_0)
[2023.04.22-11.14.22:232][  0]LogD3D11RHI:       0/0/8148 MB DedicatedVideo/DedicatedSystem/SharedSystem, Outputs:0, VendorId:0x1414
[2023.04.22-11.14.22:232][  0]LogD3D11RHI: Chosen D3D11 Adapter: 0
[2023.04.22-11.14.22:237][  0]LogD3D11RHI: Creating new Direct3DDevice
[2023.04.22-11.14.22:237][  0]LogD3D11RHI:     GPU DeviceId: 0x73bf (for the marketing name, search the web for "GPU Device Id")
[2023.04.22-11.14.22:237][  0]LogWindows: EnumDisplayDevices:
[2023.04.22-11.14.22:237][  0]LogWindows:    0. 'AMD Radeon RX 6900 XT' (P:1 D:1)
[2023.04.22-11.14.22:237][  0]LogWindows:    1. 'AMD Radeon RX 6900 XT' (P:0 D:0)
[2023.04.22-11.14.22:237][  0]LogWindows:    2. 'AMD Radeon RX 6900 XT' (P:0 D:0)
[2023.04.22-11.14.22:237][  0]LogWindows:    3. 'AMD Radeon RX 6900 XT' (P:0 D:0)
[2023.04.22-11.14.22:237][  0]LogWindows:    4. 'AMD Radeon RX 6900 XT' (P:0 D:0)
[2023.04.22-11.14.22:237][  0]LogWindows:    5. 'AMD Radeon RX 6900 XT' (P:0 D:0)
[2023.04.22-11.14.22:239][  0]LogWindows:    6. 'AMD Radeon RX 6900 XT' (P:0 D:0)
[2023.04.22-11.14.22:239][  0]LogWindows: DebugString: FoundDriverCount:7 
[2023.04.22-11.14.22:239][  0]LogD3D11RHI:     Adapter Name: AMD Radeon RX 6900 XT
[2023.04.22-11.14.22:239][  0]LogD3D11RHI:   Driver Version: AMD Software: Adrenalin Edition 23.4.2 (internal:31.0.14051.1000, unified:31.0.14051.1000)
[2023.04.22-11.14.22:239][  0]LogD3D11RHI:      Driver Date: 4-12-2023
[2023.04.22-11.14.22:239][  0]LogRHI: Texture pool is 10898 MB (70% of 15569 MB)
[2023.04.22-11.14.22:319][  0]LogD3D11RHI: Created device via AGS, feature level 11_0, supported extensions 1fffffbf.
[2023.04.22-11.14.22:330][  0]LogD3D11RHI: RHI has support for 64 bit atomics
[2023.04.22-11.14.22:330][  0]LogD3D11RHI: Async texture creation enabled
[2023.04.22-11.14.22:330][  0]LogD3D11RHI: Array index from any shader is supported
[2023.04.22-11.14.22:330][  0]LogD3D11RHI: HDR output is supported on display 0 (AMD Device: 0x0, Display: 0x0).
[2023.04.22-11.14.22:385][  0]LogD3D11RHI: GPU Timing Frequency: 100.000000 (Debug: 2 1)
[2023.04.22-11.14.22:688][  0]LogTargetPlatformManager: Display: Loaded TargetPlatform 'AllDesktop'
[2023.04.22-11.14.22:708][  0]LogTargetPlatformManager: Display: Loaded TargetPlatform 'Android'
[2023.04.22-11.14.22:708][  0]LogTargetPlatformManager: Display: Loaded TargetPlatform 'Android_ASTC'
[2023.04.22-11.14.22:708][  0]LogTargetPlatformManager: Display: Loaded TargetPlatform 'Android_DXT'
[2023.04.22-11.14.22:708][  0]LogTargetPlatformManager: Display: Loaded TargetPlatform 'Android_ETC2'
[2023.04.22-11.14.22:708][  0]LogTargetPlatformManager: Display: Loaded TargetPlatform 'AndroidClient'
[2023.04.22-11.14.22:708][  0]LogTargetPlatformManager: Display: Loaded TargetPlatform 'Android_ASTCClient'
[2023.04.22-11.14.22:708][  0]LogTargetPlatformManager: Display: Loaded TargetPlatform 'Android_DXTClient'
[2023.04.22-11.14.22:708][  0]LogTargetPlatformManager: Display: Loaded TargetPlatform 'Android_ETC2Client'
[2023.04.22-11.14.22:708][  0]LogTargetPlatformManager: Display: Loaded TargetPlatform 'Android_Multi'
[2023.04.22-11.14.22:708][  0]LogTargetPlatformManager: Display: Loaded TargetPlatform 'Android_MultiClient'
[2023.04.22-11.14.22:725][  0]LogTargetPlatformManager: Display: Loaded TargetPlatform 'IOSClient'
[2023.04.22-11.14.22:725][  0]LogTargetPlatformManager: Display: Loaded TargetPlatform 'IOS'
[2023.04.22-11.14.22:741][  0]LogTargetPlatformManager: Display: Loaded TargetPlatform 'Linux'
[2023.04.22-11.14.22:746][  0]LogTargetPlatformManager: Display: Loaded TargetPlatform 'LinuxNoEditor'
[2023.04.22-11.14.22:751][  0]LogTargetPlatformManager: Display: Loaded TargetPlatform 'LinuxClient'
[2023.04.22-11.14.22:757][  0]LogTargetPlatformManager: Display: Loaded TargetPlatform 'LinuxServer'
[2023.04.22-11.14.22:768][  0]LogTargetPlatformManager: Display: Loaded TargetPlatform 'LinuxAArch64NoEditor'
[2023.04.22-11.14.22:773][  0]LogTargetPlatformManager: Display: Loaded TargetPlatform 'LinuxAArch64Client'
[2023.04.22-11.14.22:778][  0]LogTargetPlatformManager: Display: Loaded TargetPlatform 'LinuxAArch64Server'
[2023.04.22-11.14.22:801][  0]LogTargetPlatformManager: Display: Loaded TargetPlatform 'Lumin'
[2023.04.22-11.14.22:801][  0]LogTargetPlatformManager: Display: Loaded TargetPlatform 'LuminClient'
[2023.04.22-11.14.22:816][  0]LogTargetPlatformManager: Display: Loaded TargetPlatform 'MacNoEditor'
[2023.04.22-11.14.22:821][  0]LogTargetPlatformManager: Display: Loaded TargetPlatform 'Mac'
[2023.04.22-11.14.22:825][  0]LogTargetPlatformManager: Display: Loaded TargetPlatform 'MacClient'
[2023.04.22-11.14.22:829][  0]LogTargetPlatformManager: Display: Loaded TargetPlatform 'MacServer'
[2023.04.22-11.14.22:838][  0]LogTargetPlatformManager: Display: Loaded TargetPlatform 'TVOSClient'
[2023.04.22-11.14.22:838][  0]LogTargetPlatformManager: Display: Loaded TargetPlatform 'TVOS'
[2023.04.22-11.14.22:847][  0]LogTargetPlatformManager: Display: Loaded TargetPlatform 'WindowsNoEditor'
[2023.04.22-11.14.22:852][  0]LogTargetPlatformManager: Display: Loaded TargetPlatform 'Windows'
[2023.04.22-11.14.22:856][  0]LogTargetPlatformManager: Display: Loaded TargetPlatform 'WindowsClient'
[2023.04.22-11.14.22:861][  0]LogTargetPlatformManager: Display: Loaded TargetPlatform 'WindowsServer'
[2023.04.22-11.14.22:861][  0]LogTargetPlatformManager: Display: Building Assets For Windows
[2023.04.22-11.14.22:903][  0]LogAudioDebug: Display: Lib vorbis DLL was dynamically loaded.
[2023.04.22-11.14.22:974][  0]LogTextureFormatOodle: Display: Oodle Texture 2.9.0 init RDO Off
[2023.04.22-11.14.23:077][  0]LogRendererCore: Ray tracing is disabled. Reason: r.RayTracing=0.
[2023.04.22-11.14.23:078][  0]LogShaderCompilers: Guid format shader working directory is -52 characters bigger than the processId version (../../../../Users/the13eauty/Documents/GitHub/TheTroubleMakers/Unreal Engine Project/SpeedLimit_UniAzad/Intermediate/Shaders/WorkingDirectory/2704/).
[2023.04.22-11.14.23:078][  0]LogShaderCompilers: Cleaned the shader compiler working directory 'C:/Users/the13eauty/AppData/Local/Temp/UnrealShaderWorkingDir/AAE48ED748CE827648FD36B7D059CFE3/'.
[2023.04.22-11.14.23:078][  0]LogXGEController: Cannot use XGE Controller as Incredibuild is not installed on this machine.
[2023.04.22-11.14.23:078][  0]LogShaderCompilers: Cannot use XGE Shader Compiler as Incredibuild is not installed on this machine.
[2023.04.22-11.14.23:078][  0]LogShaderCompilers: Display: Using Local Shader Compiler.
[2023.04.22-11.14.23:812][  0]LogDerivedDataCache: Display: Max Cache Size: 512 MB
[2023.04.22-11.14.23:903][  0]LogDerivedDataCache: Loaded boot cache 0.09s 97MB C:/Users/the13eauty/AppData/Local/UnrealEngine/4.27/DerivedDataCache/Boot.ddc.
[2023.04.22-11.14.23:903][  0]LogDerivedDataCache: Display: Loaded Boot cache: C:/Users/the13eauty/AppData/Local/UnrealEngine/4.27/DerivedDataCache/Boot.ddc
[2023.04.22-11.14.23:903][  0]LogDerivedDataCache: FDerivedDataBackendGraph:  Pak pak cache file ../../../../Users/the13eauty/Documents/GitHub/TheTroubleMakers/Unreal Engine Project/SpeedLimit_UniAzad/DerivedDataCache/DDC.ddp not found, will not use a pak cache.
[2023.04.22-11.14.23:903][  0]LogDerivedDataCache: Unable to find inner node Pak for hierarchical cache Hierarchy.
[2023.04.22-11.14.23:903][  0]LogDerivedDataCache: FDerivedDataBackendGraph:  CompressedPak pak cache file ../../../../Users/the13eauty/Documents/GitHub/TheTroubleMakers/Unreal Engine Project/SpeedLimit_UniAzad/DerivedDataCache/Compressed.ddp not found, will not use a pak cache.
[2023.04.22-11.14.23:903][  0]LogDerivedDataCache: Unable to find inner node CompressedPak for hierarchical cache Hierarchy.
[2023.04.22-11.14.23:919][  0]LogDerivedDataCache: Display: Pak cache opened for reading ../../../Engine/DerivedDataCache/Compressed.ddp.
[2023.04.22-11.14.23:919][  0]LogDerivedDataCache: FDerivedDataBackendGraph:  EnterprisePak pak cache file ../../../Enterprise/DerivedDataCache/Compressed.ddp not found, will not use a pak cache.
[2023.04.22-11.14.23:919][  0]LogDerivedDataCache: Unable to find inner node EnterprisePak for hierarchical cache Hierarchy.
[2023.04.22-11.14.23:959][  0]LogDerivedDataCache: Speed tests for C:/Users/the13eauty/AppData/Local/UnrealEngine/Common/DerivedDataCache took 0.04 seconds
[2023.04.22-11.14.23:959][  0]LogDerivedDataCache: Display: Performance to C:/Users/the13eauty/AppData/Local/UnrealEngine/Common/DerivedDataCache: Latency=0.03ms. RandomReadSpeed=26.48MBs, RandomWriteSpeed=234.47MBs. Assigned SpeedClass 'Local'
[2023.04.22-11.14.23:960][  0]LogDerivedDataCache: Using Local data cache path C:/Users/the13eauty/AppData/Local/UnrealEngine/Common/DerivedDataCache: Writable
[2023.04.22-11.14.23:960][  0]LogDerivedDataCache: Shared data cache path not found in *engine.ini, will not use an Shared cache.
[2023.04.22-11.14.23:960][  0]LogDerivedDataCache: Unable to find inner node Shared for hierarchical cache Hierarchy.
[2023.04.22-11.14.24:006][  0]LogSlate: Using FreeType 2.10.0
[2023.04.22-11.14.24:007][  0]LogSlate: SlateFontServices - WITH_FREETYPE: 1, WITH_HARFBUZZ: 1
[2023.04.22-11.14.24:038][  0]LogAssetRegistry: FAssetRegistry took 0.0042 seconds to start up
[2023.04.22-11.14.24:429][  0]LogInit: Selected Device Profile: [Windows]
[2023.04.22-11.14.24:429][  0]LogInit: Active device profile: [000002B76CFFAD00][000002B76BC51300 49] Windows
[2023.04.22-11.14.24:429][  0]LogInit: Profiles: [000002B76CFFAD00][000002B76BC51300 49] Windows, [000002B76CF92300][000002B76BC555C0 49] WindowsNoEditor, [000002B76CFF9E00][000002B76BC59880 49] WindowsServer, [000002B76CF93100][000002B76BC5DB40 49] WindowsClient, [000002B76CFF9000][000002B76BC60280 49] IOS, [000002B76CF93B00][000002B76BC64540 49] iPadAir, [000002B76CFFBA00][000002B76BC68800 49] iPadAir2, [000002B76CF3A000][000002B76BC7CD40 49] IPadPro, [000002B76CF3A100][000002B76BC6CD80 49] iPadAir3, [000002B76CF91F00][000002B76BC4D000 49] iPadAir4, [000002B76CF3B000][000002B76BC75280 49] iPadMini2, [000002B76CF92900][000002B76BC79540 49] iPadMini3, [000002B76CF3BD00][000002B76BC81800 49] iPadMini4, [000002B76CF91600][000002B76BC85AC0 49] iPadMini5, [000002B76CF55900][000002B76BC98480 49] iPhone6, [000002B76CF55A00][000002B76BC884C0 49] iPodTouch6, [000002B76CFF9200][000002B76BCA0A00 49] iPhone7, [000002B76CFFAA00][000002B76BC90A40 49] iPodTouch7, [000002B76CF39D00][000002B76BC94D00 49] iPhone5S, [000002B76CFFA500][000002B76BC8CFC0 49] iPhone6Plus, [000002B76CF39500][000002B76BC71240 49] iPhone6S, [000002B76CFF9F00][000002B76BC9D4C0 49] iPhone6SPlus, [000002B76CF39200][000002B76BCA9780 49] iPhone7Plus, [000002B76CFFA900][000002B76BCADA40 49] iPhoneSE, [000002B76CF39000][000002B76C732180 49] iPhone8, [000002B76CFFB900][000002B76C736440 49] iPhone8Plus, [000002B76CFF8700][000002B76C73A700 49] iPhoneX, [000002B76CF54600][000002B76C73E9C0 49] iPhoneXS, [000002B76CFFAC00][000002B76C742C80 49] iPhoneXSMax, [000002B76CF54900][000002B76C746F40 49] iPhoneXR, [000002B76CFFA700][000002B76C74B200 49] iPhone11, [000002B76CF54B00][000002B76BCA5480 49] iPhone11Pro, [000002B76CF54500][000002B76C74F700 49] iPhone11ProMax, [000002B76CF39A00][000002B76C7579C0 49] iPhoneSE2, [000002B76CF56400][000002B76C75A100 49] iPhone12Mini, [000002B76CF3B300][000002B76C75E3C0 49] iPhone12, [000002B76CF56800][000002B76C762680 49] iPhone12Pro, [000002B76CF3B100][000002B76C766940 49] iPhone12ProMax, [000002B76CF56E00][000002B76C76AC00 49] iPadPro105, [000002B76CF3B500][000002B76C76EEC0 49] iPadPro129, [000002B76CF57000][000002B76C773180 49] iPadPro97, [000002B76CF39700][000002B76C789440 49] iPadPro2_129, [000002B76CFF9A00][000002B76C7536C0 49] iPad5, [000002B76CF3A300][000002B76C809940 49] iPad6, [000002B76CFF8F00][000002B74D1E9C00 49] iPad7, [000002B76CF3B700][000002B74D1EC340 49] iPad8, [000002B76CFF8C00][000002B74D1F0600 49] iPadPro11, [000002B76CF39C00][000002B74D1F48C0 49] iPadPro2_11, [000002B76CFF8800][000002B74D1F8B80 49] iPadPro3_129, [000002B76CF39100][000002B74D1FCE40 49] iPadPro4_129, [000002B76CFF8B00][000002B74D201100 49] AppleTV, [000002B76CF3AB00][000002B74D2053C0 49] AppleTV4K, [000002B76CFFB700][000002B74D209680 49] TVOS, [000002B76CF39900][000002B76C80D900 49] Mac, [000002B76CFFBC00][000002B74D20DB80 49] MacClient, [000002B76CF3AE00][000002B74D2142C0 49] MacNoEditor, [000002B76CFFB500][000002B74D218580 49] MacServer, [000002B76CF3B900][000002B74D21C840 49] Linux, [000002B76CFFBB00][000002B74D220B00 49] LinuxAArch64, [000002B76CF3BA00][000002B74D224DC0 49] LinuxNoEditor, [000002B76CFFB400][000002B74D229080 49] LinuxAArch64NoEditor, [000002B76CF38A00][000002B74D22D340 49] LinuxClient, [000002B76CFFB300][000002B74D231600 49] LinuxAArch64Client, [000002B76CF39F00][000002B74D2358C0 49] LinuxServer, [000002B76CFFAF00][000002B74D211B40 49] LinuxAArch64Server, [000002B76CF38800][000002B74D238240 49] Android, [000002B76CFF9400][000002B74D240500 49] Android_Low, [000002B76CF38700][000002B74D2447C0 49] Android_Mid, [000002B76CFFAB00][000002B76C810A80 49] Android_High, [000002B76CF3A500][000002B76C814D40 49] Android_Default, [000002B76CFFB000][000002B76C819000 49] Android_Adreno4xx, [000002B76CF3BC00][000002B76C81D2C0 49] Android_Adreno5xx_Low, [000002B76CFFA200][000002B76C821580 49] Android_Adreno5xx, [000002B76CF3A900][000002B76C825840 49] Android_Adreno6xx, [000002B76CFFA300][000002B76C829B00 49] Android_Adreno6xx_Vulkan, [000002B76CF3BE00][000002B74D23C200 49] Android_Mali_T6xx, [000002B76CFF8100][000002B76C8304C0 49] Android_Mali_T7xx, [000002B76CF38500][000002B76C834780 49] Android_Mali_T8xx, [000002B76CFF8300][000002B76C838A40 49] Android_Mali_G71, [000002B76CF3A800][000002B76C84AD00 49] Android_Mali_G72, [000002B76CFF8500][000002B76C8D8FC0 49] Android_Mali_G72_Vulkan, [000002B76CF39800][000002B76C8DD280 49] Android_Mali_G76, [000002B76CFF9600][000002B76C0E3540 49] Android_Mali_G76_Vulkan, [000002B76CF3AF00][000002B76C0E7800 49] Android_Mali_G77, [000002B76CFFB100][000002B76C0EBAC0 49] Android_Mali_G77_Vulkan, [000002B76CF55800][000002B76C82C1C0 49] Android_Mali_G78, [000002B76CF90A00][000002B76C0EE440 49] Android_Mali_G78_Vulkan, [000002B76CF55700][000002B76C0F6700 49] Android_Mali_G710, [000002B76CF92700][000002B76C0FA9C0 49] Android_Mali_G710_Vulkan, [000002B76CF56300][000002B76C0FEC80 49] Android_Vulkan_SM5, [000002B76CF92600][000002B76C102F40 49] Android_PowerVR_G6xxx, [000002B76CF55C00][000002B76C113200 49] Android_PowerVR_GT7xxx, [000002B76CF92400][000002B76C11F4C0 49] Android_PowerVR_GE8xxx, [000002B76CF55F00][000002B76C123780 49] Android_PowerVR_GM9xxx, [000002B76CF90500][000002B76C127A40 49] Android_PowerVR_GM9xxx_Vulkan, [000002B76CF56600][000002B76C12A180 49] Android_TegraK1, [000002B76CF93500][000002B76C0F2400 49] Android_Unknown_Vulkan, [000002B76CF54100][000002B76C12E680 49] Lumin, [000002B76CF90600][000002B76C136940 49] Lumin_Desktop, [000002B76CF57C00][000002B76C13AC00 49] HoloLens, 
[2023.04.22-11.14.24:712][  0]LogMeshReduction: Using QuadricMeshReduction for automatic static mesh reduction
[2023.04.22-11.14.24:712][  0]LogMeshReduction: Using SimplygonMeshReduction for automatic skeletal mesh reduction
[2023.04.22-11.14.24:712][  0]LogMeshReduction: Using ProxyLODMeshReduction for automatic mesh merging
[2023.04.22-11.14.24:712][  0]LogMeshReduction: No distributed automatic mesh merging module available
[2023.04.22-11.14.24:713][  0]LogMeshMerging: No distributed automatic mesh merging module available
[2023.04.22-11.14.24:767][  0]LogNetVersion: SpeedLimit_UniAzad 1.0.0, NetCL: 17155196, EngineNetVer: 17, GameNetVer: 0 (Checksum: 2338214234)
[2023.04.22-11.14.25:970][  0]LogTexture: Default maximum texture size for cubemaps generated from long-lat sources has been changed from 512 to unlimited. In order to preserve old behaiour for '/Engine/MapTemplates/Sky/DaylightAmbientCubemap.DaylightAmbientCubemap', its maximum texture size has been explicitly set to 512.
[2023.04.22-11.14.26:085][  0]LogHMD: PokeAHoleMaterial loaded successfully
[2023.04.22-11.14.26:093][  0]LogUObjectArray: 17178 objects as part of root set at end of initial load.
[2023.04.22-11.14.26:093][  0]LogUObjectAllocator: 4301856 out of 0 bytes used by permanent object pool.
[2023.04.22-11.14.26:093][  0]LogUObjectArray: CloseDisregardForGC: 0/0 objects in disregard for GC pool
[2023.04.22-11.14.26:977][  0]LogNiagaraDebuggerClient: Niagara Debugger Client Initialized | Session: 79E63A174480B03ADB58958C086B23DA | Instance: 888D48554158852B5356D89FCA01C906 (13EAUTY-2704).
[2023.04.22-11.14.27:040][  0]LogStreaming: Warning: Failed to read file '../../../Engine/Content/Editor/Slate/Niagara/MenuSeparator.png' error.
[2023.04.22-11.14.27:040][  0]LogSlate: Could not find file for Slate resource: ../../../Engine/Content/Editor/Slate/Niagara/MenuSeparator.png
[2023.04.22-11.14.27:040][  0]LogStreaming: Warning: Failed to read file '../../../Engine/Content/Editor/Slate/Niagara/Common/Selector.png' error.
[2023.04.22-11.14.27:041][  0]LogStreaming: Warning: Failed to read file '../../../Engine/Content/Editor/Slate/Niagara/Common/Selection.png' error.
[2023.04.22-11.14.27:041][  0]LogSlate: Could not find file for Slate resource: ../../../Engine/Content/Editor/Slate/Niagara/Common/Selection.png
[2023.04.22-11.14.27:041][  0]LogStreaming: Warning: Failed to read file '../../../Engine/Content/Editor/Slate/Niagara/Common/DropZoneIndicator_Above.png' error.
[2023.04.22-11.14.27:041][  0]LogStreaming: Warning: Failed to read file '../../../Engine/Content/Editor/Slate/Niagara/Common/DropZoneIndicator_Onto.png' error.
[2023.04.22-11.14.27:041][  0]LogSlate: Could not find file for Slate resource: ../../../Engine/Content/Editor/Slate/Niagara/Common/DropZoneIndicator_Above.png
[2023.04.22-11.14.27:041][  0]LogSlate: Could not find file for Slate resource: ../../../Engine/Content/Editor/Slate/Niagara/Common/DropZoneIndicator_Onto.png
[2023.04.22-11.14.27:041][  0]LogStreaming: Warning: Failed to read file '../../../Engine/Content/Editor/Slate/Niagara/Common/RoundedSelection_16x.png' error.
[2023.04.22-11.14.27:041][  0]LogSlate: Could not find file for Slate resource: ../../../Engine/Content/Editor/Slate/Niagara/Common/RoundedSelection_16x.png
[2023.04.22-11.14.27:041][  0]LogStreaming: Warning: Failed to read file '../../../Engine/Content/Editor/Slate/Niagara/Common/FlatButton.png' error.
[2023.04.22-11.14.27:041][  0]LogSlate: Could not find file for Slate resource: ../../../Engine/Content/Editor/Slate/Niagara/Common/FlatButton.png
[2023.04.22-11.14.27:041][  0]LogStreaming: Warning: Failed to read file '../../../Engine/Content/Editor/Slate/Niagara/Common/DropZoneIndicator_Below.png' error.
[2023.04.22-11.14.27:041][  0]LogSlate: Could not find file for Slate resource: ../../../Engine/Content/Editor/Slate/Niagara/Common/DropZoneIndicator_Below.png
[2023.04.22-11.14.27:041][  0]LogSlate: Could not find file for Slate resource: ../../../Engine/Content/Editor/Slate/Niagara/Common/Selector.png
[2023.04.22-11.14.27:084][  0]LogImageWrapper: Warning: PNG Warning: Duplicate iCCP chunk
[2023.04.22-11.14.27:084][  0]LogImageWrapper: Warning: PNG Warning: Duplicate iCCP chunk
[2023.04.22-11.14.27:084][  0]LogPython: Using Python 3.7.7
[2023.04.22-11.14.27:908][  0]LogTcpMessaging: Initializing TcpMessaging bridge
[2023.04.22-11.14.27:915][  0]LogUdpMessaging: Initializing bridge on interface 0.0.0.0:0 to multicast group 230.0.0.1:6666.
[2023.04.22-11.14.28:373][  0]SourceControl: Source control is disabled
[2023.04.22-11.14.28:375][  0]SourceControl: Source control is disabled
[2023.04.22-11.14.28:388][  0]SourceControl: Source control is disabled
[2023.04.22-11.14.28:396][  0]SourceControl: Source control is disabled
[2023.04.22-11.14.28:406][  0]SourceControl: Source control is disabled
[2023.04.22-11.14.28:460][  0]LogUProjectInfo: Found projects:
[2023.04.22-11.14.28:469][  0]LogVSAccessor: Display: Unable to create Visual Studio setup instance: 80040154
[2023.04.22-11.14.28:469][  0]LogVSAccessor: Display: Unable to create Visual Studio setup instance: 80040154
[2023.04.22-11.14.28:469][  0]LogVSAccessor: Display: Unable to create Visual Studio setup instance: 80040154
[2023.04.22-11.14.28:700][  0]LogOpenImageDenoise: OIDN starting up
[2023.04.22-11.14.28:765][  0]LogAndroidPermission: UAndroidPermissionCallbackProxy::GetInstance
[2023.04.22-11.14.28:802][  0]LogAudioCaptureCore: Display: No Audio Capture implementations found. Audio input will be silent.
[2023.04.22-11.14.28:802][  0]LogAudioCaptureCore: Display: No Audio Capture implementations found. Audio input will be silent.
[2023.04.22-11.14.29:143][  0]LogCollectionManager: Loaded 0 collections in 0.001926 seconds
[2023.04.22-11.14.29:194][  0]LogFileCache: Scanning file cache for directory 'C:/Users/the13eauty/Documents/GitHub/TheTroubleMakers/Unreal Engine Project/SpeedLimit_UniAzad/Saved/Collections/' took 0.00s
[2023.04.22-11.14.29:194][  0]LogFileCache: Scanning file cache for directory 'C:/Users/the13eauty/Documents/GitHub/TheTroubleMakers/Unreal Engine Project/SpeedLimit_UniAzad/Content/Developers/the13eauty/Collections/' took 0.00s
[2023.04.22-11.14.29:194][  0]LogFileCache: Scanning file cache for directory 'C:/Users/the13eauty/Documents/GitHub/TheTroubleMakers/Unreal Engine Project/SpeedLimit_UniAzad/Content/Collections/' took 0.00s
[2023.04.22-11.14.29:194][  0]LogOcInput: OculusInput pre-init called
[2023.04.22-11.14.29:519][  0]LogStreaming: Warning: Failed to read file '../../../Engine/Content/Editor/Slate/Niagara/MenuSeparator.png' error.
[2023.04.22-11.14.29:519][  0]LogSlate: Could not find file for Slate resource: ../../../Engine/Content/Editor/Slate/Niagara/MenuSeparator.png
[2023.04.22-11.14.29:519][  0]LogStreaming: Warning: Failed to read file '../../../Engine/Content/Editor/Slate/Niagara/Common/Selector.png' error.
[2023.04.22-11.14.29:519][  0]LogSlate: Could not find file for Slate resource: ../../../Engine/Content/Editor/Slate/Niagara/Common/Selector.png
[2023.04.22-11.14.29:519][  0]LogStreaming: Warning: Failed to read file '../../../Engine/Content/Editor/Slate/Niagara/Common/Selection.png' error.
[2023.04.22-11.14.29:520][  0]LogSlate: Could not find file for Slate resource: ../../../Engine/Content/Editor/Slate/Niagara/Common/Selection.png
[2023.04.22-11.14.29:520][  0]LogStreaming: Warning: Failed to read file '../../../Engine/Content/Editor/Slate/Niagara/Common/DropZoneIndicator_Above.png' error.
[2023.04.22-11.14.29:520][  0]LogSlate: Could not find file for Slate resource: ../../../Engine/Content/Editor/Slate/Niagara/Common/DropZoneIndicator_Above.png
[2023.04.22-11.14.29:520][  0]LogStreaming: Warning: Failed to read file '../../../Engine/Content/Editor/Slate/Niagara/Common/DropZoneIndicator_Below.png' error.
[2023.04.22-11.14.29:520][  0]LogSlate: Could not find file for Slate resource: ../../../Engine/Content/Editor/Slate/Niagara/Common/DropZoneIndicator_Below.png
[2023.04.22-11.14.29:520][  0]LogStreaming: Warning: Failed to read file '../../../Engine/Content/Editor/Slate/Niagara/Common/RoundedSelection_16x.png' error.
[2023.04.22-11.14.29:520][  0]LogSlate: Could not find file for Slate resource: ../../../Engine/Content/Editor/Slate/Niagara/Common/RoundedSelection_16x.png
[2023.04.22-11.14.29:520][  0]LogStreaming: Warning: Failed to read file '../../../Engine/Content/Editor/Slate/Niagara/Common/DropZoneIndicator_Onto.png' error.
[2023.04.22-11.14.29:520][  0]LogStreaming: Warning: Failed to read file '../../../Engine/Content/Editor/Slate/Niagara/Common/FlatButton.png' error.
[2023.04.22-11.14.29:520][  0]LogSlate: Could not find file for Slate resource: ../../../Engine/Content/Editor/Slate/Niagara/Common/DropZoneIndicator_Onto.png
[2023.04.22-11.14.29:520][  0]LogSlate: Could not find file for Slate resource: ../../../Engine/Content/Editor/Slate/Niagara/Common/FlatButton.png
[2023.04.22-11.14.29:520][  0]LogImageWrapper: Warning: PNG Warning: Duplicate iCCP chunk
[2023.04.22-11.14.29:520][  0]LogImageWrapper: Warning: PNG Warning: Duplicate iCCP chunk
[2023.04.22-11.14.29:520][  0]LogEngine: Initializing Engine...
[2023.04.22-11.14.29:571][  0]LogHMD: Failed to enumerate extensions. Please check that you have a valid OpenXR runtime installed.
[2023.04.22-11.14.29:571][  0]LogHMD: Failed to initialize OpenVR with code 110
[2023.04.22-11.14.29:571][  0]LogMagicLeap: Warning: VR disabled because ZI is not enabled.  To enable, in the editor, Edit -> Project Settings -> Plugins -> Magic Leap Plugin -> Enable Zero Iteration
[2023.04.22-11.14.29:574][  0]LogStats: UGameplayTagsManager::InitializeManager -  0.001 s
[2023.04.22-11.14.29:822][  0]LogInit: Initializing FReadOnlyCVARCache
[2023.04.22-11.14.29:858][  0]LogAIModule: Creating AISystem for world Untitled
[2023.04.22-11.14.29:862][  0]LogAudio: Display: Initializing Audio Device Manager...
[2023.04.22-11.14.29:868][  0]LogAudio: Display: Loading Default Audio Settings Objects...
[2023.04.22-11.14.29:872][  0]LogAudio: Display: No default SoundConcurrencyObject specified (or failed to load).
[2023.04.22-11.14.29:873][  0]LogAudio: Display: Audio Device Manager Initialized
[2023.04.22-11.14.29:873][  0]LogAudio: Display: Creating Audio Device:                 Id: 1, Scope: Shared, Realtime: True
[2023.04.22-11.14.29:873][  0]LogAudioMixer: Display: Audio Mixer Platform Settings:
[2023.04.22-11.14.29:873][  0]LogAudioMixer: Display: 	Sample Rate:						  48000
[2023.04.22-11.14.29:873][  0]LogAudioMixer: Display: 	Callback Buffer Frame Size Requested: 1024
[2023.04.22-11.14.29:873][  0]LogAudioMixer: Display: 	Callback Buffer Frame Size To Use:	  1024
[2023.04.22-11.14.29:873][  0]LogAudioMixer: Display: 	Number of buffers to queue:			  2
[2023.04.22-11.14.29:873][  0]LogAudioMixer: Display: 	Max Channels (voices):				  32
[2023.04.22-11.14.29:873][  0]LogAudioMixer: Display: 	Number of Async Source Workers:		  0
[2023.04.22-11.14.29:873][  0]LogAudio: Display: AudioDevice MaxSources: 32
[2023.04.22-11.14.29:874][  0]LogAudio: Display: Audio Spatialization Plugin: None (built-in).
[2023.04.22-11.14.29:874][  0]LogAudio: Display: Audio Reverb Plugin: None (built-in).
[2023.04.22-11.14.29:874][  0]LogAudio: Display: Audio Occlusion Plugin: None (built-in).
[2023.04.22-11.14.29:874][  0]LogAudioMixer: Display: Initializing audio mixer.
[2023.04.22-11.14.29:892][  0]LogAudioMixer: Display: 0: FrontLeft
[2023.04.22-11.14.29:892][  0]LogAudioMixer: Display: 1: FrontRight
[2023.04.22-11.14.29:902][  0]LogAudioMixer: Display: Using Audio Device Speakers (Logitech G633 Gaming Headset)
[2023.04.22-11.14.29:906][  0]LogAudioMixer: Display: Initializing Sound Submixes...
[2023.04.22-11.14.29:923][  0]LogAudioMixer: Display: Creating Master Submix 'MasterSubmixDefault'
[2023.04.22-11.14.29:923][  0]LogAudioMixer: Display: Creating Master Submix 'MasterReverbSubmixDefault'
[2023.04.22-11.14.29:925][  0]LogAudioMixer: Display: Creating Master Submix 'MasterEQSubmixDefault'
[2023.04.22-11.14.29:925][  0]LogAudioMixer: FMixerPlatformXAudio2::StartAudioStream() called
[2023.04.22-11.14.29:925][  0]LogAudioMixer: Display: Output buffers initialized: Frames=1024, Channels=2, Samples=2048
[2023.04.22-11.14.29:926][  0]LogAudioMixer: Display: Starting AudioMixerPlatformInterface::RunInternal()
[2023.04.22-11.14.29:926][  0]LogAudioMixer: Display: FMixerPlatformXAudio2::SubmitBuffer() called for the first time
[2023.04.22-11.14.29:926][  0]LogInit: FAudioDevice initialized.
[2023.04.22-11.14.29:926][  0]LogAudio: Display: Audio Device (ID: 1) registered with world 'Untitled'.
[2023.04.22-11.14.29:927][  0]LogNetVersion: Set ProjectVersion to 1.0.0.0. Version Checksum will be recalculated on next use.
[2023.04.22-11.14.30:351][  0]LogDerivedDataCache: Saved boot cache 0.42s 95MB C:/Users/the13eauty/AppData/Local/UnrealEngine/4.27/DerivedDataCache/Boot.ddc.
[2023.04.22-11.14.30:351][  0]LogInit: Texture streaming: Enabled
[2023.04.22-11.14.30:370][  0]LogAnalytics: Display: [UEEditor.Rocket.Release] APIServer = https://datarouter.ol.epicgames.com/. AppVersion = 4.27.0-17155196+++UE4+Release-4.27
[2023.04.22-11.14.30:373][  0]LogEngineSessionManager: EngineSessionManager initialized
[2023.04.22-11.14.30:373][  0]LogEditorSessionSummary: Verbose: Initializing EditorSessionSummaryWriter for editor session tracking
[2023.04.22-11.14.30:376][  0]LogEditorSessionSummary: EditorSessionSummaryWriter initialized
[2023.04.22-11.14.30:411][  0]LogInit: Transaction tracking system initialized
[2023.04.22-11.14.30:461][  0]BlueprintLog: New page: Editor Load
[2023.04.22-11.14.30:820][  0]LocalizationService: Localization service is disabled
[2023.04.22-11.14.30:883][  0]TimingProfiler: Initialize
[2023.04.22-11.14.30:884][  0]TimingProfiler: OnSessionChanged
[2023.04.22-11.14.30:884][  0]LoadingProfiler: Initialize
[2023.04.22-11.14.30:885][  0]LoadingProfiler: OnSessionChanged
[2023.04.22-11.14.30:885][  0]NetworkingProfiler: Initialize
[2023.04.22-11.14.30:885][  0]NetworkingProfiler: OnSessionChanged
[2023.04.22-11.14.30:885][  0]MemoryProfiler: Initialize
[2023.04.22-11.14.30:885][  0]MemoryProfiler: OnSessionChanged
[2023.04.22-11.14.30:993][  0]LogVSAccessor: Display: Unable to create Visual Studio setup instance: 80040154
[2023.04.22-11.14.30:994][  0]LogVSAccessor: Display: Unable to create Visual Studio setup instance: 80040154
[2023.04.22-11.14.30:994][  0]LogVSAccessor: Display: Unable to create Visual Studio setup instance: 80040154
[2023.04.22-11.14.31:259][  0]LogCook: Display: CookSettings for Memory: MemoryMaxUsedVirtual 0MiB, MemoryMaxUsedPhysical 16384MiB, MemoryMinFreeVirtual 0MiB, MemoryMinFreePhysical 1024MiB
[2023.04.22-11.14.31:259][  0]LogCook: Display: Mobile HDR setting 1
[2023.04.22-11.14.31:581][  0]LogFileCache: Scanning file cache for directory 'C:/Users/the13eauty/Documents/GitHub/TheTroubleMakers/Unreal Engine Project/SpeedLimit_UniAzad/Content/' took 0.00s
[2023.04.22-11.14.31:737][  0]LogStreaming: Warning: Failed to read file '../../../Engine/Content/Editor/Slate/Niagara/MenuSeparator.png' error.
[2023.04.22-11.14.31:737][  0]LogSlate: Could not find file for Slate resource: ../../../Engine/Content/Editor/Slate/Niagara/MenuSeparator.png
[2023.04.22-11.14.31:737][  0]LogStreaming: Warning: Failed to read file '../../../Engine/Content/Editor/Slate/Niagara/Common/Selector.png' error.
[2023.04.22-11.14.31:737][  0]LogSlate: Could not find file for Slate resource: ../../../Engine/Content/Editor/Slate/Niagara/Common/Selector.png
[2023.04.22-11.14.31:737][  0]LogStreaming: Warning: Failed to read file '../../../Engine/Content/Editor/Slate/Niagara/Common/Selection.png' error.
[2023.04.22-11.14.31:737][  0]LogSlate: Could not find file for Slate resource: ../../../Engine/Content/Editor/Slate/Niagara/Common/Selection.png
[2023.04.22-11.14.31:737][  0]LogStreaming: Warning: Failed to read file '../../../Engine/Content/Editor/Slate/Niagara/Common/DropZoneIndicator_Onto.png' error.
[2023.04.22-11.14.31:737][  0]LogSlate: Could not find file for Slate resource: ../../../Engine/Content/Editor/Slate/Niagara/Common/DropZoneIndicator_Onto.png
[2023.04.22-11.14.31:737][  0]LogStreaming: Warning: Failed to read file '../../../Engine/Content/Editor/Slate/Niagara/Common/DropZoneIndicator_Below.png' error.
[2023.04.22-11.14.31:737][  0]LogSlate: Could not find file for Slate resource: ../../../Engine/Content/Editor/Slate/Niagara/Common/DropZoneIndicator_Below.png
[2023.04.22-11.14.31:737][  0]LogImageWrapper: Warning: PNG Warning: Duplicate iCCP chunk
[2023.04.22-11.14.31:737][  0]LogStreaming: Warning: Failed to read file '../../../Engine/Content/Editor/Slate/Niagara/Common/RoundedSelection_16x.png' error.
[2023.04.22-11.14.31:737][  0]LogSlate: Could not find file for Slate resource: ../../../Engine/Content/Editor/Slate/Niagara/Common/RoundedSelection_16x.png
[2023.04.22-11.14.31:737][  0]LogStreaming: Warning: Failed to read file '../../../Engine/Content/Editor/Slate/Niagara/Common/DropZoneIndicator_Above.png' error.
[2023.04.22-11.14.31:737][  0]LogStreaming: Warning: Failed to read file '../../../Engine/Content/Editor/Slate/Niagara/Common/FlatButton.png' error.
[2023.04.22-11.14.31:737][  0]LogSlate: Could not find file for Slate resource: ../../../Engine/Content/Editor/Slate/Niagara/Common/DropZoneIndicator_Above.png
[2023.04.22-11.14.31:737][  0]LogSlate: Could not find file for Slate resource: ../../../Engine/Content/Editor/Slate/Niagara/Common/FlatButton.png
[2023.04.22-11.14.31:737][  0]LogImageWrapper: Warning: PNG Warning: Duplicate iCCP chunk
[2023.04.22-11.14.31:737][  0]LogInit: Display: Engine is initialized. Leaving FEngineLoop::Init()
[2023.04.22-11.14.31:745][  0]SourceControl: Source control is disabled
[2023.04.22-11.14.31:745][  0]LogUnrealEdMisc: Loading editor; pre map load, took 13.437
[2023.04.22-11.14.31:746][  0]LightingResults: New page: Lighting Build
[2023.04.22-11.14.31:751][  0]LogWorld: UWorld::CleanupWorld for Untitled, bSessionEnded=true, bCleanupResources=true
[2023.04.22-11.14.31:752][  0]LogSlate: InvalidateAllWidgets triggered.  All widgets were invalidated
[2023.04.22-11.14.31:753][  0]MapCheck: New page: Map Check
[2023.04.22-11.14.31:753][  0]LightingResults: New page: Lighting Build
[2023.04.22-11.14.31:760][  0]LogAudio: Display: Audio Device unregistered from world 'None'.
[2023.04.22-11.14.31:765][  0]LogUObjectHash: Compacting FUObjectHashTables data took   0.79ms
[2023.04.22-11.14.31:841][  0]LogLinker: Warning: [AssetLog] C:\Users\the13eauty\Documents\GitHub\TheTroubleMakers\Unreal Engine Project\SpeedLimit_UniAzad\Content\StarterContent\Maps\Minimal_Default.umap: Failed to load '/Game/StarterContent/Maps/Minimal_Default_BuiltData': Can't find file.
[2023.04.22-11.14.31:841][  0]LogLinker: Warning: [AssetLog] C:\Users\the13eauty\Documents\GitHub\TheTroubleMakers\Unreal Engine Project\SpeedLimit_UniAzad\Content\StarterContent\Maps\Minimal_Default.umap: Failed to load '/Game/StarterContent/Maps/Minimal_Default_BuiltData': Can't find file.
[2023.04.22-11.14.31:848][  0]LogLinker: Warning: [AssetLog] C:\Users\the13eauty\Documents\GitHub\TheTroubleMakers\Unreal Engine Project\SpeedLimit_UniAzad\Content\StarterContent\Maps\Minimal_Default.umap: Failed to load '/Game/StarterContent/Maps/Minimal_Default_BuiltData': Can't find file.
[2023.04.22-11.14.31:850][  0]LogLinker: Warning: Failed to load '/Game/StarterContent/Maps/Minimal_Default_BuiltData': Can't find file.
[2023.04.22-11.14.31:851][  0]LogLinker: Warning: Failed to load '/Game/StarterContent/Maps/Minimal_Default_BuiltData': Can't find file.
[2023.04.22-11.14.31:953][  0]LogLinker: Warning: [AssetLog] C:\Users\the13eauty\Documents\GitHub\TheTroubleMakers\Unreal Engine Project\SpeedLimit_UniAzad\Content\StarterContent\Maps\Minimal_Default.umap: Failed to load '/Game/StarterContent/Maps/Minimal_Default_BuiltData': Can't find file.
[2023.04.22-11.14.31:953][  0]LoadErrors: Failed to load /Game/StarterContent/Maps/Minimal_Default_BuiltData.Minimal_Default_BuiltData Referenced by PersistentLevel
[2023.04.22-11.14.32:031][  0]LogAudio: Display: Audio Device (ID: 1) registered with world 'Minimal_Default'.
[2023.04.22-11.14.32:033][  0]LogAIModule: Creating AISystem for world Minimal_Default
[2023.04.22-11.14.32:055][  0]LogEditorServer: Finished looking for orphan Actors (0.000 secs)
[2023.04.22-11.14.32:066][  0]LogUObjectHash: Compacting FUObjectHashTables data took   0.80ms
[2023.04.22-11.14.32:067][  0]Cmd: MAP CHECKDEP NOCLEARLOG
[2023.04.22-11.14.32:067][  0]MapCheck: Map check complete: 0 Error(s), 0 Warning(s), took 0.289ms to complete.
[2023.04.22-11.14.32:067][  0]LogFileHelpers: Loading map 'Minimal_Default' took 0.322
[2023.04.22-11.14.32:088][  0]LogUnrealEdMisc: Total Editor Startup Time, took 13.781
[2023.04.22-11.14.32:241][  0]LogSlate: Updating window title bar state: overlay mode, drag disabled, window buttons hidden, title bar hidden
[2023.04.22-11.14.32:252][  0]LogSlate: Updating window title bar state: overlay mode, drag disabled, window buttons hidden, title bar hidden
[2023.04.22-11.14.32:262][  0]LogSlate: Updating window title bar state: overlay mode, drag disabled, window buttons hidden, title bar hidden
[2023.04.22-11.14.32:271][  0]LogSlate: Updating window title bar state: overlay mode, drag disabled, window buttons hidden, title bar hidden
[2023.04.22-11.14.32:307][  0]LogNativeClassHierarchy: Verbose: Native class hierarchy populated in 0.0122 seconds. Added 3822 classes and 928 folders.
[2023.04.22-11.14.32:314][  0]LogNativeClassHierarchy: Verbose: Native class hierarchy updated for 'WidgetCarousel' in 0.0003 seconds. Added 0 classes and 0 folders.
[2023.04.22-11.14.32:325][  0]LogPakFile: PakFile PrimaryIndexSize=187
[2023.04.22-11.14.32:325][  0]LogPakFile: PakFile PathHashIndexSize=101
[2023.04.22-11.14.32:325][  0]LogPakFile: PakFile FullDirectoryIndexSize=148
[2023.04.22-11.14.32:325][  0]LogShaderLibrary: Display: ShaderCodeLibraryPakFileMountedCallback: PakFile 'C:/Unreal Engine v4.27 Compiled/FeaturePacks/FP_FirstPerson.upack' (chunk index -1, root 'root:/') mounted
[2023.04.22-11.14.32:325][  0]LogShaderLibrary: Display: ShaderCodeLibraryPakFileMountedCallback: pending pak file info (ChunkID:-1 Root:root:/ File:C:/Unreal Engine v4.27 Compiled/FeaturePacks/FP_FirstPerson.upack)
[2023.04.22-11.14.32:325][  0]LogPakFile: OnPakFileMounted2Time == 0.000047
[2023.04.22-11.14.32:333][  0]LogPakFile: PakFile PrimaryIndexSize=189
[2023.04.22-11.14.32:333][  0]LogPakFile: PakFile PathHashIndexSize=101
[2023.04.22-11.14.32:333][  0]LogPakFile: PakFile FullDirectoryIndexSize=152
[2023.04.22-11.14.32:333][  0]LogShaderLibrary: Display: ShaderCodeLibraryPakFileMountedCallback: PakFile 'C:/Unreal Engine v4.27 Compiled/FeaturePacks/FP_FirstPersonBP.upack' (chunk index -1, root 'root:/') mounted
[2023.04.22-11.14.32:333][  0]LogShaderLibrary: Display: ShaderCodeLibraryPakFileMountedCallback: pending pak file info (ChunkID:-1 Root:root:/ File:C:/Unreal Engine v4.27 Compiled/FeaturePacks/FP_FirstPersonBP.upack)
[2023.04.22-11.14.32:333][  0]LogPakFile: OnPakFileMounted2Time == 0.000039
[2023.04.22-11.14.32:339][  0]LogPakFile: PakFile PrimaryIndexSize=191
[2023.04.22-11.14.32:339][  0]LogPakFile: PakFile PathHashIndexSize=101
[2023.04.22-11.14.32:339][  0]LogPakFile: PakFile FullDirectoryIndexSize=160
[2023.04.22-11.14.32:339][  0]LogShaderLibrary: Display: ShaderCodeLibraryPakFileMountedCallback: PakFile 'C:/Unreal Engine v4.27 Compiled/FeaturePacks/MobileStarterContent.upack' (chunk index -1, root 'root:/') mounted
[2023.04.22-11.14.32:339][  0]LogShaderLibrary: Display: ShaderCodeLibraryPakFileMountedCallback: pending pak file info (ChunkID:-1 Root:root:/ File:C:/Unreal Engine v4.27 Compiled/FeaturePacks/MobileStarterContent.upack)
[2023.04.22-11.14.32:339][  0]LogPakFile: OnPakFileMounted2Time == 0.000034
[2023.04.22-11.14.32:344][  0]LogPakFile: PakFile PrimaryIndexSize=185
[2023.04.22-11.14.32:344][  0]LogPakFile: PakFile PathHashIndexSize=101
[2023.04.22-11.14.32:344][  0]LogPakFile: PakFile FullDirectoryIndexSize=148
[2023.04.22-11.14.32:344][  0]LogShaderLibrary: Display: ShaderCodeLibraryPakFileMountedCallback: PakFile 'C:/Unreal Engine v4.27 Compiled/FeaturePacks/StarterContent.upack' (chunk index -1, root 'root:/') mounted
[2023.04.22-11.14.32:344][  0]LogShaderLibrary: Display: ShaderCodeLibraryPakFileMountedCallback: pending pak file info (ChunkID:-1 Root:root:/ File:C:/Unreal Engine v4.27 Compiled/FeaturePacks/StarterContent.upack)
[2023.04.22-11.14.32:344][  0]LogPakFile: OnPakFileMounted2Time == 0.000049
[2023.04.22-11.14.32:350][  0]LogPakFile: PakFile PrimaryIndexSize=190
[2023.04.22-11.14.32:350][  0]LogPakFile: PakFile PathHashIndexSize=101
[2023.04.22-11.14.32:350][  0]LogPakFile: PakFile FullDirectoryIndexSize=154
[2023.04.22-11.14.32:350][  0]LogShaderLibrary: Display: ShaderCodeLibraryPakFileMountedCallback: PakFile 'C:/Unreal Engine v4.27 Compiled/FeaturePacks/TP_2DSideScroller.upack' (chunk index -1, root 'root:/') mounted
[2023.04.22-11.14.32:350][  0]LogShaderLibrary: Display: ShaderCodeLibraryPakFileMountedCallback: pending pak file info (ChunkID:-1 Root:root:/ File:C:/Unreal Engine v4.27 Compiled/FeaturePacks/TP_2DSideScroller.upack)
[2023.04.22-11.14.32:350][  0]LogPakFile: OnPakFileMounted2Time == 0.000185
[2023.04.22-11.14.32:355][  0]LogPakFile: PakFile PrimaryIndexSize=192
[2023.04.22-11.14.32:355][  0]LogPakFile: PakFile PathHashIndexSize=101
[2023.04.22-11.14.32:355][  0]LogPakFile: PakFile FullDirectoryIndexSize=158
[2023.04.22-11.14.32:355][  0]LogShaderLibrary: Display: ShaderCodeLibraryPakFileMountedCallback: PakFile 'C:/Unreal Engine v4.27 Compiled/FeaturePacks/TP_2DSideScrollerBP.upack' (chunk index -1, root 'root:/') mounted
[2023.04.22-11.14.32:355][  0]LogShaderLibrary: Display: ShaderCodeLibraryPakFileMountedCallback: pending pak file info (ChunkID:-1 Root:root:/ File:C:/Unreal Engine v4.27 Compiled/FeaturePacks/TP_2DSideScrollerBP.upack)
[2023.04.22-11.14.32:355][  0]LogPakFile: OnPakFileMounted2Time == 0.000035
[2023.04.22-11.14.32:359][  0]LogPakFile: PakFile PrimaryIndexSize=182
[2023.04.22-11.14.32:359][  0]LogPakFile: PakFile PathHashIndexSize=101
[2023.04.22-11.14.32:359][  0]LogPakFile: PakFile FullDirectoryIndexSize=138
[2023.04.22-11.14.32:359][  0]LogShaderLibrary: Display: ShaderCodeLibraryPakFileMountedCallback: PakFile 'C:/Unreal Engine v4.27 Compiled/FeaturePacks/TP_Flying.upack' (chunk index -1, root 'root:/') mounted
[2023.04.22-11.14.32:359][  0]LogShaderLibrary: Display: ShaderCodeLibraryPakFileMountedCallback: pending pak file info (ChunkID:-1 Root:root:/ File:C:/Unreal Engine v4.27 Compiled/FeaturePacks/TP_Flying.upack)
[2023.04.22-11.14.32:359][  0]LogPakFile: OnPakFileMounted2Time == 0.000033
[2023.04.22-11.14.32:365][  0]LogPakFile: PakFile PrimaryIndexSize=184
[2023.04.22-11.14.32:366][  0]LogPakFile: PakFile PathHashIndexSize=101
[2023.04.22-11.14.32:366][  0]LogPakFile: PakFile FullDirectoryIndexSize=142
[2023.04.22-11.14.32:366][  0]LogShaderLibrary: Display: ShaderCodeLibraryPakFileMountedCallback: PakFile 'C:/Unreal Engine v4.27 Compiled/FeaturePacks/TP_FlyingBP.upack' (chunk index -1, root 'root:/') mounted
[2023.04.22-11.14.32:366][  0]LogShaderLibrary: Display: ShaderCodeLibraryPakFileMountedCallback: pending pak file info (ChunkID:-1 Root:root:/ File:C:/Unreal Engine v4.27 Compiled/FeaturePacks/TP_FlyingBP.upack)
[2023.04.22-11.14.32:366][  0]LogPakFile: OnPakFileMounted2Time == 0.000036
[2023.04.22-11.14.32:371][  0]LogPakFile: PakFile PrimaryIndexSize=188
[2023.04.22-11.14.32:371][  0]LogPakFile: PakFile PathHashIndexSize=101
[2023.04.22-11.14.32:371][  0]LogPakFile: PakFile FullDirectoryIndexSize=150
[2023.04.22-11.14.32:371][  0]LogShaderLibrary: Display: ShaderCodeLibraryPakFileMountedCallback: PakFile 'C:/Unreal Engine v4.27 Compiled/FeaturePacks/TP_HandheldARBP.upack' (chunk index -1, root 'root:/') mounted
[2023.04.22-11.14.32:371][  0]LogShaderLibrary: Display: ShaderCodeLibraryPakFileMountedCallback: pending pak file info (ChunkID:-1 Root:root:/ File:C:/Unreal Engine v4.27 Compiled/FeaturePacks/TP_HandheldARBP.upack)
[2023.04.22-11.14.32:371][  0]LogPakFile: OnPakFileMounted2Time == 0.000034
[2023.04.22-11.14.32:377][  0]LogPakFile: PakFile PrimaryIndexSize=182
[2023.04.22-11.14.32:377][  0]LogPakFile: PakFile PathHashIndexSize=101
[2023.04.22-11.14.32:377][  0]LogPakFile: PakFile FullDirectoryIndexSize=138
[2023.04.22-11.14.32:377][  0]LogShaderLibrary: Display: ShaderCodeLibraryPakFileMountedCallback: PakFile 'C:/Unreal Engine v4.27 Compiled/FeaturePacks/TP_Puzzle.upack' (chunk index -1, root 'root:/') mounted
[2023.04.22-11.14.32:377][  0]LogShaderLibrary: Display: ShaderCodeLibraryPakFileMountedCallback: pending pak file info (ChunkID:-1 Root:root:/ File:C:/Unreal Engine v4.27 Compiled/FeaturePacks/TP_Puzzle.upack)
[2023.04.22-11.14.32:377][  0]LogPakFile: OnPakFileMounted2Time == 0.000033
[2023.04.22-11.14.32:383][  0]LogPakFile: PakFile PrimaryIndexSize=184
[2023.04.22-11.14.32:383][  0]LogPakFile: PakFile PathHashIndexSize=101
[2023.04.22-11.14.32:383][  0]LogPakFile: PakFile FullDirectoryIndexSize=142
[2023.04.22-11.14.32:383][  0]LogShaderLibrary: Display: ShaderCodeLibraryPakFileMountedCallback: PakFile 'C:/Unreal Engine v4.27 Compiled/FeaturePacks/TP_PuzzleBP.upack' (chunk index -1, root 'root:/') mounted
[2023.04.22-11.14.32:383][  0]LogShaderLibrary: Display: ShaderCodeLibraryPakFileMountedCallback: pending pak file info (ChunkID:-1 Root:root:/ File:C:/Unreal Engine v4.27 Compiled/FeaturePacks/TP_PuzzleBP.upack)
[2023.04.22-11.14.32:383][  0]LogPakFile: OnPakFileMounted2Time == 0.000040
[2023.04.22-11.14.32:389][  0]LogPakFile: PakFile PrimaryIndexSize=183
[2023.04.22-11.14.32:389][  0]LogPakFile: PakFile PathHashIndexSize=101
[2023.04.22-11.14.32:389][  0]LogPakFile: PakFile FullDirectoryIndexSize=140
[2023.04.22-11.14.32:389][  0]LogShaderLibrary: Display: ShaderCodeLibraryPakFileMountedCallback: PakFile 'C:/Unreal Engine v4.27 Compiled/FeaturePacks/TP_Rolling.upack' (chunk index -1, root 'root:/') mounted
[2023.04.22-11.14.32:389][  0]LogShaderLibrary: Display: ShaderCodeLibraryPakFileMountedCallback: pending pak file info (ChunkID:-1 Root:root:/ File:C:/Unreal Engine v4.27 Compiled/FeaturePacks/TP_Rolling.upack)
[2023.04.22-11.14.32:389][  0]LogPakFile: OnPakFileMounted2Time == 0.000034
[2023.04.22-11.14.32:394][  0]LogPakFile: PakFile PrimaryIndexSize=185
[2023.04.22-11.14.32:394][  0]LogPakFile: PakFile PathHashIndexSize=101
[2023.04.22-11.14.32:394][  0]LogPakFile: PakFile FullDirectoryIndexSize=144
[2023.04.22-11.14.32:394][  0]LogShaderLibrary: Display: ShaderCodeLibraryPakFileMountedCallback: PakFile 'C:/Unreal Engine v4.27 Compiled/FeaturePacks/TP_RollingBP.upack' (chunk index -1, root 'root:/') mounted
[2023.04.22-11.14.32:394][  0]LogShaderLibrary: Display: ShaderCodeLibraryPakFileMountedCallback: pending pak file info (ChunkID:-1 Root:root:/ File:C:/Unreal Engine v4.27 Compiled/FeaturePacks/TP_RollingBP.upack)
[2023.04.22-11.14.32:394][  0]LogPakFile: OnPakFileMounted2Time == 0.000033
[2023.04.22-11.14.32:398][  0]LogPakFile: PakFile PrimaryIndexSize=188
[2023.04.22-11.14.32:399][  0]LogPakFile: PakFile PathHashIndexSize=101
[2023.04.22-11.14.32:399][  0]LogPakFile: PakFile FullDirectoryIndexSize=150
[2023.04.22-11.14.32:399][  0]LogShaderLibrary: Display: ShaderCodeLibraryPakFileMountedCallback: PakFile 'C:/Unreal Engine v4.27 Compiled/FeaturePacks/TP_SideScroller.upack' (chunk index -1, root 'root:/') mounted
[2023.04.22-11.14.32:399][  0]LogShaderLibrary: Display: ShaderCodeLibraryPakFileMountedCallback: pending pak file info (ChunkID:-1 Root:root:/ File:C:/Unreal Engine v4.27 Compiled/FeaturePacks/TP_SideScroller.upack)
[2023.04.22-11.14.32:399][  0]LogPakFile: OnPakFileMounted2Time == 0.000038
[2023.04.22-11.14.32:403][  0]LogPakFile: PakFile PrimaryIndexSize=190
[2023.04.22-11.14.32:403][  0]LogPakFile: PakFile PathHashIndexSize=101
[2023.04.22-11.14.32:403][  0]LogPakFile: PakFile FullDirectoryIndexSize=154
[2023.04.22-11.14.32:403][  0]LogShaderLibrary: Display: ShaderCodeLibraryPakFileMountedCallback: PakFile 'C:/Unreal Engine v4.27 Compiled/FeaturePacks/TP_SideScrollerBP.upack' (chunk index -1, root 'root:/') mounted
[2023.04.22-11.14.32:403][  0]LogShaderLibrary: Display: ShaderCodeLibraryPakFileMountedCallback: pending pak file info (ChunkID:-1 Root:root:/ File:C:/Unreal Engine v4.27 Compiled/FeaturePacks/TP_SideScrollerBP.upack)
[2023.04.22-11.14.32:403][  0]LogPakFile: OnPakFileMounted2Time == 0.000043
[2023.04.22-11.14.32:409][  0]LogPakFile: PakFile PrimaryIndexSize=187
[2023.04.22-11.14.32:409][  0]LogPakFile: PakFile PathHashIndexSize=101
[2023.04.22-11.14.32:409][  0]LogPakFile: PakFile FullDirectoryIndexSize=148
[2023.04.22-11.14.32:409][  0]LogShaderLibrary: Display: ShaderCodeLibraryPakFileMountedCallback: PakFile 'C:/Unreal Engine v4.27 Compiled/FeaturePacks/TP_ThirdPerson.upack' (chunk index -1, root 'root:/') mounted
[2023.04.22-11.14.32:409][  0]LogShaderLibrary: Display: ShaderCodeLibraryPakFileMountedCallback: pending pak file info (ChunkID:-1 Root:root:/ File:C:/Unreal Engine v4.27 Compiled/FeaturePacks/TP_ThirdPerson.upack)
[2023.04.22-11.14.32:409][  0]LogPakFile: OnPakFileMounted2Time == 0.000035
[2023.04.22-11.14.32:414][  0]LogPakFile: PakFile PrimaryIndexSize=189
[2023.04.22-11.14.32:414][  0]LogPakFile: PakFile PathHashIndexSize=101
[2023.04.22-11.14.32:414][  0]LogPakFile: PakFile FullDirectoryIndexSize=152
[2023.04.22-11.14.32:414][  0]LogShaderLibrary: Display: ShaderCodeLibraryPakFileMountedCallback: PakFile 'C:/Unreal Engine v4.27 Compiled/FeaturePacks/TP_ThirdPersonBP.upack' (chunk index -1, root 'root:/') mounted
[2023.04.22-11.14.32:414][  0]LogShaderLibrary: Display: ShaderCodeLibraryPakFileMountedCallback: pending pak file info (ChunkID:-1 Root:root:/ File:C:/Unreal Engine v4.27 Compiled/FeaturePacks/TP_ThirdPersonBP.upack)
[2023.04.22-11.14.32:414][  0]LogPakFile: OnPakFileMounted2Time == 0.000035
[2023.04.22-11.14.32:420][  0]LogPakFile: PakFile PrimaryIndexSize=183
[2023.04.22-11.14.32:420][  0]LogPakFile: PakFile PathHashIndexSize=101
[2023.04.22-11.14.32:420][  0]LogPakFile: PakFile FullDirectoryIndexSize=140
[2023.04.22-11.14.32:420][  0]LogShaderLibrary: Display: ShaderCodeLibraryPakFileMountedCallback: PakFile 'C:/Unreal Engine v4.27 Compiled/FeaturePacks/TP_TopDown.upack' (chunk index -1, root 'root:/') mounted
[2023.04.22-11.14.32:420][  0]LogShaderLibrary: Display: ShaderCodeLibraryPakFileMountedCallback: pending pak file info (ChunkID:-1 Root:root:/ File:C:/Unreal Engine v4.27 Compiled/FeaturePacks/TP_TopDown.upack)
[2023.04.22-11.14.32:420][  0]LogPakFile: OnPakFileMounted2Time == 0.000041
[2023.04.22-11.14.32:425][  0]LogPakFile: PakFile PrimaryIndexSize=185
[2023.04.22-11.14.32:425][  0]LogPakFile: PakFile PathHashIndexSize=101
[2023.04.22-11.14.32:425][  0]LogPakFile: PakFile FullDirectoryIndexSize=144
[2023.04.22-11.14.32:425][  0]LogShaderLibrary: Display: ShaderCodeLibraryPakFileMountedCallback: PakFile 'C:/Unreal Engine v4.27 Compiled/FeaturePacks/TP_TopDownBP.upack' (chunk index -1, root 'root:/') mounted
[2023.04.22-11.14.32:425][  0]LogShaderLibrary: Display: ShaderCodeLibraryPakFileMountedCallback: pending pak file info (ChunkID:-1 Root:root:/ File:C:/Unreal Engine v4.27 Compiled/FeaturePacks/TP_TopDownBP.upack)
[2023.04.22-11.14.32:425][  0]LogPakFile: OnPakFileMounted2Time == 0.000035
[2023.04.22-11.14.32:433][  0]LogPakFile: PakFile PrimaryIndexSize=185
[2023.04.22-11.14.32:433][  0]LogPakFile: PakFile PathHashIndexSize=101
[2023.04.22-11.14.32:433][  0]LogPakFile: PakFile FullDirectoryIndexSize=144
[2023.04.22-11.14.32:433][  0]LogShaderLibrary: Display: ShaderCodeLibraryPakFileMountedCallback: PakFile 'C:/Unreal Engine v4.27 Compiled/FeaturePacks/TP_TwinStick.upack' (chunk index -1, root 'root:/') mounted
[2023.04.22-11.14.32:433][  0]LogShaderLibrary: Display: ShaderCodeLibraryPakFileMountedCallback: pending pak file info (ChunkID:-1 Root:root:/ File:C:/Unreal Engine v4.27 Compiled/FeaturePacks/TP_TwinStick.upack)
[2023.04.22-11.14.32:433][  0]LogPakFile: OnPakFileMounted2Time == 0.000036
[2023.04.22-11.14.32:439][  0]LogPakFile: PakFile PrimaryIndexSize=187
[2023.04.22-11.14.32:439][  0]LogPakFile: PakFile PathHashIndexSize=101
[2023.04.22-11.14.32:439][  0]LogPakFile: PakFile FullDirectoryIndexSize=148
[2023.04.22-11.14.32:439][  0]LogShaderLibrary: Display: ShaderCodeLibraryPakFileMountedCallback: PakFile 'C:/Unreal Engine v4.27 Compiled/FeaturePacks/TP_TwinStickBP.upack' (chunk index -1, root 'root:/') mounted
[2023.04.22-11.14.32:439][  0]LogShaderLibrary: Display: ShaderCodeLibraryPakFileMountedCallback: pending pak file info (ChunkID:-1 Root:root:/ File:C:/Unreal Engine v4.27 Compiled/FeaturePacks/TP_TwinStickBP.upack)
[2023.04.22-11.14.32:439][  0]LogPakFile: OnPakFileMounted2Time == 0.000036
[2023.04.22-11.14.32:444][  0]LogPakFile: PakFile PrimaryIndexSize=183
[2023.04.22-11.14.32:444][  0]LogPakFile: PakFile PathHashIndexSize=101
[2023.04.22-11.14.32:444][  0]LogPakFile: PakFile FullDirectoryIndexSize=140
[2023.04.22-11.14.32:444][  0]LogShaderLibrary: Display: ShaderCodeLibraryPakFileMountedCallback: PakFile 'C:/Unreal Engine v4.27 Compiled/FeaturePacks/TP_Vehicle.upack' (chunk index -1, root 'root:/') mounted
[2023.04.22-11.14.32:444][  0]LogShaderLibrary: Display: ShaderCodeLibraryPakFileMountedCallback: pending pak file info (ChunkID:-1 Root:root:/ File:C:/Unreal Engine v4.27 Compiled/FeaturePacks/TP_Vehicle.upack)
[2023.04.22-11.14.32:444][  0]LogPakFile: OnPakFileMounted2Time == 0.000050
[2023.04.22-11.14.32:450][  0]LogPakFile: PakFile PrimaryIndexSize=186
[2023.04.22-11.14.32:450][  0]LogPakFile: PakFile PathHashIndexSize=101
[2023.04.22-11.14.32:450][  0]LogPakFile: PakFile FullDirectoryIndexSize=146
[2023.04.22-11.14.32:450][  0]LogShaderLibrary: Display: ShaderCodeLibraryPakFileMountedCallback: PakFile 'C:/Unreal Engine v4.27 Compiled/FeaturePacks/TP_VehicleAdv.upack' (chunk index -1, root 'root:/') mounted
[2023.04.22-11.14.32:450][  0]LogShaderLibrary: Display: ShaderCodeLibraryPakFileMountedCallback: pending pak file info (ChunkID:-1 Root:root:/ File:C:/Unreal Engine v4.27 Compiled/FeaturePacks/TP_VehicleAdv.upack)
[2023.04.22-11.14.32:450][  0]LogPakFile: OnPakFileMounted2Time == 0.000035
[2023.04.22-11.14.32:455][  0]LogPakFile: PakFile PrimaryIndexSize=188
[2023.04.22-11.14.32:455][  0]LogPakFile: PakFile PathHashIndexSize=101
[2023.04.22-11.14.32:455][  0]LogPakFile: PakFile FullDirectoryIndexSize=150
[2023.04.22-11.14.32:455][  0]LogShaderLibrary: Display: ShaderCodeLibraryPakFileMountedCallback: PakFile 'C:/Unreal Engine v4.27 Compiled/FeaturePacks/TP_VehicleAdvBP.upack' (chunk index -1, root 'root:/') mounted
[2023.04.22-11.14.32:455][  0]LogShaderLibrary: Display: ShaderCodeLibraryPakFileMountedCallback: pending pak file info (ChunkID:-1 Root:root:/ File:C:/Unreal Engine v4.27 Compiled/FeaturePacks/TP_VehicleAdvBP.upack)
[2023.04.22-11.14.32:455][  0]LogPakFile: OnPakFileMounted2Time == 0.000035
[2023.04.22-11.14.32:460][  0]LogPakFile: PakFile PrimaryIndexSize=185
[2023.04.22-11.14.32:460][  0]LogPakFile: PakFile PathHashIndexSize=101
[2023.04.22-11.14.32:460][  0]LogPakFile: PakFile FullDirectoryIndexSize=144
[2023.04.22-11.14.32:460][  0]LogShaderLibrary: Display: ShaderCodeLibraryPakFileMountedCallback: PakFile 'C:/Unreal Engine v4.27 Compiled/FeaturePacks/TP_VehicleBP.upack' (chunk index -1, root 'root:/') mounted
[2023.04.22-11.14.32:460][  0]LogShaderLibrary: Display: ShaderCodeLibraryPakFileMountedCallback: pending pak file info (ChunkID:-1 Root:root:/ File:C:/Unreal Engine v4.27 Compiled/FeaturePacks/TP_VehicleBP.upack)
[2023.04.22-11.14.32:460][  0]LogPakFile: OnPakFileMounted2Time == 0.000047
[2023.04.22-11.14.32:466][  0]LogPakFile: PakFile PrimaryIndexSize=192
[2023.04.22-11.14.32:466][  0]LogPakFile: PakFile PathHashIndexSize=101
[2023.04.22-11.14.32:466][  0]LogPakFile: PakFile FullDirectoryIndexSize=158
[2023.04.22-11.14.32:466][  0]LogShaderLibrary: Display: ShaderCodeLibraryPakFileMountedCallback: PakFile 'C:/Unreal Engine v4.27 Compiled/FeaturePacks/TP_VirtualRealityBP.upack' (chunk index -1, root 'root:/') mounted
[2023.04.22-11.14.32:466][  0]LogShaderLibrary: Display: ShaderCodeLibraryPakFileMountedCallback: pending pak file info (ChunkID:-1 Root:root:/ File:C:/Unreal Engine v4.27 Compiled/FeaturePacks/TP_VirtualRealityBP.upack)
[2023.04.22-11.14.32:466][  0]LogPakFile: OnPakFileMounted2Time == 0.000034
[2023.04.22-11.14.32:563][  0]LogNativeClassHierarchy: Verbose: Native class hierarchy updated for 'AddContentDialog' in 0.0003 seconds. Added 0 classes and 0 folders.
[2023.04.22-11.14.32:568][  0]LogNativeClassHierarchy: Verbose: Native class hierarchy updated for 'SceneOutliner' in 0.0003 seconds. Added 2 classes and 0 folders.
[2023.04.22-11.14.32:628][  0]LogSlate: Took 0.000771 seconds to synchronously load lazily loaded font '../../../Engine/Content/Slate/Fonts/Roboto-Regular.ttf' (155K)
[2023.04.22-11.14.32:635][  0]LogSlate: Took 0.004686 seconds to synchronously load lazily loaded font '../../../Engine/Content/Editor/Slate/Fonts/FontAwesome.ttf' (139K)
[2023.04.22-11.14.32:636][  0]LogSlate: Took 0.000591 seconds to synchronously load lazily loaded font '../../../Engine/Content/Slate/Fonts/Roboto-Bold.ttf' (160K)
[2023.04.22-11.14.32:762][  0]LogRenderer: Reallocating scene render targets to support 2172x804 Format 10 NumSamples 1 (Frame:1).
[2023.04.22-11.14.32:952][  0]LogNativeClassHierarchy: Verbose: Native class hierarchy updated for 'HierarchicalLODOutliner' in 0.0003 seconds. Added 0 classes and 0 folders.
[2023.04.22-11.14.32:953][  0]LogLoad: (Engine Initialization) Total time: 14.65 seconds
[2023.04.22-11.14.32:953][  0]LogLoad: (Engine Initialization) Total Blueprint compile time: 0.00 seconds
[2023.04.22-11.14.33:003][  0]LogAssetRegistry: Asset discovery search completed in 8.9657 seconds
[2023.04.22-11.14.33:026][  0]LogCollectionManager: Fixed up redirectors for 0 collections in 0.000004 seconds (updated 0 objects)
[2023.04.22-11.14.33:028][  0]LogContentStreaming: Texture pool size now 1000 MB
[2023.04.22-11.14.33:095][  0]LogSlate: Took 0.000589 seconds to synchronously load lazily loaded font '../../../Engine/Content/Slate/Fonts/DroidSansMono.ttf' (77K)
[2023.04.22-11.14.44:241][ 43]LogSlate: Window 'Message Log' being destroyed
[2023.04.22-11.14.44:247][ 43]LogSlate: Window 'Message Log' being destroyed
[2023.04.22-11.14.46:346][293]LogEditorViewport: Clicking on Actor (LMB): StaticMeshActor (Chair)
[2023.04.22-11.14.51:313][843]Cmd: DELETE
[2023.04.22-11.14.51:313][843]Cmd: ACTOR DELETE
[2023.04.22-11.14.51:318][843]LogEditorActor: Deleted Actor: StaticMeshActor
[2023.04.22-11.14.51:318][843]LogEditorActor: Deleted Actor: StaticMeshActor
[2023.04.22-11.14.51:318][843]LogEditorActor: Deleted Actor: StaticMeshActor
[2023.04.22-11.14.51:318][843]LogEditorActor: Deleted Actor: StaticMeshActor
[2023.04.22-11.14.51:322][843]LogUObjectHash: Compacting FUObjectHashTables data took   0.59ms
[2023.04.22-11.14.51:323][843]LogEditorActor: Deleted 4 Actors (0.009 secs)
[2023.04.22-11.16.06:618][506]LogEditorViewport: Clicking on Actor (context menu): BP_Sky_Sphere_C (BP_Sky_Sphere)
[2023.04.22-11.16.08:016][659]LogEditorViewport: Clicking on Actor (LMB): StaticMeshActor (Floor)
[2023.04.22-11.16.08:765][743]LogEditorViewport: Clicking on Actor (LMB): StaticMeshActor (Floor)
[2023.04.22-11.18.14:211][705]LogEditorViewport: Clicking on Actor (LMB): DirectionalLight (Light Source)
[2023.04.22-11.18.15:161][814]LogEditorViewport: Clicking on Actor (LMB): SkyLight (SkyLight)
[2023.04.22-11.18.15:854][893]LogEditorViewport: Clicking on Actor (LMB): SphereReflectionCapture (SphereReflectionCapture10)
[2023.04.22-11.18.16:378][951]LogEditorViewport: Clicking on Actor (LMB): SphereReflectionCapture (SphereReflectionCapture)
[2023.04.22-11.18.17:379][ 68]LogEditorViewport: Clicking on Actor (LMB): AtmosphericFog (Atmospheric Fog)
[2023.04.22-11.18.18:226][166]LogEditorViewport: Clicking on Actor (LMB): PlayerStart (Player Start)
[2023.04.22-11.18.18:737][224]LogEditorViewport: Clicking on Actor (LMB): BP_Sky_Sphere_C (BP_Sky_Sphere)
[2023.04.22-11.18.22:539][677]LogEditorViewport: Clicking on Actor (LMB): AtmosphericFog (Atmospheric Fog)
[2023.04.22-11.18.29:842][525]LogEditorViewport: Clicking on Actor (LMB): SkyLight (SkyLight)
[2023.04.22-11.18.30:330][576]LogEditorViewport: Clicking on Actor (LMB): SphereReflectionCapture (SphereReflectionCapture)
[2023.04.22-11.18.30:883][639]LogEditorViewport: Clicking on Actor (LMB): AtmosphericFog (Atmospheric Fog)
[2023.04.22-11.18.31:741][739]LogEditorViewport: Clicking on Actor (LMB): SphereReflectionCapture (SphereReflectionCapture10)
[2023.04.22-11.18.32:185][789]LogEditorViewport: Clicking on Actor (LMB): SphereReflectionCapture (SphereReflectionCapture)
[2023.04.22-11.18.33:337][924]LogEditorViewport: Clicking on Actor (LMB): SkyLight (SkyLight)
[2023.04.22-11.18.34:365][ 44]LogEditorViewport: Clicking on Actor (LMB): PlayerStart (Player Start)
[2023.04.22-11.18.35:310][154]LogEditorViewport: Clicking on Actor (LMB): DirectionalLight (Light Source)
[2023.04.22-11.18.36:906][342]LogEditorViewport: Clicking on Actor (LMB): BP_Sky_Sphere_C (BP_Sky_Sphere)
[2023.04.22-11.18.37:685][432]LogEditorViewport: Clicking on Actor (LMB): DirectionalLight (Light Source)
[2023.04.22-11.19.39:785][823]LogEditorViewport: Clicking on Actor (LMB): AtmosphericFog (Atmospheric Fog)
[2023.04.22-11.19.40:597][917]LogEditorViewport: Clicking on Actor (CTRL LMB): DirectionalLight (Light Source)
[2023.04.22-11.19.42:237][111]LogEditorViewport: Clicking on Actor (LMB): AmbientSound (Starter_Background_Cue)
[2023.04.22-11.20.11:108][500]LogEditorViewport: Clicking on Actor (LMB): BP_Sky_Sphere_C (BP_Sky_Sphere)
[2023.04.22-11.20.11:877][589]LogEditorViewport: Clicking on Actor (LMB): SkyLight (SkyLight)
[2023.04.22-11.20.12:806][697]LogEditorViewport: Clicking on Actor (LMB): AmbientSound (Starter_Background_Cue)
[2023.04.22-11.20.13:367][759]LogEditorViewport: Clicking on Actor (LMB): SphereReflectionCapture (SphereReflectionCapture)
[2023.04.22-11.20.14:154][850]LogEditorViewport: Clicking on Actor (LMB): SphereReflectionCapture (SphereReflectionCapture10)
[2023.04.22-11.20.14:671][909]LogEditorViewport: Clicking on Actor (LMB): AtmosphericFog (Atmospheric Fog)
[2023.04.22-11.20.15:455][  0]LogEditorViewport: Clicking on Actor (LMB): StaticMeshActor (Floor)
[2023.04.22-11.20.16:251][ 91]LogEditorViewport: Clicking on Actor (LMB): PlayerStart (Player Start)
[2023.04.22-11.20.16:980][175]LogEditorViewport: Clicking on Actor (LMB): DirectionalLight (Light Source)
[2023.04.22-11.20.48:368][936]LogEditorViewport: Clicking on Actor (LMB): AtmosphericFog (Atmospheric Fog)
[2023.04.22-11.21.09:158][423]LogEditorViewport: Clicking on Actor (LMB): DirectionalLight (Light Source)
[2023.04.22-11.21.10:024][523]LogEditorViewport: Clicking on Actor (LMB): SkyLight (SkyLight)
[2023.04.22-11.21.10:520][579]LogEditorViewport: Clicking on Actor (LMB): SphereReflectionCapture (SphereReflectionCapture10)
[2023.04.22-11.21.11:058][640]LogEditorViewport: Clicking on Actor (LMB): PlayerStart (Player Start)
[2023.04.22-11.21.11:554][696]LogEditorViewport: Clicking on Actor (LMB): SphereReflectionCapture (SphereReflectionCapture)
[2023.04.22-11.21.11:881][732]LogEditorViewport: Clicking on Actor (LMB): BP_Sky_Sphere_C (BP_Sky_Sphere)
[2023.04.22-11.21.12:709][828]LogEditorViewport: Clicking on Actor (LMB): BP_Sky_Sphere_C (BP_Sky_Sphere)
[2023.04.22-11.21.22:878][ 42]LogSlate: Took 0.004429 seconds to synchronously load lazily loaded font '../../../Engine/Content/Slate/Fonts/Roboto-Light.ttf' (167K)
[2023.04.22-11.21.22:900][ 42]LogUObjectHash: Compacting FUObjectHashTables data took   0.28ms
[2023.04.22-11.21.22:912][ 42]LogSavePackage: Moving '../../../../Users/the13eauty/Documents/GitHub/TheTroubleMakers/Unreal Engine Project/SpeedLimit_UniAzad/Saved/Minimal_DefaultDA89E1E94368DBE89063F1B440DD1584.tmp' to '../../../../Users/the13eauty/Documents/GitHub/TheTroubleMakers/Unreal Engine Project/SpeedLimit_UniAzad/Content/StarterContent/Maps/Minimal_Default.umap'
[2023.04.22-11.21.22:933][ 42]AssetCheck: New page: Asset Save: Minimal_Default
[2023.04.22-11.21.22:933][ 42]LogContentValidation: Display: Validating World /Game/StarterContent/Maps/Minimal_Default.Minimal_Default
