Log file open, 05/07/23 18:19:12
LogWindows: Failed to load 'aqProf.dll' (GetLastError=126)
LogWindows: File 'aqProf.dll' does not exist
LogWindows: Failed to load 'VtuneApi.dll' (GetLastError=126)
LogWindows: File 'VtuneApi.dll' does not exist
LogWindows: Failed to load 'VtuneApi32e.dll' (GetLastError=126)
LogWindows: File 'VtuneApi32e.dll' does not exist
LogConsoleResponse: Display: Failed to find resolution value strings in scalability ini. Falling back to default.
LogConsoleResponse: Display: Failed to find resolution value strings in scalability ini. Falling back to default.
LogInit: Display: Running engine for game: SpeedLimit_UniAzad
LogPlatformFile: Not using cached read wrapper
LogTaskGraph: Started task graph with 5 named threads and 23 total threads with 3 sets of task threads.
LogStats: Stats thread started at 0.184308
LogICUInternationalization: ICU TimeZone Detection - Raw Offset: +3:30, Platform Override: ''
LogInit: Display: Loading text-based GConfig....
LogPluginManager: Mounting plugin XGEController
LogPluginManager: Mounting plugin MeshPainting
LogPluginManager: Mounting plugin Paper2D
LogPluginManager: Mounting plugin EnvironmentQueryEditor
LogPluginManager: Mounting plugin AISupport
LogPluginManager: Mounting plugin LiveLink
LogPluginManager: Mounting plugin CameraShakePreviewer
LogPluginManager: Mounting plugin LightPropagationVolume
LogPluginManager: Mounting plugin GameplayCameras
LogPluginManager: Mounting plugin OodleData
LogPluginManager: Mounting plugin OodleNetwork
LogPluginManager: Mounting plugin AnimationSharing
LogPluginManager: Mounting plugin CodeLiteSourceCodeAccess
LogPluginManager: Mounting plugin GitSourceControl
LogPluginManager: Mounting plugin CLionSourceCodeAccess
LogPluginManager: Mounting plugin KDevelopSourceCodeAccess
LogPluginManager: Mounting plugin NullSourceCodeAccess
LogPluginManager: Mounting plugin PerforceSourceControl
LogPluginManager: Mounting plugin PixWinPlugin
LogPluginManager: Mounting plugin PropertyAccessNode
LogPluginManager: Mounting plugin PlasticSourceControl
LogPluginManager: Mounting plugin RiderSourceCodeAccess
LogPluginManager: Mounting plugin SubversionSourceControl
LogPluginManager: Mounting plugin PluginUtils
LogPluginManager: Mounting plugin TextureFormatOodle
LogPluginManager: Mounting plugin UObjectPlugin
LogPluginManager: Mounting plugin VisualStudioCodeSourceCodeAccess
LogPluginManager: Mounting plugin XCodeSourceCodeAccess
LogPluginManager: Mounting plugin VisualStudioSourceCodeAccess
LogPluginManager: Mounting plugin AssetManagerEditor
LogPluginManager: Mounting plugin CurveEditorTools
LogPluginManager: Mounting plugin DataValidation
LogPluginManager: Mounting plugin CryptoKeys
LogPluginManager: Mounting plugin DatasmithContent
LogPluginManager: Mounting plugin FacialAnimation
LogPluginManager: Mounting plugin GameplayTagsEditor
LogPluginManager: Mounting plugin GeometryMode
LogPluginManager: Mounting plugin MobileLauncherProfileWizard
LogPluginManager: Mounting plugin MacGraphicsSwitching
LogPluginManager: Mounting plugin MaterialAnalyzer
LogPluginManager: Mounting plugin PluginBrowser
LogPluginManager: Mounting plugin VariantManagerContent
LogPluginManager: Mounting plugin Niagara
LogPluginManager: Mounting plugin SpeedTreeImporter
LogPluginManager: Mounting plugin AlembicImporter
LogPluginManager: Mounting plugin AutomationUtils
LogPluginManager: Mounting plugin BackChannel
LogPluginManager: Mounting plugin ChaosCloth
LogPluginManager: Mounting plugin ChaosEditor
LogPluginManager: Mounting plugin ChaosClothEditor
LogPluginManager: Mounting plugin AndroidMedia
LogPluginManager: Mounting plugin AvfMedia
LogPluginManager: Mounting plugin ChaosNiagara
LogPluginManager: Mounting plugin ChaosSolverPlugin
LogPluginManager: Mounting plugin CharacterAI
LogPluginManager: Mounting plugin ImgMedia
LogPluginManager: Mounting plugin MediaCompositing
LogPluginManager: Mounting plugin GeometryCache
LogPluginManager: Mounting plugin MediaPlayerEditor
LogPluginManager: Mounting plugin GeometryCollectionPlugin
LogPluginManager: Mounting plugin WebMMedia
LogPluginManager: Mounting plugin WmfMedia
LogPluginManager: Mounting plugin GeometryProcessing
LogPluginManager: Mounting plugin MotoSynth
LogPluginManager: Mounting plugin OpenImageDenoise
LogPluginManager: Mounting plugin PlatformCrypto
LogPluginManager: Mounting plugin PlanarCut
LogPluginManager: Mounting plugin ProxyLODPlugin
LogPluginManager: Mounting plugin PythonScriptPlugin
LogPluginManager: Mounting plugin SkeletalReduction
LogPluginManager: Mounting plugin LuminPlatformFeatures
LogPluginManager: Mounting plugin MagicLeap
LogPluginManager: Mounting plugin ActorSequence
LogPluginManager: Mounting plugin MatineeToLevelSequence
LogPluginManager: Mounting plugin LevelSequenceEditor
LogPluginManager: Mounting plugin TemplateSequence
LogPluginManager: Mounting plugin TcpMessaging
LogPluginManager: Mounting plugin UdpMessaging
LogPluginManager: Mounting plugin LauncherChunkInstaller
LogPluginManager: Mounting plugin ActorLayerUtilities
LogPluginManager: Mounting plugin MagicLeapLightEstimation
LogPluginManager: Mounting plugin AndroidDeviceProfileSelector
LogPluginManager: Mounting plugin AndroidMoviePlayer
LogPluginManager: Mounting plugin MagicLeapMedia
LogPluginManager: Mounting plugin AndroidPermission
LogPluginManager: Mounting plugin AppleImageUtils
LogPluginManager: Mounting plugin AppleMoviePlayer
LogPluginManager: Mounting plugin MagicLeapPassableWorld
LogPluginManager: Mounting plugin AssetTags
LogPluginManager: Mounting plugin ArchVisCharacter
LogPluginManager: Mounting plugin AudioCapture
LogPluginManager: Mounting plugin AudioSynesthesia
LogPluginManager: Mounting plugin CableComponent
LogPluginManager: Mounting plugin MLSDK
LogPluginManager: Mounting plugin ChunkDownloader
LogPluginManager: Mounting plugin CustomMeshComponent
LogPluginManager: Mounting plugin EditableMesh
LogPluginManager: Mounting plugin ExampleDeviceProfileSelector
LogPluginManager: Mounting plugin GoogleCloudMessaging
LogPluginManager: Mounting plugin GooglePAD
LogPluginManager: Mounting plugin IOSDeviceProfileSelector
LogPluginManager: Mounting plugin LinuxDeviceProfileSelector
LogPluginManager: Mounting plugin LocationServicesBPLibrary
LogPluginManager: Mounting plugin MobilePatchingUtils
LogPluginManager: Mounting plugin OpenXREyeTracker
LogPluginManager: Mounting plugin OpenXR
LogPluginManager: Mounting plugin OpenXRHandTracking
LogPluginManager: Mounting plugin ProceduralMeshComponent
LogPluginManager: Mounting plugin PhysXVehicles
LogPluginManager: Mounting plugin PostSplashScreen
LogPluginManager: Mounting plugin PropertyAccessEditor
LogPluginManager: Mounting plugin RuntimePhysXCooking
LogPluginManager: Mounting plugin SignificanceManager
LogPluginManager: Mounting plugin SoundFields
LogPluginManager: Mounting plugin Synthesis
LogPluginManager: Mounting plugin WindowsMoviePlayer
LogPluginManager: Mounting plugin WebMMoviePlayer
LogPluginManager: Mounting plugin ScreenshotTools
LogPluginManager: Mounting plugin Takes
LogPluginManager: Mounting plugin OnlineSubsystem
LogPluginManager: Mounting plugin OnlineSubsystemNull
LogPluginManager: Mounting plugin OnlineSubsystemUtils
LogPluginManager: Mounting plugin ContentBrowserAssetDataSource
LogPluginManager: Mounting plugin ContentBrowserClassDataSource
LogPluginManager: Mounting plugin ContentBrowserFileDataSource
LogPluginManager: Mounting plugin OculusVR
LogPluginManager: Mounting plugin SteamVR
LogPluginManager: Mounting plugin OnlineSubsystemGooglePlay
LogPluginManager: Mounting plugin OnlineSubsystemIOS
PixWinPlugin: PIX capture plugin failed to initialize! Check that the process is launched from PIX.
LogInit: Using libcurl 7.55.1-DEV
LogInit:  - built for x86_64-pc-win32
LogInit:  - supports SSL with OpenSSL/1.1.1
LogInit:  - supports HTTP deflate (compression) using libz 1.2.8
LogInit:  - other features:
LogInit:      CURL_VERSION_SSL
LogInit:      CURL_VERSION_LIBZ
LogInit:      CURL_VERSION_IPV6
LogInit:      CURL_VERSION_ASYNCHDNS
LogInit:      CURL_VERSION_LARGEFILE
LogInit:      CURL_VERSION_IDN
LogInit:  CurlRequestOptions (configurable via config and command line):
LogInit:  - bVerifyPeer = true  - Libcurl will verify peer certificate
LogInit:  - bUseHttpProxy = false  - Libcurl will NOT use HTTP proxy
LogInit:  - bDontReuseConnections = false  - Libcurl will reuse connections
LogInit:  - MaxHostConnections = 16  - Libcurl will limit the number of connections to a host
LogInit:  - LocalHostAddr = Default
LogInit:  - BufferSize = 65536
LogOnline: OSS: Creating online subsystem instance for: NULL
LogInit: WinSock: version 1.1 (2.2), MaxSocks=32767, MaxUdp=65467
LogOnline: OSS: TryLoadSubsystemAndSetDefault: Loaded subsystem for module [NULL]
LogOculusPluginWrapper: OculusPlugin initialized successfully
LogHMD: Failed initializing OVRPlugin 1.59.0
LogInit: Build: ++UE4+Release-4.27-CL-17155196
LogInit: Engine Version: 4.27.0-17155196+++UE4+Release-4.27
LogInit: Compatible Engine Version: 4.27.0-17155196+++UE4+Release-4.27
LogInit: Net CL: 17155196
LogInit: OS: Windows 10 (Release 2009) (), CPU: 11th Gen Intel(R) Core(TM) i7-1195G7 @ 2.90GHz, GPU: Intel(R) Iris(R) Xe Graphics
LogInit: Compiled (64-bit): Aug 13 2021 06:13:13
LogInit: Compiled with Visual C++: 19.24.28315.00
LogInit: Build Configuration: Development
LogInit: Branch Name: ++UE4+Release-4.27
LogInit: Command Line: 
LogInit: Base Directory: E:/Downloads/unreal_engine_v4.27_compiled/Unreal Engine v4.27 Compiled/Engine/Binaries/Win64/
LogInit: Allocator: TBB
LogInit: Installed Engine Build: 1
LogDevObjectVersion: Number of dev versions registered: 29
LogDevObjectVersion:   Dev-Blueprints (B0D832E4-1F89-4F0D-ACCF-7EB736FD4AA2): 10
LogDevObjectVersion:   Dev-Build (E1C64328-A22C-4D53-A36C-8E866417BD8C): 0
LogDevObjectVersion:   Dev-Core (375EC13C-06E4-48FB-B500-84F0262A717E): 4
LogDevObjectVersion:   Dev-Editor (E4B068ED-F494-42E9-A231-DA0B2E46BB41): 40
LogDevObjectVersion:   Dev-Framework (CFFC743F-43B0-4480-9391-14DF171D2073): 37
LogDevObjectVersion:   Dev-Mobile (B02B49B5-BB20-44E9-A304-32B752E40360): 3
LogDevObjectVersion:   Dev-Networking (A4E4105C-59A1-49B5-A7C5-40C4547EDFEE): 0
LogDevObjectVersion:   Dev-Online (39C831C9-5AE6-47DC-9A44-9C173E1C8E7C): 0
LogDevObjectVersion:   Dev-Physics (78F01B33-EBEA-4F98-B9B4-84EACCB95AA2): 14
LogDevObjectVersion:   Dev-Platform (6631380F-2D4D-43E0-8009-CF276956A95A): 0
LogDevObjectVersion:   Dev-Rendering (12F88B9F-8875-4AFC-A67C-D90C383ABD29): 45
LogDevObjectVersion:   Dev-Sequencer (7B5AE74C-D270-4C10-A958-57980B212A5A): 13
LogDevObjectVersion:   Dev-VR (D7296918-1DD6-4BDD-9DE2-64A83CC13884): 3
LogDevObjectVersion:   Dev-LoadTimes (C2A15278-BFE7-4AFE-6C17-90FF531DF755): 1
LogDevObjectVersion:   Private-Geometry (6EACA3D4-40EC-4CC1-B786-8BED09428FC5): 3
LogDevObjectVersion:   Dev-AnimPhys (29E575DD-E0A3-4627-9D10-D276232CDCEA): 17
LogDevObjectVersion:   Dev-Anim (AF43A65D-7FD3-4947-9873-3E8ED9C1BB05): 15
LogDevObjectVersion:   Dev-ReflectionCapture (6B266CEC-1EC7-4B8F-A30B-E4D90942FC07): 1
LogDevObjectVersion:   Dev-Automation (0DF73D61-A23F-47EA-B727-89E90C41499A): 1
LogDevObjectVersion:   FortniteMain (601D1886-AC64-4F84-AA16-D3DE0DEAC7D6): 47
LogDevObjectVersion:   FortniteRelease (E7086368-6B23-4C58-8439-1B7016265E91): 1
LogDevObjectVersion:   Dev-Enterprise (9DFFBCD6-494F-0158-E221-12823C92A888): 10
LogDevObjectVersion:   Dev-Niagara (F2AED0AC-9AFE-416F-8664-AA7FFA26D6FC): 1
LogDevObjectVersion:   Dev-Destruction (174F1F0B-B4C6-45A5-B13F-2EE8D0FB917D): 10
LogDevObjectVersion:   Dev-Physics-Ext (35F94A83-E258-406C-A318-09F59610247C): 41
LogDevObjectVersion:   Dev-PhysicsMaterial-Chaos (B68FC16E-8B1B-42E2-B453-215C058844FE): 1
LogDevObjectVersion:   Dev-CineCamera (B2E18506-4273-CFC2-A54E-F4BB758BBA07): 1
LogDevObjectVersion:   Dev-VirtualProduction (64F58936-FD1B-42BA-BA96-7289D5D0FA4E): 1
LogDevObjectVersion:   Dev-MediaFramework (6F0ED827-A609-4895-9C91-998D90180EA4): 2
LogInit: Presizing for max 25165824 objects, including 0 objects not considered by GC, pre-allocating 0 bytes for permanent pool.
LogConfig: Applying CVar settings from Section [/Script/Engine.StreamingSettings] File [E:/Asus/Documents/GitHub/TheTroubleMakers/Unreal Engine Project/SpeedLimit_UniAzad/Saved/Config/Windows/Engine.ini]
LogConfig: Setting CVar [[s.MinBulkDataSizeForAsyncLoading:131072]]
LogConfig: Setting CVar [[s.AsyncLoadingThreadEnabled:0]]
LogConfig: Setting CVar [[s.EventDrivenLoaderEnabled:1]]
LogConfig: Setting CVar [[s.WarnIfTimeLimitExceeded:0]]
LogConfig: Setting CVar [[s.TimeLimitExceededMultiplier:1.5]]
LogConfig: Setting CVar [[s.TimeLimitExceededMinTime:0.005]]
LogConfig: Setting CVar [[s.UseBackgroundLevelStreaming:1]]
LogConfig: Setting CVar [[s.PriorityAsyncLoadingExtraTime:15.0]]
LogConfig: Setting CVar [[s.LevelStreamingActorsUpdateTimeLimit:5.0]]
LogConfig: Setting CVar [[s.PriorityLevelStreamingActorsUpdateExtraTime:5.0]]
LogConfig: Setting CVar [[s.LevelStreamingComponentsRegistrationGranularity:10]]
LogConfig: Setting CVar [[s.UnregisterComponentsTimeLimit:1.0]]
LogConfig: Setting CVar [[s.LevelStreamingComponentsUnregistrationGranularity:5]]
LogConfig: Setting CVar [[s.FlushStreamingOnExit:1]]
LogInit: Object subsystem initialized
LogConfig: Setting CVar [[con.DebugEarlyDefault:1]]
LogConfig: Setting CVar [[r.setres:1280x720]]
[2023.05.07-14.49.12:717][  0]LogConfig: Setting CVar [[r.VSync:0]]
[2023.05.07-14.49.12:717][  0]LogConfig: Setting CVar [[r.RHICmdBypass:0]]
[2023.05.07-14.49.12:717][  0]LogConfig: Applying CVar settings from Section [/Script/Engine.RendererSettings] File [E:/Asus/Documents/GitHub/TheTroubleMakers/Unreal Engine Project/SpeedLimit_UniAzad/Saved/Config/Windows/Engine.ini]
[2023.05.07-14.49.12:717][  0]LogConfig: Setting CVar [[r.GPUCrashDebugging:0]]
[2023.05.07-14.49.12:717][  0]LogConfig: Applying CVar settings from Section [/Script/Engine.RendererOverrideSettings] File [E:/Asus/Documents/GitHub/TheTroubleMakers/Unreal Engine Project/SpeedLimit_UniAzad/Saved/Config/Windows/Engine.ini]
[2023.05.07-14.49.12:717][  0]LogConfig: Applying CVar settings from Section [/Script/Engine.StreamingSettings] File [E:/Asus/Documents/GitHub/TheTroubleMakers/Unreal Engine Project/SpeedLimit_UniAzad/Saved/Config/Windows/Engine.ini]
[2023.05.07-14.49.12:717][  0]LogConfig: Setting CVar [[s.MinBulkDataSizeForAsyncLoading:131072]]
[2023.05.07-14.49.12:717][  0]LogConfig: Setting CVar [[s.AsyncLoadingThreadEnabled:0]]
[2023.05.07-14.49.12:717][  0]LogConfig: Setting CVar [[s.EventDrivenLoaderEnabled:1]]
[2023.05.07-14.49.12:717][  0]LogConfig: Setting CVar [[s.WarnIfTimeLimitExceeded:0]]
[2023.05.07-14.49.12:717][  0]LogConfig: Setting CVar [[s.TimeLimitExceededMultiplier:1.5]]
[2023.05.07-14.49.12:717][  0]LogConfig: Setting CVar [[s.TimeLimitExceededMinTime:0.005]]
[2023.05.07-14.49.12:717][  0]LogConfig: Setting CVar [[s.UseBackgroundLevelStreaming:1]]
[2023.05.07-14.49.12:717][  0]LogConfig: Setting CVar [[s.PriorityAsyncLoadingExtraTime:15.0]]
[2023.05.07-14.49.12:717][  0]LogConfig: Setting CVar [[s.LevelStreamingActorsUpdateTimeLimit:5.0]]
[2023.05.07-14.49.12:717][  0]LogConfig: Setting CVar [[s.PriorityLevelStreamingActorsUpdateExtraTime:5.0]]
[2023.05.07-14.49.12:717][  0]LogConfig: Setting CVar [[s.LevelStreamingComponentsRegistrationGranularity:10]]
[2023.05.07-14.49.12:717][  0]LogConfig: Setting CVar [[s.UnregisterComponentsTimeLimit:1.0]]
[2023.05.07-14.49.12:717][  0]LogConfig: Setting CVar [[s.LevelStreamingComponentsUnregistrationGranularity:5]]
[2023.05.07-14.49.12:717][  0]LogConfig: Setting CVar [[s.FlushStreamingOnExit:1]]
[2023.05.07-14.49.12:717][  0]LogConfig: Applying CVar settings from Section [/Script/Engine.GarbageCollectionSettings] File [E:/Asus/Documents/GitHub/TheTroubleMakers/Unreal Engine Project/SpeedLimit_UniAzad/Saved/Config/Windows/Engine.ini]
[2023.05.07-14.49.12:717][  0]LogConfig: Setting CVar [[gc.MaxObjectsNotConsideredByGC:1]]
[2023.05.07-14.49.12:717][  0]LogConfig: Setting CVar [[gc.SizeOfPermanentObjectPool:0]]
[2023.05.07-14.49.12:717][  0]LogConfig: Setting CVar [[gc.FlushStreamingOnGC:0]]
[2023.05.07-14.49.12:717][  0]LogConfig: Setting CVar [[gc.NumRetriesBeforeForcingGC:10]]
[2023.05.07-14.49.12:717][  0]LogConfig: Setting CVar [[gc.AllowParallelGC:1]]
[2023.05.07-14.49.12:717][  0]LogConfig: Setting CVar [[gc.TimeBetweenPurgingPendingKillObjects:61.1]]
[2023.05.07-14.49.12:717][  0]LogConfig: Setting CVar [[gc.MaxObjectsInEditor:25165824]]
[2023.05.07-14.49.12:717][  0]LogConfig: Setting CVar [[gc.IncrementalBeginDestroyEnabled:1]]
[2023.05.07-14.49.12:717][  0]LogConfig: Setting CVar [[gc.CreateGCClusters:1]]
[2023.05.07-14.49.12:717][  0]LogConfig: Setting CVar [[gc.MinGCClusterSize:5]]
[2023.05.07-14.49.12:717][  0]LogConfig: Setting CVar [[gc.ActorClusteringEnabled:0]]
[2023.05.07-14.49.12:717][  0]LogConfig: Setting CVar [[gc.BlueprintClusteringEnabled:0]]
[2023.05.07-14.49.12:717][  0]LogConfig: Setting CVar [[gc.UseDisregardForGCOnDedicatedServers:0]]
[2023.05.07-14.49.12:717][  0]LogConfig: Setting CVar [[gc.MultithreadedDestructionEnabled:1]]
[2023.05.07-14.49.12:717][  0]LogConfig: Applying CVar settings from Section [/Script/Engine.NetworkSettings] File [E:/Asus/Documents/GitHub/TheTroubleMakers/Unreal Engine Project/SpeedLimit_UniAzad/Saved/Config/Windows/Engine.ini]
[2023.05.07-14.49.12:717][  0]LogConfig: Applying CVar settings from Section [/Script/UnrealEd.CookerSettings] File [E:/Asus/Documents/GitHub/TheTroubleMakers/Unreal Engine Project/SpeedLimit_UniAzad/Saved/Config/Windows/Engine.ini]
[2023.05.07-14.49.12:745][  0]LogConfig: Applying CVar settings from Section [ViewDistanceQuality@3] File [E:/Asus/Documents/GitHub/TheTroubleMakers/Unreal Engine Project/SpeedLimit_UniAzad/Saved/Config/Windows/Scalability.ini]
[2023.05.07-14.49.12:745][  0]LogConfig: Setting CVar [[r.SkeletalMeshLODBias:0]]
[2023.05.07-14.49.12:745][  0]LogConfig: Setting CVar [[r.ViewDistanceScale:1.0]]
[2023.05.07-14.49.12:745][  0]LogConfig: Applying CVar settings from Section [AntiAliasingQuality@3] File [E:/Asus/Documents/GitHub/TheTroubleMakers/Unreal Engine Project/SpeedLimit_UniAzad/Saved/Config/Windows/Scalability.ini]
[2023.05.07-14.49.12:745][  0]LogConfig: Setting CVar [[r.PostProcessAAQuality:4]]
[2023.05.07-14.49.12:745][  0]LogConfig: Applying CVar settings from Section [ShadowQuality@3] File [E:/Asus/Documents/GitHub/TheTroubleMakers/Unreal Engine Project/SpeedLimit_UniAzad/Saved/Config/Windows/Scalability.ini]
[2023.05.07-14.49.12:745][  0]LogConfig: Setting CVar [[r.LightFunctionQuality:1]]
[2023.05.07-14.49.12:745][  0]LogConfig: Setting CVar [[r.ShadowQuality:5]]
[2023.05.07-14.49.12:745][  0]LogConfig: Setting CVar [[r.Shadow.CSM.MaxCascades:10]]
[2023.05.07-14.49.12:745][  0]LogConfig: Setting CVar [[r.Shadow.MaxResolution:2048]]
[2023.05.07-14.49.12:745][  0]LogConfig: Setting CVar [[r.Shadow.MaxCSMResolution:2048]]
[2023.05.07-14.49.12:745][  0]LogConfig: Setting CVar [[r.Shadow.RadiusThreshold:0.01]]
[2023.05.07-14.49.12:745][  0]LogConfig: Setting CVar [[r.Shadow.DistanceScale:1.0]]
[2023.05.07-14.49.12:745][  0]LogConfig: Setting CVar [[r.Shadow.CSM.TransitionScale:1.0]]
[2023.05.07-14.49.12:745][  0]LogConfig: Setting CVar [[r.Shadow.PreShadowResolutionFactor:1.0]]
[2023.05.07-14.49.12:745][  0]LogConfig: Setting CVar [[r.DistanceFieldShadowing:1]]
[2023.05.07-14.49.12:745][  0]LogConfig: Setting CVar [[r.DistanceFieldAO:1]]
[2023.05.07-14.49.12:745][  0]LogConfig: Setting CVar [[r.AOQuality:2]]
[2023.05.07-14.49.12:745][  0]LogConfig: Setting CVar [[r.VolumetricFog:1]]
[2023.05.07-14.49.12:745][  0]LogConfig: Setting CVar [[r.VolumetricFog.GridPixelSize:8]]
[2023.05.07-14.49.12:745][  0]LogConfig: Setting CVar [[r.VolumetricFog.GridSizeZ:128]]
[2023.05.07-14.49.12:745][  0]LogConfig: Setting CVar [[r.VolumetricFog.HistoryMissSupersampleCount:4]]
[2023.05.07-14.49.12:745][  0]LogConfig: Setting CVar [[r.LightMaxDrawDistanceScale:1]]
[2023.05.07-14.49.12:745][  0]LogConfig: Setting CVar [[r.CapsuleShadows:1]]
[2023.05.07-14.49.12:745][  0]LogConfig: Applying CVar settings from Section [PostProcessQuality@3] File [E:/Asus/Documents/GitHub/TheTroubleMakers/Unreal Engine Project/SpeedLimit_UniAzad/Saved/Config/Windows/Scalability.ini]
[2023.05.07-14.49.12:745][  0]LogConfig: Setting CVar [[r.MotionBlurQuality:4]]
[2023.05.07-14.49.12:745][  0]LogConfig: Setting CVar [[r.AmbientOcclusionMipLevelFactor:0.4]]
[2023.05.07-14.49.12:745][  0]LogConfig: Setting CVar [[r.AmbientOcclusionMaxQuality:100]]
[2023.05.07-14.49.12:745][  0]LogConfig: Setting CVar [[r.AmbientOcclusionLevels:-1]]
[2023.05.07-14.49.12:745][  0]LogConfig: Setting CVar [[r.AmbientOcclusionRadiusScale:1.0]]
[2023.05.07-14.49.12:745][  0]LogConfig: Setting CVar [[r.DepthOfFieldQuality:2]]
[2023.05.07-14.49.12:745][  0]LogConfig: Setting CVar [[r.RenderTargetPoolMin:400]]
[2023.05.07-14.49.12:745][  0]LogConfig: Setting CVar [[r.LensFlareQuality:2]]
[2023.05.07-14.49.12:745][  0]LogConfig: Setting CVar [[r.SceneColorFringeQuality:1]]
[2023.05.07-14.49.12:745][  0]LogConfig: Setting CVar [[r.EyeAdaptationQuality:2]]
[2023.05.07-14.49.12:745][  0]LogConfig: Setting CVar [[r.BloomQuality:5]]
[2023.05.07-14.49.12:745][  0]LogConfig: Setting CVar [[r.FastBlurThreshold:100]]
[2023.05.07-14.49.12:745][  0]LogConfig: Setting CVar [[r.Upscale.Quality:3]]
[2023.05.07-14.49.12:745][  0]LogConfig: Setting CVar [[r.Tonemapper.GrainQuantization:1]]
[2023.05.07-14.49.12:745][  0]LogConfig: Setting CVar [[r.LightShaftQuality:1]]
[2023.05.07-14.49.12:745][  0]LogConfig: Setting CVar [[r.Filter.SizeScale:1]]
[2023.05.07-14.49.12:745][  0]LogConfig: Setting CVar [[r.Tonemapper.Quality:5]]
[2023.05.07-14.49.12:745][  0]LogConfig: Setting CVar [[r.DOF.Gather.AccumulatorQuality:1        ; higher gathering accumulator quality]]
[2023.05.07-14.49.12:745][  0]LogConfig: Setting CVar [[r.DOF.Gather.PostfilterMethod:1          ; Median3x3 postfilering method]]
[2023.05.07-14.49.12:745][  0]LogConfig: Setting CVar [[r.DOF.Gather.EnableBokehSettings:0       ; no bokeh simulation when gathering]]
[2023.05.07-14.49.12:745][  0]LogConfig: Setting CVar [[r.DOF.Gather.RingCount:4                 ; medium number of samples when gathering]]
[2023.05.07-14.49.12:745][  0]LogConfig: Setting CVar [[r.DOF.Scatter.ForegroundCompositing:1    ; additive foreground scattering]]
[2023.05.07-14.49.12:745][  0]LogConfig: Setting CVar [[r.DOF.Scatter.BackgroundCompositing:2    ; additive background scattering]]
[2023.05.07-14.49.12:745][  0]LogConfig: Setting CVar [[r.DOF.Scatter.EnableBokehSettings:1      ; bokeh simulation when scattering]]
[2023.05.07-14.49.12:745][  0]LogConfig: Setting CVar [[r.DOF.Scatter.MaxSpriteRatio:0.1         ; only a maximum of 10% of scattered bokeh]]
[2023.05.07-14.49.12:745][  0]LogConfig: Setting CVar [[r.DOF.Recombine.Quality:1                ; cheap slight out of focus]]
[2023.05.07-14.49.12:745][  0]LogConfig: Setting CVar [[r.DOF.Recombine.EnableBokehSettings:0    ; no bokeh simulation on slight out of focus]]
[2023.05.07-14.49.12:745][  0]LogConfig: Setting CVar [[r.DOF.TemporalAAQuality:1                ; more stable temporal accumulation]]
[2023.05.07-14.49.12:745][  0]LogConfig: Setting CVar [[r.DOF.Kernel.MaxForegroundRadius:0.025]]
[2023.05.07-14.49.12:745][  0]LogConfig: Setting CVar [[r.DOF.Kernel.MaxBackgroundRadius:0.025]]
[2023.05.07-14.49.12:745][  0]LogConfig: Applying CVar settings from Section [TextureQuality@3] File [E:/Asus/Documents/GitHub/TheTroubleMakers/Unreal Engine Project/SpeedLimit_UniAzad/Saved/Config/Windows/Scalability.ini]
[2023.05.07-14.49.12:745][  0]LogConfig: Setting CVar [[r.Streaming.MipBias:0]]
[2023.05.07-14.49.12:745][  0]LogConfig: Setting CVar [[r.Streaming.AmortizeCPUToGPUCopy:0]]
[2023.05.07-14.49.12:745][  0]LogConfig: Setting CVar [[r.Streaming.MaxNumTexturesToStreamPerFrame:0]]
[2023.05.07-14.49.12:745][  0]LogConfig: Setting CVar [[r.Streaming.Boost:1]]
[2023.05.07-14.49.12:745][  0]LogConfig: Setting CVar [[r.MaxAnisotropy:8]]
[2023.05.07-14.49.12:745][  0]LogConfig: Setting CVar [[r.VT.MaxAnisotropy:8]]
[2023.05.07-14.49.12:745][  0]LogConfig: Setting CVar [[r.Streaming.LimitPoolSizeToVRAM:0]]
[2023.05.07-14.49.12:745][  0]LogConfig: Setting CVar [[r.Streaming.PoolSize:1000]]
[2023.05.07-14.49.12:745][  0]LogConfig: Setting CVar [[r.Streaming.MaxEffectiveScreenSize:0]]
[2023.05.07-14.49.12:745][  0]LogConfig: Applying CVar settings from Section [EffectsQuality@3] File [E:/Asus/Documents/GitHub/TheTroubleMakers/Unreal Engine Project/SpeedLimit_UniAzad/Saved/Config/Windows/Scalability.ini]
[2023.05.07-14.49.12:745][  0]LogConfig: Setting CVar [[r.TranslucencyLightingVolumeDim:64]]
[2023.05.07-14.49.12:745][  0]LogConfig: Setting CVar [[r.RefractionQuality:2]]
[2023.05.07-14.49.12:745][  0]LogConfig: Setting CVar [[r.SSR.Quality:3]]
[2023.05.07-14.49.12:745][  0]LogConfig: Setting CVar [[r.SSR.HalfResSceneColor:0]]
[2023.05.07-14.49.12:745][  0]LogConfig: Setting CVar [[r.SceneColorFormat:4]]
[2023.05.07-14.49.12:745][  0]LogConfig: Setting CVar [[r.DetailMode:2]]
[2023.05.07-14.49.12:745][  0]LogConfig: Setting CVar [[r.TranslucencyVolumeBlur:1]]
[2023.05.07-14.49.12:745][  0]LogConfig: Setting CVar [[r.MaterialQualityLevel:1 ; High quality]]
[2023.05.07-14.49.12:745][  0]LogConfig: Setting CVar [[r.AnisotropicMaterials:1]]
[2023.05.07-14.49.12:745][  0]LogConfig: Setting CVar [[r.SSS.Scale:1]]
[2023.05.07-14.49.12:746][  0]LogConfig: Setting CVar [[r.SSS.SampleSet:2]]
[2023.05.07-14.49.12:746][  0]LogConfig: Setting CVar [[r.SSS.Quality:1]]
[2023.05.07-14.49.12:746][  0]LogConfig: Setting CVar [[r.SSS.HalfRes:0]]
[2023.05.07-14.49.12:746][  0]LogConfig: Setting CVar [[r.SSGI.Quality:3]]
[2023.05.07-14.49.12:746][  0]LogConfig: Setting CVar [[r.EmitterSpawnRateScale:1.0]]
[2023.05.07-14.49.12:746][  0]LogConfig: Setting CVar [[r.ParticleLightQuality:2]]
[2023.05.07-14.49.12:746][  0]LogConfig: Setting CVar [[r.SkyAtmosphere.AerialPerspectiveLUT.FastApplyOnOpaque:1 ; Always have FastSkyLUT 1 in this case to avoid wrong sky]]
[2023.05.07-14.49.12:746][  0]LogConfig: Setting CVar [[r.SkyAtmosphere.AerialPerspectiveLUT.SampleCountMaxPerSlice:4]]
[2023.05.07-14.49.12:746][  0]LogConfig: Setting CVar [[r.SkyAtmosphere.AerialPerspectiveLUT.DepthResolution:16.0]]
[2023.05.07-14.49.12:746][  0]LogConfig: Setting CVar [[r.SkyAtmosphere.FastSkyLUT:1]]
[2023.05.07-14.49.12:746][  0]LogConfig: Setting CVar [[r.SkyAtmosphere.FastSkyLUT.SampleCountMin:4.0]]
[2023.05.07-14.49.12:746][  0]LogConfig: Setting CVar [[r.SkyAtmosphere.FastSkyLUT.SampleCountMax:128.0]]
[2023.05.07-14.49.12:746][  0]LogConfig: Setting CVar [[r.SkyAtmosphere.SampleCountMin:4.0]]
[2023.05.07-14.49.12:746][  0]LogConfig: Setting CVar [[r.SkyAtmosphere.SampleCountMax:128.0]]
[2023.05.07-14.49.12:746][  0]LogConfig: Setting CVar [[r.SkyAtmosphere.TransmittanceLUT.UseSmallFormat:0]]
[2023.05.07-14.49.12:746][  0]LogConfig: Setting CVar [[r.SkyAtmosphere.TransmittanceLUT.SampleCount:10.0]]
[2023.05.07-14.49.12:746][  0]LogConfig: Setting CVar [[r.SkyAtmosphere.MultiScatteringLUT.SampleCount:15.0]]
[2023.05.07-14.49.12:746][  0]LogConfig: Setting CVar [[r.SkyLight.RealTimeReflectionCapture:1]]
[2023.05.07-14.49.12:746][  0]LogConfig: Applying CVar settings from Section [FoliageQuality@3] File [E:/Asus/Documents/GitHub/TheTroubleMakers/Unreal Engine Project/SpeedLimit_UniAzad/Saved/Config/Windows/Scalability.ini]
[2023.05.07-14.49.12:746][  0]LogConfig: Setting CVar [[foliage.DensityScale:1.0]]
[2023.05.07-14.49.12:746][  0]LogConfig: Setting CVar [[grass.DensityScale:1.0]]
[2023.05.07-14.49.12:746][  0]LogConfig: Applying CVar settings from Section [ShadingQuality@3] File [E:/Asus/Documents/GitHub/TheTroubleMakers/Unreal Engine Project/SpeedLimit_UniAzad/Saved/Config/Windows/Scalability.ini]
[2023.05.07-14.49.12:746][  0]LogConfig: Setting CVar [[r.HairStrands.SkyLighting.IntegrationType:2]]
[2023.05.07-14.49.12:746][  0]LogConfig: Setting CVar [[r.HairStrands.SkyAO.SampleCount:4]]
[2023.05.07-14.49.12:746][  0]LogConfig: Setting CVar [[r.HairStrands.Visibility.MSAA.SamplePerPixel:4]]
[2023.05.07-14.49.12:746][  0]LogInit: Selected Device Profile: [Windows]
[2023.05.07-14.49.12:746][  0]LogInit: Applying CVar settings loaded from the selected device profile: [Windows]
[2023.05.07-14.49.12:746][  0]LogHAL: Display: Platform has ~ 16 GB [16856285184 / 17179869184 / 16], which maps to Larger [LargestMinGB=32, LargerMinGB=12, DefaultMinGB=8, SmallerMinGB=6, SmallestMinGB=0)
[2023.05.07-14.49.12:746][  0]LogInit: Going up to parent DeviceProfile []
[2023.05.07-14.49.12:746][  0]LogConfig: Applying CVar settings from Section [ViewDistanceQuality@3] File [E:/Asus/Documents/GitHub/TheTroubleMakers/Unreal Engine Project/SpeedLimit_UniAzad/Saved/Config/Windows/Scalability.ini]
[2023.05.07-14.49.12:746][  0]LogConfig: Setting CVar [[r.SkeletalMeshLODBias:0]]
[2023.05.07-14.49.12:746][  0]LogConfig: Setting CVar [[r.ViewDistanceScale:1.0]]
[2023.05.07-14.49.12:746][  0]LogConfig: Applying CVar settings from Section [AntiAliasingQuality@3] File [E:/Asus/Documents/GitHub/TheTroubleMakers/Unreal Engine Project/SpeedLimit_UniAzad/Saved/Config/Windows/Scalability.ini]
[2023.05.07-14.49.12:746][  0]LogConfig: Setting CVar [[r.PostProcessAAQuality:4]]
[2023.05.07-14.49.12:746][  0]LogConfig: Applying CVar settings from Section [ShadowQuality@3] File [E:/Asus/Documents/GitHub/TheTroubleMakers/Unreal Engine Project/SpeedLimit_UniAzad/Saved/Config/Windows/Scalability.ini]
[2023.05.07-14.49.12:746][  0]LogConfig: Setting CVar [[r.LightFunctionQuality:1]]
[2023.05.07-14.49.12:746][  0]LogConfig: Setting CVar [[r.ShadowQuality:5]]
[2023.05.07-14.49.12:746][  0]LogConfig: Setting CVar [[r.Shadow.CSM.MaxCascades:10]]
[2023.05.07-14.49.12:746][  0]LogConfig: Setting CVar [[r.Shadow.MaxResolution:2048]]
[2023.05.07-14.49.12:746][  0]LogConfig: Setting CVar [[r.Shadow.MaxCSMResolution:2048]]
[2023.05.07-14.49.12:746][  0]LogConfig: Setting CVar [[r.Shadow.RadiusThreshold:0.01]]
[2023.05.07-14.49.12:746][  0]LogConfig: Setting CVar [[r.Shadow.DistanceScale:1.0]]
[2023.05.07-14.49.12:746][  0]LogConfig: Setting CVar [[r.Shadow.CSM.TransitionScale:1.0]]
[2023.05.07-14.49.12:746][  0]LogConfig: Setting CVar [[r.Shadow.PreShadowResolutionFactor:1.0]]
[2023.05.07-14.49.12:746][  0]LogConfig: Setting CVar [[r.DistanceFieldShadowing:1]]
[2023.05.07-14.49.12:746][  0]LogConfig: Setting CVar [[r.DistanceFieldAO:1]]
[2023.05.07-14.49.12:746][  0]LogConfig: Setting CVar [[r.AOQuality:2]]
[2023.05.07-14.49.12:746][  0]LogConfig: Setting CVar [[r.VolumetricFog:1]]
[2023.05.07-14.49.12:746][  0]LogConfig: Setting CVar [[r.VolumetricFog.GridPixelSize:8]]
[2023.05.07-14.49.12:746][  0]LogConfig: Setting CVar [[r.VolumetricFog.GridSizeZ:128]]
[2023.05.07-14.49.12:746][  0]LogConfig: Setting CVar [[r.VolumetricFog.HistoryMissSupersampleCount:4]]
[2023.05.07-14.49.12:746][  0]LogConfig: Setting CVar [[r.LightMaxDrawDistanceScale:1]]
[2023.05.07-14.49.12:746][  0]LogConfig: Setting CVar [[r.CapsuleShadows:1]]
[2023.05.07-14.49.12:746][  0]LogConfig: Applying CVar settings from Section [PostProcessQuality@3] File [E:/Asus/Documents/GitHub/TheTroubleMakers/Unreal Engine Project/SpeedLimit_UniAzad/Saved/Config/Windows/Scalability.ini]
[2023.05.07-14.49.12:746][  0]LogConfig: Setting CVar [[r.MotionBlurQuality:4]]
[2023.05.07-14.49.12:746][  0]LogConfig: Setting CVar [[r.AmbientOcclusionMipLevelFactor:0.4]]
[2023.05.07-14.49.12:746][  0]LogConfig: Setting CVar [[r.AmbientOcclusionMaxQuality:100]]
[2023.05.07-14.49.12:746][  0]LogConfig: Setting CVar [[r.AmbientOcclusionLevels:-1]]
[2023.05.07-14.49.12:746][  0]LogConfig: Setting CVar [[r.AmbientOcclusionRadiusScale:1.0]]
[2023.05.07-14.49.12:746][  0]LogConfig: Setting CVar [[r.DepthOfFieldQuality:2]]
[2023.05.07-14.49.12:746][  0]LogConfig: Setting CVar [[r.RenderTargetPoolMin:400]]
[2023.05.07-14.49.12:746][  0]LogConfig: Setting CVar [[r.LensFlareQuality:2]]
[2023.05.07-14.49.12:746][  0]LogConfig: Setting CVar [[r.SceneColorFringeQuality:1]]
[2023.05.07-14.49.12:746][  0]LogConfig: Setting CVar [[r.EyeAdaptationQuality:2]]
[2023.05.07-14.49.12:746][  0]LogConfig: Setting CVar [[r.BloomQuality:5]]
[2023.05.07-14.49.12:746][  0]LogConfig: Setting CVar [[r.FastBlurThreshold:100]]
[2023.05.07-14.49.12:746][  0]LogConfig: Setting CVar [[r.Upscale.Quality:3]]
[2023.05.07-14.49.12:746][  0]LogConfig: Setting CVar [[r.Tonemapper.GrainQuantization:1]]
[2023.05.07-14.49.12:746][  0]LogConfig: Setting CVar [[r.LightShaftQuality:1]]
[2023.05.07-14.49.12:746][  0]LogConfig: Setting CVar [[r.Filter.SizeScale:1]]
[2023.05.07-14.49.12:746][  0]LogConfig: Setting CVar [[r.Tonemapper.Quality:5]]
[2023.05.07-14.49.12:746][  0]LogConfig: Setting CVar [[r.DOF.Gather.AccumulatorQuality:1        ; higher gathering accumulator quality]]
[2023.05.07-14.49.12:746][  0]LogConfig: Setting CVar [[r.DOF.Gather.PostfilterMethod:1          ; Median3x3 postfilering method]]
[2023.05.07-14.49.12:746][  0]LogConfig: Setting CVar [[r.DOF.Gather.EnableBokehSettings:0       ; no bokeh simulation when gathering]]
[2023.05.07-14.49.12:746][  0]LogConfig: Setting CVar [[r.DOF.Gather.RingCount:4                 ; medium number of samples when gathering]]
[2023.05.07-14.49.12:746][  0]LogConfig: Setting CVar [[r.DOF.Scatter.ForegroundCompositing:1    ; additive foreground scattering]]
[2023.05.07-14.49.12:746][  0]LogConfig: Setting CVar [[r.DOF.Scatter.BackgroundCompositing:2    ; additive background scattering]]
[2023.05.07-14.49.12:746][  0]LogConfig: Setting CVar [[r.DOF.Scatter.EnableBokehSettings:1      ; bokeh simulation when scattering]]
[2023.05.07-14.49.12:746][  0]LogConfig: Setting CVar [[r.DOF.Scatter.MaxSpriteRatio:0.1         ; only a maximum of 10% of scattered bokeh]]
[2023.05.07-14.49.12:746][  0]LogConfig: Setting CVar [[r.DOF.Recombine.Quality:1                ; cheap slight out of focus]]
[2023.05.07-14.49.12:746][  0]LogConfig: Setting CVar [[r.DOF.Recombine.EnableBokehSettings:0    ; no bokeh simulation on slight out of focus]]
[2023.05.07-14.49.12:746][  0]LogConfig: Setting CVar [[r.DOF.TemporalAAQuality:1                ; more stable temporal accumulation]]
[2023.05.07-14.49.12:746][  0]LogConfig: Setting CVar [[r.DOF.Kernel.MaxForegroundRadius:0.025]]
[2023.05.07-14.49.12:746][  0]LogConfig: Setting CVar [[r.DOF.Kernel.MaxBackgroundRadius:0.025]]
[2023.05.07-14.49.12:746][  0]LogConfig: Applying CVar settings from Section [TextureQuality@3] File [E:/Asus/Documents/GitHub/TheTroubleMakers/Unreal Engine Project/SpeedLimit_UniAzad/Saved/Config/Windows/Scalability.ini]
[2023.05.07-14.49.12:746][  0]LogConfig: Setting CVar [[r.Streaming.MipBias:0]]
[2023.05.07-14.49.12:746][  0]LogConfig: Setting CVar [[r.Streaming.AmortizeCPUToGPUCopy:0]]
[2023.05.07-14.49.12:746][  0]LogConfig: Setting CVar [[r.Streaming.MaxNumTexturesToStreamPerFrame:0]]
[2023.05.07-14.49.12:746][  0]LogConfig: Setting CVar [[r.Streaming.Boost:1]]
[2023.05.07-14.49.12:746][  0]LogConfig: Setting CVar [[r.MaxAnisotropy:8]]
[2023.05.07-14.49.12:746][  0]LogConfig: Setting CVar [[r.VT.MaxAnisotropy:8]]
[2023.05.07-14.49.12:746][  0]LogConfig: Setting CVar [[r.Streaming.LimitPoolSizeToVRAM:0]]
[2023.05.07-14.49.12:746][  0]LogConfig: Setting CVar [[r.Streaming.PoolSize:1000]]
[2023.05.07-14.49.12:746][  0]LogConfig: Setting CVar [[r.Streaming.MaxEffectiveScreenSize:0]]
[2023.05.07-14.49.12:746][  0]LogConfig: Applying CVar settings from Section [EffectsQuality@3] File [E:/Asus/Documents/GitHub/TheTroubleMakers/Unreal Engine Project/SpeedLimit_UniAzad/Saved/Config/Windows/Scalability.ini]
[2023.05.07-14.49.12:746][  0]LogConfig: Setting CVar [[r.TranslucencyLightingVolumeDim:64]]
[2023.05.07-14.49.12:746][  0]LogConfig: Setting CVar [[r.RefractionQuality:2]]
[2023.05.07-14.49.12:746][  0]LogConfig: Setting CVar [[r.SSR.Quality:3]]
[2023.05.07-14.49.12:746][  0]LogConfig: Setting CVar [[r.SSR.HalfResSceneColor:0]]
[2023.05.07-14.49.12:746][  0]LogConfig: Setting CVar [[r.SceneColorFormat:4]]
[2023.05.07-14.49.12:746][  0]LogConfig: Setting CVar [[r.DetailMode:2]]
[2023.05.07-14.49.12:746][  0]LogConfig: Setting CVar [[r.TranslucencyVolumeBlur:1]]
[2023.05.07-14.49.12:746][  0]LogConfig: Setting CVar [[r.MaterialQualityLevel:1 ; High quality]]
[2023.05.07-14.49.12:746][  0]LogConfig: Setting CVar [[r.AnisotropicMaterials:1]]
[2023.05.07-14.49.12:746][  0]LogConfig: Setting CVar [[r.SSS.Scale:1]]
[2023.05.07-14.49.12:746][  0]LogConfig: Setting CVar [[r.SSS.SampleSet:2]]
[2023.05.07-14.49.12:746][  0]LogConfig: Setting CVar [[r.SSS.Quality:1]]
[2023.05.07-14.49.12:746][  0]LogConfig: Setting CVar [[r.SSS.HalfRes:0]]
[2023.05.07-14.49.12:746][  0]LogConfig: Setting CVar [[r.SSGI.Quality:3]]
[2023.05.07-14.49.12:746][  0]LogConfig: Setting CVar [[r.EmitterSpawnRateScale:1.0]]
[2023.05.07-14.49.12:746][  0]LogConfig: Setting CVar [[r.ParticleLightQuality:2]]
[2023.05.07-14.49.12:746][  0]LogConfig: Setting CVar [[r.SkyAtmosphere.AerialPerspectiveLUT.FastApplyOnOpaque:1 ; Always have FastSkyLUT 1 in this case to avoid wrong sky]]
[2023.05.07-14.49.12:746][  0]LogConfig: Setting CVar [[r.SkyAtmosphere.AerialPerspectiveLUT.SampleCountMaxPerSlice:4]]
[2023.05.07-14.49.12:746][  0]LogConfig: Setting CVar [[r.SkyAtmosphere.AerialPerspectiveLUT.DepthResolution:16.0]]
[2023.05.07-14.49.12:746][  0]LogConfig: Setting CVar [[r.SkyAtmosphere.FastSkyLUT:1]]
[2023.05.07-14.49.12:746][  0]LogConfig: Setting CVar [[r.SkyAtmosphere.FastSkyLUT.SampleCountMin:4.0]]
[2023.05.07-14.49.12:746][  0]LogConfig: Setting CVar [[r.SkyAtmosphere.FastSkyLUT.SampleCountMax:128.0]]
[2023.05.07-14.49.12:746][  0]LogConfig: Setting CVar [[r.SkyAtmosphere.SampleCountMin:4.0]]
[2023.05.07-14.49.12:746][  0]LogConfig: Setting CVar [[r.SkyAtmosphere.SampleCountMax:128.0]]
[2023.05.07-14.49.12:746][  0]LogConfig: Setting CVar [[r.SkyAtmosphere.TransmittanceLUT.UseSmallFormat:0]]
[2023.05.07-14.49.12:746][  0]LogConfig: Setting CVar [[r.SkyAtmosphere.TransmittanceLUT.SampleCount:10.0]]
[2023.05.07-14.49.12:746][  0]LogConfig: Setting CVar [[r.SkyAtmosphere.MultiScatteringLUT.SampleCount:15.0]]
[2023.05.07-14.49.12:746][  0]LogConfig: Setting CVar [[r.SkyLight.RealTimeReflectionCapture:1]]
[2023.05.07-14.49.12:746][  0]LogConfig: Applying CVar settings from Section [FoliageQuality@3] File [E:/Asus/Documents/GitHub/TheTroubleMakers/Unreal Engine Project/SpeedLimit_UniAzad/Saved/Config/Windows/Scalability.ini]
[2023.05.07-14.49.12:746][  0]LogConfig: Setting CVar [[foliage.DensityScale:1.0]]
[2023.05.07-14.49.12:746][  0]LogConfig: Setting CVar [[grass.DensityScale:1.0]]
[2023.05.07-14.49.12:746][  0]LogConfig: Applying CVar settings from Section [ShadingQuality@3] File [E:/Asus/Documents/GitHub/TheTroubleMakers/Unreal Engine Project/SpeedLimit_UniAzad/Saved/Config/Windows/Scalability.ini]
[2023.05.07-14.49.12:746][  0]LogConfig: Setting CVar [[r.HairStrands.SkyLighting.IntegrationType:2]]
[2023.05.07-14.49.12:746][  0]LogConfig: Setting CVar [[r.HairStrands.SkyAO.SampleCount:4]]
[2023.05.07-14.49.12:746][  0]LogConfig: Setting CVar [[r.HairStrands.Visibility.MSAA.SamplePerPixel:4]]
[2023.05.07-14.49.12:746][  0]LogConfig: Applying CVar settings from Section [Startup] File [../../../Engine/Config/ConsoleVariables.ini]
[2023.05.07-14.49.12:747][  0]LogConfig: Setting CVar [[net.UseAdaptiveNetUpdateFrequency:0]]
[2023.05.07-14.49.12:747][  0]LogConfig: Setting CVar [[p.chaos.AllowCreatePhysxBodies:1]]
[2023.05.07-14.49.12:747][  0]LogConfig: Setting CVar [[fx.SkipVectorVMBackendOptimizations:1]]
[2023.05.07-14.49.12:747][  0]LogConfig: Applying CVar settings from Section [ConsoleVariables] File [E:/Asus/Documents/GitHub/TheTroubleMakers/Unreal Engine Project/SpeedLimit_UniAzad/Saved/Config/Windows/Engine.ini]
[2023.05.07-14.49.12:747][  0]LogConfig: Applying CVar settings from Section [ConsoleVariables] File [E:/Asus/Documents/GitHub/TheTroubleMakers/Unreal Engine Project/SpeedLimit_UniAzad/Saved/Config/Windows/Editor.ini]
[2023.05.07-14.49.12:747][  0]LogInit: Computer: LAPTOP-ENHDEN5K
[2023.05.07-14.49.12:747][  0]LogInit: User: Asus
[2023.05.07-14.49.12:747][  0]LogInit: CPU Page size=4096, Cores=4
[2023.05.07-14.49.12:747][  0]LogInit: High frequency timer resolution =10.000000 MHz
[2023.05.07-14.49.12:747][  0]LogMemory: Memory total: Physical=15.7GB (16GB approx)
[2023.05.07-14.49.12:747][  0]LogMemory: Platform Memory Stats for Windows
[2023.05.07-14.49.12:747][  0]LogMemory: Process Physical Memory: 141.89 MB used, 141.89 MB peak
[2023.05.07-14.49.12:747][  0]LogMemory: Process Virtual Memory: 132.97 MB used, 132.97 MB peak
[2023.05.07-14.49.12:747][  0]LogMemory: Physical Memory: 9201.05 MB used,  6874.36 MB free, 16075.41 MB total
[2023.05.07-14.49.12:747][  0]LogMemory: Virtual Memory: 134210104.00 MB used,  7627.39 MB free, 134217728.00 MB total
[2023.05.07-14.49.12:752][  0]LogWindows: WindowsPlatformFeatures enabled
[2023.05.07-14.49.12:780][  0]LogInit: Physics initialised using underlying interface: PhysX
[2023.05.07-14.49.12:781][  0]LogInit: Using OS detected language (en-US).
[2023.05.07-14.49.12:781][  0]LogInit: Using OS detected locale (en-US).
[2023.05.07-14.49.12:783][  0]LogTextLocalizationManager: No specific localization for 'en-US' exists, so the 'en' localization will be used.
[2023.05.07-14.49.12:927][  0]LogInit: Setting process to per monitor DPI aware
[2023.05.07-14.49.12:944][  0]LogWindowsTextInputMethodSystem: Display: IME system deactivated.
[2023.05.07-14.49.12:954][  0]LogSlate: New Slate User Created.  User Index 0, Is Virtual User: 0
[2023.05.07-14.49.12:954][  0]LogSlate: Slate User Registered.  User Index 0, Is Virtual User: 0
[2023.05.07-14.49.13:044][  0]LogD3D11RHI: Loaded GFSDK_Aftermath_Lib.x64.dll
[2023.05.07-14.49.13:073][  0]LogHMD: Failed to initialize OpenVR with code 110
[2023.05.07-14.49.13:073][  0]LogD3D11RHI: D3D11 min allowed feature level: 11_0
[2023.05.07-14.49.13:073][  0]LogD3D11RHI: D3D11 max allowed feature level: 11_0
[2023.05.07-14.49.13:073][  0]LogD3D11RHI: D3D11 adapters:
[2023.05.07-14.49.13:183][  0]LogD3D11RHI:    0. 'NVIDIA GeForce MX450' (Feature Level 11_0)
[2023.05.07-14.49.13:183][  0]LogD3D11RHI:       1920/0/8037 MB DedicatedVideo/DedicatedSystem/SharedSystem, Outputs:2, VendorId:0x10de
[2023.05.07-14.49.13:208][  0]LogD3D11RHI:    1. 'Intel(R) Iris(R) Xe Graphics' (Feature Level 11_0)
[2023.05.07-14.49.13:208][  0]LogD3D11RHI:       128/0/8037 MB DedicatedVideo/DedicatedSystem/SharedSystem, Outputs:0, VendorId:0x8086
[2023.05.07-14.49.13:209][  0]LogD3D11RHI:    2. 'Microsoft Basic Render Driver' (Feature Level 11_0)
[2023.05.07-14.49.13:209][  0]LogD3D11RHI:       0/0/8037 MB DedicatedVideo/DedicatedSystem/SharedSystem, Outputs:0, VendorId:0x1414
[2023.05.07-14.49.13:209][  0]LogD3D11RHI: Chosen D3D11 Adapter: 0
[2023.05.07-14.49.13:214][  0]LogD3D11RHI: Creating new Direct3DDevice
[2023.05.07-14.49.13:215][  0]LogD3D11RHI:     GPU DeviceId: 0x1f97 (for the marketing name, search the web for "GPU Device Id")
[2023.05.07-14.49.13:215][  0]LogWindows: EnumDisplayDevices:
[2023.05.07-14.49.13:215][  0]LogWindows:    0. 'Intel(R) Iris(R) Xe Graphics' (P:1 D:1)
[2023.05.07-14.49.13:215][  0]LogWindows:    1. 'Intel(R) Iris(R) Xe Graphics' (P:0 D:1)
[2023.05.07-14.49.13:215][  0]LogWindows:    2. 'Intel(R) Iris(R) Xe Graphics' (P:0 D:0)
[2023.05.07-14.49.13:215][  0]LogWindows:    3. 'Intel(R) Iris(R) Xe Graphics' (P:0 D:0)
[2023.05.07-14.49.13:215][  0]LogWindows: DebugString: PrimaryIsNotTheChoosenAdapter PrimaryIsNotTheChoosenAdapter PrimaryIsNotTheChoosenAdapter PrimaryIsNotTheChoosenAdapter FoundDriverCount:0 
[2023.05.07-14.49.13:215][  0]LogD3D11RHI:     Adapter Name: NVIDIA GeForce MX450
[2023.05.07-14.49.13:215][  0]LogD3D11RHI:   Driver Version: Unknown (internal:Unknown, unified:Unknown)
[2023.05.07-14.49.13:215][  0]LogD3D11RHI:      Driver Date: Unknown
[2023.05.07-14.49.13:215][  0]LogRHI: Texture pool is 1344 MB (70% of 1920 MB)
[2023.05.07-14.49.13:271][  0]LogD3D11RHI: RHI has support for 64 bit atomics
[2023.05.07-14.49.13:271][  0]LogD3D11RHI: Async texture creation enabled
[2023.05.07-14.49.13:271][  0]LogD3D11RHI: Array index from any shader is supported
[2023.05.07-14.49.13:289][  0]LogD3D11RHI: GPU Timing Frequency: 1000.000000 (Debug: 2 2)
[2023.05.07-14.49.13:307][  0]LogRHI: GeForceNow SDK initialized: 1
[2023.05.07-14.49.13:533][  0]LogTargetPlatformManager: Display: Loaded TargetPlatform 'AllDesktop'
[2023.05.07-14.49.13:547][  0]LogTargetPlatformManager: Display: Loaded TargetPlatform 'Android'
[2023.05.07-14.49.13:547][  0]LogTargetPlatformManager: Display: Loaded TargetPlatform 'Android_ASTC'
[2023.05.07-14.49.13:547][  0]LogTargetPlatformManager: Display: Loaded TargetPlatform 'Android_DXT'
[2023.05.07-14.49.13:547][  0]LogTargetPlatformManager: Display: Loaded TargetPlatform 'Android_ETC2'
[2023.05.07-14.49.13:547][  0]LogTargetPlatformManager: Display: Loaded TargetPlatform 'AndroidClient'
[2023.05.07-14.49.13:547][  0]LogTargetPlatformManager: Display: Loaded TargetPlatform 'Android_ASTCClient'
[2023.05.07-14.49.13:547][  0]LogTargetPlatformManager: Display: Loaded TargetPlatform 'Android_DXTClient'
[2023.05.07-14.49.13:547][  0]LogTargetPlatformManager: Display: Loaded TargetPlatform 'Android_ETC2Client'
[2023.05.07-14.49.13:547][  0]LogTargetPlatformManager: Display: Loaded TargetPlatform 'Android_Multi'
[2023.05.07-14.49.13:547][  0]LogTargetPlatformManager: Display: Loaded TargetPlatform 'Android_MultiClient'
[2023.05.07-14.49.13:560][  0]LogTargetPlatformManager: Display: Loaded TargetPlatform 'IOSClient'
[2023.05.07-14.49.13:560][  0]LogTargetPlatformManager: Display: Loaded TargetPlatform 'IOS'
[2023.05.07-14.49.13:566][  0]LogTargetPlatformManager: Display: Loaded TargetPlatform 'Linux'
[2023.05.07-14.49.13:570][  0]LogTargetPlatformManager: Display: Loaded TargetPlatform 'LinuxNoEditor'
[2023.05.07-14.49.13:572][  0]LogTargetPlatformManager: Display: Loaded TargetPlatform 'LinuxClient'
[2023.05.07-14.49.13:575][  0]LogTargetPlatformManager: Display: Loaded TargetPlatform 'LinuxServer'
[2023.05.07-14.49.13:580][  0]LogTargetPlatformManager: Display: Loaded TargetPlatform 'LinuxAArch64NoEditor'
[2023.05.07-14.49.13:583][  0]LogTargetPlatformManager: Display: Loaded TargetPlatform 'LinuxAArch64Client'
[2023.05.07-14.49.13:586][  0]LogTargetPlatformManager: Display: Loaded TargetPlatform 'LinuxAArch64Server'
[2023.05.07-14.49.13:599][  0]LogTargetPlatformManager: Display: Loaded TargetPlatform 'Lumin'
[2023.05.07-14.49.13:599][  0]LogTargetPlatformManager: Display: Loaded TargetPlatform 'LuminClient'
[2023.05.07-14.49.13:604][  0]LogTargetPlatformManager: Display: Loaded TargetPlatform 'MacNoEditor'
[2023.05.07-14.49.13:607][  0]LogTargetPlatformManager: Display: Loaded TargetPlatform 'Mac'
[2023.05.07-14.49.13:610][  0]LogTargetPlatformManager: Display: Loaded TargetPlatform 'MacClient'
[2023.05.07-14.49.13:612][  0]LogTargetPlatformManager: Display: Loaded TargetPlatform 'MacServer'
[2023.05.07-14.49.13:618][  0]LogTargetPlatformManager: Display: Loaded TargetPlatform 'TVOSClient'
[2023.05.07-14.49.13:618][  0]LogTargetPlatformManager: Display: Loaded TargetPlatform 'TVOS'
[2023.05.07-14.49.13:624][  0]LogTargetPlatformManager: Display: Loaded TargetPlatform 'WindowsNoEditor'
[2023.05.07-14.49.13:626][  0]LogTargetPlatformManager: Display: Loaded TargetPlatform 'Windows'
[2023.05.07-14.49.13:629][  0]LogTargetPlatformManager: Display: Loaded TargetPlatform 'WindowsClient'
[2023.05.07-14.49.13:631][  0]LogTargetPlatformManager: Display: Loaded TargetPlatform 'WindowsServer'
[2023.05.07-14.49.13:632][  0]LogTargetPlatformManager: Display: Building Assets For Windows
[2023.05.07-14.49.13:635][  0]LogAudioDebug: Display: Lib vorbis DLL was dynamically loaded.
[2023.05.07-14.49.13:652][  0]LogTextureFormatOodle: Display: Oodle Texture 2.9.0 init RDO Off
[2023.05.07-14.49.13:671][  0]LogRendererCore: Ray tracing is disabled. Reason: r.RayTracing=0.
[2023.05.07-14.49.13:671][  0]LogShaderCompilers: Guid format shader working directory is -53 characters bigger than the processId version (../../../../../../Asus/Documents/GitHub/TheTroubleMakers/Unreal Engine Project/SpeedLimit_UniAzad/Intermediate/Shaders/WorkingDirectory/17260/).
[2023.05.07-14.49.13:671][  0]LogShaderCompilers: Cleaned the shader compiler working directory 'C:/Users/Asus/AppData/Local/Temp/UnrealShaderWorkingDir/6C53E2604570BD9BD2A8B1AEA6EC1C9F/'.
[2023.05.07-14.49.13:671][  0]LogXGEController: Cannot use XGE Controller as Incredibuild is not installed on this machine.
[2023.05.07-14.49.13:671][  0]LogShaderCompilers: Cannot use XGE Shader Compiler as Incredibuild is not installed on this machine.
[2023.05.07-14.49.13:671][  0]LogShaderCompilers: Display: Using Local Shader Compiler.
[2023.05.07-14.49.14:213][  0]LogDerivedDataCache: Display: Max Cache Size: 512 MB
[2023.05.07-14.49.14:256][  0]LogDerivedDataCache: Loaded boot cache 0.04s 95MB C:/Users/Asus/AppData/Local/UnrealEngine/4.27/DerivedDataCache/Boot.ddc.
[2023.05.07-14.49.14:256][  0]LogDerivedDataCache: Display: Loaded Boot cache: C:/Users/Asus/AppData/Local/UnrealEngine/4.27/DerivedDataCache/Boot.ddc
[2023.05.07-14.49.14:256][  0]LogDerivedDataCache: FDerivedDataBackendGraph:  Pak pak cache file ../../../../../../Asus/Documents/GitHub/TheTroubleMakers/Unreal Engine Project/SpeedLimit_UniAzad/DerivedDataCache/DDC.ddp not found, will not use a pak cache.
[2023.05.07-14.49.14:256][  0]LogDerivedDataCache: Unable to find inner node Pak for hierarchical cache Hierarchy.
[2023.05.07-14.49.14:256][  0]LogDerivedDataCache: FDerivedDataBackendGraph:  CompressedPak pak cache file ../../../../../../Asus/Documents/GitHub/TheTroubleMakers/Unreal Engine Project/SpeedLimit_UniAzad/DerivedDataCache/Compressed.ddp not found, will not use a pak cache.
[2023.05.07-14.49.14:256][  0]LogDerivedDataCache: Unable to find inner node CompressedPak for hierarchical cache Hierarchy.
[2023.05.07-14.49.14:267][  0]LogDerivedDataCache: Display: Pak cache opened for reading ../../../Engine/DerivedDataCache/Compressed.ddp.
[2023.05.07-14.49.14:267][  0]LogDerivedDataCache: FDerivedDataBackendGraph:  EnterprisePak pak cache file ../../../Enterprise/DerivedDataCache/Compressed.ddp not found, will not use a pak cache.
[2023.05.07-14.49.14:267][  0]LogDerivedDataCache: Unable to find inner node EnterprisePak for hierarchical cache Hierarchy.
[2023.05.07-14.49.14:272][  0]LogDerivedDataCache: Speed tests for C:/Users/Asus/AppData/Local/UnrealEngine/Common/DerivedDataCache took 0.00 seconds
[2023.05.07-14.49.14:272][  0]LogDerivedDataCache: Display: Performance to C:/Users/Asus/AppData/Local/UnrealEngine/Common/DerivedDataCache: Latency=0.01ms. RandomReadSpeed=1638.79MBs, RandomWriteSpeed=231.72MBs. Assigned SpeedClass 'Local'
[2023.05.07-14.49.14:273][  0]LogDerivedDataCache: Using Local data cache path C:/Users/Asus/AppData/Local/UnrealEngine/Common/DerivedDataCache: Writable
[2023.05.07-14.49.14:273][  0]LogDerivedDataCache: Shared data cache path not found in *engine.ini, will not use an Shared cache.
[2023.05.07-14.49.14:273][  0]LogDerivedDataCache: Unable to find inner node Shared for hierarchical cache Hierarchy.
[2023.05.07-14.49.14:307][  0]LogSlate: Using FreeType 2.10.0
[2023.05.07-14.49.14:308][  0]LogSlate: SlateFontServices - WITH_FREETYPE: 1, WITH_HARFBUZZ: 1
[2023.05.07-14.49.14:327][  0]LogAssetRegistry: FAssetRegistry took 0.0020 seconds to start up
[2023.05.07-14.49.14:490][  0]LogInit: Selected Device Profile: [Windows]
[2023.05.07-14.49.14:490][  0]LogInit: Active device profile: [0000014D8199EC00][0000014DF90196C0 49] Windows
[2023.05.07-14.49.14:490][  0]LogInit: Profiles: [0000014D8199EC00][0000014DF90196C0 49] Windows, [0000014D81948C00][0000014DF9021980 49] WindowsNoEditor, [0000014D8199E800][0000014DFE8400C0 49] WindowsServer, [0000014D8199D700][0000014DFE844380 49] WindowsClient, [0000014D8199E900][0000014DFE848640 49] IOS, [0000014D8194A200][0000014DFE84C900 49] iPadAir, [0000014D81944300][0000014DFE850BC0 49] iPadAir2, [0000014D818E9300][0000014D81E53080 49] IPadPro, [0000014D818E9400][0000014DF901D0C0 49] iPadAir3, [0000014D81944200][0000014DFE85D380 49] iPadAir4, [0000014D818E8200][0000014DFE859640 49] iPadMini2, [0000014D81944100][0000014D81E57900 49] iPadMini3, [0000014D818EAC00][0000014DFA9E3BC0 49] iPadMini4, [0000014D81947B00][0000014DFA9FE300 49] iPadMini5, [0000014D8194B700][0000014DF8B3E840 49] iPhone6, [0000014D8194B000][0000014DF8B2E880 49] iPodTouch6, [0000014D818EBC00][0000014DFB068DC0 49] iPhone7, [0000014D818EBB00][0000014DF8B36E00 49] iPodTouch7, [0000014D81948300][0000014DFE855080 49] iPhone5S, [0000014D818E8A00][0000014DF8B3B300 49] iPhone6Plus, [0000014D8194B300][0000014DFB0655C0 49] iPhone6S, [0000014D818EB800][0000014DFAA47880 49] iPhone6SPlus, [0000014D8194BF00][0000014DFAA4BB40 49] iPhone7Plus, [0000014D818E9000][0000014DFAA4E280 49] iPhoneSE, [0000014D81948200][0000014DFAA52540 49] iPhone8, [0000014D818E9F00][0000014DFAA56800 49] iPhone8Plus, [0000014D81949200][0000014DFAA66AC0 49] iPhoneX, [0000014D818E9C00][0000014D81E5ED80 49] iPhoneXS, [0000014D8194A900][0000014DF8AB1040 49] iPhoneXSMax, [0000014D818EB200][0000014DF8B332C0 49] iPhoneXR, [0000014D81949400][0000014DF8AB9540 49] iPhone11, [0000014D818E9B00][0000014DF8AC1800 49] iPhone11Pro, [0000014D8194A300][0000014DF8AEBAC0 49] iPhone11ProMax, [0000014D818E9700][0000014DF8AEE200 49] iPhoneSE2, [0000014D81949E00][0000014DF8AFA4C0 49] iPhone12Mini, [0000014D818EA500][0000014DF8B26780 49] iPhone12, [0000014D8194B100][0000014DF8B2AA40 49] iPhone12Pro, [0000014D818EBF00][0000014DFB01CD00 49] iPhone12ProMax, [0000014D81948700][0000014DFB05AFC0 49] iPadPro105, [0000014D818E8E00][0000014DFB05F280 49] iPadPro129, [0000014D8194B800][0000014DF8ABD500 49] iPadPro97, [0000014D818E8600][0000014D823E3780 49] iPadPro2_129, [0000014D81948F00][0000014D823EBA40 49] iPad5, [0000014D818E9600][0000014D823EE180 49] iPad6, [0000014D8194A600][0000014D823F2440 49] iPad7, [0000014D818EB400][0000014D81FFA700 49] iPad8, [0000014D81949D00][0000014DFA9C89C0 49] iPadPro11, [0000014D818E9900][0000014DFA9DCC80 49] iPadPro2_11, [0000014D81949800][0000014D823F6F40 49] iPadPro3_129, [0000014D818E9800][0000014D823FB200 49] iPadPro4_129, [0000014D8194AC00][0000014D823FF4C0 49] AppleTV, [0000014D818EBD00][0000014D823E7740 49] AppleTV4K, [0000014D81948600][0000014D824039C0 49] TVOS, [0000014D818EBE00][0000014DFE5D2100 49] Mac, [0000014D81948B00][0000014DFE5D63C0 49] MacClient, [0000014D818EBA00][0000014D825E6680 49] MacNoEditor, [0000014D81949500][0000014D825EE940 49] MacServer, [0000014D818EA100][0000014D825F6C00 49] Linux, [0000014D8194B600][0000014D82714EC0 49] LinuxAArch64, [0000014D818E8100][0000014D82721180 49] LinuxNoEditor, [0000014D8194BE00][0000014D8272D440 49] LinuxAArch64NoEditor, [0000014D818EAE00][0000014D82731700 49] LinuxClient, [0000014D8194AD00][0000014D8240B980 49] LinuxAArch64Client, [0000014D818E8900][0000014D8277A0C0 49] LinuxServer, [0000014D81949900][0000014D8278E380 49] LinuxAArch64Server, [0000014D818EB000][0000014D82792640 49] Android, [0000014D81949F00][0000014D82796900 49] Android_Low, [0000014D818EB300][0000014D8279ABC0 49] Android_Mid, [0000014D8194BD00][0000014D8279EE80 49] Android_High, [0000014D8199C200][0000014D82819140 49] Android_Default, [0000014D81946400][0000014D8281D400 49] Android_Adreno4xx, [0000014D8199E000][0000014D81F616C0 49] Android_Adreno5xx_Low, [0000014D81944F00][0000014D82777940 49] Android_Adreno5xx, [0000014D8199D300][0000014D81F65BC0 49] Android_Adreno6xx, [0000014D81944800][0000014D81F6C300 49] Android_Adreno6xx_Vulkan, [0000014D8199D100][0000014D81F8A5C0 49] Android_Mali_T6xx, [0000014D81947100][0000014D81F8E880 49] Android_Mali_T7xx, [0000014D8199C500][0000014D81F92B40 49] Android_Mali_T8xx, [0000014D81947D00][0000014D81F96E00 49] Android_Mali_G71, [0000014D8199C300][0000014D821D50C0 49] Android_Mali_G72, [0000014D81945A00][0000014D82221380 49] Android_Mali_G72_Vulkan, [0000014D8199D500][0000014D82225640 49] Android_Mali_G76, [0000014D81944600][0000014D82229900 49] Android_Mali_G76_Vulkan, [0000014D8199C600][0000014D81F69B80 49] Android_Mali_G77, [0000014D81946000][0000014D82278280 49] Android_Mali_G77_Vulkan, [0000014D8199DB00][0000014D82280540 49] Android_Mali_G78, [0000014D81944C00][0000014D82284800 49] Android_Mali_G78_Vulkan, [0000014D8199CB00][0000014D822CAAC0 49] Android_Mali_G710, [0000014D81946600][0000014DFA932D80 49] Android_Mali_G710_Vulkan, [0000014D8199C700][0000014DFA937040 49] Android_Vulkan_SM5, [0000014D81947800][0000014DFA93B300 49] Android_PowerVR_G6xxx, [0000014D8199E200][0000014D822895C0 49] Android_PowerVR_GT7xxx, [0000014D81947000][0000014D8228D880 49] Android_PowerVR_GE8xxx, [0000014D8194B200][0000014D82291B40 49] Android_PowerVR_GM9xxx, [0000014D818EA800][0000014D8227C240 49] Android_PowerVR_GM9xxx_Vulkan, [0000014D81947900][0000014D8222C4C0 49] Android_TegraK1, [0000014D818EA300][0000014D822BA780 49] Android_Unknown_Vulkan, [0000014D81946900][0000014D8237AA40 49] Lumin, [0000014D8199EE00][0000014D822C0D00 49] Lumin_Desktop, [0000014D81949700][0000014D8237EFC0 49] HoloLens, 
[2023.05.07-14.49.14:583][  0]LogMeshReduction: Using QuadricMeshReduction for automatic static mesh reduction
[2023.05.07-14.49.14:583][  0]LogMeshReduction: Using SimplygonMeshReduction for automatic skeletal mesh reduction
[2023.05.07-14.49.14:583][  0]LogMeshReduction: Using ProxyLODMeshReduction for automatic mesh merging
[2023.05.07-14.49.14:583][  0]LogMeshReduction: No distributed automatic mesh merging module available
[2023.05.07-14.49.14:583][  0]LogMeshMerging: No distributed automatic mesh merging module available
[2023.05.07-14.49.14:593][  0]LogNetVersion: SpeedLimit_UniAzad 1.0.0, NetCL: 17155196, EngineNetVer: 17, GameNetVer: 0 (Checksum: 2338214234)
[2023.05.07-14.49.14:859][  0]LogTexture: Default maximum texture size for cubemaps generated from long-lat sources has been changed from 512 to unlimited. In order to preserve old behaiour for '/Engine/MapTemplates/Sky/DaylightAmbientCubemap.DaylightAmbientCubemap', its maximum texture size has been explicitly set to 512.
[2023.05.07-14.49.14:899][  0]LogHMD: PokeAHoleMaterial loaded successfully
[2023.05.07-14.49.14:903][  0]LogUObjectArray: 17178 objects as part of root set at end of initial load.
[2023.05.07-14.49.14:903][  0]LogUObjectAllocator: 4301856 out of 0 bytes used by permanent object pool.
[2023.05.07-14.49.14:903][  0]LogUObjectArray: CloseDisregardForGC: 0/0 objects in disregard for GC pool
[2023.05.07-14.49.15:081][  0]LogNiagaraDebuggerClient: Niagara Debugger Client Initialized | Session: 98E280A04ED12CE5224F6688587EBC19 | Instance: 5B35FACD4C1C3DA635DC3B96672FA093 (LAPTOP-ENHDEN5K-17260).
[2023.05.07-14.49.15:106][  0]LogStreaming: Warning: Failed to read file '../../../Engine/Content/Editor/Slate/Niagara/MenuSeparator.png' error.
[2023.05.07-14.49.15:106][  0]LogSlate: Could not find file for Slate resource: ../../../Engine/Content/Editor/Slate/Niagara/MenuSeparator.png
[2023.05.07-14.49.15:106][  0]LogStreaming: Warning: Failed to read file '../../../Engine/Content/Editor/Slate/Niagara/Common/Selector.png' error.
[2023.05.07-14.49.15:106][  0]LogSlate: Could not find file for Slate resource: ../../../Engine/Content/Editor/Slate/Niagara/Common/Selector.png
[2023.05.07-14.49.15:106][  0]LogStreaming: Warning: Failed to read file '../../../Engine/Content/Editor/Slate/Niagara/Common/Selection.png' error.
[2023.05.07-14.49.15:106][  0]LogSlate: Could not find file for Slate resource: ../../../Engine/Content/Editor/Slate/Niagara/Common/Selection.png
[2023.05.07-14.49.15:106][  0]LogStreaming: Warning: Failed to read file '../../../Engine/Content/Editor/Slate/Niagara/Common/DropZoneIndicator_Above.png' error.
[2023.05.07-14.49.15:106][  0]LogSlate: Could not find file for Slate resource: ../../../Engine/Content/Editor/Slate/Niagara/Common/DropZoneIndicator_Above.png
[2023.05.07-14.49.15:106][  0]LogImageWrapper: Warning: PNG Warning: Duplicate iCCP chunk
[2023.05.07-14.49.15:106][  0]LogStreaming: Warning: Failed to read file '../../../Engine/Content/Editor/Slate/Niagara/Common/DropZoneIndicator_Onto.png' error.
[2023.05.07-14.49.15:106][  0]LogSlate: Could not find file for Slate resource: ../../../Engine/Content/Editor/Slate/Niagara/Common/DropZoneIndicator_Onto.png
[2023.05.07-14.49.15:106][  0]LogStreaming: Warning: Failed to read file '../../../Engine/Content/Editor/Slate/Niagara/Common/DropZoneIndicator_Below.png' error.
[2023.05.07-14.49.15:106][  0]LogSlate: Could not find file for Slate resource: ../../../Engine/Content/Editor/Slate/Niagara/Common/DropZoneIndicator_Below.png
[2023.05.07-14.49.15:106][  0]LogStreaming: Warning: Failed to read file '../../../Engine/Content/Editor/Slate/Niagara/Common/RoundedSelection_16x.png' error.
[2023.05.07-14.49.15:106][  0]LogSlate: Could not find file for Slate resource: ../../../Engine/Content/Editor/Slate/Niagara/Common/RoundedSelection_16x.png
[2023.05.07-14.49.15:107][  0]LogStreaming: Warning: Failed to read file '../../../Engine/Content/Editor/Slate/Niagara/Common/FlatButton.png' error.
[2023.05.07-14.49.15:107][  0]LogSlate: Could not find file for Slate resource: ../../../Engine/Content/Editor/Slate/Niagara/Common/FlatButton.png
[2023.05.07-14.49.15:107][  0]LogImageWrapper: Warning: PNG Warning: Duplicate iCCP chunk
[2023.05.07-14.49.15:107][  0]LogPython: Using Python 3.7.7
[2023.05.07-14.49.15:515][  0]LogTcpMessaging: Initializing TcpMessaging bridge
[2023.05.07-14.49.15:518][  0]LogUdpMessaging: Initializing bridge on interface 0.0.0.0:0 to multicast group 230.0.0.1:6666.
[2023.05.07-14.49.15:618][  0]SourceControl: Source control is disabled
[2023.05.07-14.49.15:618][  0]SourceControl: Source control is disabled
[2023.05.07-14.49.15:622][  0]SourceControl: Source control is disabled
[2023.05.07-14.49.15:624][  0]SourceControl: Source control is disabled
[2023.05.07-14.49.15:629][  0]SourceControl: Source control is disabled
[2023.05.07-14.49.15:634][  0]LogUProjectInfo: Found projects:
[2023.05.07-14.49.15:774][  0]LogOpenImageDenoise: OIDN starting up
[2023.05.07-14.49.15:788][  0]LogAndroidPermission: UAndroidPermissionCallbackProxy::GetInstance
[2023.05.07-14.49.15:806][  0]LogAudioCaptureCore: Display: No Audio Capture implementations found. Audio input will be silent.
[2023.05.07-14.49.15:806][  0]LogAudioCaptureCore: Display: No Audio Capture implementations found. Audio input will be silent.
[2023.05.07-14.49.15:889][  0]LogCollectionManager: Loaded 0 collections in 0.000406 seconds
[2023.05.07-14.49.15:905][  0]LogFileCache: Scanning file cache for directory 'E:/Asus/Documents/GitHub/TheTroubleMakers/Unreal Engine Project/SpeedLimit_UniAzad/Saved/Collections/' took 0.00s
[2023.05.07-14.49.15:905][  0]LogFileCache: Scanning file cache for directory 'E:/Asus/Documents/GitHub/TheTroubleMakers/Unreal Engine Project/SpeedLimit_UniAzad/Content/Developers/Asus/Collections/' took 0.00s
[2023.05.07-14.49.15:905][  0]LogFileCache: Scanning file cache for directory 'E:/Asus/Documents/GitHub/TheTroubleMakers/Unreal Engine Project/SpeedLimit_UniAzad/Content/Collections/' took 0.00s
[2023.05.07-14.49.15:905][  0]LogOcInput: OculusInput pre-init called
[2023.05.07-14.49.16:026][  0]LogStreaming: Warning: Failed to read file '../../../Engine/Content/Editor/Slate/Niagara/MenuSeparator.png' error.
[2023.05.07-14.49.16:026][  0]LogSlate: Could not find file for Slate resource: ../../../Engine/Content/Editor/Slate/Niagara/MenuSeparator.png
[2023.05.07-14.49.16:028][  0]LogStreaming: Warning: Failed to read file '../../../Engine/Content/Editor/Slate/Niagara/Common/Selector.png' error.
[2023.05.07-14.49.16:028][  0]LogSlate: Could not find file for Slate resource: ../../../Engine/Content/Editor/Slate/Niagara/Common/Selector.png
[2023.05.07-14.49.16:028][  0]LogStreaming: Warning: Failed to read file '../../../Engine/Content/Editor/Slate/Niagara/Common/DropZoneIndicator_Above.png' error.
[2023.05.07-14.49.16:028][  0]LogStreaming: Warning: Failed to read file '../../../Engine/Content/Editor/Slate/Niagara/Common/Selection.png' error.
[2023.05.07-14.49.16:028][  0]LogSlate: Could not find file for Slate resource: ../../../Engine/Content/Editor/Slate/Niagara/Common/Selection.png
[2023.05.07-14.49.16:028][  0]LogSlate: Could not find file for Slate resource: ../../../Engine/Content/Editor/Slate/Niagara/Common/DropZoneIndicator_Above.png
[2023.05.07-14.49.16:081][  0]LogStreaming: Warning: Failed to read file '../../../Engine/Content/Editor/Slate/Niagara/Common/DropZoneIndicator_Onto.png' error.
[2023.05.07-14.49.16:081][  0]LogSlate: Could not find file for Slate resource: ../../../Engine/Content/Editor/Slate/Niagara/Common/DropZoneIndicator_Onto.png
[2023.05.07-14.49.16:081][  0]LogStreaming: Warning: Failed to read file '../../../Engine/Content/Editor/Slate/Niagara/Common/DropZoneIndicator_Below.png' error.
[2023.05.07-14.49.16:082][  0]LogSlate: Could not find file for Slate resource: ../../../Engine/Content/Editor/Slate/Niagara/Common/DropZoneIndicator_Below.png
[2023.05.07-14.49.16:082][  0]LogStreaming: Warning: Failed to read file '../../../Engine/Content/Editor/Slate/Niagara/Common/RoundedSelection_16x.png' error.
[2023.05.07-14.49.16:082][  0]LogSlate: Could not find file for Slate resource: ../../../Engine/Content/Editor/Slate/Niagara/Common/RoundedSelection_16x.png
[2023.05.07-14.49.16:082][  0]LogStreaming: Warning: Failed to read file '../../../Engine/Content/Editor/Slate/Niagara/Common/FlatButton.png' error.
[2023.05.07-14.49.16:082][  0]LogSlate: Could not find file for Slate resource: ../../../Engine/Content/Editor/Slate/Niagara/Common/FlatButton.png
[2023.05.07-14.49.16:082][  0]LogImageWrapper: Warning: PNG Warning: Duplicate iCCP chunk
[2023.05.07-14.49.16:082][  0]LogImageWrapper: Warning: PNG Warning: Duplicate iCCP chunk
[2023.05.07-14.49.16:082][  0]LogEngine: Initializing Engine...
[2023.05.07-14.49.16:083][  0]LogHMD: Failed to enumerate extensions. Please check that you have a valid OpenXR runtime installed.
[2023.05.07-14.49.16:083][  0]LogHMD: Failed to initialize OpenVR with code 110
[2023.05.07-14.49.16:083][  0]LogMagicLeap: Warning: VR disabled because ZI is not enabled.  To enable, in the editor, Edit -> Project Settings -> Plugins -> Magic Leap Plugin -> Enable Zero Iteration
[2023.05.07-14.49.16:084][  0]LogStats: UGameplayTagsManager::InitializeManager -  0.000 s
[2023.05.07-14.49.16:164][  0]LogInit: Initializing FReadOnlyCVARCache
[2023.05.07-14.49.16:169][  0]LogAIModule: Creating AISystem for world Untitled
[2023.05.07-14.49.16:174][  0]LogAudio: Display: Initializing Audio Device Manager...
[2023.05.07-14.49.16:177][  0]LogAudio: Display: Loading Default Audio Settings Objects...
[2023.05.07-14.49.16:177][  0]LogAudio: Display: No default SoundConcurrencyObject specified (or failed to load).
[2023.05.07-14.49.16:177][  0]LogAudio: Display: Audio Device Manager Initialized
[2023.05.07-14.49.16:177][  0]LogAudio: Display: Creating Audio Device:                 Id: 1, Scope: Shared, Realtime: True
[2023.05.07-14.49.16:177][  0]LogAudioMixer: Display: Audio Mixer Platform Settings:
[2023.05.07-14.49.16:177][  0]LogAudioMixer: Display: 	Sample Rate:						  48000
[2023.05.07-14.49.16:177][  0]LogAudioMixer: Display: 	Callback Buffer Frame Size Requested: 1024
[2023.05.07-14.49.16:177][  0]LogAudioMixer: Display: 	Callback Buffer Frame Size To Use:	  1024
[2023.05.07-14.49.16:177][  0]LogAudioMixer: Display: 	Number of buffers to queue:			  2
[2023.05.07-14.49.16:177][  0]LogAudioMixer: Display: 	Max Channels (voices):				  32
[2023.05.07-14.49.16:177][  0]LogAudioMixer: Display: 	Number of Async Source Workers:		  0
[2023.05.07-14.49.16:177][  0]LogAudio: Display: AudioDevice MaxSources: 32
[2023.05.07-14.49.16:178][  0]LogAudio: Display: Audio Spatialization Plugin: None (built-in).
[2023.05.07-14.49.16:178][  0]LogAudio: Display: Audio Reverb Plugin: None (built-in).
[2023.05.07-14.49.16:178][  0]LogAudio: Display: Audio Occlusion Plugin: None (built-in).
[2023.05.07-14.49.16:178][  0]LogAudioMixer: Display: Initializing audio mixer.
[2023.05.07-14.49.16:184][  0]LogAudioMixer: Display: 0: FrontLeft
[2023.05.07-14.49.16:184][  0]LogAudioMixer: Display: 1: FrontRight
[2023.05.07-14.49.16:201][  0]LogAudioMixer: Display: Using Audio Device Mi TV (HD Audio Driver for Display Audio)
[2023.05.07-14.49.16:204][  0]LogAudioMixer: Display: Initializing Sound Submixes...
[2023.05.07-14.49.16:206][  0]LogAudioMixer: Display: Creating Master Submix 'MasterSubmixDefault'
[2023.05.07-14.49.16:206][  0]LogAudioMixer: Display: Creating Master Submix 'MasterReverbSubmixDefault'
[2023.05.07-14.49.16:206][  0]LogAudioMixer: Display: Creating Master Submix 'MasterEQSubmixDefault'
[2023.05.07-14.49.16:206][  0]LogAudioMixer: FMixerPlatformXAudio2::StartAudioStream() called
[2023.05.07-14.49.16:206][  0]LogAudioMixer: Display: Output buffers initialized: Frames=1024, Channels=2, Samples=2048
[2023.05.07-14.49.16:208][  0]LogAudioMixer: Display: Starting AudioMixerPlatformInterface::RunInternal()
[2023.05.07-14.49.16:208][  0]LogAudioMixer: Display: FMixerPlatformXAudio2::SubmitBuffer() called for the first time
[2023.05.07-14.49.16:208][  0]LogInit: FAudioDevice initialized.
[2023.05.07-14.49.16:208][  0]LogAudio: Display: Audio Device (ID: 1) registered with world 'Untitled'.
[2023.05.07-14.49.16:208][  0]LogNetVersion: Set ProjectVersion to 1.0.0.0. Version Checksum will be recalculated on next use.
[2023.05.07-14.49.16:252][  0]LogDerivedDataCache: Saved boot cache 0.04s 95MB C:/Users/Asus/AppData/Local/UnrealEngine/4.27/DerivedDataCache/Boot.ddc.
[2023.05.07-14.49.16:252][  0]LogInit: Texture streaming: Enabled
[2023.05.07-14.49.16:260][  0]LogAnalytics: Display: [UEEditor.Rocket.Release] APIServer = https://datarouter.ol.epicgames.com/. AppVersion = 4.27.0-17155196+++UE4+Release-4.27
[2023.05.07-14.49.16:262][  0]LogEngineSessionManager: EngineSessionManager initialized
[2023.05.07-14.49.16:262][  0]LogEditorSessionSummary: Verbose: Initializing EditorSessionSummaryWriter for editor session tracking
[2023.05.07-14.49.16:263][  0]LogEditorSessionSummary: EditorSessionSummaryWriter initialized
[2023.05.07-14.49.16:279][  0]LogInit: Transaction tracking system initialized
[2023.05.07-14.49.16:293][  0]BlueprintLog: New page: Editor Load
[2023.05.07-14.49.16:328][  0]LocalizationService: Localization service is disabled
[2023.05.07-14.49.16:342][  0]TimingProfiler: Initialize
[2023.05.07-14.49.16:342][  0]TimingProfiler: OnSessionChanged
[2023.05.07-14.49.16:342][  0]LoadingProfiler: Initialize
[2023.05.07-14.49.16:343][  0]LoadingProfiler: OnSessionChanged
[2023.05.07-14.49.16:343][  0]NetworkingProfiler: Initialize
[2023.05.07-14.49.16:343][  0]NetworkingProfiler: OnSessionChanged
[2023.05.07-14.49.16:343][  0]MemoryProfiler: Initialize
[2023.05.07-14.49.16:343][  0]MemoryProfiler: OnSessionChanged
[2023.05.07-14.49.16:434][  0]LogCook: Display: CookSettings for Memory: MemoryMaxUsedVirtual 0MiB, MemoryMaxUsedPhysical 16384MiB, MemoryMinFreeVirtual 0MiB, MemoryMinFreePhysical 1024MiB
[2023.05.07-14.49.16:434][  0]LogCook: Display: Mobile HDR setting 1
[2023.05.07-14.49.16:481][  0]LogFileCache: Scanning file cache for directory 'E:/Asus/Documents/GitHub/TheTroubleMakers/Unreal Engine Project/SpeedLimit_UniAzad/Content/' took 0.00s
[2023.05.07-14.49.16:668][  0]LogStreaming: Warning: Failed to read file '../../../Engine/Content/Editor/Slate/Niagara/MenuSeparator.png' error.
[2023.05.07-14.49.16:670][  0]LogSlate: Could not find file for Slate resource: ../../../Engine/Content/Editor/Slate/Niagara/MenuSeparator.png
[2023.05.07-14.49.16:670][  0]LogStreaming: Warning: Failed to read file '../../../Engine/Content/Editor/Slate/Niagara/Common/Selector.png' error.
[2023.05.07-14.49.16:670][  0]LogSlate: Could not find file for Slate resource: ../../../Engine/Content/Editor/Slate/Niagara/Common/Selector.png
[2023.05.07-14.49.16:670][  0]LogStreaming: Warning: Failed to read file '../../../Engine/Content/Editor/Slate/Niagara/Common/Selection.png' error.
[2023.05.07-14.49.16:670][  0]LogSlate: Could not find file for Slate resource: ../../../Engine/Content/Editor/Slate/Niagara/Common/Selection.png
[2023.05.07-14.49.16:670][  0]LogStreaming: Warning: Failed to read file '../../../Engine/Content/Editor/Slate/Niagara/Common/DropZoneIndicator_Above.png' error.
[2023.05.07-14.49.16:670][  0]LogSlate: Could not find file for Slate resource: ../../../Engine/Content/Editor/Slate/Niagara/Common/DropZoneIndicator_Above.png
[2023.05.07-14.49.16:670][  0]LogStreaming: Warning: Failed to read file '../../../Engine/Content/Editor/Slate/Niagara/Common/DropZoneIndicator_Onto.png' error.
[2023.05.07-14.49.16:670][  0]LogSlate: Could not find file for Slate resource: ../../../Engine/Content/Editor/Slate/Niagara/Common/DropZoneIndicator_Onto.png
[2023.05.07-14.49.16:670][  0]LogStreaming: Warning: Failed to read file '../../../Engine/Content/Editor/Slate/Niagara/Common/DropZoneIndicator_Below.png' error.
[2023.05.07-14.49.16:670][  0]LogSlate: Could not find file for Slate resource: ../../../Engine/Content/Editor/Slate/Niagara/Common/DropZoneIndicator_Below.png
[2023.05.07-14.49.16:670][  0]LogStreaming: Warning: Failed to read file '../../../Engine/Content/Editor/Slate/Niagara/Common/RoundedSelection_16x.png' error.
[2023.05.07-14.49.16:670][  0]LogSlate: Could not find file for Slate resource: ../../../Engine/Content/Editor/Slate/Niagara/Common/RoundedSelection_16x.png
[2023.05.07-14.49.16:670][  0]LogStreaming: Warning: Failed to read file '../../../Engine/Content/Editor/Slate/Niagara/Common/FlatButton.png' error.
[2023.05.07-14.49.16:670][  0]LogSlate: Could not find file for Slate resource: ../../../Engine/Content/Editor/Slate/Niagara/Common/FlatButton.png
[2023.05.07-14.49.16:706][  0]LogImageWrapper: Warning: PNG Warning: Duplicate iCCP chunk
[2023.05.07-14.49.16:706][  0]LogImageWrapper: Warning: PNG Warning: Duplicate iCCP chunk
[2023.05.07-14.49.16:706][  0]LogInit: Display: Engine is initialized. Leaving FEngineLoop::Init()
[2023.05.07-14.49.16:707][  0]SourceControl: Source control is disabled
[2023.05.07-14.49.16:707][  0]LogUnrealEdMisc: Loading editor; pre map load, took 4.764
[2023.05.07-14.49.16:708][  0]LightingResults: New page: Lighting Build
[2023.05.07-14.49.16:709][  0]LogWorld: UWorld::CleanupWorld for Untitled, bSessionEnded=true, bCleanupResources=true
[2023.05.07-14.49.16:709][  0]LogSlate: InvalidateAllWidgets triggered.  All widgets were invalidated
[2023.05.07-14.49.16:709][  0]MapCheck: New page: Map Check
[2023.05.07-14.49.16:709][  0]LightingResults: New page: Lighting Build
[2023.05.07-14.49.16:713][  0]LogAudio: Display: Audio Device unregistered from world 'None'.
[2023.05.07-14.49.16:715][  0]LogUObjectHash: Compacting FUObjectHashTables data took   0.54ms
[2023.05.07-14.49.17:655][  0]LogMaterial: Display: Missing cached shadermap for air_Condition in PCD3D_SM5, Default, SM5 (DDC key hash: DF19E522F453F81DF3D6C33B7E38C077ECEB0518), compiling. 
[2023.05.07-14.49.17:656][  0]LogMaterial: Warning: [AssetLog] E:\Asus\Documents\GitHub\TheTroubleMakers\Unreal Engine Project\SpeedLimit_UniAzad\Content\TheTroubleMakers\MahlaRanjbar\MyBuilding\air_Condition.uasset: Failed to compile Material for platform PCD3D_SM5, Default Material will be used in game.
[2023.05.07-14.49.17:656][  0]LogMaterial: Display: 	(Node TextureSample) Texture Sample> Missing input texture
[2023.05.07-14.49.17:937][  0]LogAudio: Display: Audio Device (ID: 1) registered with world 'Minimal_Default'.
[2023.05.07-14.49.17:938][  0]LogAIModule: Creating AISystem for world Minimal_Default
[2023.05.07-14.49.17:954][  0]LogEditorServer: Finished looking for orphan Actors (0.000 secs)
[2023.05.07-14.49.17:983][  0]LogUObjectHash: Compacting FUObjectHashTables data took   1.01ms
[2023.05.07-14.49.17:984][  0]Cmd: MAP CHECKDEP NOCLEARLOG
[2023.05.07-14.49.17:984][  0]MapCheck: Map check complete: 0 Error(s), 0 Warning(s), took 0.099ms to complete.
[2023.05.07-14.49.17:984][  0]LogFileHelpers: Loading map 'Minimal_Default' took 1.276
[2023.05.07-14.49.17:986][  0]LogUnrealEdMisc: Total Editor Startup Time, took 6.043
[2023.05.07-14.49.18:097][  0]LogSlate: Updating window title bar state: overlay mode, drag disabled, window buttons hidden, title bar hidden
[2023.05.07-14.49.18:103][  0]LogSlate: Updating window title bar state: overlay mode, drag disabled, window buttons hidden, title bar hidden
[2023.05.07-14.49.18:107][  0]LogSlate: Updating window title bar state: overlay mode, drag disabled, window buttons hidden, title bar hidden
[2023.05.07-14.49.18:112][  0]LogSlate: Updating window title bar state: overlay mode, drag disabled, window buttons hidden, title bar hidden
[2023.05.07-14.49.18:123][  0]LogNativeClassHierarchy: Verbose: Native class hierarchy populated in 0.0082 seconds. Added 3822 classes and 928 folders.
[2023.05.07-14.49.18:126][  0]LogNativeClassHierarchy: Verbose: Native class hierarchy updated for 'WidgetCarousel' in 0.0002 seconds. Added 0 classes and 0 folders.
[2023.05.07-14.49.18:127][  0]LogPakFile: PakFile PrimaryIndexSize=187
[2023.05.07-14.49.18:127][  0]LogPakFile: PakFile PathHashIndexSize=101
[2023.05.07-14.49.18:127][  0]LogPakFile: PakFile FullDirectoryIndexSize=148
[2023.05.07-14.49.18:127][  0]LogShaderLibrary: Display: ShaderCodeLibraryPakFileMountedCallback: PakFile 'E:/Downloads/unreal_engine_v4.27_compiled/Unreal Engine v4.27 Compiled/FeaturePacks/FP_FirstPerson.upack' (chunk index -1, root 'root:/') mounted
[2023.05.07-14.49.18:127][  0]LogShaderLibrary: Display: ShaderCodeLibraryPakFileMountedCallback: pending pak file info (ChunkID:-1 Root:root:/ File:E:/Downloads/unreal_engine_v4.27_compiled/Unreal Engine v4.27 Compiled/FeaturePacks/FP_FirstPerson.upack)
[2023.05.07-14.49.18:127][  0]LogPakFile: OnPakFileMounted2Time == 0.000045
[2023.05.07-14.49.18:127][  0]LogPakFile: PakFile PrimaryIndexSize=189
[2023.05.07-14.49.18:127][  0]LogPakFile: PakFile PathHashIndexSize=101
[2023.05.07-14.49.18:127][  0]LogPakFile: PakFile FullDirectoryIndexSize=152
[2023.05.07-14.49.18:127][  0]LogShaderLibrary: Display: ShaderCodeLibraryPakFileMountedCallback: PakFile 'E:/Downloads/unreal_engine_v4.27_compiled/Unreal Engine v4.27 Compiled/FeaturePacks/FP_FirstPersonBP.upack' (chunk index -1, root 'root:/') mounted
[2023.05.07-14.49.18:127][  0]LogShaderLibrary: Display: ShaderCodeLibraryPakFileMountedCallback: pending pak file info (ChunkID:-1 Root:root:/ File:E:/Downloads/unreal_engine_v4.27_compiled/Unreal Engine v4.27 Compiled/FeaturePacks/FP_FirstPersonBP.upack)
[2023.05.07-14.49.18:127][  0]LogPakFile: OnPakFileMounted2Time == 0.000025
[2023.05.07-14.49.18:127][  0]LogPakFile: PakFile PrimaryIndexSize=191
[2023.05.07-14.49.18:127][  0]LogPakFile: PakFile PathHashIndexSize=101
[2023.05.07-14.49.18:127][  0]LogPakFile: PakFile FullDirectoryIndexSize=160
[2023.05.07-14.49.18:127][  0]LogShaderLibrary: Display: ShaderCodeLibraryPakFileMountedCallback: PakFile 'E:/Downloads/unreal_engine_v4.27_compiled/Unreal Engine v4.27 Compiled/FeaturePacks/MobileStarterContent.upack' (chunk index -1, root 'root:/') mounted
[2023.05.07-14.49.18:127][  0]LogShaderLibrary: Display: ShaderCodeLibraryPakFileMountedCallback: pending pak file info (ChunkID:-1 Root:root:/ File:E:/Downloads/unreal_engine_v4.27_compiled/Unreal Engine v4.27 Compiled/FeaturePacks/MobileStarterContent.upack)
[2023.05.07-14.49.18:127][  0]LogPakFile: OnPakFileMounted2Time == 0.000022
[2023.05.07-14.49.18:128][  0]LogPakFile: PakFile PrimaryIndexSize=185
[2023.05.07-14.49.18:128][  0]LogPakFile: PakFile PathHashIndexSize=101
[2023.05.07-14.49.18:128][  0]LogPakFile: PakFile FullDirectoryIndexSize=148
[2023.05.07-14.49.18:128][  0]LogShaderLibrary: Display: ShaderCodeLibraryPakFileMountedCallback: PakFile 'E:/Downloads/unreal_engine_v4.27_compiled/Unreal Engine v4.27 Compiled/FeaturePacks/StarterContent.upack' (chunk index -1, root 'root:/') mounted
[2023.05.07-14.49.18:128][  0]LogShaderLibrary: Display: ShaderCodeLibraryPakFileMountedCallback: pending pak file info (ChunkID:-1 Root:root:/ File:E:/Downloads/unreal_engine_v4.27_compiled/Unreal Engine v4.27 Compiled/FeaturePacks/StarterContent.upack)
[2023.05.07-14.49.18:128][  0]LogPakFile: OnPakFileMounted2Time == 0.000028
[2023.05.07-14.49.18:128][  0]LogPakFile: PakFile PrimaryIndexSize=190
[2023.05.07-14.49.18:128][  0]LogPakFile: PakFile PathHashIndexSize=101
[2023.05.07-14.49.18:128][  0]LogPakFile: PakFile FullDirectoryIndexSize=154
[2023.05.07-14.49.18:128][  0]LogShaderLibrary: Display: ShaderCodeLibraryPakFileMountedCallback: PakFile 'E:/Downloads/unreal_engine_v4.27_compiled/Unreal Engine v4.27 Compiled/FeaturePacks/TP_2DSideScroller.upack' (chunk index -1, root 'root:/') mounted
[2023.05.07-14.49.18:128][  0]LogShaderLibrary: Display: ShaderCodeLibraryPakFileMountedCallback: pending pak file info (ChunkID:-1 Root:root:/ File:E:/Downloads/unreal_engine_v4.27_compiled/Unreal Engine v4.27 Compiled/FeaturePacks/TP_2DSideScroller.upack)
[2023.05.07-14.49.18:128][  0]LogPakFile: OnPakFileMounted2Time == 0.000022
[2023.05.07-14.49.18:128][  0]LogPakFile: PakFile PrimaryIndexSize=192
[2023.05.07-14.49.18:128][  0]LogPakFile: PakFile PathHashIndexSize=101
[2023.05.07-14.49.18:128][  0]LogPakFile: PakFile FullDirectoryIndexSize=158
[2023.05.07-14.49.18:128][  0]LogShaderLibrary: Display: ShaderCodeLibraryPakFileMountedCallback: PakFile 'E:/Downloads/unreal_engine_v4.27_compiled/Unreal Engine v4.27 Compiled/FeaturePacks/TP_2DSideScrollerBP.upack' (chunk index -1, root 'root:/') mounted
[2023.05.07-14.49.18:128][  0]LogShaderLibrary: Display: ShaderCodeLibraryPakFileMountedCallback: pending pak file info (ChunkID:-1 Root:root:/ File:E:/Downloads/unreal_engine_v4.27_compiled/Unreal Engine v4.27 Compiled/FeaturePacks/TP_2DSideScrollerBP.upack)
[2023.05.07-14.49.18:128][  0]LogPakFile: OnPakFileMounted2Time == 0.000026
[2023.05.07-14.49.18:129][  0]LogPakFile: PakFile PrimaryIndexSize=182
[2023.05.07-14.49.18:129][  0]LogPakFile: PakFile PathHashIndexSize=101
[2023.05.07-14.49.18:129][  0]LogPakFile: PakFile FullDirectoryIndexSize=138
[2023.05.07-14.49.18:129][  0]LogShaderLibrary: Display: ShaderCodeLibraryPakFileMountedCallback: PakFile 'E:/Downloads/unreal_engine_v4.27_compiled/Unreal Engine v4.27 Compiled/FeaturePacks/TP_Flying.upack' (chunk index -1, root 'root:/') mounted
[2023.05.07-14.49.18:129][  0]LogShaderLibrary: Display: ShaderCodeLibraryPakFileMountedCallback: pending pak file info (ChunkID:-1 Root:root:/ File:E:/Downloads/unreal_engine_v4.27_compiled/Unreal Engine v4.27 Compiled/FeaturePacks/TP_Flying.upack)
[2023.05.07-14.49.18:129][  0]LogPakFile: OnPakFileMounted2Time == 0.000025
[2023.05.07-14.49.18:129][  0]LogPakFile: PakFile PrimaryIndexSize=184
[2023.05.07-14.49.18:129][  0]LogPakFile: PakFile PathHashIndexSize=101
[2023.05.07-14.49.18:129][  0]LogPakFile: PakFile FullDirectoryIndexSize=142
[2023.05.07-14.49.18:129][  0]LogShaderLibrary: Display: ShaderCodeLibraryPakFileMountedCallback: PakFile 'E:/Downloads/unreal_engine_v4.27_compiled/Unreal Engine v4.27 Compiled/FeaturePacks/TP_FlyingBP.upack' (chunk index -1, root 'root:/') mounted
[2023.05.07-14.49.18:129][  0]LogShaderLibrary: Display: ShaderCodeLibraryPakFileMountedCallback: pending pak file info (ChunkID:-1 Root:root:/ File:E:/Downloads/unreal_engine_v4.27_compiled/Unreal Engine v4.27 Compiled/FeaturePacks/TP_FlyingBP.upack)
[2023.05.07-14.49.18:129][  0]LogPakFile: OnPakFileMounted2Time == 0.000020
[2023.05.07-14.49.18:129][  0]LogPakFile: PakFile PrimaryIndexSize=188
[2023.05.07-14.49.18:129][  0]LogPakFile: PakFile PathHashIndexSize=101
[2023.05.07-14.49.18:129][  0]LogPakFile: PakFile FullDirectoryIndexSize=150
[2023.05.07-14.49.18:129][  0]LogShaderLibrary: Display: ShaderCodeLibraryPakFileMountedCallback: PakFile 'E:/Downloads/unreal_engine_v4.27_compiled/Unreal Engine v4.27 Compiled/FeaturePacks/TP_HandheldARBP.upack' (chunk index -1, root 'root:/') mounted
[2023.05.07-14.49.18:129][  0]LogShaderLibrary: Display: ShaderCodeLibraryPakFileMountedCallback: pending pak file info (ChunkID:-1 Root:root:/ File:E:/Downloads/unreal_engine_v4.27_compiled/Unreal Engine v4.27 Compiled/FeaturePacks/TP_HandheldARBP.upack)
[2023.05.07-14.49.18:129][  0]LogPakFile: OnPakFileMounted2Time == 0.000021
[2023.05.07-14.49.18:130][  0]LogPakFile: PakFile PrimaryIndexSize=182
[2023.05.07-14.49.18:130][  0]LogPakFile: PakFile PathHashIndexSize=101
[2023.05.07-14.49.18:130][  0]LogPakFile: PakFile FullDirectoryIndexSize=138
[2023.05.07-14.49.18:130][  0]LogShaderLibrary: Display: ShaderCodeLibraryPakFileMountedCallback: PakFile 'E:/Downloads/unreal_engine_v4.27_compiled/Unreal Engine v4.27 Compiled/FeaturePacks/TP_Puzzle.upack' (chunk index -1, root 'root:/') mounted
[2023.05.07-14.49.18:130][  0]LogShaderLibrary: Display: ShaderCodeLibraryPakFileMountedCallback: pending pak file info (ChunkID:-1 Root:root:/ File:E:/Downloads/unreal_engine_v4.27_compiled/Unreal Engine v4.27 Compiled/FeaturePacks/TP_Puzzle.upack)
[2023.05.07-14.49.18:130][  0]LogPakFile: OnPakFileMounted2Time == 0.000021
[2023.05.07-14.49.18:130][  0]LogPakFile: PakFile PrimaryIndexSize=184
[2023.05.07-14.49.18:130][  0]LogPakFile: PakFile PathHashIndexSize=101
[2023.05.07-14.49.18:130][  0]LogPakFile: PakFile FullDirectoryIndexSize=142
[2023.05.07-14.49.18:130][  0]LogShaderLibrary: Display: ShaderCodeLibraryPakFileMountedCallback: PakFile 'E:/Downloads/unreal_engine_v4.27_compiled/Unreal Engine v4.27 Compiled/FeaturePacks/TP_PuzzleBP.upack' (chunk index -1, root 'root:/') mounted
[2023.05.07-14.49.18:130][  0]LogShaderLibrary: Display: ShaderCodeLibraryPakFileMountedCallback: pending pak file info (ChunkID:-1 Root:root:/ File:E:/Downloads/unreal_engine_v4.27_compiled/Unreal Engine v4.27 Compiled/FeaturePacks/TP_PuzzleBP.upack)
[2023.05.07-14.49.18:130][  0]LogPakFile: OnPakFileMounted2Time == 0.000020
[2023.05.07-14.49.18:130][  0]LogPakFile: PakFile PrimaryIndexSize=183
[2023.05.07-14.49.18:130][  0]LogPakFile: PakFile PathHashIndexSize=101
[2023.05.07-14.49.18:130][  0]LogPakFile: PakFile FullDirectoryIndexSize=140
[2023.05.07-14.49.18:130][  0]LogShaderLibrary: Display: ShaderCodeLibraryPakFileMountedCallback: PakFile 'E:/Downloads/unreal_engine_v4.27_compiled/Unreal Engine v4.27 Compiled/FeaturePacks/TP_Rolling.upack' (chunk index -1, root 'root:/') mounted
[2023.05.07-14.49.18:130][  0]LogShaderLibrary: Display: ShaderCodeLibraryPakFileMountedCallback: pending pak file info (ChunkID:-1 Root:root:/ File:E:/Downloads/unreal_engine_v4.27_compiled/Unreal Engine v4.27 Compiled/FeaturePacks/TP_Rolling.upack)
[2023.05.07-14.49.18:130][  0]LogPakFile: OnPakFileMounted2Time == 0.000027
[2023.05.07-14.49.18:130][  0]LogPakFile: PakFile PrimaryIndexSize=185
[2023.05.07-14.49.18:130][  0]LogPakFile: PakFile PathHashIndexSize=101
[2023.05.07-14.49.18:130][  0]LogPakFile: PakFile FullDirectoryIndexSize=144
[2023.05.07-14.49.18:130][  0]LogShaderLibrary: Display: ShaderCodeLibraryPakFileMountedCallback: PakFile 'E:/Downloads/unreal_engine_v4.27_compiled/Unreal Engine v4.27 Compiled/FeaturePacks/TP_RollingBP.upack' (chunk index -1, root 'root:/') mounted
[2023.05.07-14.49.18:130][  0]LogShaderLibrary: Display: ShaderCodeLibraryPakFileMountedCallback: pending pak file info (ChunkID:-1 Root:root:/ File:E:/Downloads/unreal_engine_v4.27_compiled/Unreal Engine v4.27 Compiled/FeaturePacks/TP_RollingBP.upack)
[2023.05.07-14.49.18:130][  0]LogPakFile: OnPakFileMounted2Time == 0.000019
[2023.05.07-14.49.18:131][  0]LogPakFile: PakFile PrimaryIndexSize=188
[2023.05.07-14.49.18:131][  0]LogPakFile: PakFile PathHashIndexSize=101
[2023.05.07-14.49.18:131][  0]LogPakFile: PakFile FullDirectoryIndexSize=150
[2023.05.07-14.49.18:131][  0]LogShaderLibrary: Display: ShaderCodeLibraryPakFileMountedCallback: PakFile 'E:/Downloads/unreal_engine_v4.27_compiled/Unreal Engine v4.27 Compiled/FeaturePacks/TP_SideScroller.upack' (chunk index -1, root 'root:/') mounted
[2023.05.07-14.49.18:131][  0]LogShaderLibrary: Display: ShaderCodeLibraryPakFileMountedCallback: pending pak file info (ChunkID:-1 Root:root:/ File:E:/Downloads/unreal_engine_v4.27_compiled/Unreal Engine v4.27 Compiled/FeaturePacks/TP_SideScroller.upack)
[2023.05.07-14.49.18:131][  0]LogPakFile: OnPakFileMounted2Time == 0.000021
[2023.05.07-14.49.18:131][  0]LogPakFile: PakFile PrimaryIndexSize=190
[2023.05.07-14.49.18:131][  0]LogPakFile: PakFile PathHashIndexSize=101
[2023.05.07-14.49.18:131][  0]LogPakFile: PakFile FullDirectoryIndexSize=154
[2023.05.07-14.49.18:131][  0]LogShaderLibrary: Display: ShaderCodeLibraryPakFileMountedCallback: PakFile 'E:/Downloads/unreal_engine_v4.27_compiled/Unreal Engine v4.27 Compiled/FeaturePacks/TP_SideScrollerBP.upack' (chunk index -1, root 'root:/') mounted
[2023.05.07-14.49.18:131][  0]LogShaderLibrary: Display: ShaderCodeLibraryPakFileMountedCallback: pending pak file info (ChunkID:-1 Root:root:/ File:E:/Downloads/unreal_engine_v4.27_compiled/Unreal Engine v4.27 Compiled/FeaturePacks/TP_SideScrollerBP.upack)
[2023.05.07-14.49.18:131][  0]LogPakFile: OnPakFileMounted2Time == 0.000020
[2023.05.07-14.49.18:131][  0]LogPakFile: PakFile PrimaryIndexSize=187
[2023.05.07-14.49.18:131][  0]LogPakFile: PakFile PathHashIndexSize=101
[2023.05.07-14.49.18:131][  0]LogPakFile: PakFile FullDirectoryIndexSize=148
[2023.05.07-14.49.18:131][  0]LogShaderLibrary: Display: ShaderCodeLibraryPakFileMountedCallback: PakFile 'E:/Downloads/unreal_engine_v4.27_compiled/Unreal Engine v4.27 Compiled/FeaturePacks/TP_ThirdPerson.upack' (chunk index -1, root 'root:/') mounted
[2023.05.07-14.49.18:131][  0]LogShaderLibrary: Display: ShaderCodeLibraryPakFileMountedCallback: pending pak file info (ChunkID:-1 Root:root:/ File:E:/Downloads/unreal_engine_v4.27_compiled/Unreal Engine v4.27 Compiled/FeaturePacks/TP_ThirdPerson.upack)
[2023.05.07-14.49.18:131][  0]LogPakFile: OnPakFileMounted2Time == 0.000022
[2023.05.07-14.49.18:131][  0]LogPakFile: PakFile PrimaryIndexSize=189
[2023.05.07-14.49.18:131][  0]LogPakFile: PakFile PathHashIndexSize=101
[2023.05.07-14.49.18:131][  0]LogPakFile: PakFile FullDirectoryIndexSize=152
[2023.05.07-14.49.18:131][  0]LogShaderLibrary: Display: ShaderCodeLibraryPakFileMountedCallback: PakFile 'E:/Downloads/unreal_engine_v4.27_compiled/Unreal Engine v4.27 Compiled/FeaturePacks/TP_ThirdPersonBP.upack' (chunk index -1, root 'root:/') mounted
[2023.05.07-14.49.18:132][  0]LogShaderLibrary: Display: ShaderCodeLibraryPakFileMountedCallback: pending pak file info (ChunkID:-1 Root:root:/ File:E:/Downloads/unreal_engine_v4.27_compiled/Unreal Engine v4.27 Compiled/FeaturePacks/TP_ThirdPersonBP.upack)
[2023.05.07-14.49.18:132][  0]LogPakFile: OnPakFileMounted2Time == 0.000023
[2023.05.07-14.49.18:132][  0]LogPakFile: PakFile PrimaryIndexSize=183
[2023.05.07-14.49.18:132][  0]LogPakFile: PakFile PathHashIndexSize=101
[2023.05.07-14.49.18:132][  0]LogPakFile: PakFile FullDirectoryIndexSize=140
[2023.05.07-14.49.18:132][  0]LogShaderLibrary: Display: ShaderCodeLibraryPakFileMountedCallback: PakFile 'E:/Downloads/unreal_engine_v4.27_compiled/Unreal Engine v4.27 Compiled/FeaturePacks/TP_TopDown.upack' (chunk index -1, root 'root:/') mounted
[2023.05.07-14.49.18:132][  0]LogShaderLibrary: Display: ShaderCodeLibraryPakFileMountedCallback: pending pak file info (ChunkID:-1 Root:root:/ File:E:/Downloads/unreal_engine_v4.27_compiled/Unreal Engine v4.27 Compiled/FeaturePacks/TP_TopDown.upack)
[2023.05.07-14.49.18:132][  0]LogPakFile: OnPakFileMounted2Time == 0.000029
[2023.05.07-14.49.18:132][  0]LogPakFile: PakFile PrimaryIndexSize=185
[2023.05.07-14.49.18:132][  0]LogPakFile: PakFile PathHashIndexSize=101
[2023.05.07-14.49.18:132][  0]LogPakFile: PakFile FullDirectoryIndexSize=144
[2023.05.07-14.49.18:132][  0]LogShaderLibrary: Display: ShaderCodeLibraryPakFileMountedCallback: PakFile 'E:/Downloads/unreal_engine_v4.27_compiled/Unreal Engine v4.27 Compiled/FeaturePacks/TP_TopDownBP.upack' (chunk index -1, root 'root:/') mounted
[2023.05.07-14.49.18:132][  0]LogShaderLibrary: Display: ShaderCodeLibraryPakFileMountedCallback: pending pak file info (ChunkID:-1 Root:root:/ File:E:/Downloads/unreal_engine_v4.27_compiled/Unreal Engine v4.27 Compiled/FeaturePacks/TP_TopDownBP.upack)
[2023.05.07-14.49.18:132][  0]LogPakFile: OnPakFileMounted2Time == 0.000022
[2023.05.07-14.49.18:132][  0]LogPakFile: PakFile PrimaryIndexSize=185
[2023.05.07-14.49.18:132][  0]LogPakFile: PakFile PathHashIndexSize=101
[2023.05.07-14.49.18:132][  0]LogPakFile: PakFile FullDirectoryIndexSize=144
[2023.05.07-14.49.18:132][  0]LogShaderLibrary: Display: ShaderCodeLibraryPakFileMountedCallback: PakFile 'E:/Downloads/unreal_engine_v4.27_compiled/Unreal Engine v4.27 Compiled/FeaturePacks/TP_TwinStick.upack' (chunk index -1, root 'root:/') mounted
[2023.05.07-14.49.18:132][  0]LogShaderLibrary: Display: ShaderCodeLibraryPakFileMountedCallback: pending pak file info (ChunkID:-1 Root:root:/ File:E:/Downloads/unreal_engine_v4.27_compiled/Unreal Engine v4.27 Compiled/FeaturePacks/TP_TwinStick.upack)
[2023.05.07-14.49.18:132][  0]LogPakFile: OnPakFileMounted2Time == 0.000019
[2023.05.07-14.49.18:133][  0]LogPakFile: PakFile PrimaryIndexSize=187
[2023.05.07-14.49.18:133][  0]LogPakFile: PakFile PathHashIndexSize=101
[2023.05.07-14.49.18:133][  0]LogPakFile: PakFile FullDirectoryIndexSize=148
[2023.05.07-14.49.18:133][  0]LogShaderLibrary: Display: ShaderCodeLibraryPakFileMountedCallback: PakFile 'E:/Downloads/unreal_engine_v4.27_compiled/Unreal Engine v4.27 Compiled/FeaturePacks/TP_TwinStickBP.upack' (chunk index -1, root 'root:/') mounted
[2023.05.07-14.49.18:133][  0]LogShaderLibrary: Display: ShaderCodeLibraryPakFileMountedCallback: pending pak file info (ChunkID:-1 Root:root:/ File:E:/Downloads/unreal_engine_v4.27_compiled/Unreal Engine v4.27 Compiled/FeaturePacks/TP_TwinStickBP.upack)
[2023.05.07-14.49.18:133][  0]LogPakFile: OnPakFileMounted2Time == 0.000035
[2023.05.07-14.49.18:133][  0]LogPakFile: PakFile PrimaryIndexSize=183
[2023.05.07-14.49.18:133][  0]LogPakFile: PakFile PathHashIndexSize=101
[2023.05.07-14.49.18:133][  0]LogPakFile: PakFile FullDirectoryIndexSize=140
[2023.05.07-14.49.18:133][  0]LogShaderLibrary: Display: ShaderCodeLibraryPakFileMountedCallback: PakFile 'E:/Downloads/unreal_engine_v4.27_compiled/Unreal Engine v4.27 Compiled/FeaturePacks/TP_Vehicle.upack' (chunk index -1, root 'root:/') mounted
[2023.05.07-14.49.18:133][  0]LogShaderLibrary: Display: ShaderCodeLibraryPakFileMountedCallback: pending pak file info (ChunkID:-1 Root:root:/ File:E:/Downloads/unreal_engine_v4.27_compiled/Unreal Engine v4.27 Compiled/FeaturePacks/TP_Vehicle.upack)
[2023.05.07-14.49.18:133][  0]LogPakFile: OnPakFileMounted2Time == 0.000020
[2023.05.07-14.49.18:133][  0]LogPakFile: PakFile PrimaryIndexSize=186
[2023.05.07-14.49.18:133][  0]LogPakFile: PakFile PathHashIndexSize=101
[2023.05.07-14.49.18:133][  0]LogPakFile: PakFile FullDirectoryIndexSize=146
[2023.05.07-14.49.18:133][  0]LogShaderLibrary: Display: ShaderCodeLibraryPakFileMountedCallback: PakFile 'E:/Downloads/unreal_engine_v4.27_compiled/Unreal Engine v4.27 Compiled/FeaturePacks/TP_VehicleAdv.upack' (chunk index -1, root 'root:/') mounted
[2023.05.07-14.49.18:133][  0]LogShaderLibrary: Display: ShaderCodeLibraryPakFileMountedCallback: pending pak file info (ChunkID:-1 Root:root:/ File:E:/Downloads/unreal_engine_v4.27_compiled/Unreal Engine v4.27 Compiled/FeaturePacks/TP_VehicleAdv.upack)
[2023.05.07-14.49.18:133][  0]LogPakFile: OnPakFileMounted2Time == 0.000020
[2023.05.07-14.49.18:133][  0]LogPakFile: PakFile PrimaryIndexSize=188
[2023.05.07-14.49.18:133][  0]LogPakFile: PakFile PathHashIndexSize=101
[2023.05.07-14.49.18:133][  0]LogPakFile: PakFile FullDirectoryIndexSize=150
[2023.05.07-14.49.18:133][  0]LogShaderLibrary: Display: ShaderCodeLibraryPakFileMountedCallback: PakFile 'E:/Downloads/unreal_engine_v4.27_compiled/Unreal Engine v4.27 Compiled/FeaturePacks/TP_VehicleAdvBP.upack' (chunk index -1, root 'root:/') mounted
[2023.05.07-14.49.18:133][  0]LogShaderLibrary: Display: ShaderCodeLibraryPakFileMountedCallback: pending pak file info (ChunkID:-1 Root:root:/ File:E:/Downloads/unreal_engine_v4.27_compiled/Unreal Engine v4.27 Compiled/FeaturePacks/TP_VehicleAdvBP.upack)
[2023.05.07-14.49.18:133][  0]LogPakFile: OnPakFileMounted2Time == 0.000020
[2023.05.07-14.49.18:134][  0]LogPakFile: PakFile PrimaryIndexSize=185
[2023.05.07-14.49.18:134][  0]LogPakFile: PakFile PathHashIndexSize=101
[2023.05.07-14.49.18:134][  0]LogPakFile: PakFile FullDirectoryIndexSize=144
[2023.05.07-14.49.18:134][  0]LogShaderLibrary: Display: ShaderCodeLibraryPakFileMountedCallback: PakFile 'E:/Downloads/unreal_engine_v4.27_compiled/Unreal Engine v4.27 Compiled/FeaturePacks/TP_VehicleBP.upack' (chunk index -1, root 'root:/') mounted
[2023.05.07-14.49.18:134][  0]LogShaderLibrary: Display: ShaderCodeLibraryPakFileMountedCallback: pending pak file info (ChunkID:-1 Root:root:/ File:E:/Downloads/unreal_engine_v4.27_compiled/Unreal Engine v4.27 Compiled/FeaturePacks/TP_VehicleBP.upack)
[2023.05.07-14.49.18:134][  0]LogPakFile: OnPakFileMounted2Time == 0.000021
[2023.05.07-14.49.18:134][  0]LogPakFile: PakFile PrimaryIndexSize=192
[2023.05.07-14.49.18:134][  0]LogPakFile: PakFile PathHashIndexSize=101
[2023.05.07-14.49.18:134][  0]LogPakFile: PakFile FullDirectoryIndexSize=158
[2023.05.07-14.49.18:134][  0]LogShaderLibrary: Display: ShaderCodeLibraryPakFileMountedCallback: PakFile 'E:/Downloads/unreal_engine_v4.27_compiled/Unreal Engine v4.27 Compiled/FeaturePacks/TP_VirtualRealityBP.upack' (chunk index -1, root 'root:/') mounted
[2023.05.07-14.49.18:134][  0]LogShaderLibrary: Display: ShaderCodeLibraryPakFileMountedCallback: pending pak file info (ChunkID:-1 Root:root:/ File:E:/Downloads/unreal_engine_v4.27_compiled/Unreal Engine v4.27 Compiled/FeaturePacks/TP_VirtualRealityBP.upack)
[2023.05.07-14.49.18:134][  0]LogPakFile: OnPakFileMounted2Time == 0.000022
[2023.05.07-14.49.18:155][  0]LogNativeClassHierarchy: Verbose: Native class hierarchy updated for 'AddContentDialog' in 0.0002 seconds. Added 0 classes and 0 folders.
[2023.05.07-14.49.18:156][  0]LogNativeClassHierarchy: Verbose: Native class hierarchy updated for 'SceneOutliner' in 0.0002 seconds. Added 2 classes and 0 folders.
[2023.05.07-14.49.18:242][  0]LogSlate: Took 0.000166 seconds to synchronously load lazily loaded font '../../../Engine/Content/Slate/Fonts/Roboto-Regular.ttf' (155K)
[2023.05.07-14.49.18:243][  0]LogSlate: Took 0.000175 seconds to synchronously load lazily loaded font '../../../Engine/Content/Editor/Slate/Fonts/FontAwesome.ttf' (139K)
[2023.05.07-14.49.18:244][  0]LogSlate: Took 0.000173 seconds to synchronously load lazily loaded font '../../../Engine/Content/Slate/Fonts/Roboto-Bold.ttf' (160K)
[2023.05.07-14.49.18:308][  0]LogRenderer: Reallocating scene render targets to support 1108x548 Format 10 NumSamples 1 (Frame:1).
[2023.05.07-14.49.18:400][  0]LogNativeClassHierarchy: Verbose: Native class hierarchy updated for 'HierarchicalLODOutliner' in 0.0003 seconds. Added 0 classes and 0 folders.
[2023.05.07-14.49.18:400][  0]LogLoad: (Engine Initialization) Total time: 6.46 seconds
[2023.05.07-14.49.18:400][  0]LogLoad: (Engine Initialization) Total Blueprint compile time: 0.00 seconds
[2023.05.07-14.49.18:493][  0]LogContentStreaming: Texture pool size now 1000 MB
[2023.05.07-14.49.18:527][  1]LogAssetRegistry: Asset discovery search completed in 4.2013 seconds
[2023.05.07-14.49.18:533][  1]LogCollectionManager: Fixed up redirectors for 0 collections in 0.000003 seconds (updated 0 objects)
[2023.05.07-14.49.18:566][  2]LogSlate: Took 0.000206 seconds to synchronously load lazily loaded font '../../../Engine/Content/Slate/Fonts/Roboto-Light.ttf' (167K)
[2023.05.07-14.49.54:789][945]LogSlate: Took 0.000139 seconds to synchronously load lazily loaded font '../../../Engine/Content/Slate/Fonts/Roboto-Light.ttf' (167K)
[2023.05.07-14.49.54:821][945]LogFactory: FactoryCreateFile: StaticMesh with FbxFactory (0 0 ../../../../../../Asus/Documents/GitHub/TheTroubleMakers/Ms. MoosaeiPour Folder/Parking_imported.fbx)
[2023.05.07-14.49.54:829][945]LogFbx: Loading FBX Scene from ../../../../../../Asus/Documents/GitHub/TheTroubleMakers/Ms. MoosaeiPour Folder/Parking_imported.fbx
[2023.05.07-14.49.54:859][945]LogFbx: FBX Scene Loaded Succesfully
[2023.05.07-14.49.56:007][945]LogSlate: Window 'FBX Import Options' being destroyed
[2023.05.07-14.49.56:021][945]LogMaterial: Display: Missing cached shadermap for Material_004 in PCD3D_SM5, Default, SM5 (DDC key hash: 000B0C509546E6B6496A6695EDCEE8D7ED7A905F), compiling. 
[2023.05.07-14.49.56:032][945]LogMaterial: Display: Missing cached shadermap for Material_005 in PCD3D_SM5, Default, SM5 (DDC key hash: 48F4BF7E04914C03C2C3221C156AAF5759C5B34A), compiling. 
[2023.05.07-14.49.56:043][945]LogMaterial: Display: Missing cached shadermap for Material_006 in PCD3D_SM5, Default, SM5 (DDC key hash: C6CF2D2FBF18A5FEF3E1EA655F089B3E0FA94992), compiling. 
[2023.05.07-14.49.56:046][945]LogFbx: Display: Triangulating static mesh Plane
[2023.05.07-14.49.56:056][945]LogStaticMesh: Building static mesh Parking_imported_Plane...
[2023.05.07-14.49.56:058][945]LogStaticMesh: Built static mesh [0.00s] /Game/TheTroubleMakers/ALL_Assets/VorodiParking/Parking_imported_Plane.Parking_imported_Plane
[2023.05.07-14.49.56:059][945]LogStaticMesh: Warning: Parking_imported_Plane has degenerate tangent bases which will result in incorrect shading.  MikkTSpace relies on tangent bases and may result in mesh corruption, consider disabling this option.
[2023.05.07-14.49.56:059][945]LogStaticMesh: Warning: Parking_imported_Plane has some nearly zero bi-normals which can create some issues. (Tolerance of 1E-4)
[2023.05.07-14.49.56:064][945]LogMaterial: Display: Missing cached shadermap for Wall_material in PCD3D_SM5, Default, SM5 (DDC key hash: 859D9B1C40A4BD78C6AC4B36C9A183F9C1CAAF85), compiling. 
[2023.05.07-14.49.56:076][945]LogMaterial: Display: Missing cached shadermap for Material in PCD3D_SM5, Default, SM5 (DDC key hash: E65C87F7A823DC086537E0ECAC7E14D7EB594EFD), compiling. 
[2023.05.07-14.49.56:088][945]LogMaterial: Display: Missing cached shadermap for Material_001 in PCD3D_SM5, Default, SM5 (DDC key hash: C0A834BFB7470E1160AD32226E64D5CDB24FCF23), compiling. 
[2023.05.07-14.49.56:099][945]LogMaterial: Display: Missing cached shadermap for Material_002 in PCD3D_SM5, Default, SM5 (DDC key hash: 24A17743FA48286FDF9DE3DA6AD7293FCA8F9A64), compiling. 
[2023.05.07-14.49.56:112][945]LogMaterial: Display: Missing cached shadermap for Material_003 in PCD3D_SM5, Default, SM5 (DDC key hash: 2C9B18EC8DC4566B8AF83E91689A7839200A3DF2), compiling. 
[2023.05.07-14.49.56:123][945]LogMaterial: Display: Missing cached shadermap for Material_010 in PCD3D_SM5, Default, SM5 (DDC key hash: BCEDEBE78DF43D5EA535314CB2B94C15F49EFEC2), compiling. 
[2023.05.07-14.49.56:134][945]LogMaterial: Display: Missing cached shadermap for Material_011 in PCD3D_SM5, Default, SM5 (DDC key hash: 37FE7D8891D02F2DF7B66C59190AF156F54D68D1), compiling. 
[2023.05.07-14.49.56:136][945]LogFbx: Display: Triangulating static mesh Room
[2023.05.07-14.49.56:154][945]LogStaticMesh: Building static mesh Parking_imported_Room...
[2023.05.07-14.49.56:162][945]LogStaticMesh: Built static mesh [0.01s] /Game/TheTroubleMakers/ALL_Assets/VorodiParking/Parking_imported_Room.Parking_imported_Room
[2023.05.07-14.49.56:163][945]LogStaticMesh: Warning: Parking_imported_Room has degenerate tangent bases which will result in incorrect shading.  MikkTSpace relies on tangent bases and may result in mesh corruption, consider disabling this option.
[2023.05.07-14.49.56:164][945]LogStaticMesh: Warning: Parking_imported_Room has some nearly zero bi-normals which can create some issues. (Tolerance of 1E-4)
[2023.05.07-14.49.56:169][945]LogMaterial: Display: Missing cached shadermap for material_ncl1_1 in PCD3D_SM5, Default, SM5 (DDC key hash: DCA82D54FC2E7710A6A19C8979BAE11943C7E85B), compiling. 
[2023.05.07-14.49.56:181][945]LogStaticMesh: Building static mesh Parking_imported_Object_2...
[2023.05.07-14.49.56:186][945]LogStaticMesh: Built static mesh [0.00s] /Game/TheTroubleMakers/ALL_Assets/VorodiParking/Parking_imported_Object_2.Parking_imported_Object_2
[2023.05.07-14.49.56:191][945]LogMaterial: Display: Missing cached shadermap for material_001_ncl1_1 in PCD3D_SM5, Default, SM5 (DDC key hash: C41BB762FFBB9FEDFA078633725D0D002FB9D76D), compiling. 
[2023.05.07-14.49.56:204][945]LogStaticMesh: Building static mesh Parking_imported_Object_2_001...
[2023.05.07-14.49.56:208][945]LogStaticMesh: Built static mesh [0.01s] /Game/TheTroubleMakers/ALL_Assets/VorodiParking/Parking_imported_Object_2_001.Parking_imported_Object_2_001
[2023.05.07-14.49.56:214][945]LogMaterial: Display: Missing cached shadermap for material_002_ncl1_1 in PCD3D_SM5, Default, SM5 (DDC key hash: D0DE0650534514E816353912F3793AE706E32E11), compiling. 
[2023.05.07-14.49.56:239][945]LogStaticMesh: Building static mesh Parking_imported_Object_2_002...
[2023.05.07-14.49.56:245][945]LogStaticMesh: Built static mesh [0.01s] /Game/TheTroubleMakers/ALL_Assets/VorodiParking/Parking_imported_Object_2_002.Parking_imported_Object_2_002
[2023.05.07-14.49.56:250][945]LogMaterial: Display: Missing cached shadermap for material_003_ncl1_1 in PCD3D_SM5, Default, SM5 (DDC key hash: 6D47606E7F12EF74C5CD0DD340E6B5E59634EA42), compiling. 
[2023.05.07-14.49.56:261][945]LogStaticMesh: Building static mesh Parking_imported_Object_2_003...
[2023.05.07-14.49.56:267][945]LogStaticMesh: Built static mesh [0.01s] /Game/TheTroubleMakers/ALL_Assets/VorodiParking/Parking_imported_Object_2_003.Parking_imported_Object_2_003
[2023.05.07-14.49.56:273][945]LogMaterial: Display: Missing cached shadermap for material_004_ncl1_1 in PCD3D_SM5, Default, SM5 (DDC key hash: B8AF1BA3C7B9F4128429937D663EB1A37380BDD0), compiling. 
[2023.05.07-14.49.56:283][945]LogStaticMesh: Building static mesh Parking_imported_Object_2_004...
[2023.05.07-14.49.56:290][945]LogStaticMesh: Built static mesh [0.01s] /Game/TheTroubleMakers/ALL_Assets/VorodiParking/Parking_imported_Object_2_004.Parking_imported_Object_2_004
[2023.05.07-14.49.56:294][945]LogMaterial: Display: Missing cached shadermap for Window_Mat in PCD3D_SM5, Default, SM5 (DDC key hash: 877C778582DC48A5A753D953E021F44C812F4ACA), compiling. 
[2023.05.07-14.49.56:307][945]LogStaticMesh: Building static mesh Parking_imported_Object_5...
[2023.05.07-14.49.56:308][945]LogStaticMesh: Built static mesh [0.00s] /Game/TheTroubleMakers/ALL_Assets/VorodiParking/Parking_imported_Object_5.Parking_imported_Object_5
[2023.05.07-14.49.56:313][945]LogMaterial: Display: Missing cached shadermap for Ebony_mat in PCD3D_SM5, Default, SM5 (DDC key hash: 047397C5F89B2F5F271FCA484C1B5B61031A7740), compiling. 
[2023.05.07-14.49.56:323][945]LogStaticMesh: Building static mesh Parking_imported_Object_4...
[2023.05.07-14.49.56:345][945]LogStaticMesh: Built static mesh [0.02s] /Game/TheTroubleMakers/ALL_Assets/VorodiParking/Parking_imported_Object_4.Parking_imported_Object_4
[2023.05.07-14.49.56:357][945]LogMaterial: Display: Missing cached shadermap for Silver_mat in PCD3D_SM5, Default, SM5 (DDC key hash: E56C24C825C4BDA9AF41E6938832A59DE851B167), compiling. 
[2023.05.07-14.49.56:369][945]LogStaticMesh: Building static mesh Parking_imported_Object_9...
[2023.05.07-14.49.56:376][945]LogStaticMesh: Built static mesh [0.01s] /Game/TheTroubleMakers/ALL_Assets/VorodiParking/Parking_imported_Object_9.Parking_imported_Object_9
[2023.05.07-14.49.56:380][945]LogStaticMesh: Building static mesh Parking_imported_Object_8...
[2023.05.07-14.49.56:381][945]LogStaticMesh: Built static mesh [0.00s] /Game/TheTroubleMakers/ALL_Assets/VorodiParking/Parking_imported_Object_8.Parking_imported_Object_8
[2023.05.07-14.49.56:386][945]LogStaticMesh: Building static mesh Parking_imported_Object_7...
[2023.05.07-14.49.56:390][945]LogStaticMesh: Built static mesh [0.00s] /Game/TheTroubleMakers/ALL_Assets/VorodiParking/Parking_imported_Object_7.Parking_imported_Object_7
[2023.05.07-14.49.56:396][945]LogMaterial: Display: Missing cached shadermap for Window_Mat_001 in PCD3D_SM5, Default, SM5 (DDC key hash: D77E31588B1DE62497B23DFB8EE4FAB4090B40EF), compiling. 
[2023.05.07-14.49.56:409][945]LogStaticMesh: Building static mesh Parking_imported_Object_5_001...
[2023.05.07-14.49.56:409][945]LogStaticMesh: Built static mesh [0.00s] /Game/TheTroubleMakers/ALL_Assets/VorodiParking/Parking_imported_Object_5_001.Parking_imported_Object_5_001
[2023.05.07-14.49.56:415][945]LogMaterial: Display: Missing cached shadermap for Ebony_mat_001 in PCD3D_SM5, Default, SM5 (DDC key hash: 31B5F88BB9EAD58249F2FF4C8D318157341B8F90), compiling. 
[2023.05.07-14.49.56:435][945]LogStaticMesh: Building static mesh Parking_imported_Object_4_001...
[2023.05.07-14.49.56:455][945]LogStaticMesh: Built static mesh [0.02s] /Game/TheTroubleMakers/ALL_Assets/VorodiParking/Parking_imported_Object_4_001.Parking_imported_Object_4_001
[2023.05.07-14.49.56:465][945]LogStaticMesh: Building static mesh Parking_imported_Object_7_001...
[2023.05.07-14.49.56:468][945]LogStaticMesh: Built static mesh [0.00s] /Game/TheTroubleMakers/ALL_Assets/VorodiParking/Parking_imported_Object_7_001.Parking_imported_Object_7_001
[2023.05.07-14.49.56:472][945]LogMaterial: Display: Missing cached shadermap for Window_Mat_002 in PCD3D_SM5, Default, SM5 (DDC key hash: 202F7A7029ED25780FF664FBF0385EA953D5C13A), compiling. 
[2023.05.07-14.49.56:483][945]LogStaticMesh: Building static mesh Parking_imported_Object_5_002...
[2023.05.07-14.49.56:485][945]LogStaticMesh: Built static mesh [0.00s] /Game/TheTroubleMakers/ALL_Assets/VorodiParking/Parking_imported_Object_5_002.Parking_imported_Object_5_002
[2023.05.07-14.49.56:490][945]LogMaterial: Display: Missing cached shadermap for Ebony_mat_002 in PCD3D_SM5, Default, SM5 (DDC key hash: 321D2D8D5F3F2C33562AE1F5ADBAE13965DFE80C), compiling. 
[2023.05.07-14.49.56:500][945]LogStaticMesh: Building static mesh Parking_imported_Object_4_002...
[2023.05.07-14.49.56:522][945]LogStaticMesh: Built static mesh [0.02s] /Game/TheTroubleMakers/ALL_Assets/VorodiParking/Parking_imported_Object_4_002.Parking_imported_Object_4_002
[2023.05.07-14.49.56:530][945]LogStaticMesh: Building static mesh Parking_imported_Object_7_002...
[2023.05.07-14.49.56:533][945]LogStaticMesh: Built static mesh [0.00s] /Game/TheTroubleMakers/ALL_Assets/VorodiParking/Parking_imported_Object_7_002.Parking_imported_Object_7_002
[2023.05.07-14.49.56:538][945]LogMaterial: Display: Missing cached shadermap for Window_Mat_003 in PCD3D_SM5, Default, SM5 (DDC key hash: 4A69FFA40E61FC2ACBEBD7276D83A3850910CA33), compiling. 
[2023.05.07-14.49.56:550][945]LogStaticMesh: Building static mesh Parking_imported_Object_5_003...
[2023.05.07-14.49.56:551][945]LogStaticMesh: Built static mesh [0.00s] /Game/TheTroubleMakers/ALL_Assets/VorodiParking/Parking_imported_Object_5_003.Parking_imported_Object_5_003
[2023.05.07-14.49.56:557][945]LogMaterial: Display: Missing cached shadermap for Ebony_mat_003 in PCD3D_SM5, Default, SM5 (DDC key hash: 8AE60C1265FB20265097CD599AE4BF1A8D41B514), compiling. 
[2023.05.07-14.49.56:569][945]LogStaticMesh: Building static mesh Parking_imported_Object_4_003...
[2023.05.07-14.49.56:592][945]LogStaticMesh: Built static mesh [0.02s] /Game/TheTroubleMakers/ALL_Assets/VorodiParking/Parking_imported_Object_4_003.Parking_imported_Object_4_003
[2023.05.07-14.49.56:601][945]LogStaticMesh: Building static mesh Parking_imported_Object_7_003...
[2023.05.07-14.49.56:603][945]LogStaticMesh: Built static mesh [0.00s] /Game/TheTroubleMakers/ALL_Assets/VorodiParking/Parking_imported_Object_7_003.Parking_imported_Object_7_003
[2023.05.07-14.49.56:609][945]LogMaterial: Display: Missing cached shadermap for Window_Mat_004 in PCD3D_SM5, Default, SM5 (DDC key hash: 34950FDCEF6152B5ED43E118D87FC410A3922B3D), compiling. 
[2023.05.07-14.49.56:621][945]LogStaticMesh: Building static mesh Parking_imported_Object_5_004...
[2023.05.07-14.49.56:622][945]LogStaticMesh: Built static mesh [0.00s] /Game/TheTroubleMakers/ALL_Assets/VorodiParking/Parking_imported_Object_5_004.Parking_imported_Object_5_004
[2023.05.07-14.49.56:628][945]LogMaterial: Display: Missing cached shadermap for Ebony_mat_004 in PCD3D_SM5, Default, SM5 (DDC key hash: 6FBD1696D4152F32E0BB3C8937C57E5324585F54), compiling. 
[2023.05.07-14.49.56:643][945]LogStaticMesh: Building static mesh Parking_imported_Object_4_004...
[2023.05.07-14.49.56:666][945]LogStaticMesh: Built static mesh [0.02s] /Game/TheTroubleMakers/ALL_Assets/VorodiParking/Parking_imported_Object_4_004.Parking_imported_Object_4_004
[2023.05.07-14.49.56:677][945]LogStaticMesh: Building static mesh Parking_imported_Object_7_004...
[2023.05.07-14.49.56:680][945]LogStaticMesh: Built static mesh [0.00s] /Game/TheTroubleMakers/ALL_Assets/VorodiParking/Parking_imported_Object_7_004.Parking_imported_Object_7_004
[2023.05.07-14.49.56:685][945]LogMaterial: Display: Missing cached shadermap for Window_Mat_006 in PCD3D_SM5, Default, SM5 (DDC key hash: 77D65F6ACE13C1179F6B6BD1863476729110EFE0), compiling. 
[2023.05.07-14.49.56:697][945]LogStaticMesh: Building static mesh Parking_imported_Object_5_005...
[2023.05.07-14.49.56:698][945]LogStaticMesh: Built static mesh [0.00s] /Game/TheTroubleMakers/ALL_Assets/VorodiParking/Parking_imported_Object_5_005.Parking_imported_Object_5_005
[2023.05.07-14.49.56:702][945]LogMaterial: Display: Missing cached shadermap for Ebony_mat_006 in PCD3D_SM5, Default, SM5 (DDC key hash: 0B356D19CF5364F2D1387E508BABED0357840E5E), compiling. 
[2023.05.07-14.49.56:717][945]LogStaticMesh: Building static mesh Parking_imported_Object_4_005...
[2023.05.07-14.49.56:739][945]LogStaticMesh: Built static mesh [0.02s] /Game/TheTroubleMakers/ALL_Assets/VorodiParking/Parking_imported_Object_4_005.Parking_imported_Object_4_005
[2023.05.07-14.49.56:751][945]LogMaterial: Display: Missing cached shadermap for Silver_mat_002 in PCD3D_SM5, Default, SM5 (DDC key hash: 065EB6359DBC1F2072063DCA2215D549FECF264C), compiling. 
[2023.05.07-14.49.56:763][945]LogStaticMesh: Building static mesh Parking_imported_Object_9_001...
[2023.05.07-14.49.56:772][945]LogStaticMesh: Built static mesh [0.01s] /Game/TheTroubleMakers/ALL_Assets/VorodiParking/Parking_imported_Object_9_001.Parking_imported_Object_9_001
[2023.05.07-14.49.56:776][945]LogStaticMesh: Building static mesh Parking_imported_Object_8_001...
[2023.05.07-14.49.56:777][945]LogStaticMesh: Built static mesh [0.00s] /Game/TheTroubleMakers/ALL_Assets/VorodiParking/Parking_imported_Object_8_001.Parking_imported_Object_8_001
[2023.05.07-14.49.56:780][945]LogStaticMesh: Building static mesh Parking_imported_Object_7_005...
[2023.05.07-14.49.56:783][945]LogStaticMesh: Built static mesh [0.00s] /Game/TheTroubleMakers/ALL_Assets/VorodiParking/Parking_imported_Object_7_005.Parking_imported_Object_7_005
[2023.05.07-14.49.56:790][945]LogMaterial: Display: Missing cached shadermap for Window_Mat_007 in PCD3D_SM5, Default, SM5 (DDC key hash: C4200BEF8A43BC19C4D6043E63F084B385FC5365), compiling. 
[2023.05.07-14.49.56:803][945]LogStaticMesh: Building static mesh Parking_imported_Object_5_006...
[2023.05.07-14.49.56:803][945]LogStaticMesh: Built static mesh [0.00s] /Game/TheTroubleMakers/ALL_Assets/VorodiParking/Parking_imported_Object_5_006.Parking_imported_Object_5_006
[2023.05.07-14.49.56:807][945]LogMaterial: Display: Missing cached shadermap for Ebony_mat_007 in PCD3D_SM5, Default, SM5 (DDC key hash: BBCC06C5497D355EE54D90021B826696A324B1EE), compiling. 
[2023.05.07-14.49.56:836][945]LogStaticMesh: Building static mesh Parking_imported_Object_4_006...
[2023.05.07-14.49.56:858][945]LogStaticMesh: Built static mesh [0.02s] /Game/TheTroubleMakers/ALL_Assets/VorodiParking/Parking_imported_Object_4_006.Parking_imported_Object_4_006
[2023.05.07-14.49.56:869][945]LogStaticMesh: Building static mesh Parking_imported_Object_8_002...
[2023.05.07-14.49.56:869][945]LogStaticMesh: Built static mesh [0.00s] /Game/TheTroubleMakers/ALL_Assets/VorodiParking/Parking_imported_Object_8_002.Parking_imported_Object_8_002
[2023.05.07-14.49.56:874][945]LogStaticMesh: Building static mesh Parking_imported_Object_7_006...
[2023.05.07-14.49.56:878][945]LogStaticMesh: Built static mesh [0.00s] /Game/TheTroubleMakers/ALL_Assets/VorodiParking/Parking_imported_Object_7_006.Parking_imported_Object_7_006
[2023.05.07-14.49.56:882][945]LogMaterial: Display: Missing cached shadermap for Window_Mat_008 in PCD3D_SM5, Default, SM5 (DDC key hash: 969E03D0C0606171F0E7931CAB0DF016D7663B13), compiling. 
[2023.05.07-14.49.56:895][945]LogStaticMesh: Building static mesh Parking_imported_Object_5_007...
[2023.05.07-14.49.56:896][945]LogStaticMesh: Built static mesh [0.00s] /Game/TheTroubleMakers/ALL_Assets/VorodiParking/Parking_imported_Object_5_007.Parking_imported_Object_5_007
[2023.05.07-14.49.56:901][945]LogMaterial: Display: Missing cached shadermap for Ebony_mat_008 in PCD3D_SM5, Default, SM5 (DDC key hash: B88D77DD5413FFD416846C9D28C270112C56F0E1), compiling. 
[2023.05.07-14.49.56:915][945]LogStaticMesh: Building static mesh Parking_imported_Object_4_007...
[2023.05.07-14.49.56:935][945]LogStaticMesh: Built static mesh [0.02s] /Game/TheTroubleMakers/ALL_Assets/VorodiParking/Parking_imported_Object_4_007.Parking_imported_Object_4_007
[2023.05.07-14.49.56:943][945]LogStaticMesh: Building static mesh Parking_imported_Object_8_003...
[2023.05.07-14.49.56:943][945]LogStaticMesh: Built static mesh [0.00s] /Game/TheTroubleMakers/ALL_Assets/VorodiParking/Parking_imported_Object_8_003.Parking_imported_Object_8_003
[2023.05.07-14.49.56:948][945]LogStaticMesh: Building static mesh Parking_imported_Object_7_007...
[2023.05.07-14.49.56:951][945]LogStaticMesh: Built static mesh [0.00s] /Game/TheTroubleMakers/ALL_Assets/VorodiParking/Parking_imported_Object_7_007.Parking_imported_Object_7_007
[2023.05.07-14.49.57:019][945]FBXImport: FBX File Loading: Found name clash, node 'RootNode' was renamed to 'RootNode1' 
[2023.05.07-14.49.57:019][945]FBXImport: FBX Scene Loading: Found material name clash, name clash can be wrongly reassign at reimport , material 'material' was renamed 'material_ncl1_1' 
[2023.05.07-14.49.57:019][945]FBXImport: FBX Scene Loading: Found material name clash, name clash can be wrongly reassign at reimport , material 'material_001' was renamed 'material_001_ncl1_1' 
[2023.05.07-14.49.57:019][945]FBXImport: FBX Scene Loading: Found material name clash, name clash can be wrongly reassign at reimport , material 'material_002' was renamed 'material_002_ncl1_1' 
[2023.05.07-14.49.57:019][945]FBXImport: FBX Scene Loading: Found material name clash, name clash can be wrongly reassign at reimport , material 'material_003' was renamed 'material_003_ncl1_1' 
[2023.05.07-14.49.57:019][945]FBXImport: FBX Scene Loading: Found material name clash, name clash can be wrongly reassign at reimport , material 'material_004' was renamed 'material_004_ncl1_1' 
[2023.05.07-14.49.57:019][945]FBXImport: Warning: No smoothing group information was found in this FBX scene.  Please make sure to enable the 'Export Smoothing Groups' option in the FBX Exporter plug-in before exporting the file.  Even for tools that don't support smoothing groups, the FBX Exporter will generate appropriate smoothing data at export-time so that correct vertex normals can be inferred while importing. 
[2023.05.07-14.49.57:019][945]FBXImport: Warning: Parking_imported_Plane has degenerate tangent bases which will result in incorrect shading.  MikkTSpace relies on tangent bases and may result in mesh corruption, consider disabling this option. 
[2023.05.07-14.49.57:019][945]FBXImport: Warning: Parking_imported_Plane has some nearly zero bi-normals which can create some issues. (Tolerance of 1E-4) 
[2023.05.07-14.49.57:019][945]FBXImport: Warning: Parking_imported_Room has degenerate tangent bases which will result in incorrect shading.  MikkTSpace relies on tangent bases and may result in mesh corruption, consider disabling this option. 
[2023.05.07-14.49.57:019][945]FBXImport: Warning: Parking_imported_Room has some nearly zero bi-normals which can create some issues. (Tolerance of 1E-4) 
[2023.05.07-14.49.57:020][945]FBXImport: Error: Mesh name: [Parking_imported_Glass_Door_002_Metal_0] part name: [Glass Door.002_Metal_0]  could not be created because all of its polygons are degenerate. 
[2023.05.07-14.49.57:020][945]FBXImport: Error: Mesh name: [Parking_imported_Glass_Door_002_Glass_0] part name: [Glass Door.002_Glass_0]  could not be created because all of its polygons are degenerate. 
[2023.05.07-14.49.57:138][945]LogSlate: Took 0.000081 seconds to synchronously load lazily loaded font '../../../Engine/Content/Slate/Fonts/DroidSansMono.ttf' (77K)
[2023.05.07-14.49.57:304][949]LogShaderCompilers: Display: Submitted 2 shader compile jobs with 'ForceLocal' priority
[2023.05.07-14.49.57:307][949]LogShaderCompilers: Display: Worker (1/5): shaders left to compile 2
[2023.05.07-14.49.57:307][949]LogShaderCompilers: Display: Worker (2/5): shaders left to compile 1
[2023.05.07-14.49.57:307][949]LogShaderCompilers: Display: Started 2 'Local' shader compile jobs with 'ForceLocal' priority
[2023.05.07-14.49.57:340][949]LogShaderCompilers: Display: Submitted 14 shader compile jobs with 'Normal' priority
[2023.05.07-14.49.57:340][949]LogShaderCompilers: Display: Worker (3/5): shaders left to compile 14
[2023.05.07-14.49.57:340][949]LogShaderCompilers: Display: Worker (4/5): shaders left to compile 10
[2023.05.07-14.49.57:340][949]LogShaderCompilers: Display: Started 8 'Local' shader compile jobs with 'Normal' priority
[2023.05.07-14.49.57:373][949]LogShaderCompilers: Display: Submitted 2 shader compile jobs with 'ForceLocal' priority
[2023.05.07-14.49.57:387][949]LogShaderCompilers: Display: Submitted 14 shader compile jobs with 'Normal' priority
[2023.05.07-14.49.57:395][949]LogShaderCompilers: Display: Submitted 2 shader compile jobs with 'ForceLocal' priority
[2023.05.07-14.49.57:408][949]LogShaderCompilers: Display: Submitted 14 shader compile jobs with 'Normal' priority
[2023.05.07-14.49.57:428][949]LogShaderCompilers: Display: Submitted 2 shader compile jobs with 'ForceLocal' priority
[2023.05.07-14.49.57:442][949]LogShaderCompilers: Display: Submitted 14 shader compile jobs with 'Normal' priority
[2023.05.07-14.49.57:455][949]LogShaderCompilers: Display: Submitted 2 shader compile jobs with 'ForceLocal' priority
[2023.05.07-14.49.57:469][949]LogShaderCompilers: Display: Submitted 14 shader compile jobs with 'Normal' priority
[2023.05.07-14.49.57:490][949]LogShaderCompilers: Display: Submitted 2 shader compile jobs with 'ForceLocal' priority
[2023.05.07-14.49.57:504][949]LogShaderCompilers: Display: Submitted 14 shader compile jobs with 'Normal' priority
[2023.05.07-14.49.57:512][949]LogShaderCompilers: Display: Submitted 2 shader compile jobs with 'ForceLocal' priority
[2023.05.07-14.49.57:526][949]LogShaderCompilers: Display: Submitted 14 shader compile jobs with 'Normal' priority
[2023.05.07-14.49.57:546][949]LogShaderCompilers: Display: Submitted 2 shader compile jobs with 'ForceLocal' priority
[2023.05.07-14.49.57:549][949]LogShaderCompilers: Display: Submitted 2 shader compile jobs with 'ForceLocal' priority
[2023.05.07-14.49.57:553][949]LogShaderCompilers: Display: Submitted 2 shader compile jobs with 'ForceLocal' priority
[2023.05.07-14.49.57:569][949]LogShaderCompilers: Display: Submitted 14 shader compile jobs with 'Normal' priority
[2023.05.07-14.49.57:586][949]LogShaderCompilers: Display: Submitted 14 shader compile jobs with 'Normal' priority
[2023.05.07-14.49.57:602][949]LogShaderCompilers: Display: Submitted 14 shader compile jobs with 'Normal' priority
[2023.05.07-14.49.57:612][949]LogShaderCompilers: Display: Submitted 2 shader compile jobs with 'ForceLocal' priority
[2023.05.07-14.49.57:628][949]LogShaderCompilers: Display: Submitted 14 shader compile jobs with 'Normal' priority
[2023.05.07-14.49.57:645][949]LogShaderCompilers: Display: Submitted 2 shader compile jobs with 'ForceLocal' priority
[2023.05.07-14.49.57:660][949]LogShaderCompilers: Display: Submitted 14 shader compile jobs with 'Normal' priority
[2023.05.07-14.49.57:667][949]LogShaderCompilers: Display: Submitted 2 shader compile jobs with 'ForceLocal' priority
[2023.05.07-14.49.57:687][949]LogShaderCompilers: Display: Submitted 14 shader compile jobs with 'Normal' priority
[2023.05.07-14.49.57:705][949]LogShaderCompilers: Display: Submitted 2 shader compile jobs with 'ForceLocal' priority
[2023.05.07-14.49.57:717][949]LogShaderCompilers: Display: Submitted 14 shader compile jobs with 'Normal' priority
[2023.05.07-14.49.57:725][949]LogShaderCompilers: Display: Submitted 2 shader compile jobs with 'ForceLocal' priority
[2023.05.07-14.49.57:740][949]LogShaderCompilers: Display: Submitted 14 shader compile jobs with 'Normal' priority
[2023.05.07-14.49.57:755][949]LogShaderCompilers: Display: Submitted 2 shader compile jobs with 'ForceLocal' priority
[2023.05.07-14.49.57:769][949]LogShaderCompilers: Display: Submitted 14 shader compile jobs with 'Normal' priority
[2023.05.07-14.49.57:777][949]LogShaderCompilers: Display: Submitted 2 shader compile jobs with 'ForceLocal' priority
[2023.05.07-14.49.57:791][949]LogShaderCompilers: Display: Submitted 14 shader compile jobs with 'Normal' priority
[2023.05.07-14.49.57:806][949]LogShaderCompilers: Display: Submitted 2 shader compile jobs with 'ForceLocal' priority
[2023.05.07-14.49.57:821][949]LogShaderCompilers: Display: Submitted 14 shader compile jobs with 'Normal' priority
[2023.05.07-14.49.57:827][949]LogShaderCompilers: Display: Submitted 2 shader compile jobs with 'ForceLocal' priority
[2023.05.07-14.49.57:839][949]LogShaderCompilers: Display: Submitted 14 shader compile jobs with 'Normal' priority
[2023.05.07-14.49.57:852][949]LogShaderCompilers: Display: Submitted 2 shader compile jobs with 'ForceLocal' priority
[2023.05.07-14.49.57:860][949]LogShaderCompilers: Display: Worker (2/5): shaders left to compile 38
[2023.05.07-14.49.57:860][949]LogShaderCompilers: Display: Started 10 'Local' shader compile jobs with 'ForceLocal' priority
[2023.05.07-14.49.57:863][949]LogShaderCompilers: Display: Submitted 14 shader compile jobs with 'Normal' priority
[2023.05.07-14.49.57:870][949]LogShaderCompilers: Display: Submitted 2 shader compile jobs with 'ForceLocal' priority
[2023.05.07-14.49.57:883][949]LogShaderCompilers: Display: Submitted 14 shader compile jobs with 'Normal' priority
[2023.05.07-14.49.57:902][949]LogShaderCompilers: Display: Submitted 2 shader compile jobs with 'ForceLocal' priority
[2023.05.07-14.49.57:916][949]LogShaderCompilers: Display: Submitted 14 shader compile jobs with 'Normal' priority
[2023.05.07-14.49.57:921][949]LogShaderCompilers: Display: Submitted 2 shader compile jobs with 'ForceLocal' priority
[2023.05.07-14.49.57:936][949]LogShaderCompilers: Display: Submitted 14 shader compile jobs with 'Normal' priority
[2023.05.07-14.49.57:947][949]LogShaderCompilers: Display: Submitted 2 shader compile jobs with 'ForceLocal' priority
[2023.05.07-14.49.57:959][949]LogShaderCompilers: Display: Submitted 14 shader compile jobs with 'Normal' priority
[2023.05.07-14.49.57:967][949]LogShaderCompilers: Display: Submitted 2 shader compile jobs with 'ForceLocal' priority
[2023.05.07-14.49.57:979][949]LogShaderCompilers: Display: Submitted 14 shader compile jobs with 'Normal' priority
[2023.05.07-14.49.57:986][949]LogShaderCompilers: Display: Submitted 2 shader compile jobs with 'ForceLocal' priority
[2023.05.07-14.49.57:992][949]LogShaderCompilers: Display: Worker (1/5): shaders left to compile 40
[2023.05.07-14.49.57:992][949]LogShaderCompilers: Display: Started 10 'Local' shader compile jobs with 'ForceLocal' priority
[2023.05.07-14.49.58:000][949]LogShaderCompilers: Display: Submitted 14 shader compile jobs with 'Normal' priority
[2023.05.07-14.49.58:012][949]LogShaderCompilers: Display: Submitted 2 shader compile jobs with 'ForceLocal' priority
[2023.05.07-14.49.58:015][949]LogShaderCompilers: Display: Submitted 2 shader compile jobs with 'ForceLocal' priority
[2023.05.07-14.49.58:019][949]LogShaderCompilers: Display: Submitted 2 shader compile jobs with 'ForceLocal' priority
[2023.05.07-14.49.58:022][949]LogShaderCompilers: Display: Submitted 2 shader compile jobs with 'ForceLocal' priority
[2023.05.07-14.49.58:026][949]LogShaderCompilers: Display: Submitted 2 shader compile jobs with 'ForceLocal' priority
[2023.05.07-14.49.58:030][949]LogShaderCompilers: Display: Submitted 2 shader compile jobs with 'ForceLocal' priority
[2023.05.07-14.49.58:033][949]LogShaderCompilers: Display: Submitted 2 shader compile jobs with 'ForceLocal' priority
[2023.05.07-14.49.58:046][949]LogShaderCompilers: Display: Submitted 14 shader compile jobs with 'Normal' priority
[2023.05.07-14.49.58:057][949]LogShaderCompilers: Display: Submitted 14 shader compile jobs with 'Normal' priority
[2023.05.07-14.49.58:071][949]LogShaderCompilers: Display: Submitted 14 shader compile jobs with 'Normal' priority
[2023.05.07-14.49.58:085][949]LogShaderCompilers: Display: Submitted 14 shader compile jobs with 'Normal' priority
[2023.05.07-14.49.58:097][949]LogShaderCompilers: Display: Submitted 14 shader compile jobs with 'Normal' priority
[2023.05.07-14.49.58:111][949]LogShaderCompilers: Display: Submitted 14 shader compile jobs with 'Normal' priority
[2023.05.07-14.49.58:122][949]LogShaderCompilers: Display: Submitted 14 shader compile jobs with 'Normal' priority
[2023.05.07-14.49.58:709][980]LogShaderCompilers: Display: Worker (3/5): shaders left to compile 44
[2023.05.07-14.49.58:709][980]LogShaderCompilers: Display: Started 10 'Local' shader compile jobs with 'ForceLocal' priority
[2023.05.07-14.49.59:226][ 21]LogShaderCompilers: Display: Worker (4/5): shaders left to compile 34
[2023.05.07-14.49.59:226][ 21]LogShaderCompilers: Display: Started 9 'Local' shader compile jobs with 'ForceLocal' priority
[2023.05.07-14.50.00:599][ 95]LogSlate: Window 'Message Log' being destroyed
[2023.05.07-14.50.00:606][ 95]LogSlate: Window 'Message Log' being destroyed
[2023.05.07-14.50.01:988][157]LogShaderCompilers: Display: Worker (2/5): shaders left to compile 25
[2023.05.07-14.50.01:988][157]LogShaderCompilers: Display: Started 7 'Local' shader compile jobs with 'ForceLocal' priority
[2023.05.07-14.50.02:230][167]LogShaderCompilers: Display: Worker (1/5): shaders left to compile 18
[2023.05.07-14.50.02:230][167]LogShaderCompilers: Display: Started 5 'Local' shader compile jobs with 'ForceLocal' priority
[2023.05.07-14.50.02:986][196]LogShaderCompilers: Display: Worker (3/5): shaders left to compile 13
[2023.05.07-14.50.02:986][196]LogShaderCompilers: Display: Started 4 'Local' shader compile jobs with 'ForceLocal' priority
[2023.05.07-14.50.03:314][202]LogShaderCompilers: Display: Worker (4/5): shaders left to compile 9
[2023.05.07-14.50.03:314][202]LogShaderCompilers: Display: Started 3 'Local' shader compile jobs with 'ForceLocal' priority
[2023.05.07-14.50.04:548][298]LogShaderCompilers: Display: Worker (1/5): shaders left to compile 6
[2023.05.07-14.50.04:548][298]LogShaderCompilers: Display: Started 2 'Local' shader compile jobs with 'ForceLocal' priority
[2023.05.07-14.50.04:810][319]LogShaderCompilers: Display: Worker (3/5): shaders left to compile 4
[2023.05.07-14.50.04:810][319]LogShaderCompilers: Display: Started 2 'Local' shader compile jobs with 'ForceLocal' priority
[2023.05.07-14.50.04:925][328]LogShaderCompilers: Display: Worker (4/5): shaders left to compile 2
[2023.05.07-14.50.04:925][328]LogShaderCompilers: Display: Started 1 'Local' shader compile jobs with 'ForceLocal' priority
[2023.05.07-14.50.05:031][336]LogShaderCompilers: Display: Worker (2/5): shaders left to compile 1
[2023.05.07-14.50.05:031][336]LogShaderCompilers: Display: Started 1 'Local' shader compile jobs with 'ForceLocal' priority
[2023.05.07-14.50.05:568][379]LogShaderCompilers: Display: Worker (1/5): shaders left to compile 454
[2023.05.07-14.50.05:568][379]LogShaderCompilers: Display: Started 10 'Local' shader compile jobs with 'Normal' priority
[2023.05.07-14.50.05:733][391]LogShaderCompilers: Display: Worker (4/5): shaders left to compile 444
[2023.05.07-14.50.05:733][391]LogShaderCompilers: Display: Started 10 'Local' shader compile jobs with 'Normal' priority
[2023.05.07-14.50.05:860][400]LogShaderCompilers: Display: Worker (2/5): shaders left to compile 434
[2023.05.07-14.50.05:860][400]LogShaderCompilers: Display: Started 10 'Local' shader compile jobs with 'Normal' priority
[2023.05.07-14.50.06:059][415]LogShaderCompilers: Display: Worker (3/5): shaders left to compile 424
[2023.05.07-14.50.06:059][415]LogShaderCompilers: Display: Started 10 'Local' shader compile jobs with 'Normal' priority
[2023.05.07-14.50.09:936][725]LogShaderCompilers: Display: Worker (2/5): shaders left to compile 414
[2023.05.07-14.50.09:936][725]LogShaderCompilers: Display: Started 10 'Local' shader compile jobs with 'Normal' priority
[2023.05.07-14.50.10:721][786]LogShaderCompilers: Display: Worker (4/5): shaders left to compile 404
[2023.05.07-14.50.10:721][786]LogShaderCompilers: Display: Started 10 'Local' shader compile jobs with 'Normal' priority
[2023.05.07-14.50.11:197][821]LogShaderCompilers: Display: Worker (1/5): shaders left to compile 394
[2023.05.07-14.50.11:197][821]LogShaderCompilers: Display: Started 10 'Local' shader compile jobs with 'Normal' priority
[2023.05.07-14.50.12:094][890]LogShaderCompilers: Display: Worker (3/5): shaders left to compile 384
[2023.05.07-14.50.12:094][890]LogShaderCompilers: Display: Started 10 'Local' shader compile jobs with 'Normal' priority
[2023.05.07-14.50.14:788][ 42]LogShaderCompilers: Display: Worker (2/5): shaders left to compile 374
[2023.05.07-14.50.14:788][ 42]LogShaderCompilers: Display: Started 10 'Local' shader compile jobs with 'Normal' priority
[2023.05.07-14.50.15:388][ 71]LogShaderCompilers: Display: Worker (4/5): shaders left to compile 364
[2023.05.07-14.50.15:388][ 71]LogShaderCompilers: Display: Started 10 'Local' shader compile jobs with 'Normal' priority
[2023.05.07-14.50.16:357][109]LogShaderCompilers: Display: Worker (1/5): shaders left to compile 354
[2023.05.07-14.50.16:358][109]LogShaderCompilers: Display: Started 10 'Local' shader compile jobs with 'Normal' priority
[2023.05.07-14.50.16:498][115]LogShaderCompilers: Display: Worker (3/5): shaders left to compile 344
[2023.05.07-14.50.16:498][115]LogShaderCompilers: Display: Started 10 'Local' shader compile jobs with 'Normal' priority
[2023.05.07-14.50.19:318][319]LogShaderCompilers: Display: Worker (2/5): shaders left to compile 334
[2023.05.07-14.50.19:318][319]LogShaderCompilers: Display: Started 10 'Local' shader compile jobs with 'Normal' priority
[2023.05.07-14.50.19:535][337]LogShaderCompilers: Display: Worker (4/5): shaders left to compile 324
[2023.05.07-14.50.19:536][337]LogShaderCompilers: Display: Started 10 'Local' shader compile jobs with 'Normal' priority
[2023.05.07-14.50.20:795][439]LogShaderCompilers: Display: Worker (3/5): shaders left to compile 314
[2023.05.07-14.50.20:795][439]LogShaderCompilers: Display: Started 10 'Local' shader compile jobs with 'Normal' priority
[2023.05.07-14.50.21:247][477]LogShaderCompilers: Display: Worker (1/5): shaders left to compile 304
[2023.05.07-14.50.21:247][477]LogShaderCompilers: Display: Started 10 'Local' shader compile jobs with 'Normal' priority
[2023.05.07-14.50.23:211][575]LogShaderCompilers: Display: Worker (2/5): shaders left to compile 294
[2023.05.07-14.50.23:211][575]LogShaderCompilers: Display: Started 10 'Local' shader compile jobs with 'Normal' priority
[2023.05.07-14.50.23:954][604]LogShaderCompilers: Display: Worker (4/5): shaders left to compile 284
[2023.05.07-14.50.23:954][604]LogShaderCompilers: Display: Started 10 'Local' shader compile jobs with 'Normal' priority
[2023.05.07-14.50.24:824][639]LogShaderCompilers: Display: Worker (3/5): shaders left to compile 274
[2023.05.07-14.50.24:824][639]LogShaderCompilers: Display: Started 10 'Local' shader compile jobs with 'Normal' priority
[2023.05.07-14.50.25:307][659]LogShaderCompilers: Display: Worker (1/5): shaders left to compile 264
[2023.05.07-14.50.25:307][659]LogShaderCompilers: Display: Started 10 'Local' shader compile jobs with 'Normal' priority
[2023.05.07-14.50.27:022][730]LogShaderCompilers: Display: Worker (2/5): shaders left to compile 254
[2023.05.07-14.50.27:022][730]LogShaderCompilers: Display: Started 10 'Local' shader compile jobs with 'Normal' priority
[2023.05.07-14.50.28:495][787]LogShaderCompilers: Display: Worker (4/5): shaders left to compile 244
[2023.05.07-14.50.28:495][787]LogShaderCompilers: Display: Started 10 'Local' shader compile jobs with 'Normal' priority
[2023.05.07-14.50.28:767][800]LogShaderCompilers: Display: Worker (3/5): shaders left to compile 234
[2023.05.07-14.50.28:767][800]LogShaderCompilers: Display: Started 10 'Local' shader compile jobs with 'Normal' priority
[2023.05.07-14.50.29:211][818]LogShaderCompilers: Display: Worker (1/5): shaders left to compile 224
[2023.05.07-14.50.29:211][818]LogShaderCompilers: Display: Started 10 'Local' shader compile jobs with 'Normal' priority
[2023.05.07-14.50.31:377][907]LogShaderCompilers: Display: Worker (2/5): shaders left to compile 214
[2023.05.07-14.50.31:377][907]LogShaderCompilers: Display: Started 10 'Local' shader compile jobs with 'Normal' priority
[2023.05.07-14.50.32:501][950]LogShaderCompilers: Display: Worker (4/5): shaders left to compile 204
[2023.05.07-14.50.32:501][950]LogShaderCompilers: Display: Started 10 'Local' shader compile jobs with 'Normal' priority
[2023.05.07-14.50.32:837][963]LogShaderCompilers: Display: Worker (3/5): shaders left to compile 194
[2023.05.07-14.50.32:837][963]LogShaderCompilers: Display: Started 10 'Local' shader compile jobs with 'Normal' priority
[2023.05.07-14.50.32:869][964]LogShaderCompilers: Display: Worker (1/5): shaders left to compile 184
[2023.05.07-14.50.32:869][964]LogShaderCompilers: Display: Started 10 'Local' shader compile jobs with 'Normal' priority
[2023.05.07-14.50.35:831][ 79]LogShaderCompilers: Display: Worker (2/5): shaders left to compile 174
[2023.05.07-14.50.35:831][ 79]LogShaderCompilers: Display: Started 10 'Local' shader compile jobs with 'Normal' priority
[2023.05.07-14.50.36:345][ 99]LogShaderCompilers: Display: Worker (4/5): shaders left to compile 164
[2023.05.07-14.50.36:345][ 99]LogShaderCompilers: Display: Started 10 'Local' shader compile jobs with 'Normal' priority
[2023.05.07-14.50.36:670][112]LogShaderCompilers: Display: Worker (3/5): shaders left to compile 154
[2023.05.07-14.50.36:670][112]LogShaderCompilers: Display: Started 10 'Local' shader compile jobs with 'Normal' priority
[2023.05.07-14.50.37:225][134]LogShaderCompilers: Display: Worker (1/5): shaders left to compile 144
[2023.05.07-14.50.37:225][134]LogShaderCompilers: Display: Started 10 'Local' shader compile jobs with 'Normal' priority
[2023.05.07-14.50.39:988][241]LogShaderCompilers: Display: Worker (2/5): shaders left to compile 134
[2023.05.07-14.50.39:988][241]LogShaderCompilers: Display: Started 10 'Local' shader compile jobs with 'Normal' priority
[2023.05.07-14.50.40:501][262]LogShaderCompilers: Display: Worker (3/5): shaders left to compile 124
[2023.05.07-14.50.40:501][262]LogShaderCompilers: Display: Started 10 'Local' shader compile jobs with 'Normal' priority
[2023.05.07-14.50.40:533][263]LogShaderCompilers: Display: Worker (4/5): shaders left to compile 114
[2023.05.07-14.50.40:533][263]LogShaderCompilers: Display: Started 10 'Local' shader compile jobs with 'Normal' priority
[2023.05.07-14.50.41:835][315]LogShaderCompilers: Display: Worker (1/5): shaders left to compile 104
[2023.05.07-14.50.41:835][315]LogShaderCompilers: Display: Started 10 'Local' shader compile jobs with 'Normal' priority
[2023.05.07-14.50.43:826][393]LogShaderCompilers: Display: Worker (2/5): shaders left to compile 94
[2023.05.07-14.50.43:826][393]LogShaderCompilers: Display: Started 10 'Local' shader compile jobs with 'Normal' priority
[2023.05.07-14.50.44:313][412]LogShaderCompilers: Display: Worker (3/5): shaders left to compile 84
[2023.05.07-14.50.44:313][412]LogShaderCompilers: Display: Started 10 'Local' shader compile jobs with 'Normal' priority
[2023.05.07-14.50.44:845][433]LogShaderCompilers: Display: Worker (4/5): shaders left to compile 74
[2023.05.07-14.50.44:845][433]LogShaderCompilers: Display: Started 10 'Local' shader compile jobs with 'Normal' priority
[2023.05.07-14.50.45:865][474]LogShaderCompilers: Display: Worker (1/5): shaders left to compile 64
[2023.05.07-14.50.45:865][474]LogShaderCompilers: Display: Started 10 'Local' shader compile jobs with 'Normal' priority
[2023.05.07-14.50.47:904][549]LogShaderCompilers: Display: Worker (2/5): shaders left to compile 54
[2023.05.07-14.50.47:904][549]LogShaderCompilers: Display: Started 10 'Local' shader compile jobs with 'Normal' priority
[2023.05.07-14.50.48:011][555]LogShaderCompilers: Display: Worker (3/5): shaders left to compile 44
[2023.05.07-14.50.48:011][555]LogShaderCompilers: Display: Started 10 'Local' shader compile jobs with 'Normal' priority
[2023.05.07-14.50.49:361][608]LogShaderCompilers: Display: Worker (4/5): shaders left to compile 34
[2023.05.07-14.50.49:361][608]LogShaderCompilers: Display: Started 9 'Local' shader compile jobs with 'Normal' priority
[2023.05.07-14.50.49:798][625]LogShaderCompilers: Display: Worker (1/5): shaders left to compile 25
[2023.05.07-14.50.49:798][625]LogShaderCompilers: Display: Started 7 'Local' shader compile jobs with 'Normal' priority
[2023.05.07-14.50.51:717][694]LogShaderCompilers: Display: Worker (2/5): shaders left to compile 18
[2023.05.07-14.50.51:717][694]LogShaderCompilers: Display: Started 5 'Local' shader compile jobs with 'Normal' priority
[2023.05.07-14.50.52:365][716]LogShaderCompilers: Display: Worker (3/5): shaders left to compile 13
[2023.05.07-14.50.52:365][716]LogShaderCompilers: Display: Started 4 'Local' shader compile jobs with 'Normal' priority
[2023.05.07-14.50.52:447][719]LogShaderCompilers: Display: Worker (1/5): shaders left to compile 9
[2023.05.07-14.50.52:447][719]LogShaderCompilers: Display: Started 3 'Local' shader compile jobs with 'Normal' priority
[2023.05.07-14.50.52:806][732]LogShaderCompilers: Display: Worker (4/5): shaders left to compile 6
[2023.05.07-14.50.52:806][732]LogShaderCompilers: Display: Started 2 'Local' shader compile jobs with 'Normal' priority
[2023.05.07-14.50.53:578][780]LogShaderCompilers: Display: Worker (1/5): shaders left to compile 4
[2023.05.07-14.50.53:578][780]LogShaderCompilers: Display: Started 2 'Local' shader compile jobs with 'Normal' priority
[2023.05.07-14.50.53:767][794]LogShaderCompilers: Display: Worker (4/5): shaders left to compile 2
[2023.05.07-14.50.53:767][794]LogShaderCompilers: Display: Started 1 'Local' shader compile jobs with 'Normal' priority
[2023.05.07-14.50.53:888][803]LogShaderCompilers: Display: Worker (2/5): shaders left to compile 1
[2023.05.07-14.50.53:888][803]LogShaderCompilers: Display: Started 1 'Local' shader compile jobs with 'Normal' priority
[2023.05.07-14.50.57:577][978]LogActorFactory: Actor Factory created Parking_imported_Object_2
[2023.05.07-14.50.57:582][978]LogActorFactory: Actor Factory created Parking_imported_Object_4
[2023.05.07-14.50.57:583][978]LogActorFactory: Actor Factory created Parking_imported_Object_5
[2023.05.07-14.50.57:583][978]LogActorFactory: Actor Factory created Parking_imported_Object_7
[2023.05.07-14.50.57:583][978]LogActorFactory: Actor Factory created Parking_imported_Object_8
[2023.05.07-14.50.57:583][978]LogActorFactory: Actor Factory created Parking_imported_Object_9
[2023.05.07-14.50.57:583][978]LogActorFactory: Actor Factory created Parking_imported_Object_2_001
[2023.05.07-14.50.57:584][978]LogActorFactory: Actor Factory created Parking_imported_Object_2_002
[2023.05.07-14.50.57:584][978]LogActorFactory: Actor Factory created Parking_imported_Object_2_003
[2023.05.07-14.50.57:584][978]LogActorFactory: Actor Factory created Parking_imported_Object_2_004
[2023.05.07-14.50.57:584][978]LogActorFactory: Actor Factory created Parking_imported_Object_4_001
[2023.05.07-14.50.57:584][978]LogActorFactory: Actor Factory created Parking_imported_Object_4_002
[2023.05.07-14.50.57:585][978]LogActorFactory: Actor Factory created Parking_imported_Object_4_003
[2023.05.07-14.50.57:585][978]LogActorFactory: Actor Factory created Parking_imported_Object_4_004
[2023.05.07-14.50.57:585][978]LogActorFactory: Actor Factory created Parking_imported_Object_4_005
[2023.05.07-14.50.57:585][978]LogActorFactory: Actor Factory created Parking_imported_Object_4_006
[2023.05.07-14.50.57:585][978]LogActorFactory: Actor Factory created Parking_imported_Object_4_007
[2023.05.07-14.50.57:585][978]LogActorFactory: Actor Factory created Parking_imported_Object_5_001
[2023.05.07-14.50.57:585][978]LogActorFactory: Actor Factory created Parking_imported_Object_5_002
[2023.05.07-14.50.57:585][978]LogActorFactory: Actor Factory created Parking_imported_Object_5_003
[2023.05.07-14.50.57:587][978]LogActorFactory: Actor Factory created Parking_imported_Object_5_004
[2023.05.07-14.50.57:587][978]LogActorFactory: Actor Factory created Parking_imported_Object_5_005
[2023.05.07-14.50.57:587][978]LogActorFactory: Actor Factory created Parking_imported_Object_5_006
[2023.05.07-14.50.57:587][978]LogActorFactory: Actor Factory created Parking_imported_Object_5_007
[2023.05.07-14.50.57:588][978]LogActorFactory: Actor Factory created Parking_imported_Object_7_001
[2023.05.07-14.50.57:588][978]LogActorFactory: Actor Factory created Parking_imported_Object_7_002
[2023.05.07-14.50.57:588][978]LogActorFactory: Actor Factory created Parking_imported_Object_7_003
[2023.05.07-14.50.57:588][978]LogActorFactory: Actor Factory created Parking_imported_Object_7_004
[2023.05.07-14.50.57:588][978]LogActorFactory: Actor Factory created Parking_imported_Object_7_005
[2023.05.07-14.50.57:589][978]LogActorFactory: Actor Factory created Parking_imported_Object_7_006
[2023.05.07-14.50.57:589][978]LogActorFactory: Actor Factory created Parking_imported_Object_7_007
[2023.05.07-14.50.57:589][978]LogActorFactory: Actor Factory created Parking_imported_Object_8_001
[2023.05.07-14.50.57:589][978]LogActorFactory: Actor Factory created Parking_imported_Object_8_002
[2023.05.07-14.50.57:590][978]LogActorFactory: Actor Factory created Parking_imported_Object_8_003
[2023.05.07-14.50.57:590][978]LogActorFactory: Actor Factory created Parking_imported_Object_9_001
[2023.05.07-14.50.57:590][978]LogActorFactory: Actor Factory created Parking_imported_Plane
[2023.05.07-14.50.57:590][978]LogActorFactory: Actor Factory created Parking_imported_Room
[2023.05.07-14.50.58:509][ 52]LogActorFactory: Actor Factory created Parking_imported_Object_2
[2023.05.07-14.50.58:523][ 52]LogActorFactory: Actor Factory created Parking_imported_Object_4
[2023.05.07-14.50.58:535][ 52]LogActorFactory: Actor Factory created Parking_imported_Object_5
[2023.05.07-14.50.58:546][ 52]LogActorFactory: Actor Factory created Parking_imported_Object_7
[2023.05.07-14.50.58:557][ 52]LogActorFactory: Actor Factory created Parking_imported_Object_8
[2023.05.07-14.50.58:568][ 52]LogActorFactory: Actor Factory created Parking_imported_Object_9
[2023.05.07-14.50.58:579][ 52]LogActorFactory: Actor Factory created Parking_imported_Object_2_001
[2023.05.07-14.50.58:589][ 52]LogActorFactory: Actor Factory created Parking_imported_Object_2_002
[2023.05.07-14.50.58:600][ 52]LogActorFactory: Actor Factory created Parking_imported_Object_2_003
[2023.05.07-14.50.58:611][ 52]LogActorFactory: Actor Factory created Parking_imported_Object_2_004
[2023.05.07-14.50.58:622][ 52]LogActorFactory: Actor Factory created Parking_imported_Object_4_001
[2023.05.07-14.50.58:632][ 52]LogActorFactory: Actor Factory created Parking_imported_Object_4_002
[2023.05.07-14.50.58:644][ 52]LogActorFactory: Actor Factory created Parking_imported_Object_4_003
[2023.05.07-14.50.58:653][ 52]LogActorFactory: Actor Factory created Parking_imported_Object_4_004
[2023.05.07-14.50.58:665][ 52]LogActorFactory: Actor Factory created Parking_imported_Object_4_005
[2023.05.07-14.50.58:677][ 52]LogActorFactory: Actor Factory created Parking_imported_Object_4_006
[2023.05.07-14.50.58:689][ 52]LogActorFactory: Actor Factory created Parking_imported_Object_4_007
[2023.05.07-14.50.58:701][ 52]LogActorFactory: Actor Factory created Parking_imported_Object_5_001
[2023.05.07-14.50.58:711][ 52]LogActorFactory: Actor Factory created Parking_imported_Object_5_002
[2023.05.07-14.50.58:723][ 52]LogActorFactory: Actor Factory created Parking_imported_Object_5_003
[2023.05.07-14.50.58:733][ 52]LogActorFactory: Actor Factory created Parking_imported_Object_5_004
[2023.05.07-14.50.58:745][ 52]LogActorFactory: Actor Factory created Parking_imported_Object_5_005
[2023.05.07-14.50.58:756][ 52]LogActorFactory: Actor Factory created Parking_imported_Object_5_006
[2023.05.07-14.50.58:767][ 52]LogActorFactory: Actor Factory created Parking_imported_Object_5_007
[2023.05.07-14.50.58:778][ 52]LogActorFactory: Actor Factory created Parking_imported_Object_7_001
[2023.05.07-14.50.58:790][ 52]LogActorFactory: Actor Factory created Parking_imported_Object_7_002
[2023.05.07-14.50.58:802][ 52]LogActorFactory: Actor Factory created Parking_imported_Object_7_003
[2023.05.07-14.50.58:812][ 52]LogActorFactory: Actor Factory created Parking_imported_Object_7_004
[2023.05.07-14.50.58:824][ 52]LogActorFactory: Actor Factory created Parking_imported_Object_7_005
[2023.05.07-14.50.58:833][ 52]LogActorFactory: Actor Factory created Parking_imported_Object_7_006
[2023.05.07-14.50.58:845][ 52]LogActorFactory: Actor Factory created Parking_imported_Object_7_007
[2023.05.07-14.50.58:856][ 52]LogActorFactory: Actor Factory created Parking_imported_Object_8_001
[2023.05.07-14.50.58:867][ 52]LogActorFactory: Actor Factory created Parking_imported_Object_8_002
[2023.05.07-14.50.58:883][ 52]LogActorFactory: Actor Factory created Parking_imported_Object_8_003
[2023.05.07-14.50.58:899][ 52]LogActorFactory: Actor Factory created Parking_imported_Object_9_001
[2023.05.07-14.50.58:913][ 52]LogActorFactory: Actor Factory created Parking_imported_Plane
[2023.05.07-14.50.58:927][ 52]LogActorFactory: Actor Factory created Parking_imported_Room
[2023.05.07-14.50.59:599][ 53]LogEditorViewport: Clicking on Actor (LMB): StaticMeshActor (Parking_imported_Room)
[2023.05.07-14.51.05:781][498]LogEditorViewport: Clicking on Actor (LMB): Landscape (Landscape)
[2023.05.07-14.51.14:636][136]Cmd: TRANSACTION UNDO
[2023.05.07-14.51.14:636][136]LogEditorTransaction: Undo Clicking on Actors
[2023.05.07-14.51.15:258][154]Cmd: TRANSACTION UNDO
[2023.05.07-14.51.15:258][154]LogEditorTransaction: Undo Rotate Actors
[2023.05.07-14.51.15:817][193]Cmd: TRANSACTION UNDO
[2023.05.07-14.51.15:817][193]LogEditorTransaction: Undo Clicking on Actors
[2023.05.07-14.51.55:201][885]LogEditorViewport: Clicking on Actor (LMB): StaticMeshActor (Base_Ground_Uni_f6)
[2023.05.07-14.51.57:333][  8]Cmd: TRANSACTION UNDO
[2023.05.07-14.51.57:333][  8]LogEditorTransaction: Undo Clicking on Actors
[2023.05.07-14.52.47:941][321]LogEditorViewport: Clicking on Actor (LMB): Landscape (Landscape)
[2023.05.07-14.53.02:395][272]Cmd: TRANSACTION UNDO
[2023.05.07-14.53.02:395][272]LogEditorTransaction: Undo Clicking on Actors
[2023.05.07-14.53.22:968][345]LogEditorViewport: Clicking on Actor (LMB): StaticMeshActor (Base_Ground_Uni_f6)
[2023.05.07-14.53.41:283][503]Cmd: TRANSACTION UNDO
[2023.05.07-14.53.41:283][503]LogEditorTransaction: Undo Clicking on Actors
[2023.05.07-14.54.15:392][203]LogEditorViewport: Clicking on Actor (LMB): StaticMeshActor (Base_Ground_Uni_f6)
[2023.05.07-14.54.17:338][315]Cmd: TRANSACTION UNDO
[2023.05.07-14.54.17:338][315]LogEditorTransaction: Undo Clicking on Actors
[2023.05.07-14.55.16:542][875]LogEditorViewport: Clicking on Actor (LMB): Landscape (Landscape)
[2023.05.07-14.55.31:513][832]LogUObjectHash: Compacting FUObjectHashTables data took   0.79ms
[2023.05.07-14.55.32:740][832]LogSlate: Window 'Save Content' being destroyed
[2023.05.07-14.55.32:778][832]LogSavePackage: Moving '../../../../../../Asus/Documents/GitHub/TheTroubleMakers/Unreal Engine Project/SpeedLimit_UniAzad/Saved/Ebony_matED549106454A3B532504FAA5917DE463.tmp' to '../../../../../../Asus/Documents/GitHub/TheTroubleMakers/Unreal Engine Project/SpeedLimit_UniAzad/Content/TheTroubleMakers/ALL_Assets/VorodiParking/Ebony_mat.uasset'
[2023.05.07-14.55.32:793][832]LogSavePackage: Moving '../../../../../../Asus/Documents/GitHub/TheTroubleMakers/Unreal Engine Project/SpeedLimit_UniAzad/Saved/Ebony_mat_0011C4B79464BC2A80D85B62FB6061D53CB.tmp' to '../../../../../../Asus/Documents/GitHub/TheTroubleMakers/Unreal Engine Project/SpeedLimit_UniAzad/Content/TheTroubleMakers/ALL_Assets/VorodiParking/Ebony_mat_001.uasset'
[2023.05.07-14.55.32:806][832]LogSavePackage: Moving '../../../../../../Asus/Documents/GitHub/TheTroubleMakers/Unreal Engine Project/SpeedLimit_UniAzad/Saved/Ebony_mat_002AA306D6B4C96495E76CDEFA8FB2A431E.tmp' to '../../../../../../Asus/Documents/GitHub/TheTroubleMakers/Unreal Engine Project/SpeedLimit_UniAzad/Content/TheTroubleMakers/ALL_Assets/VorodiParking/Ebony_mat_002.uasset'
[2023.05.07-14.55.32:821][832]LogSavePackage: Moving '../../../../../../Asus/Documents/GitHub/TheTroubleMakers/Unreal Engine Project/SpeedLimit_UniAzad/Saved/Ebony_mat_0031AEA30724274F8C2FEF8ED9205B39C1E.tmp' to '../../../../../../Asus/Documents/GitHub/TheTroubleMakers/Unreal Engine Project/SpeedLimit_UniAzad/Content/TheTroubleMakers/ALL_Assets/VorodiParking/Ebony_mat_003.uasset'
[2023.05.07-14.55.32:835][832]LogSavePackage: Moving '../../../../../../Asus/Documents/GitHub/TheTroubleMakers/Unreal Engine Project/SpeedLimit_UniAzad/Saved/Ebony_mat_0042FA50908462DC74556EFD78BD4B0668B.tmp' to '../../../../../../Asus/Documents/GitHub/TheTroubleMakers/Unreal Engine Project/SpeedLimit_UniAzad/Content/TheTroubleMakers/ALL_Assets/VorodiParking/Ebony_mat_004.uasset'
[2023.05.07-14.55.32:849][832]LogSavePackage: Moving '../../../../../../Asus/Documents/GitHub/TheTroubleMakers/Unreal Engine Project/SpeedLimit_UniAzad/Saved/Ebony_mat_0061C5FFE7F4B053C9475011D9E1400079E.tmp' to '../../../../../../Asus/Documents/GitHub/TheTroubleMakers/Unreal Engine Project/SpeedLimit_UniAzad/Content/TheTroubleMakers/ALL_Assets/VorodiParking/Ebony_mat_006.uasset'
[2023.05.07-14.55.32:863][832]LogSavePackage: Moving '../../../../../../Asus/Documents/GitHub/TheTroubleMakers/Unreal Engine Project/SpeedLimit_UniAzad/Saved/Ebony_mat_007FC4E890241985CBF0123B9A9958DBB9B.tmp' to '../../../../../../Asus/Documents/GitHub/TheTroubleMakers/Unreal Engine Project/SpeedLimit_UniAzad/Content/TheTroubleMakers/ALL_Assets/VorodiParking/Ebony_mat_007.uasset'
[2023.05.07-14.55.32:880][832]LogSavePackage: Moving '../../../../../../Asus/Documents/GitHub/TheTroubleMakers/Unreal Engine Project/SpeedLimit_UniAzad/Saved/Ebony_mat_0082F1A84F64583294CE1C51481F426D116.tmp' to '../../../../../../Asus/Documents/GitHub/TheTroubleMakers/Unreal Engine Project/SpeedLimit_UniAzad/Content/TheTroubleMakers/ALL_Assets/VorodiParking/Ebony_mat_008.uasset'
[2023.05.07-14.55.32:893][832]LogSavePackage: Moving '../../../../../../Asus/Documents/GitHub/TheTroubleMakers/Unreal Engine Project/SpeedLimit_UniAzad/Saved/MaterialBAAF90234D6E3B1BF3D9E68F5D144210.tmp' to '../../../../../../Asus/Documents/GitHub/TheTroubleMakers/Unreal Engine Project/SpeedLimit_UniAzad/Content/TheTroubleMakers/ALL_Assets/VorodiParking/Material.uasset'
[2023.05.07-14.55.32:907][832]LogSavePackage: Moving '../../../../../../Asus/Documents/GitHub/TheTroubleMakers/Unreal Engine Project/SpeedLimit_UniAzad/Saved/Material_001F002BBFA445641072490E6B9CC16B9BA.tmp' to '../../../../../../Asus/Documents/GitHub/TheTroubleMakers/Unreal Engine Project/SpeedLimit_UniAzad/Content/TheTroubleMakers/ALL_Assets/VorodiParking/Material_001.uasset'
[2023.05.07-14.55.32:921][832]LogSavePackage: Moving '../../../../../../Asus/Documents/GitHub/TheTroubleMakers/Unreal Engine Project/SpeedLimit_UniAzad/Saved/material_001_ncl1_11EBF50D14976271F8DFCB4B9CED21D59.tmp' to '../../../../../../Asus/Documents/GitHub/TheTroubleMakers/Unreal Engine Project/SpeedLimit_UniAzad/Content/TheTroubleMakers/ALL_Assets/VorodiParking/material_001_ncl1_1.uasset'
[2023.05.07-14.55.32:935][832]LogSavePackage: Moving '../../../../../../Asus/Documents/GitHub/TheTroubleMakers/Unreal Engine Project/SpeedLimit_UniAzad/Saved/Material_002CBA333F4436915598953E290EAAA1807.tmp' to '../../../../../../Asus/Documents/GitHub/TheTroubleMakers/Unreal Engine Project/SpeedLimit_UniAzad/Content/TheTroubleMakers/ALL_Assets/VorodiParking/Material_002.uasset'
[2023.05.07-14.55.32:948][832]LogSavePackage: Moving '../../../../../../Asus/Documents/GitHub/TheTroubleMakers/Unreal Engine Project/SpeedLimit_UniAzad/Saved/material_002_ncl1_156D254B1487DE1862DF3EBAFC616005E.tmp' to '../../../../../../Asus/Documents/GitHub/TheTroubleMakers/Unreal Engine Project/SpeedLimit_UniAzad/Content/TheTroubleMakers/ALL_Assets/VorodiParking/material_002_ncl1_1.uasset'
[2023.05.07-14.55.32:962][832]LogSavePackage: Moving '../../../../../../Asus/Documents/GitHub/TheTroubleMakers/Unreal Engine Project/SpeedLimit_UniAzad/Saved/Material_0031792FF5641783B7F23CDD3A068D18BD1.tmp' to '../../../../../../Asus/Documents/GitHub/TheTroubleMakers/Unreal Engine Project/SpeedLimit_UniAzad/Content/TheTroubleMakers/ALL_Assets/VorodiParking/Material_003.uasset'
[2023.05.07-14.55.32:979][832]LogSavePackage: Moving '../../../../../../Asus/Documents/GitHub/TheTroubleMakers/Unreal Engine Project/SpeedLimit_UniAzad/Saved/material_003_ncl1_18E2DC1654871EC5616859DAF12DF5F82.tmp' to '../../../../../../Asus/Documents/GitHub/TheTroubleMakers/Unreal Engine Project/SpeedLimit_UniAzad/Content/TheTroubleMakers/ALL_Assets/VorodiParking/material_003_ncl1_1.uasset'
[2023.05.07-14.55.32:995][832]LogSavePackage: Moving '../../../../../../Asus/Documents/GitHub/TheTroubleMakers/Unreal Engine Project/SpeedLimit_UniAzad/Saved/Material_004F3EF2FB84F5FCD37C45A43ACB183CE92.tmp' to '../../../../../../Asus/Documents/GitHub/TheTroubleMakers/Unreal Engine Project/SpeedLimit_UniAzad/Content/TheTroubleMakers/ALL_Assets/VorodiParking/Material_004.uasset'
[2023.05.07-14.55.33:009][832]LogSavePackage: Moving '../../../../../../Asus/Documents/GitHub/TheTroubleMakers/Unreal Engine Project/SpeedLimit_UniAzad/Saved/material_004_ncl1_127E7D6DE41569FD4031CCCB5E9BE3954.tmp' to '../../../../../../Asus/Documents/GitHub/TheTroubleMakers/Unreal Engine Project/SpeedLimit_UniAzad/Content/TheTroubleMakers/ALL_Assets/VorodiParking/material_004_ncl1_1.uasset'
[2023.05.07-14.55.33:023][832]LogSavePackage: Moving '../../../../../../Asus/Documents/GitHub/TheTroubleMakers/Unreal Engine Project/SpeedLimit_UniAzad/Saved/Material_0051A82961549F90452912F5BB2EBEF7AB9.tmp' to '../../../../../../Asus/Documents/GitHub/TheTroubleMakers/Unreal Engine Project/SpeedLimit_UniAzad/Content/TheTroubleMakers/ALL_Assets/VorodiParking/Material_005.uasset'
[2023.05.07-14.55.33:036][832]LogSavePackage: Moving '../../../../../../Asus/Documents/GitHub/TheTroubleMakers/Unreal Engine Project/SpeedLimit_UniAzad/Saved/Material_00652461DAC45970EE97A96B48AFF0493CE.tmp' to '../../../../../../Asus/Documents/GitHub/TheTroubleMakers/Unreal Engine Project/SpeedLimit_UniAzad/Content/TheTroubleMakers/ALL_Assets/VorodiParking/Material_006.uasset'
[2023.05.07-14.55.33:051][832]LogSavePackage: Moving '../../../../../../Asus/Documents/GitHub/TheTroubleMakers/Unreal Engine Project/SpeedLimit_UniAzad/Saved/Material_010FCC22E8246689C3280EEA3BD6BE69A85.tmp' to '../../../../../../Asus/Documents/GitHub/TheTroubleMakers/Unreal Engine Project/SpeedLimit_UniAzad/Content/TheTroubleMakers/ALL_Assets/VorodiParking/Material_010.uasset'
[2023.05.07-14.55.33:065][832]LogSavePackage: Moving '../../../../../../Asus/Documents/GitHub/TheTroubleMakers/Unreal Engine Project/SpeedLimit_UniAzad/Saved/Material_011B662016C4ED1E2F1D6825B93F2D5ECE3.tmp' to '../../../../../../Asus/Documents/GitHub/TheTroubleMakers/Unreal Engine Project/SpeedLimit_UniAzad/Content/TheTroubleMakers/ALL_Assets/VorodiParking/Material_011.uasset'
[2023.05.07-14.55.33:079][832]LogSavePackage: Moving '../../../../../../Asus/Documents/GitHub/TheTroubleMakers/Unreal Engine Project/SpeedLimit_UniAzad/Saved/material_ncl1_1D4072C5648669E06A160A8A4B1142535.tmp' to '../../../../../../Asus/Documents/GitHub/TheTroubleMakers/Unreal Engine Project/SpeedLimit_UniAzad/Content/TheTroubleMakers/ALL_Assets/VorodiParking/material_ncl1_1.uasset'
[2023.05.07-14.55.33:084][832]LogUObjectHash: Compacting FUObjectHashTables data took   0.48ms
[2023.05.07-14.55.33:140][832]LogSavePackage: Moving '../../../../../../Asus/Documents/GitHub/TheTroubleMakers/Unreal Engine Project/SpeedLimit_UniAzad/Saved/Minimal_DefaultE385075A417E863705C5F68F338ED12E.tmp' to '../../../../../../Asus/Documents/GitHub/TheTroubleMakers/Unreal Engine Project/SpeedLimit_UniAzad/Content/StarterContent/Maps/Minimal_Default.umap'
[2023.05.07-14.55.33:158][832]LogFileHelpers: Saving map 'Minimal_Default' took 0.079
[2023.05.07-14.55.33:175][832]LogSavePackage: Moving '../../../../../../Asus/Documents/GitHub/TheTroubleMakers/Unreal Engine Project/SpeedLimit_UniAzad/Saved/Parking_imported_Object_211C89813429471FBA4BDD28A12AD97E2.tmp' to '../../../../../../Asus/Documents/GitHub/TheTroubleMakers/Unreal Engine Project/SpeedLimit_UniAzad/Content/TheTroubleMakers/ALL_Assets/VorodiParking/Parking_imported_Object_2.uasset'
[2023.05.07-14.55.33:191][832]LogSavePackage: Moving '../../../../../../Asus/Documents/GitHub/TheTroubleMakers/Unreal Engine Project/SpeedLimit_UniAzad/Saved/Parking_imported_Object_2_0014F9706C149A8B86FAC90619F8A06EB68.tmp' to '../../../../../../Asus/Documents/GitHub/TheTroubleMakers/Unreal Engine Project/SpeedLimit_UniAzad/Content/TheTroubleMakers/ALL_Assets/VorodiParking/Parking_imported_Object_2_001.uasset'
[2023.05.07-14.55.33:207][832]LogSavePackage: Moving '../../../../../../Asus/Documents/GitHub/TheTroubleMakers/Unreal Engine Project/SpeedLimit_UniAzad/Saved/Parking_imported_Object_2_00200696D79481AAA151D13749E0CBE7287.tmp' to '../../../../../../Asus/Documents/GitHub/TheTroubleMakers/Unreal Engine Project/SpeedLimit_UniAzad/Content/TheTroubleMakers/ALL_Assets/VorodiParking/Parking_imported_Object_2_002.uasset'
[2023.05.07-14.55.33:223][832]LogSavePackage: Moving '../../../../../../Asus/Documents/GitHub/TheTroubleMakers/Unreal Engine Project/SpeedLimit_UniAzad/Saved/Parking_imported_Object_2_003F1EB86D044855A6F3639C7A54619758B.tmp' to '../../../../../../Asus/Documents/GitHub/TheTroubleMakers/Unreal Engine Project/SpeedLimit_UniAzad/Content/TheTroubleMakers/ALL_Assets/VorodiParking/Parking_imported_Object_2_003.uasset'
[2023.05.07-14.55.33:238][832]LogSavePackage: Moving '../../../../../../Asus/Documents/GitHub/TheTroubleMakers/Unreal Engine Project/SpeedLimit_UniAzad/Saved/Parking_imported_Object_2_004C10C6FFE43AB58F4BD269BAFA98A5BCE.tmp' to '../../../../../../Asus/Documents/GitHub/TheTroubleMakers/Unreal Engine Project/SpeedLimit_UniAzad/Content/TheTroubleMakers/ALL_Assets/VorodiParking/Parking_imported_Object_2_004.uasset'
[2023.05.07-14.55.33:259][832]LogSavePackage: Moving '../../../../../../Asus/Documents/GitHub/TheTroubleMakers/Unreal Engine Project/SpeedLimit_UniAzad/Saved/Parking_imported_Object_42BA177764ED821F07DA583B5D41B1059.tmp' to '../../../../../../Asus/Documents/GitHub/TheTroubleMakers/Unreal Engine Project/SpeedLimit_UniAzad/Content/TheTroubleMakers/ALL_Assets/VorodiParking/Parking_imported_Object_4.uasset'
[2023.05.07-14.55.33:282][832]LogSavePackage: Moving '../../../../../../Asus/Documents/GitHub/TheTroubleMakers/Unreal Engine Project/SpeedLimit_UniAzad/Saved/Parking_imported_Object_4_001132C947248D9198D7C8F788F3AAF2BBB.tmp' to '../../../../../../Asus/Documents/GitHub/TheTroubleMakers/Unreal Engine Project/SpeedLimit_UniAzad/Content/TheTroubleMakers/ALL_Assets/VorodiParking/Parking_imported_Object_4_001.uasset'
[2023.05.07-14.55.33:304][832]LogSavePackage: Moving '../../../../../../Asus/Documents/GitHub/TheTroubleMakers/Unreal Engine Project/SpeedLimit_UniAzad/Saved/Parking_imported_Object_4_00216E6FE4D4C9F0484417132AED97F6BDB.tmp' to '../../../../../../Asus/Documents/GitHub/TheTroubleMakers/Unreal Engine Project/SpeedLimit_UniAzad/Content/TheTroubleMakers/ALL_Assets/VorodiParking/Parking_imported_Object_4_002.uasset'
[2023.05.07-14.55.33:326][832]LogSavePackage: Moving '../../../../../../Asus/Documents/GitHub/TheTroubleMakers/Unreal Engine Project/SpeedLimit_UniAzad/Saved/Parking_imported_Object_4_0033237500E450D9A54B30E88BDA7C1ACEF.tmp' to '../../../../../../Asus/Documents/GitHub/TheTroubleMakers/Unreal Engine Project/SpeedLimit_UniAzad/Content/TheTroubleMakers/ALL_Assets/VorodiParking/Parking_imported_Object_4_003.uasset'
[2023.05.07-14.55.33:348][832]LogSavePackage: Moving '../../../../../../Asus/Documents/GitHub/TheTroubleMakers/Unreal Engine Project/SpeedLimit_UniAzad/Saved/Parking_imported_Object_4_004B1728F1F43016F2122B66C8DDB4FE317.tmp' to '../../../../../../Asus/Documents/GitHub/TheTroubleMakers/Unreal Engine Project/SpeedLimit_UniAzad/Content/TheTroubleMakers/ALL_Assets/VorodiParking/Parking_imported_Object_4_004.uasset'
[2023.05.07-14.55.33:370][832]LogSavePackage: Moving '../../../../../../Asus/Documents/GitHub/TheTroubleMakers/Unreal Engine Project/SpeedLimit_UniAzad/Saved/Parking_imported_Object_4_005C46A11814BC8C2535C5FE396CC4F9926.tmp' to '../../../../../../Asus/Documents/GitHub/TheTroubleMakers/Unreal Engine Project/SpeedLimit_UniAzad/Content/TheTroubleMakers/ALL_Assets/VorodiParking/Parking_imported_Object_4_005.uasset'
[2023.05.07-14.55.33:394][832]LogSavePackage: Moving '../../../../../../Asus/Documents/GitHub/TheTroubleMakers/Unreal Engine Project/SpeedLimit_UniAzad/Saved/Parking_imported_Object_4_006049415644E46B69955AEDAB108871105.tmp' to '../../../../../../Asus/Documents/GitHub/TheTroubleMakers/Unreal Engine Project/SpeedLimit_UniAzad/Content/TheTroubleMakers/ALL_Assets/VorodiParking/Parking_imported_Object_4_006.uasset'
[2023.05.07-14.55.33:416][832]LogSavePackage: Moving '../../../../../../Asus/Documents/GitHub/TheTroubleMakers/Unreal Engine Project/SpeedLimit_UniAzad/Saved/Parking_imported_Object_4_007826988DD4AD529C9BE6E6C8943398327.tmp' to '../../../../../../Asus/Documents/GitHub/TheTroubleMakers/Unreal Engine Project/SpeedLimit_UniAzad/Content/TheTroubleMakers/ALL_Assets/VorodiParking/Parking_imported_Object_4_007.uasset'
[2023.05.07-14.55.33:433][832]LogSavePackage: Moving '../../../../../../Asus/Documents/GitHub/TheTroubleMakers/Unreal Engine Project/SpeedLimit_UniAzad/Saved/Parking_imported_Object_5207F4DCC42169086AFBD9BAC5D5519F3.tmp' to '../../../../../../Asus/Documents/GitHub/TheTroubleMakers/Unreal Engine Project/SpeedLimit_UniAzad/Content/TheTroubleMakers/ALL_Assets/VorodiParking/Parking_imported_Object_5.uasset'
[2023.05.07-14.55.33:449][832]LogSavePackage: Moving '../../../../../../Asus/Documents/GitHub/TheTroubleMakers/Unreal Engine Project/SpeedLimit_UniAzad/Saved/Parking_imported_Object_5_001C3C6F0F944A46B1E2038F9B01383ECB5.tmp' to '../../../../../../Asus/Documents/GitHub/TheTroubleMakers/Unreal Engine Project/SpeedLimit_UniAzad/Content/TheTroubleMakers/ALL_Assets/VorodiParking/Parking_imported_Object_5_001.uasset'
[2023.05.07-14.55.33:465][832]LogSavePackage: Moving '../../../../../../Asus/Documents/GitHub/TheTroubleMakers/Unreal Engine Project/SpeedLimit_UniAzad/Saved/Parking_imported_Object_5_00202984376487C36CF4A1B4CADD40A73DD.tmp' to '../../../../../../Asus/Documents/GitHub/TheTroubleMakers/Unreal Engine Project/SpeedLimit_UniAzad/Content/TheTroubleMakers/ALL_Assets/VorodiParking/Parking_imported_Object_5_002.uasset'
[2023.05.07-14.55.33:481][832]LogSavePackage: Moving '../../../../../../Asus/Documents/GitHub/TheTroubleMakers/Unreal Engine Project/SpeedLimit_UniAzad/Saved/Parking_imported_Object_5_0039014F78C476458F0952C22A4ABE9A7A6.tmp' to '../../../../../../Asus/Documents/GitHub/TheTroubleMakers/Unreal Engine Project/SpeedLimit_UniAzad/Content/TheTroubleMakers/ALL_Assets/VorodiParking/Parking_imported_Object_5_003.uasset'
[2023.05.07-14.55.33:498][832]LogSavePackage: Moving '../../../../../../Asus/Documents/GitHub/TheTroubleMakers/Unreal Engine Project/SpeedLimit_UniAzad/Saved/Parking_imported_Object_5_004E6099F8A42ED72C230596F8E78B54A36.tmp' to '../../../../../../Asus/Documents/GitHub/TheTroubleMakers/Unreal Engine Project/SpeedLimit_UniAzad/Content/TheTroubleMakers/ALL_Assets/VorodiParking/Parking_imported_Object_5_004.uasset'
[2023.05.07-14.55.33:515][832]LogSavePackage: Moving '../../../../../../Asus/Documents/GitHub/TheTroubleMakers/Unreal Engine Project/SpeedLimit_UniAzad/Saved/Parking_imported_Object_5_0056541E88447866A2FCAACD78839F8399B.tmp' to '../../../../../../Asus/Documents/GitHub/TheTroubleMakers/Unreal Engine Project/SpeedLimit_UniAzad/Content/TheTroubleMakers/ALL_Assets/VorodiParking/Parking_imported_Object_5_005.uasset'
[2023.05.07-14.55.33:531][832]LogSavePackage: Moving '../../../../../../Asus/Documents/GitHub/TheTroubleMakers/Unreal Engine Project/SpeedLimit_UniAzad/Saved/Parking_imported_Object_5_006B2A1B262449B92F0B8FD6E9062F2D755.tmp' to '../../../../../../Asus/Documents/GitHub/TheTroubleMakers/Unreal Engine Project/SpeedLimit_UniAzad/Content/TheTroubleMakers/ALL_Assets/VorodiParking/Parking_imported_Object_5_006.uasset'
[2023.05.07-14.55.33:548][832]LogSavePackage: Moving '../../../../../../Asus/Documents/GitHub/TheTroubleMakers/Unreal Engine Project/SpeedLimit_UniAzad/Saved/Parking_imported_Object_5_007B473F2C74DCCE17BB78C82A19ED4D8DF.tmp' to '../../../../../../Asus/Documents/GitHub/TheTroubleMakers/Unreal Engine Project/SpeedLimit_UniAzad/Content/TheTroubleMakers/ALL_Assets/VorodiParking/Parking_imported_Object_5_007.uasset'
[2023.05.07-14.55.33:564][832]LogSavePackage: Moving '../../../../../../Asus/Documents/GitHub/TheTroubleMakers/Unreal Engine Project/SpeedLimit_UniAzad/Saved/Parking_imported_Object_7A6F2252742098BEAF1300A90E4E451C5.tmp' to '../../../../../../Asus/Documents/GitHub/TheTroubleMakers/Unreal Engine Project/SpeedLimit_UniAzad/Content/TheTroubleMakers/ALL_Assets/VorodiParking/Parking_imported_Object_7.uasset'
[2023.05.07-14.55.33:582][832]LogSavePackage: Moving '../../../../../../Asus/Documents/GitHub/TheTroubleMakers/Unreal Engine Project/SpeedLimit_UniAzad/Saved/Parking_imported_Object_7_001B40DD72242FAEA180E0F4DA7E4607C6C.tmp' to '../../../../../../Asus/Documents/GitHub/TheTroubleMakers/Unreal Engine Project/SpeedLimit_UniAzad/Content/TheTroubleMakers/ALL_Assets/VorodiParking/Parking_imported_Object_7_001.uasset'
[2023.05.07-14.55.33:599][832]LogSavePackage: Moving '../../../../../../Asus/Documents/GitHub/TheTroubleMakers/Unreal Engine Project/SpeedLimit_UniAzad/Saved/Parking_imported_Object_7_002CFC930E942799D73FE253C89700F5FA5.tmp' to '../../../../../../Asus/Documents/GitHub/TheTroubleMakers/Unreal Engine Project/SpeedLimit_UniAzad/Content/TheTroubleMakers/ALL_Assets/VorodiParking/Parking_imported_Object_7_002.uasset'
[2023.05.07-14.55.33:617][832]LogSavePackage: Moving '../../../../../../Asus/Documents/GitHub/TheTroubleMakers/Unreal Engine Project/SpeedLimit_UniAzad/Saved/Parking_imported_Object_7_0039B507A454E6A2E9425B12083289FFFAD.tmp' to '../../../../../../Asus/Documents/GitHub/TheTroubleMakers/Unreal Engine Project/SpeedLimit_UniAzad/Content/TheTroubleMakers/ALL_Assets/VorodiParking/Parking_imported_Object_7_003.uasset'
[2023.05.07-14.55.33:633][832]LogSavePackage: Moving '../../../../../../Asus/Documents/GitHub/TheTroubleMakers/Unreal Engine Project/SpeedLimit_UniAzad/Saved/Parking_imported_Object_7_0049B2DC797493D8975CFA5F997AFB49BA7.tmp' to '../../../../../../Asus/Documents/GitHub/TheTroubleMakers/Unreal Engine Project/SpeedLimit_UniAzad/Content/TheTroubleMakers/ALL_Assets/VorodiParking/Parking_imported_Object_7_004.uasset'
[2023.05.07-14.55.33:651][832]LogSavePackage: Moving '../../../../../../Asus/Documents/GitHub/TheTroubleMakers/Unreal Engine Project/SpeedLimit_UniAzad/Saved/Parking_imported_Object_7_0055BF5C3674654998FB0F78ABB1573486C.tmp' to '../../../../../../Asus/Documents/GitHub/TheTroubleMakers/Unreal Engine Project/SpeedLimit_UniAzad/Content/TheTroubleMakers/ALL_Assets/VorodiParking/Parking_imported_Object_7_005.uasset'
[2023.05.07-14.55.33:669][832]LogSavePackage: Moving '../../../../../../Asus/Documents/GitHub/TheTroubleMakers/Unreal Engine Project/SpeedLimit_UniAzad/Saved/Parking_imported_Object_7_0064131E3B04D8C20260D8E7F9A213ADD4F.tmp' to '../../../../../../Asus/Documents/GitHub/TheTroubleMakers/Unreal Engine Project/SpeedLimit_UniAzad/Content/TheTroubleMakers/ALL_Assets/VorodiParking/Parking_imported_Object_7_006.uasset'
[2023.05.07-14.55.33:686][832]LogSavePackage: Moving '../../../../../../Asus/Documents/GitHub/TheTroubleMakers/Unreal Engine Project/SpeedLimit_UniAzad/Saved/Parking_imported_Object_7_0070C7D8BCD493C987A12584DA80272CE50.tmp' to '../../../../../../Asus/Documents/GitHub/TheTroubleMakers/Unreal Engine Project/SpeedLimit_UniAzad/Content/TheTroubleMakers/ALL_Assets/VorodiParking/Parking_imported_Object_7_007.uasset'
[2023.05.07-14.55.33:702][832]LogSavePackage: Moving '../../../../../../Asus/Documents/GitHub/TheTroubleMakers/Unreal Engine Project/SpeedLimit_UniAzad/Saved/Parking_imported_Object_8CAED907A42C68B2E7148E49A5CD3D516.tmp' to '../../../../../../Asus/Documents/GitHub/TheTroubleMakers/Unreal Engine Project/SpeedLimit_UniAzad/Content/TheTroubleMakers/ALL_Assets/VorodiParking/Parking_imported_Object_8.uasset'
[2023.05.07-14.55.33:719][832]LogSavePackage: Moving '../../../../../../Asus/Documents/GitHub/TheTroubleMakers/Unreal Engine Project/SpeedLimit_UniAzad/Saved/Parking_imported_Object_8_001CE781E1246A26C5C365C87821B52C2DB.tmp' to '../../../../../../Asus/Documents/GitHub/TheTroubleMakers/Unreal Engine Project/SpeedLimit_UniAzad/Content/TheTroubleMakers/ALL_Assets/VorodiParking/Parking_imported_Object_8_001.uasset'
[2023.05.07-14.55.33:735][832]LogSavePackage: Moving '../../../../../../Asus/Documents/GitHub/TheTroubleMakers/Unreal Engine Project/SpeedLimit_UniAzad/Saved/Parking_imported_Object_8_0024065BCB140DCC00D7A3A5B9E31748ACA.tmp' to '../../../../../../Asus/Documents/GitHub/TheTroubleMakers/Unreal Engine Project/SpeedLimit_UniAzad/Content/TheTroubleMakers/ALL_Assets/VorodiParking/Parking_imported_Object_8_002.uasset'
[2023.05.07-14.55.33:751][832]LogSavePackage: Moving '../../../../../../Asus/Documents/GitHub/TheTroubleMakers/Unreal Engine Project/SpeedLimit_UniAzad/Saved/Parking_imported_Object_8_0034A2538024BBE0BE67B0C598AF7B228D2.tmp' to '../../../../../../Asus/Documents/GitHub/TheTroubleMakers/Unreal Engine Project/SpeedLimit_UniAzad/Content/TheTroubleMakers/ALL_Assets/VorodiParking/Parking_imported_Object_8_003.uasset'
[2023.05.07-14.55.33:770][832]LogSavePackage: Moving '../../../../../../Asus/Documents/GitHub/TheTroubleMakers/Unreal Engine Project/SpeedLimit_UniAzad/Saved/Parking_imported_Object_9483BEF9340EE5DA71391448833ECA102.tmp' to '../../../../../../Asus/Documents/GitHub/TheTroubleMakers/Unreal Engine Project/SpeedLimit_UniAzad/Content/TheTroubleMakers/ALL_Assets/VorodiParking/Parking_imported_Object_9.uasset'
[2023.05.07-14.55.33:789][832]LogSavePackage: Moving '../../../../../../Asus/Documents/GitHub/TheTroubleMakers/Unreal Engine Project/SpeedLimit_UniAzad/Saved/Parking_imported_Object_9_0016984965942AFDF5817BD87ADD3743598.tmp' to '../../../../../../Asus/Documents/GitHub/TheTroubleMakers/Unreal Engine Project/SpeedLimit_UniAzad/Content/TheTroubleMakers/ALL_Assets/VorodiParking/Parking_imported_Object_9_001.uasset'
[2023.05.07-14.55.33:808][832]LogSavePackage: Moving '../../../../../../Asus/Documents/GitHub/TheTroubleMakers/Unreal Engine Project/SpeedLimit_UniAzad/Saved/Parking_imported_PlaneCC9F6E0A4BBCF360CC9904BBFB400560.tmp' to '../../../../../../Asus/Documents/GitHub/TheTroubleMakers/Unreal Engine Project/SpeedLimit_UniAzad/Content/TheTroubleMakers/ALL_Assets/VorodiParking/Parking_imported_Plane.uasset'
[2023.05.07-14.55.33:828][832]LogSavePackage: Moving '../../../../../../Asus/Documents/GitHub/TheTroubleMakers/Unreal Engine Project/SpeedLimit_UniAzad/Saved/Parking_imported_RoomE53497F642F72DEDF727F8B0019D15E6.tmp' to '../../../../../../Asus/Documents/GitHub/TheTroubleMakers/Unreal Engine Project/SpeedLimit_UniAzad/Content/TheTroubleMakers/ALL_Assets/VorodiParking/Parking_imported_Room.uasset'
[2023.05.07-14.55.33:843][832]LogSavePackage: Moving '../../../../../../Asus/Documents/GitHub/TheTroubleMakers/Unreal Engine Project/SpeedLimit_UniAzad/Saved/Silver_mat4FECCB07492B521BCB7BACA1D1B5F832.tmp' to '../../../../../../Asus/Documents/GitHub/TheTroubleMakers/Unreal Engine Project/SpeedLimit_UniAzad/Content/TheTroubleMakers/ALL_Assets/VorodiParking/Silver_mat.uasset'
[2023.05.07-14.55.33:860][832]LogSavePackage: Moving '../../../../../../Asus/Documents/GitHub/TheTroubleMakers/Unreal Engine Project/SpeedLimit_UniAzad/Saved/Silver_mat_002EB0AC5934362005546B4E3AB2E39725E.tmp' to '../../../../../../Asus/Documents/GitHub/TheTroubleMakers/Unreal Engine Project/SpeedLimit_UniAzad/Content/TheTroubleMakers/ALL_Assets/VorodiParking/Silver_mat_002.uasset'
[2023.05.07-14.55.33:875][832]LogSavePackage: Moving '../../../../../../Asus/Documents/GitHub/TheTroubleMakers/Unreal Engine Project/SpeedLimit_UniAzad/Saved/Wall_materialA7EC56F64B99628BD5BC7FA1A5B8FB0A.tmp' to '../../../../../../Asus/Documents/GitHub/TheTroubleMakers/Unreal Engine Project/SpeedLimit_UniAzad/Content/TheTroubleMakers/ALL_Assets/VorodiParking/Wall_material.uasset'
[2023.05.07-14.55.33:892][832]LogSavePackage: Moving '../../../../../../Asus/Documents/GitHub/TheTroubleMakers/Unreal Engine Project/SpeedLimit_UniAzad/Saved/Window_MatBFD276154823F2E6003AAB959A028044.tmp' to '../../../../../../Asus/Documents/GitHub/TheTroubleMakers/Unreal Engine Project/SpeedLimit_UniAzad/Content/TheTroubleMakers/ALL_Assets/VorodiParking/Window_Mat.uasset'
[2023.05.07-14.55.33:909][832]LogSavePackage: Moving '../../../../../../Asus/Documents/GitHub/TheTroubleMakers/Unreal Engine Project/SpeedLimit_UniAzad/Saved/Window_Mat_0011650C0944BF5EA79CBA38DBB59C502C7.tmp' to '../../../../../../Asus/Documents/GitHub/TheTroubleMakers/Unreal Engine Project/SpeedLimit_UniAzad/Content/TheTroubleMakers/ALL_Assets/VorodiParking/Window_Mat_001.uasset'
[2023.05.07-14.55.33:925][832]LogSavePackage: Moving '../../../../../../Asus/Documents/GitHub/TheTroubleMakers/Unreal Engine Project/SpeedLimit_UniAzad/Saved/Window_Mat_002861E43C54663814D7AD9F08E38260F51.tmp' to '../../../../../../Asus/Documents/GitHub/TheTroubleMakers/Unreal Engine Project/SpeedLimit_UniAzad/Content/TheTroubleMakers/ALL_Assets/VorodiParking/Window_Mat_002.uasset'
[2023.05.07-14.55.33:943][832]LogSavePackage: Moving '../../../../../../Asus/Documents/GitHub/TheTroubleMakers/Unreal Engine Project/SpeedLimit_UniAzad/Saved/Window_Mat_003167475FF46DDE413AF27EABBB83CB3AC.tmp' to '../../../../../../Asus/Documents/GitHub/TheTroubleMakers/Unreal Engine Project/SpeedLimit_UniAzad/Content/TheTroubleMakers/ALL_Assets/VorodiParking/Window_Mat_003.uasset'
[2023.05.07-14.55.33:960][832]LogSavePackage: Moving '../../../../../../Asus/Documents/GitHub/TheTroubleMakers/Unreal Engine Project/SpeedLimit_UniAzad/Saved/Window_Mat_004B841F3524609C179445E9F8E6946E8F5.tmp' to '../../../../../../Asus/Documents/GitHub/TheTroubleMakers/Unreal Engine Project/SpeedLimit_UniAzad/Content/TheTroubleMakers/ALL_Assets/VorodiParking/Window_Mat_004.uasset'
[2023.05.07-14.55.33:976][832]LogSavePackage: Moving '../../../../../../Asus/Documents/GitHub/TheTroubleMakers/Unreal Engine Project/SpeedLimit_UniAzad/Saved/Window_Mat_00689EDCD7B400399DF8F23F5B6309C970E.tmp' to '../../../../../../Asus/Documents/GitHub/TheTroubleMakers/Unreal Engine Project/SpeedLimit_UniAzad/Content/TheTroubleMakers/ALL_Assets/VorodiParking/Window_Mat_006.uasset'
[2023.05.07-14.55.33:993][832]LogSavePackage: Moving '../../../../../../Asus/Documents/GitHub/TheTroubleMakers/Unreal Engine Project/SpeedLimit_UniAzad/Saved/Window_Mat_00720F964644570A35665F44AA30062AB45.tmp' to '../../../../../../Asus/Documents/GitHub/TheTroubleMakers/Unreal Engine Project/SpeedLimit_UniAzad/Content/TheTroubleMakers/ALL_Assets/VorodiParking/Window_Mat_007.uasset'
[2023.05.07-14.55.34:009][832]LogSavePackage: Moving '../../../../../../Asus/Documents/GitHub/TheTroubleMakers/Unreal Engine Project/SpeedLimit_UniAzad/Saved/Window_Mat_008D00C343B4AC331C7A4EDDEBF0DAB7890.tmp' to '../../../../../../Asus/Documents/GitHub/TheTroubleMakers/Unreal Engine Project/SpeedLimit_UniAzad/Content/TheTroubleMakers/ALL_Assets/VorodiParking/Window_Mat_008.uasset'
[2023.05.07-14.55.34:042][832]LogSlate: Window 'SpeedLimit_UniAzad - Unreal Editor' being destroyed
[2023.05.07-14.55.34:145][832]AssetCheck: New page: Asset Save: multiple assets
[2023.05.07-14.55.34:145][832]LogContentValidation: Display: Validating Material /Game/TheTroubleMakers/ALL_Assets/VorodiParking/Ebony_mat_008.Ebony_mat_008
[2023.05.07-14.55.34:145][832]LogContentValidation: Display: Validating StaticMesh /Game/TheTroubleMakers/ALL_Assets/VorodiParking/Parking_imported_Object_4_007.Parking_imported_Object_4_007
[2023.05.07-14.55.34:145][832]LogContentValidation: Display: Validating Material /Game/TheTroubleMakers/ALL_Assets/VorodiParking/Window_Mat_008.Window_Mat_008
[2023.05.07-14.55.34:145][832]LogContentValidation: Display: Validating StaticMesh /Game/TheTroubleMakers/ALL_Assets/VorodiParking/Parking_imported_Object_5_007.Parking_imported_Object_5_007
[2023.05.07-14.55.34:145][832]LogContentValidation: Display: Validating StaticMesh /Game/TheTroubleMakers/ALL_Assets/VorodiParking/Parking_imported_Object_7_006.Parking_imported_Object_7_006
[2023.05.07-14.55.34:145][832]LogContentValidation: Display: Validating StaticMesh /Game/TheTroubleMakers/ALL_Assets/VorodiParking/Parking_imported_Object_8_002.Parking_imported_Object_8_002
[2023.05.07-14.55.34:145][832]LogContentValidation: Display: Validating Material /Game/TheTroubleMakers/ALL_Assets/VorodiParking/Ebony_mat_007.Ebony_mat_007
[2023.05.07-14.55.34:145][832]LogContentValidation: Display: Validating StaticMesh /Game/TheTroubleMakers/ALL_Assets/VorodiParking/Parking_imported_Object_4_006.Parking_imported_Object_4_006
[2023.05.07-14.55.34:145][832]LogContentValidation: Display: Validating Material /Game/TheTroubleMakers/ALL_Assets/VorodiParking/Window_Mat_007.Window_Mat_007
[2023.05.07-14.55.34:146][832]LogContentValidation: Display: Validating StaticMesh /Game/TheTroubleMakers/ALL_Assets/VorodiParking/Parking_imported_Object_5_006.Parking_imported_Object_5_006
[2023.05.07-14.55.34:146][832]LogContentValidation: Display: Validating StaticMesh /Game/TheTroubleMakers/ALL_Assets/VorodiParking/Parking_imported_Object_7_005.Parking_imported_Object_7_005
[2023.05.07-14.55.34:146][832]LogContentValidation: Display: Validating StaticMesh /Game/TheTroubleMakers/ALL_Assets/VorodiParking/Parking_imported_Object_8_001.Parking_imported_Object_8_001
[2023.05.07-14.55.34:146][832]LogContentValidation: Display: Validating Material /Game/TheTroubleMakers/ALL_Assets/VorodiParking/Silver_mat_002.Silver_mat_002
[2023.05.07-14.55.34:146][832]LogContentValidation: Display: Validating StaticMesh /Game/TheTroubleMakers/ALL_Assets/VorodiParking/Parking_imported_Object_9_001.Parking_imported_Object_9_001
[2023.05.07-14.55.34:146][832]LogContentValidation: Display: Validating Material /Game/TheTroubleMakers/ALL_Assets/VorodiParking/Ebony_mat_006.Ebony_mat_006
[2023.05.07-14.55.34:146][832]LogContentValidation: Display: Validating StaticMesh /Game/TheTroubleMakers/ALL_Assets/VorodiParking/Parking_imported_Object_4_005.Parking_imported_Object_4_005
[2023.05.07-14.55.34:146][832]LogContentValidation: Display: Validating Material /Game/TheTroubleMakers/ALL_Assets/VorodiParking/Window_Mat_006.Window_Mat_006
[2023.05.07-14.55.34:146][832]LogContentValidation: Display: Validating StaticMesh /Game/TheTroubleMakers/ALL_Assets/VorodiParking/Parking_imported_Object_5_005.Parking_imported_Object_5_005
[2023.05.07-14.55.34:146][832]LogContentValidation: Display: Validating StaticMesh /Game/TheTroubleMakers/ALL_Assets/VorodiParking/Parking_imported_Object_7_004.Parking_imported_Object_7_004
[2023.05.07-14.55.34:146][832]LogContentValidation: Display: Validating Material /Game/TheTroubleMakers/ALL_Assets/VorodiParking/Ebony_mat_004.Ebony_mat_004
[2023.05.07-14.55.34:146][832]LogContentValidation: Display: Validating StaticMesh /Game/TheTroubleMakers/ALL_Assets/VorodiParking/Parking_imported_Object_4_004.Parking_imported_Object_4_004
[2023.05.07-14.55.34:146][832]LogContentValidation: Display: Validating Material /Game/TheTroubleMakers/ALL_Assets/VorodiParking/Window_Mat_004.Window_Mat_004
[2023.05.07-14.55.34:146][832]LogContentValidation: Display: Validating StaticMesh /Game/TheTroubleMakers/ALL_Assets/VorodiParking/Parking_imported_Object_5_004.Parking_imported_Object_5_004
[2023.05.07-14.55.34:146][832]LogContentValidation: Display: Validating StaticMesh /Game/TheTroubleMakers/ALL_Assets/VorodiParking/Parking_imported_Object_7_003.Parking_imported_Object_7_003
[2023.05.07-14.55.34:146][832]LogContentValidation: Display: Validating Material /Game/TheTroubleMakers/ALL_Assets/VorodiParking/Ebony_mat_003.Ebony_mat_003
[2023.05.07-14.55.34:146][832]LogContentValidation: Display: Validating StaticMesh /Game/TheTroubleMakers/ALL_Assets/VorodiParking/Parking_imported_Object_4_003.Parking_imported_Object_4_003
[2023.05.07-14.55.34:146][832]LogContentValidation: Display: Validating Material /Game/TheTroubleMakers/ALL_Assets/VorodiParking/Window_Mat_003.Window_Mat_003
[2023.05.07-14.55.34:146][832]LogContentValidation: Display: Validating StaticMesh /Game/TheTroubleMakers/ALL_Assets/VorodiParking/Parking_imported_Object_5_003.Parking_imported_Object_5_003
[2023.05.07-14.55.34:146][832]LogContentValidation: Display: Validating StaticMesh /Game/TheTroubleMakers/ALL_Assets/VorodiParking/Parking_imported_Object_7_002.Parking_imported_Object_7_002
[2023.05.07-14.55.34:146][832]LogContentValidation: Display: Validating Material /Game/TheTroubleMakers/ALL_Assets/VorodiParking/Ebony_mat_002.Ebony_mat_002
[2023.05.07-14.55.34:146][832]LogContentValidation: Display: Validating StaticMesh /Game/TheTroubleMakers/ALL_Assets/VorodiParking/Parking_imported_Object_4_002.Parking_imported_Object_4_002
[2023.05.07-14.55.34:146][832]LogContentValidation: Display: Validating Material /Game/TheTroubleMakers/ALL_Assets/VorodiParking/Window_Mat_002.Window_Mat_002
[2023.05.07-14.55.34:146][832]LogContentValidation: Display: Validating StaticMesh /Game/TheTroubleMakers/ALL_Assets/VorodiParking/Parking_imported_Object_5_002.Parking_imported_Object_5_002
[2023.05.07-14.55.34:146][832]LogContentValidation: Display: Validating StaticMesh /Game/TheTroubleMakers/ALL_Assets/VorodiParking/Parking_imported_Object_7_001.Parking_imported_Object_7_001
[2023.05.07-14.55.34:146][832]LogContentValidation: Display: Validating Material /Game/TheTroubleMakers/ALL_Assets/VorodiParking/Ebony_mat_001.Ebony_mat_001
[2023.05.07-14.55.34:146][832]LogContentValidation: Display: Validating StaticMesh /Game/TheTroubleMakers/ALL_Assets/VorodiParking/Parking_imported_Object_4_001.Parking_imported_Object_4_001
[2023.05.07-14.55.34:146][832]LogContentValidation: Display: Validating Material /Game/TheTroubleMakers/ALL_Assets/VorodiParking/Window_Mat_001.Window_Mat_001
[2023.05.07-14.55.34:146][832]LogContentValidation: Display: Validating StaticMesh /Game/TheTroubleMakers/ALL_Assets/VorodiParking/Parking_imported_Object_5_001.Parking_imported_Object_5_001
[2023.05.07-14.55.34:146][832]LogContentValidation: Display: Validating StaticMesh /Game/TheTroubleMakers/ALL_Assets/VorodiParking/Parking_imported_Object_7.Parking_imported_Object_7
[2023.05.07-14.55.34:146][832]LogContentValidation: Display: Validating StaticMesh /Game/TheTroubleMakers/ALL_Assets/VorodiParking/Parking_imported_Object_8.Parking_imported_Object_8
[2023.05.07-14.55.34:146][832]LogContentValidation: Display: Validating Material /Game/TheTroubleMakers/ALL_Assets/VorodiParking/Silver_mat.Silver_mat
[2023.05.07-14.55.34:146][832]LogContentValidation: Display: Validating StaticMesh /Game/TheTroubleMakers/ALL_Assets/VorodiParking/Parking_imported_Object_9.Parking_imported_Object_9
[2023.05.07-14.55.34:146][832]LogContentValidation: Display: Validating Material /Game/TheTroubleMakers/ALL_Assets/VorodiParking/Ebony_mat.Ebony_mat
[2023.05.07-14.55.34:146][832]LogContentValidation: Display: Validating StaticMesh /Game/TheTroubleMakers/ALL_Assets/VorodiParking/Parking_imported_Object_4.Parking_imported_Object_4
[2023.05.07-14.55.34:146][832]LogContentValidation: Display: Validating Material /Game/TheTroubleMakers/ALL_Assets/VorodiParking/Window_Mat.Window_Mat
[2023.05.07-14.55.34:146][832]LogContentValidation: Display: Validating StaticMesh /Game/TheTroubleMakers/ALL_Assets/VorodiParking/Parking_imported_Object_5.Parking_imported_Object_5
[2023.05.07-14.55.34:146][832]LogContentValidation: Display: Validating Material /Game/TheTroubleMakers/ALL_Assets/VorodiParking/material_004_ncl1_1.material_004_ncl1_1
[2023.05.07-14.55.34:146][832]LogContentValidation: Display: Validating StaticMesh /Game/TheTroubleMakers/ALL_Assets/VorodiParking/Parking_imported_Object_2_004.Parking_imported_Object_2_004
[2023.05.07-14.55.34:146][832]LogContentValidation: Display: Validating Material /Game/TheTroubleMakers/ALL_Assets/VorodiParking/material_003_ncl1_1.material_003_ncl1_1
[2023.05.07-14.55.34:146][832]LogContentValidation: Display: Validating StaticMesh /Game/TheTroubleMakers/ALL_Assets/VorodiParking/Parking_imported_Object_2_003.Parking_imported_Object_2_003
[2023.05.07-14.55.34:147][832]LogContentValidation: Display: Validating Material /Game/TheTroubleMakers/ALL_Assets/VorodiParking/material_002_ncl1_1.material_002_ncl1_1
[2023.05.07-14.55.34:147][832]LogContentValidation: Display: Validating StaticMesh /Game/TheTroubleMakers/ALL_Assets/VorodiParking/Parking_imported_Object_2_002.Parking_imported_Object_2_002
[2023.05.07-14.55.34:147][832]LogContentValidation: Display: Validating Material /Game/TheTroubleMakers/ALL_Assets/VorodiParking/material_001_ncl1_1.material_001_ncl1_1
[2023.05.07-14.55.34:147][832]LogContentValidation: Display: Validating StaticMesh /Game/TheTroubleMakers/ALL_Assets/VorodiParking/Parking_imported_Object_2_001.Parking_imported_Object_2_001
[2023.05.07-14.55.34:147][832]LogContentValidation: Display: Validating Material /Game/TheTroubleMakers/ALL_Assets/VorodiParking/material_ncl1_1.material_ncl1_1
[2023.05.07-14.55.34:147][832]LogContentValidation: Display: Validating StaticMesh /Game/TheTroubleMakers/ALL_Assets/VorodiParking/Parking_imported_Object_2.Parking_imported_Object_2
[2023.05.07-14.55.34:147][832]LogContentValidation: Display: Validating Material /Game/TheTroubleMakers/ALL_Assets/VorodiParking/Material_011.Material_011
[2023.05.07-14.55.34:147][832]LogContentValidation: Display: Validating Material /Game/TheTroubleMakers/ALL_Assets/VorodiParking/Material_010.Material_010
[2023.05.07-14.55.34:147][832]LogContentValidation: Display: Validating Material /Game/TheTroubleMakers/ALL_Assets/VorodiParking/Material_003.Material_003
[2023.05.07-14.55.34:147][832]LogContentValidation: Display: Validating Material /Game/TheTroubleMakers/ALL_Assets/VorodiParking/Material_002.Material_002
[2023.05.07-14.55.34:147][832]LogContentValidation: Display: Validating Material /Game/TheTroubleMakers/ALL_Assets/VorodiParking/Material_001.Material_001
[2023.05.07-14.55.34:147][832]LogContentValidation: Display: Validating Material /Game/TheTroubleMakers/ALL_Assets/VorodiParking/Material.Material
[2023.05.07-14.55.34:147][832]LogContentValidation: Display: Validating Material /Game/TheTroubleMakers/ALL_Assets/VorodiParking/Wall_material.Wall_material
[2023.05.07-14.55.34:147][832]LogContentValidation: Display: Validating StaticMesh /Game/TheTroubleMakers/ALL_Assets/VorodiParking/Parking_imported_Room.Parking_imported_Room
[2023.05.07-14.55.34:147][832]LogContentValidation: Display: Validating Material /Game/TheTroubleMakers/ALL_Assets/VorodiParking/Material_006.Material_006
[2023.05.07-14.55.34:147][832]LogContentValidation: Display: Validating Material /Game/TheTroubleMakers/ALL_Assets/VorodiParking/Material_005.Material_005
[2023.05.07-14.55.34:147][832]LogContentValidation: Display: Validating Material /Game/TheTroubleMakers/ALL_Assets/VorodiParking/Material_004.Material_004
[2023.05.07-14.55.34:147][832]LogContentValidation: Display: Validating StaticMesh /Game/TheTroubleMakers/ALL_Assets/VorodiParking/Parking_imported_Plane.Parking_imported_Plane
[2023.05.07-14.55.34:147][832]LogContentValidation: Display: Validating World /Game/StarterContent/Maps/Minimal_Default.Minimal_Default
[2023.05.07-14.55.34:147][832]LogContentValidation: Display: Validating StaticMesh /Game/TheTroubleMakers/ALL_Assets/VorodiParking/Parking_imported_Object_8_003.Parking_imported_Object_8_003
[2023.05.07-14.55.34:147][832]LogContentValidation: Display: Validating StaticMesh /Game/TheTroubleMakers/ALL_Assets/VorodiParking/Parking_imported_Object_7_007.Parking_imported_Object_7_007
[2023.05.07-14.55.34:152][833]Cmd: QUIT_EDITOR
[2023.05.07-14.55.34:152][833]LogCore: Engine exit requested (reason: UUnrealEdEngine::CloseEditor())
[2023.05.07-14.55.34:155][833]LogCore: Engine exit requested (reason: EngineExit() was called; note: exit was already requested)
[2023.05.07-14.55.34:156][833]LogAudio: Display: Beginning Audio Device Manager Shutdown (Module: AudioMixerXAudio2)...
[2023.05.07-14.55.34:156][833]LogAudio: Display: Destroying 1 Remaining Audio Device(s)...
[2023.05.07-14.55.34:156][833]LogAudio: Display: Audio Device unregistered from world 'Minimal_Default'.
[2023.05.07-14.55.34:156][833]LogAudioMixer: FMixerPlatformXAudio2::StopAudioStream() called
[2023.05.07-14.55.34:157][833]LogAudioMixer: FMixerPlatformXAudio2::StopAudioStream() called
[2023.05.07-14.55.34:160][833]LogAudio: Display: Audio Device Manager Shutdown
[2023.05.07-14.55.34:161][833]LogWindowsTextInputMethodSystem: Display: IME system deactivated.
[2023.05.07-14.55.34:169][833]LogExit: Preparing to exit.
[2023.05.07-14.55.34:732][833]LogUObjectHash: Compacting FUObjectHashTables data took   0.72ms
[2023.05.07-14.55.34:914][833]LogWorld: UWorld::CleanupWorld for World_1, bSessionEnded=true, bCleanupResources=true
[2023.05.07-14.55.34:914][833]LogWorld: UWorld::CleanupWorld for World_0, bSessionEnded=true, bCleanupResources=true
[2023.05.07-14.55.34:933][833]LogDemo: Cleaned up 0 splitscreen connections with owner deletion
[2023.05.07-14.55.34:939][833]LogWorld: UWorld::CleanupWorld for None, bSessionEnded=true, bCleanupResources=true
[2023.05.07-14.55.34:940][833]LogExit: Editor shut down
[2023.05.07-14.55.34:941][833]LogExit: Transaction tracking system shut down
[2023.05.07-14.55.35:105][833]LogExit: Object subsystem successfully closed.
[2023.05.07-14.55.35:120][833]LogShaderCompilers: Display: === FShaderJobCache stats ===
[2023.05.07-14.55.35:120][833]LogShaderCompilers: Display: Total job queries 543, among them cache hits 15 (2.76%)
[2023.05.07-14.55.35:120][833]LogShaderCompilers: Display: Tracking 528 distinct input hashes that result in 13 distinct outputs (2.46%)
[2023.05.07-14.55.35:120][833]LogShaderCompilers: Display: RAM used: 0.09 MB (0.00 GB) of 819.20 MB (0.80 GB) budget. Usage: 0.01%
[2023.05.07-14.55.35:120][833]LogShaderCompilers: Display: ================================================
[2023.05.07-14.55.35:135][833]LogShaderCompilers: Display: Shaders left to compile 0
[2023.05.07-14.55.35:147][833]LogModuleManager: Shutting down and abandoning module HierarchicalLODOutliner (870)
[2023.05.07-14.55.35:147][833]LogModuleManager: Shutting down and abandoning module SceneOutliner (868)
[2023.05.07-14.55.35:147][833]LogModuleManager: Shutting down and abandoning module AddContentDialog (866)
[2023.05.07-14.55.35:147][833]LogModuleManager: Shutting down and abandoning module WidgetCarousel (865)
[2023.05.07-14.55.35:147][833]LogModuleManager: Shutting down and abandoning module EditorWidgets (862)
[2023.05.07-14.55.35:147][833]LogModuleManager: Shutting down and abandoning module StatsViewer (860)
[2023.05.07-14.55.35:147][833]LogModuleManager: Shutting down and abandoning module PIEPreviewDeviceProfileSelector (858)
[2023.05.07-14.55.35:147][833]LogModuleManager: Shutting down and abandoning module SequenceRecorderSections (856)
[2023.05.07-14.55.35:147][833]LogModuleManager: Shutting down and abandoning module AutomationWorker (854)
[2023.05.07-14.55.35:147][833]LogModuleManager: Shutting down and abandoning module SteamVREditor (852)
[2023.05.07-14.55.35:147][833]LogModuleManager: Shutting down and abandoning module OculusMR (850)
[2023.05.07-14.55.35:147][833]LogModuleManager: Shutting down and abandoning module TakeRecorderSources (848)
[2023.05.07-14.55.35:148][833]LogModuleManager: Shutting down and abandoning module TakeRecorder (847)
[2023.05.07-14.55.35:148][833]LogModuleManager: Shutting down and abandoning module TakeTrackRecorders (844)
[2023.05.07-14.55.35:148][833]LogModuleManager: Shutting down and abandoning module TakesCore (842)
[2023.05.07-14.55.35:148][833]LogModuleManager: Shutting down and abandoning module OpenXRInput (840)
[2023.05.07-14.55.35:148][833]LogModuleManager: Shutting down and abandoning module GooglePADEditor (838)
[2023.05.07-14.55.35:148][833]LogModuleManager: Shutting down and abandoning module AudioCaptureEditor (836)
[2023.05.07-14.55.35:148][833]LogModuleManager: Shutting down and abandoning module MagicLeapMediaCodecFactory (834)
[2023.05.07-14.55.35:148][833]LogModuleManager: Shutting down and abandoning module MagicLeapMediaFactory (832)
[2023.05.07-14.55.35:148][833]LogModuleManager: Shutting down and abandoning module MagicLeapMediaEditor (830)
[2023.05.07-14.55.35:148][833]LogModuleManager: Shutting down and abandoning module TemplateSequenceEditor (828)
[2023.05.07-14.55.35:148][833]LogModuleManager: Shutting down and abandoning module LevelSequenceEditor (826)
[2023.05.07-14.55.35:148][833]LogModuleManager: Shutting down and abandoning module MatineeToLevelSequence (824)
[2023.05.07-14.55.35:148][833]LogModuleManager: Shutting down and abandoning module ActorSequenceEditor (822)
[2023.05.07-14.55.35:148][833]LogModuleManager: Shutting down and abandoning module PlanarCut (820)
[2023.05.07-14.55.35:148][833]LogModuleManager: Shutting down and abandoning module WmfMediaFactory (818)
[2023.05.07-14.55.35:148][833]LogModuleManager: Shutting down and abandoning module WmfMediaEditor (816)
[2023.05.07-14.55.35:148][833]LogModuleManager: Shutting down and abandoning module WebMMediaFactory (814)
[2023.05.07-14.55.35:148][833]LogModuleManager: Shutting down and abandoning module WebMMediaEditor (812)
[2023.05.07-14.55.35:148][833]LogModuleManager: Shutting down and abandoning module WebMMedia (810)
[2023.05.07-14.55.35:148][833]LogModuleManager: Shutting down and abandoning module MediaPlayerEditor (808)
[2023.05.07-14.55.35:148][833]LogModuleManager: Shutting down and abandoning module MediaCompositingEditor (806)
[2023.05.07-14.55.35:148][833]LogModuleManager: Shutting down and abandoning module SequenceRecorder (805)
[2023.05.07-14.55.35:148][833]LogModuleManager: Shutting down and abandoning module OpenExrWrapper (802)
[2023.05.07-14.55.35:148][833]LogModuleManager: Shutting down and abandoning module ImgMediaFactory (800)
[2023.05.07-14.55.35:148][833]LogModuleManager: Shutting down and abandoning module ImgMediaEditor (798)
[2023.05.07-14.55.35:148][833]LogModuleManager: Shutting down and abandoning module CharacterAI (796)
[2023.05.07-14.55.35:148][833]LogModuleManager: Shutting down and abandoning module AvfMediaFactory (794)
[2023.05.07-14.55.35:148][833]LogModuleManager: Shutting down and abandoning module AvfMediaEditor (792)
[2023.05.07-14.55.35:148][833]LogModuleManager: Shutting down and abandoning module AndroidMediaFactory (790)
[2023.05.07-14.55.35:148][833]LogModuleManager: Shutting down and abandoning module AndroidMediaEditor (788)
[2023.05.07-14.55.35:148][833]LogModuleManager: Shutting down and abandoning module TextureAlignMode (786)
[2023.05.07-14.55.35:148][833]LogModuleManager: Shutting down and abandoning module BspMode (784)
[2023.05.07-14.55.35:148][833]LogModuleManager: Shutting down and abandoning module GeometryMode (782)
[2023.05.07-14.55.35:148][833]LogModuleManager: Shutting down and abandoning module CameraShakePreviewer (780)
[2023.05.07-14.55.35:148][833]LogModuleManager: Shutting down and abandoning module SmartSnapping (778)
[2023.05.07-14.55.35:148][833]LogModuleManager: Shutting down and abandoning module SessionServices (776)
[2023.05.07-14.55.35:148][833]LogModuleManager: Shutting down and abandoning module MeshPaint (774)
[2023.05.07-14.55.35:148][833]LogModuleManager: Shutting down and abandoning module VirtualTexturingEditor (772)
[2023.05.07-14.55.35:148][833]LogModuleManager: Shutting down and abandoning module FoliageEdit (770)
[2023.05.07-14.55.35:148][833]LogModuleManager: Shutting down and abandoning module LandscapeEditor (768)
[2023.05.07-14.55.35:148][833]LogModuleManager: Shutting down and abandoning module MeshPaintMode (766)
[2023.05.07-14.55.35:148][833]LogModuleManager: Shutting down and abandoning module SceneDepthPickerMode (764)
[2023.05.07-14.55.35:148][833]LogModuleManager: Shutting down and abandoning module ActorPickerMode (762)
[2023.05.07-14.55.35:148][833]LogModuleManager: Shutting down and abandoning module PlacementMode (760)
[2023.05.07-14.55.35:148][833]LogModuleManager: Shutting down and abandoning module ViewportSnapping (758)
[2023.05.07-14.55.35:148][833]LogModuleManager: Shutting down and abandoning module ViewportInteraction (756)
[2023.05.07-14.55.35:148][833]LogModuleManager: Shutting down and abandoning module ClothPainter (754)
[2023.05.07-14.55.35:149][833]LogModuleManager: Shutting down and abandoning module SkeletalMeshEditor (753)
[2023.05.07-14.55.35:149][833]LogModuleManager: Shutting down and abandoning module LogVisualizer (750)
[2023.05.07-14.55.35:149][833]LogModuleManager: Shutting down and abandoning module IntroTutorials (748)
[2023.05.07-14.55.35:149][833]LogModuleManager: Shutting down and abandoning module GameProjectGeneration (747)
[2023.05.07-14.55.35:149][833]LogModuleManager: Shutting down and abandoning module LuminPlatformEditor (744)
[2023.05.07-14.55.35:149][833]LogModuleManager: Shutting down and abandoning module IOSPlatformEditor (742)
[2023.05.07-14.55.35:149][833]LogModuleManager: Shutting down and abandoning module AndroidPlatformEditor (740)
[2023.05.07-14.55.35:149][833]LogModuleManager: Shutting down and abandoning module AndroidDeviceDetection (739)
[2023.05.07-14.55.35:586][833]LogModuleManager: Shutting down and abandoning module WindowsPlatformEditor (736)
[2023.05.07-14.55.35:586][833]LogModuleManager: Shutting down and abandoning module LuminRuntimeSettings (734)
[2023.05.07-14.55.35:586][833]LogModuleManager: Shutting down and abandoning module IOSRuntimeSettings (732)
[2023.05.07-14.55.35:586][833]LogModuleManager: Shutting down and abandoning module AndroidRuntimeSettings (730)
[2023.05.07-14.55.35:586][833]LogModuleManager: Shutting down and abandoning module TraceInsights (728)
[2023.05.07-14.55.35:586][833]MemoryProfiler: Shutdown
[2023.05.07-14.55.35:586][833]NetworkingProfiler: Shutdown
[2023.05.07-14.55.35:586][833]LoadingProfiler: Shutdown
[2023.05.07-14.55.35:586][833]TimingProfiler: Shutdown
[2023.05.07-14.55.35:586][833]LogModuleManager: Shutting down and abandoning module TraceServices (727)
[2023.05.07-14.55.35:586][833]LogModuleManager: Shutting down and abandoning module EditorInteractiveToolsFramework (724)
[2023.05.07-14.55.35:586][833]LogModuleManager: Shutting down and abandoning module TimeManagementEditor (722)
[2023.05.07-14.55.35:587][833]LogModuleManager: Shutting down and abandoning module InputBindingEditor (720)
[2023.05.07-14.55.35:587][833]LogModuleManager: Shutting down and abandoning module MergeActors (718)
[2023.05.07-14.55.35:587][833]LogModuleManager: Shutting down and abandoning module LocalizationDashboard (716)
[2023.05.07-14.55.35:587][833]LogModuleManager: Shutting down and abandoning module LocalizationService (715)
[2023.05.07-14.55.35:587][833]LogModuleManager: Shutting down and abandoning module HardwareTargeting (712)
[2023.05.07-14.55.35:587][833]LogModuleManager: Shutting down and abandoning module DeviceProfileEditor (710)
[2023.05.07-14.55.35:587][833]LogModuleManager: Shutting down and abandoning module UndoHistory (708)
[2023.05.07-14.55.35:587][833]LogModuleManager: Shutting down and abandoning module XmlParser (706)
[2023.05.07-14.55.35:587][833]LogModuleManager: Shutting down and abandoning module Blutility (704)
[2023.05.07-14.55.35:587][833]LogModuleManager: Shutting down and abandoning module ProjectSettingsViewer (702)
[2023.05.07-14.55.35:587][833]LogModuleManager: Shutting down and abandoning module ProjectTargetPlatformEditor (701)
[2023.05.07-14.55.35:587][833]LogModuleManager: Shutting down and abandoning module EditorSettingsViewer (698)
[2023.05.07-14.55.35:587][833]LogModuleManager: Shutting down and abandoning module InternationalizationSettings (697)
[2023.05.07-14.55.35:587][833]LogModuleManager: Shutting down and abandoning module SettingsEditor (694)
[2023.05.07-14.55.35:587][833]LogModuleManager: Shutting down and abandoning module ProjectLauncher (692)
[2023.05.07-14.55.35:587][833]LogModuleManager: Shutting down and abandoning module SessionFrontend (690)
[2023.05.07-14.55.35:587][833]LogModuleManager: Shutting down and abandoning module ProfilerClient (688)
[2023.05.07-14.55.35:587][833]LogModuleManager: Shutting down and abandoning module DeviceManager (686)
[2023.05.07-14.55.35:587][833]LogModuleManager: Shutting down and abandoning module TargetDeviceServices (685)
[2023.05.07-14.55.35:621][833]LogModuleManager: Shutting down and abandoning module AutomationController (682)
[2023.05.07-14.55.35:621][833]LogModuleManager: Shutting down and abandoning module AutomationWindow (680)
[2023.05.07-14.55.35:621][833]LogModuleManager: Shutting down and abandoning module Layers (678)
[2023.05.07-14.55.35:621][833]LogModuleManager: Shutting down and abandoning module ComponentVisualizers (676)
[2023.05.07-14.55.35:621][833]LogModuleManager: Shutting down and abandoning module DetailCustomizations (674)
[2023.05.07-14.55.35:621][833]LogModuleManager: Shutting down and abandoning module PackagesDialog (672)
[2023.05.07-14.55.35:621][833]LogModuleManager: Shutting down and abandoning module AnimationBlueprintEditor (670)
[2023.05.07-14.55.35:621][833]LogModuleManager: Shutting down and abandoning module Persona (668)
[2023.05.07-14.55.35:621][833]LogModuleManager: Shutting down and abandoning module AdvancedPreviewScene (667)
[2023.05.07-14.55.35:621][833]LogModuleManager: Shutting down and abandoning module AnimGraph (665)
[2023.05.07-14.55.35:621][833]LogModuleManager: Shutting down and abandoning module Kismet (662)
[2023.05.07-14.55.35:623][833]LogModuleManager: Shutting down and abandoning module KismetWidgets (661)
[2023.05.07-14.55.35:623][833]LogModuleManager: Shutting down and abandoning module GraphEditor (658)
[2023.05.07-14.55.35:624][833]LogModuleManager: Shutting down and abandoning module StructViewer (656)
[2023.05.07-14.55.35:624][833]LogModuleManager: Shutting down and abandoning module ClassViewer (654)
[2023.05.07-14.55.35:624][833]LogModuleManager: Shutting down and abandoning module Toolbox (652)
[2023.05.07-14.55.35:624][833]LogModuleManager: Shutting down and abandoning module ModuleUI (650)
[2023.05.07-14.55.35:624][833]LogModuleManager: Shutting down and abandoning module OutputLog (648)
[2023.05.07-14.55.35:624][833]LogModuleManager: Shutting down and abandoning module GammaUI (646)
[2023.05.07-14.55.35:624][833]LogModuleManager: Shutting down and abandoning module Documentation (644)
[2023.05.07-14.55.35:624][833]LogModuleManager: Shutting down and abandoning module LiveCoding (642)
[2023.05.07-14.55.35:625][833]LogModuleManager: Shutting down and abandoning module LevelSequence (640)
[2023.05.07-14.55.35:625][833]LogModuleManager: Shutting down and abandoning module MovieSceneTracks (638)
[2023.05.07-14.55.35:625][833]LogModuleManager: Shutting down and abandoning module MovieScene (636)
[2023.05.07-14.55.35:625][833]LogModuleManager: Shutting down and abandoning module StreamingPauseRendering (634)
[2023.05.07-14.55.35:625][833]LogModuleManager: Shutting down and abandoning module LauncherPlatform (632)
[2023.05.07-14.55.35:625][833]LogModuleManager: Shutting down and abandoning module AnalyticsET (630)
[2023.05.07-14.55.35:625][833]LogModuleManager: Shutting down and abandoning module PortalServices (628)
[2023.05.07-14.55.35:625][833]LogModuleManager: Shutting down and abandoning module PortalRpc (626)
[2023.05.07-14.55.35:625][833]LogModuleManager: Shutting down and abandoning module MessagingRpc (624)
[2023.05.07-14.55.35:625][833]LogModuleManager: Shutting down and abandoning module AudioMixerXAudio2 (622)
[2023.05.07-14.55.35:625][833]LogModuleManager: Shutting down and abandoning module AudioMixerCore (621)
[2023.05.07-14.55.35:625][833]LogModuleManager: Shutting down and abandoning module AIModule (618)
[2023.05.07-14.55.35:625][833]LogModuleManager: Shutting down and abandoning module GameplayDebugger (617)
[2023.05.07-14.55.35:625][833]LogModuleManager: Shutting down and abandoning module AITestSuite (615)
[2023.05.07-14.55.35:625][833]LogModuleManager: Shutting down and abandoning module NavigationSystem (613)
[2023.05.07-14.55.35:625][833]LogModuleManager: Shutting down and abandoning module ImageWriteQueue (610)
[2023.05.07-14.55.35:625][833]LogModuleManager: Shutting down and abandoning module ProfilerService (608)
[2023.05.07-14.55.35:863][833]LogModuleManager: Shutting down and abandoning module TaskGraph (606)
[2023.05.07-14.55.35:863][833]LogModuleManager: Shutting down and abandoning module AudioSynesthesiaEditor (604)
[2023.05.07-14.55.35:863][833]LogModuleManager: Shutting down and abandoning module OculusEditor (602)
[2023.05.07-14.55.35:863][833]LogModuleManager: Shutting down and abandoning module OculusInput (600)
[2023.05.07-14.55.35:863][833]LogModuleManager: Shutting down and abandoning module ContentBrowserFileDataSource (598)
[2023.05.07-14.55.35:863][833]LogModuleManager: Shutting down and abandoning module ContentBrowserClassDataSource (596)
[2023.05.07-14.55.35:863][833]LogModuleManager: Shutting down and abandoning module ContentBrowserAssetDataSource (594)
[2023.05.07-14.55.35:863][833]LogModuleManager: Shutting down and abandoning module CollectionManager (593)
[2023.05.07-14.55.35:863][833]LogModuleManager: Shutting down and abandoning module TakeSequencer (590)
[2023.05.07-14.55.35:863][833]LogModuleManager: Shutting down and abandoning module TakeMovieScene (588)
[2023.05.07-14.55.35:863][833]LogModuleManager: Shutting down and abandoning module ScreenshotTools (586)
[2023.05.07-14.55.35:863][833]LogModuleManager: Shutting down and abandoning module SynthesisEditor (584)
[2023.05.07-14.55.35:863][833]LogModuleManager: Shutting down and abandoning module Synthesis (582)
[2023.05.07-14.55.35:863][833]LogModuleManager: Shutting down and abandoning module ProceduralMeshComponentEditor (580)
[2023.05.07-14.55.35:863][833]LogModuleManager: Shutting down and abandoning module ProceduralMeshComponent (578)
[2023.05.07-14.55.35:863][833]LogModuleManager: Shutting down and abandoning module OpenXREditor (576)
[2023.05.07-14.55.35:863][833]LogModuleManager: Shutting down and abandoning module MobilePatchingUtils (574)
[2023.05.07-14.55.35:863][833]LogModuleManager: Shutting down and abandoning module GooglePAD (572)
[2023.05.07-14.55.35:863][833]LogModuleManager: Shutting down and abandoning module EditableMesh (570)
[2023.05.07-14.55.35:863][833]LogModuleManager: Shutting down and abandoning module CustomMeshComponent (568)
[2023.05.07-14.55.35:863][833]LogModuleManager: Shutting down and abandoning module CableComponent (566)
[2023.05.07-14.55.35:863][833]LogModuleManager: Shutting down and abandoning module AudioCapture (564)
[2023.05.07-14.55.35:863][833]LogModuleManager: Shutting down and abandoning module AudioCaptureRtAudio (563)
[2023.05.07-14.55.35:863][833]LogModuleManager: Shutting down and abandoning module ArchVisCharacter (560)
[2023.05.07-14.55.35:863][833]LogModuleManager: Shutting down and abandoning module AssetTags (558)
[2023.05.07-14.55.35:863][833]LogModuleManager: Shutting down and abandoning module MagicLeapSharedWorld (556)
[2023.05.07-14.55.35:863][833]LogModuleManager: Shutting down and abandoning module AppleImageUtilsBlueprintSupport (554)
[2023.05.07-14.55.35:863][833]LogModuleManager: Shutting down and abandoning module AppleImageUtils (552)
[2023.05.07-14.55.35:863][833]LogModuleManager: Shutting down and abandoning module AndroidPermission (550)
[2023.05.07-14.55.35:863][833]LogModuleManager: Shutting down and abandoning module MagicLeapLightEstimation (548)
[2023.05.07-14.55.35:863][833]LogModuleManager: Shutting down and abandoning module ActorLayerUtilitiesEditor (546)
[2023.05.07-14.55.35:863][833]LogModuleManager: Shutting down and abandoning module ActorLayerUtilities (544)
[2023.05.07-14.55.35:863][833]LogModuleManager: Shutting down and abandoning module TemplateSequence (542)
[2023.05.07-14.55.35:863][833]LogModuleManager: Shutting down and abandoning module MagicLeapHelperVulkan (540)
[2023.05.07-14.55.35:863][833]LogModuleManager: Shutting down and abandoning module MagicLeapHelperOpenGL (538)
[2023.05.07-14.55.35:863][833]LogModuleManager: Shutting down and abandoning module MagicLeapAudio (536)
[2023.05.07-14.55.35:863][833]LogModuleManager: Shutting down and abandoning module OpenImageDenoise (534)
[2023.05.07-14.55.35:863][833]LogOpenImageDenoise: OIDN shutting down
[2023.05.07-14.55.35:863][833]LogModuleManager: Shutting down and abandoning module MotoSynthEditor (532)
[2023.05.07-14.55.35:863][833]LogModuleManager: Shutting down and abandoning module MotoSynth (530)
[2023.05.07-14.55.35:863][833]LogModuleManager: Shutting down and abandoning module MeshConversion (528)
[2023.05.07-14.55.35:863][833]LogModuleManager: Shutting down and abandoning module DynamicMesh (526)
[2023.05.07-14.55.35:863][833]LogModuleManager: Shutting down and abandoning module GeometryAlgorithms (524)
[2023.05.07-14.55.35:863][833]LogModuleManager: Shutting down and abandoning module GeometricObjects (522)
[2023.05.07-14.55.35:863][833]LogModuleManager: Shutting down and abandoning module GeometryCollectionTracks (520)
[2023.05.07-14.55.35:863][833]LogModuleManager: Shutting down and abandoning module GeometryCollectionSequencer (519)
[2023.05.07-14.55.35:863][833]LogModuleManager: Shutting down and abandoning module GeometryCollectionEditor (516)
[2023.05.07-14.55.35:863][833]LogModuleManager: Shutting down and abandoning module GeometryCacheTracks (514)
[2023.05.07-14.55.35:863][833]LogModuleManager: Shutting down and abandoning module GeometryCacheStreamer (512)
[2023.05.07-14.55.35:863][833]LogModuleManager: Shutting down and abandoning module GeometryCacheSequencer (510)
[2023.05.07-14.55.35:863][833]LogModuleManager: Shutting down and abandoning module MediaCompositing (508)
[2023.05.07-14.55.35:863][833]LogModuleManager: Shutting down and abandoning module ImgMedia (506)
[2023.05.07-14.55.35:863][833]LogModuleManager: Shutting down and abandoning module ChaosSolverEditor (504)
[2023.05.07-14.55.35:863][833]LogModuleManager: Shutting down and abandoning module ChaosNiagara (502)
[2023.05.07-14.55.35:863][833]LogModuleManager: Shutting down and abandoning module ChaosClothEditor (500)
[2023.05.07-14.55.35:863][833]LogModuleManager: Shutting down and abandoning module FractureEditor (498)
[2023.05.07-14.55.35:863][833]LogModuleManager: Shutting down and abandoning module FieldSystemEngine (497)
[2023.05.07-14.55.35:863][833]LogModuleManager: Shutting down and abandoning module BackChannel (494)
[2023.05.07-14.55.35:863][833]LogModuleManager: Shutting down and abandoning module AutomationUtilsEditor (492)
[2023.05.07-14.55.35:863][833]LogModuleManager: Shutting down and abandoning module AutomationUtils (490)
[2023.05.07-14.55.35:863][833]LogModuleManager: Shutting down and abandoning module AlembicImporter (488)
[2023.05.07-14.55.35:863][833]LogModuleManager: Shutting down and abandoning module AlembicLibrary (487)
[2023.05.07-14.55.35:863][833]LogModuleManager: Shutting down and abandoning module GeometryCache (486)
[2023.05.07-14.55.35:863][833]LogModuleManager: Shutting down and abandoning module GeometryCacheEd (485)
[2023.05.07-14.55.35:863][833]LogModuleManager: Shutting down and abandoning module SpeedTreeImporter (480)
[2023.05.07-14.55.35:863][833]LogModuleManager: Shutting down and abandoning module NiagaraEditorWidgets (478)
[2023.05.07-14.55.35:863][833]LogModuleManager: Shutting down and abandoning module VariantManagerContentEditor (476)
[2023.05.07-14.55.35:863][833]LogModuleManager: Shutting down and abandoning module PluginBrowser (474)
[2023.05.07-14.55.35:863][833]LogModuleManager: Shutting down and abandoning module MaterialAnalyzer (472)
[2023.05.07-14.55.35:863][833]LogModuleManager: Shutting down and abandoning module MobileLauncherProfileWizard (470)
[2023.05.07-14.55.35:863][833]LogModuleManager: Shutting down and abandoning module DatasmithContentEditor (468)
[2023.05.07-14.55.35:863][833]LogModuleManager: Shutting down and abandoning module CryptoKeysOpenSSL (466)
[2023.05.07-14.55.35:863][833]LogModuleManager: Shutting down and abandoning module CryptoKeys (464)
[2023.05.07-14.55.35:863][833]LogModuleManager: Shutting down and abandoning module CurveEditorTools (462)
[2023.05.07-14.55.35:863][833]LogModuleManager: Shutting down and abandoning module VisualStudioSourceCodeAccess (460)
[2023.05.07-14.55.35:863][833]LogModuleManager: Shutting down and abandoning module VisualStudioCodeSourceCodeAccess (458)
[2023.05.07-14.55.35:863][833]LogModuleManager: Shutting down and abandoning module UObjectPlugin (456)
[2023.05.07-14.55.35:863][833]LogModuleManager: Shutting down and abandoning module PluginUtils (454)
[2023.05.07-14.55.35:863][833]LogModuleManager: Shutting down and abandoning module SubversionSourceControl (452)
[2023.05.07-14.55.35:863][833]LogModuleManager: Shutting down and abandoning module RiderSourceCodeAccess (450)
[2023.05.07-14.55.35:863][833]LogModuleManager: Shutting down and abandoning module PlasticSourceControl (448)
[2023.05.07-14.55.35:863][833]LogModuleManager: Shutting down and abandoning module PerforceSourceControl (446)
[2023.05.07-14.55.35:863][833]LogModuleManager: Shutting down and abandoning module CLionSourceCodeAccess (444)
[2023.05.07-14.55.35:863][833]LogModuleManager: Shutting down and abandoning module GitSourceControl (442)
[2023.05.07-14.55.35:863][833]LogModuleManager: Shutting down and abandoning module SourceControl (441)
[2023.05.07-14.55.35:863][833]LogModuleManager: Shutting down and abandoning module AnimationSharingEd (438)
[2023.05.07-14.55.35:863][833]LogModuleManager: Shutting down and abandoning module OodleNetworkHandlerComponent (436)
[2023.05.07-14.55.35:863][833]LogModuleManager: Shutting down and abandoning module GameplayCameras (434)
[2023.05.07-14.55.35:863][833]LogModuleManager: Shutting down and abandoning module LightPropagationVolumeEditor (432)
[2023.05.07-14.55.35:865][833]LogModuleManager: Shutting down and abandoning module LiveLinkSequencer (430)
[2023.05.07-14.55.35:865][833]LogModuleManager: Shutting down and abandoning module LiveLinkMovieScene (428)
[2023.05.07-14.55.35:865][833]LogModuleManager: Shutting down and abandoning module LiveLinkGraphNode (426)
[2023.05.07-14.55.35:865][833]LogModuleManager: Shutting down and abandoning module LiveLinkEditor (424)
[2023.05.07-14.55.35:865][833]LogModuleManager: Shutting down and abandoning module LiveLinkComponents (422)
[2023.05.07-14.55.35:865][833]LogModuleManager: Shutting down and abandoning module LiveLink (420)
[2023.05.07-14.55.36:798][833]LogModuleManager: Shutting down and abandoning module PaperTiledImporter (418)
[2023.05.07-14.55.36:798][833]LogModuleManager: Shutting down and abandoning module PaperSpriteSheetImporter (416)
[2023.05.07-14.55.36:798][833]LogModuleManager: Shutting down and abandoning module Paper2DEditor (414)
[2023.05.07-14.55.36:798][833]LogModuleManager: Shutting down and abandoning module MeshPaintingToolset (412)
[2023.05.07-14.55.36:798][833]LogModuleManager: Shutting down and abandoning module MeshPaintEditorMode (410)
[2023.05.07-14.55.36:798][833]LogModuleManager: Shutting down and abandoning module SoundFields (408)
[2023.05.07-14.55.36:798][833]LogModuleManager: Shutting down and abandoning module SignificanceManager (406)
[2023.05.07-14.55.36:798][833]LogModuleManager: Shutting down and abandoning module RuntimePhysXCooking (404)
[2023.05.07-14.55.36:798][833]LogModuleManager: Shutting down and abandoning module PropertyAccessEditor (402)
[2023.05.07-14.55.36:798][833]LogModuleManager: Shutting down and abandoning module PhysXVehiclesEditor (400)
[2023.05.07-14.55.36:798][833]LogModuleManager: Shutting down and abandoning module LocationServicesBPLibrary (396)
[2023.05.07-14.55.36:798][833]LogModuleManager: Shutting down and abandoning module AudioSynesthesia (394)
[2023.05.07-14.55.36:798][833]LogModuleManager: Shutting down and abandoning module AudioSynesthesiaCore (392)
[2023.05.07-14.55.36:798][833]LogModuleManager: Shutting down and abandoning module MagicLeapARPin (390)
[2023.05.07-14.55.36:798][833]LogModuleManager: Shutting down and abandoning module UdpMessaging (388)
[2023.05.07-14.55.36:899][833]LogModuleManager: Shutting down and abandoning module TcpMessaging (386)
[2023.05.07-14.55.37:000][833]LogModuleManager: Shutting down and abandoning module ActorSequence (384)
[2023.05.07-14.55.37:000][833]LogModuleManager: Shutting down and abandoning module MagicLeapHandMeshing (382)
[2023.05.07-14.55.37:000][833]LogModuleManager: Shutting down and abandoning module MagicLeapSecureStorage (380)
[2023.05.07-14.55.37:000][833]LogModuleManager: Shutting down and abandoning module MagicLeapPrivileges (378)
[2023.05.07-14.55.37:000][833]LogModuleManager: Shutting down and abandoning module MagicLeapPlanes (376)
[2023.05.07-14.55.37:000][833]LogMagicLeapPlanes: Planes tracker already destroyed.
[2023.05.07-14.55.37:000][833]LogModuleManager: Shutting down and abandoning module MagicLeapImageTracker (374)
[2023.05.07-14.55.37:000][833]LogModuleManager: Shutting down and abandoning module MagicLeapIdentity (372)
[2023.05.07-14.55.37:000][833]LogModuleManager: Shutting down and abandoning module MagicLeapHandTracking (370)
[2023.05.07-14.55.37:000][833]LogModuleManager: Shutting down and abandoning module MagicLeapEyeTracker (368)
[2023.05.07-14.55.37:000][833]LogModuleManager: Shutting down and abandoning module MagicLeapController (366)
[2023.05.07-14.55.37:000][833]LogModuleManager: Shutting down and abandoning module MagicLeapARPinImpl (364)
[2023.05.07-14.55.37:000][833]LogModuleManager: Shutting down and abandoning module MagicLeapAR (362)
[2023.05.07-14.55.37:000][833]LogModuleManager: Shutting down and abandoning module PythonScriptPlugin (360)
[2023.05.07-14.55.37:000][833]LogModuleManager: Shutting down and abandoning module ImgMediaEngine (358)
[2023.05.07-14.55.37:000][833]LogModuleManager: Shutting down and abandoning module NiagaraAnimNotifies (356)
[2023.05.07-14.55.37:000][833]LogModuleManager: Shutting down and abandoning module Niagara (354)
[2023.05.07-14.55.37:000][833]LogModuleManager: Shutting down and abandoning module SignalProcessing (353)
[2023.05.07-14.55.37:000][833]LogModuleManager: Shutting down and abandoning module NiagaraEditor (351)
[2023.05.07-14.55.37:000][833]LogModuleManager: Shutting down and abandoning module NiagaraCore (348)
[2023.05.07-14.55.37:000][833]LogModuleManager: Shutting down and abandoning module GameplayTagsEditor (346)
[2023.05.07-14.55.37:000][833]LogModuleManager: Shutting down and abandoning module FacialAnimationEditor (344)
[2023.05.07-14.55.37:000][833]LogModuleManager: Shutting down and abandoning module FacialAnimation (342)
[2023.05.07-14.55.37:000][833]LogModuleManager: Shutting down and abandoning module DataValidation (340)
[2023.05.07-14.55.37:000][833]LogModuleManager: Shutting down and abandoning module AssetManagerEditor (338)
[2023.05.07-14.55.37:000][833]LogModuleManager: Shutting down and abandoning module LevelEditor (337)
[2023.05.07-14.55.37:001][833]LogModuleManager: Shutting down and abandoning module PixelInspectorModule (336)
[2023.05.07-14.55.37:001][833]LogModuleManager: Shutting down and abandoning module CommonMenuExtensions (334)
[2023.05.07-14.55.37:001][833]LogModuleManager: Shutting down and abandoning module MainFrame (332)
[2023.05.07-14.55.37:001][833]LogModuleManager: Shutting down and abandoning module HotReload (331)
[2023.05.07-14.55.37:001][833]LogModuleManager: Shutting down and abandoning module ToolMenus (327)
[2023.05.07-14.55.37:001][833]LogModuleManager: Shutting down and abandoning module ContentBrowser (325)
[2023.05.07-14.55.37:001][833]LogModuleManager: Shutting down and abandoning module ContentBrowserData (324)
[2023.05.07-14.55.37:001][833]LogModuleManager: Shutting down and abandoning module TreeMap (321)
[2023.05.07-14.55.37:001][833]LogModuleManager: Shutting down and abandoning module PropertyAccessNode (318)
[2023.05.07-14.55.37:001][833]LogModuleManager: Shutting down and abandoning module AnimationSharing (316)
[2023.05.07-14.55.37:001][833]LogModuleManager: Shutting down and abandoning module LightPropagationVolumeRuntime (314)
[2023.05.07-14.55.37:001][833]LogModuleManager: Shutting down and abandoning module EnvironmentQueryEditor (312)
[2023.05.07-14.55.37:001][833]LogModuleManager: Shutting down and abandoning module Paper2D (310)
[2023.05.07-14.55.37:001][833]LogModuleManager: Shutting down and abandoning module WebMMoviePlayer (308)
[2023.05.07-14.55.37:001][833]LogModuleManager: Shutting down and abandoning module WindowsMoviePlayer (306)
[2023.05.07-14.55.37:003][833]LogModuleManager: Shutting down and abandoning module NetworkReplayStreaming (304)
[2023.05.07-14.55.37:003][833]LogModuleManager: Shutting down and abandoning module PacketHandler (302)
[2023.05.07-14.55.37:003][833]LogModuleManager: Shutting down and abandoning module ClothingSystemEditor (300)
[2023.05.07-14.55.37:003][833]LogModuleManager: Shutting down and abandoning module ClothingSystemRuntimeNv (298)
[2023.05.07-14.55.37:003][833]LogModuleManager: Shutting down and abandoning module MediaAssets (296)
[2023.05.07-14.55.37:003][833]LogModuleManager: Shutting down and abandoning module Overlay (294)
[2023.05.07-14.55.37:003][833]LogModuleManager: Shutting down and abandoning module OverlayEditor (293)
[2023.05.07-14.55.37:003][833]LogModuleManager: Shutting down and abandoning module VREditor (290)
[2023.05.07-14.55.37:003][833]LogModuleManager: Shutting down and abandoning module StringTableEditor (288)
[2023.05.07-14.55.37:003][833]LogModuleManager: Shutting down and abandoning module GameplayTasksEditor (286)
[2023.05.07-14.55.37:003][833]LogModuleManager: Shutting down and abandoning module BehaviorTreeEditor (284)
[2023.05.07-14.55.37:003][833]LogModuleManager: Shutting down and abandoning module FunctionalTesting (282)
[2023.05.07-14.55.37:003][833]LogModuleManager: Shutting down and abandoning module CollisionAnalyzer (280)
[2023.05.07-14.55.37:003][833]LogModuleManager: Shutting down and abandoning module WorkspaceMenuStructure (279)
[2023.05.07-14.55.37:003][833]LogModuleManager: Shutting down and abandoning module UMG (276)
[2023.05.07-14.55.37:003][833]LogModuleManager: Shutting down and abandoning module UMGEditor (275)
[2023.05.07-14.55.37:003][833]LogModuleManager: Shutting down and abandoning module MessageLog (273)
[2023.05.07-14.55.37:003][833]LogModuleManager: Shutting down and abandoning module SlateReflector (268)
[2023.05.07-14.55.37:003][833]LogModuleManager: Shutting down and abandoning module Slate (266)
[2023.05.07-14.55.37:003][833]LogModuleManager: Shutting down and abandoning module SlateCore (264)
[2023.05.07-14.55.37:004][833]LogModuleManager: Shutting down and abandoning module LandscapeEditorUtilities (262)
[2023.05.07-14.55.37:004][833]LogModuleManager: Shutting down and abandoning module UnrealEd (260)
[2023.05.07-14.55.37:004][833]LogModuleManager: Shutting down and abandoning module MRMesh (258)
[2023.05.07-14.55.37:004][833]LogModuleManager: Shutting down and abandoning module SourceCodeAccess (256)
[2023.05.07-14.55.37:004][833]LogModuleManager: Shutting down and abandoning module HeadMountedDisplay (254)
[2023.05.07-14.55.37:004][833]LogModuleManager: Shutting down and abandoning module XAudio2 (252)
[2023.05.07-14.55.37:004][833]LogModuleManager: Shutting down and abandoning module Networking (250)
[2023.05.07-14.55.37:004][833]LogModuleManager: Shutting down and abandoning module Core (248)
[2023.05.07-14.55.37:004][833]LogModuleManager: Shutting down and abandoning module MaterialEditor (246)
[2023.05.07-14.55.37:004][833]LogModuleManager: Shutting down and abandoning module MovieSceneTools (244)
[2023.05.07-14.55.37:004][833]LogModuleManager: Shutting down and abandoning module CurveEditor (243)
[2023.05.07-14.55.37:004][833]LogModuleManager: Shutting down and abandoning module Sequencer (241)
[2023.05.07-14.55.37:004][833]LogModuleManager: Shutting down and abandoning module EditorStyle (240)
[2023.05.07-14.55.37:005][833]LogModuleManager: Shutting down and abandoning module KismetCompiler (236)
[2023.05.07-14.55.37:005][833]LogModuleManager: Shutting down and abandoning module MeshBuilder (234)
[2023.05.07-14.55.37:005][833]LogModuleManager: Shutting down and abandoning module MeshUtilities (232)
[2023.05.07-14.55.37:005][833]LogModuleManager: Shutting down and abandoning module MeshMergeUtilities (231)
[2023.05.07-14.55.37:005][833]LogModuleManager: Shutting down and abandoning module MeshReductionInterface (230)
[2023.05.07-14.55.37:005][833]LogModuleManager: Shutting down and abandoning module MeshBoneReduction (229)
[2023.05.07-14.55.37:005][833]LogModuleManager: Shutting down and abandoning module SkeletalMeshReduction (227)
[2023.05.07-14.55.37:005][833]LogModuleManager: Shutting down and abandoning module ProxyLODMeshReduction (225)
[2023.05.07-14.55.37:005][833]LogModuleManager: Shutting down and abandoning module QuadricMeshReduction (223)
[2023.05.07-14.55.37:005][833]LogModuleManager: Shutting down and abandoning module MaterialBaking (219)
[2023.05.07-14.55.37:005][833]LogModuleManager: Shutting down and abandoning module NullInstallBundleManager (214)
[2023.05.07-14.55.37:005][833]LogModuleManager: Shutting down and abandoning module DerivedDataCache (212)
[2023.05.07-14.55.37:005][833]LogModuleManager: Shutting down and abandoning module TargetPlatform (210)
[2023.05.07-14.55.37:005][833]LogModuleManager: Shutting down and abandoning module VulkanShaderFormat (209)
[2023.05.07-14.55.37:005][833]LogModuleManager: Shutting down and abandoning module ShaderFormatVectorVM (207)
[2023.05.07-14.55.37:005][833]LogModuleManager: Shutting down and abandoning module ShaderFormatOpenGL (205)
[2023.05.07-14.55.37:005][833]LogModuleManager: Shutting down and abandoning module ShaderFormatD3D (203)
[2023.05.07-14.55.37:005][833]LogModuleManager: Shutting down and abandoning module MetalShaderFormat (201)
[2023.05.07-14.55.37:005][833]LogModuleManager: Shutting down and abandoning module TextureFormatOodle (199)
[2023.05.07-14.55.37:005][833]LogModuleManager: Shutting down and abandoning module TextureFormatUncompressed (197)
[2023.05.07-14.55.37:005][833]LogModuleManager: Shutting down and abandoning module TextureFormatPVR (195)
[2023.05.07-14.55.37:005][833]LogModuleManager: Shutting down and abandoning module TextureFormatETC2 (193)
[2023.05.07-14.55.37:005][833]LogModuleManager: Shutting down and abandoning module TextureFormatDXT (191)
[2023.05.07-14.55.37:005][833]LogModuleManager: Shutting down and abandoning module TextureFormatIntelISPCTexComp (189)
[2023.05.07-14.55.37:005][833]LogModuleManager: Shutting down and abandoning module TextureFormatASTC (187)
[2023.05.07-14.55.37:005][833]LogModuleManager: Shutting down and abandoning module ImageWrapper (186)
[2023.05.07-14.55.37:005][833]LogModuleManager: Shutting down and abandoning module AudioFormatOpus (183)
[2023.05.07-14.55.37:005][833]LogModuleManager: Shutting down and abandoning module AudioFormatOgg (181)
[2023.05.07-14.55.37:005][833]LogModuleManager: Shutting down and abandoning module AudioFormatADPCM (179)
[2023.05.07-14.55.37:005][833]LogModuleManager: Shutting down and abandoning module WindowsServerTargetPlatform (177)
[2023.05.07-14.55.37:005][833]LogModuleManager: Shutting down and abandoning module WindowsClientTargetPlatform (175)
[2023.05.07-14.55.37:005][833]LogModuleManager: Shutting down and abandoning module WindowsTargetPlatform (173)
[2023.05.07-14.55.37:005][833]LogModuleManager: Shutting down and abandoning module WindowsNoEditorTargetPlatform (171)
[2023.05.07-14.55.37:005][833]LogModuleManager: Shutting down and abandoning module TVOSTargetPlatform (169)
[2023.05.07-14.55.37:006][833]LogModuleManager: Shutting down and abandoning module MacServerTargetPlatform (167)
[2023.05.07-14.55.37:006][833]LogModuleManager: Shutting down and abandoning module MacClientTargetPlatform (165)
[2023.05.07-14.55.37:006][833]LogModuleManager: Shutting down and abandoning module MacTargetPlatform (163)
[2023.05.07-14.55.37:006][833]LogModuleManager: Shutting down and abandoning module MacNoEditorTargetPlatform (161)
[2023.05.07-14.55.37:006][833]LogModuleManager: Shutting down and abandoning module LuminTargetPlatform (159)
[2023.05.07-14.55.37:006][833]LogModuleManager: Shutting down and abandoning module LinuxAArch64ServerTargetPlatform (157)
[2023.05.07-14.55.37:006][833]LogModuleManager: Shutting down and abandoning module LinuxAArch64ClientTargetPlatform (155)
[2023.05.07-14.55.37:006][833]LogModuleManager: Shutting down and abandoning module LinuxAArch64NoEditorTargetPlatform (153)
[2023.05.07-14.55.37:006][833]LogModuleManager: Shutting down and abandoning module LinuxServerTargetPlatform (151)
[2023.05.07-14.55.37:006][833]LogModuleManager: Shutting down and abandoning module LinuxClientTargetPlatform (149)
[2023.05.07-14.55.37:006][833]LogModuleManager: Shutting down and abandoning module LinuxNoEditorTargetPlatform (147)
[2023.05.07-14.55.37:006][833]LogModuleManager: Shutting down and abandoning module LinuxTargetPlatform (145)
[2023.05.07-14.55.37:006][833]LogModuleManager: Shutting down and abandoning module Messaging (143)
[2023.05.07-14.55.37:006][833]LogModuleManager: Shutting down and abandoning module IOSTargetPlatform (141)
[2023.05.07-14.55.37:007][833]LogModuleManager: Shutting down and abandoning module AndroidTargetPlatform (139)
[2023.05.07-14.55.37:009][833]LogModuleManager: Shutting down and abandoning module AllDesktopTargetPlatform (137)
[2023.05.07-14.55.37:009][833]LogModuleManager: Shutting down and abandoning module D3D11RHI (134)
[2023.05.07-14.55.37:009][833]LogModuleManager: Shutting down and abandoning module InputCore (132)
[2023.05.07-14.55.37:009][833]LogModuleManager: Shutting down and abandoning module Settings (130)
[2023.05.07-14.55.37:009][833]LogModuleManager: Shutting down and abandoning module DirectoryWatcher (128)
[2023.05.07-14.55.37:009][833]LogModuleManager: Shutting down and abandoning module PhysXCooking (126)
[2023.05.07-14.55.37:009][833]LogModuleManager: Shutting down and abandoning module Chaos (124)
[2023.05.07-14.55.37:009][833]LogModuleManager: Shutting down and abandoning module WindowsPlatformFeatures (122)
[2023.05.07-14.55.37:009][833]LogModuleManager: Shutting down and abandoning module GameplayMediaEncoder (121)
[2023.05.07-14.55.37:009][833]LogModuleManager: Shutting down and abandoning module AVEncoder (120)
[2023.05.07-14.55.37:009][833]LogModuleManager: Shutting down and abandoning module SteamVRInputDevice (116)
[2023.05.07-14.55.37:009][833]LogModuleManager: Shutting down and abandoning module SteamVRInput (114)
[2023.05.07-14.55.37:009][833]LogModuleManager: Shutting down and abandoning module SteamVR (112)
[2023.05.07-14.55.37:009][833]LogHMD: Freeing OpenVRDLLHandle.
[2023.05.07-14.55.37:009][833]LogModuleManager: Shutting down and abandoning module OculusHMD (110)
[2023.05.07-14.55.37:009][833]LogModuleManager: Shutting down and abandoning module OnlineBlueprintSupport (108)
[2023.05.07-14.55.37:009][833]LogModuleManager: Shutting down and abandoning module OnlineSubsystem (104)
[2023.05.07-14.55.37:010][833]LogModuleManager: Shutting down and abandoning module XMPP (99)
[2023.05.07-14.55.37:011][833]LogModuleManager: Shutting down and abandoning module WebSockets (98)
[2023.05.07-14.55.37:035][833]LogModuleManager: Shutting down and abandoning module HTTP (95)
[2023.05.07-14.55.37:035][833]LogHttp: Display: Http module shutting down, but needs to wait on 1 outstanding Http requests:
[2023.05.07-14.55.37:035][833]LogHttp: Display: 	verb=[POST] url=[https://datarouter.ol.epicgames.com/datarouter/api/v1/public/data?SessionID=%7BBCA6FCDC-4FA4-EA26-8DA3-BCA3055E207B%7D&AppID=UEEditor.Rocket.Release&AppVersion=4.27.0-17155196%2B%2B%2BUE4%2BRelease-4.27&UserID=6c323a574de77068069fd1a69ce5459b%7Ce0d89e8bb4f042d48aa65e438af618d2%7C27c992d2-39c7-4861-bb46-ff907c92b92a&AppEnvironment=datacollector-binary&UploadType=eteventstream] refs=[1] status=Processing
[2023.05.07-14.55.37:035][833]LogHttp: Display: cleaning up 1 outstanding Http requests.
[2023.05.07-14.55.37:054][833]LogModuleManager: Shutting down and abandoning module SSL (94)
[2023.05.07-14.55.37:054][833]LogModuleManager: Shutting down and abandoning module OpenXRHandTracking (90)
[2023.05.07-14.55.37:054][833]LogSlate: Slate User Destroyed.  User Index 0, Is Virtual User: 0
[2023.05.07-14.55.37:055][833]LogModuleManager: Shutting down and abandoning module OpenXRAR (88)
[2023.05.07-14.55.37:055][833]LogModuleManager: Shutting down and abandoning module AugmentedReality (87)
[2023.05.07-14.55.37:055][833]LogModuleManager: Shutting down and abandoning module OpenXRHMD (84)
[2023.05.07-14.55.37:055][833]LogModuleManager: Shutting down and abandoning module OpenXREyeTracker (82)
[2023.05.07-14.55.37:055][833]LogModuleManager: Shutting down and abandoning module ExampleDeviceProfileSelector (80)
[2023.05.07-14.55.37:055][833]LogModuleManager: Shutting down and abandoning module ChunkDownloader (78)
[2023.05.07-14.55.37:055][833]LogModuleManager: Shutting down and abandoning module MLSDK (76)
[2023.05.07-14.55.37:055][833]LogModuleManager: Shutting down and abandoning module LauncherChunkInstaller (74)
[2023.05.07-14.55.37:055][833]LogModuleManager: Shutting down and abandoning module MagicLeap (72)
[2023.05.07-14.55.37:055][833]LogModuleManager: Shutting down and abandoning module WmfMedia (70)
[2023.05.07-14.55.37:057][833]LogModuleManager: Shutting down and abandoning module Media (69)
[2023.05.07-14.55.37:057][833]LogModuleManager: Shutting down and abandoning module MediaInfo (68)
[2023.05.07-14.55.37:057][833]LogModuleManager: Shutting down and abandoning module ExrReaderGpu (64)
[2023.05.07-14.55.37:057][833]LogModuleManager: Shutting down and abandoning module ChaosCloth (62)
[2023.05.07-14.55.37:057][833]LogModuleManager: Shutting down and abandoning module NiagaraVertexFactories (60)
[2023.05.07-14.55.37:057][833]LogModuleManager: Shutting down and abandoning module NiagaraShader (58)
[2023.05.07-14.55.37:057][833]LogModuleManager: Shutting down and abandoning module VariantManagerContent (56)
[2023.05.07-14.55.37:057][833]LogModuleManager: Shutting down and abandoning module DatasmithContent (54)
[2023.05.07-14.55.37:057][833]LogModuleManager: Shutting down and abandoning module PixWinPlugin (52)
[2023.05.07-14.55.37:057][833]LogModuleManager: Shutting down and abandoning module AISupportModule (50)
[2023.05.07-14.55.37:057][833]LogModuleManager: Shutting down and abandoning module DesktopPlatform (48)
[2023.05.07-14.55.37:057][833]LogModuleManager: Shutting down and abandoning module PythonScriptPluginPreload (46)
[2023.05.07-14.55.37:057][833]LogModuleManager: Shutting down and abandoning module PlatformCryptoOpenSSL (44)
[2023.05.07-14.55.37:057][833]LogModuleManager: Shutting down and abandoning module PlatformCryptoTypes (42)
[2023.05.07-14.55.37:057][833]LogModuleManager: Shutting down and abandoning module PlatformCrypto (40)
[2023.05.07-14.55.37:057][833]LogModuleManager: Shutting down and abandoning module OodleDataCompressionFormat (38)
[2023.05.07-14.55.37:057][833]LogModuleManager: Shutting down and abandoning module XGEController (36)
[2023.05.07-14.55.37:057][833]LogXGEController: Cleaning working directory: C:/Users/Asus/AppData/Local/Temp/UnrealXGEWorkingDir/
[2023.05.07-14.55.37:057][833]LogModuleManager: Shutting down and abandoning module AnimationModifiers (34)
[2023.05.07-14.55.37:057][833]LogModuleManager: Shutting down and abandoning module AudioEditor (32)
[2023.05.07-14.55.37:058][833]LogModuleManager: Shutting down and abandoning module PropertyEditor (31)
[2023.05.07-14.55.37:058][833]LogModuleManager: Shutting down and abandoning module TextureCompressor (28)
[2023.05.07-14.55.37:058][833]LogModuleManager: Shutting down and abandoning module RenderCore (26)
[2023.05.07-14.55.37:058][833]LogModuleManager: Shutting down and abandoning module Landscape (24)
[2023.05.07-14.55.37:058][833]LogModuleManager: Shutting down and abandoning module SlateRHIRenderer (22)
[2023.05.07-14.55.37:058][833]LogModuleManager: Shutting down and abandoning module AnimGraphRuntime (20)
[2023.05.07-14.55.37:058][833]LogModuleManager: Shutting down and abandoning module Renderer (18)
[2023.05.07-14.55.37:058][833]LogModuleManager: Shutting down and abandoning module Engine (16)
[2023.05.07-14.55.37:058][833]LogModuleManager: Shutting down and abandoning module CoreUObject (14)
[2023.05.07-14.55.37:058][833]LogModuleManager: Shutting down and abandoning module NetworkFile (12)
[2023.05.07-14.55.37:058][833]LogModuleManager: Shutting down and abandoning module CookedIterativeFile (10)
[2023.05.07-14.55.37:058][833]LogModuleManager: Shutting down and abandoning module StreamingFile (8)
[2023.05.07-14.55.37:058][833]LogModuleManager: Shutting down and abandoning module SandboxFile (6)
[2023.05.07-14.55.37:058][833]LogModuleManager: Shutting down and abandoning module PakFile (4)
[2023.05.07-14.55.37:058][833]LogModuleManager: Shutting down and abandoning module RSA (3)
[2023.05.07-14.55.37:058][833]LogContentStreaming: Display: There are 1 unreleased StreamingManagers
[2023.05.07-14.55.37:061][833]LogD3D11RHI: Shutdown
[2023.05.07-14.55.37:061][833]LogD3D11RHI: CleanupD3DDevice
[2023.05.07-14.55.37:073][833]LogExit: Exiting.
[2023.05.07-14.55.37:080][833]Log file closed, 05/07/23 18:25:37
