Log file open, 05/12/23 16:20:41
LogWindows: Failed to load 'aqProf.dll' (GetLastError=126)
LogWindows: File 'aqProf.dll' does not exist
LogWindows: Failed to load 'VtuneApi.dll' (GetLastError=126)
LogWindows: File 'VtuneApi.dll' does not exist
LogWindows: Failed to load 'VtuneApi32e.dll' (GetLastError=126)
LogWindows: File 'VtuneApi32e.dll' does not exist
LogConsoleResponse: Display: Failed to find resolution value strings in scalability ini. Falling back to default.
LogConsoleResponse: Display: Failed to find resolution value strings in scalability ini. Falling back to default.
LogInit: Display: Running engine for game: SpeedLimit_UniAzad
LogPlatformFile: Not using cached read wrapper
LogTaskGraph: Started task graph with 5 named threads and 23 total threads with 3 sets of task threads.
LogStats: Stats thread started at 0.182955
LogICUInternationalization: ICU TimeZone Detection - Raw Offset: +3:30, Platform Override: ''
LogInit: Display: Loading text-based GConfig....
LogPluginManager: Mounting plugin MeshPainting
LogPluginManager: Mounting plugin XGEController
LogPluginManager: Mounting plugin Paper2D
LogPluginManager: Mounting plugin EnvironmentQueryEditor
LogPluginManager: Mounting plugin AISupport
LogPluginManager: Mounting plugin LiveLink
LogPluginManager: Mounting plugin LightPropagationVolume
LogPluginManager: Mounting plugin CameraShakePreviewer
LogPluginManager: Mounting plugin GameplayCameras
LogPluginManager: Mounting plugin AnimationSharing
LogPluginManager: Mounting plugin OodleData
LogPluginManager: Mounting plugin OodleNetwork
LogPluginManager: Mounting plugin CLionSourceCodeAccess
LogPluginManager: Mounting plugin CodeLiteSourceCodeAccess
LogPluginManager: Mounting plugin GitSourceControl
LogPluginManager: Mounting plugin NullSourceCodeAccess
LogPluginManager: Mounting plugin KDevelopSourceCodeAccess
LogPluginManager: Mounting plugin PerforceSourceControl
LogPluginManager: Mounting plugin PixWinPlugin
LogPluginManager: Mounting plugin PluginUtils
LogPluginManager: Mounting plugin PlasticSourceControl
LogPluginManager: Mounting plugin PropertyAccessNode
LogPluginManager: Mounting plugin RiderSourceCodeAccess
LogPluginManager: Mounting plugin SubversionSourceControl
LogPluginManager: Mounting plugin UObjectPlugin
LogPluginManager: Mounting plugin VisualStudioSourceCodeAccess
LogPluginManager: Mounting plugin TextureFormatOodle
LogPluginManager: Mounting plugin VisualStudioCodeSourceCodeAccess
LogPluginManager: Mounting plugin XCodeSourceCodeAccess
LogPluginManager: Mounting plugin DatasmithContent
LogPluginManager: Mounting plugin VariantManagerContent
LogPluginManager: Mounting plugin AssetManagerEditor
LogPluginManager: Mounting plugin CurveEditorTools
LogPluginManager: Mounting plugin DataValidation
LogPluginManager: Mounting plugin CryptoKeys
LogPluginManager: Mounting plugin FacialAnimation
LogPluginManager: Mounting plugin GameplayTagsEditor
LogPluginManager: Mounting plugin GeometryMode
LogPluginManager: Mounting plugin MobileLauncherProfileWizard
LogPluginManager: Mounting plugin PluginBrowser
LogPluginManager: Mounting plugin MacGraphicsSwitching
LogPluginManager: Mounting plugin SpeedTreeImporter
LogPluginManager: Mounting plugin MaterialAnalyzer
LogPluginManager: Mounting plugin AlembicImporter
LogPluginManager: Mounting plugin AutomationUtils
LogPluginManager: Mounting plugin Niagara
LogPluginManager: Mounting plugin BackChannel
LogPluginManager: Mounting plugin ChaosCloth
LogPluginManager: Mounting plugin ChaosClothEditor
LogPluginManager: Mounting plugin ChaosEditor
LogPluginManager: Mounting plugin ChaosSolverPlugin
LogPluginManager: Mounting plugin ChaosNiagara
LogPluginManager: Mounting plugin CharacterAI
LogPluginManager: Mounting plugin GeometryCache
LogPluginManager: Mounting plugin GeometryCollectionPlugin
LogPluginManager: Mounting plugin GeometryProcessing
LogPluginManager: Mounting plugin MotoSynth
LogPluginManager: Mounting plugin OpenImageDenoise
LogPluginManager: Mounting plugin PlanarCut
LogPluginManager: Mounting plugin ProxyLODPlugin
LogPluginManager: Mounting plugin PlatformCrypto
LogPluginManager: Mounting plugin PythonScriptPlugin
LogPluginManager: Mounting plugin SkeletalReduction
LogPluginManager: Mounting plugin LuminPlatformFeatures
LogPluginManager: Mounting plugin MagicLeap
LogPluginManager: Mounting plugin AndroidMedia
LogPluginManager: Mounting plugin AvfMedia
LogPluginManager: Mounting plugin MagicLeapLightEstimation
LogPluginManager: Mounting plugin MagicLeapMedia
LogPluginManager: Mounting plugin MagicLeapPassableWorld
LogPluginManager: Mounting plugin MLSDK
LogPluginManager: Mounting plugin ImgMedia
LogPluginManager: Mounting plugin MediaCompositing
LogPluginManager: Mounting plugin MediaPlayerEditor
LogPluginManager: Mounting plugin WebMMedia
LogPluginManager: Mounting plugin WmfMedia
LogPluginManager: Mounting plugin TcpMessaging
LogPluginManager: Mounting plugin ActorSequence
LogPluginManager: Mounting plugin UdpMessaging
LogPluginManager: Mounting plugin LevelSequenceEditor
LogPluginManager: Mounting plugin MatineeToLevelSequence
LogPluginManager: Mounting plugin TemplateSequence
LogPluginManager: Mounting plugin LauncherChunkInstaller
LogPluginManager: Mounting plugin ActorLayerUtilities
LogPluginManager: Mounting plugin AndroidMoviePlayer
LogPluginManager: Mounting plugin AndroidPermission
LogPluginManager: Mounting plugin AndroidDeviceProfileSelector
LogPluginManager: Mounting plugin AppleImageUtils
LogPluginManager: Mounting plugin ArchVisCharacter
LogPluginManager: Mounting plugin AppleMoviePlayer
LogPluginManager: Mounting plugin AudioCapture
LogPluginManager: Mounting plugin AssetTags
LogPluginManager: Mounting plugin AudioSynesthesia
LogPluginManager: Mounting plugin CableComponent
LogPluginManager: Mounting plugin ChunkDownloader
LogPluginManager: Mounting plugin CustomMeshComponent
LogPluginManager: Mounting plugin EditableMesh
LogPluginManager: Mounting plugin ExampleDeviceProfileSelector
LogPluginManager: Mounting plugin GoogleCloudMessaging
LogPluginManager: Mounting plugin GooglePAD
LogPluginManager: Mounting plugin IOSDeviceProfileSelector
LogPluginManager: Mounting plugin LinuxDeviceProfileSelector
LogPluginManager: Mounting plugin LocationServicesBPLibrary
LogPluginManager: Mounting plugin MobilePatchingUtils
LogPluginManager: Mounting plugin OpenXR
LogPluginManager: Mounting plugin OpenXREyeTracker
LogPluginManager: Mounting plugin OpenXRHandTracking
LogPluginManager: Mounting plugin PhysXVehicles
LogPluginManager: Mounting plugin PostSplashScreen
LogPluginManager: Mounting plugin ProceduralMeshComponent
LogPluginManager: Mounting plugin PropertyAccessEditor
LogPluginManager: Mounting plugin SignificanceManager
LogPluginManager: Mounting plugin RuntimePhysXCooking
LogPluginManager: Mounting plugin SoundFields
LogPluginManager: Mounting plugin Synthesis
LogPluginManager: Mounting plugin OnlineSubsystem
LogPluginManager: Mounting plugin WebMMoviePlayer
LogPluginManager: Mounting plugin WindowsMoviePlayer
LogPluginManager: Mounting plugin OnlineSubsystemNull
LogPluginManager: Mounting plugin OnlineSubsystemUtils
LogPluginManager: Mounting plugin Takes
LogPluginManager: Mounting plugin ScreenshotTools
LogPluginManager: Mounting plugin ContentBrowserAssetDataSource
LogPluginManager: Mounting plugin ContentBrowserFileDataSource
LogPluginManager: Mounting plugin ContentBrowserClassDataSource
LogPluginManager: Mounting plugin OculusVR
LogPluginManager: Mounting plugin SteamVR
LogPluginManager: Mounting plugin OnlineSubsystemGooglePlay
LogPluginManager: Mounting plugin OnlineSubsystemIOS
PixWinPlugin: PIX capture plugin failed to initialize! Check that the process is launched from PIX.
LogInit: Using libcurl 7.55.1-DEV
LogInit:  - built for x86_64-pc-win32
LogInit:  - supports SSL with OpenSSL/1.1.1
LogInit:  - supports HTTP deflate (compression) using libz 1.2.8
LogInit:  - other features:
LogInit:      CURL_VERSION_SSL
LogInit:      CURL_VERSION_LIBZ
LogInit:      CURL_VERSION_IPV6
LogInit:      CURL_VERSION_ASYNCHDNS
LogInit:      CURL_VERSION_LARGEFILE
LogInit:      CURL_VERSION_IDN
LogInit:  CurlRequestOptions (configurable via config and command line):
LogInit:  - bVerifyPeer = true  - Libcurl will verify peer certificate
LogInit:  - bUseHttpProxy = false  - Libcurl will NOT use HTTP proxy
LogInit:  - bDontReuseConnections = false  - Libcurl will reuse connections
LogInit:  - MaxHostConnections = 16  - Libcurl will limit the number of connections to a host
LogInit:  - LocalHostAddr = Default
LogInit:  - BufferSize = 65536
LogOnline: OSS: Creating online subsystem instance for: NULL
LogInit: WinSock: version 1.1 (2.2), MaxSocks=32767, MaxUdp=65467
LogOnline: OSS: TryLoadSubsystemAndSetDefault: Loaded subsystem for module [NULL]
LogOculusPluginWrapper: OculusPlugin initialized successfully
LogHMD: Failed initializing OVRPlugin 1.59.0
LogInit: Build: ++UE4+Release-4.27-CL-17155196
LogInit: Engine Version: 4.27.0-17155196+++UE4+Release-4.27
LogInit: Compatible Engine Version: 4.27.0-17155196+++UE4+Release-4.27
LogInit: Net CL: 17155196
LogInit: OS: Windows 10 (Release 2009) (), CPU: 11th Gen Intel(R) Core(TM) i7-1195G7 @ 2.90GHz, GPU: Intel(R) Iris(R) Xe Graphics
LogInit: Compiled (64-bit): Aug 13 2021 06:13:13
LogInit: Compiled with Visual C++: 19.24.28315.00
LogInit: Build Configuration: Development
LogInit: Branch Name: ++UE4+Release-4.27
LogInit: Command Line: 
LogInit: Base Directory: E:/Downloads/unreal_engine_v4.27_compiled/Unreal Engine v4.27 Compiled/Engine/Binaries/Win64/
LogInit: Allocator: TBB
LogInit: Installed Engine Build: 1
LogDevObjectVersion: Number of dev versions registered: 29
LogDevObjectVersion:   Dev-Blueprints (B0D832E4-1F89-4F0D-ACCF-7EB736FD4AA2): 10
LogDevObjectVersion:   Dev-Build (E1C64328-A22C-4D53-A36C-8E866417BD8C): 0
LogDevObjectVersion:   Dev-Core (375EC13C-06E4-48FB-B500-84F0262A717E): 4
LogDevObjectVersion:   Dev-Editor (E4B068ED-F494-42E9-A231-DA0B2E46BB41): 40
LogDevObjectVersion:   Dev-Framework (CFFC743F-43B0-4480-9391-14DF171D2073): 37
LogDevObjectVersion:   Dev-Mobile (B02B49B5-BB20-44E9-A304-32B752E40360): 3
LogDevObjectVersion:   Dev-Networking (A4E4105C-59A1-49B5-A7C5-40C4547EDFEE): 0
LogDevObjectVersion:   Dev-Online (39C831C9-5AE6-47DC-9A44-9C173E1C8E7C): 0
LogDevObjectVersion:   Dev-Physics (78F01B33-EBEA-4F98-B9B4-84EACCB95AA2): 14
LogDevObjectVersion:   Dev-Platform (6631380F-2D4D-43E0-8009-CF276956A95A): 0
LogDevObjectVersion:   Dev-Rendering (12F88B9F-8875-4AFC-A67C-D90C383ABD29): 45
LogDevObjectVersion:   Dev-Sequencer (7B5AE74C-D270-4C10-A958-57980B212A5A): 13
LogDevObjectVersion:   Dev-VR (D7296918-1DD6-4BDD-9DE2-64A83CC13884): 3
LogDevObjectVersion:   Dev-LoadTimes (C2A15278-BFE7-4AFE-6C17-90FF531DF755): 1
LogDevObjectVersion:   Private-Geometry (6EACA3D4-40EC-4CC1-B786-8BED09428FC5): 3
LogDevObjectVersion:   Dev-AnimPhys (29E575DD-E0A3-4627-9D10-D276232CDCEA): 17
LogDevObjectVersion:   Dev-Anim (AF43A65D-7FD3-4947-9873-3E8ED9C1BB05): 15
LogDevObjectVersion:   Dev-ReflectionCapture (6B266CEC-1EC7-4B8F-A30B-E4D90942FC07): 1
LogDevObjectVersion:   Dev-Automation (0DF73D61-A23F-47EA-B727-89E90C41499A): 1
LogDevObjectVersion:   FortniteMain (601D1886-AC64-4F84-AA16-D3DE0DEAC7D6): 47
LogDevObjectVersion:   FortniteRelease (E7086368-6B23-4C58-8439-1B7016265E91): 1
LogDevObjectVersion:   Dev-Enterprise (9DFFBCD6-494F-0158-E221-12823C92A888): 10
LogDevObjectVersion:   Dev-Niagara (F2AED0AC-9AFE-416F-8664-AA7FFA26D6FC): 1
LogDevObjectVersion:   Dev-Destruction (174F1F0B-B4C6-45A5-B13F-2EE8D0FB917D): 10
LogDevObjectVersion:   Dev-Physics-Ext (35F94A83-E258-406C-A318-09F59610247C): 41
LogDevObjectVersion:   Dev-PhysicsMaterial-Chaos (B68FC16E-8B1B-42E2-B453-215C058844FE): 1
LogDevObjectVersion:   Dev-CineCamera (B2E18506-4273-CFC2-A54E-F4BB758BBA07): 1
LogDevObjectVersion:   Dev-VirtualProduction (64F58936-FD1B-42BA-BA96-7289D5D0FA4E): 1
LogDevObjectVersion:   Dev-MediaFramework (6F0ED827-A609-4895-9C91-998D90180EA4): 2
LogInit: Presizing for max 25165824 objects, including 0 objects not considered by GC, pre-allocating 0 bytes for permanent pool.
LogConfig: Applying CVar settings from Section [/Script/Engine.StreamingSettings] File [E:/Asus/Documents/GitHub/TheTroubleMakers/Unreal Engine Project/SpeedLimit_UniAzad/Saved/Config/Windows/Engine.ini]
LogConfig: Setting CVar [[s.MinBulkDataSizeForAsyncLoading:131072]]
LogConfig: Setting CVar [[s.AsyncLoadingThreadEnabled:0]]
LogConfig: Setting CVar [[s.EventDrivenLoaderEnabled:1]]
LogConfig: Setting CVar [[s.WarnIfTimeLimitExceeded:0]]
LogConfig: Setting CVar [[s.TimeLimitExceededMultiplier:1.5]]
LogConfig: Setting CVar [[s.TimeLimitExceededMinTime:0.005]]
LogConfig: Setting CVar [[s.UseBackgroundLevelStreaming:1]]
LogConfig: Setting CVar [[s.PriorityAsyncLoadingExtraTime:15.0]]
LogConfig: Setting CVar [[s.LevelStreamingActorsUpdateTimeLimit:5.0]]
LogConfig: Setting CVar [[s.PriorityLevelStreamingActorsUpdateExtraTime:5.0]]
LogConfig: Setting CVar [[s.LevelStreamingComponentsRegistrationGranularity:10]]
LogConfig: Setting CVar [[s.UnregisterComponentsTimeLimit:1.0]]
LogConfig: Setting CVar [[s.LevelStreamingComponentsUnregistrationGranularity:5]]
LogConfig: Setting CVar [[s.FlushStreamingOnExit:1]]
LogInit: Object subsystem initialized
LogConfig: Setting CVar [[con.DebugEarlyDefault:1]]
LogConfig: Setting CVar [[r.setres:1280x720]]
[2023.05.12-12.50.42:128][  0]LogConfig: Setting CVar [[r.VSync:0]]
[2023.05.12-12.50.42:128][  0]LogConfig: Setting CVar [[r.RHICmdBypass:0]]
[2023.05.12-12.50.42:128][  0]LogConfig: Applying CVar settings from Section [/Script/Engine.RendererSettings] File [E:/Asus/Documents/GitHub/TheTroubleMakers/Unreal Engine Project/SpeedLimit_UniAzad/Saved/Config/Windows/Engine.ini]
[2023.05.12-12.50.42:128][  0]LogConfig: Setting CVar [[r.GPUCrashDebugging:0]]
[2023.05.12-12.50.42:128][  0]LogConfig: Setting CVar [[r.DefaultFeature.MotionBlur:0]]
[2023.05.12-12.50.42:128][  0]LogConfig: Applying CVar settings from Section [/Script/Engine.RendererOverrideSettings] File [E:/Asus/Documents/GitHub/TheTroubleMakers/Unreal Engine Project/SpeedLimit_UniAzad/Saved/Config/Windows/Engine.ini]
[2023.05.12-12.50.42:128][  0]LogConfig: Applying CVar settings from Section [/Script/Engine.StreamingSettings] File [E:/Asus/Documents/GitHub/TheTroubleMakers/Unreal Engine Project/SpeedLimit_UniAzad/Saved/Config/Windows/Engine.ini]
[2023.05.12-12.50.42:128][  0]LogConfig: Setting CVar [[s.MinBulkDataSizeForAsyncLoading:131072]]
[2023.05.12-12.50.42:128][  0]LogConfig: Setting CVar [[s.AsyncLoadingThreadEnabled:0]]
[2023.05.12-12.50.42:128][  0]LogConfig: Setting CVar [[s.EventDrivenLoaderEnabled:1]]
[2023.05.12-12.50.42:128][  0]LogConfig: Setting CVar [[s.WarnIfTimeLimitExceeded:0]]
[2023.05.12-12.50.42:128][  0]LogConfig: Setting CVar [[s.TimeLimitExceededMultiplier:1.5]]
[2023.05.12-12.50.42:128][  0]LogConfig: Setting CVar [[s.TimeLimitExceededMinTime:0.005]]
[2023.05.12-12.50.42:128][  0]LogConfig: Setting CVar [[s.UseBackgroundLevelStreaming:1]]
[2023.05.12-12.50.42:128][  0]LogConfig: Setting CVar [[s.PriorityAsyncLoadingExtraTime:15.0]]
[2023.05.12-12.50.42:128][  0]LogConfig: Setting CVar [[s.LevelStreamingActorsUpdateTimeLimit:5.0]]
[2023.05.12-12.50.42:128][  0]LogConfig: Setting CVar [[s.PriorityLevelStreamingActorsUpdateExtraTime:5.0]]
[2023.05.12-12.50.42:128][  0]LogConfig: Setting CVar [[s.LevelStreamingComponentsRegistrationGranularity:10]]
[2023.05.12-12.50.42:128][  0]LogConfig: Setting CVar [[s.UnregisterComponentsTimeLimit:1.0]]
[2023.05.12-12.50.42:128][  0]LogConfig: Setting CVar [[s.LevelStreamingComponentsUnregistrationGranularity:5]]
[2023.05.12-12.50.42:128][  0]LogConfig: Setting CVar [[s.FlushStreamingOnExit:1]]
[2023.05.12-12.50.42:128][  0]LogConfig: Applying CVar settings from Section [/Script/Engine.GarbageCollectionSettings] File [E:/Asus/Documents/GitHub/TheTroubleMakers/Unreal Engine Project/SpeedLimit_UniAzad/Saved/Config/Windows/Engine.ini]
[2023.05.12-12.50.42:128][  0]LogConfig: Setting CVar [[gc.MaxObjectsNotConsideredByGC:1]]
[2023.05.12-12.50.42:128][  0]LogConfig: Setting CVar [[gc.SizeOfPermanentObjectPool:0]]
[2023.05.12-12.50.42:128][  0]LogConfig: Setting CVar [[gc.FlushStreamingOnGC:0]]
[2023.05.12-12.50.42:128][  0]LogConfig: Setting CVar [[gc.NumRetriesBeforeForcingGC:10]]
[2023.05.12-12.50.42:128][  0]LogConfig: Setting CVar [[gc.AllowParallelGC:1]]
[2023.05.12-12.50.42:128][  0]LogConfig: Setting CVar [[gc.TimeBetweenPurgingPendingKillObjects:61.1]]
[2023.05.12-12.50.42:128][  0]LogConfig: Setting CVar [[gc.MaxObjectsInEditor:25165824]]
[2023.05.12-12.50.42:128][  0]LogConfig: Setting CVar [[gc.IncrementalBeginDestroyEnabled:1]]
[2023.05.12-12.50.42:128][  0]LogConfig: Setting CVar [[gc.CreateGCClusters:1]]
[2023.05.12-12.50.42:128][  0]LogConfig: Setting CVar [[gc.MinGCClusterSize:5]]
[2023.05.12-12.50.42:128][  0]LogConfig: Setting CVar [[gc.ActorClusteringEnabled:0]]
[2023.05.12-12.50.42:128][  0]LogConfig: Setting CVar [[gc.BlueprintClusteringEnabled:0]]
[2023.05.12-12.50.42:128][  0]LogConfig: Setting CVar [[gc.UseDisregardForGCOnDedicatedServers:0]]
[2023.05.12-12.50.42:128][  0]LogConfig: Setting CVar [[gc.MultithreadedDestructionEnabled:1]]
[2023.05.12-12.50.42:128][  0]LogConfig: Applying CVar settings from Section [/Script/Engine.NetworkSettings] File [E:/Asus/Documents/GitHub/TheTroubleMakers/Unreal Engine Project/SpeedLimit_UniAzad/Saved/Config/Windows/Engine.ini]
[2023.05.12-12.50.42:128][  0]LogConfig: Applying CVar settings from Section [/Script/UnrealEd.CookerSettings] File [E:/Asus/Documents/GitHub/TheTroubleMakers/Unreal Engine Project/SpeedLimit_UniAzad/Saved/Config/Windows/Engine.ini]
[2023.05.12-12.50.42:156][  0]LogConfig: Applying CVar settings from Section [ViewDistanceQuality@3] File [E:/Asus/Documents/GitHub/TheTroubleMakers/Unreal Engine Project/SpeedLimit_UniAzad/Saved/Config/Windows/Scalability.ini]
[2023.05.12-12.50.42:156][  0]LogConfig: Setting CVar [[r.SkeletalMeshLODBias:0]]
[2023.05.12-12.50.42:156][  0]LogConfig: Setting CVar [[r.ViewDistanceScale:1.0]]
[2023.05.12-12.50.42:156][  0]LogConfig: Applying CVar settings from Section [AntiAliasingQuality@3] File [E:/Asus/Documents/GitHub/TheTroubleMakers/Unreal Engine Project/SpeedLimit_UniAzad/Saved/Config/Windows/Scalability.ini]
[2023.05.12-12.50.42:156][  0]LogConfig: Setting CVar [[r.PostProcessAAQuality:4]]
[2023.05.12-12.50.42:156][  0]LogConfig: Applying CVar settings from Section [ShadowQuality@3] File [E:/Asus/Documents/GitHub/TheTroubleMakers/Unreal Engine Project/SpeedLimit_UniAzad/Saved/Config/Windows/Scalability.ini]
[2023.05.12-12.50.42:156][  0]LogConfig: Setting CVar [[r.LightFunctionQuality:1]]
[2023.05.12-12.50.42:156][  0]LogConfig: Setting CVar [[r.ShadowQuality:5]]
[2023.05.12-12.50.42:156][  0]LogConfig: Setting CVar [[r.Shadow.CSM.MaxCascades:10]]
[2023.05.12-12.50.42:156][  0]LogConfig: Setting CVar [[r.Shadow.MaxResolution:2048]]
[2023.05.12-12.50.42:156][  0]LogConfig: Setting CVar [[r.Shadow.MaxCSMResolution:2048]]
[2023.05.12-12.50.42:156][  0]LogConfig: Setting CVar [[r.Shadow.RadiusThreshold:0.01]]
[2023.05.12-12.50.42:156][  0]LogConfig: Setting CVar [[r.Shadow.DistanceScale:1.0]]
[2023.05.12-12.50.42:157][  0]LogConfig: Setting CVar [[r.Shadow.CSM.TransitionScale:1.0]]
[2023.05.12-12.50.42:157][  0]LogConfig: Setting CVar [[r.Shadow.PreShadowResolutionFactor:1.0]]
[2023.05.12-12.50.42:157][  0]LogConfig: Setting CVar [[r.DistanceFieldShadowing:1]]
[2023.05.12-12.50.42:157][  0]LogConfig: Setting CVar [[r.DistanceFieldAO:1]]
[2023.05.12-12.50.42:157][  0]LogConfig: Setting CVar [[r.AOQuality:2]]
[2023.05.12-12.50.42:157][  0]LogConfig: Setting CVar [[r.VolumetricFog:1]]
[2023.05.12-12.50.42:157][  0]LogConfig: Setting CVar [[r.VolumetricFog.GridPixelSize:8]]
[2023.05.12-12.50.42:157][  0]LogConfig: Setting CVar [[r.VolumetricFog.GridSizeZ:128]]
[2023.05.12-12.50.42:157][  0]LogConfig: Setting CVar [[r.VolumetricFog.HistoryMissSupersampleCount:4]]
[2023.05.12-12.50.42:157][  0]LogConfig: Setting CVar [[r.LightMaxDrawDistanceScale:1]]
[2023.05.12-12.50.42:157][  0]LogConfig: Setting CVar [[r.CapsuleShadows:1]]
[2023.05.12-12.50.42:157][  0]LogConfig: Applying CVar settings from Section [PostProcessQuality@3] File [E:/Asus/Documents/GitHub/TheTroubleMakers/Unreal Engine Project/SpeedLimit_UniAzad/Saved/Config/Windows/Scalability.ini]
[2023.05.12-12.50.42:157][  0]LogConfig: Setting CVar [[r.MotionBlurQuality:4]]
[2023.05.12-12.50.42:157][  0]LogConfig: Setting CVar [[r.AmbientOcclusionMipLevelFactor:0.4]]
[2023.05.12-12.50.42:157][  0]LogConfig: Setting CVar [[r.AmbientOcclusionMaxQuality:100]]
[2023.05.12-12.50.42:157][  0]LogConfig: Setting CVar [[r.AmbientOcclusionLevels:-1]]
[2023.05.12-12.50.42:157][  0]LogConfig: Setting CVar [[r.AmbientOcclusionRadiusScale:1.0]]
[2023.05.12-12.50.42:157][  0]LogConfig: Setting CVar [[r.DepthOfFieldQuality:2]]
[2023.05.12-12.50.42:157][  0]LogConfig: Setting CVar [[r.RenderTargetPoolMin:400]]
[2023.05.12-12.50.42:157][  0]LogConfig: Setting CVar [[r.LensFlareQuality:2]]
[2023.05.12-12.50.42:157][  0]LogConfig: Setting CVar [[r.SceneColorFringeQuality:1]]
[2023.05.12-12.50.42:157][  0]LogConfig: Setting CVar [[r.EyeAdaptationQuality:2]]
[2023.05.12-12.50.42:157][  0]LogConfig: Setting CVar [[r.BloomQuality:5]]
[2023.05.12-12.50.42:157][  0]LogConfig: Setting CVar [[r.FastBlurThreshold:100]]
[2023.05.12-12.50.42:157][  0]LogConfig: Setting CVar [[r.Upscale.Quality:3]]
[2023.05.12-12.50.42:157][  0]LogConfig: Setting CVar [[r.Tonemapper.GrainQuantization:1]]
[2023.05.12-12.50.42:157][  0]LogConfig: Setting CVar [[r.LightShaftQuality:1]]
[2023.05.12-12.50.42:157][  0]LogConfig: Setting CVar [[r.Filter.SizeScale:1]]
[2023.05.12-12.50.42:157][  0]LogConfig: Setting CVar [[r.Tonemapper.Quality:5]]
[2023.05.12-12.50.42:157][  0]LogConfig: Setting CVar [[r.DOF.Gather.AccumulatorQuality:1        ; higher gathering accumulator quality]]
[2023.05.12-12.50.42:157][  0]LogConfig: Setting CVar [[r.DOF.Gather.PostfilterMethod:1          ; Median3x3 postfilering method]]
[2023.05.12-12.50.42:157][  0]LogConfig: Setting CVar [[r.DOF.Gather.EnableBokehSettings:0       ; no bokeh simulation when gathering]]
[2023.05.12-12.50.42:157][  0]LogConfig: Setting CVar [[r.DOF.Gather.RingCount:4                 ; medium number of samples when gathering]]
[2023.05.12-12.50.42:157][  0]LogConfig: Setting CVar [[r.DOF.Scatter.ForegroundCompositing:1    ; additive foreground scattering]]
[2023.05.12-12.50.42:157][  0]LogConfig: Setting CVar [[r.DOF.Scatter.BackgroundCompositing:2    ; additive background scattering]]
[2023.05.12-12.50.42:157][  0]LogConfig: Setting CVar [[r.DOF.Scatter.EnableBokehSettings:1      ; bokeh simulation when scattering]]
[2023.05.12-12.50.42:157][  0]LogConfig: Setting CVar [[r.DOF.Scatter.MaxSpriteRatio:0.1         ; only a maximum of 10% of scattered bokeh]]
[2023.05.12-12.50.42:157][  0]LogConfig: Setting CVar [[r.DOF.Recombine.Quality:1                ; cheap slight out of focus]]
[2023.05.12-12.50.42:157][  0]LogConfig: Setting CVar [[r.DOF.Recombine.EnableBokehSettings:0    ; no bokeh simulation on slight out of focus]]
[2023.05.12-12.50.42:157][  0]LogConfig: Setting CVar [[r.DOF.TemporalAAQuality:1                ; more stable temporal accumulation]]
[2023.05.12-12.50.42:157][  0]LogConfig: Setting CVar [[r.DOF.Kernel.MaxForegroundRadius:0.025]]
[2023.05.12-12.50.42:157][  0]LogConfig: Setting CVar [[r.DOF.Kernel.MaxBackgroundRadius:0.025]]
[2023.05.12-12.50.42:157][  0]LogConfig: Applying CVar settings from Section [TextureQuality@3] File [E:/Asus/Documents/GitHub/TheTroubleMakers/Unreal Engine Project/SpeedLimit_UniAzad/Saved/Config/Windows/Scalability.ini]
[2023.05.12-12.50.42:157][  0]LogConfig: Setting CVar [[r.Streaming.MipBias:0]]
[2023.05.12-12.50.42:157][  0]LogConfig: Setting CVar [[r.Streaming.AmortizeCPUToGPUCopy:0]]
[2023.05.12-12.50.42:157][  0]LogConfig: Setting CVar [[r.Streaming.MaxNumTexturesToStreamPerFrame:0]]
[2023.05.12-12.50.42:157][  0]LogConfig: Setting CVar [[r.Streaming.Boost:1]]
[2023.05.12-12.50.42:157][  0]LogConfig: Setting CVar [[r.MaxAnisotropy:8]]
[2023.05.12-12.50.42:157][  0]LogConfig: Setting CVar [[r.VT.MaxAnisotropy:8]]
[2023.05.12-12.50.42:157][  0]LogConfig: Setting CVar [[r.Streaming.LimitPoolSizeToVRAM:0]]
[2023.05.12-12.50.42:157][  0]LogConfig: Setting CVar [[r.Streaming.PoolSize:1000]]
[2023.05.12-12.50.42:157][  0]LogConfig: Setting CVar [[r.Streaming.MaxEffectiveScreenSize:0]]
[2023.05.12-12.50.42:157][  0]LogConfig: Applying CVar settings from Section [EffectsQuality@3] File [E:/Asus/Documents/GitHub/TheTroubleMakers/Unreal Engine Project/SpeedLimit_UniAzad/Saved/Config/Windows/Scalability.ini]
[2023.05.12-12.50.42:157][  0]LogConfig: Setting CVar [[r.TranslucencyLightingVolumeDim:64]]
[2023.05.12-12.50.42:157][  0]LogConfig: Setting CVar [[r.RefractionQuality:2]]
[2023.05.12-12.50.42:157][  0]LogConfig: Setting CVar [[r.SSR.Quality:3]]
[2023.05.12-12.50.42:157][  0]LogConfig: Setting CVar [[r.SSR.HalfResSceneColor:0]]
[2023.05.12-12.50.42:157][  0]LogConfig: Setting CVar [[r.SceneColorFormat:4]]
[2023.05.12-12.50.42:157][  0]LogConfig: Setting CVar [[r.DetailMode:2]]
[2023.05.12-12.50.42:157][  0]LogConfig: Setting CVar [[r.TranslucencyVolumeBlur:1]]
[2023.05.12-12.50.42:157][  0]LogConfig: Setting CVar [[r.MaterialQualityLevel:1 ; High quality]]
[2023.05.12-12.50.42:157][  0]LogConfig: Setting CVar [[r.AnisotropicMaterials:1]]
[2023.05.12-12.50.42:157][  0]LogConfig: Setting CVar [[r.SSS.Scale:1]]
[2023.05.12-12.50.42:157][  0]LogConfig: Setting CVar [[r.SSS.SampleSet:2]]
[2023.05.12-12.50.42:157][  0]LogConfig: Setting CVar [[r.SSS.Quality:1]]
[2023.05.12-12.50.42:157][  0]LogConfig: Setting CVar [[r.SSS.HalfRes:0]]
[2023.05.12-12.50.42:157][  0]LogConfig: Setting CVar [[r.SSGI.Quality:3]]
[2023.05.12-12.50.42:157][  0]LogConfig: Setting CVar [[r.EmitterSpawnRateScale:1.0]]
[2023.05.12-12.50.42:157][  0]LogConfig: Setting CVar [[r.ParticleLightQuality:2]]
[2023.05.12-12.50.42:157][  0]LogConfig: Setting CVar [[r.SkyAtmosphere.AerialPerspectiveLUT.FastApplyOnOpaque:1 ; Always have FastSkyLUT 1 in this case to avoid wrong sky]]
[2023.05.12-12.50.42:157][  0]LogConfig: Setting CVar [[r.SkyAtmosphere.AerialPerspectiveLUT.SampleCountMaxPerSlice:4]]
[2023.05.12-12.50.42:157][  0]LogConfig: Setting CVar [[r.SkyAtmosphere.AerialPerspectiveLUT.DepthResolution:16.0]]
[2023.05.12-12.50.42:157][  0]LogConfig: Setting CVar [[r.SkyAtmosphere.FastSkyLUT:1]]
[2023.05.12-12.50.42:157][  0]LogConfig: Setting CVar [[r.SkyAtmosphere.FastSkyLUT.SampleCountMin:4.0]]
[2023.05.12-12.50.42:157][  0]LogConfig: Setting CVar [[r.SkyAtmosphere.FastSkyLUT.SampleCountMax:128.0]]
[2023.05.12-12.50.42:157][  0]LogConfig: Setting CVar [[r.SkyAtmosphere.SampleCountMin:4.0]]
[2023.05.12-12.50.42:157][  0]LogConfig: Setting CVar [[r.SkyAtmosphere.SampleCountMax:128.0]]
[2023.05.12-12.50.42:157][  0]LogConfig: Setting CVar [[r.SkyAtmosphere.TransmittanceLUT.UseSmallFormat:0]]
[2023.05.12-12.50.42:157][  0]LogConfig: Setting CVar [[r.SkyAtmosphere.TransmittanceLUT.SampleCount:10.0]]
[2023.05.12-12.50.42:157][  0]LogConfig: Setting CVar [[r.SkyAtmosphere.MultiScatteringLUT.SampleCount:15.0]]
[2023.05.12-12.50.42:157][  0]LogConfig: Setting CVar [[r.SkyLight.RealTimeReflectionCapture:1]]
[2023.05.12-12.50.42:157][  0]LogConfig: Applying CVar settings from Section [FoliageQuality@3] File [E:/Asus/Documents/GitHub/TheTroubleMakers/Unreal Engine Project/SpeedLimit_UniAzad/Saved/Config/Windows/Scalability.ini]
[2023.05.12-12.50.42:157][  0]LogConfig: Setting CVar [[foliage.DensityScale:1.0]]
[2023.05.12-12.50.42:157][  0]LogConfig: Setting CVar [[grass.DensityScale:1.0]]
[2023.05.12-12.50.42:157][  0]LogConfig: Applying CVar settings from Section [ShadingQuality@3] File [E:/Asus/Documents/GitHub/TheTroubleMakers/Unreal Engine Project/SpeedLimit_UniAzad/Saved/Config/Windows/Scalability.ini]
[2023.05.12-12.50.42:157][  0]LogConfig: Setting CVar [[r.HairStrands.SkyLighting.IntegrationType:2]]
[2023.05.12-12.50.42:157][  0]LogConfig: Setting CVar [[r.HairStrands.SkyAO.SampleCount:4]]
[2023.05.12-12.50.42:157][  0]LogConfig: Setting CVar [[r.HairStrands.Visibility.MSAA.SamplePerPixel:4]]
[2023.05.12-12.50.42:157][  0]LogInit: Selected Device Profile: [Windows]
[2023.05.12-12.50.42:157][  0]LogInit: Applying CVar settings loaded from the selected device profile: [Windows]
[2023.05.12-12.50.42:157][  0]LogHAL: Display: Platform has ~ 16 GB [16856285184 / 17179869184 / 16], which maps to Larger [LargestMinGB=32, LargerMinGB=12, DefaultMinGB=8, SmallerMinGB=6, SmallestMinGB=0)
[2023.05.12-12.50.42:157][  0]LogInit: Going up to parent DeviceProfile []
[2023.05.12-12.50.42:157][  0]LogConfig: Applying CVar settings from Section [ViewDistanceQuality@3] File [E:/Asus/Documents/GitHub/TheTroubleMakers/Unreal Engine Project/SpeedLimit_UniAzad/Saved/Config/Windows/Scalability.ini]
[2023.05.12-12.50.42:157][  0]LogConfig: Setting CVar [[r.SkeletalMeshLODBias:0]]
[2023.05.12-12.50.42:157][  0]LogConfig: Setting CVar [[r.ViewDistanceScale:1.0]]
[2023.05.12-12.50.42:157][  0]LogConfig: Applying CVar settings from Section [AntiAliasingQuality@3] File [E:/Asus/Documents/GitHub/TheTroubleMakers/Unreal Engine Project/SpeedLimit_UniAzad/Saved/Config/Windows/Scalability.ini]
[2023.05.12-12.50.42:157][  0]LogConfig: Setting CVar [[r.PostProcessAAQuality:4]]
[2023.05.12-12.50.42:157][  0]LogConfig: Applying CVar settings from Section [ShadowQuality@3] File [E:/Asus/Documents/GitHub/TheTroubleMakers/Unreal Engine Project/SpeedLimit_UniAzad/Saved/Config/Windows/Scalability.ini]
[2023.05.12-12.50.42:157][  0]LogConfig: Setting CVar [[r.LightFunctionQuality:1]]
[2023.05.12-12.50.42:157][  0]LogConfig: Setting CVar [[r.ShadowQuality:5]]
[2023.05.12-12.50.42:157][  0]LogConfig: Setting CVar [[r.Shadow.CSM.MaxCascades:10]]
[2023.05.12-12.50.42:157][  0]LogConfig: Setting CVar [[r.Shadow.MaxResolution:2048]]
[2023.05.12-12.50.42:157][  0]LogConfig: Setting CVar [[r.Shadow.MaxCSMResolution:2048]]
[2023.05.12-12.50.42:157][  0]LogConfig: Setting CVar [[r.Shadow.RadiusThreshold:0.01]]
[2023.05.12-12.50.42:157][  0]LogConfig: Setting CVar [[r.Shadow.DistanceScale:1.0]]
[2023.05.12-12.50.42:157][  0]LogConfig: Setting CVar [[r.Shadow.CSM.TransitionScale:1.0]]
[2023.05.12-12.50.42:157][  0]LogConfig: Setting CVar [[r.Shadow.PreShadowResolutionFactor:1.0]]
[2023.05.12-12.50.42:157][  0]LogConfig: Setting CVar [[r.DistanceFieldShadowing:1]]
[2023.05.12-12.50.42:157][  0]LogConfig: Setting CVar [[r.DistanceFieldAO:1]]
[2023.05.12-12.50.42:157][  0]LogConfig: Setting CVar [[r.AOQuality:2]]
[2023.05.12-12.50.42:157][  0]LogConfig: Setting CVar [[r.VolumetricFog:1]]
[2023.05.12-12.50.42:157][  0]LogConfig: Setting CVar [[r.VolumetricFog.GridPixelSize:8]]
[2023.05.12-12.50.42:157][  0]LogConfig: Setting CVar [[r.VolumetricFog.GridSizeZ:128]]
[2023.05.12-12.50.42:157][  0]LogConfig: Setting CVar [[r.VolumetricFog.HistoryMissSupersampleCount:4]]
[2023.05.12-12.50.42:157][  0]LogConfig: Setting CVar [[r.LightMaxDrawDistanceScale:1]]
[2023.05.12-12.50.42:157][  0]LogConfig: Setting CVar [[r.CapsuleShadows:1]]
[2023.05.12-12.50.42:157][  0]LogConfig: Applying CVar settings from Section [PostProcessQuality@3] File [E:/Asus/Documents/GitHub/TheTroubleMakers/Unreal Engine Project/SpeedLimit_UniAzad/Saved/Config/Windows/Scalability.ini]
[2023.05.12-12.50.42:157][  0]LogConfig: Setting CVar [[r.MotionBlurQuality:4]]
[2023.05.12-12.50.42:157][  0]LogConfig: Setting CVar [[r.AmbientOcclusionMipLevelFactor:0.4]]
[2023.05.12-12.50.42:157][  0]LogConfig: Setting CVar [[r.AmbientOcclusionMaxQuality:100]]
[2023.05.12-12.50.42:157][  0]LogConfig: Setting CVar [[r.AmbientOcclusionLevels:-1]]
[2023.05.12-12.50.42:157][  0]LogConfig: Setting CVar [[r.AmbientOcclusionRadiusScale:1.0]]
[2023.05.12-12.50.42:157][  0]LogConfig: Setting CVar [[r.DepthOfFieldQuality:2]]
[2023.05.12-12.50.42:157][  0]LogConfig: Setting CVar [[r.RenderTargetPoolMin:400]]
[2023.05.12-12.50.42:157][  0]LogConfig: Setting CVar [[r.LensFlareQuality:2]]
[2023.05.12-12.50.42:157][  0]LogConfig: Setting CVar [[r.SceneColorFringeQuality:1]]
[2023.05.12-12.50.42:157][  0]LogConfig: Setting CVar [[r.EyeAdaptationQuality:2]]
[2023.05.12-12.50.42:157][  0]LogConfig: Setting CVar [[r.BloomQuality:5]]
[2023.05.12-12.50.42:157][  0]LogConfig: Setting CVar [[r.FastBlurThreshold:100]]
[2023.05.12-12.50.42:157][  0]LogConfig: Setting CVar [[r.Upscale.Quality:3]]
[2023.05.12-12.50.42:157][  0]LogConfig: Setting CVar [[r.Tonemapper.GrainQuantization:1]]
[2023.05.12-12.50.42:157][  0]LogConfig: Setting CVar [[r.LightShaftQuality:1]]
[2023.05.12-12.50.42:157][  0]LogConfig: Setting CVar [[r.Filter.SizeScale:1]]
[2023.05.12-12.50.42:158][  0]LogConfig: Setting CVar [[r.Tonemapper.Quality:5]]
[2023.05.12-12.50.42:158][  0]LogConfig: Setting CVar [[r.DOF.Gather.AccumulatorQuality:1        ; higher gathering accumulator quality]]
[2023.05.12-12.50.42:158][  0]LogConfig: Setting CVar [[r.DOF.Gather.PostfilterMethod:1          ; Median3x3 postfilering method]]
[2023.05.12-12.50.42:158][  0]LogConfig: Setting CVar [[r.DOF.Gather.EnableBokehSettings:0       ; no bokeh simulation when gathering]]
[2023.05.12-12.50.42:158][  0]LogConfig: Setting CVar [[r.DOF.Gather.RingCount:4                 ; medium number of samples when gathering]]
[2023.05.12-12.50.42:158][  0]LogConfig: Setting CVar [[r.DOF.Scatter.ForegroundCompositing:1    ; additive foreground scattering]]
[2023.05.12-12.50.42:158][  0]LogConfig: Setting CVar [[r.DOF.Scatter.BackgroundCompositing:2    ; additive background scattering]]
[2023.05.12-12.50.42:158][  0]LogConfig: Setting CVar [[r.DOF.Scatter.EnableBokehSettings:1      ; bokeh simulation when scattering]]
[2023.05.12-12.50.42:158][  0]LogConfig: Setting CVar [[r.DOF.Scatter.MaxSpriteRatio:0.1         ; only a maximum of 10% of scattered bokeh]]
[2023.05.12-12.50.42:158][  0]LogConfig: Setting CVar [[r.DOF.Recombine.Quality:1                ; cheap slight out of focus]]
[2023.05.12-12.50.42:158][  0]LogConfig: Setting CVar [[r.DOF.Recombine.EnableBokehSettings:0    ; no bokeh simulation on slight out of focus]]
[2023.05.12-12.50.42:158][  0]LogConfig: Setting CVar [[r.DOF.TemporalAAQuality:1                ; more stable temporal accumulation]]
[2023.05.12-12.50.42:158][  0]LogConfig: Setting CVar [[r.DOF.Kernel.MaxForegroundRadius:0.025]]
[2023.05.12-12.50.42:158][  0]LogConfig: Setting CVar [[r.DOF.Kernel.MaxBackgroundRadius:0.025]]
[2023.05.12-12.50.42:158][  0]LogConfig: Applying CVar settings from Section [TextureQuality@3] File [E:/Asus/Documents/GitHub/TheTroubleMakers/Unreal Engine Project/SpeedLimit_UniAzad/Saved/Config/Windows/Scalability.ini]
[2023.05.12-12.50.42:158][  0]LogConfig: Setting CVar [[r.Streaming.MipBias:0]]
[2023.05.12-12.50.42:158][  0]LogConfig: Setting CVar [[r.Streaming.AmortizeCPUToGPUCopy:0]]
[2023.05.12-12.50.42:158][  0]LogConfig: Setting CVar [[r.Streaming.MaxNumTexturesToStreamPerFrame:0]]
[2023.05.12-12.50.42:158][  0]LogConfig: Setting CVar [[r.Streaming.Boost:1]]
[2023.05.12-12.50.42:158][  0]LogConfig: Setting CVar [[r.MaxAnisotropy:8]]
[2023.05.12-12.50.42:158][  0]LogConfig: Setting CVar [[r.VT.MaxAnisotropy:8]]
[2023.05.12-12.50.42:158][  0]LogConfig: Setting CVar [[r.Streaming.LimitPoolSizeToVRAM:0]]
[2023.05.12-12.50.42:158][  0]LogConfig: Setting CVar [[r.Streaming.PoolSize:1000]]
[2023.05.12-12.50.42:158][  0]LogConfig: Setting CVar [[r.Streaming.MaxEffectiveScreenSize:0]]
[2023.05.12-12.50.42:158][  0]LogConfig: Applying CVar settings from Section [EffectsQuality@3] File [E:/Asus/Documents/GitHub/TheTroubleMakers/Unreal Engine Project/SpeedLimit_UniAzad/Saved/Config/Windows/Scalability.ini]
[2023.05.12-12.50.42:158][  0]LogConfig: Setting CVar [[r.TranslucencyLightingVolumeDim:64]]
[2023.05.12-12.50.42:158][  0]LogConfig: Setting CVar [[r.RefractionQuality:2]]
[2023.05.12-12.50.42:158][  0]LogConfig: Setting CVar [[r.SSR.Quality:3]]
[2023.05.12-12.50.42:158][  0]LogConfig: Setting CVar [[r.SSR.HalfResSceneColor:0]]
[2023.05.12-12.50.42:158][  0]LogConfig: Setting CVar [[r.SceneColorFormat:4]]
[2023.05.12-12.50.42:158][  0]LogConfig: Setting CVar [[r.DetailMode:2]]
[2023.05.12-12.50.42:158][  0]LogConfig: Setting CVar [[r.TranslucencyVolumeBlur:1]]
[2023.05.12-12.50.42:158][  0]LogConfig: Setting CVar [[r.MaterialQualityLevel:1 ; High quality]]
[2023.05.12-12.50.42:158][  0]LogConfig: Setting CVar [[r.AnisotropicMaterials:1]]
[2023.05.12-12.50.42:158][  0]LogConfig: Setting CVar [[r.SSS.Scale:1]]
[2023.05.12-12.50.42:158][  0]LogConfig: Setting CVar [[r.SSS.SampleSet:2]]
[2023.05.12-12.50.42:158][  0]LogConfig: Setting CVar [[r.SSS.Quality:1]]
[2023.05.12-12.50.42:158][  0]LogConfig: Setting CVar [[r.SSS.HalfRes:0]]
[2023.05.12-12.50.42:158][  0]LogConfig: Setting CVar [[r.SSGI.Quality:3]]
[2023.05.12-12.50.42:158][  0]LogConfig: Setting CVar [[r.EmitterSpawnRateScale:1.0]]
[2023.05.12-12.50.42:158][  0]LogConfig: Setting CVar [[r.ParticleLightQuality:2]]
[2023.05.12-12.50.42:158][  0]LogConfig: Setting CVar [[r.SkyAtmosphere.AerialPerspectiveLUT.FastApplyOnOpaque:1 ; Always have FastSkyLUT 1 in this case to avoid wrong sky]]
[2023.05.12-12.50.42:158][  0]LogConfig: Setting CVar [[r.SkyAtmosphere.AerialPerspectiveLUT.SampleCountMaxPerSlice:4]]
[2023.05.12-12.50.42:158][  0]LogConfig: Setting CVar [[r.SkyAtmosphere.AerialPerspectiveLUT.DepthResolution:16.0]]
[2023.05.12-12.50.42:158][  0]LogConfig: Setting CVar [[r.SkyAtmosphere.FastSkyLUT:1]]
[2023.05.12-12.50.42:158][  0]LogConfig: Setting CVar [[r.SkyAtmosphere.FastSkyLUT.SampleCountMin:4.0]]
[2023.05.12-12.50.42:158][  0]LogConfig: Setting CVar [[r.SkyAtmosphere.FastSkyLUT.SampleCountMax:128.0]]
[2023.05.12-12.50.42:158][  0]LogConfig: Setting CVar [[r.SkyAtmosphere.SampleCountMin:4.0]]
[2023.05.12-12.50.42:158][  0]LogConfig: Setting CVar [[r.SkyAtmosphere.SampleCountMax:128.0]]
[2023.05.12-12.50.42:158][  0]LogConfig: Setting CVar [[r.SkyAtmosphere.TransmittanceLUT.UseSmallFormat:0]]
[2023.05.12-12.50.42:158][  0]LogConfig: Setting CVar [[r.SkyAtmosphere.TransmittanceLUT.SampleCount:10.0]]
[2023.05.12-12.50.42:158][  0]LogConfig: Setting CVar [[r.SkyAtmosphere.MultiScatteringLUT.SampleCount:15.0]]
[2023.05.12-12.50.42:158][  0]LogConfig: Setting CVar [[r.SkyLight.RealTimeReflectionCapture:1]]
[2023.05.12-12.50.42:158][  0]LogConfig: Applying CVar settings from Section [FoliageQuality@3] File [E:/Asus/Documents/GitHub/TheTroubleMakers/Unreal Engine Project/SpeedLimit_UniAzad/Saved/Config/Windows/Scalability.ini]
[2023.05.12-12.50.42:158][  0]LogConfig: Setting CVar [[foliage.DensityScale:1.0]]
[2023.05.12-12.50.42:158][  0]LogConfig: Setting CVar [[grass.DensityScale:1.0]]
[2023.05.12-12.50.42:158][  0]LogConfig: Applying CVar settings from Section [ShadingQuality@3] File [E:/Asus/Documents/GitHub/TheTroubleMakers/Unreal Engine Project/SpeedLimit_UniAzad/Saved/Config/Windows/Scalability.ini]
[2023.05.12-12.50.42:158][  0]LogConfig: Setting CVar [[r.HairStrands.SkyLighting.IntegrationType:2]]
[2023.05.12-12.50.42:158][  0]LogConfig: Setting CVar [[r.HairStrands.SkyAO.SampleCount:4]]
[2023.05.12-12.50.42:158][  0]LogConfig: Setting CVar [[r.HairStrands.Visibility.MSAA.SamplePerPixel:4]]
[2023.05.12-12.50.42:158][  0]LogConfig: Applying CVar settings from Section [Startup] File [../../../Engine/Config/ConsoleVariables.ini]
[2023.05.12-12.50.42:158][  0]LogConfig: Setting CVar [[net.UseAdaptiveNetUpdateFrequency:0]]
[2023.05.12-12.50.42:158][  0]LogConfig: Setting CVar [[p.chaos.AllowCreatePhysxBodies:1]]
[2023.05.12-12.50.42:158][  0]LogConfig: Setting CVar [[fx.SkipVectorVMBackendOptimizations:1]]
[2023.05.12-12.50.42:158][  0]LogConfig: Applying CVar settings from Section [ConsoleVariables] File [E:/Asus/Documents/GitHub/TheTroubleMakers/Unreal Engine Project/SpeedLimit_UniAzad/Saved/Config/Windows/Engine.ini]
[2023.05.12-12.50.42:158][  0]LogConfig: Applying CVar settings from Section [ConsoleVariables] File [E:/Asus/Documents/GitHub/TheTroubleMakers/Unreal Engine Project/SpeedLimit_UniAzad/Saved/Config/Windows/Editor.ini]
[2023.05.12-12.50.42:158][  0]LogInit: Computer: LAPTOP-ENHDEN5K
[2023.05.12-12.50.42:158][  0]LogInit: User: Asus
[2023.05.12-12.50.42:158][  0]LogInit: CPU Page size=4096, Cores=4
[2023.05.12-12.50.42:158][  0]LogInit: High frequency timer resolution =10.000000 MHz
[2023.05.12-12.50.42:158][  0]LogMemory: Memory total: Physical=15.7GB (16GB approx)
[2023.05.12-12.50.42:158][  0]LogMemory: Platform Memory Stats for Windows
[2023.05.12-12.50.42:158][  0]LogMemory: Process Physical Memory: 142.23 MB used, 142.23 MB peak
[2023.05.12-12.50.42:158][  0]LogMemory: Process Virtual Memory: 133.17 MB used, 133.17 MB peak
[2023.05.12-12.50.42:158][  0]LogMemory: Physical Memory: 10655.21 MB used,  5420.19 MB free, 16075.41 MB total
[2023.05.12-12.50.42:158][  0]LogMemory: Virtual Memory: 134210592.00 MB used,  7137.26 MB free, 134217728.00 MB total
[2023.05.12-12.50.42:164][  0]LogWindows: WindowsPlatformFeatures enabled
[2023.05.12-12.50.42:190][  0]LogInit: Physics initialised using underlying interface: PhysX
[2023.05.12-12.50.42:192][  0]LogInit: Using OS detected language (en-US).
[2023.05.12-12.50.42:192][  0]LogInit: Using OS detected locale (en-US).
[2023.05.12-12.50.42:193][  0]LogTextLocalizationManager: No specific localization for 'en-US' exists, so the 'en' localization will be used.
[2023.05.12-12.50.42:345][  0]LogInit: Setting process to per monitor DPI aware
[2023.05.12-12.50.42:361][  0]LogWindowsTextInputMethodSystem: Display: IME system deactivated.
[2023.05.12-12.50.42:371][  0]LogSlate: New Slate User Created.  User Index 0, Is Virtual User: 0
[2023.05.12-12.50.42:371][  0]LogSlate: Slate User Registered.  User Index 0, Is Virtual User: 0
[2023.05.12-12.50.42:468][  0]LogD3D11RHI: Loaded GFSDK_Aftermath_Lib.x64.dll
[2023.05.12-12.50.42:498][  0]LogHMD: Failed to initialize OpenVR with code 110
[2023.05.12-12.50.42:498][  0]LogD3D11RHI: D3D11 min allowed feature level: 11_0
[2023.05.12-12.50.42:498][  0]LogD3D11RHI: D3D11 max allowed feature level: 11_0
[2023.05.12-12.50.42:498][  0]LogD3D11RHI: D3D11 adapters:
[2023.05.12-12.50.42:605][  0]LogD3D11RHI:    0. 'NVIDIA GeForce MX450' (Feature Level 11_0)
[2023.05.12-12.50.42:605][  0]LogD3D11RHI:       1920/0/8037 MB DedicatedVideo/DedicatedSystem/SharedSystem, Outputs:2, VendorId:0x10de
[2023.05.12-12.50.42:632][  0]LogD3D11RHI:    1. 'Intel(R) Iris(R) Xe Graphics' (Feature Level 11_0)
[2023.05.12-12.50.42:632][  0]LogD3D11RHI:       128/0/8037 MB DedicatedVideo/DedicatedSystem/SharedSystem, Outputs:0, VendorId:0x8086
[2023.05.12-12.50.42:633][  0]LogD3D11RHI:    2. 'Microsoft Basic Render Driver' (Feature Level 11_0)
[2023.05.12-12.50.42:633][  0]LogD3D11RHI:       0/0/8037 MB DedicatedVideo/DedicatedSystem/SharedSystem, Outputs:0, VendorId:0x1414
[2023.05.12-12.50.42:633][  0]LogD3D11RHI: Chosen D3D11 Adapter: 0
[2023.05.12-12.50.42:638][  0]LogD3D11RHI: Creating new Direct3DDevice
[2023.05.12-12.50.42:638][  0]LogD3D11RHI:     GPU DeviceId: 0x1f97 (for the marketing name, search the web for "GPU Device Id")
[2023.05.12-12.50.42:638][  0]LogWindows: EnumDisplayDevices:
[2023.05.12-12.50.42:638][  0]LogWindows:    0. 'Intel(R) Iris(R) Xe Graphics' (P:1 D:1)
[2023.05.12-12.50.42:639][  0]LogWindows:    1. 'Intel(R) Iris(R) Xe Graphics' (P:0 D:1)
[2023.05.12-12.50.42:639][  0]LogWindows:    2. 'Intel(R) Iris(R) Xe Graphics' (P:0 D:0)
[2023.05.12-12.50.42:639][  0]LogWindows:    3. 'Intel(R) Iris(R) Xe Graphics' (P:0 D:0)
[2023.05.12-12.50.42:639][  0]LogWindows: DebugString: PrimaryIsNotTheChoosenAdapter PrimaryIsNotTheChoosenAdapter PrimaryIsNotTheChoosenAdapter PrimaryIsNotTheChoosenAdapter FoundDriverCount:0 
[2023.05.12-12.50.42:639][  0]LogD3D11RHI:     Adapter Name: NVIDIA GeForce MX450
[2023.05.12-12.50.42:639][  0]LogD3D11RHI:   Driver Version: Unknown (internal:Unknown, unified:Unknown)
[2023.05.12-12.50.42:639][  0]LogD3D11RHI:      Driver Date: Unknown
[2023.05.12-12.50.42:639][  0]LogRHI: Texture pool is 1344 MB (70% of 1920 MB)
[2023.05.12-12.50.42:697][  0]LogD3D11RHI: RHI has support for 64 bit atomics
[2023.05.12-12.50.42:698][  0]LogD3D11RHI: Async texture creation enabled
[2023.05.12-12.50.42:698][  0]LogD3D11RHI: Array index from any shader is supported
[2023.05.12-12.50.42:715][  0]LogD3D11RHI: GPU Timing Frequency: 1000.000000 (Debug: 2 2)
[2023.05.12-12.50.42:733][  0]LogRHI: GeForceNow SDK initialized: 1
[2023.05.12-12.50.42:966][  0]LogTargetPlatformManager: Display: Loaded TargetPlatform 'AllDesktop'
[2023.05.12-12.50.42:981][  0]LogTargetPlatformManager: Display: Loaded TargetPlatform 'Android'
[2023.05.12-12.50.42:981][  0]LogTargetPlatformManager: Display: Loaded TargetPlatform 'Android_ASTC'
[2023.05.12-12.50.42:981][  0]LogTargetPlatformManager: Display: Loaded TargetPlatform 'Android_DXT'
[2023.05.12-12.50.42:981][  0]LogTargetPlatformManager: Display: Loaded TargetPlatform 'Android_ETC2'
[2023.05.12-12.50.42:981][  0]LogTargetPlatformManager: Display: Loaded TargetPlatform 'AndroidClient'
[2023.05.12-12.50.42:981][  0]LogTargetPlatformManager: Display: Loaded TargetPlatform 'Android_ASTCClient'
[2023.05.12-12.50.42:981][  0]LogTargetPlatformManager: Display: Loaded TargetPlatform 'Android_DXTClient'
[2023.05.12-12.50.42:981][  0]LogTargetPlatformManager: Display: Loaded TargetPlatform 'Android_ETC2Client'
[2023.05.12-12.50.42:981][  0]LogTargetPlatformManager: Display: Loaded TargetPlatform 'Android_Multi'
[2023.05.12-12.50.42:981][  0]LogTargetPlatformManager: Display: Loaded TargetPlatform 'Android_MultiClient'
[2023.05.12-12.50.42:994][  0]LogTargetPlatformManager: Display: Loaded TargetPlatform 'IOSClient'
[2023.05.12-12.50.42:994][  0]LogTargetPlatformManager: Display: Loaded TargetPlatform 'IOS'
[2023.05.12-12.50.43:000][  0]LogTargetPlatformManager: Display: Loaded TargetPlatform 'Linux'
[2023.05.12-12.50.43:003][  0]LogTargetPlatformManager: Display: Loaded TargetPlatform 'LinuxNoEditor'
[2023.05.12-12.50.43:005][  0]LogTargetPlatformManager: Display: Loaded TargetPlatform 'LinuxClient'
[2023.05.12-12.50.43:009][  0]LogTargetPlatformManager: Display: Loaded TargetPlatform 'LinuxServer'
[2023.05.12-12.50.43:014][  0]LogTargetPlatformManager: Display: Loaded TargetPlatform 'LinuxAArch64NoEditor'
[2023.05.12-12.50.43:017][  0]LogTargetPlatformManager: Display: Loaded TargetPlatform 'LinuxAArch64Client'
[2023.05.12-12.50.43:020][  0]LogTargetPlatformManager: Display: Loaded TargetPlatform 'LinuxAArch64Server'
[2023.05.12-12.50.43:034][  0]LogTargetPlatformManager: Display: Loaded TargetPlatform 'Lumin'
[2023.05.12-12.50.43:034][  0]LogTargetPlatformManager: Display: Loaded TargetPlatform 'LuminClient'
[2023.05.12-12.50.43:040][  0]LogTargetPlatformManager: Display: Loaded TargetPlatform 'MacNoEditor'
[2023.05.12-12.50.43:043][  0]LogTargetPlatformManager: Display: Loaded TargetPlatform 'Mac'
[2023.05.12-12.50.43:046][  0]LogTargetPlatformManager: Display: Loaded TargetPlatform 'MacClient'
[2023.05.12-12.50.43:048][  0]LogTargetPlatformManager: Display: Loaded TargetPlatform 'MacServer'
[2023.05.12-12.50.43:054][  0]LogTargetPlatformManager: Display: Loaded TargetPlatform 'TVOSClient'
[2023.05.12-12.50.43:054][  0]LogTargetPlatformManager: Display: Loaded TargetPlatform 'TVOS'
[2023.05.12-12.50.43:060][  0]LogTargetPlatformManager: Display: Loaded TargetPlatform 'WindowsNoEditor'
[2023.05.12-12.50.43:063][  0]LogTargetPlatformManager: Display: Loaded TargetPlatform 'Windows'
[2023.05.12-12.50.43:066][  0]LogTargetPlatformManager: Display: Loaded TargetPlatform 'WindowsClient'
[2023.05.12-12.50.43:069][  0]LogTargetPlatformManager: Display: Loaded TargetPlatform 'WindowsServer'
[2023.05.12-12.50.43:069][  0]LogTargetPlatformManager: Display: Building Assets For Windows
[2023.05.12-12.50.43:073][  0]LogAudioDebug: Display: Lib vorbis DLL was dynamically loaded.
[2023.05.12-12.50.43:091][  0]LogTextureFormatOodle: Display: Oodle Texture 2.9.0 init RDO Off
[2023.05.12-12.50.43:112][  0]LogRendererCore: Ray tracing is disabled. Reason: r.RayTracing=0.
[2023.05.12-12.50.43:112][  0]LogShaderCompilers: Guid format shader working directory is -53 characters bigger than the processId version (../../../../../../Asus/Documents/GitHub/TheTroubleMakers/Unreal Engine Project/SpeedLimit_UniAzad/Intermediate/Shaders/WorkingDirectory/21968/).
[2023.05.12-12.50.43:112][  0]LogShaderCompilers: Cleaned the shader compiler working directory 'C:/Users/Asus/AppData/Local/Temp/UnrealShaderWorkingDir/9B3EBC1D4DCFC4DCA8CCCB93504E7C5F/'.
[2023.05.12-12.50.43:113][  0]LogXGEController: Cannot use XGE Controller as Incredibuild is not installed on this machine.
[2023.05.12-12.50.43:113][  0]LogShaderCompilers: Cannot use XGE Shader Compiler as Incredibuild is not installed on this machine.
[2023.05.12-12.50.43:113][  0]LogShaderCompilers: Display: Using Local Shader Compiler.
[2023.05.12-12.50.43:670][  0]LogDerivedDataCache: Display: Max Cache Size: 512 MB
[2023.05.12-12.50.43:726][  0]LogDerivedDataCache: Loaded boot cache 0.06s 95MB C:/Users/Asus/AppData/Local/UnrealEngine/4.27/DerivedDataCache/Boot.ddc.
[2023.05.12-12.50.43:726][  0]LogDerivedDataCache: Display: Loaded Boot cache: C:/Users/Asus/AppData/Local/UnrealEngine/4.27/DerivedDataCache/Boot.ddc
[2023.05.12-12.50.43:726][  0]LogDerivedDataCache: FDerivedDataBackendGraph:  Pak pak cache file ../../../../../../Asus/Documents/GitHub/TheTroubleMakers/Unreal Engine Project/SpeedLimit_UniAzad/DerivedDataCache/DDC.ddp not found, will not use a pak cache.
[2023.05.12-12.50.43:726][  0]LogDerivedDataCache: Unable to find inner node Pak for hierarchical cache Hierarchy.
[2023.05.12-12.50.43:726][  0]LogDerivedDataCache: FDerivedDataBackendGraph:  CompressedPak pak cache file ../../../../../../Asus/Documents/GitHub/TheTroubleMakers/Unreal Engine Project/SpeedLimit_UniAzad/DerivedDataCache/Compressed.ddp not found, will not use a pak cache.
[2023.05.12-12.50.43:726][  0]LogDerivedDataCache: Unable to find inner node CompressedPak for hierarchical cache Hierarchy.
[2023.05.12-12.50.43:738][  0]LogDerivedDataCache: Display: Pak cache opened for reading ../../../Engine/DerivedDataCache/Compressed.ddp.
[2023.05.12-12.50.43:738][  0]LogDerivedDataCache: FDerivedDataBackendGraph:  EnterprisePak pak cache file ../../../Enterprise/DerivedDataCache/Compressed.ddp not found, will not use a pak cache.
[2023.05.12-12.50.43:738][  0]LogDerivedDataCache: Unable to find inner node EnterprisePak for hierarchical cache Hierarchy.
[2023.05.12-12.50.43:743][  0]LogDerivedDataCache: Speed tests for C:/Users/Asus/AppData/Local/UnrealEngine/Common/DerivedDataCache took 0.00 seconds
[2023.05.12-12.50.43:743][  0]LogDerivedDataCache: Display: Performance to C:/Users/Asus/AppData/Local/UnrealEngine/Common/DerivedDataCache: Latency=0.02ms. RandomReadSpeed=1302.08MBs, RandomWriteSpeed=263.23MBs. Assigned SpeedClass 'Local'
[2023.05.12-12.50.43:744][  0]LogDerivedDataCache: Using Local data cache path C:/Users/Asus/AppData/Local/UnrealEngine/Common/DerivedDataCache: Writable
[2023.05.12-12.50.43:745][  0]LogDerivedDataCache: Shared data cache path not found in *engine.ini, will not use an Shared cache.
[2023.05.12-12.50.43:745][  0]LogDerivedDataCache: Unable to find inner node Shared for hierarchical cache Hierarchy.
[2023.05.12-12.50.43:783][  0]LogSlate: Using FreeType 2.10.0
[2023.05.12-12.50.43:783][  0]LogSlate: SlateFontServices - WITH_FREETYPE: 1, WITH_HARFBUZZ: 1
[2023.05.12-12.50.43:802][  0]LogAssetRegistry: FAssetRegistry took 0.0021 seconds to start up
[2023.05.12-12.50.43:977][  0]LogInit: Selected Device Profile: [Windows]
[2023.05.12-12.50.43:977][  0]LogInit: Active device profile: [00000224AD08D300][00000224A411F6C0 49] Windows
[2023.05.12-12.50.43:977][  0]LogInit: Profiles: [00000224AD08D300][00000224A411F6C0 49] Windows, [00000224AD047100][00000224A4127980 49] WindowsNoEditor, [00000224AD08E400][00000224AC2EC0C0 49] WindowsServer, [00000224AD045F00][00000224AC2F0380 49] WindowsClient, [00000224AD08F300][00000224AC2F8640 49] IOS, [00000224AD045200][00000224AC314900 49] iPadAir, [00000224AD08FE00][00000224A5046BC0 49] iPadAir2, [00000224ACEBA100][00000224A4EBD080 49] IPadPro, [00000224ACEBA200][00000224A41230C0 49] iPadAir3, [00000224AD045B00][00000224A4EB9380 49] iPadAir4, [00000224ACEBB100][00000224A4EB5640 49] iPadMini2, [00000224AD047400][00000224A504F900 49] iPadMini3, [00000224ACEBBE00][00000224A5053BC0 49] iPadMini4, [00000224AD046500][00000224A5056300 49] iPadMini5, [00000224ACEDDA00][00000224AC328840 49] iPhone6, [00000224ACEDDB00][00000224AC318880 49] iPodTouch6, [00000224AD08EE00][00000224AC330DC0 49] iPhone7, [00000224AD08F100][00000224AC320E00 49] iPodTouch7, [00000224ACEB9C00][00000224A504B080 49] iPhone5S, [00000224AD08D200][00000224AC325300 49] iPhone6Plus, [00000224ACEB9800][00000224AC32D5C0 49] iPhone6S, [00000224AD08C400][00000224AC335880 49] iPhone6SPlus, [00000224ACEB8E00][00000224AC339B40 49] iPhone7Plus, [00000224AD08F000][00000224AC33C280 49] iPhoneSE, [00000224ACEB8A00][00000224AC340540 49] iPhone8, [00000224AD08C800][00000224AC34C800 49] iPhone8Plus, [00000224AD08DD00][00000224AC350AC0 49] iPhoneX, [00000224ACEDC800][00000224AC354D80 49] iPhoneXS, [00000224AD08ED00][00000224A56D5040 49] iPhoneXSMax, [00000224ACEDCF00][00000224AC31D2C0 49] iPhoneXR, [00000224AD08DA00][00000224A59FD540 49] iPhone11, [00000224ACEDD300][00000224A5A05800 49] iPhone11Pro, [00000224ACEDC400][00000224A5A09AC0 49] iPhone11ProMax, [00000224ACEBB200][00000224A5A0C200 49] iPhoneSE2, [00000224ACEDE300][00000224A5A104C0 49] iPhone12Mini, [00000224ACEB9400][00000224A5A14780 49] iPhone12, [00000224ACEDED00][00000224A5A18A40 49] iPhone12Pro, [00000224ACEBB700][00000224A5A1CD00 49] iPhone12ProMax, [00000224ACEDEE00][00000224A5A20FC0 49] iPadPro105, [00000224ACEBA400][00000224A5A25280 49] iPadPro129, [00000224ACEDEF00][00000224A5A01500 49] iPadPro97, [00000224ACEBB800][00000224A5A29780 49] iPadPro2_129, [00000224AD08D600][00000224A5A31A40 49] iPad5, [00000224ACEB9B00][00000224A5A34180 49] iPad6, [00000224AD08F700][00000224A5A38440 49] iPad7, [00000224ACEB8100][00000224A5A3C700 49] iPad8, [00000224AD08DE00][00000224A5A409C0 49] iPadPro11, [00000224ACEBAF00][00000224A5A44C80 49] iPadPro2_11, [00000224AD08FA00][00000224A5A48F40 49] iPadPro3_129, [00000224ACEBAB00][00000224A5A4D200 49] iPadPro4_129, [00000224AD08E900][00000224A5A514C0 49] AppleTV, [00000224ACEB8200][00000224A5A2D740 49] AppleTV4K, [00000224AD08E500][00000224A5A559C0 49] TVOS, [00000224ACEB9900][00000224A5A5C100 49] Mac, [00000224AD08CE00][00000224A9E3C3C0 49] MacClient, [00000224ACEB8800][00000224A9E40680 49] MacNoEditor, [00000224AD08D800][00000224A9E44940 49] MacServer, [00000224ACEB9E00][00000224A9E48C00 49] Linux, [00000224AD08D000][00000224AD6FCEC0 49] LinuxAArch64, [00000224ACEB8300][00000224AD371180 49] LinuxNoEditor, [00000224AD08C600][00000224AD375440 49] LinuxAArch64NoEditor, [00000224ACEBBF00][00000224AD37D700 49] LinuxClient, [00000224AD08C100][00000224A5A59980 49] LinuxAArch64Client, [00000224ACEB8600][00000224AD3880C0 49] LinuxServer, [00000224AD08D500][00000224AD700380 49] LinuxAArch64Server, [00000224ACEBAD00][00000224AD708640 49] Android, [00000224AD08CD00][00000224AD70C900 49] Android_Low, [00000224ACEB9600][00000224AD510BC0 49] Android_Mid, [00000224AD08F400][00000224AD53AE80 49] Android_High, [00000224ACEB8B00][00000224ADB77140 49] Android_Default, [00000224AD08DF00][00000224AD53F400 49] Android_Adreno4xx, [00000224ACEB9500][00000224AD5476C0 49] Android_Adreno5xx_Low, [00000224AD08F500][00000224AD385940 49] Android_Adreno5xx, [00000224ACEB8700][00000224ADB7BBC0 49] Android_Adreno6xx, [00000224AD08DC00][00000224A4FF0300 49] Android_Adreno6xx_Vulkan, [00000224ACEBA800][00000224A502E5C0 49] Android_Mali_T6xx, [00000224AD08E300][00000224A5032880 49] Android_Mali_T7xx, [00000224ACEB9700][00000224A5036B40 49] Android_Mali_T8xx, [00000224AD08E800][00000224A503AE00 49] Android_Mali_G71, [00000224ACEBB400][00000224A503F0C0 49] Android_Mali_G72, [00000224AD08C700][00000224A5043380 49] Android_Mali_G72_Vulkan, [00000224ACEBA700][00000224A4E7F640 49] Android_Mali_G76, [00000224ACEDF900][00000224A4E83900 49] Android_Mali_G76_Vulkan, [00000224AD044900][00000224A4FEDB80 49] Android_Mali_G77, [00000224ACEDF200][00000224A4E86280 49] Android_Mali_G77_Vulkan, [00000224AD044D00][00000224A9EBE540 49] Android_Mali_G78, [00000224ACEDCC00][00000224A9EC2800 49] Android_Mali_G78_Vulkan, [00000224AD044B00][00000224A9EC6AC0 49] Android_Mali_G710, [00000224ACEDC500][00000224A9ECAD80 49] Android_Mali_G710_Vulkan, [00000224AD045D00][00000224A9ECF040 49] Android_Vulkan_SM5, [00000224ACEDC200][00000224A9ED3300 49] Android_PowerVR_G6xxx, [00000224AD047C00][00000224AD8475C0 49] Android_PowerVR_GT7xxx, [00000224ACEDF700][00000224AD84F880 49] Android_PowerVR_GE8xxx, [00000224AD044200][00000224AD853B40 49] Android_PowerVR_GM9xxx, [00000224ACEDE200][00000224A9EBA240 49] Android_PowerVR_GM9xxx_Vulkan, [00000224AD046A00][00000224AD85A4C0 49] Android_TegraK1, [00000224ACEDCE00][00000224AD862780 49] Android_Unknown_Vulkan, [00000224AD045600][00000224AD866A40 49] Lumin, [00000224ACEDD100][00000224AD86ED00 49] Lumin_Desktop, [00000224AD046D00][00000224A5696FC0 49] HoloLens, 
[2023.05.12-12.50.44:073][  0]LogMeshReduction: Using QuadricMeshReduction for automatic static mesh reduction
[2023.05.12-12.50.44:074][  0]LogMeshReduction: Using SimplygonMeshReduction for automatic skeletal mesh reduction
[2023.05.12-12.50.44:074][  0]LogMeshReduction: Using ProxyLODMeshReduction for automatic mesh merging
[2023.05.12-12.50.44:074][  0]LogMeshReduction: No distributed automatic mesh merging module available
[2023.05.12-12.50.44:074][  0]LogMeshMerging: No distributed automatic mesh merging module available
[2023.05.12-12.50.44:085][  0]LogNetVersion: SpeedLimit_UniAzad 1.0.0, NetCL: 17155196, EngineNetVer: 17, GameNetVer: 0 (Checksum: 2338214234)
[2023.05.12-12.50.44:376][  0]LogTexture: Default maximum texture size for cubemaps generated from long-lat sources has been changed from 512 to unlimited. In order to preserve old behaiour for '/Engine/MapTemplates/Sky/DaylightAmbientCubemap.DaylightAmbientCubemap', its maximum texture size has been explicitly set to 512.
[2023.05.12-12.50.44:423][  0]LogHMD: PokeAHoleMaterial loaded successfully
[2023.05.12-12.50.44:428][  0]LogUObjectArray: 17178 objects as part of root set at end of initial load.
[2023.05.12-12.50.44:428][  0]LogUObjectAllocator: 4301856 out of 0 bytes used by permanent object pool.
[2023.05.12-12.50.44:428][  0]LogUObjectArray: CloseDisregardForGC: 0/0 objects in disregard for GC pool
[2023.05.12-12.50.44:597][  0]LogNiagaraDebuggerClient: Niagara Debugger Client Initialized | Session: 64BC3E4741011B8AA12865A7BA264831 | Instance: 56C73C7D4C5604E3CCE36A927720E302 (LAPTOP-ENHDEN5K-21968).
[2023.05.12-12.50.44:611][  0]LogStreaming: Warning: Failed to read file '../../../Engine/Content/Editor/Slate/Niagara/MenuSeparator.png' error.
[2023.05.12-12.50.44:611][  0]LogSlate: Could not find file for Slate resource: ../../../Engine/Content/Editor/Slate/Niagara/MenuSeparator.png
[2023.05.12-12.50.44:611][  0]LogImageWrapper: Warning: PNG Warning: Duplicate iCCP chunk
[2023.05.12-12.50.44:611][  0]LogImageWrapper: Warning: PNG Warning: Duplicate iCCP chunk
[2023.05.12-12.50.44:611][  0]LogStreaming: Warning: Failed to read file '../../../Engine/Content/Editor/Slate/Niagara/Common/Selector.png' error.
[2023.05.12-12.50.44:611][  0]LogSlate: Could not find file for Slate resource: ../../../Engine/Content/Editor/Slate/Niagara/Common/Selector.png
[2023.05.12-12.50.44:611][  0]LogStreaming: Warning: Failed to read file '../../../Engine/Content/Editor/Slate/Niagara/Common/DropZoneIndicator_Above.png' error.
[2023.05.12-12.50.44:612][  0]LogSlate: Could not find file for Slate resource: ../../../Engine/Content/Editor/Slate/Niagara/Common/DropZoneIndicator_Above.png
[2023.05.12-12.50.44:612][  0]LogStreaming: Warning: Failed to read file '../../../Engine/Content/Editor/Slate/Niagara/Common/Selection.png' error.
[2023.05.12-12.50.44:612][  0]LogSlate: Could not find file for Slate resource: ../../../Engine/Content/Editor/Slate/Niagara/Common/Selection.png
[2023.05.12-12.50.44:612][  0]LogStreaming: Warning: Failed to read file '../../../Engine/Content/Editor/Slate/Niagara/Common/DropZoneIndicator_Below.png' error.
[2023.05.12-12.50.44:612][  0]LogSlate: Could not find file for Slate resource: ../../../Engine/Content/Editor/Slate/Niagara/Common/DropZoneIndicator_Below.png
[2023.05.12-12.50.44:612][  0]LogStreaming: Warning: Failed to read file '../../../Engine/Content/Editor/Slate/Niagara/Common/DropZoneIndicator_Onto.png' error.
[2023.05.12-12.50.44:612][  0]LogStreaming: Warning: Failed to read file '../../../Engine/Content/Editor/Slate/Niagara/Common/RoundedSelection_16x.png' error.
[2023.05.12-12.50.44:612][  0]LogSlate: Could not find file for Slate resource: ../../../Engine/Content/Editor/Slate/Niagara/Common/RoundedSelection_16x.png
[2023.05.12-12.50.44:612][  0]LogStreaming: Warning: Failed to read file '../../../Engine/Content/Editor/Slate/Niagara/Common/FlatButton.png' error.
[2023.05.12-12.50.44:612][  0]LogSlate: Could not find file for Slate resource: ../../../Engine/Content/Editor/Slate/Niagara/Common/FlatButton.png
[2023.05.12-12.50.44:612][  0]LogSlate: Could not find file for Slate resource: ../../../Engine/Content/Editor/Slate/Niagara/Common/DropZoneIndicator_Onto.png
[2023.05.12-12.50.44:622][  0]LogPython: Using Python 3.7.7
[2023.05.12-12.50.45:045][  0]LogTcpMessaging: Initializing TcpMessaging bridge
[2023.05.12-12.50.45:050][  0]LogUdpMessaging: Initializing bridge on interface 0.0.0.0:0 to multicast group 230.0.0.1:6666.
[2023.05.12-12.50.45:155][  0]SourceControl: Source control is disabled
[2023.05.12-12.50.45:155][  0]SourceControl: Source control is disabled
[2023.05.12-12.50.45:158][  0]SourceControl: Source control is disabled
[2023.05.12-12.50.45:164][  0]SourceControl: Source control is disabled
[2023.05.12-12.50.45:172][  0]SourceControl: Source control is disabled
[2023.05.12-12.50.45:178][  0]LogUProjectInfo: Found projects:
[2023.05.12-12.50.45:320][  0]LogOpenImageDenoise: OIDN starting up
[2023.05.12-12.50.45:347][  0]LogAndroidPermission: UAndroidPermissionCallbackProxy::GetInstance
[2023.05.12-12.50.45:360][  0]LogAudioCaptureCore: Display: No Audio Capture implementations found. Audio input will be silent.
[2023.05.12-12.50.45:360][  0]LogAudioCaptureCore: Display: No Audio Capture implementations found. Audio input will be silent.
[2023.05.12-12.50.45:451][  0]LogCollectionManager: Loaded 0 collections in 0.000429 seconds
[2023.05.12-12.50.45:467][  0]LogFileCache: Scanning file cache for directory 'E:/Asus/Documents/GitHub/TheTroubleMakers/Unreal Engine Project/SpeedLimit_UniAzad/Saved/Collections/' took 0.00s
[2023.05.12-12.50.45:467][  0]LogFileCache: Scanning file cache for directory 'E:/Asus/Documents/GitHub/TheTroubleMakers/Unreal Engine Project/SpeedLimit_UniAzad/Content/Developers/Asus/Collections/' took 0.00s
[2023.05.12-12.50.45:467][  0]LogFileCache: Scanning file cache for directory 'E:/Asus/Documents/GitHub/TheTroubleMakers/Unreal Engine Project/SpeedLimit_UniAzad/Content/Collections/' took 0.00s
[2023.05.12-12.50.45:467][  0]LogOcInput: OculusInput pre-init called
[2023.05.12-12.50.45:651][  0]LogStreaming: Warning: Failed to read file '../../../Engine/Content/Editor/Slate/Niagara/MenuSeparator.png' error.
[2023.05.12-12.50.45:651][  0]LogSlate: Could not find file for Slate resource: ../../../Engine/Content/Editor/Slate/Niagara/MenuSeparator.png
[2023.05.12-12.50.45:651][  0]LogStreaming: Warning: Failed to read file '../../../Engine/Content/Editor/Slate/Niagara/Common/Selector.png' error.
[2023.05.12-12.50.45:651][  0]LogSlate: Could not find file for Slate resource: ../../../Engine/Content/Editor/Slate/Niagara/Common/Selector.png
[2023.05.12-12.50.45:651][  0]LogStreaming: Warning: Failed to read file '../../../Engine/Content/Editor/Slate/Niagara/Common/Selection.png' error.
[2023.05.12-12.50.45:651][  0]LogSlate: Could not find file for Slate resource: ../../../Engine/Content/Editor/Slate/Niagara/Common/Selection.png
[2023.05.12-12.50.45:651][  0]LogStreaming: Warning: Failed to read file '../../../Engine/Content/Editor/Slate/Niagara/Common/DropZoneIndicator_Above.png' error.
[2023.05.12-12.50.45:651][  0]LogSlate: Could not find file for Slate resource: ../../../Engine/Content/Editor/Slate/Niagara/Common/DropZoneIndicator_Above.png
[2023.05.12-12.50.45:651][  0]LogStreaming: Warning: Failed to read file '../../../Engine/Content/Editor/Slate/Niagara/Common/DropZoneIndicator_Onto.png' error.
[2023.05.12-12.50.45:651][  0]LogSlate: Could not find file for Slate resource: ../../../Engine/Content/Editor/Slate/Niagara/Common/DropZoneIndicator_Onto.png
[2023.05.12-12.50.45:651][  0]LogStreaming: Warning: Failed to read file '../../../Engine/Content/Editor/Slate/Niagara/Common/DropZoneIndicator_Below.png' error.
[2023.05.12-12.50.45:651][  0]LogSlate: Could not find file for Slate resource: ../../../Engine/Content/Editor/Slate/Niagara/Common/DropZoneIndicator_Below.png
[2023.05.12-12.50.45:651][  0]LogStreaming: Warning: Failed to read file '../../../Engine/Content/Editor/Slate/Niagara/Common/FlatButton.png' error.
[2023.05.12-12.50.45:651][  0]LogSlate: Could not find file for Slate resource: ../../../Engine/Content/Editor/Slate/Niagara/Common/FlatButton.png
[2023.05.12-12.50.45:651][  0]LogStreaming: Warning: Failed to read file '../../../Engine/Content/Editor/Slate/Niagara/Common/RoundedSelection_16x.png' error.
[2023.05.12-12.50.45:651][  0]LogSlate: Could not find file for Slate resource: ../../../Engine/Content/Editor/Slate/Niagara/Common/RoundedSelection_16x.png
[2023.05.12-12.50.45:651][  0]LogImageWrapper: Warning: PNG Warning: Duplicate iCCP chunk
[2023.05.12-12.50.45:651][  0]LogImageWrapper: Warning: PNG Warning: Duplicate iCCP chunk
[2023.05.12-12.50.45:651][  0]LogEngine: Initializing Engine...
[2023.05.12-12.50.45:653][  0]LogHMD: Failed to enumerate extensions. Please check that you have a valid OpenXR runtime installed.
[2023.05.12-12.50.45:653][  0]LogHMD: Failed to initialize OpenVR with code 110
[2023.05.12-12.50.45:653][  0]LogMagicLeap: Warning: VR disabled because ZI is not enabled.  To enable, in the editor, Edit -> Project Settings -> Plugins -> Magic Leap Plugin -> Enable Zero Iteration
[2023.05.12-12.50.45:654][  0]LogStats: UGameplayTagsManager::InitializeManager -  0.000 s
[2023.05.12-12.50.45:742][  0]LogInit: Initializing FReadOnlyCVARCache
[2023.05.12-12.50.45:748][  0]LogAIModule: Creating AISystem for world Untitled
[2023.05.12-12.50.45:756][  0]LogAudio: Display: Initializing Audio Device Manager...
[2023.05.12-12.50.45:758][  0]LogAudio: Display: Loading Default Audio Settings Objects...
[2023.05.12-12.50.45:759][  0]LogAudio: Display: No default SoundConcurrencyObject specified (or failed to load).
[2023.05.12-12.50.45:759][  0]LogAudio: Display: Audio Device Manager Initialized
[2023.05.12-12.50.45:759][  0]LogAudio: Display: Creating Audio Device:                 Id: 1, Scope: Shared, Realtime: True
[2023.05.12-12.50.45:759][  0]LogAudioMixer: Display: Audio Mixer Platform Settings:
[2023.05.12-12.50.45:759][  0]LogAudioMixer: Display: 	Sample Rate:						  48000
[2023.05.12-12.50.45:759][  0]LogAudioMixer: Display: 	Callback Buffer Frame Size Requested: 1024
[2023.05.12-12.50.45:759][  0]LogAudioMixer: Display: 	Callback Buffer Frame Size To Use:	  1024
[2023.05.12-12.50.45:759][  0]LogAudioMixer: Display: 	Number of buffers to queue:			  2
[2023.05.12-12.50.45:759][  0]LogAudioMixer: Display: 	Max Channels (voices):				  32
[2023.05.12-12.50.45:759][  0]LogAudioMixer: Display: 	Number of Async Source Workers:		  0
[2023.05.12-12.50.45:759][  0]LogAudio: Display: AudioDevice MaxSources: 32
[2023.05.12-12.50.45:760][  0]LogAudio: Display: Audio Spatialization Plugin: None (built-in).
[2023.05.12-12.50.45:760][  0]LogAudio: Display: Audio Reverb Plugin: None (built-in).
[2023.05.12-12.50.45:760][  0]LogAudio: Display: Audio Occlusion Plugin: None (built-in).
[2023.05.12-12.50.45:760][  0]LogAudioMixer: Display: Initializing audio mixer.
[2023.05.12-12.50.45:767][  0]LogAudioMixer: Display: 0: FrontLeft
[2023.05.12-12.50.45:767][  0]LogAudioMixer: Display: 1: FrontRight
[2023.05.12-12.50.45:809][  0]LogAudioMixer: Display: Using Audio Device Mi TV (HD Audio Driver for Display Audio)
[2023.05.12-12.50.45:811][  0]LogAudioMixer: Display: Initializing Sound Submixes...
[2023.05.12-12.50.45:814][  0]LogAudioMixer: Display: Creating Master Submix 'MasterSubmixDefault'
[2023.05.12-12.50.45:814][  0]LogAudioMixer: Display: Creating Master Submix 'MasterReverbSubmixDefault'
[2023.05.12-12.50.45:814][  0]LogAudioMixer: Display: Creating Master Submix 'MasterEQSubmixDefault'
[2023.05.12-12.50.45:814][  0]LogAudioMixer: FMixerPlatformXAudio2::StartAudioStream() called
[2023.05.12-12.50.45:814][  0]LogAudioMixer: Display: Output buffers initialized: Frames=1024, Channels=2, Samples=2048
[2023.05.12-12.50.45:815][  0]LogAudioMixer: Display: Starting AudioMixerPlatformInterface::RunInternal()
[2023.05.12-12.50.45:815][  0]LogAudioMixer: Display: FMixerPlatformXAudio2::SubmitBuffer() called for the first time
[2023.05.12-12.50.45:815][  0]LogInit: FAudioDevice initialized.
[2023.05.12-12.50.45:816][  0]LogAudio: Display: Audio Device (ID: 1) registered with world 'Untitled'.
[2023.05.12-12.50.45:816][  0]LogNetVersion: Set ProjectVersion to 1.0.0.0. Version Checksum will be recalculated on next use.
[2023.05.12-12.50.45:862][  0]LogDerivedDataCache: Saved boot cache 0.05s 95MB C:/Users/Asus/AppData/Local/UnrealEngine/4.27/DerivedDataCache/Boot.ddc.
[2023.05.12-12.50.45:863][  0]LogInit: Texture streaming: Enabled
[2023.05.12-12.50.45:872][  0]LogAnalytics: Display: [UEEditor.Rocket.Release] APIServer = https://datarouter.ol.epicgames.com/. AppVersion = 4.27.0-17155196+++UE4+Release-4.27
[2023.05.12-12.50.45:875][  0]LogEngineSessionManager: EngineSessionManager initialized
[2023.05.12-12.50.45:875][  0]LogEditorSessionSummary: Verbose: Initializing EditorSessionSummaryWriter for editor session tracking
[2023.05.12-12.50.45:876][  0]LogEditorSessionSummary: EditorSessionSummaryWriter initialized
[2023.05.12-12.50.45:892][  0]LogInit: Transaction tracking system initialized
[2023.05.12-12.50.45:906][  0]BlueprintLog: New page: Editor Load
[2023.05.12-12.50.45:943][  0]LocalizationService: Localization service is disabled
[2023.05.12-12.50.45:957][  0]TimingProfiler: Initialize
[2023.05.12-12.50.45:957][  0]TimingProfiler: OnSessionChanged
[2023.05.12-12.50.45:957][  0]LoadingProfiler: Initialize
[2023.05.12-12.50.45:957][  0]LoadingProfiler: OnSessionChanged
[2023.05.12-12.50.45:957][  0]NetworkingProfiler: Initialize
[2023.05.12-12.50.45:957][  0]NetworkingProfiler: OnSessionChanged
[2023.05.12-12.50.45:957][  0]MemoryProfiler: Initialize
[2023.05.12-12.50.45:958][  0]MemoryProfiler: OnSessionChanged
[2023.05.12-12.50.46:054][  0]LogCook: Display: CookSettings for Memory: MemoryMaxUsedVirtual 0MiB, MemoryMaxUsedPhysical 16384MiB, MemoryMinFreeVirtual 0MiB, MemoryMinFreePhysical 1024MiB
[2023.05.12-12.50.46:054][  0]LogCook: Display: Mobile HDR setting 1
[2023.05.12-12.50.46:092][  0]LogFileCache: Scanning file cache for directory 'E:/Asus/Documents/GitHub/TheTroubleMakers/Unreal Engine Project/SpeedLimit_UniAzad/Content/' took 0.01s
[2023.05.12-12.50.46:312][  0]LogStreaming: Warning: Failed to read file '../../../Engine/Content/Editor/Slate/Niagara/MenuSeparator.png' error.
[2023.05.12-12.50.46:312][  0]LogSlate: Could not find file for Slate resource: ../../../Engine/Content/Editor/Slate/Niagara/MenuSeparator.png
[2023.05.12-12.50.46:312][  0]LogStreaming: Warning: Failed to read file '../../../Engine/Content/Editor/Slate/Niagara/Common/Selector.png' error.
[2023.05.12-12.50.46:313][  0]LogSlate: Could not find file for Slate resource: ../../../Engine/Content/Editor/Slate/Niagara/Common/Selector.png
[2023.05.12-12.50.46:313][  0]LogStreaming: Warning: Failed to read file '../../../Engine/Content/Editor/Slate/Niagara/Common/Selection.png' error.
[2023.05.12-12.50.46:313][  0]LogSlate: Could not find file for Slate resource: ../../../Engine/Content/Editor/Slate/Niagara/Common/Selection.png
[2023.05.12-12.50.46:313][  0]LogStreaming: Warning: Failed to read file '../../../Engine/Content/Editor/Slate/Niagara/Common/DropZoneIndicator_Above.png' error.
[2023.05.12-12.50.46:313][  0]LogSlate: Could not find file for Slate resource: ../../../Engine/Content/Editor/Slate/Niagara/Common/DropZoneIndicator_Above.png
[2023.05.12-12.50.46:313][  0]LogStreaming: Warning: Failed to read file '../../../Engine/Content/Editor/Slate/Niagara/Common/DropZoneIndicator_Onto.png' error.
[2023.05.12-12.50.46:313][  0]LogSlate: Could not find file for Slate resource: ../../../Engine/Content/Editor/Slate/Niagara/Common/DropZoneIndicator_Onto.png
[2023.05.12-12.50.46:313][  0]LogStreaming: Warning: Failed to read file '../../../Engine/Content/Editor/Slate/Niagara/Common/RoundedSelection_16x.png' error.
[2023.05.12-12.50.46:313][  0]LogSlate: Could not find file for Slate resource: ../../../Engine/Content/Editor/Slate/Niagara/Common/RoundedSelection_16x.png
[2023.05.12-12.50.46:313][  0]LogStreaming: Warning: Failed to read file '../../../Engine/Content/Editor/Slate/Niagara/Common/FlatButton.png' error.
[2023.05.12-12.50.46:313][  0]LogStreaming: Warning: Failed to read file '../../../Engine/Content/Editor/Slate/Niagara/Common/DropZoneIndicator_Below.png' error.
[2023.05.12-12.50.46:313][  0]LogSlate: Could not find file for Slate resource: ../../../Engine/Content/Editor/Slate/Niagara/Common/FlatButton.png
[2023.05.12-12.50.46:313][  0]LogSlate: Could not find file for Slate resource: ../../../Engine/Content/Editor/Slate/Niagara/Common/DropZoneIndicator_Below.png
[2023.05.12-12.50.46:313][  0]LogImageWrapper: Warning: PNG Warning: Duplicate iCCP chunk
[2023.05.12-12.50.46:313][  0]LogImageWrapper: Warning: PNG Warning: Duplicate iCCP chunk
[2023.05.12-12.50.46:358][  0]LogInit: Display: Engine is initialized. Leaving FEngineLoop::Init()
[2023.05.12-12.50.46:360][  0]SourceControl: Source control is disabled
[2023.05.12-12.50.46:360][  0]LogUnrealEdMisc: Loading editor; pre map load, took 5.027
[2023.05.12-12.50.46:361][  0]LightingResults: New page: Lighting Build
[2023.05.12-12.50.46:362][  0]LogWorld: UWorld::CleanupWorld for Untitled, bSessionEnded=true, bCleanupResources=true
[2023.05.12-12.50.46:362][  0]LogSlate: InvalidateAllWidgets triggered.  All widgets were invalidated
[2023.05.12-12.50.46:362][  0]MapCheck: New page: Map Check
[2023.05.12-12.50.46:362][  0]LightingResults: New page: Lighting Build
[2023.05.12-12.50.46:365][  0]LogAudio: Display: Audio Device unregistered from world 'None'.
[2023.05.12-12.50.46:367][  0]LogUObjectHash: Compacting FUObjectHashTables data took   0.62ms
[2023.05.12-12.50.50:328][  0]LogStaticMesh: Warning: Mesh Tree02_2 is recomputing physics on load. It must be resaved before it will cook deterministically. Please resave /Game/NaturePackage/Meshes/flora/Tree02_2.Tree02_2.
[2023.05.12-12.50.50:372][  0]LogStaticMesh: Warning: Mesh Tree01_2 is recomputing physics on load. It must be resaved before it will cook deterministically. Please resave /Game/NaturePackage/Meshes/flora/Tree01_2.Tree01_2.
[2023.05.12-12.50.50:487][  0]LogMaterial: Display: Missing cached shadermap for air_Condition in PCD3D_SM5, Default, SM5 (DDC key hash: DF19E522F453F81DF3D6C33B7E38C077ECEB0518), compiling. 
[2023.05.12-12.50.50:488][  0]LogMaterial: Warning: [AssetLog] E:\Asus\Documents\GitHub\TheTroubleMakers\Unreal Engine Project\SpeedLimit_UniAzad\Content\TheTroubleMakers\MahlaRanjbar\MyBuilding\air_Condition.uasset: Failed to compile Material for platform PCD3D_SM5, Default Material will be used in game.
[2023.05.12-12.50.50:488][  0]LogMaterial: Display: 	(Node TextureSample) Texture Sample> Missing input texture
[2023.05.12-12.50.50:740][  0]LogStaticMesh: Warning: Mesh Grass1_05 is recomputing physics on load. It must be resaved before it will cook deterministically. Please resave /Game/NaturePackage/Meshes/flora/Grass1_05.Grass1_05.
[2023.05.12-12.50.50:778][  0]LogStaticMesh: Warning: Mesh Conifer7 is recomputing physics on load. It must be resaved before it will cook deterministically. Please resave /Game/NaturePackage/Meshes/flora/Conifer7.Conifer7.
[2023.05.12-12.50.50:789][  0]LogStaticMesh: Warning: Mesh Conifer1 is recomputing physics on load. It must be resaved before it will cook deterministically. Please resave /Game/NaturePackage/Meshes/flora/Conifer1.Conifer1.
[2023.05.12-12.50.51:552][  0]LogAudio: Display: Audio Device (ID: 1) registered with world 'Minimal_Default'.
[2023.05.12-12.50.51:554][  0]LogAIModule: Creating AISystem for world Minimal_Default
[2023.05.12-12.50.52:088][  0]LogEditorServer: Finished looking for orphan Actors (0.000 secs)
[2023.05.12-12.50.52:116][  0]LogUObjectHash: Compacting FUObjectHashTables data took   1.12ms
[2023.05.12-12.50.52:117][  0]Cmd: MAP CHECKDEP NOCLEARLOG
[2023.05.12-12.50.52:117][  0]MapCheck: Map check complete: 0 Error(s), 0 Warning(s), took 0.13ms to complete.
[2023.05.12-12.50.52:117][  0]LogFileHelpers: Loading map 'Minimal_Default' took 5.756
[2023.05.12-12.50.52:119][  0]LogUnrealEdMisc: Total Editor Startup Time, took 10.785
[2023.05.12-12.50.52:234][  0]LogSlate: Updating window title bar state: overlay mode, drag disabled, window buttons hidden, title bar hidden
[2023.05.12-12.50.52:238][  0]LogSlate: Updating window title bar state: overlay mode, drag disabled, window buttons hidden, title bar hidden
[2023.05.12-12.50.52:242][  0]LogSlate: Updating window title bar state: overlay mode, drag disabled, window buttons hidden, title bar hidden
[2023.05.12-12.50.52:247][  0]LogSlate: Updating window title bar state: overlay mode, drag disabled, window buttons hidden, title bar hidden
[2023.05.12-12.50.52:257][  0]LogNativeClassHierarchy: Verbose: Native class hierarchy populated in 0.0078 seconds. Added 3822 classes and 928 folders.
[2023.05.12-12.50.52:259][  0]LogNativeClassHierarchy: Verbose: Native class hierarchy updated for 'WidgetCarousel' in 0.0002 seconds. Added 0 classes and 0 folders.
[2023.05.12-12.50.52:260][  0]LogPakFile: PakFile PrimaryIndexSize=187
[2023.05.12-12.50.52:260][  0]LogPakFile: PakFile PathHashIndexSize=101
[2023.05.12-12.50.52:260][  0]LogPakFile: PakFile FullDirectoryIndexSize=148
[2023.05.12-12.50.52:260][  0]LogShaderLibrary: Display: ShaderCodeLibraryPakFileMountedCallback: PakFile 'E:/Downloads/unreal_engine_v4.27_compiled/Unreal Engine v4.27 Compiled/FeaturePacks/FP_FirstPerson.upack' (chunk index -1, root 'root:/') mounted
[2023.05.12-12.50.52:260][  0]LogShaderLibrary: Display: ShaderCodeLibraryPakFileMountedCallback: pending pak file info (ChunkID:-1 Root:root:/ File:E:/Downloads/unreal_engine_v4.27_compiled/Unreal Engine v4.27 Compiled/FeaturePacks/FP_FirstPerson.upack)
[2023.05.12-12.50.52:260][  0]LogPakFile: OnPakFileMounted2Time == 0.000045
[2023.05.12-12.50.52:260][  0]LogPakFile: PakFile PrimaryIndexSize=189
[2023.05.12-12.50.52:260][  0]LogPakFile: PakFile PathHashIndexSize=101
[2023.05.12-12.50.52:260][  0]LogPakFile: PakFile FullDirectoryIndexSize=152
[2023.05.12-12.50.52:260][  0]LogShaderLibrary: Display: ShaderCodeLibraryPakFileMountedCallback: PakFile 'E:/Downloads/unreal_engine_v4.27_compiled/Unreal Engine v4.27 Compiled/FeaturePacks/FP_FirstPersonBP.upack' (chunk index -1, root 'root:/') mounted
[2023.05.12-12.50.52:260][  0]LogShaderLibrary: Display: ShaderCodeLibraryPakFileMountedCallback: pending pak file info (ChunkID:-1 Root:root:/ File:E:/Downloads/unreal_engine_v4.27_compiled/Unreal Engine v4.27 Compiled/FeaturePacks/FP_FirstPersonBP.upack)
[2023.05.12-12.50.52:260][  0]LogPakFile: OnPakFileMounted2Time == 0.000025
[2023.05.12-12.50.52:260][  0]LogPakFile: PakFile PrimaryIndexSize=191
[2023.05.12-12.50.52:260][  0]LogPakFile: PakFile PathHashIndexSize=101
[2023.05.12-12.50.52:260][  0]LogPakFile: PakFile FullDirectoryIndexSize=160
[2023.05.12-12.50.52:260][  0]LogShaderLibrary: Display: ShaderCodeLibraryPakFileMountedCallback: PakFile 'E:/Downloads/unreal_engine_v4.27_compiled/Unreal Engine v4.27 Compiled/FeaturePacks/MobileStarterContent.upack' (chunk index -1, root 'root:/') mounted
[2023.05.12-12.50.52:260][  0]LogShaderLibrary: Display: ShaderCodeLibraryPakFileMountedCallback: pending pak file info (ChunkID:-1 Root:root:/ File:E:/Downloads/unreal_engine_v4.27_compiled/Unreal Engine v4.27 Compiled/FeaturePacks/MobileStarterContent.upack)
[2023.05.12-12.50.52:260][  0]LogPakFile: OnPakFileMounted2Time == 0.000023
[2023.05.12-12.50.52:261][  0]LogPakFile: PakFile PrimaryIndexSize=185
[2023.05.12-12.50.52:261][  0]LogPakFile: PakFile PathHashIndexSize=101
[2023.05.12-12.50.52:261][  0]LogPakFile: PakFile FullDirectoryIndexSize=148
[2023.05.12-12.50.52:261][  0]LogShaderLibrary: Display: ShaderCodeLibraryPakFileMountedCallback: PakFile 'E:/Downloads/unreal_engine_v4.27_compiled/Unreal Engine v4.27 Compiled/FeaturePacks/StarterContent.upack' (chunk index -1, root 'root:/') mounted
[2023.05.12-12.50.52:261][  0]LogShaderLibrary: Display: ShaderCodeLibraryPakFileMountedCallback: pending pak file info (ChunkID:-1 Root:root:/ File:E:/Downloads/unreal_engine_v4.27_compiled/Unreal Engine v4.27 Compiled/FeaturePacks/StarterContent.upack)
[2023.05.12-12.50.52:261][  0]LogPakFile: OnPakFileMounted2Time == 0.000026
[2023.05.12-12.50.52:261][  0]LogPakFile: PakFile PrimaryIndexSize=190
[2023.05.12-12.50.52:261][  0]LogPakFile: PakFile PathHashIndexSize=101
[2023.05.12-12.50.52:261][  0]LogPakFile: PakFile FullDirectoryIndexSize=154
[2023.05.12-12.50.52:261][  0]LogShaderLibrary: Display: ShaderCodeLibraryPakFileMountedCallback: PakFile 'E:/Downloads/unreal_engine_v4.27_compiled/Unreal Engine v4.27 Compiled/FeaturePacks/TP_2DSideScroller.upack' (chunk index -1, root 'root:/') mounted
[2023.05.12-12.50.52:261][  0]LogShaderLibrary: Display: ShaderCodeLibraryPakFileMountedCallback: pending pak file info (ChunkID:-1 Root:root:/ File:E:/Downloads/unreal_engine_v4.27_compiled/Unreal Engine v4.27 Compiled/FeaturePacks/TP_2DSideScroller.upack)
[2023.05.12-12.50.52:261][  0]LogPakFile: OnPakFileMounted2Time == 0.000023
[2023.05.12-12.50.52:261][  0]LogPakFile: PakFile PrimaryIndexSize=192
[2023.05.12-12.50.52:261][  0]LogPakFile: PakFile PathHashIndexSize=101
[2023.05.12-12.50.52:261][  0]LogPakFile: PakFile FullDirectoryIndexSize=158
[2023.05.12-12.50.52:261][  0]LogShaderLibrary: Display: ShaderCodeLibraryPakFileMountedCallback: PakFile 'E:/Downloads/unreal_engine_v4.27_compiled/Unreal Engine v4.27 Compiled/FeaturePacks/TP_2DSideScrollerBP.upack' (chunk index -1, root 'root:/') mounted
[2023.05.12-12.50.52:261][  0]LogShaderLibrary: Display: ShaderCodeLibraryPakFileMountedCallback: pending pak file info (ChunkID:-1 Root:root:/ File:E:/Downloads/unreal_engine_v4.27_compiled/Unreal Engine v4.27 Compiled/FeaturePacks/TP_2DSideScrollerBP.upack)
[2023.05.12-12.50.52:261][  0]LogPakFile: OnPakFileMounted2Time == 0.000023
[2023.05.12-12.50.52:261][  0]LogPakFile: PakFile PrimaryIndexSize=182
[2023.05.12-12.50.52:261][  0]LogPakFile: PakFile PathHashIndexSize=101
[2023.05.12-12.50.52:261][  0]LogPakFile: PakFile FullDirectoryIndexSize=138
[2023.05.12-12.50.52:261][  0]LogShaderLibrary: Display: ShaderCodeLibraryPakFileMountedCallback: PakFile 'E:/Downloads/unreal_engine_v4.27_compiled/Unreal Engine v4.27 Compiled/FeaturePacks/TP_Flying.upack' (chunk index -1, root 'root:/') mounted
[2023.05.12-12.50.52:261][  0]LogShaderLibrary: Display: ShaderCodeLibraryPakFileMountedCallback: pending pak file info (ChunkID:-1 Root:root:/ File:E:/Downloads/unreal_engine_v4.27_compiled/Unreal Engine v4.27 Compiled/FeaturePacks/TP_Flying.upack)
[2023.05.12-12.50.52:261][  0]LogPakFile: OnPakFileMounted2Time == 0.000021
[2023.05.12-12.50.52:262][  0]LogPakFile: PakFile PrimaryIndexSize=184
[2023.05.12-12.50.52:262][  0]LogPakFile: PakFile PathHashIndexSize=101
[2023.05.12-12.50.52:262][  0]LogPakFile: PakFile FullDirectoryIndexSize=142
[2023.05.12-12.50.52:262][  0]LogShaderLibrary: Display: ShaderCodeLibraryPakFileMountedCallback: PakFile 'E:/Downloads/unreal_engine_v4.27_compiled/Unreal Engine v4.27 Compiled/FeaturePacks/TP_FlyingBP.upack' (chunk index -1, root 'root:/') mounted
[2023.05.12-12.50.52:262][  0]LogShaderLibrary: Display: ShaderCodeLibraryPakFileMountedCallback: pending pak file info (ChunkID:-1 Root:root:/ File:E:/Downloads/unreal_engine_v4.27_compiled/Unreal Engine v4.27 Compiled/FeaturePacks/TP_FlyingBP.upack)
[2023.05.12-12.50.52:262][  0]LogPakFile: OnPakFileMounted2Time == 0.000020
[2023.05.12-12.50.52:262][  0]LogPakFile: PakFile PrimaryIndexSize=188
[2023.05.12-12.50.52:262][  0]LogPakFile: PakFile PathHashIndexSize=101
[2023.05.12-12.50.52:262][  0]LogPakFile: PakFile FullDirectoryIndexSize=150
[2023.05.12-12.50.52:262][  0]LogShaderLibrary: Display: ShaderCodeLibraryPakFileMountedCallback: PakFile 'E:/Downloads/unreal_engine_v4.27_compiled/Unreal Engine v4.27 Compiled/FeaturePacks/TP_HandheldARBP.upack' (chunk index -1, root 'root:/') mounted
[2023.05.12-12.50.52:262][  0]LogShaderLibrary: Display: ShaderCodeLibraryPakFileMountedCallback: pending pak file info (ChunkID:-1 Root:root:/ File:E:/Downloads/unreal_engine_v4.27_compiled/Unreal Engine v4.27 Compiled/FeaturePacks/TP_HandheldARBP.upack)
[2023.05.12-12.50.52:262][  0]LogPakFile: OnPakFileMounted2Time == 0.000021
[2023.05.12-12.50.52:262][  0]LogPakFile: PakFile PrimaryIndexSize=182
[2023.05.12-12.50.52:262][  0]LogPakFile: PakFile PathHashIndexSize=101
[2023.05.12-12.50.52:262][  0]LogPakFile: PakFile FullDirectoryIndexSize=138
[2023.05.12-12.50.52:262][  0]LogShaderLibrary: Display: ShaderCodeLibraryPakFileMountedCallback: PakFile 'E:/Downloads/unreal_engine_v4.27_compiled/Unreal Engine v4.27 Compiled/FeaturePacks/TP_Puzzle.upack' (chunk index -1, root 'root:/') mounted
[2023.05.12-12.50.52:262][  0]LogShaderLibrary: Display: ShaderCodeLibraryPakFileMountedCallback: pending pak file info (ChunkID:-1 Root:root:/ File:E:/Downloads/unreal_engine_v4.27_compiled/Unreal Engine v4.27 Compiled/FeaturePacks/TP_Puzzle.upack)
[2023.05.12-12.50.52:262][  0]LogPakFile: OnPakFileMounted2Time == 0.000023
[2023.05.12-12.50.52:263][  0]LogPakFile: PakFile PrimaryIndexSize=184
[2023.05.12-12.50.52:263][  0]LogPakFile: PakFile PathHashIndexSize=101
[2023.05.12-12.50.52:263][  0]LogPakFile: PakFile FullDirectoryIndexSize=142
[2023.05.12-12.50.52:263][  0]LogShaderLibrary: Display: ShaderCodeLibraryPakFileMountedCallback: PakFile 'E:/Downloads/unreal_engine_v4.27_compiled/Unreal Engine v4.27 Compiled/FeaturePacks/TP_PuzzleBP.upack' (chunk index -1, root 'root:/') mounted
[2023.05.12-12.50.52:263][  0]LogShaderLibrary: Display: ShaderCodeLibraryPakFileMountedCallback: pending pak file info (ChunkID:-1 Root:root:/ File:E:/Downloads/unreal_engine_v4.27_compiled/Unreal Engine v4.27 Compiled/FeaturePacks/TP_PuzzleBP.upack)
[2023.05.12-12.50.52:263][  0]LogPakFile: OnPakFileMounted2Time == 0.000021
[2023.05.12-12.50.52:263][  0]LogPakFile: PakFile PrimaryIndexSize=183
[2023.05.12-12.50.52:263][  0]LogPakFile: PakFile PathHashIndexSize=101
[2023.05.12-12.50.52:263][  0]LogPakFile: PakFile FullDirectoryIndexSize=140
[2023.05.12-12.50.52:263][  0]LogShaderLibrary: Display: ShaderCodeLibraryPakFileMountedCallback: PakFile 'E:/Downloads/unreal_engine_v4.27_compiled/Unreal Engine v4.27 Compiled/FeaturePacks/TP_Rolling.upack' (chunk index -1, root 'root:/') mounted
[2023.05.12-12.50.52:263][  0]LogShaderLibrary: Display: ShaderCodeLibraryPakFileMountedCallback: pending pak file info (ChunkID:-1 Root:root:/ File:E:/Downloads/unreal_engine_v4.27_compiled/Unreal Engine v4.27 Compiled/FeaturePacks/TP_Rolling.upack)
[2023.05.12-12.50.52:263][  0]LogPakFile: OnPakFileMounted2Time == 0.000021
[2023.05.12-12.50.52:264][  0]LogPakFile: PakFile PrimaryIndexSize=185
[2023.05.12-12.50.52:264][  0]LogPakFile: PakFile PathHashIndexSize=101
[2023.05.12-12.50.52:264][  0]LogPakFile: PakFile FullDirectoryIndexSize=144
[2023.05.12-12.50.52:264][  0]LogShaderLibrary: Display: ShaderCodeLibraryPakFileMountedCallback: PakFile 'E:/Downloads/unreal_engine_v4.27_compiled/Unreal Engine v4.27 Compiled/FeaturePacks/TP_RollingBP.upack' (chunk index -1, root 'root:/') mounted
[2023.05.12-12.50.52:264][  0]LogShaderLibrary: Display: ShaderCodeLibraryPakFileMountedCallback: pending pak file info (ChunkID:-1 Root:root:/ File:E:/Downloads/unreal_engine_v4.27_compiled/Unreal Engine v4.27 Compiled/FeaturePacks/TP_RollingBP.upack)
[2023.05.12-12.50.52:264][  0]LogPakFile: OnPakFileMounted2Time == 0.000021
[2023.05.12-12.50.52:264][  0]LogPakFile: PakFile PrimaryIndexSize=188
[2023.05.12-12.50.52:264][  0]LogPakFile: PakFile PathHashIndexSize=101
[2023.05.12-12.50.52:264][  0]LogPakFile: PakFile FullDirectoryIndexSize=150
[2023.05.12-12.50.52:264][  0]LogShaderLibrary: Display: ShaderCodeLibraryPakFileMountedCallback: PakFile 'E:/Downloads/unreal_engine_v4.27_compiled/Unreal Engine v4.27 Compiled/FeaturePacks/TP_SideScroller.upack' (chunk index -1, root 'root:/') mounted
[2023.05.12-12.50.52:264][  0]LogShaderLibrary: Display: ShaderCodeLibraryPakFileMountedCallback: pending pak file info (ChunkID:-1 Root:root:/ File:E:/Downloads/unreal_engine_v4.27_compiled/Unreal Engine v4.27 Compiled/FeaturePacks/TP_SideScroller.upack)
[2023.05.12-12.50.52:264][  0]LogPakFile: OnPakFileMounted2Time == 0.000022
[2023.05.12-12.50.52:264][  0]LogPakFile: PakFile PrimaryIndexSize=190
[2023.05.12-12.50.52:264][  0]LogPakFile: PakFile PathHashIndexSize=101
[2023.05.12-12.50.52:264][  0]LogPakFile: PakFile FullDirectoryIndexSize=154
[2023.05.12-12.50.52:264][  0]LogShaderLibrary: Display: ShaderCodeLibraryPakFileMountedCallback: PakFile 'E:/Downloads/unreal_engine_v4.27_compiled/Unreal Engine v4.27 Compiled/FeaturePacks/TP_SideScrollerBP.upack' (chunk index -1, root 'root:/') mounted
[2023.05.12-12.50.52:264][  0]LogShaderLibrary: Display: ShaderCodeLibraryPakFileMountedCallback: pending pak file info (ChunkID:-1 Root:root:/ File:E:/Downloads/unreal_engine_v4.27_compiled/Unreal Engine v4.27 Compiled/FeaturePacks/TP_SideScrollerBP.upack)
[2023.05.12-12.50.52:264][  0]LogPakFile: OnPakFileMounted2Time == 0.000023
[2023.05.12-12.50.52:264][  0]LogPakFile: PakFile PrimaryIndexSize=187
[2023.05.12-12.50.52:264][  0]LogPakFile: PakFile PathHashIndexSize=101
[2023.05.12-12.50.52:264][  0]LogPakFile: PakFile FullDirectoryIndexSize=148
[2023.05.12-12.50.52:264][  0]LogShaderLibrary: Display: ShaderCodeLibraryPakFileMountedCallback: PakFile 'E:/Downloads/unreal_engine_v4.27_compiled/Unreal Engine v4.27 Compiled/FeaturePacks/TP_ThirdPerson.upack' (chunk index -1, root 'root:/') mounted
[2023.05.12-12.50.52:264][  0]LogShaderLibrary: Display: ShaderCodeLibraryPakFileMountedCallback: pending pak file info (ChunkID:-1 Root:root:/ File:E:/Downloads/unreal_engine_v4.27_compiled/Unreal Engine v4.27 Compiled/FeaturePacks/TP_ThirdPerson.upack)
[2023.05.12-12.50.52:264][  0]LogPakFile: OnPakFileMounted2Time == 0.000022
[2023.05.12-12.50.52:265][  0]LogPakFile: PakFile PrimaryIndexSize=189
[2023.05.12-12.50.52:265][  0]LogPakFile: PakFile PathHashIndexSize=101
[2023.05.12-12.50.52:265][  0]LogPakFile: PakFile FullDirectoryIndexSize=152
[2023.05.12-12.50.52:265][  0]LogShaderLibrary: Display: ShaderCodeLibraryPakFileMountedCallback: PakFile 'E:/Downloads/unreal_engine_v4.27_compiled/Unreal Engine v4.27 Compiled/FeaturePacks/TP_ThirdPersonBP.upack' (chunk index -1, root 'root:/') mounted
[2023.05.12-12.50.52:265][  0]LogShaderLibrary: Display: ShaderCodeLibraryPakFileMountedCallback: pending pak file info (ChunkID:-1 Root:root:/ File:E:/Downloads/unreal_engine_v4.27_compiled/Unreal Engine v4.27 Compiled/FeaturePacks/TP_ThirdPersonBP.upack)
[2023.05.12-12.50.52:265][  0]LogPakFile: OnPakFileMounted2Time == 0.000024
[2023.05.12-12.50.52:265][  0]LogPakFile: PakFile PrimaryIndexSize=183
[2023.05.12-12.50.52:265][  0]LogPakFile: PakFile PathHashIndexSize=101
[2023.05.12-12.50.52:265][  0]LogPakFile: PakFile FullDirectoryIndexSize=140
[2023.05.12-12.50.52:265][  0]LogShaderLibrary: Display: ShaderCodeLibraryPakFileMountedCallback: PakFile 'E:/Downloads/unreal_engine_v4.27_compiled/Unreal Engine v4.27 Compiled/FeaturePacks/TP_TopDown.upack' (chunk index -1, root 'root:/') mounted
[2023.05.12-12.50.52:265][  0]LogShaderLibrary: Display: ShaderCodeLibraryPakFileMountedCallback: pending pak file info (ChunkID:-1 Root:root:/ File:E:/Downloads/unreal_engine_v4.27_compiled/Unreal Engine v4.27 Compiled/FeaturePacks/TP_TopDown.upack)
[2023.05.12-12.50.52:265][  0]LogPakFile: OnPakFileMounted2Time == 0.000033
[2023.05.12-12.50.52:265][  0]LogPakFile: PakFile PrimaryIndexSize=185
[2023.05.12-12.50.52:265][  0]LogPakFile: PakFile PathHashIndexSize=101
[2023.05.12-12.50.52:265][  0]LogPakFile: PakFile FullDirectoryIndexSize=144
[2023.05.12-12.50.52:265][  0]LogShaderLibrary: Display: ShaderCodeLibraryPakFileMountedCallback: PakFile 'E:/Downloads/unreal_engine_v4.27_compiled/Unreal Engine v4.27 Compiled/FeaturePacks/TP_TopDownBP.upack' (chunk index -1, root 'root:/') mounted
[2023.05.12-12.50.52:265][  0]LogShaderLibrary: Display: ShaderCodeLibraryPakFileMountedCallback: pending pak file info (ChunkID:-1 Root:root:/ File:E:/Downloads/unreal_engine_v4.27_compiled/Unreal Engine v4.27 Compiled/FeaturePacks/TP_TopDownBP.upack)
[2023.05.12-12.50.52:265][  0]LogPakFile: OnPakFileMounted2Time == 0.000022
[2023.05.12-12.50.52:266][  0]LogPakFile: PakFile PrimaryIndexSize=185
[2023.05.12-12.50.52:266][  0]LogPakFile: PakFile PathHashIndexSize=101
[2023.05.12-12.50.52:266][  0]LogPakFile: PakFile FullDirectoryIndexSize=144
[2023.05.12-12.50.52:266][  0]LogShaderLibrary: Display: ShaderCodeLibraryPakFileMountedCallback: PakFile 'E:/Downloads/unreal_engine_v4.27_compiled/Unreal Engine v4.27 Compiled/FeaturePacks/TP_TwinStick.upack' (chunk index -1, root 'root:/') mounted
[2023.05.12-12.50.52:266][  0]LogShaderLibrary: Display: ShaderCodeLibraryPakFileMountedCallback: pending pak file info (ChunkID:-1 Root:root:/ File:E:/Downloads/unreal_engine_v4.27_compiled/Unreal Engine v4.27 Compiled/FeaturePacks/TP_TwinStick.upack)
[2023.05.12-12.50.52:266][  0]LogPakFile: OnPakFileMounted2Time == 0.000021
[2023.05.12-12.50.52:266][  0]LogPakFile: PakFile PrimaryIndexSize=187
[2023.05.12-12.50.52:266][  0]LogPakFile: PakFile PathHashIndexSize=101
[2023.05.12-12.50.52:266][  0]LogPakFile: PakFile FullDirectoryIndexSize=148
[2023.05.12-12.50.52:266][  0]LogShaderLibrary: Display: ShaderCodeLibraryPakFileMountedCallback: PakFile 'E:/Downloads/unreal_engine_v4.27_compiled/Unreal Engine v4.27 Compiled/FeaturePacks/TP_TwinStickBP.upack' (chunk index -1, root 'root:/') mounted
[2023.05.12-12.50.52:266][  0]LogShaderLibrary: Display: ShaderCodeLibraryPakFileMountedCallback: pending pak file info (ChunkID:-1 Root:root:/ File:E:/Downloads/unreal_engine_v4.27_compiled/Unreal Engine v4.27 Compiled/FeaturePacks/TP_TwinStickBP.upack)
[2023.05.12-12.50.52:266][  0]LogPakFile: OnPakFileMounted2Time == 0.000025
[2023.05.12-12.50.52:266][  0]LogPakFile: PakFile PrimaryIndexSize=183
[2023.05.12-12.50.52:266][  0]LogPakFile: PakFile PathHashIndexSize=101
[2023.05.12-12.50.52:266][  0]LogPakFile: PakFile FullDirectoryIndexSize=140
[2023.05.12-12.50.52:266][  0]LogShaderLibrary: Display: ShaderCodeLibraryPakFileMountedCallback: PakFile 'E:/Downloads/unreal_engine_v4.27_compiled/Unreal Engine v4.27 Compiled/FeaturePacks/TP_Vehicle.upack' (chunk index -1, root 'root:/') mounted
[2023.05.12-12.50.52:266][  0]LogShaderLibrary: Display: ShaderCodeLibraryPakFileMountedCallback: pending pak file info (ChunkID:-1 Root:root:/ File:E:/Downloads/unreal_engine_v4.27_compiled/Unreal Engine v4.27 Compiled/FeaturePacks/TP_Vehicle.upack)
[2023.05.12-12.50.52:266][  0]LogPakFile: OnPakFileMounted2Time == 0.000021
[2023.05.12-12.50.52:266][  0]LogPakFile: PakFile PrimaryIndexSize=186
[2023.05.12-12.50.52:266][  0]LogPakFile: PakFile PathHashIndexSize=101
[2023.05.12-12.50.52:266][  0]LogPakFile: PakFile FullDirectoryIndexSize=146
[2023.05.12-12.50.52:266][  0]LogShaderLibrary: Display: ShaderCodeLibraryPakFileMountedCallback: PakFile 'E:/Downloads/unreal_engine_v4.27_compiled/Unreal Engine v4.27 Compiled/FeaturePacks/TP_VehicleAdv.upack' (chunk index -1, root 'root:/') mounted
[2023.05.12-12.50.52:266][  0]LogShaderLibrary: Display: ShaderCodeLibraryPakFileMountedCallback: pending pak file info (ChunkID:-1 Root:root:/ File:E:/Downloads/unreal_engine_v4.27_compiled/Unreal Engine v4.27 Compiled/FeaturePacks/TP_VehicleAdv.upack)
[2023.05.12-12.50.52:266][  0]LogPakFile: OnPakFileMounted2Time == 0.000021
[2023.05.12-12.50.52:267][  0]LogPakFile: PakFile PrimaryIndexSize=188
[2023.05.12-12.50.52:267][  0]LogPakFile: PakFile PathHashIndexSize=101
[2023.05.12-12.50.52:267][  0]LogPakFile: PakFile FullDirectoryIndexSize=150
[2023.05.12-12.50.52:267][  0]LogShaderLibrary: Display: ShaderCodeLibraryPakFileMountedCallback: PakFile 'E:/Downloads/unreal_engine_v4.27_compiled/Unreal Engine v4.27 Compiled/FeaturePacks/TP_VehicleAdvBP.upack' (chunk index -1, root 'root:/') mounted
[2023.05.12-12.50.52:267][  0]LogShaderLibrary: Display: ShaderCodeLibraryPakFileMountedCallback: pending pak file info (ChunkID:-1 Root:root:/ File:E:/Downloads/unreal_engine_v4.27_compiled/Unreal Engine v4.27 Compiled/FeaturePacks/TP_VehicleAdvBP.upack)
[2023.05.12-12.50.52:267][  0]LogPakFile: OnPakFileMounted2Time == 0.000025
[2023.05.12-12.50.52:267][  0]LogPakFile: PakFile PrimaryIndexSize=185
[2023.05.12-12.50.52:267][  0]LogPakFile: PakFile PathHashIndexSize=101
[2023.05.12-12.50.52:267][  0]LogPakFile: PakFile FullDirectoryIndexSize=144
[2023.05.12-12.50.52:267][  0]LogShaderLibrary: Display: ShaderCodeLibraryPakFileMountedCallback: PakFile 'E:/Downloads/unreal_engine_v4.27_compiled/Unreal Engine v4.27 Compiled/FeaturePacks/TP_VehicleBP.upack' (chunk index -1, root 'root:/') mounted
[2023.05.12-12.50.52:267][  0]LogShaderLibrary: Display: ShaderCodeLibraryPakFileMountedCallback: pending pak file info (ChunkID:-1 Root:root:/ File:E:/Downloads/unreal_engine_v4.27_compiled/Unreal Engine v4.27 Compiled/FeaturePacks/TP_VehicleBP.upack)
[2023.05.12-12.50.52:267][  0]LogPakFile: OnPakFileMounted2Time == 0.000022
[2023.05.12-12.50.52:267][  0]LogPakFile: PakFile PrimaryIndexSize=192
[2023.05.12-12.50.52:267][  0]LogPakFile: PakFile PathHashIndexSize=101
[2023.05.12-12.50.52:267][  0]LogPakFile: PakFile FullDirectoryIndexSize=158
[2023.05.12-12.50.52:267][  0]LogShaderLibrary: Display: ShaderCodeLibraryPakFileMountedCallback: PakFile 'E:/Downloads/unreal_engine_v4.27_compiled/Unreal Engine v4.27 Compiled/FeaturePacks/TP_VirtualRealityBP.upack' (chunk index -1, root 'root:/') mounted
[2023.05.12-12.50.52:267][  0]LogShaderLibrary: Display: ShaderCodeLibraryPakFileMountedCallback: pending pak file info (ChunkID:-1 Root:root:/ File:E:/Downloads/unreal_engine_v4.27_compiled/Unreal Engine v4.27 Compiled/FeaturePacks/TP_VirtualRealityBP.upack)
[2023.05.12-12.50.52:267][  0]LogPakFile: OnPakFileMounted2Time == 0.000021
[2023.05.12-12.50.52:288][  0]LogNativeClassHierarchy: Verbose: Native class hierarchy updated for 'AddContentDialog' in 0.0002 seconds. Added 0 classes and 0 folders.
[2023.05.12-12.50.52:289][  0]LogNativeClassHierarchy: Verbose: Native class hierarchy updated for 'SceneOutliner' in 0.0002 seconds. Added 2 classes and 0 folders.
[2023.05.12-12.50.52:522][  0]LogSlate: Only BGRA pngs, bmps or icos are supported in by External Image Picker
[2023.05.12-12.50.52:614][  0]LogSlate: Took 0.000138 seconds to synchronously load lazily loaded font '../../../Engine/Content/Slate/Fonts/Roboto-Regular.ttf' (155K)
[2023.05.12-12.50.52:615][  0]LogSlate: Took 0.000135 seconds to synchronously load lazily loaded font '../../../Engine/Content/Editor/Slate/Fonts/FontAwesome.ttf' (139K)
[2023.05.12-12.50.52:616][  0]LogSlate: Took 0.000115 seconds to synchronously load lazily loaded font '../../../Engine/Content/Slate/Fonts/Roboto-Bold.ttf' (160K)
[2023.05.12-12.50.52:681][  0]LogRenderer: Reallocating scene render targets to support 1000x592 Format 10 NumSamples 1 (Frame:1).
[2023.05.12-12.50.52:782][  0]LogNativeClassHierarchy: Verbose: Native class hierarchy updated for 'HierarchicalLODOutliner' in 0.0002 seconds. Added 0 classes and 0 folders.
[2023.05.12-12.50.52:782][  0]LogLoad: (Engine Initialization) Total time: 11.45 seconds
[2023.05.12-12.50.52:782][  0]LogLoad: (Engine Initialization) Total Blueprint compile time: 0.00 seconds
[2023.05.12-12.50.52:888][  0]LogAssetRegistry: Asset discovery search completed in 9.0867 seconds
[2023.05.12-12.50.52:892][  0]LogCollectionManager: Fixed up redirectors for 0 collections in 0.000003 seconds (updated 0 objects)
[2023.05.12-12.50.52:921][  0]LogContentStreaming: Texture pool size now 1000 MB
[2023.05.12-12.50.52:970][  2]LogSlate: Took 0.000204 seconds to synchronously load lazily loaded font '../../../Engine/Content/Slate/Fonts/Roboto-Light.ttf' (167K)
[2023.05.12-12.50.53:822][ 67]LogSlate: Took 0.000141 seconds to synchronously load lazily loaded font '../../../Engine/Content/Slate/Fonts/Roboto-Light.ttf' (167K)
[2023.05.12-12.51.15:066][951]LogSlate: Prevented a slow task dialog from being summoned while a context menu was open
[2023.05.12-12.51.15:067][951]LogLinker: Warning: Failed to load '/Game/Cars/Zhian/Zhiangame': Can't find file.
[2023.05.12-12.51.15:067][951]LogLinker: Warning: Failed to load '/Game/Cars/Zhian/Zhiangame': Can't find file.
[2023.05.12-12.51.15:067][951]LogUObjectGlobals: Warning: Failed to find object 'Class /Game/Cars/Zhian/Zhiangame.Zhiangame_C'
[2023.05.12-12.51.15:068][951]EditorErrors: Error: Failed to load class /Game/Cars/Zhian/Zhiangame.Zhiangame_C
[2023.05.12-12.51.18:291][206]LogSlate: Prevented a slow task dialog from being summoned while a context menu was open
[2023.05.12-12.51.18:291][206]EditorErrors: Error: Failed to load class /Game/Cars/Zhian/Zhiangame.Zhiangame_C
[2023.05.12-12.51.21:050][396]LogLinker: Warning: [AssetLog] E:\Asus\Documents\GitHub\TheTroubleMakers\Unreal Engine Project\SpeedLimit_UniAzad\Content\TheTroubleMakers\Cars\Zhian\Zhian_BP.uasset: Failed to load '/Game/Cars/Zhian/AnimZhian': Can't find file.
[2023.05.12-12.51.21:050][396]LogLinker: Warning: [AssetLog] E:\Asus\Documents\GitHub\TheTroubleMakers\Unreal Engine Project\SpeedLimit_UniAzad\Content\TheTroubleMakers\Cars\Zhian\Zhian_BP.uasset: Failed to load '/Game/Cars/Zhian/AnimZhian': Can't find file.
[2023.05.12-12.51.21:050][396]LogLinker: Warning: [AssetLog] E:\Asus\Documents\GitHub\TheTroubleMakers\Unreal Engine Project\SpeedLimit_UniAzad\Content\TheTroubleMakers\Cars\Zhian\Zhian_BP.uasset: Failed to load '/Game/Cars/Zhian/FrontWheel_Zhian': Can't find file.
[2023.05.12-12.51.21:050][396]LogLinker: Warning: [AssetLog] E:\Asus\Documents\GitHub\TheTroubleMakers\Unreal Engine Project\SpeedLimit_UniAzad\Content\TheTroubleMakers\Cars\Zhian\Zhian_BP.uasset: Failed to load '/Game/Cars/Zhian/FrontWheel_Zhian': Can't find file.
[2023.05.12-12.51.21:050][396]LogLinker: Warning: [AssetLog] E:\Asus\Documents\GitHub\TheTroubleMakers\Unreal Engine Project\SpeedLimit_UniAzad\Content\TheTroubleMakers\Cars\Zhian\Zhian_BP.uasset: Failed to load '/Game/Cars/Zhian/RearWheel_Zhian': Can't find file.
[2023.05.12-12.51.21:050][396]LogLinker: Warning: [AssetLog] E:\Asus\Documents\GitHub\TheTroubleMakers\Unreal Engine Project\SpeedLimit_UniAzad\Content\TheTroubleMakers\Cars\Zhian\Zhian_BP.uasset: Failed to load '/Game/Cars/Zhian/RearWheel_Zhian': Can't find file.
[2023.05.12-12.51.21:051][396]LogLinker: Warning: [AssetLog] E:\Asus\Documents\GitHub\TheTroubleMakers\Unreal Engine Project\SpeedLimit_UniAzad\Content\TheTroubleMakers\Cars\Zhian\Zhian_BP.uasset: Failed to load '/Game/Cars/Zhian/AnimZhian': Can't find file.
[2023.05.12-12.51.21:051][396]LogLinker: Warning: [AssetLog] E:\Asus\Documents\GitHub\TheTroubleMakers\Unreal Engine Project\SpeedLimit_UniAzad\Content\TheTroubleMakers\Cars\Zhian\Zhian_BP.uasset: Failed to load '/Game/Cars/Zhian/Car_Zhian_f': Can't find file.
[2023.05.12-12.51.21:051][396]LogLinker: Warning: [AssetLog] E:\Asus\Documents\GitHub\TheTroubleMakers\Unreal Engine Project\SpeedLimit_UniAzad\Content\TheTroubleMakers\Cars\Zhian\Zhian_BP.uasset: Failed to load '/Game/Cars/Zhian/Car_Zhian_f': Can't find file.
[2023.05.12-12.51.21:051][396]LogLinker: Warning: [AssetLog] E:\Asus\Documents\GitHub\TheTroubleMakers\Unreal Engine Project\SpeedLimit_UniAzad\Content\TheTroubleMakers\Cars\Zhian\Zhian_BP.uasset: Failed to load '/Game/Cars/Zhian/FrontWheel_Zhian': Can't find file.
[2023.05.12-12.51.21:051][396]LogLinker: Warning: [AssetLog] E:\Asus\Documents\GitHub\TheTroubleMakers\Unreal Engine Project\SpeedLimit_UniAzad\Content\TheTroubleMakers\Cars\Zhian\Zhian_BP.uasset: Failed to load '/Game/Cars/Zhian/RearWheel_Zhian': Can't find file.
[2023.05.12-12.51.21:051][396]LogLinker: Warning: [AssetLog] E:\Asus\Documents\GitHub\TheTroubleMakers\Unreal Engine Project\SpeedLimit_UniAzad\Content\TheTroubleMakers\Cars\Zhian\Zhian_BP.uasset: Failed to load '/Game/Cars/Zhian/Car_Zhian_f': Can't find file.
[2023.05.12-12.51.21:051][396]LogLinker: Warning: Failed to load '/Game/Cars/Zhian/AnimZhian': Can't find file.
[2023.05.12-12.51.21:051][396]LogLinker: Warning: Failed to load '/Game/Cars/Zhian/FrontWheel_Zhian': Can't find file.
[2023.05.12-12.51.21:051][396]LogLinker: Warning: Failed to load '/Game/Cars/Zhian/RearWheel_Zhian': Can't find file.
[2023.05.12-12.51.21:051][396]LogLinker: Warning: Failed to load '/Game/Cars/Zhian/AnimZhian': Can't find file.
[2023.05.12-12.51.21:052][396]LogLinker: Warning: Failed to load '/Game/Cars/Zhian/Car_Zhian_f': Can't find file.
[2023.05.12-12.51.21:052][396]LogLinker: Warning: Failed to load '/Game/Cars/Zhian/FrontWheel_Zhian': Can't find file.
[2023.05.12-12.51.21:052][396]LogLinker: Warning: Failed to load '/Game/Cars/Zhian/RearWheel_Zhian': Can't find file.
[2023.05.12-12.51.21:052][396]LogLinker: Warning: Failed to load '/Game/Cars/Zhian/Car_Zhian_f': Can't find file.
[2023.05.12-12.51.21:052][396]LogLinker: Warning: [AssetLog] E:\Asus\Documents\GitHub\TheTroubleMakers\Unreal Engine Project\SpeedLimit_UniAzad\Content\TheTroubleMakers\Cars\Zhian\Zhian_BP.uasset: Failed to load '/Game/Cars/Zhian/AnimZhian': Can't find file.
[2023.05.12-12.51.21:052][396]LoadErrors: Failed to load /Game/Cars/Zhian/AnimZhian.AnimZhian_C Referenced by Default__Zhian_BP_C
[2023.05.12-12.51.21:052][396]LogLinker: Warning: [AssetLog] E:\Asus\Documents\GitHub\TheTroubleMakers\Unreal Engine Project\SpeedLimit_UniAzad\Content\TheTroubleMakers\Cars\Zhian\Zhian_BP.uasset: Failed to load '/Game/Cars/Zhian/Car_Zhian_f': Can't find file.
[2023.05.12-12.51.21:052][396]LoadErrors: Failed to load /Game/Cars/Zhian/Car_Zhian_f.Car_Zhian_f Referenced by Default__Zhian_BP_C
[2023.05.12-12.51.21:053][396]LogLinker: Warning: [AssetLog] E:\Asus\Documents\GitHub\TheTroubleMakers\Unreal Engine Project\SpeedLimit_UniAzad\Content\TheTroubleMakers\Cars\Zhian\Zhian_BP.uasset: Failed to load '/Game/Cars/Zhian/FrontWheel_Zhian': Can't find file.
[2023.05.12-12.51.21:053][396]LoadErrors: Failed to load /Game/Cars/Zhian/FrontWheel_Zhian.FrontWheel_Zhian_C Referenced by Default__Zhian_BP_C
[2023.05.12-12.51.21:053][396]LogLinker: Warning: [AssetLog] E:\Asus\Documents\GitHub\TheTroubleMakers\Unreal Engine Project\SpeedLimit_UniAzad\Content\TheTroubleMakers\Cars\Zhian\Zhian_BP.uasset: Failed to load '/Game/Cars/Zhian/FrontWheel_Zhian': Can't find file.
[2023.05.12-12.51.21:053][396]LogLinker: Warning: [AssetLog] E:\Asus\Documents\GitHub\TheTroubleMakers\Unreal Engine Project\SpeedLimit_UniAzad\Content\TheTroubleMakers\Cars\Zhian\Zhian_BP.uasset: Failed to load '/Game/Cars/Zhian/RearWheel_Zhian': Can't find file.
[2023.05.12-12.51.21:053][396]LoadErrors: Failed to load /Game/Cars/Zhian/RearWheel_Zhian.RearWheel_Zhian_C Referenced by Default__Zhian_BP_C
[2023.05.12-12.51.21:053][396]LogLinker: Warning: [AssetLog] E:\Asus\Documents\GitHub\TheTroubleMakers\Unreal Engine Project\SpeedLimit_UniAzad\Content\TheTroubleMakers\Cars\Zhian\Zhian_BP.uasset: Failed to load '/Game/Cars/Zhian/RearWheel_Zhian': Can't find file.
[2023.05.12-12.51.21:059][396]LogBlueprint: Warning: [AssetLog] E:\Asus\Documents\GitHub\TheTroubleMakers\Unreal Engine Project\SpeedLimit_UniAzad\Content\TheTroubleMakers\Cars\Zhian\Zhian_BP.uasset: [Compiler] InputAction Event references unknown Action 'Right Door Trigger' for  InputAction Right Door Trigger
[2023.05.12-12.51.21:059][396]LogBlueprint: Warning: [AssetLog] E:\Asus\Documents\GitHub\TheTroubleMakers\Unreal Engine Project\SpeedLimit_UniAzad\Content\TheTroubleMakers\Cars\Zhian\Zhian_BP.uasset: [Compiler] InputAction Event references unknown Action 'Left Door Trigger' for  InputAction Left Door Trigger
[2023.05.12-12.51.21:106][396]LogAssetEditorSubsystem: Opening Asset editor for Blueprint /Game/TheTroubleMakers/Cars/Zhian/Zhian_BP.Zhian_BP
[2023.05.12-12.51.21:728][396]LogNativeClassHierarchy: Verbose: Native class hierarchy updated for 'BlueprintGraph' in 0.0004 seconds. Added 126 classes and 0 folders.
[2023.05.12-12.51.22:436][396]LogSlate: Took 0.004133 seconds to synchronously load lazily loaded font '../../../Engine/Content/Slate/Fonts/Roboto-BoldCondensed.ttf' (158K)
[2023.05.12-12.51.22:520][396]LogSlate: Took 0.003763 seconds to synchronously load lazily loaded font '../../../Engine/Content/Slate/Fonts/DroidSansMono.ttf' (77K)
[2023.05.12-12.51.25:710][631]LogSlate: Took 0.004842 seconds to synchronously load lazily loaded font '../../../Engine/Content/Slate/Fonts/Roboto-Italic.ttf' (157K)
[2023.05.12-12.51.37:342][386]LogSlate: Window 'Zhian_BP' being destroyed
[2023.05.12-12.52.28:562][370]BlueprintLog: New page: Compile Zhian_BP
[2023.05.12-12.52.28:603][370]LogUObjectHash: Compacting FUObjectHashTables data took   1.77ms
[2023.05.12-12.52.33:137][712]LogSlate: Prevented a slow task dialog from being summoned while a context menu was open
[2023.05.12-12.52.34:523][828]LogSlate: Prevented a slow task dialog from being summoned while a context menu was open
[2023.05.12-12.52.34:523][828]EditorErrors: Error: Failed to load class /Game/Cars/Zhian/Zhiangame.Zhiangame_C
[2023.05.12-12.52.36:288][957]LogSlate: Prevented a slow task dialog from being summoned while a context menu was open
[2023.05.12-12.52.43:054][326]LogTemp: Repeating last play command: Selected Viewport
[2023.05.12-12.52.43:058][326]LogPlayLevel: PlayLevel: No blueprints needed recompiling
[2023.05.12-12.52.43:059][326]PIE: New page: PIE session: Minimal_Default (May 12, 2023, 8:52:43 PM)
[2023.05.12-12.52.43:061][326]LogOnline: OSS: Creating online subsystem instance for: NULL
[2023.05.12-12.52.43:062][326]LogOnline: OSS: TryLoadSubsystemAndSetDefault: Loaded subsystem for module [NULL]
[2023.05.12-12.52.43:062][326]LogPlayLevel: Creating play world package: /Game/StarterContent/Maps/UEDPIE_0_Minimal_Default
[2023.05.12-12.52.43:093][326]LogPlayLevel: PIE: StaticDuplicateObject took: (0.030288s)
[2023.05.12-12.52.43:094][326]LogAIModule: Creating AISystem for world Minimal_Default
[2023.05.12-12.52.43:094][326]LogPlayLevel: PIE: World Init took: (0.000928s)
[2023.05.12-12.52.43:094][326]LogPlayLevel: PIE: Created PIE world by copying editor world from /Game/StarterContent/Maps/Minimal_Default.Minimal_Default to /Game/StarterContent/Maps/UEDPIE_0_Minimal_Default.Minimal_Default (0.031343s)
[2023.05.12-12.52.43:109][326]LogUObjectHash: Compacting FUObjectHashTables data took   1.74ms
[2023.05.12-12.52.43:110][326]LogAudio: Display: Creating Audio Device:                 Id: 2, Scope: Unique, Realtime: True
[2023.05.12-12.52.43:110][326]LogAudioMixer: Display: Audio Mixer Platform Settings:
[2023.05.12-12.52.43:110][326]LogAudioMixer: Display: 	Sample Rate:						  48000
[2023.05.12-12.52.43:110][326]LogAudioMixer: Display: 	Callback Buffer Frame Size Requested: 1024
[2023.05.12-12.52.43:110][326]LogAudioMixer: Display: 	Callback Buffer Frame Size To Use:	  1024
[2023.05.12-12.52.43:110][326]LogAudioMixer: Display: 	Number of buffers to queue:			  2
[2023.05.12-12.52.43:110][326]LogAudioMixer: Display: 	Max Channels (voices):				  32
[2023.05.12-12.52.43:110][326]LogAudioMixer: Display: 	Number of Async Source Workers:		  0
[2023.05.12-12.52.43:110][326]LogAudio: Display: AudioDevice MaxSources: 32
[2023.05.12-12.52.43:111][326]LogAudio: Display: Audio Spatialization Plugin: None (built-in).
[2023.05.12-12.52.43:111][326]LogAudio: Display: Audio Reverb Plugin: None (built-in).
[2023.05.12-12.52.43:111][326]LogAudio: Display: Audio Occlusion Plugin: None (built-in).
[2023.05.12-12.52.43:111][326]LogAudioMixer: Display: Initializing audio mixer.
[2023.05.12-12.52.43:114][326]LogAudioMixer: Display: 0: FrontLeft
[2023.05.12-12.52.43:114][326]LogAudioMixer: Display: 1: FrontRight
[2023.05.12-12.52.43:119][326]LogAudioMixer: Display: Using Audio Device Mi TV (HD Audio Driver for Display Audio)
[2023.05.12-12.52.43:120][326]LogAudioMixer: Display: Initializing Sound Submixes...
[2023.05.12-12.52.43:120][326]LogAudioMixer: Display: Creating Master Submix 'MasterSubmixDefault'
[2023.05.12-12.52.43:120][326]LogAudioMixer: Display: Creating Master Submix 'MasterReverbSubmixDefault'
[2023.05.12-12.52.43:120][326]LogAudioMixer: Display: Creating Master Submix 'MasterEQSubmixDefault'
[2023.05.12-12.52.43:120][326]LogAudioMixer: FMixerPlatformXAudio2::StartAudioStream() called
[2023.05.12-12.52.43:120][326]LogAudioMixer: Display: Output buffers initialized: Frames=1024, Channels=2, Samples=2048
[2023.05.12-12.52.43:121][326]LogAudioMixer: Display: Starting AudioMixerPlatformInterface::RunInternal()
[2023.05.12-12.52.43:121][326]LogAudioMixer: Display: FMixerPlatformXAudio2::SubmitBuffer() called for the first time
[2023.05.12-12.52.43:121][326]LogInit: FAudioDevice initialized.
[2023.05.12-12.52.43:121][326]LogAudio: Display: Audio Device (ID: 2) registered with world 'Minimal_Default'.
[2023.05.12-12.52.43:129][326]LogLoad: Game class is 'Zhian_Game_C'
[2023.05.12-12.52.43:136][326]LogWorld: Bringing World /Game/StarterContent/Maps/UEDPIE_0_Minimal_Default.Minimal_Default up for play (max tick rate 0) at 2023.05.12-16.22.43
[2023.05.12-12.52.43:138][326]LogWorld: Bringing up level for play took: 0.007923
[2023.05.12-12.52.43:138][326]LogOnline: OSS: Creating online subsystem instance for: :Context_3
[2023.05.12-12.52.43:141][326]LogNativeClassHierarchy: Verbose: Native class hierarchy updated for 'MovieSceneCapture' in 0.0003 seconds. Added 20 classes and 0 folders.
[2023.05.12-12.52.43:141][326]LogGameMode: Display: Match State Changed from EnteringMap to WaitingToStart
[2023.05.12-12.52.43:141][326]LogGameState: Match State Changed from EnteringMap to WaitingToStart
[2023.05.12-12.52.43:141][326]LogGameMode: Display: Match State Changed from WaitingToStart to InProgress
[2023.05.12-12.52.43:142][326]LogVehicles: Warning: Cannot create vehicle for /Game/StarterContent/Maps/UEDPIE_0_Minimal_Default.Minimal_Default:PersistentLevel.Zhian_BP_C_0.MovementComp. UpdatedComponent has not initialized its rigid body actor.
[2023.05.12-12.52.43:143][326]LogGameState: Match State Changed from WaitingToStart to InProgress
[2023.05.12-12.52.43:143][326]PIE: Server logged in
[2023.05.12-12.52.43:144][326]PIE: Play in editor total start time 0.087 seconds.
[2023.05.12-12.52.43:148][326]LogScript: Warning: Script Msg: Attempted to access index 0 from array 'Wheels' of length 0 in '/Script/PhysXVehicles.WheeledVehicleMovementComponent'!
[2023.05.12-12.52.43:148][326]LogScript: Warning: Script Msg: Attempted to access index 1 from array 'Wheels' of length 0 in '/Script/PhysXVehicles.WheeledVehicleMovementComponent'!
[2023.05.12-12.52.43:148][326]LogScript: Warning: Accessed None trying to read property CallFunc_Array_Get_Item
	Zhian_BP_C /Game/StarterContent/Maps/UEDPIE_0_Minimal_Default.Minimal_Default:PersistentLevel.Zhian_BP_C_0
	Function /Game/TheTroubleMakers/Cars/Zhian/Zhian_BP.Zhian_BP_C:Steering Wheel Update:00B8
[2023.05.12-12.52.43:148][326]PIE: Error: Blueprint Runtime Error: "Accessed None trying to read property CallFunc_Array_Get_Item". Blueprint:  Zhian_BP Function:  Steering Wheel Update Graph:  Steering Wheel Update Node:  Set Steering Angle
[2023.05.12-12.52.43:148][326]LogScript: Warning: Accessed None trying to read property CallFunc_Array_Get_Item_1
	Zhian_BP_C /Game/StarterContent/Maps/UEDPIE_0_Minimal_Default.Minimal_Default:PersistentLevel.Zhian_BP_C_0
	Function /Game/TheTroubleMakers/Cars/Zhian/Zhian_BP.Zhian_BP_C:Steering Wheel Update:00EA
[2023.05.12-12.52.43:148][326]PIE: Error: Blueprint Runtime Error: "Accessed None trying to read property CallFunc_Array_Get_Item_1". Blueprint:  Zhian_BP Function:  Steering Wheel Update Graph:  Steering Wheel Update Node:  Set Steering Angle
[2023.05.12-12.52.43:447][327]LogScript: Warning: Script Msg: Attempted to access index 0 from array 'Wheels' of length 0 in '/Script/PhysXVehicles.WheeledVehicleMovementComponent'!
[2023.05.12-12.52.43:447][327]LogScript: Warning: Script Msg: Attempted to access index 1 from array 'Wheels' of length 0 in '/Script/PhysXVehicles.WheeledVehicleMovementComponent'!
[2023.05.12-12.52.43:447][327]LogScript: Warning: Accessed None trying to read property CallFunc_Array_Get_Item
	Zhian_BP_C /Game/StarterContent/Maps/UEDPIE_0_Minimal_Default.Minimal_Default:PersistentLevel.Zhian_BP_C_0
	Function /Game/TheTroubleMakers/Cars/Zhian/Zhian_BP.Zhian_BP_C:Steering Wheel Update:00B8
[2023.05.12-12.52.43:448][327]PIE: Error: Blueprint Runtime Error: "Accessed None trying to read property CallFunc_Array_Get_Item". Blueprint:  Zhian_BP Function:  Steering Wheel Update Graph:  Steering Wheel Update Node:  Set Steering Angle
[2023.05.12-12.52.43:448][327]LogScript: Warning: Accessed None trying to read property CallFunc_Array_Get_Item_1
	Zhian_BP_C /Game/StarterContent/Maps/UEDPIE_0_Minimal_Default.Minimal_Default:PersistentLevel.Zhian_BP_C_0
	Function /Game/TheTroubleMakers/Cars/Zhian/Zhian_BP.Zhian_BP_C:Steering Wheel Update:00EA
[2023.05.12-12.52.43:448][327]PIE: Error: Blueprint Runtime Error: "Accessed None trying to read property CallFunc_Array_Get_Item_1". Blueprint:  Zhian_BP Function:  Steering Wheel Update Graph:  Steering Wheel Update Node:  Set Steering Angle
[2023.05.12-12.52.43:476][328]LogScript: Warning: Script Msg: Attempted to access index 0 from array 'Wheels' of length 0 in '/Script/PhysXVehicles.WheeledVehicleMovementComponent'!
[2023.05.12-12.52.43:477][328]LogScript: Warning: Script Msg: Attempted to access index 1 from array 'Wheels' of length 0 in '/Script/PhysXVehicles.WheeledVehicleMovementComponent'!
[2023.05.12-12.52.43:477][328]LogScript: Warning: Accessed None trying to read property CallFunc_Array_Get_Item
	Zhian_BP_C /Game/StarterContent/Maps/UEDPIE_0_Minimal_Default.Minimal_Default:PersistentLevel.Zhian_BP_C_0
	Function /Game/TheTroubleMakers/Cars/Zhian/Zhian_BP.Zhian_BP_C:Steering Wheel Update:00B8
[2023.05.12-12.52.43:477][328]PIE: Error: Blueprint Runtime Error: "Accessed None trying to read property CallFunc_Array_Get_Item". Blueprint:  Zhian_BP Function:  Steering Wheel Update Graph:  Steering Wheel Update Node:  Set Steering Angle
[2023.05.12-12.52.43:477][328]LogScript: Warning: Accessed None trying to read property CallFunc_Array_Get_Item_1
	Zhian_BP_C /Game/StarterContent/Maps/UEDPIE_0_Minimal_Default.Minimal_Default:PersistentLevel.Zhian_BP_C_0
	Function /Game/TheTroubleMakers/Cars/Zhian/Zhian_BP.Zhian_BP_C:Steering Wheel Update:00EA
[2023.05.12-12.52.43:477][328]PIE: Error: Blueprint Runtime Error: "Accessed None trying to read property CallFunc_Array_Get_Item_1". Blueprint:  Zhian_BP Function:  Steering Wheel Update Graph:  Steering Wheel Update Node:  Set Steering Angle
[2023.05.12-12.52.43:494][329]LogScript: Warning: Script Msg: Attempted to access index 0 from array 'Wheels' of length 0 in '/Script/PhysXVehicles.WheeledVehicleMovementComponent'!
[2023.05.12-12.52.43:494][329]LogScript: Warning: Script Msg: Attempted to access index 1 from array 'Wheels' of length 0 in '/Script/PhysXVehicles.WheeledVehicleMovementComponent'!
[2023.05.12-12.52.43:494][329]LogScript: Warning: Accessed None trying to read property CallFunc_Array_Get_Item
	Zhian_BP_C /Game/StarterContent/Maps/UEDPIE_0_Minimal_Default.Minimal_Default:PersistentLevel.Zhian_BP_C_0
	Function /Game/TheTroubleMakers/Cars/Zhian/Zhian_BP.Zhian_BP_C:Steering Wheel Update:00B8
[2023.05.12-12.52.43:494][329]PIE: Error: Blueprint Runtime Error: "Accessed None trying to read property CallFunc_Array_Get_Item". Blueprint:  Zhian_BP Function:  Steering Wheel Update Graph:  Steering Wheel Update Node:  Set Steering Angle
[2023.05.12-12.52.43:494][329]LogScript: Warning: Accessed None trying to read property CallFunc_Array_Get_Item_1
	Zhian_BP_C /Game/StarterContent/Maps/UEDPIE_0_Minimal_Default.Minimal_Default:PersistentLevel.Zhian_BP_C_0
	Function /Game/TheTroubleMakers/Cars/Zhian/Zhian_BP.Zhian_BP_C:Steering Wheel Update:00EA
[2023.05.12-12.52.43:494][329]PIE: Error: Blueprint Runtime Error: "Accessed None trying to read property CallFunc_Array_Get_Item_1". Blueprint:  Zhian_BP Function:  Steering Wheel Update Graph:  Steering Wheel Update Node:  Set Steering Angle
[2023.05.12-12.52.43:510][330]LogScript: Warning: Script Msg: Attempted to access index 0 from array 'Wheels' of length 0 in '/Script/PhysXVehicles.WheeledVehicleMovementComponent'!
[2023.05.12-12.52.43:510][330]LogScript: Warning: Script Msg: Attempted to access index 1 from array 'Wheels' of length 0 in '/Script/PhysXVehicles.WheeledVehicleMovementComponent'!
[2023.05.12-12.52.43:510][330]LogScript: Warning: Accessed None trying to read property CallFunc_Array_Get_Item
	Zhian_BP_C /Game/StarterContent/Maps/UEDPIE_0_Minimal_Default.Minimal_Default:PersistentLevel.Zhian_BP_C_0
	Function /Game/TheTroubleMakers/Cars/Zhian/Zhian_BP.Zhian_BP_C:Steering Wheel Update:00B8
[2023.05.12-12.52.43:510][330]PIE: Error: Blueprint Runtime Error: "Accessed None trying to read property CallFunc_Array_Get_Item". Blueprint:  Zhian_BP Function:  Steering Wheel Update Graph:  Steering Wheel Update Node:  Set Steering Angle
[2023.05.12-12.52.43:510][330]LogScript: Warning: Accessed None trying to read property CallFunc_Array_Get_Item_1
	Zhian_BP_C /Game/StarterContent/Maps/UEDPIE_0_Minimal_Default.Minimal_Default:PersistentLevel.Zhian_BP_C_0
	Function /Game/TheTroubleMakers/Cars/Zhian/Zhian_BP.Zhian_BP_C:Steering Wheel Update:00EA
[2023.05.12-12.52.43:510][330]PIE: Error: Blueprint Runtime Error: "Accessed None trying to read property CallFunc_Array_Get_Item_1". Blueprint:  Zhian_BP Function:  Steering Wheel Update Graph:  Steering Wheel Update Node:  Set Steering Angle
[2023.05.12-12.52.43:528][331]LogScript: Warning: Script Msg: Attempted to access index 0 from array 'Wheels' of length 0 in '/Script/PhysXVehicles.WheeledVehicleMovementComponent'!
[2023.05.12-12.52.43:528][331]LogScript: Warning: Script Msg: Attempted to access index 1 from array 'Wheels' of length 0 in '/Script/PhysXVehicles.WheeledVehicleMovementComponent'!
[2023.05.12-12.52.43:528][331]LogScript: Warning: Accessed None trying to read property CallFunc_Array_Get_Item
	Zhian_BP_C /Game/StarterContent/Maps/UEDPIE_0_Minimal_Default.Minimal_Default:PersistentLevel.Zhian_BP_C_0
	Function /Game/TheTroubleMakers/Cars/Zhian/Zhian_BP.Zhian_BP_C:Steering Wheel Update:00B8
[2023.05.12-12.52.43:528][331]PIE: Error: Blueprint Runtime Error: "Accessed None trying to read property CallFunc_Array_Get_Item". Blueprint:  Zhian_BP Function:  Steering Wheel Update Graph:  Steering Wheel Update Node:  Set Steering Angle
[2023.05.12-12.52.43:529][331]LogScript: Warning: Accessed None trying to read property CallFunc_Array_Get_Item_1
	Zhian_BP_C /Game/StarterContent/Maps/UEDPIE_0_Minimal_Default.Minimal_Default:PersistentLevel.Zhian_BP_C_0
	Function /Game/TheTroubleMakers/Cars/Zhian/Zhian_BP.Zhian_BP_C:Steering Wheel Update:00EA
[2023.05.12-12.52.43:529][331]PIE: Error: Blueprint Runtime Error: "Accessed None trying to read property CallFunc_Array_Get_Item_1". Blueprint:  Zhian_BP Function:  Steering Wheel Update Graph:  Steering Wheel Update Node:  Set Steering Angle
[2023.05.12-12.52.43:540][332]LogScript: Warning: Script Msg: Attempted to access index 0 from array 'Wheels' of length 0 in '/Script/PhysXVehicles.WheeledVehicleMovementComponent'!
[2023.05.12-12.52.43:540][332]LogScript: Warning: Script Msg: Attempted to access index 1 from array 'Wheels' of length 0 in '/Script/PhysXVehicles.WheeledVehicleMovementComponent'!
[2023.05.12-12.52.43:540][332]LogScript: Warning: Accessed None trying to read property CallFunc_Array_Get_Item
	Zhian_BP_C /Game/StarterContent/Maps/UEDPIE_0_Minimal_Default.Minimal_Default:PersistentLevel.Zhian_BP_C_0
	Function /Game/TheTroubleMakers/Cars/Zhian/Zhian_BP.Zhian_BP_C:Steering Wheel Update:00B8
[2023.05.12-12.52.43:540][332]PIE: Error: Blueprint Runtime Error: "Accessed None trying to read property CallFunc_Array_Get_Item". Blueprint:  Zhian_BP Function:  Steering Wheel Update Graph:  Steering Wheel Update Node:  Set Steering Angle
[2023.05.12-12.52.43:540][332]LogScript: Warning: Accessed None trying to read property CallFunc_Array_Get_Item_1
	Zhian_BP_C /Game/StarterContent/Maps/UEDPIE_0_Minimal_Default.Minimal_Default:PersistentLevel.Zhian_BP_C_0
	Function /Game/TheTroubleMakers/Cars/Zhian/Zhian_BP.Zhian_BP_C:Steering Wheel Update:00EA
[2023.05.12-12.52.43:540][332]PIE: Error: Blueprint Runtime Error: "Accessed None trying to read property CallFunc_Array_Get_Item_1". Blueprint:  Zhian_BP Function:  Steering Wheel Update Graph:  Steering Wheel Update Node:  Set Steering Angle
[2023.05.12-12.52.43:550][333]LogScript: Warning: Script Msg: Attempted to access index 0 from array 'Wheels' of length 0 in '/Script/PhysXVehicles.WheeledVehicleMovementComponent'!
[2023.05.12-12.52.43:550][333]LogScript: Warning: Script Msg: Attempted to access index 1 from array 'Wheels' of length 0 in '/Script/PhysXVehicles.WheeledVehicleMovementComponent'!
[2023.05.12-12.52.43:550][333]LogScript: Warning: Accessed None trying to read property CallFunc_Array_Get_Item
	Zhian_BP_C /Game/StarterContent/Maps/UEDPIE_0_Minimal_Default.Minimal_Default:PersistentLevel.Zhian_BP_C_0
	Function /Game/TheTroubleMakers/Cars/Zhian/Zhian_BP.Zhian_BP_C:Steering Wheel Update:00B8
[2023.05.12-12.52.43:550][333]PIE: Error: Blueprint Runtime Error: "Accessed None trying to read property CallFunc_Array_Get_Item". Blueprint:  Zhian_BP Function:  Steering Wheel Update Graph:  Steering Wheel Update Node:  Set Steering Angle
[2023.05.12-12.52.43:550][333]LogScript: Warning: Accessed None trying to read property CallFunc_Array_Get_Item_1
	Zhian_BP_C /Game/StarterContent/Maps/UEDPIE_0_Minimal_Default.Minimal_Default:PersistentLevel.Zhian_BP_C_0
	Function /Game/TheTroubleMakers/Cars/Zhian/Zhian_BP.Zhian_BP_C:Steering Wheel Update:00EA
[2023.05.12-12.52.43:550][333]PIE: Error: Blueprint Runtime Error: "Accessed None trying to read property CallFunc_Array_Get_Item_1". Blueprint:  Zhian_BP Function:  Steering Wheel Update Graph:  Steering Wheel Update Node:  Set Steering Angle
[2023.05.12-12.52.43:560][334]LogScript: Warning: Script Msg: Attempted to access index 0 from array 'Wheels' of length 0 in '/Script/PhysXVehicles.WheeledVehicleMovementComponent'!
[2023.05.12-12.52.43:560][334]LogScript: Warning: Script Msg: Attempted to access index 1 from array 'Wheels' of length 0 in '/Script/PhysXVehicles.WheeledVehicleMovementComponent'!
[2023.05.12-12.52.43:560][334]PIE: Error: Blueprint Runtime Error: "Accessed None trying to read property CallFunc_Array_Get_Item". Blueprint:  Zhian_BP Function:  Steering Wheel Update Graph:  Steering Wheel Update Node:  Set Steering Angle
[2023.05.12-12.52.43:560][334]PIE: Error: Blueprint Runtime Error: "Accessed None trying to read property CallFunc_Array_Get_Item_1". Blueprint:  Zhian_BP Function:  Steering Wheel Update Graph:  Steering Wheel Update Node:  Set Steering Angle
[2023.05.12-12.52.43:570][335]LogScript: Warning: Script Msg: Attempted to access index 0 from array 'Wheels' of length 0 in '/Script/PhysXVehicles.WheeledVehicleMovementComponent'!
[2023.05.12-12.52.43:570][335]LogScript: Warning: Script Msg: Attempted to access index 1 from array 'Wheels' of length 0 in '/Script/PhysXVehicles.WheeledVehicleMovementComponent'!
[2023.05.12-12.52.43:570][335]PIE: Error: Blueprint Runtime Error: "Accessed None trying to read property CallFunc_Array_Get_Item". Blueprint:  Zhian_BP Function:  Steering Wheel Update Graph:  Steering Wheel Update Node:  Set Steering Angle
[2023.05.12-12.52.43:570][335]PIE: Error: Blueprint Runtime Error: "Accessed None trying to read property CallFunc_Array_Get_Item_1". Blueprint:  Zhian_BP Function:  Steering Wheel Update Graph:  Steering Wheel Update Node:  Set Steering Angle
[2023.05.12-12.52.43:580][336]LogScript: Warning: Script Msg: Attempted to access index 0 from array 'Wheels' of length 0 in '/Script/PhysXVehicles.WheeledVehicleMovementComponent'!
[2023.05.12-12.52.43:580][336]LogScript: Warning: Script Msg: Attempted to access index 1 from array 'Wheels' of length 0 in '/Script/PhysXVehicles.WheeledVehicleMovementComponent'!
[2023.05.12-12.52.43:580][336]PIE: Error: Blueprint Runtime Error: "Accessed None trying to read property CallFunc_Array_Get_Item". Blueprint:  Zhian_BP Function:  Steering Wheel Update Graph:  Steering Wheel Update Node:  Set Steering Angle
[2023.05.12-12.52.43:580][336]PIE: Error: Blueprint Runtime Error: "Accessed None trying to read property CallFunc_Array_Get_Item_1". Blueprint:  Zhian_BP Function:  Steering Wheel Update Graph:  Steering Wheel Update Node:  Set Steering Angle
[2023.05.12-12.52.43:592][337]LogScript: Warning: Script Msg: Attempted to access index 0 from array 'Wheels' of length 0 in '/Script/PhysXVehicles.WheeledVehicleMovementComponent'!
[2023.05.12-12.52.43:592][337]LogScript: Warning: Script Msg: Attempted to access index 1 from array 'Wheels' of length 0 in '/Script/PhysXVehicles.WheeledVehicleMovementComponent'!
[2023.05.12-12.52.43:592][337]PIE: Error: Blueprint Runtime Error: "Accessed None trying to read property CallFunc_Array_Get_Item". Blueprint:  Zhian_BP Function:  Steering Wheel Update Graph:  Steering Wheel Update Node:  Set Steering Angle
[2023.05.12-12.52.43:592][337]PIE: Error: Blueprint Runtime Error: "Accessed None trying to read property CallFunc_Array_Get_Item_1". Blueprint:  Zhian_BP Function:  Steering Wheel Update Graph:  Steering Wheel Update Node:  Set Steering Angle
[2023.05.12-12.52.43:606][338]LogScript: Warning: Script Msg: Attempted to access index 0 from array 'Wheels' of length 0 in '/Script/PhysXVehicles.WheeledVehicleMovementComponent'!
[2023.05.12-12.52.43:606][338]LogScript: Warning: Script Msg: Attempted to access index 1 from array 'Wheels' of length 0 in '/Script/PhysXVehicles.WheeledVehicleMovementComponent'!
[2023.05.12-12.52.43:606][338]PIE: Error: Blueprint Runtime Error: "Accessed None trying to read property CallFunc_Array_Get_Item". Blueprint:  Zhian_BP Function:  Steering Wheel Update Graph:  Steering Wheel Update Node:  Set Steering Angle
[2023.05.12-12.52.43:606][338]PIE: Error: Blueprint Runtime Error: "Accessed None trying to read property CallFunc_Array_Get_Item_1". Blueprint:  Zhian_BP Function:  Steering Wheel Update Graph:  Steering Wheel Update Node:  Set Steering Angle
[2023.05.12-12.52.43:621][339]LogScript: Warning: Script Msg: Attempted to access index 0 from array 'Wheels' of length 0 in '/Script/PhysXVehicles.WheeledVehicleMovementComponent'!
[2023.05.12-12.52.43:621][339]LogScript: Warning: Script Msg: Attempted to access index 1 from array 'Wheels' of length 0 in '/Script/PhysXVehicles.WheeledVehicleMovementComponent'!
[2023.05.12-12.52.43:621][339]PIE: Error: Blueprint Runtime Error: "Accessed None trying to read property CallFunc_Array_Get_Item". Blueprint:  Zhian_BP Function:  Steering Wheel Update Graph:  Steering Wheel Update Node:  Set Steering Angle
[2023.05.12-12.52.43:622][339]PIE: Error: Blueprint Runtime Error: "Accessed None trying to read property CallFunc_Array_Get_Item_1". Blueprint:  Zhian_BP Function:  Steering Wheel Update Graph:  Steering Wheel Update Node:  Set Steering Angle
[2023.05.12-12.52.43:637][340]LogScript: Warning: Script Msg: Attempted to access index 0 from array 'Wheels' of length 0 in '/Script/PhysXVehicles.WheeledVehicleMovementComponent'!
[2023.05.12-12.52.43:637][340]LogScript: Warning: Script Msg: Attempted to access index 1 from array 'Wheels' of length 0 in '/Script/PhysXVehicles.WheeledVehicleMovementComponent'!
[2023.05.12-12.52.43:637][340]PIE: Error: Blueprint Runtime Error: "Accessed None trying to read property CallFunc_Array_Get_Item". Blueprint:  Zhian_BP Function:  Steering Wheel Update Graph:  Steering Wheel Update Node:  Set Steering Angle
[2023.05.12-12.52.43:637][340]PIE: Error: Blueprint Runtime Error: "Accessed None trying to read property CallFunc_Array_Get_Item_1". Blueprint:  Zhian_BP Function:  Steering Wheel Update Graph:  Steering Wheel Update Node:  Set Steering Angle
[2023.05.12-12.52.43:652][341]LogScript: Warning: Script Msg: Attempted to access index 0 from array 'Wheels' of length 0 in '/Script/PhysXVehicles.WheeledVehicleMovementComponent'!
[2023.05.12-12.52.43:652][341]LogScript: Warning: Script Msg: Attempted to access index 1 from array 'Wheels' of length 0 in '/Script/PhysXVehicles.WheeledVehicleMovementComponent'!
[2023.05.12-12.52.43:652][341]PIE: Error: Blueprint Runtime Error: "Accessed None trying to read property CallFunc_Array_Get_Item". Blueprint:  Zhian_BP Function:  Steering Wheel Update Graph:  Steering Wheel Update Node:  Set Steering Angle
[2023.05.12-12.52.43:653][341]PIE: Error: Blueprint Runtime Error: "Accessed None trying to read property CallFunc_Array_Get_Item_1". Blueprint:  Zhian_BP Function:  Steering Wheel Update Graph:  Steering Wheel Update Node:  Set Steering Angle
[2023.05.12-12.52.43:670][342]LogScript: Warning: Script Msg: Attempted to access index 0 from array 'Wheels' of length 0 in '/Script/PhysXVehicles.WheeledVehicleMovementComponent'!
[2023.05.12-12.52.43:670][342]LogScript: Warning: Script Msg: Attempted to access index 1 from array 'Wheels' of length 0 in '/Script/PhysXVehicles.WheeledVehicleMovementComponent'!
[2023.05.12-12.52.43:670][342]PIE: Error: Blueprint Runtime Error: "Accessed None trying to read property CallFunc_Array_Get_Item". Blueprint:  Zhian_BP Function:  Steering Wheel Update Graph:  Steering Wheel Update Node:  Set Steering Angle
[2023.05.12-12.52.43:670][342]PIE: Error: Blueprint Runtime Error: "Accessed None trying to read property CallFunc_Array_Get_Item_1". Blueprint:  Zhian_BP Function:  Steering Wheel Update Graph:  Steering Wheel Update Node:  Set Steering Angle
[2023.05.12-12.52.43:685][343]LogScript: Warning: Script Msg: Attempted to access index 0 from array 'Wheels' of length 0 in '/Script/PhysXVehicles.WheeledVehicleMovementComponent'!
[2023.05.12-12.52.43:685][343]LogScript: Warning: Script Msg: Attempted to access index 1 from array 'Wheels' of length 0 in '/Script/PhysXVehicles.WheeledVehicleMovementComponent'!
[2023.05.12-12.52.43:685][343]PIE: Error: Blueprint Runtime Error: "Accessed None trying to read property CallFunc_Array_Get_Item". Blueprint:  Zhian_BP Function:  Steering Wheel Update Graph:  Steering Wheel Update Node:  Set Steering Angle
[2023.05.12-12.52.43:685][343]PIE: Error: Blueprint Runtime Error: "Accessed None trying to read property CallFunc_Array_Get_Item_1". Blueprint:  Zhian_BP Function:  Steering Wheel Update Graph:  Steering Wheel Update Node:  Set Steering Angle
[2023.05.12-12.52.43:704][344]LogScript: Warning: Script Msg: Attempted to access index 0 from array 'Wheels' of length 0 in '/Script/PhysXVehicles.WheeledVehicleMovementComponent'!
[2023.05.12-12.52.43:704][344]LogScript: Warning: Script Msg: Attempted to access index 1 from array 'Wheels' of length 0 in '/Script/PhysXVehicles.WheeledVehicleMovementComponent'!
[2023.05.12-12.52.43:704][344]PIE: Error: Blueprint Runtime Error: "Accessed None trying to read property CallFunc_Array_Get_Item". Blueprint:  Zhian_BP Function:  Steering Wheel Update Graph:  Steering Wheel Update Node:  Set Steering Angle
[2023.05.12-12.52.43:704][344]PIE: Error: Blueprint Runtime Error: "Accessed None trying to read property CallFunc_Array_Get_Item_1". Blueprint:  Zhian_BP Function:  Steering Wheel Update Graph:  Steering Wheel Update Node:  Set Steering Angle
[2023.05.12-12.52.43:718][345]LogScript: Warning: Script Msg: Attempted to access index 0 from array 'Wheels' of length 0 in '/Script/PhysXVehicles.WheeledVehicleMovementComponent'!
[2023.05.12-12.52.43:718][345]LogScript: Warning: Script Msg: Attempted to access index 1 from array 'Wheels' of length 0 in '/Script/PhysXVehicles.WheeledVehicleMovementComponent'!
[2023.05.12-12.52.43:718][345]PIE: Error: Blueprint Runtime Error: "Accessed None trying to read property CallFunc_Array_Get_Item". Blueprint:  Zhian_BP Function:  Steering Wheel Update Graph:  Steering Wheel Update Node:  Set Steering Angle
[2023.05.12-12.52.43:718][345]PIE: Error: Blueprint Runtime Error: "Accessed None trying to read property CallFunc_Array_Get_Item_1". Blueprint:  Zhian_BP Function:  Steering Wheel Update Graph:  Steering Wheel Update Node:  Set Steering Angle
[2023.05.12-12.52.43:734][346]LogScript: Warning: Script Msg: Attempted to access index 0 from array 'Wheels' of length 0 in '/Script/PhysXVehicles.WheeledVehicleMovementComponent'!
[2023.05.12-12.52.43:734][346]LogScript: Warning: Script Msg: Attempted to access index 1 from array 'Wheels' of length 0 in '/Script/PhysXVehicles.WheeledVehicleMovementComponent'!
[2023.05.12-12.52.43:734][346]PIE: Error: Blueprint Runtime Error: "Accessed None trying to read property CallFunc_Array_Get_Item". Blueprint:  Zhian_BP Function:  Steering Wheel Update Graph:  Steering Wheel Update Node:  Set Steering Angle
[2023.05.12-12.52.43:734][346]PIE: Error: Blueprint Runtime Error: "Accessed None trying to read property CallFunc_Array_Get_Item_1". Blueprint:  Zhian_BP Function:  Steering Wheel Update Graph:  Steering Wheel Update Node:  Set Steering Angle
[2023.05.12-12.52.43:751][347]LogScript: Warning: Script Msg: Attempted to access index 0 from array 'Wheels' of length 0 in '/Script/PhysXVehicles.WheeledVehicleMovementComponent'!
[2023.05.12-12.52.43:751][347]LogScript: Warning: Script Msg: Attempted to access index 1 from array 'Wheels' of length 0 in '/Script/PhysXVehicles.WheeledVehicleMovementComponent'!
[2023.05.12-12.52.43:751][347]PIE: Error: Blueprint Runtime Error: "Accessed None trying to read property CallFunc_Array_Get_Item". Blueprint:  Zhian_BP Function:  Steering Wheel Update Graph:  Steering Wheel Update Node:  Set Steering Angle
[2023.05.12-12.52.43:751][347]PIE: Error: Blueprint Runtime Error: "Accessed None trying to read property CallFunc_Array_Get_Item_1". Blueprint:  Zhian_BP Function:  Steering Wheel Update Graph:  Steering Wheel Update Node:  Set Steering Angle
[2023.05.12-12.52.43:771][348]LogScript: Warning: Script Msg: Attempted to access index 0 from array 'Wheels' of length 0 in '/Script/PhysXVehicles.WheeledVehicleMovementComponent'!
[2023.05.12-12.52.43:771][348]LogScript: Warning: Script Msg: Attempted to access index 1 from array 'Wheels' of length 0 in '/Script/PhysXVehicles.WheeledVehicleMovementComponent'!
[2023.05.12-12.52.43:771][348]PIE: Error: Blueprint Runtime Error: "Accessed None trying to read property CallFunc_Array_Get_Item". Blueprint:  Zhian_BP Function:  Steering Wheel Update Graph:  Steering Wheel Update Node:  Set Steering Angle
[2023.05.12-12.52.43:771][348]PIE: Error: Blueprint Runtime Error: "Accessed None trying to read property CallFunc_Array_Get_Item_1". Blueprint:  Zhian_BP Function:  Steering Wheel Update Graph:  Steering Wheel Update Node:  Set Steering Angle
[2023.05.12-12.52.43:791][349]LogScript: Warning: Script Msg: Attempted to access index 0 from array 'Wheels' of length 0 in '/Script/PhysXVehicles.WheeledVehicleMovementComponent'!
[2023.05.12-12.52.43:791][349]LogScript: Warning: Script Msg: Attempted to access index 1 from array 'Wheels' of length 0 in '/Script/PhysXVehicles.WheeledVehicleMovementComponent'!
[2023.05.12-12.52.43:791][349]PIE: Error: Blueprint Runtime Error: "Accessed None trying to read property CallFunc_Array_Get_Item". Blueprint:  Zhian_BP Function:  Steering Wheel Update Graph:  Steering Wheel Update Node:  Set Steering Angle
[2023.05.12-12.52.43:791][349]PIE: Error: Blueprint Runtime Error: "Accessed None trying to read property CallFunc_Array_Get_Item_1". Blueprint:  Zhian_BP Function:  Steering Wheel Update Graph:  Steering Wheel Update Node:  Set Steering Angle
[2023.05.12-12.52.43:811][350]LogScript: Warning: Script Msg: Attempted to access index 0 from array 'Wheels' of length 0 in '/Script/PhysXVehicles.WheeledVehicleMovementComponent'!
[2023.05.12-12.52.43:811][350]LogScript: Warning: Script Msg: Attempted to access index 1 from array 'Wheels' of length 0 in '/Script/PhysXVehicles.WheeledVehicleMovementComponent'!
[2023.05.12-12.52.43:811][350]PIE: Error: Blueprint Runtime Error: "Accessed None trying to read property CallFunc_Array_Get_Item". Blueprint:  Zhian_BP Function:  Steering Wheel Update Graph:  Steering Wheel Update Node:  Set Steering Angle
[2023.05.12-12.52.43:811][350]PIE: Error: Blueprint Runtime Error: "Accessed None trying to read property CallFunc_Array_Get_Item_1". Blueprint:  Zhian_BP Function:  Steering Wheel Update Graph:  Steering Wheel Update Node:  Set Steering Angle
[2023.05.12-12.52.43:832][351]LogScript: Warning: Script Msg: Attempted to access index 0 from array 'Wheels' of length 0 in '/Script/PhysXVehicles.WheeledVehicleMovementComponent'!
[2023.05.12-12.52.43:832][351]LogScript: Warning: Script Msg: Attempted to access index 1 from array 'Wheels' of length 0 in '/Script/PhysXVehicles.WheeledVehicleMovementComponent'!
[2023.05.12-12.52.43:832][351]PIE: Error: Blueprint Runtime Error: "Accessed None trying to read property CallFunc_Array_Get_Item". Blueprint:  Zhian_BP Function:  Steering Wheel Update Graph:  Steering Wheel Update Node:  Set Steering Angle
[2023.05.12-12.52.43:832][351]PIE: Error: Blueprint Runtime Error: "Accessed None trying to read property CallFunc_Array_Get_Item_1". Blueprint:  Zhian_BP Function:  Steering Wheel Update Graph:  Steering Wheel Update Node:  Set Steering Angle
[2023.05.12-12.52.43:849][352]LogScript: Warning: Script Msg: Attempted to access index 0 from array 'Wheels' of length 0 in '/Script/PhysXVehicles.WheeledVehicleMovementComponent'!
[2023.05.12-12.52.43:849][352]LogScript: Warning: Script Msg: Attempted to access index 1 from array 'Wheels' of length 0 in '/Script/PhysXVehicles.WheeledVehicleMovementComponent'!
[2023.05.12-12.52.43:849][352]PIE: Error: Blueprint Runtime Error: "Accessed None trying to read property CallFunc_Array_Get_Item". Blueprint:  Zhian_BP Function:  Steering Wheel Update Graph:  Steering Wheel Update Node:  Set Steering Angle
[2023.05.12-12.52.43:849][352]PIE: Error: Blueprint Runtime Error: "Accessed None trying to read property CallFunc_Array_Get_Item_1". Blueprint:  Zhian_BP Function:  Steering Wheel Update Graph:  Steering Wheel Update Node:  Set Steering Angle
[2023.05.12-12.52.43:862][353]LogScript: Warning: Script Msg: Attempted to access index 0 from array 'Wheels' of length 0 in '/Script/PhysXVehicles.WheeledVehicleMovementComponent'!
[2023.05.12-12.52.43:862][353]LogScript: Warning: Script Msg: Attempted to access index 1 from array 'Wheels' of length 0 in '/Script/PhysXVehicles.WheeledVehicleMovementComponent'!
[2023.05.12-12.52.43:862][353]PIE: Error: Blueprint Runtime Error: "Accessed None trying to read property CallFunc_Array_Get_Item". Blueprint:  Zhian_BP Function:  Steering Wheel Update Graph:  Steering Wheel Update Node:  Set Steering Angle
[2023.05.12-12.52.43:862][353]PIE: Error: Blueprint Runtime Error: "Accessed None trying to read property CallFunc_Array_Get_Item_1". Blueprint:  Zhian_BP Function:  Steering Wheel Update Graph:  Steering Wheel Update Node:  Set Steering Angle
[2023.05.12-12.52.43:872][354]LogScript: Warning: Script Msg: Attempted to access index 0 from array 'Wheels' of length 0 in '/Script/PhysXVehicles.WheeledVehicleMovementComponent'!
[2023.05.12-12.52.43:872][354]LogScript: Warning: Script Msg: Attempted to access index 1 from array 'Wheels' of length 0 in '/Script/PhysXVehicles.WheeledVehicleMovementComponent'!
[2023.05.12-12.52.43:872][354]PIE: Error: Blueprint Runtime Error: "Accessed None trying to read property CallFunc_Array_Get_Item". Blueprint:  Zhian_BP Function:  Steering Wheel Update Graph:  Steering Wheel Update Node:  Set Steering Angle
[2023.05.12-12.52.43:874][354]PIE: Error: Blueprint Runtime Error: "Accessed None trying to read property CallFunc_Array_Get_Item_1". Blueprint:  Zhian_BP Function:  Steering Wheel Update Graph:  Steering Wheel Update Node:  Set Steering Angle
[2023.05.12-12.52.43:886][355]LogScript: Warning: Script Msg: Attempted to access index 0 from array 'Wheels' of length 0 in '/Script/PhysXVehicles.WheeledVehicleMovementComponent'!
[2023.05.12-12.52.43:886][355]LogScript: Warning: Script Msg: Attempted to access index 1 from array 'Wheels' of length 0 in '/Script/PhysXVehicles.WheeledVehicleMovementComponent'!
[2023.05.12-12.52.43:886][355]PIE: Error: Blueprint Runtime Error: "Accessed None trying to read property CallFunc_Array_Get_Item". Blueprint:  Zhian_BP Function:  Steering Wheel Update Graph:  Steering Wheel Update Node:  Set Steering Angle
[2023.05.12-12.52.43:886][355]PIE: Error: Blueprint Runtime Error: "Accessed None trying to read property CallFunc_Array_Get_Item_1". Blueprint:  Zhian_BP Function:  Steering Wheel Update Graph:  Steering Wheel Update Node:  Set Steering Angle
[2023.05.12-12.52.43:900][356]LogScript: Warning: Script Msg: Attempted to access index 0 from array 'Wheels' of length 0 in '/Script/PhysXVehicles.WheeledVehicleMovementComponent'!
[2023.05.12-12.52.43:900][356]LogScript: Warning: Script Msg: Attempted to access index 1 from array 'Wheels' of length 0 in '/Script/PhysXVehicles.WheeledVehicleMovementComponent'!
[2023.05.12-12.52.43:901][356]PIE: Error: Blueprint Runtime Error: "Accessed None trying to read property CallFunc_Array_Get_Item". Blueprint:  Zhian_BP Function:  Steering Wheel Update Graph:  Steering Wheel Update Node:  Set Steering Angle
[2023.05.12-12.52.43:901][356]PIE: Error: Blueprint Runtime Error: "Accessed None trying to read property CallFunc_Array_Get_Item_1". Blueprint:  Zhian_BP Function:  Steering Wheel Update Graph:  Steering Wheel Update Node:  Set Steering Angle
[2023.05.12-12.52.43:918][357]LogScript: Warning: Script Msg: Attempted to access index 0 from array 'Wheels' of length 0 in '/Script/PhysXVehicles.WheeledVehicleMovementComponent'!
[2023.05.12-12.52.43:918][357]LogScript: Warning: Script Msg: Attempted to access index 1 from array 'Wheels' of length 0 in '/Script/PhysXVehicles.WheeledVehicleMovementComponent'!
[2023.05.12-12.52.43:918][357]PIE: Error: Blueprint Runtime Error: "Accessed None trying to read property CallFunc_Array_Get_Item". Blueprint:  Zhian_BP Function:  Steering Wheel Update Graph:  Steering Wheel Update Node:  Set Steering Angle
[2023.05.12-12.52.43:918][357]PIE: Error: Blueprint Runtime Error: "Accessed None trying to read property CallFunc_Array_Get_Item_1". Blueprint:  Zhian_BP Function:  Steering Wheel Update Graph:  Steering Wheel Update Node:  Set Steering Angle
[2023.05.12-12.52.43:932][358]LogScript: Warning: Script Msg: Attempted to access index 0 from array 'Wheels' of length 0 in '/Script/PhysXVehicles.WheeledVehicleMovementComponent'!
[2023.05.12-12.52.43:932][358]LogScript: Warning: Script Msg: Attempted to access index 1 from array 'Wheels' of length 0 in '/Script/PhysXVehicles.WheeledVehicleMovementComponent'!
[2023.05.12-12.52.43:932][358]PIE: Error: Blueprint Runtime Error: "Accessed None trying to read property CallFunc_Array_Get_Item". Blueprint:  Zhian_BP Function:  Steering Wheel Update Graph:  Steering Wheel Update Node:  Set Steering Angle
[2023.05.12-12.52.43:932][358]PIE: Error: Blueprint Runtime Error: "Accessed None trying to read property CallFunc_Array_Get_Item_1". Blueprint:  Zhian_BP Function:  Steering Wheel Update Graph:  Steering Wheel Update Node:  Set Steering Angle
[2023.05.12-12.52.43:949][359]LogScript: Warning: Script Msg: Attempted to access index 0 from array 'Wheels' of length 0 in '/Script/PhysXVehicles.WheeledVehicleMovementComponent'!
[2023.05.12-12.52.43:949][359]LogScript: Warning: Script Msg: Attempted to access index 1 from array 'Wheels' of length 0 in '/Script/PhysXVehicles.WheeledVehicleMovementComponent'!
[2023.05.12-12.52.43:949][359]PIE: Error: Blueprint Runtime Error: "Accessed None trying to read property CallFunc_Array_Get_Item". Blueprint:  Zhian_BP Function:  Steering Wheel Update Graph:  Steering Wheel Update Node:  Set Steering Angle
[2023.05.12-12.52.43:949][359]PIE: Error: Blueprint Runtime Error: "Accessed None trying to read property CallFunc_Array_Get_Item_1". Blueprint:  Zhian_BP Function:  Steering Wheel Update Graph:  Steering Wheel Update Node:  Set Steering Angle
[2023.05.12-12.52.43:965][360]LogScript: Warning: Script Msg: Attempted to access index 0 from array 'Wheels' of length 0 in '/Script/PhysXVehicles.WheeledVehicleMovementComponent'!
[2023.05.12-12.52.43:965][360]LogScript: Warning: Script Msg: Attempted to access index 1 from array 'Wheels' of length 0 in '/Script/PhysXVehicles.WheeledVehicleMovementComponent'!
[2023.05.12-12.52.43:965][360]PIE: Error: Blueprint Runtime Error: "Accessed None trying to read property CallFunc_Array_Get_Item". Blueprint:  Zhian_BP Function:  Steering Wheel Update Graph:  Steering Wheel Update Node:  Set Steering Angle
[2023.05.12-12.52.43:965][360]PIE: Error: Blueprint Runtime Error: "Accessed None trying to read property CallFunc_Array_Get_Item_1". Blueprint:  Zhian_BP Function:  Steering Wheel Update Graph:  Steering Wheel Update Node:  Set Steering Angle
[2023.05.12-12.52.43:981][361]LogScript: Warning: Script Msg: Attempted to access index 0 from array 'Wheels' of length 0 in '/Script/PhysXVehicles.WheeledVehicleMovementComponent'!
[2023.05.12-12.52.43:981][361]LogScript: Warning: Script Msg: Attempted to access index 1 from array 'Wheels' of length 0 in '/Script/PhysXVehicles.WheeledVehicleMovementComponent'!
[2023.05.12-12.52.43:981][361]PIE: Error: Blueprint Runtime Error: "Accessed None trying to read property CallFunc_Array_Get_Item". Blueprint:  Zhian_BP Function:  Steering Wheel Update Graph:  Steering Wheel Update Node:  Set Steering Angle
[2023.05.12-12.52.43:981][361]PIE: Error: Blueprint Runtime Error: "Accessed None trying to read property CallFunc_Array_Get_Item_1". Blueprint:  Zhian_BP Function:  Steering Wheel Update Graph:  Steering Wheel Update Node:  Set Steering Angle
[2023.05.12-12.52.43:997][362]LogScript: Warning: Script Msg: Attempted to access index 0 from array 'Wheels' of length 0 in '/Script/PhysXVehicles.WheeledVehicleMovementComponent'!
[2023.05.12-12.52.43:997][362]LogScript: Warning: Script Msg: Attempted to access index 1 from array 'Wheels' of length 0 in '/Script/PhysXVehicles.WheeledVehicleMovementComponent'!
[2023.05.12-12.52.43:997][362]PIE: Error: Blueprint Runtime Error: "Accessed None trying to read property CallFunc_Array_Get_Item". Blueprint:  Zhian_BP Function:  Steering Wheel Update Graph:  Steering Wheel Update Node:  Set Steering Angle
[2023.05.12-12.52.43:997][362]PIE: Error: Blueprint Runtime Error: "Accessed None trying to read property CallFunc_Array_Get_Item_1". Blueprint:  Zhian_BP Function:  Steering Wheel Update Graph:  Steering Wheel Update Node:  Set Steering Angle
[2023.05.12-12.52.44:013][363]LogScript: Warning: Script Msg: Attempted to access index 0 from array 'Wheels' of length 0 in '/Script/PhysXVehicles.WheeledVehicleMovementComponent'!
[2023.05.12-12.52.44:013][363]LogScript: Warning: Script Msg: Attempted to access index 1 from array 'Wheels' of length 0 in '/Script/PhysXVehicles.WheeledVehicleMovementComponent'!
[2023.05.12-12.52.44:013][363]PIE: Error: Blueprint Runtime Error: "Accessed None trying to read property CallFunc_Array_Get_Item". Blueprint:  Zhian_BP Function:  Steering Wheel Update Graph:  Steering Wheel Update Node:  Set Steering Angle
[2023.05.12-12.52.44:013][363]PIE: Error: Blueprint Runtime Error: "Accessed None trying to read property CallFunc_Array_Get_Item_1". Blueprint:  Zhian_BP Function:  Steering Wheel Update Graph:  Steering Wheel Update Node:  Set Steering Angle
[2023.05.12-12.52.44:029][364]LogScript: Warning: Script Msg: Attempted to access index 0 from array 'Wheels' of length 0 in '/Script/PhysXVehicles.WheeledVehicleMovementComponent'!
[2023.05.12-12.52.44:030][364]LogScript: Warning: Script Msg: Attempted to access index 1 from array 'Wheels' of length 0 in '/Script/PhysXVehicles.WheeledVehicleMovementComponent'!
[2023.05.12-12.52.44:030][364]PIE: Error: Blueprint Runtime Error: "Accessed None trying to read property CallFunc_Array_Get_Item". Blueprint:  Zhian_BP Function:  Steering Wheel Update Graph:  Steering Wheel Update Node:  Set Steering Angle
[2023.05.12-12.52.44:030][364]PIE: Error: Blueprint Runtime Error: "Accessed None trying to read property CallFunc_Array_Get_Item_1". Blueprint:  Zhian_BP Function:  Steering Wheel Update Graph:  Steering Wheel Update Node:  Set Steering Angle
[2023.05.12-12.52.44:048][365]LogScript: Warning: Script Msg: Attempted to access index 0 from array 'Wheels' of length 0 in '/Script/PhysXVehicles.WheeledVehicleMovementComponent'!
[2023.05.12-12.52.44:048][365]LogScript: Warning: Script Msg: Attempted to access index 1 from array 'Wheels' of length 0 in '/Script/PhysXVehicles.WheeledVehicleMovementComponent'!
[2023.05.12-12.52.44:049][365]PIE: Error: Blueprint Runtime Error: "Accessed None trying to read property CallFunc_Array_Get_Item". Blueprint:  Zhian_BP Function:  Steering Wheel Update Graph:  Steering Wheel Update Node:  Set Steering Angle
[2023.05.12-12.52.44:049][365]PIE: Error: Blueprint Runtime Error: "Accessed None trying to read property CallFunc_Array_Get_Item_1". Blueprint:  Zhian_BP Function:  Steering Wheel Update Graph:  Steering Wheel Update Node:  Set Steering Angle
[2023.05.12-12.52.44:065][366]LogScript: Warning: Script Msg: Attempted to access index 0 from array 'Wheels' of length 0 in '/Script/PhysXVehicles.WheeledVehicleMovementComponent'!
[2023.05.12-12.52.44:065][366]LogScript: Warning: Script Msg: Attempted to access index 1 from array 'Wheels' of length 0 in '/Script/PhysXVehicles.WheeledVehicleMovementComponent'!
[2023.05.12-12.52.44:065][366]PIE: Error: Blueprint Runtime Error: "Accessed None trying to read property CallFunc_Array_Get_Item". Blueprint:  Zhian_BP Function:  Steering Wheel Update Graph:  Steering Wheel Update Node:  Set Steering Angle
[2023.05.12-12.52.44:065][366]PIE: Error: Blueprint Runtime Error: "Accessed None trying to read property CallFunc_Array_Get_Item_1". Blueprint:  Zhian_BP Function:  Steering Wheel Update Graph:  Steering Wheel Update Node:  Set Steering Angle
[2023.05.12-12.52.44:080][367]LogScript: Warning: Script Msg: Attempted to access index 0 from array 'Wheels' of length 0 in '/Script/PhysXVehicles.WheeledVehicleMovementComponent'!
[2023.05.12-12.52.44:080][367]LogScript: Warning: Script Msg: Attempted to access index 1 from array 'Wheels' of length 0 in '/Script/PhysXVehicles.WheeledVehicleMovementComponent'!
[2023.05.12-12.52.44:080][367]PIE: Error: Blueprint Runtime Error: "Accessed None trying to read property CallFunc_Array_Get_Item". Blueprint:  Zhian_BP Function:  Steering Wheel Update Graph:  Steering Wheel Update Node:  Set Steering Angle
[2023.05.12-12.52.44:080][367]PIE: Error: Blueprint Runtime Error: "Accessed None trying to read property CallFunc_Array_Get_Item_1". Blueprint:  Zhian_BP Function:  Steering Wheel Update Graph:  Steering Wheel Update Node:  Set Steering Angle
[2023.05.12-12.52.44:098][368]LogScript: Warning: Script Msg: Attempted to access index 0 from array 'Wheels' of length 0 in '/Script/PhysXVehicles.WheeledVehicleMovementComponent'!
[2023.05.12-12.52.44:098][368]LogScript: Warning: Script Msg: Attempted to access index 1 from array 'Wheels' of length 0 in '/Script/PhysXVehicles.WheeledVehicleMovementComponent'!
[2023.05.12-12.52.44:098][368]PIE: Error: Blueprint Runtime Error: "Accessed None trying to read property CallFunc_Array_Get_Item". Blueprint:  Zhian_BP Function:  Steering Wheel Update Graph:  Steering Wheel Update Node:  Set Steering Angle
[2023.05.12-12.52.44:098][368]PIE: Error: Blueprint Runtime Error: "Accessed None trying to read property CallFunc_Array_Get_Item_1". Blueprint:  Zhian_BP Function:  Steering Wheel Update Graph:  Steering Wheel Update Node:  Set Steering Angle
[2023.05.12-12.52.44:115][369]LogScript: Warning: Script Msg: Attempted to access index 0 from array 'Wheels' of length 0 in '/Script/PhysXVehicles.WheeledVehicleMovementComponent'!
[2023.05.12-12.52.44:115][369]LogScript: Warning: Script Msg: Attempted to access index 1 from array 'Wheels' of length 0 in '/Script/PhysXVehicles.WheeledVehicleMovementComponent'!
[2023.05.12-12.52.44:115][369]PIE: Error: Blueprint Runtime Error: "Accessed None trying to read property CallFunc_Array_Get_Item". Blueprint:  Zhian_BP Function:  Steering Wheel Update Graph:  Steering Wheel Update Node:  Set Steering Angle
[2023.05.12-12.52.44:115][369]PIE: Error: Blueprint Runtime Error: "Accessed None trying to read property CallFunc_Array_Get_Item_1". Blueprint:  Zhian_BP Function:  Steering Wheel Update Graph:  Steering Wheel Update Node:  Set Steering Angle
[2023.05.12-12.52.44:134][370]LogScript: Warning: Script Msg: Attempted to access index 0 from array 'Wheels' of length 0 in '/Script/PhysXVehicles.WheeledVehicleMovementComponent'!
[2023.05.12-12.52.44:134][370]LogScript: Warning: Script Msg: Attempted to access index 1 from array 'Wheels' of length 0 in '/Script/PhysXVehicles.WheeledVehicleMovementComponent'!
[2023.05.12-12.52.44:134][370]PIE: Error: Blueprint Runtime Error: "Accessed None trying to read property CallFunc_Array_Get_Item". Blueprint:  Zhian_BP Function:  Steering Wheel Update Graph:  Steering Wheel Update Node:  Set Steering Angle
[2023.05.12-12.52.44:134][370]PIE: Error: Blueprint Runtime Error: "Accessed None trying to read property CallFunc_Array_Get_Item_1". Blueprint:  Zhian_BP Function:  Steering Wheel Update Graph:  Steering Wheel Update Node:  Set Steering Angle
[2023.05.12-12.52.44:150][371]LogScript: Warning: Script Msg: Attempted to access index 0 from array 'Wheels' of length 0 in '/Script/PhysXVehicles.WheeledVehicleMovementComponent'!
[2023.05.12-12.52.44:150][371]LogScript: Warning: Script Msg: Attempted to access index 1 from array 'Wheels' of length 0 in '/Script/PhysXVehicles.WheeledVehicleMovementComponent'!
[2023.05.12-12.52.44:150][371]PIE: Error: Blueprint Runtime Error: "Accessed None trying to read property CallFunc_Array_Get_Item". Blueprint:  Zhian_BP Function:  Steering Wheel Update Graph:  Steering Wheel Update Node:  Set Steering Angle
[2023.05.12-12.52.44:151][371]PIE: Error: Blueprint Runtime Error: "Accessed None trying to read property CallFunc_Array_Get_Item_1". Blueprint:  Zhian_BP Function:  Steering Wheel Update Graph:  Steering Wheel Update Node:  Set Steering Angle
[2023.05.12-12.52.44:168][372]LogScript: Warning: Script Msg: Attempted to access index 0 from array 'Wheels' of length 0 in '/Script/PhysXVehicles.WheeledVehicleMovementComponent'!
[2023.05.12-12.52.44:168][372]LogScript: Warning: Script Msg: Attempted to access index 1 from array 'Wheels' of length 0 in '/Script/PhysXVehicles.WheeledVehicleMovementComponent'!
[2023.05.12-12.52.44:168][372]PIE: Error: Blueprint Runtime Error: "Accessed None trying to read property CallFunc_Array_Get_Item". Blueprint:  Zhian_BP Function:  Steering Wheel Update Graph:  Steering Wheel Update Node:  Set Steering Angle
[2023.05.12-12.52.44:168][372]PIE: Error: Blueprint Runtime Error: "Accessed None trying to read property CallFunc_Array_Get_Item_1". Blueprint:  Zhian_BP Function:  Steering Wheel Update Graph:  Steering Wheel Update Node:  Set Steering Angle
[2023.05.12-12.52.44:186][373]LogScript: Warning: Script Msg: Attempted to access index 0 from array 'Wheels' of length 0 in '/Script/PhysXVehicles.WheeledVehicleMovementComponent'!
[2023.05.12-12.52.44:186][373]LogScript: Warning: Script Msg: Attempted to access index 1 from array 'Wheels' of length 0 in '/Script/PhysXVehicles.WheeledVehicleMovementComponent'!
[2023.05.12-12.52.44:186][373]PIE: Error: Blueprint Runtime Error: "Accessed None trying to read property CallFunc_Array_Get_Item". Blueprint:  Zhian_BP Function:  Steering Wheel Update Graph:  Steering Wheel Update Node:  Set Steering Angle
[2023.05.12-12.52.44:186][373]PIE: Error: Blueprint Runtime Error: "Accessed None trying to read property CallFunc_Array_Get_Item_1". Blueprint:  Zhian_BP Function:  Steering Wheel Update Graph:  Steering Wheel Update Node:  Set Steering Angle
[2023.05.12-12.52.44:203][374]LogScript: Warning: Script Msg: Attempted to access index 0 from array 'Wheels' of length 0 in '/Script/PhysXVehicles.WheeledVehicleMovementComponent'!
[2023.05.12-12.52.44:203][374]LogScript: Warning: Script Msg: Attempted to access index 1 from array 'Wheels' of length 0 in '/Script/PhysXVehicles.WheeledVehicleMovementComponent'!
[2023.05.12-12.52.44:204][374]PIE: Error: Blueprint Runtime Error: "Accessed None trying to read property CallFunc_Array_Get_Item". Blueprint:  Zhian_BP Function:  Steering Wheel Update Graph:  Steering Wheel Update Node:  Set Steering Angle
[2023.05.12-12.52.44:204][374]PIE: Error: Blueprint Runtime Error: "Accessed None trying to read property CallFunc_Array_Get_Item_1". Blueprint:  Zhian_BP Function:  Steering Wheel Update Graph:  Steering Wheel Update Node:  Set Steering Angle
[2023.05.12-12.52.44:221][375]LogScript: Warning: Script Msg: Attempted to access index 0 from array 'Wheels' of length 0 in '/Script/PhysXVehicles.WheeledVehicleMovementComponent'!
[2023.05.12-12.52.44:221][375]LogScript: Warning: Script Msg: Attempted to access index 1 from array 'Wheels' of length 0 in '/Script/PhysXVehicles.WheeledVehicleMovementComponent'!
[2023.05.12-12.52.44:221][375]PIE: Error: Blueprint Runtime Error: "Accessed None trying to read property CallFunc_Array_Get_Item". Blueprint:  Zhian_BP Function:  Steering Wheel Update Graph:  Steering Wheel Update Node:  Set Steering Angle
[2023.05.12-12.52.44:221][375]PIE: Error: Blueprint Runtime Error: "Accessed None trying to read property CallFunc_Array_Get_Item_1". Blueprint:  Zhian_BP Function:  Steering Wheel Update Graph:  Steering Wheel Update Node:  Set Steering Angle
[2023.05.12-12.52.44:238][376]LogScript: Warning: Script Msg: Attempted to access index 0 from array 'Wheels' of length 0 in '/Script/PhysXVehicles.WheeledVehicleMovementComponent'!
[2023.05.12-12.52.44:239][376]LogScript: Warning: Script Msg: Attempted to access index 1 from array 'Wheels' of length 0 in '/Script/PhysXVehicles.WheeledVehicleMovementComponent'!
[2023.05.12-12.52.44:239][376]PIE: Error: Blueprint Runtime Error: "Accessed None trying to read property CallFunc_Array_Get_Item". Blueprint:  Zhian_BP Function:  Steering Wheel Update Graph:  Steering Wheel Update Node:  Set Steering Angle
[2023.05.12-12.52.44:239][376]PIE: Error: Blueprint Runtime Error: "Accessed None trying to read property CallFunc_Array_Get_Item_1". Blueprint:  Zhian_BP Function:  Steering Wheel Update Graph:  Steering Wheel Update Node:  Set Steering Angle
[2023.05.12-12.52.44:257][377]LogScript: Warning: Script Msg: Attempted to access index 0 from array 'Wheels' of length 0 in '/Script/PhysXVehicles.WheeledVehicleMovementComponent'!
[2023.05.12-12.52.44:257][377]LogScript: Warning: Script Msg: Attempted to access index 1 from array 'Wheels' of length 0 in '/Script/PhysXVehicles.WheeledVehicleMovementComponent'!
[2023.05.12-12.52.44:257][377]PIE: Error: Blueprint Runtime Error: "Accessed None trying to read property CallFunc_Array_Get_Item". Blueprint:  Zhian_BP Function:  Steering Wheel Update Graph:  Steering Wheel Update Node:  Set Steering Angle
[2023.05.12-12.52.44:257][377]PIE: Error: Blueprint Runtime Error: "Accessed None trying to read property CallFunc_Array_Get_Item_1". Blueprint:  Zhian_BP Function:  Steering Wheel Update Graph:  Steering Wheel Update Node:  Set Steering Angle
[2023.05.12-12.52.44:275][378]LogScript: Warning: Script Msg: Attempted to access index 0 from array 'Wheels' of length 0 in '/Script/PhysXVehicles.WheeledVehicleMovementComponent'!
[2023.05.12-12.52.44:275][378]LogScript: Warning: Script Msg: Attempted to access index 1 from array 'Wheels' of length 0 in '/Script/PhysXVehicles.WheeledVehicleMovementComponent'!
[2023.05.12-12.52.44:275][378]PIE: Error: Blueprint Runtime Error: "Accessed None trying to read property CallFunc_Array_Get_Item". Blueprint:  Zhian_BP Function:  Steering Wheel Update Graph:  Steering Wheel Update Node:  Set Steering Angle
[2023.05.12-12.52.44:275][378]PIE: Error: Blueprint Runtime Error: "Accessed None trying to read property CallFunc_Array_Get_Item_1". Blueprint:  Zhian_BP Function:  Steering Wheel Update Graph:  Steering Wheel Update Node:  Set Steering Angle
[2023.05.12-12.52.44:294][379]LogScript: Warning: Script Msg: Attempted to access index 0 from array 'Wheels' of length 0 in '/Script/PhysXVehicles.WheeledVehicleMovementComponent'!
[2023.05.12-12.52.44:294][379]LogScript: Warning: Script Msg: Attempted to access index 1 from array 'Wheels' of length 0 in '/Script/PhysXVehicles.WheeledVehicleMovementComponent'!
[2023.05.12-12.52.44:294][379]PIE: Error: Blueprint Runtime Error: "Accessed None trying to read property CallFunc_Array_Get_Item". Blueprint:  Zhian_BP Function:  Steering Wheel Update Graph:  Steering Wheel Update Node:  Set Steering Angle
[2023.05.12-12.52.44:294][379]PIE: Error: Blueprint Runtime Error: "Accessed None trying to read property CallFunc_Array_Get_Item_1". Blueprint:  Zhian_BP Function:  Steering Wheel Update Graph:  Steering Wheel Update Node:  Set Steering Angle
[2023.05.12-12.52.44:312][380]LogScript: Warning: Script Msg: Attempted to access index 0 from array 'Wheels' of length 0 in '/Script/PhysXVehicles.WheeledVehicleMovementComponent'!
[2023.05.12-12.52.44:312][380]LogScript: Warning: Script Msg: Attempted to access index 1 from array 'Wheels' of length 0 in '/Script/PhysXVehicles.WheeledVehicleMovementComponent'!
[2023.05.12-12.52.44:312][380]PIE: Error: Blueprint Runtime Error: "Accessed None trying to read property CallFunc_Array_Get_Item". Blueprint:  Zhian_BP Function:  Steering Wheel Update Graph:  Steering Wheel Update Node:  Set Steering Angle
[2023.05.12-12.52.44:312][380]PIE: Error: Blueprint Runtime Error: "Accessed None trying to read property CallFunc_Array_Get_Item_1". Blueprint:  Zhian_BP Function:  Steering Wheel Update Graph:  Steering Wheel Update Node:  Set Steering Angle
[2023.05.12-12.52.44:330][381]LogScript: Warning: Script Msg: Attempted to access index 0 from array 'Wheels' of length 0 in '/Script/PhysXVehicles.WheeledVehicleMovementComponent'!
[2023.05.12-12.52.44:330][381]LogScript: Warning: Script Msg: Attempted to access index 1 from array 'Wheels' of length 0 in '/Script/PhysXVehicles.WheeledVehicleMovementComponent'!
[2023.05.12-12.52.44:330][381]PIE: Error: Blueprint Runtime Error: "Accessed None trying to read property CallFunc_Array_Get_Item". Blueprint:  Zhian_BP Function:  Steering Wheel Update Graph:  Steering Wheel Update Node:  Set Steering Angle
[2023.05.12-12.52.44:330][381]PIE: Error: Blueprint Runtime Error: "Accessed None trying to read property CallFunc_Array_Get_Item_1". Blueprint:  Zhian_BP Function:  Steering Wheel Update Graph:  Steering Wheel Update Node:  Set Steering Angle
[2023.05.12-12.52.44:347][382]LogScript: Warning: Script Msg: Attempted to access index 0 from array 'Wheels' of length 0 in '/Script/PhysXVehicles.WheeledVehicleMovementComponent'!
[2023.05.12-12.52.44:347][382]LogScript: Warning: Script Msg: Attempted to access index 1 from array 'Wheels' of length 0 in '/Script/PhysXVehicles.WheeledVehicleMovementComponent'!
[2023.05.12-12.52.44:347][382]PIE: Error: Blueprint Runtime Error: "Accessed None trying to read property CallFunc_Array_Get_Item". Blueprint:  Zhian_BP Function:  Steering Wheel Update Graph:  Steering Wheel Update Node:  Set Steering Angle
[2023.05.12-12.52.44:347][382]PIE: Error: Blueprint Runtime Error: "Accessed None trying to read property CallFunc_Array_Get_Item_1". Blueprint:  Zhian_BP Function:  Steering Wheel Update Graph:  Steering Wheel Update Node:  Set Steering Angle
[2023.05.12-12.52.44:367][383]LogScript: Warning: Script Msg: Attempted to access index 0 from array 'Wheels' of length 0 in '/Script/PhysXVehicles.WheeledVehicleMovementComponent'!
[2023.05.12-12.52.44:367][383]LogScript: Warning: Script Msg: Attempted to access index 1 from array 'Wheels' of length 0 in '/Script/PhysXVehicles.WheeledVehicleMovementComponent'!
[2023.05.12-12.52.44:367][383]PIE: Error: Blueprint Runtime Error: "Accessed None trying to read property CallFunc_Array_Get_Item". Blueprint:  Zhian_BP Function:  Steering Wheel Update Graph:  Steering Wheel Update Node:  Set Steering Angle
[2023.05.12-12.52.44:367][383]PIE: Error: Blueprint Runtime Error: "Accessed None trying to read property CallFunc_Array_Get_Item_1". Blueprint:  Zhian_BP Function:  Steering Wheel Update Graph:  Steering Wheel Update Node:  Set Steering Angle
[2023.05.12-12.52.44:385][384]LogScript: Warning: Script Msg: Attempted to access index 0 from array 'Wheels' of length 0 in '/Script/PhysXVehicles.WheeledVehicleMovementComponent'!
[2023.05.12-12.52.44:385][384]LogScript: Warning: Script Msg: Attempted to access index 1 from array 'Wheels' of length 0 in '/Script/PhysXVehicles.WheeledVehicleMovementComponent'!
[2023.05.12-12.52.44:385][384]PIE: Error: Blueprint Runtime Error: "Accessed None trying to read property CallFunc_Array_Get_Item". Blueprint:  Zhian_BP Function:  Steering Wheel Update Graph:  Steering Wheel Update Node:  Set Steering Angle
[2023.05.12-12.52.44:385][384]PIE: Error: Blueprint Runtime Error: "Accessed None trying to read property CallFunc_Array_Get_Item_1". Blueprint:  Zhian_BP Function:  Steering Wheel Update Graph:  Steering Wheel Update Node:  Set Steering Angle
[2023.05.12-12.52.44:401][385]LogScript: Warning: Script Msg: Attempted to access index 0 from array 'Wheels' of length 0 in '/Script/PhysXVehicles.WheeledVehicleMovementComponent'!
[2023.05.12-12.52.44:401][385]LogScript: Warning: Script Msg: Attempted to access index 1 from array 'Wheels' of length 0 in '/Script/PhysXVehicles.WheeledVehicleMovementComponent'!
[2023.05.12-12.52.44:401][385]PIE: Error: Blueprint Runtime Error: "Accessed None trying to read property CallFunc_Array_Get_Item". Blueprint:  Zhian_BP Function:  Steering Wheel Update Graph:  Steering Wheel Update Node:  Set Steering Angle
[2023.05.12-12.52.44:401][385]PIE: Error: Blueprint Runtime Error: "Accessed None trying to read property CallFunc_Array_Get_Item_1". Blueprint:  Zhian_BP Function:  Steering Wheel Update Graph:  Steering Wheel Update Node:  Set Steering Angle
[2023.05.12-12.52.44:419][386]LogScript: Warning: Script Msg: Attempted to access index 0 from array 'Wheels' of length 0 in '/Script/PhysXVehicles.WheeledVehicleMovementComponent'!
[2023.05.12-12.52.44:419][386]LogScript: Warning: Script Msg: Attempted to access index 1 from array 'Wheels' of length 0 in '/Script/PhysXVehicles.WheeledVehicleMovementComponent'!
[2023.05.12-12.52.44:419][386]PIE: Error: Blueprint Runtime Error: "Accessed None trying to read property CallFunc_Array_Get_Item". Blueprint:  Zhian_BP Function:  Steering Wheel Update Graph:  Steering Wheel Update Node:  Set Steering Angle
[2023.05.12-12.52.44:419][386]PIE: Error: Blueprint Runtime Error: "Accessed None trying to read property CallFunc_Array_Get_Item_1". Blueprint:  Zhian_BP Function:  Steering Wheel Update Graph:  Steering Wheel Update Node:  Set Steering Angle
[2023.05.12-12.52.44:434][387]LogScript: Warning: Script Msg: Attempted to access index 0 from array 'Wheels' of length 0 in '/Script/PhysXVehicles.WheeledVehicleMovementComponent'!
[2023.05.12-12.52.44:434][387]LogScript: Warning: Script Msg: Attempted to access index 1 from array 'Wheels' of length 0 in '/Script/PhysXVehicles.WheeledVehicleMovementComponent'!
[2023.05.12-12.52.44:436][387]PIE: Error: Blueprint Runtime Error: "Accessed None trying to read property CallFunc_Array_Get_Item". Blueprint:  Zhian_BP Function:  Steering Wheel Update Graph:  Steering Wheel Update Node:  Set Steering Angle
[2023.05.12-12.52.44:436][387]PIE: Error: Blueprint Runtime Error: "Accessed None trying to read property CallFunc_Array_Get_Item_1". Blueprint:  Zhian_BP Function:  Steering Wheel Update Graph:  Steering Wheel Update Node:  Set Steering Angle
[2023.05.12-12.52.44:451][388]LogScript: Warning: Script Msg: Attempted to access index 0 from array 'Wheels' of length 0 in '/Script/PhysXVehicles.WheeledVehicleMovementComponent'!
[2023.05.12-12.52.44:451][388]LogScript: Warning: Script Msg: Attempted to access index 1 from array 'Wheels' of length 0 in '/Script/PhysXVehicles.WheeledVehicleMovementComponent'!
[2023.05.12-12.52.44:451][388]PIE: Error: Blueprint Runtime Error: "Accessed None trying to read property CallFunc_Array_Get_Item". Blueprint:  Zhian_BP Function:  Steering Wheel Update Graph:  Steering Wheel Update Node:  Set Steering Angle
[2023.05.12-12.52.44:451][388]PIE: Error: Blueprint Runtime Error: "Accessed None trying to read property CallFunc_Array_Get_Item_1". Blueprint:  Zhian_BP Function:  Steering Wheel Update Graph:  Steering Wheel Update Node:  Set Steering Angle
[2023.05.12-12.52.44:467][389]LogScript: Warning: Script Msg: Attempted to access index 0 from array 'Wheels' of length 0 in '/Script/PhysXVehicles.WheeledVehicleMovementComponent'!
[2023.05.12-12.52.44:467][389]LogScript: Warning: Script Msg: Attempted to access index 1 from array 'Wheels' of length 0 in '/Script/PhysXVehicles.WheeledVehicleMovementComponent'!
[2023.05.12-12.52.44:467][389]PIE: Error: Blueprint Runtime Error: "Accessed None trying to read property CallFunc_Array_Get_Item". Blueprint:  Zhian_BP Function:  Steering Wheel Update Graph:  Steering Wheel Update Node:  Set Steering Angle
[2023.05.12-12.52.44:467][389]PIE: Error: Blueprint Runtime Error: "Accessed None trying to read property CallFunc_Array_Get_Item_1". Blueprint:  Zhian_BP Function:  Steering Wheel Update Graph:  Steering Wheel Update Node:  Set Steering Angle
[2023.05.12-12.52.44:483][390]LogScript: Warning: Script Msg: Attempted to access index 0 from array 'Wheels' of length 0 in '/Script/PhysXVehicles.WheeledVehicleMovementComponent'!
[2023.05.12-12.52.44:483][390]LogScript: Warning: Script Msg: Attempted to access index 1 from array 'Wheels' of length 0 in '/Script/PhysXVehicles.WheeledVehicleMovementComponent'!
[2023.05.12-12.52.44:483][390]PIE: Error: Blueprint Runtime Error: "Accessed None trying to read property CallFunc_Array_Get_Item". Blueprint:  Zhian_BP Function:  Steering Wheel Update Graph:  Steering Wheel Update Node:  Set Steering Angle
[2023.05.12-12.52.44:483][390]PIE: Error: Blueprint Runtime Error: "Accessed None trying to read property CallFunc_Array_Get_Item_1". Blueprint:  Zhian_BP Function:  Steering Wheel Update Graph:  Steering Wheel Update Node:  Set Steering Angle
[2023.05.12-12.52.44:500][391]LogScript: Warning: Script Msg: Attempted to access index 0 from array 'Wheels' of length 0 in '/Script/PhysXVehicles.WheeledVehicleMovementComponent'!
[2023.05.12-12.52.44:500][391]LogScript: Warning: Script Msg: Attempted to access index 1 from array 'Wheels' of length 0 in '/Script/PhysXVehicles.WheeledVehicleMovementComponent'!
[2023.05.12-12.52.44:500][391]PIE: Error: Blueprint Runtime Error: "Accessed None trying to read property CallFunc_Array_Get_Item". Blueprint:  Zhian_BP Function:  Steering Wheel Update Graph:  Steering Wheel Update Node:  Set Steering Angle
[2023.05.12-12.52.44:500][391]PIE: Error: Blueprint Runtime Error: "Accessed None trying to read property CallFunc_Array_Get_Item_1". Blueprint:  Zhian_BP Function:  Steering Wheel Update Graph:  Steering Wheel Update Node:  Set Steering Angle
[2023.05.12-12.52.44:517][392]LogScript: Warning: Script Msg: Attempted to access index 0 from array 'Wheels' of length 0 in '/Script/PhysXVehicles.WheeledVehicleMovementComponent'!
[2023.05.12-12.52.44:517][392]LogScript: Warning: Script Msg: Attempted to access index 1 from array 'Wheels' of length 0 in '/Script/PhysXVehicles.WheeledVehicleMovementComponent'!
[2023.05.12-12.52.44:517][392]PIE: Error: Blueprint Runtime Error: "Accessed None trying to read property CallFunc_Array_Get_Item". Blueprint:  Zhian_BP Function:  Steering Wheel Update Graph:  Steering Wheel Update Node:  Set Steering Angle
[2023.05.12-12.52.44:517][392]PIE: Error: Blueprint Runtime Error: "Accessed None trying to read property CallFunc_Array_Get_Item_1". Blueprint:  Zhian_BP Function:  Steering Wheel Update Graph:  Steering Wheel Update Node:  Set Steering Angle
[2023.05.12-12.52.44:534][393]LogScript: Warning: Script Msg: Attempted to access index 0 from array 'Wheels' of length 0 in '/Script/PhysXVehicles.WheeledVehicleMovementComponent'!
[2023.05.12-12.52.44:534][393]LogScript: Warning: Script Msg: Attempted to access index 1 from array 'Wheels' of length 0 in '/Script/PhysXVehicles.WheeledVehicleMovementComponent'!
[2023.05.12-12.52.44:534][393]PIE: Error: Blueprint Runtime Error: "Accessed None trying to read property CallFunc_Array_Get_Item". Blueprint:  Zhian_BP Function:  Steering Wheel Update Graph:  Steering Wheel Update Node:  Set Steering Angle
[2023.05.12-12.52.44:534][393]PIE: Error: Blueprint Runtime Error: "Accessed None trying to read property CallFunc_Array_Get_Item_1". Blueprint:  Zhian_BP Function:  Steering Wheel Update Graph:  Steering Wheel Update Node:  Set Steering Angle
[2023.05.12-12.52.44:549][394]LogScript: Warning: Script Msg: Attempted to access index 0 from array 'Wheels' of length 0 in '/Script/PhysXVehicles.WheeledVehicleMovementComponent'!
[2023.05.12-12.52.44:549][394]LogScript: Warning: Script Msg: Attempted to access index 1 from array 'Wheels' of length 0 in '/Script/PhysXVehicles.WheeledVehicleMovementComponent'!
[2023.05.12-12.52.44:550][394]PIE: Error: Blueprint Runtime Error: "Accessed None trying to read property CallFunc_Array_Get_Item". Blueprint:  Zhian_BP Function:  Steering Wheel Update Graph:  Steering Wheel Update Node:  Set Steering Angle
[2023.05.12-12.52.44:550][394]PIE: Error: Blueprint Runtime Error: "Accessed None trying to read property CallFunc_Array_Get_Item_1". Blueprint:  Zhian_BP Function:  Steering Wheel Update Graph:  Steering Wheel Update Node:  Set Steering Angle
[2023.05.12-12.52.44:567][395]LogScript: Warning: Script Msg: Attempted to access index 0 from array 'Wheels' of length 0 in '/Script/PhysXVehicles.WheeledVehicleMovementComponent'!
[2023.05.12-12.52.44:567][395]LogScript: Warning: Script Msg: Attempted to access index 1 from array 'Wheels' of length 0 in '/Script/PhysXVehicles.WheeledVehicleMovementComponent'!
[2023.05.12-12.52.44:567][395]PIE: Error: Blueprint Runtime Error: "Accessed None trying to read property CallFunc_Array_Get_Item". Blueprint:  Zhian_BP Function:  Steering Wheel Update Graph:  Steering Wheel Update Node:  Set Steering Angle
[2023.05.12-12.52.44:567][395]PIE: Error: Blueprint Runtime Error: "Accessed None trying to read property CallFunc_Array_Get_Item_1". Blueprint:  Zhian_BP Function:  Steering Wheel Update Graph:  Steering Wheel Update Node:  Set Steering Angle
[2023.05.12-12.52.44:584][396]LogScript: Warning: Script Msg: Attempted to access index 0 from array 'Wheels' of length 0 in '/Script/PhysXVehicles.WheeledVehicleMovementComponent'!
[2023.05.12-12.52.44:584][396]LogScript: Warning: Script Msg: Attempted to access index 1 from array 'Wheels' of length 0 in '/Script/PhysXVehicles.WheeledVehicleMovementComponent'!
[2023.05.12-12.52.44:584][396]PIE: Error: Blueprint Runtime Error: "Accessed None trying to read property CallFunc_Array_Get_Item". Blueprint:  Zhian_BP Function:  Steering Wheel Update Graph:  Steering Wheel Update Node:  Set Steering Angle
[2023.05.12-12.52.44:584][396]PIE: Error: Blueprint Runtime Error: "Accessed None trying to read property CallFunc_Array_Get_Item_1". Blueprint:  Zhian_BP Function:  Steering Wheel Update Graph:  Steering Wheel Update Node:  Set Steering Angle
[2023.05.12-12.52.44:600][397]LogScript: Warning: Script Msg: Attempted to access index 0 from array 'Wheels' of length 0 in '/Script/PhysXVehicles.WheeledVehicleMovementComponent'!
[2023.05.12-12.52.44:600][397]LogScript: Warning: Script Msg: Attempted to access index 1 from array 'Wheels' of length 0 in '/Script/PhysXVehicles.WheeledVehicleMovementComponent'!
[2023.05.12-12.52.44:600][397]PIE: Error: Blueprint Runtime Error: "Accessed None trying to read property CallFunc_Array_Get_Item". Blueprint:  Zhian_BP Function:  Steering Wheel Update Graph:  Steering Wheel Update Node:  Set Steering Angle
[2023.05.12-12.52.44:600][397]PIE: Error: Blueprint Runtime Error: "Accessed None trying to read property CallFunc_Array_Get_Item_1". Blueprint:  Zhian_BP Function:  Steering Wheel Update Graph:  Steering Wheel Update Node:  Set Steering Angle
[2023.05.12-12.52.44:618][398]LogScript: Warning: Script Msg: Attempted to access index 0 from array 'Wheels' of length 0 in '/Script/PhysXVehicles.WheeledVehicleMovementComponent'!
[2023.05.12-12.52.44:618][398]LogScript: Warning: Script Msg: Attempted to access index 1 from array 'Wheels' of length 0 in '/Script/PhysXVehicles.WheeledVehicleMovementComponent'!
[2023.05.12-12.52.44:618][398]PIE: Error: Blueprint Runtime Error: "Accessed None trying to read property CallFunc_Array_Get_Item". Blueprint:  Zhian_BP Function:  Steering Wheel Update Graph:  Steering Wheel Update Node:  Set Steering Angle
[2023.05.12-12.52.44:618][398]PIE: Error: Blueprint Runtime Error: "Accessed None trying to read property CallFunc_Array_Get_Item_1". Blueprint:  Zhian_BP Function:  Steering Wheel Update Graph:  Steering Wheel Update Node:  Set Steering Angle
[2023.05.12-12.52.44:635][399]LogScript: Warning: Script Msg: Attempted to access index 0 from array 'Wheels' of length 0 in '/Script/PhysXVehicles.WheeledVehicleMovementComponent'!
[2023.05.12-12.52.44:635][399]LogScript: Warning: Script Msg: Attempted to access index 1 from array 'Wheels' of length 0 in '/Script/PhysXVehicles.WheeledVehicleMovementComponent'!
[2023.05.12-12.52.44:635][399]PIE: Error: Blueprint Runtime Error: "Accessed None trying to read property CallFunc_Array_Get_Item". Blueprint:  Zhian_BP Function:  Steering Wheel Update Graph:  Steering Wheel Update Node:  Set Steering Angle
[2023.05.12-12.52.44:635][399]PIE: Error: Blueprint Runtime Error: "Accessed None trying to read property CallFunc_Array_Get_Item_1". Blueprint:  Zhian_BP Function:  Steering Wheel Update Graph:  Steering Wheel Update Node:  Set Steering Angle
[2023.05.12-12.52.44:652][400]LogScript: Warning: Script Msg: Attempted to access index 0 from array 'Wheels' of length 0 in '/Script/PhysXVehicles.WheeledVehicleMovementComponent'!
[2023.05.12-12.52.44:652][400]LogScript: Warning: Script Msg: Attempted to access index 1 from array 'Wheels' of length 0 in '/Script/PhysXVehicles.WheeledVehicleMovementComponent'!
[2023.05.12-12.52.44:653][400]PIE: Error: Blueprint Runtime Error: "Accessed None trying to read property CallFunc_Array_Get_Item". Blueprint:  Zhian_BP Function:  Steering Wheel Update Graph:  Steering Wheel Update Node:  Set Steering Angle
[2023.05.12-12.52.44:653][400]PIE: Error: Blueprint Runtime Error: "Accessed None trying to read property CallFunc_Array_Get_Item_1". Blueprint:  Zhian_BP Function:  Steering Wheel Update Graph:  Steering Wheel Update Node:  Set Steering Angle
[2023.05.12-12.52.44:671][401]LogScript: Warning: Script Msg: Attempted to access index 0 from array 'Wheels' of length 0 in '/Script/PhysXVehicles.WheeledVehicleMovementComponent'!
[2023.05.12-12.52.44:671][401]LogScript: Warning: Script Msg: Attempted to access index 1 from array 'Wheels' of length 0 in '/Script/PhysXVehicles.WheeledVehicleMovementComponent'!
[2023.05.12-12.52.44:671][401]PIE: Error: Blueprint Runtime Error: "Accessed None trying to read property CallFunc_Array_Get_Item". Blueprint:  Zhian_BP Function:  Steering Wheel Update Graph:  Steering Wheel Update Node:  Set Steering Angle
[2023.05.12-12.52.44:671][401]PIE: Error: Blueprint Runtime Error: "Accessed None trying to read property CallFunc_Array_Get_Item_1". Blueprint:  Zhian_BP Function:  Steering Wheel Update Graph:  Steering Wheel Update Node:  Set Steering Angle
[2023.05.12-12.52.44:690][402]LogScript: Warning: Script Msg: Attempted to access index 0 from array 'Wheels' of length 0 in '/Script/PhysXVehicles.WheeledVehicleMovementComponent'!
[2023.05.12-12.52.44:690][402]LogScript: Warning: Script Msg: Attempted to access index 1 from array 'Wheels' of length 0 in '/Script/PhysXVehicles.WheeledVehicleMovementComponent'!
[2023.05.12-12.52.44:690][402]PIE: Error: Blueprint Runtime Error: "Accessed None trying to read property CallFunc_Array_Get_Item". Blueprint:  Zhian_BP Function:  Steering Wheel Update Graph:  Steering Wheel Update Node:  Set Steering Angle
[2023.05.12-12.52.44:690][402]PIE: Error: Blueprint Runtime Error: "Accessed None trying to read property CallFunc_Array_Get_Item_1". Blueprint:  Zhian_BP Function:  Steering Wheel Update Graph:  Steering Wheel Update Node:  Set Steering Angle
[2023.05.12-12.52.44:708][403]LogScript: Warning: Script Msg: Attempted to access index 0 from array 'Wheels' of length 0 in '/Script/PhysXVehicles.WheeledVehicleMovementComponent'!
[2023.05.12-12.52.44:708][403]LogScript: Warning: Script Msg: Attempted to access index 1 from array 'Wheels' of length 0 in '/Script/PhysXVehicles.WheeledVehicleMovementComponent'!
[2023.05.12-12.52.44:708][403]PIE: Error: Blueprint Runtime Error: "Accessed None trying to read property CallFunc_Array_Get_Item". Blueprint:  Zhian_BP Function:  Steering Wheel Update Graph:  Steering Wheel Update Node:  Set Steering Angle
[2023.05.12-12.52.44:708][403]PIE: Error: Blueprint Runtime Error: "Accessed None trying to read property CallFunc_Array_Get_Item_1". Blueprint:  Zhian_BP Function:  Steering Wheel Update Graph:  Steering Wheel Update Node:  Set Steering Angle
[2023.05.12-12.52.44:727][404]LogScript: Warning: Script Msg: Attempted to access index 0 from array 'Wheels' of length 0 in '/Script/PhysXVehicles.WheeledVehicleMovementComponent'!
[2023.05.12-12.52.44:727][404]LogScript: Warning: Script Msg: Attempted to access index 1 from array 'Wheels' of length 0 in '/Script/PhysXVehicles.WheeledVehicleMovementComponent'!
[2023.05.12-12.52.44:727][404]PIE: Error: Blueprint Runtime Error: "Accessed None trying to read property CallFunc_Array_Get_Item". Blueprint:  Zhian_BP Function:  Steering Wheel Update Graph:  Steering Wheel Update Node:  Set Steering Angle
[2023.05.12-12.52.44:727][404]PIE: Error: Blueprint Runtime Error: "Accessed None trying to read property CallFunc_Array_Get_Item_1". Blueprint:  Zhian_BP Function:  Steering Wheel Update Graph:  Steering Wheel Update Node:  Set Steering Angle
[2023.05.12-12.52.44:744][405]LogScript: Warning: Script Msg: Attempted to access index 0 from array 'Wheels' of length 0 in '/Script/PhysXVehicles.WheeledVehicleMovementComponent'!
[2023.05.12-12.52.44:744][405]LogScript: Warning: Script Msg: Attempted to access index 1 from array 'Wheels' of length 0 in '/Script/PhysXVehicles.WheeledVehicleMovementComponent'!
[2023.05.12-12.52.44:744][405]PIE: Error: Blueprint Runtime Error: "Accessed None trying to read property CallFunc_Array_Get_Item". Blueprint:  Zhian_BP Function:  Steering Wheel Update Graph:  Steering Wheel Update Node:  Set Steering Angle
[2023.05.12-12.52.44:745][405]PIE: Error: Blueprint Runtime Error: "Accessed None trying to read property CallFunc_Array_Get_Item_1". Blueprint:  Zhian_BP Function:  Steering Wheel Update Graph:  Steering Wheel Update Node:  Set Steering Angle
[2023.05.12-12.52.44:762][406]LogScript: Warning: Script Msg: Attempted to access index 0 from array 'Wheels' of length 0 in '/Script/PhysXVehicles.WheeledVehicleMovementComponent'!
[2023.05.12-12.52.44:762][406]LogScript: Warning: Script Msg: Attempted to access index 1 from array 'Wheels' of length 0 in '/Script/PhysXVehicles.WheeledVehicleMovementComponent'!
[2023.05.12-12.52.44:762][406]PIE: Error: Blueprint Runtime Error: "Accessed None trying to read property CallFunc_Array_Get_Item". Blueprint:  Zhian_BP Function:  Steering Wheel Update Graph:  Steering Wheel Update Node:  Set Steering Angle
[2023.05.12-12.52.44:762][406]PIE: Error: Blueprint Runtime Error: "Accessed None trying to read property CallFunc_Array_Get_Item_1". Blueprint:  Zhian_BP Function:  Steering Wheel Update Graph:  Steering Wheel Update Node:  Set Steering Angle
[2023.05.12-12.52.44:780][407]LogScript: Warning: Script Msg: Attempted to access index 0 from array 'Wheels' of length 0 in '/Script/PhysXVehicles.WheeledVehicleMovementComponent'!
[2023.05.12-12.52.44:780][407]LogScript: Warning: Script Msg: Attempted to access index 1 from array 'Wheels' of length 0 in '/Script/PhysXVehicles.WheeledVehicleMovementComponent'!
[2023.05.12-12.52.44:780][407]PIE: Error: Blueprint Runtime Error: "Accessed None trying to read property CallFunc_Array_Get_Item". Blueprint:  Zhian_BP Function:  Steering Wheel Update Graph:  Steering Wheel Update Node:  Set Steering Angle
[2023.05.12-12.52.44:780][407]PIE: Error: Blueprint Runtime Error: "Accessed None trying to read property CallFunc_Array_Get_Item_1". Blueprint:  Zhian_BP Function:  Steering Wheel Update Graph:  Steering Wheel Update Node:  Set Steering Angle
[2023.05.12-12.52.44:799][408]LogScript: Warning: Script Msg: Attempted to access index 0 from array 'Wheels' of length 0 in '/Script/PhysXVehicles.WheeledVehicleMovementComponent'!
[2023.05.12-12.52.44:799][408]LogScript: Warning: Script Msg: Attempted to access index 1 from array 'Wheels' of length 0 in '/Script/PhysXVehicles.WheeledVehicleMovementComponent'!
[2023.05.12-12.52.44:799][408]PIE: Error: Blueprint Runtime Error: "Accessed None trying to read property CallFunc_Array_Get_Item". Blueprint:  Zhian_BP Function:  Steering Wheel Update Graph:  Steering Wheel Update Node:  Set Steering Angle
[2023.05.12-12.52.44:799][408]PIE: Error: Blueprint Runtime Error: "Accessed None trying to read property CallFunc_Array_Get_Item_1". Blueprint:  Zhian_BP Function:  Steering Wheel Update Graph:  Steering Wheel Update Node:  Set Steering Angle
[2023.05.12-12.52.44:815][409]LogScript: Warning: Script Msg: Attempted to access index 0 from array 'Wheels' of length 0 in '/Script/PhysXVehicles.WheeledVehicleMovementComponent'!
[2023.05.12-12.52.44:815][409]LogScript: Warning: Script Msg: Attempted to access index 1 from array 'Wheels' of length 0 in '/Script/PhysXVehicles.WheeledVehicleMovementComponent'!
[2023.05.12-12.52.44:815][409]PIE: Error: Blueprint Runtime Error: "Accessed None trying to read property CallFunc_Array_Get_Item". Blueprint:  Zhian_BP Function:  Steering Wheel Update Graph:  Steering Wheel Update Node:  Set Steering Angle
[2023.05.12-12.52.44:815][409]PIE: Error: Blueprint Runtime Error: "Accessed None trying to read property CallFunc_Array_Get_Item_1". Blueprint:  Zhian_BP Function:  Steering Wheel Update Graph:  Steering Wheel Update Node:  Set Steering Angle
[2023.05.12-12.52.44:834][410]LogScript: Warning: Script Msg: Attempted to access index 0 from array 'Wheels' of length 0 in '/Script/PhysXVehicles.WheeledVehicleMovementComponent'!
[2023.05.12-12.52.44:834][410]LogScript: Warning: Script Msg: Attempted to access index 1 from array 'Wheels' of length 0 in '/Script/PhysXVehicles.WheeledVehicleMovementComponent'!
[2023.05.12-12.52.44:834][410]PIE: Error: Blueprint Runtime Error: "Accessed None trying to read property CallFunc_Array_Get_Item". Blueprint:  Zhian_BP Function:  Steering Wheel Update Graph:  Steering Wheel Update Node:  Set Steering Angle
[2023.05.12-12.52.44:834][410]PIE: Error: Blueprint Runtime Error: "Accessed None trying to read property CallFunc_Array_Get_Item_1". Blueprint:  Zhian_BP Function:  Steering Wheel Update Graph:  Steering Wheel Update Node:  Set Steering Angle
[2023.05.12-12.52.44:851][411]LogScript: Warning: Script Msg: Attempted to access index 0 from array 'Wheels' of length 0 in '/Script/PhysXVehicles.WheeledVehicleMovementComponent'!
[2023.05.12-12.52.44:851][411]LogScript: Warning: Script Msg: Attempted to access index 1 from array 'Wheels' of length 0 in '/Script/PhysXVehicles.WheeledVehicleMovementComponent'!
[2023.05.12-12.52.44:851][411]PIE: Error: Blueprint Runtime Error: "Accessed None trying to read property CallFunc_Array_Get_Item". Blueprint:  Zhian_BP Function:  Steering Wheel Update Graph:  Steering Wheel Update Node:  Set Steering Angle
[2023.05.12-12.52.44:851][411]PIE: Error: Blueprint Runtime Error: "Accessed None trying to read property CallFunc_Array_Get_Item_1". Blueprint:  Zhian_BP Function:  Steering Wheel Update Graph:  Steering Wheel Update Node:  Set Steering Angle
[2023.05.12-12.52.44:868][412]LogScript: Warning: Script Msg: Attempted to access index 0 from array 'Wheels' of length 0 in '/Script/PhysXVehicles.WheeledVehicleMovementComponent'!
[2023.05.12-12.52.44:868][412]LogScript: Warning: Script Msg: Attempted to access index 1 from array 'Wheels' of length 0 in '/Script/PhysXVehicles.WheeledVehicleMovementComponent'!
[2023.05.12-12.52.44:868][412]PIE: Error: Blueprint Runtime Error: "Accessed None trying to read property CallFunc_Array_Get_Item". Blueprint:  Zhian_BP Function:  Steering Wheel Update Graph:  Steering Wheel Update Node:  Set Steering Angle
[2023.05.12-12.52.44:869][412]PIE: Error: Blueprint Runtime Error: "Accessed None trying to read property CallFunc_Array_Get_Item_1". Blueprint:  Zhian_BP Function:  Steering Wheel Update Graph:  Steering Wheel Update Node:  Set Steering Angle
[2023.05.12-12.52.44:885][413]LogScript: Warning: Script Msg: Attempted to access index 0 from array 'Wheels' of length 0 in '/Script/PhysXVehicles.WheeledVehicleMovementComponent'!
[2023.05.12-12.52.44:885][413]LogScript: Warning: Script Msg: Attempted to access index 1 from array 'Wheels' of length 0 in '/Script/PhysXVehicles.WheeledVehicleMovementComponent'!
[2023.05.12-12.52.44:885][413]PIE: Error: Blueprint Runtime Error: "Accessed None trying to read property CallFunc_Array_Get_Item". Blueprint:  Zhian_BP Function:  Steering Wheel Update Graph:  Steering Wheel Update Node:  Set Steering Angle
[2023.05.12-12.52.44:885][413]PIE: Error: Blueprint Runtime Error: "Accessed None trying to read property CallFunc_Array_Get_Item_1". Blueprint:  Zhian_BP Function:  Steering Wheel Update Graph:  Steering Wheel Update Node:  Set Steering Angle
[2023.05.12-12.52.44:902][414]LogScript: Warning: Script Msg: Attempted to access index 0 from array 'Wheels' of length 0 in '/Script/PhysXVehicles.WheeledVehicleMovementComponent'!
[2023.05.12-12.52.44:902][414]LogScript: Warning: Script Msg: Attempted to access index 1 from array 'Wheels' of length 0 in '/Script/PhysXVehicles.WheeledVehicleMovementComponent'!
[2023.05.12-12.52.44:902][414]PIE: Error: Blueprint Runtime Error: "Accessed None trying to read property CallFunc_Array_Get_Item". Blueprint:  Zhian_BP Function:  Steering Wheel Update Graph:  Steering Wheel Update Node:  Set Steering Angle
[2023.05.12-12.52.44:902][414]PIE: Error: Blueprint Runtime Error: "Accessed None trying to read property CallFunc_Array_Get_Item_1". Blueprint:  Zhian_BP Function:  Steering Wheel Update Graph:  Steering Wheel Update Node:  Set Steering Angle
[2023.05.12-12.52.44:922][415]LogScript: Warning: Script Msg: Attempted to access index 0 from array 'Wheels' of length 0 in '/Script/PhysXVehicles.WheeledVehicleMovementComponent'!
[2023.05.12-12.52.44:922][415]LogScript: Warning: Script Msg: Attempted to access index 1 from array 'Wheels' of length 0 in '/Script/PhysXVehicles.WheeledVehicleMovementComponent'!
[2023.05.12-12.52.44:922][415]PIE: Error: Blueprint Runtime Error: "Accessed None trying to read property CallFunc_Array_Get_Item". Blueprint:  Zhian_BP Function:  Steering Wheel Update Graph:  Steering Wheel Update Node:  Set Steering Angle
[2023.05.12-12.52.44:922][415]PIE: Error: Blueprint Runtime Error: "Accessed None trying to read property CallFunc_Array_Get_Item_1". Blueprint:  Zhian_BP Function:  Steering Wheel Update Graph:  Steering Wheel Update Node:  Set Steering Angle
[2023.05.12-12.52.44:939][416]LogScript: Warning: Script Msg: Attempted to access index 0 from array 'Wheels' of length 0 in '/Script/PhysXVehicles.WheeledVehicleMovementComponent'!
[2023.05.12-12.52.44:939][416]LogScript: Warning: Script Msg: Attempted to access index 1 from array 'Wheels' of length 0 in '/Script/PhysXVehicles.WheeledVehicleMovementComponent'!
[2023.05.12-12.52.44:940][416]PIE: Error: Blueprint Runtime Error: "Accessed None trying to read property CallFunc_Array_Get_Item". Blueprint:  Zhian_BP Function:  Steering Wheel Update Graph:  Steering Wheel Update Node:  Set Steering Angle
[2023.05.12-12.52.44:940][416]PIE: Error: Blueprint Runtime Error: "Accessed None trying to read property CallFunc_Array_Get_Item_1". Blueprint:  Zhian_BP Function:  Steering Wheel Update Graph:  Steering Wheel Update Node:  Set Steering Angle
[2023.05.12-12.52.44:957][417]LogScript: Warning: Script Msg: Attempted to access index 0 from array 'Wheels' of length 0 in '/Script/PhysXVehicles.WheeledVehicleMovementComponent'!
[2023.05.12-12.52.44:957][417]LogScript: Warning: Script Msg: Attempted to access index 1 from array 'Wheels' of length 0 in '/Script/PhysXVehicles.WheeledVehicleMovementComponent'!
[2023.05.12-12.52.44:958][417]PIE: Error: Blueprint Runtime Error: "Accessed None trying to read property CallFunc_Array_Get_Item". Blueprint:  Zhian_BP Function:  Steering Wheel Update Graph:  Steering Wheel Update Node:  Set Steering Angle
[2023.05.12-12.52.44:958][417]PIE: Error: Blueprint Runtime Error: "Accessed None trying to read property CallFunc_Array_Get_Item_1". Blueprint:  Zhian_BP Function:  Steering Wheel Update Graph:  Steering Wheel Update Node:  Set Steering Angle
[2023.05.12-12.52.44:974][418]LogScript: Warning: Script Msg: Attempted to access index 0 from array 'Wheels' of length 0 in '/Script/PhysXVehicles.WheeledVehicleMovementComponent'!
[2023.05.12-12.52.44:975][418]LogScript: Warning: Script Msg: Attempted to access index 1 from array 'Wheels' of length 0 in '/Script/PhysXVehicles.WheeledVehicleMovementComponent'!
[2023.05.12-12.52.44:975][418]PIE: Error: Blueprint Runtime Error: "Accessed None trying to read property CallFunc_Array_Get_Item". Blueprint:  Zhian_BP Function:  Steering Wheel Update Graph:  Steering Wheel Update Node:  Set Steering Angle
[2023.05.12-12.52.44:975][418]PIE: Error: Blueprint Runtime Error: "Accessed None trying to read property CallFunc_Array_Get_Item_1". Blueprint:  Zhian_BP Function:  Steering Wheel Update Graph:  Steering Wheel Update Node:  Set Steering Angle
[2023.05.12-12.52.44:993][419]LogScript: Warning: Script Msg: Attempted to access index 0 from array 'Wheels' of length 0 in '/Script/PhysXVehicles.WheeledVehicleMovementComponent'!
[2023.05.12-12.52.44:993][419]LogScript: Warning: Script Msg: Attempted to access index 1 from array 'Wheels' of length 0 in '/Script/PhysXVehicles.WheeledVehicleMovementComponent'!
[2023.05.12-12.52.44:993][419]PIE: Error: Blueprint Runtime Error: "Accessed None trying to read property CallFunc_Array_Get_Item". Blueprint:  Zhian_BP Function:  Steering Wheel Update Graph:  Steering Wheel Update Node:  Set Steering Angle
[2023.05.12-12.52.44:993][419]PIE: Error: Blueprint Runtime Error: "Accessed None trying to read property CallFunc_Array_Get_Item_1". Blueprint:  Zhian_BP Function:  Steering Wheel Update Graph:  Steering Wheel Update Node:  Set Steering Angle
[2023.05.12-12.52.45:010][420]LogScript: Warning: Script Msg: Attempted to access index 0 from array 'Wheels' of length 0 in '/Script/PhysXVehicles.WheeledVehicleMovementComponent'!
[2023.05.12-12.52.45:010][420]LogScript: Warning: Script Msg: Attempted to access index 1 from array 'Wheels' of length 0 in '/Script/PhysXVehicles.WheeledVehicleMovementComponent'!
[2023.05.12-12.52.45:010][420]PIE: Error: Blueprint Runtime Error: "Accessed None trying to read property CallFunc_Array_Get_Item". Blueprint:  Zhian_BP Function:  Steering Wheel Update Graph:  Steering Wheel Update Node:  Set Steering Angle
[2023.05.12-12.52.45:010][420]PIE: Error: Blueprint Runtime Error: "Accessed None trying to read property CallFunc_Array_Get_Item_1". Blueprint:  Zhian_BP Function:  Steering Wheel Update Graph:  Steering Wheel Update Node:  Set Steering Angle
[2023.05.12-12.52.45:029][421]LogScript: Warning: Script Msg: Attempted to access index 0 from array 'Wheels' of length 0 in '/Script/PhysXVehicles.WheeledVehicleMovementComponent'!
[2023.05.12-12.52.45:029][421]LogScript: Warning: Script Msg: Attempted to access index 1 from array 'Wheels' of length 0 in '/Script/PhysXVehicles.WheeledVehicleMovementComponent'!
[2023.05.12-12.52.45:029][421]PIE: Error: Blueprint Runtime Error: "Accessed None trying to read property CallFunc_Array_Get_Item". Blueprint:  Zhian_BP Function:  Steering Wheel Update Graph:  Steering Wheel Update Node:  Set Steering Angle
[2023.05.12-12.52.45:029][421]PIE: Error: Blueprint Runtime Error: "Accessed None trying to read property CallFunc_Array_Get_Item_1". Blueprint:  Zhian_BP Function:  Steering Wheel Update Graph:  Steering Wheel Update Node:  Set Steering Angle
[2023.05.12-12.52.45:047][422]LogScript: Warning: Script Msg: Attempted to access index 0 from array 'Wheels' of length 0 in '/Script/PhysXVehicles.WheeledVehicleMovementComponent'!
[2023.05.12-12.52.45:047][422]LogScript: Warning: Script Msg: Attempted to access index 1 from array 'Wheels' of length 0 in '/Script/PhysXVehicles.WheeledVehicleMovementComponent'!
[2023.05.12-12.52.45:047][422]PIE: Error: Blueprint Runtime Error: "Accessed None trying to read property CallFunc_Array_Get_Item". Blueprint:  Zhian_BP Function:  Steering Wheel Update Graph:  Steering Wheel Update Node:  Set Steering Angle
[2023.05.12-12.52.45:047][422]PIE: Error: Blueprint Runtime Error: "Accessed None trying to read property CallFunc_Array_Get_Item_1". Blueprint:  Zhian_BP Function:  Steering Wheel Update Graph:  Steering Wheel Update Node:  Set Steering Angle
[2023.05.12-12.52.45:065][423]LogScript: Warning: Script Msg: Attempted to access index 0 from array 'Wheels' of length 0 in '/Script/PhysXVehicles.WheeledVehicleMovementComponent'!
[2023.05.12-12.52.45:065][423]LogScript: Warning: Script Msg: Attempted to access index 1 from array 'Wheels' of length 0 in '/Script/PhysXVehicles.WheeledVehicleMovementComponent'!
[2023.05.12-12.52.45:065][423]PIE: Error: Blueprint Runtime Error: "Accessed None trying to read property CallFunc_Array_Get_Item". Blueprint:  Zhian_BP Function:  Steering Wheel Update Graph:  Steering Wheel Update Node:  Set Steering Angle
[2023.05.12-12.52.45:065][423]PIE: Error: Blueprint Runtime Error: "Accessed None trying to read property CallFunc_Array_Get_Item_1". Blueprint:  Zhian_BP Function:  Steering Wheel Update Graph:  Steering Wheel Update Node:  Set Steering Angle
[2023.05.12-12.52.45:082][424]LogScript: Warning: Script Msg: Attempted to access index 0 from array 'Wheels' of length 0 in '/Script/PhysXVehicles.WheeledVehicleMovementComponent'!
[2023.05.12-12.52.45:082][424]LogScript: Warning: Script Msg: Attempted to access index 1 from array 'Wheels' of length 0 in '/Script/PhysXVehicles.WheeledVehicleMovementComponent'!
[2023.05.12-12.52.45:082][424]PIE: Error: Blueprint Runtime Error: "Accessed None trying to read property CallFunc_Array_Get_Item". Blueprint:  Zhian_BP Function:  Steering Wheel Update Graph:  Steering Wheel Update Node:  Set Steering Angle
[2023.05.12-12.52.45:082][424]PIE: Error: Blueprint Runtime Error: "Accessed None trying to read property CallFunc_Array_Get_Item_1". Blueprint:  Zhian_BP Function:  Steering Wheel Update Graph:  Steering Wheel Update Node:  Set Steering Angle
[2023.05.12-12.52.45:100][425]LogScript: Warning: Script Msg: Attempted to access index 0 from array 'Wheels' of length 0 in '/Script/PhysXVehicles.WheeledVehicleMovementComponent'!
[2023.05.12-12.52.45:100][425]LogScript: Warning: Script Msg: Attempted to access index 1 from array 'Wheels' of length 0 in '/Script/PhysXVehicles.WheeledVehicleMovementComponent'!
[2023.05.12-12.52.45:100][425]PIE: Error: Blueprint Runtime Error: "Accessed None trying to read property CallFunc_Array_Get_Item". Blueprint:  Zhian_BP Function:  Steering Wheel Update Graph:  Steering Wheel Update Node:  Set Steering Angle
[2023.05.12-12.52.45:100][425]PIE: Error: Blueprint Runtime Error: "Accessed None trying to read property CallFunc_Array_Get_Item_1". Blueprint:  Zhian_BP Function:  Steering Wheel Update Graph:  Steering Wheel Update Node:  Set Steering Angle
[2023.05.12-12.52.45:118][426]LogScript: Warning: Script Msg: Attempted to access index 0 from array 'Wheels' of length 0 in '/Script/PhysXVehicles.WheeledVehicleMovementComponent'!
[2023.05.12-12.52.45:118][426]LogScript: Warning: Script Msg: Attempted to access index 1 from array 'Wheels' of length 0 in '/Script/PhysXVehicles.WheeledVehicleMovementComponent'!
[2023.05.12-12.52.45:118][426]PIE: Error: Blueprint Runtime Error: "Accessed None trying to read property CallFunc_Array_Get_Item". Blueprint:  Zhian_BP Function:  Steering Wheel Update Graph:  Steering Wheel Update Node:  Set Steering Angle
[2023.05.12-12.52.45:118][426]PIE: Error: Blueprint Runtime Error: "Accessed None trying to read property CallFunc_Array_Get_Item_1". Blueprint:  Zhian_BP Function:  Steering Wheel Update Graph:  Steering Wheel Update Node:  Set Steering Angle
[2023.05.12-12.52.45:136][427]LogScript: Warning: Script Msg: Attempted to access index 0 from array 'Wheels' of length 0 in '/Script/PhysXVehicles.WheeledVehicleMovementComponent'!
[2023.05.12-12.52.45:136][427]LogScript: Warning: Script Msg: Attempted to access index 1 from array 'Wheels' of length 0 in '/Script/PhysXVehicles.WheeledVehicleMovementComponent'!
[2023.05.12-12.52.45:136][427]PIE: Error: Blueprint Runtime Error: "Accessed None trying to read property CallFunc_Array_Get_Item". Blueprint:  Zhian_BP Function:  Steering Wheel Update Graph:  Steering Wheel Update Node:  Set Steering Angle
[2023.05.12-12.52.45:136][427]PIE: Error: Blueprint Runtime Error: "Accessed None trying to read property CallFunc_Array_Get_Item_1". Blueprint:  Zhian_BP Function:  Steering Wheel Update Graph:  Steering Wheel Update Node:  Set Steering Angle
[2023.05.12-12.52.45:153][428]LogScript: Warning: Script Msg: Attempted to access index 0 from array 'Wheels' of length 0 in '/Script/PhysXVehicles.WheeledVehicleMovementComponent'!
[2023.05.12-12.52.45:153][428]LogScript: Warning: Script Msg: Attempted to access index 1 from array 'Wheels' of length 0 in '/Script/PhysXVehicles.WheeledVehicleMovementComponent'!
[2023.05.12-12.52.45:153][428]PIE: Error: Blueprint Runtime Error: "Accessed None trying to read property CallFunc_Array_Get_Item". Blueprint:  Zhian_BP Function:  Steering Wheel Update Graph:  Steering Wheel Update Node:  Set Steering Angle
[2023.05.12-12.52.45:153][428]PIE: Error: Blueprint Runtime Error: "Accessed None trying to read property CallFunc_Array_Get_Item_1". Blueprint:  Zhian_BP Function:  Steering Wheel Update Graph:  Steering Wheel Update Node:  Set Steering Angle
[2023.05.12-12.52.45:171][429]LogScript: Warning: Script Msg: Attempted to access index 0 from array 'Wheels' of length 0 in '/Script/PhysXVehicles.WheeledVehicleMovementComponent'!
[2023.05.12-12.52.45:171][429]LogScript: Warning: Script Msg: Attempted to access index 1 from array 'Wheels' of length 0 in '/Script/PhysXVehicles.WheeledVehicleMovementComponent'!
[2023.05.12-12.52.45:171][429]PIE: Error: Blueprint Runtime Error: "Accessed None trying to read property CallFunc_Array_Get_Item". Blueprint:  Zhian_BP Function:  Steering Wheel Update Graph:  Steering Wheel Update Node:  Set Steering Angle
[2023.05.12-12.52.45:171][429]PIE: Error: Blueprint Runtime Error: "Accessed None trying to read property CallFunc_Array_Get_Item_1". Blueprint:  Zhian_BP Function:  Steering Wheel Update Graph:  Steering Wheel Update Node:  Set Steering Angle
[2023.05.12-12.52.45:188][430]LogScript: Warning: Script Msg: Attempted to access index 0 from array 'Wheels' of length 0 in '/Script/PhysXVehicles.WheeledVehicleMovementComponent'!
[2023.05.12-12.52.45:188][430]LogScript: Warning: Script Msg: Attempted to access index 1 from array 'Wheels' of length 0 in '/Script/PhysXVehicles.WheeledVehicleMovementComponent'!
[2023.05.12-12.52.45:188][430]PIE: Error: Blueprint Runtime Error: "Accessed None trying to read property CallFunc_Array_Get_Item". Blueprint:  Zhian_BP Function:  Steering Wheel Update Graph:  Steering Wheel Update Node:  Set Steering Angle
[2023.05.12-12.52.45:188][430]PIE: Error: Blueprint Runtime Error: "Accessed None trying to read property CallFunc_Array_Get_Item_1". Blueprint:  Zhian_BP Function:  Steering Wheel Update Graph:  Steering Wheel Update Node:  Set Steering Angle
[2023.05.12-12.52.45:206][431]LogScript: Warning: Script Msg: Attempted to access index 0 from array 'Wheels' of length 0 in '/Script/PhysXVehicles.WheeledVehicleMovementComponent'!
[2023.05.12-12.52.45:206][431]LogScript: Warning: Script Msg: Attempted to access index 1 from array 'Wheels' of length 0 in '/Script/PhysXVehicles.WheeledVehicleMovementComponent'!
[2023.05.12-12.52.45:206][431]PIE: Error: Blueprint Runtime Error: "Accessed None trying to read property CallFunc_Array_Get_Item". Blueprint:  Zhian_BP Function:  Steering Wheel Update Graph:  Steering Wheel Update Node:  Set Steering Angle
[2023.05.12-12.52.45:206][431]PIE: Error: Blueprint Runtime Error: "Accessed None trying to read property CallFunc_Array_Get_Item_1". Blueprint:  Zhian_BP Function:  Steering Wheel Update Graph:  Steering Wheel Update Node:  Set Steering Angle
[2023.05.12-12.52.45:225][432]LogScript: Warning: Script Msg: Attempted to access index 0 from array 'Wheels' of length 0 in '/Script/PhysXVehicles.WheeledVehicleMovementComponent'!
[2023.05.12-12.52.45:225][432]LogScript: Warning: Script Msg: Attempted to access index 1 from array 'Wheels' of length 0 in '/Script/PhysXVehicles.WheeledVehicleMovementComponent'!
[2023.05.12-12.52.45:225][432]PIE: Error: Blueprint Runtime Error: "Accessed None trying to read property CallFunc_Array_Get_Item". Blueprint:  Zhian_BP Function:  Steering Wheel Update Graph:  Steering Wheel Update Node:  Set Steering Angle
[2023.05.12-12.52.45:225][432]PIE: Error: Blueprint Runtime Error: "Accessed None trying to read property CallFunc_Array_Get_Item_1". Blueprint:  Zhian_BP Function:  Steering Wheel Update Graph:  Steering Wheel Update Node:  Set Steering Angle
[2023.05.12-12.52.45:241][433]LogScript: Warning: Script Msg: Attempted to access index 0 from array 'Wheels' of length 0 in '/Script/PhysXVehicles.WheeledVehicleMovementComponent'!
[2023.05.12-12.52.45:241][433]LogScript: Warning: Script Msg: Attempted to access index 1 from array 'Wheels' of length 0 in '/Script/PhysXVehicles.WheeledVehicleMovementComponent'!
[2023.05.12-12.52.45:241][433]PIE: Error: Blueprint Runtime Error: "Accessed None trying to read property CallFunc_Array_Get_Item". Blueprint:  Zhian_BP Function:  Steering Wheel Update Graph:  Steering Wheel Update Node:  Set Steering Angle
[2023.05.12-12.52.45:241][433]PIE: Error: Blueprint Runtime Error: "Accessed None trying to read property CallFunc_Array_Get_Item_1". Blueprint:  Zhian_BP Function:  Steering Wheel Update Graph:  Steering Wheel Update Node:  Set Steering Angle
[2023.05.12-12.52.45:258][434]LogScript: Warning: Script Msg: Attempted to access index 0 from array 'Wheels' of length 0 in '/Script/PhysXVehicles.WheeledVehicleMovementComponent'!
[2023.05.12-12.52.45:258][434]LogScript: Warning: Script Msg: Attempted to access index 1 from array 'Wheels' of length 0 in '/Script/PhysXVehicles.WheeledVehicleMovementComponent'!
[2023.05.12-12.52.45:259][434]PIE: Error: Blueprint Runtime Error: "Accessed None trying to read property CallFunc_Array_Get_Item". Blueprint:  Zhian_BP Function:  Steering Wheel Update Graph:  Steering Wheel Update Node:  Set Steering Angle
[2023.05.12-12.52.45:259][434]PIE: Error: Blueprint Runtime Error: "Accessed None trying to read property CallFunc_Array_Get_Item_1". Blueprint:  Zhian_BP Function:  Steering Wheel Update Graph:  Steering Wheel Update Node:  Set Steering Angle
[2023.05.12-12.52.45:277][435]LogScript: Warning: Script Msg: Attempted to access index 0 from array 'Wheels' of length 0 in '/Script/PhysXVehicles.WheeledVehicleMovementComponent'!
[2023.05.12-12.52.45:277][435]LogScript: Warning: Script Msg: Attempted to access index 1 from array 'Wheels' of length 0 in '/Script/PhysXVehicles.WheeledVehicleMovementComponent'!
[2023.05.12-12.52.45:277][435]PIE: Error: Blueprint Runtime Error: "Accessed None trying to read property CallFunc_Array_Get_Item". Blueprint:  Zhian_BP Function:  Steering Wheel Update Graph:  Steering Wheel Update Node:  Set Steering Angle
[2023.05.12-12.52.45:277][435]PIE: Error: Blueprint Runtime Error: "Accessed None trying to read property CallFunc_Array_Get_Item_1". Blueprint:  Zhian_BP Function:  Steering Wheel Update Graph:  Steering Wheel Update Node:  Set Steering Angle
[2023.05.12-12.52.45:295][436]LogScript: Warning: Script Msg: Attempted to access index 0 from array 'Wheels' of length 0 in '/Script/PhysXVehicles.WheeledVehicleMovementComponent'!
[2023.05.12-12.52.45:295][436]LogScript: Warning: Script Msg: Attempted to access index 1 from array 'Wheels' of length 0 in '/Script/PhysXVehicles.WheeledVehicleMovementComponent'!
[2023.05.12-12.52.45:295][436]PIE: Error: Blueprint Runtime Error: "Accessed None trying to read property CallFunc_Array_Get_Item". Blueprint:  Zhian_BP Function:  Steering Wheel Update Graph:  Steering Wheel Update Node:  Set Steering Angle
[2023.05.12-12.52.45:295][436]PIE: Error: Blueprint Runtime Error: "Accessed None trying to read property CallFunc_Array_Get_Item_1". Blueprint:  Zhian_BP Function:  Steering Wheel Update Graph:  Steering Wheel Update Node:  Set Steering Angle
[2023.05.12-12.52.45:311][437]LogScript: Warning: Script Msg: Attempted to access index 0 from array 'Wheels' of length 0 in '/Script/PhysXVehicles.WheeledVehicleMovementComponent'!
[2023.05.12-12.52.45:311][437]LogScript: Warning: Script Msg: Attempted to access index 1 from array 'Wheels' of length 0 in '/Script/PhysXVehicles.WheeledVehicleMovementComponent'!
[2023.05.12-12.52.45:312][437]PIE: Error: Blueprint Runtime Error: "Accessed None trying to read property CallFunc_Array_Get_Item". Blueprint:  Zhian_BP Function:  Steering Wheel Update Graph:  Steering Wheel Update Node:  Set Steering Angle
[2023.05.12-12.52.45:312][437]PIE: Error: Blueprint Runtime Error: "Accessed None trying to read property CallFunc_Array_Get_Item_1". Blueprint:  Zhian_BP Function:  Steering Wheel Update Graph:  Steering Wheel Update Node:  Set Steering Angle
[2023.05.12-12.52.45:329][438]LogScript: Warning: Script Msg: Attempted to access index 0 from array 'Wheels' of length 0 in '/Script/PhysXVehicles.WheeledVehicleMovementComponent'!
[2023.05.12-12.52.45:329][438]LogScript: Warning: Script Msg: Attempted to access index 1 from array 'Wheels' of length 0 in '/Script/PhysXVehicles.WheeledVehicleMovementComponent'!
[2023.05.12-12.52.45:329][438]PIE: Error: Blueprint Runtime Error: "Accessed None trying to read property CallFunc_Array_Get_Item". Blueprint:  Zhian_BP Function:  Steering Wheel Update Graph:  Steering Wheel Update Node:  Set Steering Angle
[2023.05.12-12.52.45:329][438]PIE: Error: Blueprint Runtime Error: "Accessed None trying to read property CallFunc_Array_Get_Item_1". Blueprint:  Zhian_BP Function:  Steering Wheel Update Graph:  Steering Wheel Update Node:  Set Steering Angle
[2023.05.12-12.52.45:346][439]LogScript: Warning: Script Msg: Attempted to access index 0 from array 'Wheels' of length 0 in '/Script/PhysXVehicles.WheeledVehicleMovementComponent'!
[2023.05.12-12.52.45:346][439]LogScript: Warning: Script Msg: Attempted to access index 1 from array 'Wheels' of length 0 in '/Script/PhysXVehicles.WheeledVehicleMovementComponent'!
[2023.05.12-12.52.45:346][439]PIE: Error: Blueprint Runtime Error: "Accessed None trying to read property CallFunc_Array_Get_Item". Blueprint:  Zhian_BP Function:  Steering Wheel Update Graph:  Steering Wheel Update Node:  Set Steering Angle
[2023.05.12-12.52.45:346][439]PIE: Error: Blueprint Runtime Error: "Accessed None trying to read property CallFunc_Array_Get_Item_1". Blueprint:  Zhian_BP Function:  Steering Wheel Update Graph:  Steering Wheel Update Node:  Set Steering Angle
[2023.05.12-12.52.45:363][440]LogScript: Warning: Script Msg: Attempted to access index 0 from array 'Wheels' of length 0 in '/Script/PhysXVehicles.WheeledVehicleMovementComponent'!
[2023.05.12-12.52.45:363][440]LogScript: Warning: Script Msg: Attempted to access index 1 from array 'Wheels' of length 0 in '/Script/PhysXVehicles.WheeledVehicleMovementComponent'!
[2023.05.12-12.52.45:364][440]PIE: Error: Blueprint Runtime Error: "Accessed None trying to read property CallFunc_Array_Get_Item". Blueprint:  Zhian_BP Function:  Steering Wheel Update Graph:  Steering Wheel Update Node:  Set Steering Angle
[2023.05.12-12.52.45:364][440]PIE: Error: Blueprint Runtime Error: "Accessed None trying to read property CallFunc_Array_Get_Item_1". Blueprint:  Zhian_BP Function:  Steering Wheel Update Graph:  Steering Wheel Update Node:  Set Steering Angle
[2023.05.12-12.52.45:381][441]LogScript: Warning: Script Msg: Attempted to access index 0 from array 'Wheels' of length 0 in '/Script/PhysXVehicles.WheeledVehicleMovementComponent'!
[2023.05.12-12.52.45:381][441]LogScript: Warning: Script Msg: Attempted to access index 1 from array 'Wheels' of length 0 in '/Script/PhysXVehicles.WheeledVehicleMovementComponent'!
[2023.05.12-12.52.45:381][441]PIE: Error: Blueprint Runtime Error: "Accessed None trying to read property CallFunc_Array_Get_Item". Blueprint:  Zhian_BP Function:  Steering Wheel Update Graph:  Steering Wheel Update Node:  Set Steering Angle
[2023.05.12-12.52.45:381][441]PIE: Error: Blueprint Runtime Error: "Accessed None trying to read property CallFunc_Array_Get_Item_1". Blueprint:  Zhian_BP Function:  Steering Wheel Update Graph:  Steering Wheel Update Node:  Set Steering Angle
[2023.05.12-12.52.45:398][442]LogScript: Warning: Script Msg: Attempted to access index 0 from array 'Wheels' of length 0 in '/Script/PhysXVehicles.WheeledVehicleMovementComponent'!
[2023.05.12-12.52.45:398][442]LogScript: Warning: Script Msg: Attempted to access index 1 from array 'Wheels' of length 0 in '/Script/PhysXVehicles.WheeledVehicleMovementComponent'!
[2023.05.12-12.52.45:398][442]PIE: Error: Blueprint Runtime Error: "Accessed None trying to read property CallFunc_Array_Get_Item". Blueprint:  Zhian_BP Function:  Steering Wheel Update Graph:  Steering Wheel Update Node:  Set Steering Angle
[2023.05.12-12.52.45:398][442]PIE: Error: Blueprint Runtime Error: "Accessed None trying to read property CallFunc_Array_Get_Item_1". Blueprint:  Zhian_BP Function:  Steering Wheel Update Graph:  Steering Wheel Update Node:  Set Steering Angle
[2023.05.12-12.52.45:415][443]LogScript: Warning: Script Msg: Attempted to access index 0 from array 'Wheels' of length 0 in '/Script/PhysXVehicles.WheeledVehicleMovementComponent'!
[2023.05.12-12.52.45:415][443]LogScript: Warning: Script Msg: Attempted to access index 1 from array 'Wheels' of length 0 in '/Script/PhysXVehicles.WheeledVehicleMovementComponent'!
[2023.05.12-12.52.45:415][443]PIE: Error: Blueprint Runtime Error: "Accessed None trying to read property CallFunc_Array_Get_Item". Blueprint:  Zhian_BP Function:  Steering Wheel Update Graph:  Steering Wheel Update Node:  Set Steering Angle
[2023.05.12-12.52.45:415][443]PIE: Error: Blueprint Runtime Error: "Accessed None trying to read property CallFunc_Array_Get_Item_1". Blueprint:  Zhian_BP Function:  Steering Wheel Update Graph:  Steering Wheel Update Node:  Set Steering Angle
[2023.05.12-12.52.45:433][444]LogScript: Warning: Script Msg: Attempted to access index 0 from array 'Wheels' of length 0 in '/Script/PhysXVehicles.WheeledVehicleMovementComponent'!
[2023.05.12-12.52.45:433][444]LogScript: Warning: Script Msg: Attempted to access index 1 from array 'Wheels' of length 0 in '/Script/PhysXVehicles.WheeledVehicleMovementComponent'!
[2023.05.12-12.52.45:433][444]PIE: Error: Blueprint Runtime Error: "Accessed None trying to read property CallFunc_Array_Get_Item". Blueprint:  Zhian_BP Function:  Steering Wheel Update Graph:  Steering Wheel Update Node:  Set Steering Angle
[2023.05.12-12.52.45:433][444]PIE: Error: Blueprint Runtime Error: "Accessed None trying to read property CallFunc_Array_Get_Item_1". Blueprint:  Zhian_BP Function:  Steering Wheel Update Graph:  Steering Wheel Update Node:  Set Steering Angle
[2023.05.12-12.52.45:451][445]LogScript: Warning: Script Msg: Attempted to access index 0 from array 'Wheels' of length 0 in '/Script/PhysXVehicles.WheeledVehicleMovementComponent'!
[2023.05.12-12.52.45:451][445]LogScript: Warning: Script Msg: Attempted to access index 1 from array 'Wheels' of length 0 in '/Script/PhysXVehicles.WheeledVehicleMovementComponent'!
[2023.05.12-12.52.45:451][445]PIE: Error: Blueprint Runtime Error: "Accessed None trying to read property CallFunc_Array_Get_Item". Blueprint:  Zhian_BP Function:  Steering Wheel Update Graph:  Steering Wheel Update Node:  Set Steering Angle
[2023.05.12-12.52.45:451][445]PIE: Error: Blueprint Runtime Error: "Accessed None trying to read property CallFunc_Array_Get_Item_1". Blueprint:  Zhian_BP Function:  Steering Wheel Update Graph:  Steering Wheel Update Node:  Set Steering Angle
[2023.05.12-12.52.45:469][446]LogScript: Warning: Script Msg: Attempted to access index 0 from array 'Wheels' of length 0 in '/Script/PhysXVehicles.WheeledVehicleMovementComponent'!
[2023.05.12-12.52.45:469][446]LogScript: Warning: Script Msg: Attempted to access index 1 from array 'Wheels' of length 0 in '/Script/PhysXVehicles.WheeledVehicleMovementComponent'!
[2023.05.12-12.52.45:469][446]PIE: Error: Blueprint Runtime Error: "Accessed None trying to read property CallFunc_Array_Get_Item". Blueprint:  Zhian_BP Function:  Steering Wheel Update Graph:  Steering Wheel Update Node:  Set Steering Angle
[2023.05.12-12.52.45:469][446]PIE: Error: Blueprint Runtime Error: "Accessed None trying to read property CallFunc_Array_Get_Item_1". Blueprint:  Zhian_BP Function:  Steering Wheel Update Graph:  Steering Wheel Update Node:  Set Steering Angle
[2023.05.12-12.52.45:485][447]LogScript: Warning: Script Msg: Attempted to access index 0 from array 'Wheels' of length 0 in '/Script/PhysXVehicles.WheeledVehicleMovementComponent'!
[2023.05.12-12.52.45:485][447]LogScript: Warning: Script Msg: Attempted to access index 1 from array 'Wheels' of length 0 in '/Script/PhysXVehicles.WheeledVehicleMovementComponent'!
[2023.05.12-12.52.45:485][447]PIE: Error: Blueprint Runtime Error: "Accessed None trying to read property CallFunc_Array_Get_Item". Blueprint:  Zhian_BP Function:  Steering Wheel Update Graph:  Steering Wheel Update Node:  Set Steering Angle
[2023.05.12-12.52.45:485][447]PIE: Error: Blueprint Runtime Error: "Accessed None trying to read property CallFunc_Array_Get_Item_1". Blueprint:  Zhian_BP Function:  Steering Wheel Update Graph:  Steering Wheel Update Node:  Set Steering Angle
[2023.05.12-12.52.45:503][448]LogScript: Warning: Script Msg: Attempted to access index 0 from array 'Wheels' of length 0 in '/Script/PhysXVehicles.WheeledVehicleMovementComponent'!
[2023.05.12-12.52.45:503][448]LogScript: Warning: Script Msg: Attempted to access index 1 from array 'Wheels' of length 0 in '/Script/PhysXVehicles.WheeledVehicleMovementComponent'!
[2023.05.12-12.52.45:504][448]PIE: Error: Blueprint Runtime Error: "Accessed None trying to read property CallFunc_Array_Get_Item". Blueprint:  Zhian_BP Function:  Steering Wheel Update Graph:  Steering Wheel Update Node:  Set Steering Angle
[2023.05.12-12.52.45:504][448]PIE: Error: Blueprint Runtime Error: "Accessed None trying to read property CallFunc_Array_Get_Item_1". Blueprint:  Zhian_BP Function:  Steering Wheel Update Graph:  Steering Wheel Update Node:  Set Steering Angle
[2023.05.12-12.52.45:520][449]LogScript: Warning: Script Msg: Attempted to access index 0 from array 'Wheels' of length 0 in '/Script/PhysXVehicles.WheeledVehicleMovementComponent'!
[2023.05.12-12.52.45:520][449]LogScript: Warning: Script Msg: Attempted to access index 1 from array 'Wheels' of length 0 in '/Script/PhysXVehicles.WheeledVehicleMovementComponent'!
[2023.05.12-12.52.45:521][449]PIE: Error: Blueprint Runtime Error: "Accessed None trying to read property CallFunc_Array_Get_Item". Blueprint:  Zhian_BP Function:  Steering Wheel Update Graph:  Steering Wheel Update Node:  Set Steering Angle
[2023.05.12-12.52.45:521][449]PIE: Error: Blueprint Runtime Error: "Accessed None trying to read property CallFunc_Array_Get_Item_1". Blueprint:  Zhian_BP Function:  Steering Wheel Update Graph:  Steering Wheel Update Node:  Set Steering Angle
[2023.05.12-12.52.45:539][450]LogScript: Warning: Script Msg: Attempted to access index 0 from array 'Wheels' of length 0 in '/Script/PhysXVehicles.WheeledVehicleMovementComponent'!
[2023.05.12-12.52.45:539][450]LogScript: Warning: Script Msg: Attempted to access index 1 from array 'Wheels' of length 0 in '/Script/PhysXVehicles.WheeledVehicleMovementComponent'!
[2023.05.12-12.52.45:539][450]PIE: Error: Blueprint Runtime Error: "Accessed None trying to read property CallFunc_Array_Get_Item". Blueprint:  Zhian_BP Function:  Steering Wheel Update Graph:  Steering Wheel Update Node:  Set Steering Angle
[2023.05.12-12.52.45:539][450]PIE: Error: Blueprint Runtime Error: "Accessed None trying to read property CallFunc_Array_Get_Item_1". Blueprint:  Zhian_BP Function:  Steering Wheel Update Graph:  Steering Wheel Update Node:  Set Steering Angle
[2023.05.12-12.52.45:556][451]LogScript: Warning: Script Msg: Attempted to access index 0 from array 'Wheels' of length 0 in '/Script/PhysXVehicles.WheeledVehicleMovementComponent'!
[2023.05.12-12.52.45:556][451]LogScript: Warning: Script Msg: Attempted to access index 1 from array 'Wheels' of length 0 in '/Script/PhysXVehicles.WheeledVehicleMovementComponent'!
[2023.05.12-12.52.45:556][451]PIE: Error: Blueprint Runtime Error: "Accessed None trying to read property CallFunc_Array_Get_Item". Blueprint:  Zhian_BP Function:  Steering Wheel Update Graph:  Steering Wheel Update Node:  Set Steering Angle
[2023.05.12-12.52.45:556][451]PIE: Error: Blueprint Runtime Error: "Accessed None trying to read property CallFunc_Array_Get_Item_1". Blueprint:  Zhian_BP Function:  Steering Wheel Update Graph:  Steering Wheel Update Node:  Set Steering Angle
[2023.05.12-12.52.45:573][452]LogScript: Warning: Script Msg: Attempted to access index 0 from array 'Wheels' of length 0 in '/Script/PhysXVehicles.WheeledVehicleMovementComponent'!
[2023.05.12-12.52.45:573][452]LogScript: Warning: Script Msg: Attempted to access index 1 from array 'Wheels' of length 0 in '/Script/PhysXVehicles.WheeledVehicleMovementComponent'!
[2023.05.12-12.52.45:573][452]PIE: Error: Blueprint Runtime Error: "Accessed None trying to read property CallFunc_Array_Get_Item". Blueprint:  Zhian_BP Function:  Steering Wheel Update Graph:  Steering Wheel Update Node:  Set Steering Angle
[2023.05.12-12.52.45:573][452]PIE: Error: Blueprint Runtime Error: "Accessed None trying to read property CallFunc_Array_Get_Item_1". Blueprint:  Zhian_BP Function:  Steering Wheel Update Graph:  Steering Wheel Update Node:  Set Steering Angle
[2023.05.12-12.52.45:591][453]LogScript: Warning: Script Msg: Attempted to access index 0 from array 'Wheels' of length 0 in '/Script/PhysXVehicles.WheeledVehicleMovementComponent'!
[2023.05.12-12.52.45:591][453]LogScript: Warning: Script Msg: Attempted to access index 1 from array 'Wheels' of length 0 in '/Script/PhysXVehicles.WheeledVehicleMovementComponent'!
[2023.05.12-12.52.45:591][453]PIE: Error: Blueprint Runtime Error: "Accessed None trying to read property CallFunc_Array_Get_Item". Blueprint:  Zhian_BP Function:  Steering Wheel Update Graph:  Steering Wheel Update Node:  Set Steering Angle
[2023.05.12-12.52.45:591][453]PIE: Error: Blueprint Runtime Error: "Accessed None trying to read property CallFunc_Array_Get_Item_1". Blueprint:  Zhian_BP Function:  Steering Wheel Update Graph:  Steering Wheel Update Node:  Set Steering Angle
[2023.05.12-12.52.45:608][454]LogScript: Warning: Script Msg: Attempted to access index 0 from array 'Wheels' of length 0 in '/Script/PhysXVehicles.WheeledVehicleMovementComponent'!
[2023.05.12-12.52.45:608][454]LogScript: Warning: Script Msg: Attempted to access index 1 from array 'Wheels' of length 0 in '/Script/PhysXVehicles.WheeledVehicleMovementComponent'!
[2023.05.12-12.52.45:608][454]PIE: Error: Blueprint Runtime Error: "Accessed None trying to read property CallFunc_Array_Get_Item". Blueprint:  Zhian_BP Function:  Steering Wheel Update Graph:  Steering Wheel Update Node:  Set Steering Angle
[2023.05.12-12.52.45:608][454]PIE: Error: Blueprint Runtime Error: "Accessed None trying to read property CallFunc_Array_Get_Item_1". Blueprint:  Zhian_BP Function:  Steering Wheel Update Graph:  Steering Wheel Update Node:  Set Steering Angle
[2023.05.12-12.52.45:626][455]LogScript: Warning: Script Msg: Attempted to access index 0 from array 'Wheels' of length 0 in '/Script/PhysXVehicles.WheeledVehicleMovementComponent'!
[2023.05.12-12.52.45:626][455]LogScript: Warning: Script Msg: Attempted to access index 1 from array 'Wheels' of length 0 in '/Script/PhysXVehicles.WheeledVehicleMovementComponent'!
[2023.05.12-12.52.45:626][455]PIE: Error: Blueprint Runtime Error: "Accessed None trying to read property CallFunc_Array_Get_Item". Blueprint:  Zhian_BP Function:  Steering Wheel Update Graph:  Steering Wheel Update Node:  Set Steering Angle
[2023.05.12-12.52.45:626][455]PIE: Error: Blueprint Runtime Error: "Accessed None trying to read property CallFunc_Array_Get_Item_1". Blueprint:  Zhian_BP Function:  Steering Wheel Update Graph:  Steering Wheel Update Node:  Set Steering Angle
[2023.05.12-12.52.45:645][456]LogScript: Warning: Script Msg: Attempted to access index 0 from array 'Wheels' of length 0 in '/Script/PhysXVehicles.WheeledVehicleMovementComponent'!
[2023.05.12-12.52.45:645][456]LogScript: Warning: Script Msg: Attempted to access index 1 from array 'Wheels' of length 0 in '/Script/PhysXVehicles.WheeledVehicleMovementComponent'!
[2023.05.12-12.52.45:645][456]PIE: Error: Blueprint Runtime Error: "Accessed None trying to read property CallFunc_Array_Get_Item". Blueprint:  Zhian_BP Function:  Steering Wheel Update Graph:  Steering Wheel Update Node:  Set Steering Angle
[2023.05.12-12.52.45:645][456]PIE: Error: Blueprint Runtime Error: "Accessed None trying to read property CallFunc_Array_Get_Item_1". Blueprint:  Zhian_BP Function:  Steering Wheel Update Graph:  Steering Wheel Update Node:  Set Steering Angle
[2023.05.12-12.52.45:660][457]LogScript: Warning: Script Msg: Attempted to access index 0 from array 'Wheels' of length 0 in '/Script/PhysXVehicles.WheeledVehicleMovementComponent'!
[2023.05.12-12.52.45:660][457]LogScript: Warning: Script Msg: Attempted to access index 1 from array 'Wheels' of length 0 in '/Script/PhysXVehicles.WheeledVehicleMovementComponent'!
[2023.05.12-12.52.45:661][457]PIE: Error: Blueprint Runtime Error: "Accessed None trying to read property CallFunc_Array_Get_Item". Blueprint:  Zhian_BP Function:  Steering Wheel Update Graph:  Steering Wheel Update Node:  Set Steering Angle
[2023.05.12-12.52.45:661][457]PIE: Error: Blueprint Runtime Error: "Accessed None trying to read property CallFunc_Array_Get_Item_1". Blueprint:  Zhian_BP Function:  Steering Wheel Update Graph:  Steering Wheel Update Node:  Set Steering Angle
[2023.05.12-12.52.45:678][458]LogScript: Warning: Script Msg: Attempted to access index 0 from array 'Wheels' of length 0 in '/Script/PhysXVehicles.WheeledVehicleMovementComponent'!
[2023.05.12-12.52.45:678][458]LogScript: Warning: Script Msg: Attempted to access index 1 from array 'Wheels' of length 0 in '/Script/PhysXVehicles.WheeledVehicleMovementComponent'!
[2023.05.12-12.52.45:678][458]PIE: Error: Blueprint Runtime Error: "Accessed None trying to read property CallFunc_Array_Get_Item". Blueprint:  Zhian_BP Function:  Steering Wheel Update Graph:  Steering Wheel Update Node:  Set Steering Angle
[2023.05.12-12.52.45:678][458]PIE: Error: Blueprint Runtime Error: "Accessed None trying to read property CallFunc_Array_Get_Item_1". Blueprint:  Zhian_BP Function:  Steering Wheel Update Graph:  Steering Wheel Update Node:  Set Steering Angle
[2023.05.12-12.52.45:695][459]LogScript: Warning: Script Msg: Attempted to access index 0 from array 'Wheels' of length 0 in '/Script/PhysXVehicles.WheeledVehicleMovementComponent'!
[2023.05.12-12.52.45:695][459]LogScript: Warning: Script Msg: Attempted to access index 1 from array 'Wheels' of length 0 in '/Script/PhysXVehicles.WheeledVehicleMovementComponent'!
[2023.05.12-12.52.45:695][459]PIE: Error: Blueprint Runtime Error: "Accessed None trying to read property CallFunc_Array_Get_Item". Blueprint:  Zhian_BP Function:  Steering Wheel Update Graph:  Steering Wheel Update Node:  Set Steering Angle
[2023.05.12-12.52.45:695][459]PIE: Error: Blueprint Runtime Error: "Accessed None trying to read property CallFunc_Array_Get_Item_1". Blueprint:  Zhian_BP Function:  Steering Wheel Update Graph:  Steering Wheel Update Node:  Set Steering Angle
[2023.05.12-12.52.45:713][460]LogScript: Warning: Script Msg: Attempted to access index 0 from array 'Wheels' of length 0 in '/Script/PhysXVehicles.WheeledVehicleMovementComponent'!
[2023.05.12-12.52.45:713][460]LogScript: Warning: Script Msg: Attempted to access index 1 from array 'Wheels' of length 0 in '/Script/PhysXVehicles.WheeledVehicleMovementComponent'!
[2023.05.12-12.52.45:713][460]PIE: Error: Blueprint Runtime Error: "Accessed None trying to read property CallFunc_Array_Get_Item". Blueprint:  Zhian_BP Function:  Steering Wheel Update Graph:  Steering Wheel Update Node:  Set Steering Angle
[2023.05.12-12.52.45:713][460]PIE: Error: Blueprint Runtime Error: "Accessed None trying to read property CallFunc_Array_Get_Item_1". Blueprint:  Zhian_BP Function:  Steering Wheel Update Graph:  Steering Wheel Update Node:  Set Steering Angle
[2023.05.12-12.52.45:730][461]LogScript: Warning: Script Msg: Attempted to access index 0 from array 'Wheels' of length 0 in '/Script/PhysXVehicles.WheeledVehicleMovementComponent'!
[2023.05.12-12.52.45:730][461]LogScript: Warning: Script Msg: Attempted to access index 1 from array 'Wheels' of length 0 in '/Script/PhysXVehicles.WheeledVehicleMovementComponent'!
[2023.05.12-12.52.45:731][461]PIE: Error: Blueprint Runtime Error: "Accessed None trying to read property CallFunc_Array_Get_Item". Blueprint:  Zhian_BP Function:  Steering Wheel Update Graph:  Steering Wheel Update Node:  Set Steering Angle
[2023.05.12-12.52.45:731][461]PIE: Error: Blueprint Runtime Error: "Accessed None trying to read property CallFunc_Array_Get_Item_1". Blueprint:  Zhian_BP Function:  Steering Wheel Update Graph:  Steering Wheel Update Node:  Set Steering Angle
[2023.05.12-12.52.45:748][462]LogScript: Warning: Script Msg: Attempted to access index 0 from array 'Wheels' of length 0 in '/Script/PhysXVehicles.WheeledVehicleMovementComponent'!
[2023.05.12-12.52.45:748][462]LogScript: Warning: Script Msg: Attempted to access index 1 from array 'Wheels' of length 0 in '/Script/PhysXVehicles.WheeledVehicleMovementComponent'!
[2023.05.12-12.52.45:748][462]PIE: Error: Blueprint Runtime Error: "Accessed None trying to read property CallFunc_Array_Get_Item". Blueprint:  Zhian_BP Function:  Steering Wheel Update Graph:  Steering Wheel Update Node:  Set Steering Angle
[2023.05.12-12.52.45:748][462]PIE: Error: Blueprint Runtime Error: "Accessed None trying to read property CallFunc_Array_Get_Item_1". Blueprint:  Zhian_BP Function:  Steering Wheel Update Graph:  Steering Wheel Update Node:  Set Steering Angle
[2023.05.12-12.52.45:766][463]LogScript: Warning: Script Msg: Attempted to access index 0 from array 'Wheels' of length 0 in '/Script/PhysXVehicles.WheeledVehicleMovementComponent'!
[2023.05.12-12.52.45:766][463]LogScript: Warning: Script Msg: Attempted to access index 1 from array 'Wheels' of length 0 in '/Script/PhysXVehicles.WheeledVehicleMovementComponent'!
[2023.05.12-12.52.45:766][463]PIE: Error: Blueprint Runtime Error: "Accessed None trying to read property CallFunc_Array_Get_Item". Blueprint:  Zhian_BP Function:  Steering Wheel Update Graph:  Steering Wheel Update Node:  Set Steering Angle
[2023.05.12-12.52.45:766][463]PIE: Error: Blueprint Runtime Error: "Accessed None trying to read property CallFunc_Array_Get_Item_1". Blueprint:  Zhian_BP Function:  Steering Wheel Update Graph:  Steering Wheel Update Node:  Set Steering Angle
[2023.05.12-12.52.45:784][464]LogScript: Warning: Script Msg: Attempted to access index 0 from array 'Wheels' of length 0 in '/Script/PhysXVehicles.WheeledVehicleMovementComponent'!
[2023.05.12-12.52.45:784][464]LogScript: Warning: Script Msg: Attempted to access index 1 from array 'Wheels' of length 0 in '/Script/PhysXVehicles.WheeledVehicleMovementComponent'!
[2023.05.12-12.52.45:784][464]PIE: Error: Blueprint Runtime Error: "Accessed None trying to read property CallFunc_Array_Get_Item". Blueprint:  Zhian_BP Function:  Steering Wheel Update Graph:  Steering Wheel Update Node:  Set Steering Angle
[2023.05.12-12.52.45:784][464]PIE: Error: Blueprint Runtime Error: "Accessed None trying to read property CallFunc_Array_Get_Item_1". Blueprint:  Zhian_BP Function:  Steering Wheel Update Graph:  Steering Wheel Update Node:  Set Steering Angle
[2023.05.12-12.52.45:802][465]LogScript: Warning: Script Msg: Attempted to access index 0 from array 'Wheels' of length 0 in '/Script/PhysXVehicles.WheeledVehicleMovementComponent'!
[2023.05.12-12.52.45:802][465]LogScript: Warning: Script Msg: Attempted to access index 1 from array 'Wheels' of length 0 in '/Script/PhysXVehicles.WheeledVehicleMovementComponent'!
[2023.05.12-12.52.45:802][465]PIE: Error: Blueprint Runtime Error: "Accessed None trying to read property CallFunc_Array_Get_Item". Blueprint:  Zhian_BP Function:  Steering Wheel Update Graph:  Steering Wheel Update Node:  Set Steering Angle
[2023.05.12-12.52.45:802][465]PIE: Error: Blueprint Runtime Error: "Accessed None trying to read property CallFunc_Array_Get_Item_1". Blueprint:  Zhian_BP Function:  Steering Wheel Update Graph:  Steering Wheel Update Node:  Set Steering Angle
[2023.05.12-12.52.45:818][466]LogScript: Warning: Script Msg: Attempted to access index 0 from array 'Wheels' of length 0 in '/Script/PhysXVehicles.WheeledVehicleMovementComponent'!
[2023.05.12-12.52.45:818][466]LogScript: Warning: Script Msg: Attempted to access index 1 from array 'Wheels' of length 0 in '/Script/PhysXVehicles.WheeledVehicleMovementComponent'!
[2023.05.12-12.52.45:819][466]PIE: Error: Blueprint Runtime Error: "Accessed None trying to read property CallFunc_Array_Get_Item". Blueprint:  Zhian_BP Function:  Steering Wheel Update Graph:  Steering Wheel Update Node:  Set Steering Angle
[2023.05.12-12.52.45:819][466]PIE: Error: Blueprint Runtime Error: "Accessed None trying to read property CallFunc_Array_Get_Item_1". Blueprint:  Zhian_BP Function:  Steering Wheel Update Graph:  Steering Wheel Update Node:  Set Steering Angle
[2023.05.12-12.52.45:834][467]LogScript: Warning: Script Msg: Attempted to access index 0 from array 'Wheels' of length 0 in '/Script/PhysXVehicles.WheeledVehicleMovementComponent'!
[2023.05.12-12.52.45:834][467]LogScript: Warning: Script Msg: Attempted to access index 1 from array 'Wheels' of length 0 in '/Script/PhysXVehicles.WheeledVehicleMovementComponent'!
[2023.05.12-12.52.45:835][467]PIE: Error: Blueprint Runtime Error: "Accessed None trying to read property CallFunc_Array_Get_Item". Blueprint:  Zhian_BP Function:  Steering Wheel Update Graph:  Steering Wheel Update Node:  Set Steering Angle
[2023.05.12-12.52.45:835][467]PIE: Error: Blueprint Runtime Error: "Accessed None trying to read property CallFunc_Array_Get_Item_1". Blueprint:  Zhian_BP Function:  Steering Wheel Update Graph:  Steering Wheel Update Node:  Set Steering Angle
[2023.05.12-12.52.45:853][468]LogScript: Warning: Script Msg: Attempted to access index 0 from array 'Wheels' of length 0 in '/Script/PhysXVehicles.WheeledVehicleMovementComponent'!
[2023.05.12-12.52.45:853][468]LogScript: Warning: Script Msg: Attempted to access index 1 from array 'Wheels' of length 0 in '/Script/PhysXVehicles.WheeledVehicleMovementComponent'!
[2023.05.12-12.52.45:853][468]PIE: Error: Blueprint Runtime Error: "Accessed None trying to read property CallFunc_Array_Get_Item". Blueprint:  Zhian_BP Function:  Steering Wheel Update Graph:  Steering Wheel Update Node:  Set Steering Angle
[2023.05.12-12.52.45:853][468]PIE: Error: Blueprint Runtime Error: "Accessed None trying to read property CallFunc_Array_Get_Item_1". Blueprint:  Zhian_BP Function:  Steering Wheel Update Graph:  Steering Wheel Update Node:  Set Steering Angle
[2023.05.12-12.52.45:874][469]LogScript: Warning: Script Msg: Attempted to access index 0 from array 'Wheels' of length 0 in '/Script/PhysXVehicles.WheeledVehicleMovementComponent'!
[2023.05.12-12.52.45:874][469]LogScript: Warning: Script Msg: Attempted to access index 1 from array 'Wheels' of length 0 in '/Script/PhysXVehicles.WheeledVehicleMovementComponent'!
[2023.05.12-12.52.45:874][469]PIE: Error: Blueprint Runtime Error: "Accessed None trying to read property CallFunc_Array_Get_Item". Blueprint:  Zhian_BP Function:  Steering Wheel Update Graph:  Steering Wheel Update Node:  Set Steering Angle
[2023.05.12-12.52.45:874][469]PIE: Error: Blueprint Runtime Error: "Accessed None trying to read property CallFunc_Array_Get_Item_1". Blueprint:  Zhian_BP Function:  Steering Wheel Update Graph:  Steering Wheel Update Node:  Set Steering Angle
[2023.05.12-12.52.45:890][470]LogScript: Warning: Script Msg: Attempted to access index 0 from array 'Wheels' of length 0 in '/Script/PhysXVehicles.WheeledVehicleMovementComponent'!
[2023.05.12-12.52.45:890][470]LogScript: Warning: Script Msg: Attempted to access index 1 from array 'Wheels' of length 0 in '/Script/PhysXVehicles.WheeledVehicleMovementComponent'!
[2023.05.12-12.52.45:890][470]PIE: Error: Blueprint Runtime Error: "Accessed None trying to read property CallFunc_Array_Get_Item". Blueprint:  Zhian_BP Function:  Steering Wheel Update Graph:  Steering Wheel Update Node:  Set Steering Angle
[2023.05.12-12.52.45:891][470]PIE: Error: Blueprint Runtime Error: "Accessed None trying to read property CallFunc_Array_Get_Item_1". Blueprint:  Zhian_BP Function:  Steering Wheel Update Graph:  Steering Wheel Update Node:  Set Steering Angle
[2023.05.12-12.52.45:907][471]LogScript: Warning: Script Msg: Attempted to access index 0 from array 'Wheels' of length 0 in '/Script/PhysXVehicles.WheeledVehicleMovementComponent'!
[2023.05.12-12.52.45:907][471]LogScript: Warning: Script Msg: Attempted to access index 1 from array 'Wheels' of length 0 in '/Script/PhysXVehicles.WheeledVehicleMovementComponent'!
[2023.05.12-12.52.45:907][471]PIE: Error: Blueprint Runtime Error: "Accessed None trying to read property CallFunc_Array_Get_Item". Blueprint:  Zhian_BP Function:  Steering Wheel Update Graph:  Steering Wheel Update Node:  Set Steering Angle
[2023.05.12-12.52.45:907][471]PIE: Error: Blueprint Runtime Error: "Accessed None trying to read property CallFunc_Array_Get_Item_1". Blueprint:  Zhian_BP Function:  Steering Wheel Update Graph:  Steering Wheel Update Node:  Set Steering Angle
[2023.05.12-12.52.45:924][472]LogScript: Warning: Script Msg: Attempted to access index 0 from array 'Wheels' of length 0 in '/Script/PhysXVehicles.WheeledVehicleMovementComponent'!
[2023.05.12-12.52.45:924][472]LogScript: Warning: Script Msg: Attempted to access index 1 from array 'Wheels' of length 0 in '/Script/PhysXVehicles.WheeledVehicleMovementComponent'!
[2023.05.12-12.52.45:924][472]PIE: Error: Blueprint Runtime Error: "Accessed None trying to read property CallFunc_Array_Get_Item". Blueprint:  Zhian_BP Function:  Steering Wheel Update Graph:  Steering Wheel Update Node:  Set Steering Angle
[2023.05.12-12.52.45:924][472]PIE: Error: Blueprint Runtime Error: "Accessed None trying to read property CallFunc_Array_Get_Item_1". Blueprint:  Zhian_BP Function:  Steering Wheel Update Graph:  Steering Wheel Update Node:  Set Steering Angle
[2023.05.12-12.52.45:942][473]LogScript: Warning: Script Msg: Attempted to access index 0 from array 'Wheels' of length 0 in '/Script/PhysXVehicles.WheeledVehicleMovementComponent'!
[2023.05.12-12.52.45:942][473]LogScript: Warning: Script Msg: Attempted to access index 1 from array 'Wheels' of length 0 in '/Script/PhysXVehicles.WheeledVehicleMovementComponent'!
[2023.05.12-12.52.45:942][473]PIE: Error: Blueprint Runtime Error: "Accessed None trying to read property CallFunc_Array_Get_Item". Blueprint:  Zhian_BP Function:  Steering Wheel Update Graph:  Steering Wheel Update Node:  Set Steering Angle
[2023.05.12-12.52.45:942][473]PIE: Error: Blueprint Runtime Error: "Accessed None trying to read property CallFunc_Array_Get_Item_1". Blueprint:  Zhian_BP Function:  Steering Wheel Update Graph:  Steering Wheel Update Node:  Set Steering Angle
[2023.05.12-12.52.45:961][474]LogScript: Warning: Script Msg: Attempted to access index 0 from array 'Wheels' of length 0 in '/Script/PhysXVehicles.WheeledVehicleMovementComponent'!
[2023.05.12-12.52.45:961][474]LogScript: Warning: Script Msg: Attempted to access index 1 from array 'Wheels' of length 0 in '/Script/PhysXVehicles.WheeledVehicleMovementComponent'!
[2023.05.12-12.52.45:961][474]PIE: Error: Blueprint Runtime Error: "Accessed None trying to read property CallFunc_Array_Get_Item". Blueprint:  Zhian_BP Function:  Steering Wheel Update Graph:  Steering Wheel Update Node:  Set Steering Angle
[2023.05.12-12.52.45:961][474]PIE: Error: Blueprint Runtime Error: "Accessed None trying to read property CallFunc_Array_Get_Item_1". Blueprint:  Zhian_BP Function:  Steering Wheel Update Graph:  Steering Wheel Update Node:  Set Steering Angle
[2023.05.12-12.52.45:978][475]LogScript: Warning: Script Msg: Attempted to access index 0 from array 'Wheels' of length 0 in '/Script/PhysXVehicles.WheeledVehicleMovementComponent'!
[2023.05.12-12.52.45:978][475]LogScript: Warning: Script Msg: Attempted to access index 1 from array 'Wheels' of length 0 in '/Script/PhysXVehicles.WheeledVehicleMovementComponent'!
[2023.05.12-12.52.45:978][475]PIE: Error: Blueprint Runtime Error: "Accessed None trying to read property CallFunc_Array_Get_Item". Blueprint:  Zhian_BP Function:  Steering Wheel Update Graph:  Steering Wheel Update Node:  Set Steering Angle
[2023.05.12-12.52.45:978][475]PIE: Error: Blueprint Runtime Error: "Accessed None trying to read property CallFunc_Array_Get_Item_1". Blueprint:  Zhian_BP Function:  Steering Wheel Update Graph:  Steering Wheel Update Node:  Set Steering Angle
[2023.05.12-12.52.45:994][476]LogScript: Warning: Script Msg: Attempted to access index 0 from array 'Wheels' of length 0 in '/Script/PhysXVehicles.WheeledVehicleMovementComponent'!
[2023.05.12-12.52.45:994][476]LogScript: Warning: Script Msg: Attempted to access index 1 from array 'Wheels' of length 0 in '/Script/PhysXVehicles.WheeledVehicleMovementComponent'!
[2023.05.12-12.52.45:994][476]PIE: Error: Blueprint Runtime Error: "Accessed None trying to read property CallFunc_Array_Get_Item". Blueprint:  Zhian_BP Function:  Steering Wheel Update Graph:  Steering Wheel Update Node:  Set Steering Angle
[2023.05.12-12.52.45:994][476]PIE: Error: Blueprint Runtime Error: "Accessed None trying to read property CallFunc_Array_Get_Item_1". Blueprint:  Zhian_BP Function:  Steering Wheel Update Graph:  Steering Wheel Update Node:  Set Steering Angle
[2023.05.12-12.52.46:012][477]LogScript: Warning: Script Msg: Attempted to access index 0 from array 'Wheels' of length 0 in '/Script/PhysXVehicles.WheeledVehicleMovementComponent'!
[2023.05.12-12.52.46:012][477]LogScript: Warning: Script Msg: Attempted to access index 1 from array 'Wheels' of length 0 in '/Script/PhysXVehicles.WheeledVehicleMovementComponent'!
[2023.05.12-12.52.46:012][477]PIE: Error: Blueprint Runtime Error: "Accessed None trying to read property CallFunc_Array_Get_Item". Blueprint:  Zhian_BP Function:  Steering Wheel Update Graph:  Steering Wheel Update Node:  Set Steering Angle
[2023.05.12-12.52.46:012][477]PIE: Error: Blueprint Runtime Error: "Accessed None trying to read property CallFunc_Array_Get_Item_1". Blueprint:  Zhian_BP Function:  Steering Wheel Update Graph:  Steering Wheel Update Node:  Set Steering Angle
[2023.05.12-12.52.46:028][478]LogScript: Warning: Script Msg: Attempted to access index 0 from array 'Wheels' of length 0 in '/Script/PhysXVehicles.WheeledVehicleMovementComponent'!
[2023.05.12-12.52.46:028][478]LogScript: Warning: Script Msg: Attempted to access index 1 from array 'Wheels' of length 0 in '/Script/PhysXVehicles.WheeledVehicleMovementComponent'!
[2023.05.12-12.52.46:029][478]PIE: Error: Blueprint Runtime Error: "Accessed None trying to read property CallFunc_Array_Get_Item". Blueprint:  Zhian_BP Function:  Steering Wheel Update Graph:  Steering Wheel Update Node:  Set Steering Angle
[2023.05.12-12.52.46:029][478]PIE: Error: Blueprint Runtime Error: "Accessed None trying to read property CallFunc_Array_Get_Item_1". Blueprint:  Zhian_BP Function:  Steering Wheel Update Graph:  Steering Wheel Update Node:  Set Steering Angle
[2023.05.12-12.52.46:047][479]LogScript: Warning: Script Msg: Attempted to access index 0 from array 'Wheels' of length 0 in '/Script/PhysXVehicles.WheeledVehicleMovementComponent'!
[2023.05.12-12.52.46:047][479]LogScript: Warning: Script Msg: Attempted to access index 1 from array 'Wheels' of length 0 in '/Script/PhysXVehicles.WheeledVehicleMovementComponent'!
[2023.05.12-12.52.46:047][479]PIE: Error: Blueprint Runtime Error: "Accessed None trying to read property CallFunc_Array_Get_Item". Blueprint:  Zhian_BP Function:  Steering Wheel Update Graph:  Steering Wheel Update Node:  Set Steering Angle
[2023.05.12-12.52.46:047][479]PIE: Error: Blueprint Runtime Error: "Accessed None trying to read property CallFunc_Array_Get_Item_1". Blueprint:  Zhian_BP Function:  Steering Wheel Update Graph:  Steering Wheel Update Node:  Set Steering Angle
[2023.05.12-12.52.46:063][480]LogScript: Warning: Script Msg: Attempted to access index 0 from array 'Wheels' of length 0 in '/Script/PhysXVehicles.WheeledVehicleMovementComponent'!
[2023.05.12-12.52.46:063][480]LogScript: Warning: Script Msg: Attempted to access index 1 from array 'Wheels' of length 0 in '/Script/PhysXVehicles.WheeledVehicleMovementComponent'!
[2023.05.12-12.52.46:063][480]PIE: Error: Blueprint Runtime Error: "Accessed None trying to read property CallFunc_Array_Get_Item". Blueprint:  Zhian_BP Function:  Steering Wheel Update Graph:  Steering Wheel Update Node:  Set Steering Angle
[2023.05.12-12.52.46:064][480]PIE: Error: Blueprint Runtime Error: "Accessed None trying to read property CallFunc_Array_Get_Item_1". Blueprint:  Zhian_BP Function:  Steering Wheel Update Graph:  Steering Wheel Update Node:  Set Steering Angle
[2023.05.12-12.52.46:081][481]LogScript: Warning: Script Msg: Attempted to access index 0 from array 'Wheels' of length 0 in '/Script/PhysXVehicles.WheeledVehicleMovementComponent'!
[2023.05.12-12.52.46:081][481]LogScript: Warning: Script Msg: Attempted to access index 1 from array 'Wheels' of length 0 in '/Script/PhysXVehicles.WheeledVehicleMovementComponent'!
[2023.05.12-12.52.46:081][481]PIE: Error: Blueprint Runtime Error: "Accessed None trying to read property CallFunc_Array_Get_Item". Blueprint:  Zhian_BP Function:  Steering Wheel Update Graph:  Steering Wheel Update Node:  Set Steering Angle
[2023.05.12-12.52.46:081][481]PIE: Error: Blueprint Runtime Error: "Accessed None trying to read property CallFunc_Array_Get_Item_1". Blueprint:  Zhian_BP Function:  Steering Wheel Update Graph:  Steering Wheel Update Node:  Set Steering Angle
[2023.05.12-12.52.46:098][482]LogScript: Warning: Script Msg: Attempted to access index 0 from array 'Wheels' of length 0 in '/Script/PhysXVehicles.WheeledVehicleMovementComponent'!
[2023.05.12-12.52.46:098][482]LogScript: Warning: Script Msg: Attempted to access index 1 from array 'Wheels' of length 0 in '/Script/PhysXVehicles.WheeledVehicleMovementComponent'!
[2023.05.12-12.52.46:098][482]PIE: Error: Blueprint Runtime Error: "Accessed None trying to read property CallFunc_Array_Get_Item". Blueprint:  Zhian_BP Function:  Steering Wheel Update Graph:  Steering Wheel Update Node:  Set Steering Angle
[2023.05.12-12.52.46:099][482]PIE: Error: Blueprint Runtime Error: "Accessed None trying to read property CallFunc_Array_Get_Item_1". Blueprint:  Zhian_BP Function:  Steering Wheel Update Graph:  Steering Wheel Update Node:  Set Steering Angle
[2023.05.12-12.52.46:117][483]LogScript: Warning: Script Msg: Attempted to access index 0 from array 'Wheels' of length 0 in '/Script/PhysXVehicles.WheeledVehicleMovementComponent'!
[2023.05.12-12.52.46:117][483]LogScript: Warning: Script Msg: Attempted to access index 1 from array 'Wheels' of length 0 in '/Script/PhysXVehicles.WheeledVehicleMovementComponent'!
[2023.05.12-12.52.46:117][483]PIE: Error: Blueprint Runtime Error: "Accessed None trying to read property CallFunc_Array_Get_Item". Blueprint:  Zhian_BP Function:  Steering Wheel Update Graph:  Steering Wheel Update Node:  Set Steering Angle
[2023.05.12-12.52.46:117][483]PIE: Error: Blueprint Runtime Error: "Accessed None trying to read property CallFunc_Array_Get_Item_1". Blueprint:  Zhian_BP Function:  Steering Wheel Update Graph:  Steering Wheel Update Node:  Set Steering Angle
[2023.05.12-12.52.46:134][484]LogScript: Warning: Script Msg: Attempted to access index 0 from array 'Wheels' of length 0 in '/Script/PhysXVehicles.WheeledVehicleMovementComponent'!
[2023.05.12-12.52.46:134][484]LogScript: Warning: Script Msg: Attempted to access index 1 from array 'Wheels' of length 0 in '/Script/PhysXVehicles.WheeledVehicleMovementComponent'!
[2023.05.12-12.52.46:134][484]PIE: Error: Blueprint Runtime Error: "Accessed None trying to read property CallFunc_Array_Get_Item". Blueprint:  Zhian_BP Function:  Steering Wheel Update Graph:  Steering Wheel Update Node:  Set Steering Angle
[2023.05.12-12.52.46:134][484]PIE: Error: Blueprint Runtime Error: "Accessed None trying to read property CallFunc_Array_Get_Item_1". Blueprint:  Zhian_BP Function:  Steering Wheel Update Graph:  Steering Wheel Update Node:  Set Steering Angle
[2023.05.12-12.52.46:151][485]LogScript: Warning: Script Msg: Attempted to access index 0 from array 'Wheels' of length 0 in '/Script/PhysXVehicles.WheeledVehicleMovementComponent'!
[2023.05.12-12.52.46:151][485]LogScript: Warning: Script Msg: Attempted to access index 1 from array 'Wheels' of length 0 in '/Script/PhysXVehicles.WheeledVehicleMovementComponent'!
[2023.05.12-12.52.46:151][485]PIE: Error: Blueprint Runtime Error: "Accessed None trying to read property CallFunc_Array_Get_Item". Blueprint:  Zhian_BP Function:  Steering Wheel Update Graph:  Steering Wheel Update Node:  Set Steering Angle
[2023.05.12-12.52.46:151][485]PIE: Error: Blueprint Runtime Error: "Accessed None trying to read property CallFunc_Array_Get_Item_1". Blueprint:  Zhian_BP Function:  Steering Wheel Update Graph:  Steering Wheel Update Node:  Set Steering Angle
[2023.05.12-12.52.46:169][486]LogScript: Warning: Script Msg: Attempted to access index 0 from array 'Wheels' of length 0 in '/Script/PhysXVehicles.WheeledVehicleMovementComponent'!
[2023.05.12-12.52.46:169][486]LogScript: Warning: Script Msg: Attempted to access index 1 from array 'Wheels' of length 0 in '/Script/PhysXVehicles.WheeledVehicleMovementComponent'!
[2023.05.12-12.52.46:169][486]PIE: Error: Blueprint Runtime Error: "Accessed None trying to read property CallFunc_Array_Get_Item". Blueprint:  Zhian_BP Function:  Steering Wheel Update Graph:  Steering Wheel Update Node:  Set Steering Angle
[2023.05.12-12.52.46:169][486]PIE: Error: Blueprint Runtime Error: "Accessed None trying to read property CallFunc_Array_Get_Item_1". Blueprint:  Zhian_BP Function:  Steering Wheel Update Graph:  Steering Wheel Update Node:  Set Steering Angle
[2023.05.12-12.52.46:188][487]LogScript: Warning: Script Msg: Attempted to access index 0 from array 'Wheels' of length 0 in '/Script/PhysXVehicles.WheeledVehicleMovementComponent'!
[2023.05.12-12.52.46:188][487]LogScript: Warning: Script Msg: Attempted to access index 1 from array 'Wheels' of length 0 in '/Script/PhysXVehicles.WheeledVehicleMovementComponent'!
[2023.05.12-12.52.46:188][487]PIE: Error: Blueprint Runtime Error: "Accessed None trying to read property CallFunc_Array_Get_Item". Blueprint:  Zhian_BP Function:  Steering Wheel Update Graph:  Steering Wheel Update Node:  Set Steering Angle
[2023.05.12-12.52.46:188][487]PIE: Error: Blueprint Runtime Error: "Accessed None trying to read property CallFunc_Array_Get_Item_1". Blueprint:  Zhian_BP Function:  Steering Wheel Update Graph:  Steering Wheel Update Node:  Set Steering Angle
[2023.05.12-12.52.46:205][488]LogScript: Warning: Script Msg: Attempted to access index 0 from array 'Wheels' of length 0 in '/Script/PhysXVehicles.WheeledVehicleMovementComponent'!
[2023.05.12-12.52.46:205][488]LogScript: Warning: Script Msg: Attempted to access index 1 from array 'Wheels' of length 0 in '/Script/PhysXVehicles.WheeledVehicleMovementComponent'!
[2023.05.12-12.52.46:205][488]PIE: Error: Blueprint Runtime Error: "Accessed None trying to read property CallFunc_Array_Get_Item". Blueprint:  Zhian_BP Function:  Steering Wheel Update Graph:  Steering Wheel Update Node:  Set Steering Angle
[2023.05.12-12.52.46:205][488]PIE: Error: Blueprint Runtime Error: "Accessed None trying to read property CallFunc_Array_Get_Item_1". Blueprint:  Zhian_BP Function:  Steering Wheel Update Graph:  Steering Wheel Update Node:  Set Steering Angle
[2023.05.12-12.52.46:223][489]LogScript: Warning: Script Msg: Attempted to access index 0 from array 'Wheels' of length 0 in '/Script/PhysXVehicles.WheeledVehicleMovementComponent'!
[2023.05.12-12.52.46:223][489]LogScript: Warning: Script Msg: Attempted to access index 1 from array 'Wheels' of length 0 in '/Script/PhysXVehicles.WheeledVehicleMovementComponent'!
[2023.05.12-12.52.46:223][489]PIE: Error: Blueprint Runtime Error: "Accessed None trying to read property CallFunc_Array_Get_Item". Blueprint:  Zhian_BP Function:  Steering Wheel Update Graph:  Steering Wheel Update Node:  Set Steering Angle
[2023.05.12-12.52.46:223][489]PIE: Error: Blueprint Runtime Error: "Accessed None trying to read property CallFunc_Array_Get_Item_1". Blueprint:  Zhian_BP Function:  Steering Wheel Update Graph:  Steering Wheel Update Node:  Set Steering Angle
[2023.05.12-12.52.46:241][490]LogScript: Warning: Script Msg: Attempted to access index 0 from array 'Wheels' of length 0 in '/Script/PhysXVehicles.WheeledVehicleMovementComponent'!
[2023.05.12-12.52.46:241][490]LogScript: Warning: Script Msg: Attempted to access index 1 from array 'Wheels' of length 0 in '/Script/PhysXVehicles.WheeledVehicleMovementComponent'!
[2023.05.12-12.52.46:241][490]PIE: Error: Blueprint Runtime Error: "Accessed None trying to read property CallFunc_Array_Get_Item". Blueprint:  Zhian_BP Function:  Steering Wheel Update Graph:  Steering Wheel Update Node:  Set Steering Angle
[2023.05.12-12.52.46:241][490]PIE: Error: Blueprint Runtime Error: "Accessed None trying to read property CallFunc_Array_Get_Item_1". Blueprint:  Zhian_BP Function:  Steering Wheel Update Graph:  Steering Wheel Update Node:  Set Steering Angle
[2023.05.12-12.52.46:258][491]LogScript: Warning: Script Msg: Attempted to access index 0 from array 'Wheels' of length 0 in '/Script/PhysXVehicles.WheeledVehicleMovementComponent'!
[2023.05.12-12.52.46:258][491]LogScript: Warning: Script Msg: Attempted to access index 1 from array 'Wheels' of length 0 in '/Script/PhysXVehicles.WheeledVehicleMovementComponent'!
[2023.05.12-12.52.46:258][491]PIE: Error: Blueprint Runtime Error: "Accessed None trying to read property CallFunc_Array_Get_Item". Blueprint:  Zhian_BP Function:  Steering Wheel Update Graph:  Steering Wheel Update Node:  Set Steering Angle
[2023.05.12-12.52.46:258][491]PIE: Error: Blueprint Runtime Error: "Accessed None trying to read property CallFunc_Array_Get_Item_1". Blueprint:  Zhian_BP Function:  Steering Wheel Update Graph:  Steering Wheel Update Node:  Set Steering Angle
[2023.05.12-12.52.46:276][492]LogScript: Warning: Script Msg: Attempted to access index 0 from array 'Wheels' of length 0 in '/Script/PhysXVehicles.WheeledVehicleMovementComponent'!
[2023.05.12-12.52.46:276][492]LogScript: Warning: Script Msg: Attempted to access index 1 from array 'Wheels' of length 0 in '/Script/PhysXVehicles.WheeledVehicleMovementComponent'!
[2023.05.12-12.52.46:276][492]PIE: Error: Blueprint Runtime Error: "Accessed None trying to read property CallFunc_Array_Get_Item". Blueprint:  Zhian_BP Function:  Steering Wheel Update Graph:  Steering Wheel Update Node:  Set Steering Angle
[2023.05.12-12.52.46:276][492]PIE: Error: Blueprint Runtime Error: "Accessed None trying to read property CallFunc_Array_Get_Item_1". Blueprint:  Zhian_BP Function:  Steering Wheel Update Graph:  Steering Wheel Update Node:  Set Steering Angle
[2023.05.12-12.52.46:293][493]LogScript: Warning: Script Msg: Attempted to access index 0 from array 'Wheels' of length 0 in '/Script/PhysXVehicles.WheeledVehicleMovementComponent'!
[2023.05.12-12.52.46:293][493]LogScript: Warning: Script Msg: Attempted to access index 1 from array 'Wheels' of length 0 in '/Script/PhysXVehicles.WheeledVehicleMovementComponent'!
[2023.05.12-12.52.46:293][493]PIE: Error: Blueprint Runtime Error: "Accessed None trying to read property CallFunc_Array_Get_Item". Blueprint:  Zhian_BP Function:  Steering Wheel Update Graph:  Steering Wheel Update Node:  Set Steering Angle
[2023.05.12-12.52.46:293][493]PIE: Error: Blueprint Runtime Error: "Accessed None trying to read property CallFunc_Array_Get_Item_1". Blueprint:  Zhian_BP Function:  Steering Wheel Update Graph:  Steering Wheel Update Node:  Set Steering Angle
[2023.05.12-12.52.46:311][494]LogScript: Warning: Script Msg: Attempted to access index 0 from array 'Wheels' of length 0 in '/Script/PhysXVehicles.WheeledVehicleMovementComponent'!
[2023.05.12-12.52.46:311][494]LogScript: Warning: Script Msg: Attempted to access index 1 from array 'Wheels' of length 0 in '/Script/PhysXVehicles.WheeledVehicleMovementComponent'!
[2023.05.12-12.52.46:311][494]PIE: Error: Blueprint Runtime Error: "Accessed None trying to read property CallFunc_Array_Get_Item". Blueprint:  Zhian_BP Function:  Steering Wheel Update Graph:  Steering Wheel Update Node:  Set Steering Angle
[2023.05.12-12.52.46:311][494]PIE: Error: Blueprint Runtime Error: "Accessed None trying to read property CallFunc_Array_Get_Item_1". Blueprint:  Zhian_BP Function:  Steering Wheel Update Graph:  Steering Wheel Update Node:  Set Steering Angle
[2023.05.12-12.52.46:328][495]LogScript: Warning: Script Msg: Attempted to access index 0 from array 'Wheels' of length 0 in '/Script/PhysXVehicles.WheeledVehicleMovementComponent'!
[2023.05.12-12.52.46:328][495]LogScript: Warning: Script Msg: Attempted to access index 1 from array 'Wheels' of length 0 in '/Script/PhysXVehicles.WheeledVehicleMovementComponent'!
[2023.05.12-12.52.46:328][495]PIE: Error: Blueprint Runtime Error: "Accessed None trying to read property CallFunc_Array_Get_Item". Blueprint:  Zhian_BP Function:  Steering Wheel Update Graph:  Steering Wheel Update Node:  Set Steering Angle
[2023.05.12-12.52.46:328][495]PIE: Error: Blueprint Runtime Error: "Accessed None trying to read property CallFunc_Array_Get_Item_1". Blueprint:  Zhian_BP Function:  Steering Wheel Update Graph:  Steering Wheel Update Node:  Set Steering Angle
[2023.05.12-12.52.46:346][496]LogScript: Warning: Script Msg: Attempted to access index 0 from array 'Wheels' of length 0 in '/Script/PhysXVehicles.WheeledVehicleMovementComponent'!
[2023.05.12-12.52.46:346][496]LogScript: Warning: Script Msg: Attempted to access index 1 from array 'Wheels' of length 0 in '/Script/PhysXVehicles.WheeledVehicleMovementComponent'!
[2023.05.12-12.52.46:346][496]PIE: Error: Blueprint Runtime Error: "Accessed None trying to read property CallFunc_Array_Get_Item". Blueprint:  Zhian_BP Function:  Steering Wheel Update Graph:  Steering Wheel Update Node:  Set Steering Angle
[2023.05.12-12.52.46:346][496]PIE: Error: Blueprint Runtime Error: "Accessed None trying to read property CallFunc_Array_Get_Item_1". Blueprint:  Zhian_BP Function:  Steering Wheel Update Graph:  Steering Wheel Update Node:  Set Steering Angle
[2023.05.12-12.52.46:362][497]LogScript: Warning: Script Msg: Attempted to access index 0 from array 'Wheels' of length 0 in '/Script/PhysXVehicles.WheeledVehicleMovementComponent'!
[2023.05.12-12.52.46:364][497]LogScript: Warning: Script Msg: Attempted to access index 1 from array 'Wheels' of length 0 in '/Script/PhysXVehicles.WheeledVehicleMovementComponent'!
[2023.05.12-12.52.46:364][497]PIE: Error: Blueprint Runtime Error: "Accessed None trying to read property CallFunc_Array_Get_Item". Blueprint:  Zhian_BP Function:  Steering Wheel Update Graph:  Steering Wheel Update Node:  Set Steering Angle
[2023.05.12-12.52.46:364][497]PIE: Error: Blueprint Runtime Error: "Accessed None trying to read property CallFunc_Array_Get_Item_1". Blueprint:  Zhian_BP Function:  Steering Wheel Update Graph:  Steering Wheel Update Node:  Set Steering Angle
[2023.05.12-12.52.46:381][498]LogScript: Warning: Script Msg: Attempted to access index 0 from array 'Wheels' of length 0 in '/Script/PhysXVehicles.WheeledVehicleMovementComponent'!
[2023.05.12-12.52.46:381][498]LogScript: Warning: Script Msg: Attempted to access index 1 from array 'Wheels' of length 0 in '/Script/PhysXVehicles.WheeledVehicleMovementComponent'!
[2023.05.12-12.52.46:381][498]PIE: Error: Blueprint Runtime Error: "Accessed None trying to read property CallFunc_Array_Get_Item". Blueprint:  Zhian_BP Function:  Steering Wheel Update Graph:  Steering Wheel Update Node:  Set Steering Angle
[2023.05.12-12.52.46:381][498]PIE: Error: Blueprint Runtime Error: "Accessed None trying to read property CallFunc_Array_Get_Item_1". Blueprint:  Zhian_BP Function:  Steering Wheel Update Graph:  Steering Wheel Update Node:  Set Steering Angle
[2023.05.12-12.52.46:399][499]LogScript: Warning: Script Msg: Attempted to access index 0 from array 'Wheels' of length 0 in '/Script/PhysXVehicles.WheeledVehicleMovementComponent'!
[2023.05.12-12.52.46:399][499]LogScript: Warning: Script Msg: Attempted to access index 1 from array 'Wheels' of length 0 in '/Script/PhysXVehicles.WheeledVehicleMovementComponent'!
[2023.05.12-12.52.46:399][499]PIE: Error: Blueprint Runtime Error: "Accessed None trying to read property CallFunc_Array_Get_Item". Blueprint:  Zhian_BP Function:  Steering Wheel Update Graph:  Steering Wheel Update Node:  Set Steering Angle
[2023.05.12-12.52.46:399][499]PIE: Error: Blueprint Runtime Error: "Accessed None trying to read property CallFunc_Array_Get_Item_1". Blueprint:  Zhian_BP Function:  Steering Wheel Update Graph:  Steering Wheel Update Node:  Set Steering Angle
[2023.05.12-12.52.46:417][500]LogScript: Warning: Script Msg: Attempted to access index 0 from array 'Wheels' of length 0 in '/Script/PhysXVehicles.WheeledVehicleMovementComponent'!
[2023.05.12-12.52.46:417][500]LogScript: Warning: Script Msg: Attempted to access index 1 from array 'Wheels' of length 0 in '/Script/PhysXVehicles.WheeledVehicleMovementComponent'!
[2023.05.12-12.52.46:417][500]PIE: Error: Blueprint Runtime Error: "Accessed None trying to read property CallFunc_Array_Get_Item". Blueprint:  Zhian_BP Function:  Steering Wheel Update Graph:  Steering Wheel Update Node:  Set Steering Angle
[2023.05.12-12.52.46:417][500]PIE: Error: Blueprint Runtime Error: "Accessed None trying to read property CallFunc_Array_Get_Item_1". Blueprint:  Zhian_BP Function:  Steering Wheel Update Graph:  Steering Wheel Update Node:  Set Steering Angle
[2023.05.12-12.52.46:435][501]LogScript: Warning: Script Msg: Attempted to access index 0 from array 'Wheels' of length 0 in '/Script/PhysXVehicles.WheeledVehicleMovementComponent'!
[2023.05.12-12.52.46:435][501]LogScript: Warning: Script Msg: Attempted to access index 1 from array 'Wheels' of length 0 in '/Script/PhysXVehicles.WheeledVehicleMovementComponent'!
[2023.05.12-12.52.46:435][501]PIE: Error: Blueprint Runtime Error: "Accessed None trying to read property CallFunc_Array_Get_Item". Blueprint:  Zhian_BP Function:  Steering Wheel Update Graph:  Steering Wheel Update Node:  Set Steering Angle
[2023.05.12-12.52.46:435][501]PIE: Error: Blueprint Runtime Error: "Accessed None trying to read property CallFunc_Array_Get_Item_1". Blueprint:  Zhian_BP Function:  Steering Wheel Update Graph:  Steering Wheel Update Node:  Set Steering Angle
[2023.05.12-12.52.46:451][502]LogScript: Warning: Script Msg: Attempted to access index 0 from array 'Wheels' of length 0 in '/Script/PhysXVehicles.WheeledVehicleMovementComponent'!
[2023.05.12-12.52.46:451][502]LogScript: Warning: Script Msg: Attempted to access index 1 from array 'Wheels' of length 0 in '/Script/PhysXVehicles.WheeledVehicleMovementComponent'!
[2023.05.12-12.52.46:451][502]PIE: Error: Blueprint Runtime Error: "Accessed None trying to read property CallFunc_Array_Get_Item". Blueprint:  Zhian_BP Function:  Steering Wheel Update Graph:  Steering Wheel Update Node:  Set Steering Angle
[2023.05.12-12.52.46:451][502]PIE: Error: Blueprint Runtime Error: "Accessed None trying to read property CallFunc_Array_Get_Item_1". Blueprint:  Zhian_BP Function:  Steering Wheel Update Graph:  Steering Wheel Update Node:  Set Steering Angle
[2023.05.12-12.52.46:468][503]LogScript: Warning: Script Msg: Attempted to access index 0 from array 'Wheels' of length 0 in '/Script/PhysXVehicles.WheeledVehicleMovementComponent'!
[2023.05.12-12.52.46:468][503]LogScript: Warning: Script Msg: Attempted to access index 1 from array 'Wheels' of length 0 in '/Script/PhysXVehicles.WheeledVehicleMovementComponent'!
[2023.05.12-12.52.46:468][503]PIE: Error: Blueprint Runtime Error: "Accessed None trying to read property CallFunc_Array_Get_Item". Blueprint:  Zhian_BP Function:  Steering Wheel Update Graph:  Steering Wheel Update Node:  Set Steering Angle
[2023.05.12-12.52.46:468][503]PIE: Error: Blueprint Runtime Error: "Accessed None trying to read property CallFunc_Array_Get_Item_1". Blueprint:  Zhian_BP Function:  Steering Wheel Update Graph:  Steering Wheel Update Node:  Set Steering Angle
[2023.05.12-12.52.46:485][504]LogScript: Warning: Script Msg: Attempted to access index 0 from array 'Wheels' of length 0 in '/Script/PhysXVehicles.WheeledVehicleMovementComponent'!
[2023.05.12-12.52.46:485][504]LogScript: Warning: Script Msg: Attempted to access index 1 from array 'Wheels' of length 0 in '/Script/PhysXVehicles.WheeledVehicleMovementComponent'!
[2023.05.12-12.52.46:487][504]PIE: Error: Blueprint Runtime Error: "Accessed None trying to read property CallFunc_Array_Get_Item". Blueprint:  Zhian_BP Function:  Steering Wheel Update Graph:  Steering Wheel Update Node:  Set Steering Angle
[2023.05.12-12.52.46:487][504]PIE: Error: Blueprint Runtime Error: "Accessed None trying to read property CallFunc_Array_Get_Item_1". Blueprint:  Zhian_BP Function:  Steering Wheel Update Graph:  Steering Wheel Update Node:  Set Steering Angle
[2023.05.12-12.52.46:504][505]LogScript: Warning: Script Msg: Attempted to access index 0 from array 'Wheels' of length 0 in '/Script/PhysXVehicles.WheeledVehicleMovementComponent'!
[2023.05.12-12.52.46:504][505]LogScript: Warning: Script Msg: Attempted to access index 1 from array 'Wheels' of length 0 in '/Script/PhysXVehicles.WheeledVehicleMovementComponent'!
[2023.05.12-12.52.46:504][505]PIE: Error: Blueprint Runtime Error: "Accessed None trying to read property CallFunc_Array_Get_Item". Blueprint:  Zhian_BP Function:  Steering Wheel Update Graph:  Steering Wheel Update Node:  Set Steering Angle
[2023.05.12-12.52.46:504][505]PIE: Error: Blueprint Runtime Error: "Accessed None trying to read property CallFunc_Array_Get_Item_1". Blueprint:  Zhian_BP Function:  Steering Wheel Update Graph:  Steering Wheel Update Node:  Set Steering Angle
[2023.05.12-12.52.46:521][506]LogScript: Warning: Script Msg: Attempted to access index 0 from array 'Wheels' of length 0 in '/Script/PhysXVehicles.WheeledVehicleMovementComponent'!
[2023.05.12-12.52.46:521][506]LogScript: Warning: Script Msg: Attempted to access index 1 from array 'Wheels' of length 0 in '/Script/PhysXVehicles.WheeledVehicleMovementComponent'!
[2023.05.12-12.52.46:521][506]PIE: Error: Blueprint Runtime Error: "Accessed None trying to read property CallFunc_Array_Get_Item". Blueprint:  Zhian_BP Function:  Steering Wheel Update Graph:  Steering Wheel Update Node:  Set Steering Angle
[2023.05.12-12.52.46:522][506]PIE: Error: Blueprint Runtime Error: "Accessed None trying to read property CallFunc_Array_Get_Item_1". Blueprint:  Zhian_BP Function:  Steering Wheel Update Graph:  Steering Wheel Update Node:  Set Steering Angle
[2023.05.12-12.52.46:538][507]LogScript: Warning: Script Msg: Attempted to access index 0 from array 'Wheels' of length 0 in '/Script/PhysXVehicles.WheeledVehicleMovementComponent'!
[2023.05.12-12.52.46:539][507]LogScript: Warning: Script Msg: Attempted to access index 1 from array 'Wheels' of length 0 in '/Script/PhysXVehicles.WheeledVehicleMovementComponent'!
[2023.05.12-12.52.46:539][507]PIE: Error: Blueprint Runtime Error: "Accessed None trying to read property CallFunc_Array_Get_Item". Blueprint:  Zhian_BP Function:  Steering Wheel Update Graph:  Steering Wheel Update Node:  Set Steering Angle
[2023.05.12-12.52.46:539][507]PIE: Error: Blueprint Runtime Error: "Accessed None trying to read property CallFunc_Array_Get_Item_1". Blueprint:  Zhian_BP Function:  Steering Wheel Update Graph:  Steering Wheel Update Node:  Set Steering Angle
[2023.05.12-12.52.46:555][508]LogScript: Warning: Script Msg: Attempted to access index 0 from array 'Wheels' of length 0 in '/Script/PhysXVehicles.WheeledVehicleMovementComponent'!
[2023.05.12-12.52.46:555][508]LogScript: Warning: Script Msg: Attempted to access index 1 from array 'Wheels' of length 0 in '/Script/PhysXVehicles.WheeledVehicleMovementComponent'!
[2023.05.12-12.52.46:555][508]PIE: Error: Blueprint Runtime Error: "Accessed None trying to read property CallFunc_Array_Get_Item". Blueprint:  Zhian_BP Function:  Steering Wheel Update Graph:  Steering Wheel Update Node:  Set Steering Angle
[2023.05.12-12.52.46:556][508]PIE: Error: Blueprint Runtime Error: "Accessed None trying to read property CallFunc_Array_Get_Item_1". Blueprint:  Zhian_BP Function:  Steering Wheel Update Graph:  Steering Wheel Update Node:  Set Steering Angle
[2023.05.12-12.52.46:573][509]LogScript: Warning: Script Msg: Attempted to access index 0 from array 'Wheels' of length 0 in '/Script/PhysXVehicles.WheeledVehicleMovementComponent'!
[2023.05.12-12.52.46:573][509]LogScript: Warning: Script Msg: Attempted to access index 1 from array 'Wheels' of length 0 in '/Script/PhysXVehicles.WheeledVehicleMovementComponent'!
[2023.05.12-12.52.46:573][509]PIE: Error: Blueprint Runtime Error: "Accessed None trying to read property CallFunc_Array_Get_Item". Blueprint:  Zhian_BP Function:  Steering Wheel Update Graph:  Steering Wheel Update Node:  Set Steering Angle
[2023.05.12-12.52.46:573][509]PIE: Error: Blueprint Runtime Error: "Accessed None trying to read property CallFunc_Array_Get_Item_1". Blueprint:  Zhian_BP Function:  Steering Wheel Update Graph:  Steering Wheel Update Node:  Set Steering Angle
[2023.05.12-12.52.46:590][510]LogScript: Warning: Script Msg: Attempted to access index 0 from array 'Wheels' of length 0 in '/Script/PhysXVehicles.WheeledVehicleMovementComponent'!
[2023.05.12-12.52.46:590][510]LogScript: Warning: Script Msg: Attempted to access index 1 from array 'Wheels' of length 0 in '/Script/PhysXVehicles.WheeledVehicleMovementComponent'!
[2023.05.12-12.52.46:590][510]PIE: Error: Blueprint Runtime Error: "Accessed None trying to read property CallFunc_Array_Get_Item". Blueprint:  Zhian_BP Function:  Steering Wheel Update Graph:  Steering Wheel Update Node:  Set Steering Angle
[2023.05.12-12.52.46:591][510]PIE: Error: Blueprint Runtime Error: "Accessed None trying to read property CallFunc_Array_Get_Item_1". Blueprint:  Zhian_BP Function:  Steering Wheel Update Graph:  Steering Wheel Update Node:  Set Steering Angle
[2023.05.12-12.52.46:608][511]LogScript: Warning: Script Msg: Attempted to access index 0 from array 'Wheels' of length 0 in '/Script/PhysXVehicles.WheeledVehicleMovementComponent'!
[2023.05.12-12.52.46:608][511]LogScript: Warning: Script Msg: Attempted to access index 1 from array 'Wheels' of length 0 in '/Script/PhysXVehicles.WheeledVehicleMovementComponent'!
[2023.05.12-12.52.46:608][511]PIE: Error: Blueprint Runtime Error: "Accessed None trying to read property CallFunc_Array_Get_Item". Blueprint:  Zhian_BP Function:  Steering Wheel Update Graph:  Steering Wheel Update Node:  Set Steering Angle
[2023.05.12-12.52.46:608][511]PIE: Error: Blueprint Runtime Error: "Accessed None trying to read property CallFunc_Array_Get_Item_1". Blueprint:  Zhian_BP Function:  Steering Wheel Update Graph:  Steering Wheel Update Node:  Set Steering Angle
[2023.05.12-12.52.46:625][512]LogScript: Warning: Script Msg: Attempted to access index 0 from array 'Wheels' of length 0 in '/Script/PhysXVehicles.WheeledVehicleMovementComponent'!
[2023.05.12-12.52.46:625][512]LogScript: Warning: Script Msg: Attempted to access index 1 from array 'Wheels' of length 0 in '/Script/PhysXVehicles.WheeledVehicleMovementComponent'!
[2023.05.12-12.52.46:625][512]PIE: Error: Blueprint Runtime Error: "Accessed None trying to read property CallFunc_Array_Get_Item". Blueprint:  Zhian_BP Function:  Steering Wheel Update Graph:  Steering Wheel Update Node:  Set Steering Angle
[2023.05.12-12.52.46:625][512]PIE: Error: Blueprint Runtime Error: "Accessed None trying to read property CallFunc_Array_Get_Item_1". Blueprint:  Zhian_BP Function:  Steering Wheel Update Graph:  Steering Wheel Update Node:  Set Steering Angle
[2023.05.12-12.52.46:642][513]LogScript: Warning: Script Msg: Attempted to access index 0 from array 'Wheels' of length 0 in '/Script/PhysXVehicles.WheeledVehicleMovementComponent'!
[2023.05.12-12.52.46:642][513]LogScript: Warning: Script Msg: Attempted to access index 1 from array 'Wheels' of length 0 in '/Script/PhysXVehicles.WheeledVehicleMovementComponent'!
[2023.05.12-12.52.46:642][513]PIE: Error: Blueprint Runtime Error: "Accessed None trying to read property CallFunc_Array_Get_Item". Blueprint:  Zhian_BP Function:  Steering Wheel Update Graph:  Steering Wheel Update Node:  Set Steering Angle
[2023.05.12-12.52.46:642][513]PIE: Error: Blueprint Runtime Error: "Accessed None trying to read property CallFunc_Array_Get_Item_1". Blueprint:  Zhian_BP Function:  Steering Wheel Update Graph:  Steering Wheel Update Node:  Set Steering Angle
[2023.05.12-12.52.46:659][514]LogScript: Warning: Script Msg: Attempted to access index 0 from array 'Wheels' of length 0 in '/Script/PhysXVehicles.WheeledVehicleMovementComponent'!
[2023.05.12-12.52.46:659][514]LogScript: Warning: Script Msg: Attempted to access index 1 from array 'Wheels' of length 0 in '/Script/PhysXVehicles.WheeledVehicleMovementComponent'!
[2023.05.12-12.52.46:659][514]PIE: Error: Blueprint Runtime Error: "Accessed None trying to read property CallFunc_Array_Get_Item". Blueprint:  Zhian_BP Function:  Steering Wheel Update Graph:  Steering Wheel Update Node:  Set Steering Angle
[2023.05.12-12.52.46:659][514]PIE: Error: Blueprint Runtime Error: "Accessed None trying to read property CallFunc_Array_Get_Item_1". Blueprint:  Zhian_BP Function:  Steering Wheel Update Graph:  Steering Wheel Update Node:  Set Steering Angle
[2023.05.12-12.52.46:677][515]LogScript: Warning: Script Msg: Attempted to access index 0 from array 'Wheels' of length 0 in '/Script/PhysXVehicles.WheeledVehicleMovementComponent'!
[2023.05.12-12.52.46:677][515]LogScript: Warning: Script Msg: Attempted to access index 1 from array 'Wheels' of length 0 in '/Script/PhysXVehicles.WheeledVehicleMovementComponent'!
[2023.05.12-12.52.46:677][515]PIE: Error: Blueprint Runtime Error: "Accessed None trying to read property CallFunc_Array_Get_Item". Blueprint:  Zhian_BP Function:  Steering Wheel Update Graph:  Steering Wheel Update Node:  Set Steering Angle
[2023.05.12-12.52.46:677][515]PIE: Error: Blueprint Runtime Error: "Accessed None trying to read property CallFunc_Array_Get_Item_1". Blueprint:  Zhian_BP Function:  Steering Wheel Update Graph:  Steering Wheel Update Node:  Set Steering Angle
[2023.05.12-12.52.46:694][516]LogScript: Warning: Script Msg: Attempted to access index 0 from array 'Wheels' of length 0 in '/Script/PhysXVehicles.WheeledVehicleMovementComponent'!
[2023.05.12-12.52.46:694][516]LogScript: Warning: Script Msg: Attempted to access index 1 from array 'Wheels' of length 0 in '/Script/PhysXVehicles.WheeledVehicleMovementComponent'!
[2023.05.12-12.52.46:694][516]PIE: Error: Blueprint Runtime Error: "Accessed None trying to read property CallFunc_Array_Get_Item". Blueprint:  Zhian_BP Function:  Steering Wheel Update Graph:  Steering Wheel Update Node:  Set Steering Angle
[2023.05.12-12.52.46:694][516]PIE: Error: Blueprint Runtime Error: "Accessed None trying to read property CallFunc_Array_Get_Item_1". Blueprint:  Zhian_BP Function:  Steering Wheel Update Graph:  Steering Wheel Update Node:  Set Steering Angle
[2023.05.12-12.52.46:712][517]LogScript: Warning: Script Msg: Attempted to access index 0 from array 'Wheels' of length 0 in '/Script/PhysXVehicles.WheeledVehicleMovementComponent'!
[2023.05.12-12.52.46:712][517]LogScript: Warning: Script Msg: Attempted to access index 1 from array 'Wheels' of length 0 in '/Script/PhysXVehicles.WheeledVehicleMovementComponent'!
[2023.05.12-12.52.46:712][517]PIE: Error: Blueprint Runtime Error: "Accessed None trying to read property CallFunc_Array_Get_Item". Blueprint:  Zhian_BP Function:  Steering Wheel Update Graph:  Steering Wheel Update Node:  Set Steering Angle
[2023.05.12-12.52.46:712][517]PIE: Error: Blueprint Runtime Error: "Accessed None trying to read property CallFunc_Array_Get_Item_1". Blueprint:  Zhian_BP Function:  Steering Wheel Update Graph:  Steering Wheel Update Node:  Set Steering Angle
[2023.05.12-12.52.46:730][518]LogScript: Warning: Script Msg: Attempted to access index 0 from array 'Wheels' of length 0 in '/Script/PhysXVehicles.WheeledVehicleMovementComponent'!
[2023.05.12-12.52.46:730][518]LogScript: Warning: Script Msg: Attempted to access index 1 from array 'Wheels' of length 0 in '/Script/PhysXVehicles.WheeledVehicleMovementComponent'!
[2023.05.12-12.52.46:730][518]PIE: Error: Blueprint Runtime Error: "Accessed None trying to read property CallFunc_Array_Get_Item". Blueprint:  Zhian_BP Function:  Steering Wheel Update Graph:  Steering Wheel Update Node:  Set Steering Angle
[2023.05.12-12.52.46:730][518]PIE: Error: Blueprint Runtime Error: "Accessed None trying to read property CallFunc_Array_Get_Item_1". Blueprint:  Zhian_BP Function:  Steering Wheel Update Graph:  Steering Wheel Update Node:  Set Steering Angle
[2023.05.12-12.52.46:747][519]LogScript: Warning: Script Msg: Attempted to access index 0 from array 'Wheels' of length 0 in '/Script/PhysXVehicles.WheeledVehicleMovementComponent'!
[2023.05.12-12.52.46:747][519]LogScript: Warning: Script Msg: Attempted to access index 1 from array 'Wheels' of length 0 in '/Script/PhysXVehicles.WheeledVehicleMovementComponent'!
[2023.05.12-12.52.46:747][519]PIE: Error: Blueprint Runtime Error: "Accessed None trying to read property CallFunc_Array_Get_Item". Blueprint:  Zhian_BP Function:  Steering Wheel Update Graph:  Steering Wheel Update Node:  Set Steering Angle
[2023.05.12-12.52.46:747][519]PIE: Error: Blueprint Runtime Error: "Accessed None trying to read property CallFunc_Array_Get_Item_1". Blueprint:  Zhian_BP Function:  Steering Wheel Update Graph:  Steering Wheel Update Node:  Set Steering Angle
[2023.05.12-12.52.46:764][520]LogScript: Warning: Script Msg: Attempted to access index 0 from array 'Wheels' of length 0 in '/Script/PhysXVehicles.WheeledVehicleMovementComponent'!
[2023.05.12-12.52.46:764][520]LogScript: Warning: Script Msg: Attempted to access index 1 from array 'Wheels' of length 0 in '/Script/PhysXVehicles.WheeledVehicleMovementComponent'!
[2023.05.12-12.52.46:764][520]PIE: Error: Blueprint Runtime Error: "Accessed None trying to read property CallFunc_Array_Get_Item". Blueprint:  Zhian_BP Function:  Steering Wheel Update Graph:  Steering Wheel Update Node:  Set Steering Angle
[2023.05.12-12.52.46:764][520]PIE: Error: Blueprint Runtime Error: "Accessed None trying to read property CallFunc_Array_Get_Item_1". Blueprint:  Zhian_BP Function:  Steering Wheel Update Graph:  Steering Wheel Update Node:  Set Steering Angle
[2023.05.12-12.52.46:781][521]LogScript: Warning: Script Msg: Attempted to access index 0 from array 'Wheels' of length 0 in '/Script/PhysXVehicles.WheeledVehicleMovementComponent'!
[2023.05.12-12.52.46:781][521]LogScript: Warning: Script Msg: Attempted to access index 1 from array 'Wheels' of length 0 in '/Script/PhysXVehicles.WheeledVehicleMovementComponent'!
[2023.05.12-12.52.46:781][521]PIE: Error: Blueprint Runtime Error: "Accessed None trying to read property CallFunc_Array_Get_Item". Blueprint:  Zhian_BP Function:  Steering Wheel Update Graph:  Steering Wheel Update Node:  Set Steering Angle
[2023.05.12-12.52.46:782][521]PIE: Error: Blueprint Runtime Error: "Accessed None trying to read property CallFunc_Array_Get_Item_1". Blueprint:  Zhian_BP Function:  Steering Wheel Update Graph:  Steering Wheel Update Node:  Set Steering Angle
[2023.05.12-12.52.46:798][522]LogScript: Warning: Script Msg: Attempted to access index 0 from array 'Wheels' of length 0 in '/Script/PhysXVehicles.WheeledVehicleMovementComponent'!
[2023.05.12-12.52.46:798][522]LogScript: Warning: Script Msg: Attempted to access index 1 from array 'Wheels' of length 0 in '/Script/PhysXVehicles.WheeledVehicleMovementComponent'!
[2023.05.12-12.52.46:798][522]PIE: Error: Blueprint Runtime Error: "Accessed None trying to read property CallFunc_Array_Get_Item". Blueprint:  Zhian_BP Function:  Steering Wheel Update Graph:  Steering Wheel Update Node:  Set Steering Angle
[2023.05.12-12.52.46:799][522]PIE: Error: Blueprint Runtime Error: "Accessed None trying to read property CallFunc_Array_Get_Item_1". Blueprint:  Zhian_BP Function:  Steering Wheel Update Graph:  Steering Wheel Update Node:  Set Steering Angle
[2023.05.12-12.52.46:816][523]LogScript: Warning: Script Msg: Attempted to access index 0 from array 'Wheels' of length 0 in '/Script/PhysXVehicles.WheeledVehicleMovementComponent'!
[2023.05.12-12.52.46:816][523]LogScript: Warning: Script Msg: Attempted to access index 1 from array 'Wheels' of length 0 in '/Script/PhysXVehicles.WheeledVehicleMovementComponent'!
[2023.05.12-12.52.46:816][523]PIE: Error: Blueprint Runtime Error: "Accessed None trying to read property CallFunc_Array_Get_Item". Blueprint:  Zhian_BP Function:  Steering Wheel Update Graph:  Steering Wheel Update Node:  Set Steering Angle
[2023.05.12-12.52.46:816][523]PIE: Error: Blueprint Runtime Error: "Accessed None trying to read property CallFunc_Array_Get_Item_1". Blueprint:  Zhian_BP Function:  Steering Wheel Update Graph:  Steering Wheel Update Node:  Set Steering Angle
[2023.05.12-12.52.46:832][524]LogScript: Warning: Script Msg: Attempted to access index 0 from array 'Wheels' of length 0 in '/Script/PhysXVehicles.WheeledVehicleMovementComponent'!
[2023.05.12-12.52.46:832][524]LogScript: Warning: Script Msg: Attempted to access index 1 from array 'Wheels' of length 0 in '/Script/PhysXVehicles.WheeledVehicleMovementComponent'!
[2023.05.12-12.52.46:832][524]PIE: Error: Blueprint Runtime Error: "Accessed None trying to read property CallFunc_Array_Get_Item". Blueprint:  Zhian_BP Function:  Steering Wheel Update Graph:  Steering Wheel Update Node:  Set Steering Angle
[2023.05.12-12.52.46:833][524]PIE: Error: Blueprint Runtime Error: "Accessed None trying to read property CallFunc_Array_Get_Item_1". Blueprint:  Zhian_BP Function:  Steering Wheel Update Graph:  Steering Wheel Update Node:  Set Steering Angle
[2023.05.12-12.52.46:850][525]LogScript: Warning: Script Msg: Attempted to access index 0 from array 'Wheels' of length 0 in '/Script/PhysXVehicles.WheeledVehicleMovementComponent'!
[2023.05.12-12.52.46:850][525]LogScript: Warning: Script Msg: Attempted to access index 1 from array 'Wheels' of length 0 in '/Script/PhysXVehicles.WheeledVehicleMovementComponent'!
[2023.05.12-12.52.46:850][525]PIE: Error: Blueprint Runtime Error: "Accessed None trying to read property CallFunc_Array_Get_Item". Blueprint:  Zhian_BP Function:  Steering Wheel Update Graph:  Steering Wheel Update Node:  Set Steering Angle
[2023.05.12-12.52.46:850][525]PIE: Error: Blueprint Runtime Error: "Accessed None trying to read property CallFunc_Array_Get_Item_1". Blueprint:  Zhian_BP Function:  Steering Wheel Update Graph:  Steering Wheel Update Node:  Set Steering Angle
[2023.05.12-12.52.46:867][526]LogScript: Warning: Script Msg: Attempted to access index 0 from array 'Wheels' of length 0 in '/Script/PhysXVehicles.WheeledVehicleMovementComponent'!
[2023.05.12-12.52.46:868][526]LogScript: Warning: Script Msg: Attempted to access index 1 from array 'Wheels' of length 0 in '/Script/PhysXVehicles.WheeledVehicleMovementComponent'!
[2023.05.12-12.52.46:868][526]PIE: Error: Blueprint Runtime Error: "Accessed None trying to read property CallFunc_Array_Get_Item". Blueprint:  Zhian_BP Function:  Steering Wheel Update Graph:  Steering Wheel Update Node:  Set Steering Angle
[2023.05.12-12.52.46:868][526]PIE: Error: Blueprint Runtime Error: "Accessed None trying to read property CallFunc_Array_Get_Item_1". Blueprint:  Zhian_BP Function:  Steering Wheel Update Graph:  Steering Wheel Update Node:  Set Steering Angle
[2023.05.12-12.52.46:884][527]LogScript: Warning: Script Msg: Attempted to access index 0 from array 'Wheels' of length 0 in '/Script/PhysXVehicles.WheeledVehicleMovementComponent'!
[2023.05.12-12.52.46:884][527]LogScript: Warning: Script Msg: Attempted to access index 1 from array 'Wheels' of length 0 in '/Script/PhysXVehicles.WheeledVehicleMovementComponent'!
[2023.05.12-12.52.46:884][527]PIE: Error: Blueprint Runtime Error: "Accessed None trying to read property CallFunc_Array_Get_Item". Blueprint:  Zhian_BP Function:  Steering Wheel Update Graph:  Steering Wheel Update Node:  Set Steering Angle
[2023.05.12-12.52.46:884][527]PIE: Error: Blueprint Runtime Error: "Accessed None trying to read property CallFunc_Array_Get_Item_1". Blueprint:  Zhian_BP Function:  Steering Wheel Update Graph:  Steering Wheel Update Node:  Set Steering Angle
[2023.05.12-12.52.46:901][528]LogScript: Warning: Script Msg: Attempted to access index 0 from array 'Wheels' of length 0 in '/Script/PhysXVehicles.WheeledVehicleMovementComponent'!
[2023.05.12-12.52.46:901][528]LogScript: Warning: Script Msg: Attempted to access index 1 from array 'Wheels' of length 0 in '/Script/PhysXVehicles.WheeledVehicleMovementComponent'!
[2023.05.12-12.52.46:902][528]PIE: Error: Blueprint Runtime Error: "Accessed None trying to read property CallFunc_Array_Get_Item". Blueprint:  Zhian_BP Function:  Steering Wheel Update Graph:  Steering Wheel Update Node:  Set Steering Angle
[2023.05.12-12.52.46:902][528]PIE: Error: Blueprint Runtime Error: "Accessed None trying to read property CallFunc_Array_Get_Item_1". Blueprint:  Zhian_BP Function:  Steering Wheel Update Graph:  Steering Wheel Update Node:  Set Steering Angle
[2023.05.12-12.52.46:919][529]LogScript: Warning: Script Msg: Attempted to access index 0 from array 'Wheels' of length 0 in '/Script/PhysXVehicles.WheeledVehicleMovementComponent'!
[2023.05.12-12.52.46:919][529]LogScript: Warning: Script Msg: Attempted to access index 1 from array 'Wheels' of length 0 in '/Script/PhysXVehicles.WheeledVehicleMovementComponent'!
[2023.05.12-12.52.46:919][529]PIE: Error: Blueprint Runtime Error: "Accessed None trying to read property CallFunc_Array_Get_Item". Blueprint:  Zhian_BP Function:  Steering Wheel Update Graph:  Steering Wheel Update Node:  Set Steering Angle
[2023.05.12-12.52.46:919][529]PIE: Error: Blueprint Runtime Error: "Accessed None trying to read property CallFunc_Array_Get_Item_1". Blueprint:  Zhian_BP Function:  Steering Wheel Update Graph:  Steering Wheel Update Node:  Set Steering Angle
[2023.05.12-12.52.46:936][530]LogScript: Warning: Script Msg: Attempted to access index 0 from array 'Wheels' of length 0 in '/Script/PhysXVehicles.WheeledVehicleMovementComponent'!
[2023.05.12-12.52.46:936][530]LogScript: Warning: Script Msg: Attempted to access index 1 from array 'Wheels' of length 0 in '/Script/PhysXVehicles.WheeledVehicleMovementComponent'!
[2023.05.12-12.52.46:936][530]PIE: Error: Blueprint Runtime Error: "Accessed None trying to read property CallFunc_Array_Get_Item". Blueprint:  Zhian_BP Function:  Steering Wheel Update Graph:  Steering Wheel Update Node:  Set Steering Angle
[2023.05.12-12.52.46:936][530]PIE: Error: Blueprint Runtime Error: "Accessed None trying to read property CallFunc_Array_Get_Item_1". Blueprint:  Zhian_BP Function:  Steering Wheel Update Graph:  Steering Wheel Update Node:  Set Steering Angle
[2023.05.12-12.52.46:956][531]LogScript: Warning: Script Msg: Attempted to access index 0 from array 'Wheels' of length 0 in '/Script/PhysXVehicles.WheeledVehicleMovementComponent'!
[2023.05.12-12.52.46:956][531]LogScript: Warning: Script Msg: Attempted to access index 1 from array 'Wheels' of length 0 in '/Script/PhysXVehicles.WheeledVehicleMovementComponent'!
[2023.05.12-12.52.46:956][531]PIE: Error: Blueprint Runtime Error: "Accessed None trying to read property CallFunc_Array_Get_Item". Blueprint:  Zhian_BP Function:  Steering Wheel Update Graph:  Steering Wheel Update Node:  Set Steering Angle
[2023.05.12-12.52.46:956][531]PIE: Error: Blueprint Runtime Error: "Accessed None trying to read property CallFunc_Array_Get_Item_1". Blueprint:  Zhian_BP Function:  Steering Wheel Update Graph:  Steering Wheel Update Node:  Set Steering Angle
[2023.05.12-12.52.46:972][532]LogScript: Warning: Script Msg: Attempted to access index 0 from array 'Wheels' of length 0 in '/Script/PhysXVehicles.WheeledVehicleMovementComponent'!
[2023.05.12-12.52.46:972][532]LogScript: Warning: Script Msg: Attempted to access index 1 from array 'Wheels' of length 0 in '/Script/PhysXVehicles.WheeledVehicleMovementComponent'!
[2023.05.12-12.52.46:973][532]PIE: Error: Blueprint Runtime Error: "Accessed None trying to read property CallFunc_Array_Get_Item". Blueprint:  Zhian_BP Function:  Steering Wheel Update Graph:  Steering Wheel Update Node:  Set Steering Angle
[2023.05.12-12.52.46:973][532]PIE: Error: Blueprint Runtime Error: "Accessed None trying to read property CallFunc_Array_Get_Item_1". Blueprint:  Zhian_BP Function:  Steering Wheel Update Graph:  Steering Wheel Update Node:  Set Steering Angle
[2023.05.12-12.52.46:991][533]LogScript: Warning: Script Msg: Attempted to access index 0 from array 'Wheels' of length 0 in '/Script/PhysXVehicles.WheeledVehicleMovementComponent'!
[2023.05.12-12.52.46:991][533]LogScript: Warning: Script Msg: Attempted to access index 1 from array 'Wheels' of length 0 in '/Script/PhysXVehicles.WheeledVehicleMovementComponent'!
[2023.05.12-12.52.46:991][533]PIE: Error: Blueprint Runtime Error: "Accessed None trying to read property CallFunc_Array_Get_Item". Blueprint:  Zhian_BP Function:  Steering Wheel Update Graph:  Steering Wheel Update Node:  Set Steering Angle
[2023.05.12-12.52.46:991][533]PIE: Error: Blueprint Runtime Error: "Accessed None trying to read property CallFunc_Array_Get_Item_1". Blueprint:  Zhian_BP Function:  Steering Wheel Update Graph:  Steering Wheel Update Node:  Set Steering Angle
[2023.05.12-12.52.47:008][534]LogScript: Warning: Script Msg: Attempted to access index 0 from array 'Wheels' of length 0 in '/Script/PhysXVehicles.WheeledVehicleMovementComponent'!
[2023.05.12-12.52.47:008][534]LogScript: Warning: Script Msg: Attempted to access index 1 from array 'Wheels' of length 0 in '/Script/PhysXVehicles.WheeledVehicleMovementComponent'!
[2023.05.12-12.52.47:008][534]PIE: Error: Blueprint Runtime Error: "Accessed None trying to read property CallFunc_Array_Get_Item". Blueprint:  Zhian_BP Function:  Steering Wheel Update Graph:  Steering Wheel Update Node:  Set Steering Angle
[2023.05.12-12.52.47:008][534]PIE: Error: Blueprint Runtime Error: "Accessed None trying to read property CallFunc_Array_Get_Item_1". Blueprint:  Zhian_BP Function:  Steering Wheel Update Graph:  Steering Wheel Update Node:  Set Steering Angle
[2023.05.12-12.52.47:025][535]LogScript: Warning: Script Msg: Attempted to access index 0 from array 'Wheels' of length 0 in '/Script/PhysXVehicles.WheeledVehicleMovementComponent'!
[2023.05.12-12.52.47:025][535]LogScript: Warning: Script Msg: Attempted to access index 1 from array 'Wheels' of length 0 in '/Script/PhysXVehicles.WheeledVehicleMovementComponent'!
[2023.05.12-12.52.47:026][535]PIE: Error: Blueprint Runtime Error: "Accessed None trying to read property CallFunc_Array_Get_Item". Blueprint:  Zhian_BP Function:  Steering Wheel Update Graph:  Steering Wheel Update Node:  Set Steering Angle
[2023.05.12-12.52.47:026][535]PIE: Error: Blueprint Runtime Error: "Accessed None trying to read property CallFunc_Array_Get_Item_1". Blueprint:  Zhian_BP Function:  Steering Wheel Update Graph:  Steering Wheel Update Node:  Set Steering Angle
[2023.05.12-12.52.47:043][536]LogScript: Warning: Script Msg: Attempted to access index 0 from array 'Wheels' of length 0 in '/Script/PhysXVehicles.WheeledVehicleMovementComponent'!
[2023.05.12-12.52.47:043][536]LogScript: Warning: Script Msg: Attempted to access index 1 from array 'Wheels' of length 0 in '/Script/PhysXVehicles.WheeledVehicleMovementComponent'!
[2023.05.12-12.52.47:043][536]PIE: Error: Blueprint Runtime Error: "Accessed None trying to read property CallFunc_Array_Get_Item". Blueprint:  Zhian_BP Function:  Steering Wheel Update Graph:  Steering Wheel Update Node:  Set Steering Angle
[2023.05.12-12.52.47:043][536]PIE: Error: Blueprint Runtime Error: "Accessed None trying to read property CallFunc_Array_Get_Item_1". Blueprint:  Zhian_BP Function:  Steering Wheel Update Graph:  Steering Wheel Update Node:  Set Steering Angle
[2023.05.12-12.52.47:061][537]LogScript: Warning: Script Msg: Attempted to access index 0 from array 'Wheels' of length 0 in '/Script/PhysXVehicles.WheeledVehicleMovementComponent'!
[2023.05.12-12.52.47:062][537]LogScript: Warning: Script Msg: Attempted to access index 1 from array 'Wheels' of length 0 in '/Script/PhysXVehicles.WheeledVehicleMovementComponent'!
[2023.05.12-12.52.47:062][537]PIE: Error: Blueprint Runtime Error: "Accessed None trying to read property CallFunc_Array_Get_Item". Blueprint:  Zhian_BP Function:  Steering Wheel Update Graph:  Steering Wheel Update Node:  Set Steering Angle
[2023.05.12-12.52.47:062][537]PIE: Error: Blueprint Runtime Error: "Accessed None trying to read property CallFunc_Array_Get_Item_1". Blueprint:  Zhian_BP Function:  Steering Wheel Update Graph:  Steering Wheel Update Node:  Set Steering Angle
[2023.05.12-12.52.47:080][538]LogScript: Warning: Script Msg: Attempted to access index 0 from array 'Wheels' of length 0 in '/Script/PhysXVehicles.WheeledVehicleMovementComponent'!
[2023.05.12-12.52.47:080][538]LogScript: Warning: Script Msg: Attempted to access index 1 from array 'Wheels' of length 0 in '/Script/PhysXVehicles.WheeledVehicleMovementComponent'!
[2023.05.12-12.52.47:080][538]PIE: Error: Blueprint Runtime Error: "Accessed None trying to read property CallFunc_Array_Get_Item". Blueprint:  Zhian_BP Function:  Steering Wheel Update Graph:  Steering Wheel Update Node:  Set Steering Angle
[2023.05.12-12.52.47:080][538]PIE: Error: Blueprint Runtime Error: "Accessed None trying to read property CallFunc_Array_Get_Item_1". Blueprint:  Zhian_BP Function:  Steering Wheel Update Graph:  Steering Wheel Update Node:  Set Steering Angle
[2023.05.12-12.52.47:096][539]LogScript: Warning: Script Msg: Attempted to access index 0 from array 'Wheels' of length 0 in '/Script/PhysXVehicles.WheeledVehicleMovementComponent'!
[2023.05.12-12.52.47:096][539]LogScript: Warning: Script Msg: Attempted to access index 1 from array 'Wheels' of length 0 in '/Script/PhysXVehicles.WheeledVehicleMovementComponent'!
[2023.05.12-12.52.47:096][539]PIE: Error: Blueprint Runtime Error: "Accessed None trying to read property CallFunc_Array_Get_Item". Blueprint:  Zhian_BP Function:  Steering Wheel Update Graph:  Steering Wheel Update Node:  Set Steering Angle
[2023.05.12-12.52.47:096][539]PIE: Error: Blueprint Runtime Error: "Accessed None trying to read property CallFunc_Array_Get_Item_1". Blueprint:  Zhian_BP Function:  Steering Wheel Update Graph:  Steering Wheel Update Node:  Set Steering Angle
[2023.05.12-12.52.47:114][540]LogScript: Warning: Script Msg: Attempted to access index 0 from array 'Wheels' of length 0 in '/Script/PhysXVehicles.WheeledVehicleMovementComponent'!
[2023.05.12-12.52.47:114][540]LogScript: Warning: Script Msg: Attempted to access index 1 from array 'Wheels' of length 0 in '/Script/PhysXVehicles.WheeledVehicleMovementComponent'!
[2023.05.12-12.52.47:114][540]PIE: Error: Blueprint Runtime Error: "Accessed None trying to read property CallFunc_Array_Get_Item". Blueprint:  Zhian_BP Function:  Steering Wheel Update Graph:  Steering Wheel Update Node:  Set Steering Angle
[2023.05.12-12.52.47:114][540]PIE: Error: Blueprint Runtime Error: "Accessed None trying to read property CallFunc_Array_Get_Item_1". Blueprint:  Zhian_BP Function:  Steering Wheel Update Graph:  Steering Wheel Update Node:  Set Steering Angle
[2023.05.12-12.52.47:131][541]LogScript: Warning: Script Msg: Attempted to access index 0 from array 'Wheels' of length 0 in '/Script/PhysXVehicles.WheeledVehicleMovementComponent'!
[2023.05.12-12.52.47:131][541]LogScript: Warning: Script Msg: Attempted to access index 1 from array 'Wheels' of length 0 in '/Script/PhysXVehicles.WheeledVehicleMovementComponent'!
[2023.05.12-12.52.47:131][541]PIE: Error: Blueprint Runtime Error: "Accessed None trying to read property CallFunc_Array_Get_Item". Blueprint:  Zhian_BP Function:  Steering Wheel Update Graph:  Steering Wheel Update Node:  Set Steering Angle
[2023.05.12-12.52.47:131][541]PIE: Error: Blueprint Runtime Error: "Accessed None trying to read property CallFunc_Array_Get_Item_1". Blueprint:  Zhian_BP Function:  Steering Wheel Update Graph:  Steering Wheel Update Node:  Set Steering Angle
[2023.05.12-12.52.47:149][542]LogScript: Warning: Script Msg: Attempted to access index 0 from array 'Wheels' of length 0 in '/Script/PhysXVehicles.WheeledVehicleMovementComponent'!
[2023.05.12-12.52.47:149][542]LogScript: Warning: Script Msg: Attempted to access index 1 from array 'Wheels' of length 0 in '/Script/PhysXVehicles.WheeledVehicleMovementComponent'!
[2023.05.12-12.52.47:149][542]PIE: Error: Blueprint Runtime Error: "Accessed None trying to read property CallFunc_Array_Get_Item". Blueprint:  Zhian_BP Function:  Steering Wheel Update Graph:  Steering Wheel Update Node:  Set Steering Angle
[2023.05.12-12.52.47:149][542]PIE: Error: Blueprint Runtime Error: "Accessed None trying to read property CallFunc_Array_Get_Item_1". Blueprint:  Zhian_BP Function:  Steering Wheel Update Graph:  Steering Wheel Update Node:  Set Steering Angle
[2023.05.12-12.52.47:166][543]LogScript: Warning: Script Msg: Attempted to access index 0 from array 'Wheels' of length 0 in '/Script/PhysXVehicles.WheeledVehicleMovementComponent'!
[2023.05.12-12.52.47:166][543]LogScript: Warning: Script Msg: Attempted to access index 1 from array 'Wheels' of length 0 in '/Script/PhysXVehicles.WheeledVehicleMovementComponent'!
[2023.05.12-12.52.47:166][543]PIE: Error: Blueprint Runtime Error: "Accessed None trying to read property CallFunc_Array_Get_Item". Blueprint:  Zhian_BP Function:  Steering Wheel Update Graph:  Steering Wheel Update Node:  Set Steering Angle
[2023.05.12-12.52.47:166][543]PIE: Error: Blueprint Runtime Error: "Accessed None trying to read property CallFunc_Array_Get_Item_1". Blueprint:  Zhian_BP Function:  Steering Wheel Update Graph:  Steering Wheel Update Node:  Set Steering Angle
[2023.05.12-12.52.47:183][544]LogScript: Warning: Script Msg: Attempted to access index 0 from array 'Wheels' of length 0 in '/Script/PhysXVehicles.WheeledVehicleMovementComponent'!
[2023.05.12-12.52.47:183][544]LogScript: Warning: Script Msg: Attempted to access index 1 from array 'Wheels' of length 0 in '/Script/PhysXVehicles.WheeledVehicleMovementComponent'!
[2023.05.12-12.52.47:184][544]PIE: Error: Blueprint Runtime Error: "Accessed None trying to read property CallFunc_Array_Get_Item". Blueprint:  Zhian_BP Function:  Steering Wheel Update Graph:  Steering Wheel Update Node:  Set Steering Angle
[2023.05.12-12.52.47:184][544]PIE: Error: Blueprint Runtime Error: "Accessed None trying to read property CallFunc_Array_Get_Item_1". Blueprint:  Zhian_BP Function:  Steering Wheel Update Graph:  Steering Wheel Update Node:  Set Steering Angle
[2023.05.12-12.52.47:200][545]LogScript: Warning: Script Msg: Attempted to access index 0 from array 'Wheels' of length 0 in '/Script/PhysXVehicles.WheeledVehicleMovementComponent'!
[2023.05.12-12.52.47:200][545]LogScript: Warning: Script Msg: Attempted to access index 1 from array 'Wheels' of length 0 in '/Script/PhysXVehicles.WheeledVehicleMovementComponent'!
[2023.05.12-12.52.47:200][545]PIE: Error: Blueprint Runtime Error: "Accessed None trying to read property CallFunc_Array_Get_Item". Blueprint:  Zhian_BP Function:  Steering Wheel Update Graph:  Steering Wheel Update Node:  Set Steering Angle
[2023.05.12-12.52.47:200][545]PIE: Error: Blueprint Runtime Error: "Accessed None trying to read property CallFunc_Array_Get_Item_1". Blueprint:  Zhian_BP Function:  Steering Wheel Update Graph:  Steering Wheel Update Node:  Set Steering Angle
[2023.05.12-12.52.47:217][546]LogScript: Warning: Script Msg: Attempted to access index 0 from array 'Wheels' of length 0 in '/Script/PhysXVehicles.WheeledVehicleMovementComponent'!
[2023.05.12-12.52.47:217][546]LogScript: Warning: Script Msg: Attempted to access index 1 from array 'Wheels' of length 0 in '/Script/PhysXVehicles.WheeledVehicleMovementComponent'!
[2023.05.12-12.52.47:217][546]PIE: Error: Blueprint Runtime Error: "Accessed None trying to read property CallFunc_Array_Get_Item". Blueprint:  Zhian_BP Function:  Steering Wheel Update Graph:  Steering Wheel Update Node:  Set Steering Angle
[2023.05.12-12.52.47:217][546]PIE: Error: Blueprint Runtime Error: "Accessed None trying to read property CallFunc_Array_Get_Item_1". Blueprint:  Zhian_BP Function:  Steering Wheel Update Graph:  Steering Wheel Update Node:  Set Steering Angle
[2023.05.12-12.52.47:235][547]LogScript: Warning: Script Msg: Attempted to access index 0 from array 'Wheels' of length 0 in '/Script/PhysXVehicles.WheeledVehicleMovementComponent'!
[2023.05.12-12.52.47:235][547]LogScript: Warning: Script Msg: Attempted to access index 1 from array 'Wheels' of length 0 in '/Script/PhysXVehicles.WheeledVehicleMovementComponent'!
[2023.05.12-12.52.47:235][547]PIE: Error: Blueprint Runtime Error: "Accessed None trying to read property CallFunc_Array_Get_Item". Blueprint:  Zhian_BP Function:  Steering Wheel Update Graph:  Steering Wheel Update Node:  Set Steering Angle
[2023.05.12-12.52.47:235][547]PIE: Error: Blueprint Runtime Error: "Accessed None trying to read property CallFunc_Array_Get_Item_1". Blueprint:  Zhian_BP Function:  Steering Wheel Update Graph:  Steering Wheel Update Node:  Set Steering Angle
[2023.05.12-12.52.47:253][548]LogScript: Warning: Script Msg: Attempted to access index 0 from array 'Wheels' of length 0 in '/Script/PhysXVehicles.WheeledVehicleMovementComponent'!
[2023.05.12-12.52.47:253][548]LogScript: Warning: Script Msg: Attempted to access index 1 from array 'Wheels' of length 0 in '/Script/PhysXVehicles.WheeledVehicleMovementComponent'!
[2023.05.12-12.52.47:253][548]PIE: Error: Blueprint Runtime Error: "Accessed None trying to read property CallFunc_Array_Get_Item". Blueprint:  Zhian_BP Function:  Steering Wheel Update Graph:  Steering Wheel Update Node:  Set Steering Angle
[2023.05.12-12.52.47:253][548]PIE: Error: Blueprint Runtime Error: "Accessed None trying to read property CallFunc_Array_Get_Item_1". Blueprint:  Zhian_BP Function:  Steering Wheel Update Graph:  Steering Wheel Update Node:  Set Steering Angle
[2023.05.12-12.52.47:271][549]LogScript: Warning: Script Msg: Attempted to access index 0 from array 'Wheels' of length 0 in '/Script/PhysXVehicles.WheeledVehicleMovementComponent'!
[2023.05.12-12.52.47:271][549]LogScript: Warning: Script Msg: Attempted to access index 1 from array 'Wheels' of length 0 in '/Script/PhysXVehicles.WheeledVehicleMovementComponent'!
[2023.05.12-12.52.47:271][549]PIE: Error: Blueprint Runtime Error: "Accessed None trying to read property CallFunc_Array_Get_Item". Blueprint:  Zhian_BP Function:  Steering Wheel Update Graph:  Steering Wheel Update Node:  Set Steering Angle
[2023.05.12-12.52.47:271][549]PIE: Error: Blueprint Runtime Error: "Accessed None trying to read property CallFunc_Array_Get_Item_1". Blueprint:  Zhian_BP Function:  Steering Wheel Update Graph:  Steering Wheel Update Node:  Set Steering Angle
[2023.05.12-12.52.47:288][550]LogScript: Warning: Script Msg: Attempted to access index 0 from array 'Wheels' of length 0 in '/Script/PhysXVehicles.WheeledVehicleMovementComponent'!
[2023.05.12-12.52.47:289][550]LogScript: Warning: Script Msg: Attempted to access index 1 from array 'Wheels' of length 0 in '/Script/PhysXVehicles.WheeledVehicleMovementComponent'!
[2023.05.12-12.52.47:289][550]PIE: Error: Blueprint Runtime Error: "Accessed None trying to read property CallFunc_Array_Get_Item". Blueprint:  Zhian_BP Function:  Steering Wheel Update Graph:  Steering Wheel Update Node:  Set Steering Angle
[2023.05.12-12.52.47:289][550]PIE: Error: Blueprint Runtime Error: "Accessed None trying to read property CallFunc_Array_Get_Item_1". Blueprint:  Zhian_BP Function:  Steering Wheel Update Graph:  Steering Wheel Update Node:  Set Steering Angle
[2023.05.12-12.52.47:307][551]LogScript: Warning: Script Msg: Attempted to access index 0 from array 'Wheels' of length 0 in '/Script/PhysXVehicles.WheeledVehicleMovementComponent'!
[2023.05.12-12.52.47:307][551]LogScript: Warning: Script Msg: Attempted to access index 1 from array 'Wheels' of length 0 in '/Script/PhysXVehicles.WheeledVehicleMovementComponent'!
[2023.05.12-12.52.47:307][551]PIE: Error: Blueprint Runtime Error: "Accessed None trying to read property CallFunc_Array_Get_Item". Blueprint:  Zhian_BP Function:  Steering Wheel Update Graph:  Steering Wheel Update Node:  Set Steering Angle
[2023.05.12-12.52.47:307][551]PIE: Error: Blueprint Runtime Error: "Accessed None trying to read property CallFunc_Array_Get_Item_1". Blueprint:  Zhian_BP Function:  Steering Wheel Update Graph:  Steering Wheel Update Node:  Set Steering Angle
[2023.05.12-12.52.47:326][552]LogScript: Warning: Script Msg: Attempted to access index 0 from array 'Wheels' of length 0 in '/Script/PhysXVehicles.WheeledVehicleMovementComponent'!
[2023.05.12-12.52.47:326][552]LogScript: Warning: Script Msg: Attempted to access index 1 from array 'Wheels' of length 0 in '/Script/PhysXVehicles.WheeledVehicleMovementComponent'!
[2023.05.12-12.52.47:326][552]PIE: Error: Blueprint Runtime Error: "Accessed None trying to read property CallFunc_Array_Get_Item". Blueprint:  Zhian_BP Function:  Steering Wheel Update Graph:  Steering Wheel Update Node:  Set Steering Angle
[2023.05.12-12.52.47:326][552]PIE: Error: Blueprint Runtime Error: "Accessed None trying to read property CallFunc_Array_Get_Item_1". Blueprint:  Zhian_BP Function:  Steering Wheel Update Graph:  Steering Wheel Update Node:  Set Steering Angle
[2023.05.12-12.52.47:342][553]LogScript: Warning: Script Msg: Attempted to access index 0 from array 'Wheels' of length 0 in '/Script/PhysXVehicles.WheeledVehicleMovementComponent'!
[2023.05.12-12.52.47:342][553]LogScript: Warning: Script Msg: Attempted to access index 1 from array 'Wheels' of length 0 in '/Script/PhysXVehicles.WheeledVehicleMovementComponent'!
[2023.05.12-12.52.47:342][553]PIE: Error: Blueprint Runtime Error: "Accessed None trying to read property CallFunc_Array_Get_Item". Blueprint:  Zhian_BP Function:  Steering Wheel Update Graph:  Steering Wheel Update Node:  Set Steering Angle
[2023.05.12-12.52.47:342][553]PIE: Error: Blueprint Runtime Error: "Accessed None trying to read property CallFunc_Array_Get_Item_1". Blueprint:  Zhian_BP Function:  Steering Wheel Update Graph:  Steering Wheel Update Node:  Set Steering Angle
[2023.05.12-12.52.47:359][554]LogScript: Warning: Script Msg: Attempted to access index 0 from array 'Wheels' of length 0 in '/Script/PhysXVehicles.WheeledVehicleMovementComponent'!
[2023.05.12-12.52.47:359][554]LogScript: Warning: Script Msg: Attempted to access index 1 from array 'Wheels' of length 0 in '/Script/PhysXVehicles.WheeledVehicleMovementComponent'!
[2023.05.12-12.52.47:359][554]PIE: Error: Blueprint Runtime Error: "Accessed None trying to read property CallFunc_Array_Get_Item". Blueprint:  Zhian_BP Function:  Steering Wheel Update Graph:  Steering Wheel Update Node:  Set Steering Angle
[2023.05.12-12.52.47:359][554]PIE: Error: Blueprint Runtime Error: "Accessed None trying to read property CallFunc_Array_Get_Item_1". Blueprint:  Zhian_BP Function:  Steering Wheel Update Graph:  Steering Wheel Update Node:  Set Steering Angle
[2023.05.12-12.52.47:376][555]LogScript: Warning: Script Msg: Attempted to access index 0 from array 'Wheels' of length 0 in '/Script/PhysXVehicles.WheeledVehicleMovementComponent'!
[2023.05.12-12.52.47:376][555]LogScript: Warning: Script Msg: Attempted to access index 1 from array 'Wheels' of length 0 in '/Script/PhysXVehicles.WheeledVehicleMovementComponent'!
[2023.05.12-12.52.47:376][555]PIE: Error: Blueprint Runtime Error: "Accessed None trying to read property CallFunc_Array_Get_Item". Blueprint:  Zhian_BP Function:  Steering Wheel Update Graph:  Steering Wheel Update Node:  Set Steering Angle
[2023.05.12-12.52.47:376][555]PIE: Error: Blueprint Runtime Error: "Accessed None trying to read property CallFunc_Array_Get_Item_1". Blueprint:  Zhian_BP Function:  Steering Wheel Update Graph:  Steering Wheel Update Node:  Set Steering Angle
[2023.05.12-12.52.47:393][556]LogScript: Warning: Script Msg: Attempted to access index 0 from array 'Wheels' of length 0 in '/Script/PhysXVehicles.WheeledVehicleMovementComponent'!
[2023.05.12-12.52.47:393][556]LogScript: Warning: Script Msg: Attempted to access index 1 from array 'Wheels' of length 0 in '/Script/PhysXVehicles.WheeledVehicleMovementComponent'!
[2023.05.12-12.52.47:393][556]PIE: Error: Blueprint Runtime Error: "Accessed None trying to read property CallFunc_Array_Get_Item". Blueprint:  Zhian_BP Function:  Steering Wheel Update Graph:  Steering Wheel Update Node:  Set Steering Angle
[2023.05.12-12.52.47:393][556]PIE: Error: Blueprint Runtime Error: "Accessed None trying to read property CallFunc_Array_Get_Item_1". Blueprint:  Zhian_BP Function:  Steering Wheel Update Graph:  Steering Wheel Update Node:  Set Steering Angle
[2023.05.12-12.52.47:411][557]LogScript: Warning: Script Msg: Attempted to access index 0 from array 'Wheels' of length 0 in '/Script/PhysXVehicles.WheeledVehicleMovementComponent'!
[2023.05.12-12.52.47:411][557]LogScript: Warning: Script Msg: Attempted to access index 1 from array 'Wheels' of length 0 in '/Script/PhysXVehicles.WheeledVehicleMovementComponent'!
[2023.05.12-12.52.47:411][557]PIE: Error: Blueprint Runtime Error: "Accessed None trying to read property CallFunc_Array_Get_Item". Blueprint:  Zhian_BP Function:  Steering Wheel Update Graph:  Steering Wheel Update Node:  Set Steering Angle
[2023.05.12-12.52.47:411][557]PIE: Error: Blueprint Runtime Error: "Accessed None trying to read property CallFunc_Array_Get_Item_1". Blueprint:  Zhian_BP Function:  Steering Wheel Update Graph:  Steering Wheel Update Node:  Set Steering Angle
[2023.05.12-12.52.47:429][558]LogScript: Warning: Script Msg: Attempted to access index 0 from array 'Wheels' of length 0 in '/Script/PhysXVehicles.WheeledVehicleMovementComponent'!
[2023.05.12-12.52.47:429][558]LogScript: Warning: Script Msg: Attempted to access index 1 from array 'Wheels' of length 0 in '/Script/PhysXVehicles.WheeledVehicleMovementComponent'!
[2023.05.12-12.52.47:429][558]PIE: Error: Blueprint Runtime Error: "Accessed None trying to read property CallFunc_Array_Get_Item". Blueprint:  Zhian_BP Function:  Steering Wheel Update Graph:  Steering Wheel Update Node:  Set Steering Angle
[2023.05.12-12.52.47:429][558]PIE: Error: Blueprint Runtime Error: "Accessed None trying to read property CallFunc_Array_Get_Item_1". Blueprint:  Zhian_BP Function:  Steering Wheel Update Graph:  Steering Wheel Update Node:  Set Steering Angle
[2023.05.12-12.52.47:445][559]LogScript: Warning: Script Msg: Attempted to access index 0 from array 'Wheels' of length 0 in '/Script/PhysXVehicles.WheeledVehicleMovementComponent'!
[2023.05.12-12.52.47:445][559]LogScript: Warning: Script Msg: Attempted to access index 1 from array 'Wheels' of length 0 in '/Script/PhysXVehicles.WheeledVehicleMovementComponent'!
[2023.05.12-12.52.47:445][559]PIE: Error: Blueprint Runtime Error: "Accessed None trying to read property CallFunc_Array_Get_Item". Blueprint:  Zhian_BP Function:  Steering Wheel Update Graph:  Steering Wheel Update Node:  Set Steering Angle
[2023.05.12-12.52.47:445][559]PIE: Error: Blueprint Runtime Error: "Accessed None trying to read property CallFunc_Array_Get_Item_1". Blueprint:  Zhian_BP Function:  Steering Wheel Update Graph:  Steering Wheel Update Node:  Set Steering Angle
[2023.05.12-12.52.47:460][560]LogScript: Warning: Script Msg: Attempted to access index 0 from array 'Wheels' of length 0 in '/Script/PhysXVehicles.WheeledVehicleMovementComponent'!
[2023.05.12-12.52.47:460][560]LogScript: Warning: Script Msg: Attempted to access index 1 from array 'Wheels' of length 0 in '/Script/PhysXVehicles.WheeledVehicleMovementComponent'!
[2023.05.12-12.52.47:461][560]PIE: Error: Blueprint Runtime Error: "Accessed None trying to read property CallFunc_Array_Get_Item". Blueprint:  Zhian_BP Function:  Steering Wheel Update Graph:  Steering Wheel Update Node:  Set Steering Angle
[2023.05.12-12.52.47:461][560]PIE: Error: Blueprint Runtime Error: "Accessed None trying to read property CallFunc_Array_Get_Item_1". Blueprint:  Zhian_BP Function:  Steering Wheel Update Graph:  Steering Wheel Update Node:  Set Steering Angle
[2023.05.12-12.52.47:476][561]LogScript: Warning: Script Msg: Attempted to access index 0 from array 'Wheels' of length 0 in '/Script/PhysXVehicles.WheeledVehicleMovementComponent'!
[2023.05.12-12.52.47:476][561]LogScript: Warning: Script Msg: Attempted to access index 1 from array 'Wheels' of length 0 in '/Script/PhysXVehicles.WheeledVehicleMovementComponent'!
[2023.05.12-12.52.47:476][561]PIE: Error: Blueprint Runtime Error: "Accessed None trying to read property CallFunc_Array_Get_Item". Blueprint:  Zhian_BP Function:  Steering Wheel Update Graph:  Steering Wheel Update Node:  Set Steering Angle
[2023.05.12-12.52.47:476][561]PIE: Error: Blueprint Runtime Error: "Accessed None trying to read property CallFunc_Array_Get_Item_1". Blueprint:  Zhian_BP Function:  Steering Wheel Update Graph:  Steering Wheel Update Node:  Set Steering Angle
[2023.05.12-12.52.47:492][562]LogScript: Warning: Script Msg: Attempted to access index 0 from array 'Wheels' of length 0 in '/Script/PhysXVehicles.WheeledVehicleMovementComponent'!
[2023.05.12-12.52.47:492][562]LogScript: Warning: Script Msg: Attempted to access index 1 from array 'Wheels' of length 0 in '/Script/PhysXVehicles.WheeledVehicleMovementComponent'!
[2023.05.12-12.52.47:492][562]PIE: Error: Blueprint Runtime Error: "Accessed None trying to read property CallFunc_Array_Get_Item". Blueprint:  Zhian_BP Function:  Steering Wheel Update Graph:  Steering Wheel Update Node:  Set Steering Angle
[2023.05.12-12.52.47:492][562]PIE: Error: Blueprint Runtime Error: "Accessed None trying to read property CallFunc_Array_Get_Item_1". Blueprint:  Zhian_BP Function:  Steering Wheel Update Graph:  Steering Wheel Update Node:  Set Steering Angle
[2023.05.12-12.52.47:508][563]LogScript: Warning: Script Msg: Attempted to access index 0 from array 'Wheels' of length 0 in '/Script/PhysXVehicles.WheeledVehicleMovementComponent'!
[2023.05.12-12.52.47:508][563]LogScript: Warning: Script Msg: Attempted to access index 1 from array 'Wheels' of length 0 in '/Script/PhysXVehicles.WheeledVehicleMovementComponent'!
[2023.05.12-12.52.47:508][563]PIE: Error: Blueprint Runtime Error: "Accessed None trying to read property CallFunc_Array_Get_Item". Blueprint:  Zhian_BP Function:  Steering Wheel Update Graph:  Steering Wheel Update Node:  Set Steering Angle
[2023.05.12-12.52.47:508][563]PIE: Error: Blueprint Runtime Error: "Accessed None trying to read property CallFunc_Array_Get_Item_1". Blueprint:  Zhian_BP Function:  Steering Wheel Update Graph:  Steering Wheel Update Node:  Set Steering Angle
[2023.05.12-12.52.47:524][564]LogScript: Warning: Script Msg: Attempted to access index 0 from array 'Wheels' of length 0 in '/Script/PhysXVehicles.WheeledVehicleMovementComponent'!
[2023.05.12-12.52.47:524][564]LogScript: Warning: Script Msg: Attempted to access index 1 from array 'Wheels' of length 0 in '/Script/PhysXVehicles.WheeledVehicleMovementComponent'!
[2023.05.12-12.52.47:524][564]PIE: Error: Blueprint Runtime Error: "Accessed None trying to read property CallFunc_Array_Get_Item". Blueprint:  Zhian_BP Function:  Steering Wheel Update Graph:  Steering Wheel Update Node:  Set Steering Angle
[2023.05.12-12.52.47:524][564]PIE: Error: Blueprint Runtime Error: "Accessed None trying to read property CallFunc_Array_Get_Item_1". Blueprint:  Zhian_BP Function:  Steering Wheel Update Graph:  Steering Wheel Update Node:  Set Steering Angle
[2023.05.12-12.52.47:541][565]LogScript: Warning: Script Msg: Attempted to access index 0 from array 'Wheels' of length 0 in '/Script/PhysXVehicles.WheeledVehicleMovementComponent'!
[2023.05.12-12.52.47:541][565]LogScript: Warning: Script Msg: Attempted to access index 1 from array 'Wheels' of length 0 in '/Script/PhysXVehicles.WheeledVehicleMovementComponent'!
[2023.05.12-12.52.47:541][565]PIE: Error: Blueprint Runtime Error: "Accessed None trying to read property CallFunc_Array_Get_Item". Blueprint:  Zhian_BP Function:  Steering Wheel Update Graph:  Steering Wheel Update Node:  Set Steering Angle
[2023.05.12-12.52.47:541][565]PIE: Error: Blueprint Runtime Error: "Accessed None trying to read property CallFunc_Array_Get_Item_1". Blueprint:  Zhian_BP Function:  Steering Wheel Update Graph:  Steering Wheel Update Node:  Set Steering Angle
[2023.05.12-12.52.47:556][566]LogScript: Warning: Script Msg: Attempted to access index 0 from array 'Wheels' of length 0 in '/Script/PhysXVehicles.WheeledVehicleMovementComponent'!
[2023.05.12-12.52.47:556][566]LogScript: Warning: Script Msg: Attempted to access index 1 from array 'Wheels' of length 0 in '/Script/PhysXVehicles.WheeledVehicleMovementComponent'!
[2023.05.12-12.52.47:556][566]PIE: Error: Blueprint Runtime Error: "Accessed None trying to read property CallFunc_Array_Get_Item". Blueprint:  Zhian_BP Function:  Steering Wheel Update Graph:  Steering Wheel Update Node:  Set Steering Angle
[2023.05.12-12.52.47:556][566]PIE: Error: Blueprint Runtime Error: "Accessed None trying to read property CallFunc_Array_Get_Item_1". Blueprint:  Zhian_BP Function:  Steering Wheel Update Graph:  Steering Wheel Update Node:  Set Steering Angle
[2023.05.12-12.52.47:572][567]LogScript: Warning: Script Msg: Attempted to access index 0 from array 'Wheels' of length 0 in '/Script/PhysXVehicles.WheeledVehicleMovementComponent'!
[2023.05.12-12.52.47:572][567]LogScript: Warning: Script Msg: Attempted to access index 1 from array 'Wheels' of length 0 in '/Script/PhysXVehicles.WheeledVehicleMovementComponent'!
[2023.05.12-12.52.47:572][567]PIE: Error: Blueprint Runtime Error: "Accessed None trying to read property CallFunc_Array_Get_Item". Blueprint:  Zhian_BP Function:  Steering Wheel Update Graph:  Steering Wheel Update Node:  Set Steering Angle
[2023.05.12-12.52.47:572][567]PIE: Error: Blueprint Runtime Error: "Accessed None trying to read property CallFunc_Array_Get_Item_1". Blueprint:  Zhian_BP Function:  Steering Wheel Update Graph:  Steering Wheel Update Node:  Set Steering Angle
[2023.05.12-12.52.47:588][568]LogScript: Warning: Script Msg: Attempted to access index 0 from array 'Wheels' of length 0 in '/Script/PhysXVehicles.WheeledVehicleMovementComponent'!
[2023.05.12-12.52.47:588][568]LogScript: Warning: Script Msg: Attempted to access index 1 from array 'Wheels' of length 0 in '/Script/PhysXVehicles.WheeledVehicleMovementComponent'!
[2023.05.12-12.52.47:588][568]PIE: Error: Blueprint Runtime Error: "Accessed None trying to read property CallFunc_Array_Get_Item". Blueprint:  Zhian_BP Function:  Steering Wheel Update Graph:  Steering Wheel Update Node:  Set Steering Angle
[2023.05.12-12.52.47:588][568]PIE: Error: Blueprint Runtime Error: "Accessed None trying to read property CallFunc_Array_Get_Item_1". Blueprint:  Zhian_BP Function:  Steering Wheel Update Graph:  Steering Wheel Update Node:  Set Steering Angle
[2023.05.12-12.52.47:603][569]LogScript: Warning: Script Msg: Attempted to access index 0 from array 'Wheels' of length 0 in '/Script/PhysXVehicles.WheeledVehicleMovementComponent'!
[2023.05.12-12.52.47:603][569]LogScript: Warning: Script Msg: Attempted to access index 1 from array 'Wheels' of length 0 in '/Script/PhysXVehicles.WheeledVehicleMovementComponent'!
[2023.05.12-12.52.47:603][569]PIE: Error: Blueprint Runtime Error: "Accessed None trying to read property CallFunc_Array_Get_Item". Blueprint:  Zhian_BP Function:  Steering Wheel Update Graph:  Steering Wheel Update Node:  Set Steering Angle
[2023.05.12-12.52.47:603][569]PIE: Error: Blueprint Runtime Error: "Accessed None trying to read property CallFunc_Array_Get_Item_1". Blueprint:  Zhian_BP Function:  Steering Wheel Update Graph:  Steering Wheel Update Node:  Set Steering Angle
[2023.05.12-12.52.47:620][570]LogScript: Warning: Script Msg: Attempted to access index 0 from array 'Wheels' of length 0 in '/Script/PhysXVehicles.WheeledVehicleMovementComponent'!
[2023.05.12-12.52.47:620][570]LogScript: Warning: Script Msg: Attempted to access index 1 from array 'Wheels' of length 0 in '/Script/PhysXVehicles.WheeledVehicleMovementComponent'!
[2023.05.12-12.52.47:620][570]PIE: Error: Blueprint Runtime Error: "Accessed None trying to read property CallFunc_Array_Get_Item". Blueprint:  Zhian_BP Function:  Steering Wheel Update Graph:  Steering Wheel Update Node:  Set Steering Angle
[2023.05.12-12.52.47:620][570]PIE: Error: Blueprint Runtime Error: "Accessed None trying to read property CallFunc_Array_Get_Item_1". Blueprint:  Zhian_BP Function:  Steering Wheel Update Graph:  Steering Wheel Update Node:  Set Steering Angle
[2023.05.12-12.52.47:634][571]LogScript: Warning: Script Msg: Attempted to access index 0 from array 'Wheels' of length 0 in '/Script/PhysXVehicles.WheeledVehicleMovementComponent'!
[2023.05.12-12.52.47:634][571]LogScript: Warning: Script Msg: Attempted to access index 1 from array 'Wheels' of length 0 in '/Script/PhysXVehicles.WheeledVehicleMovementComponent'!
[2023.05.12-12.52.47:634][571]PIE: Error: Blueprint Runtime Error: "Accessed None trying to read property CallFunc_Array_Get_Item". Blueprint:  Zhian_BP Function:  Steering Wheel Update Graph:  Steering Wheel Update Node:  Set Steering Angle
[2023.05.12-12.52.47:634][571]PIE: Error: Blueprint Runtime Error: "Accessed None trying to read property CallFunc_Array_Get_Item_1". Blueprint:  Zhian_BP Function:  Steering Wheel Update Graph:  Steering Wheel Update Node:  Set Steering Angle
[2023.05.12-12.52.47:650][572]LogScript: Warning: Script Msg: Attempted to access index 0 from array 'Wheels' of length 0 in '/Script/PhysXVehicles.WheeledVehicleMovementComponent'!
[2023.05.12-12.52.47:650][572]LogScript: Warning: Script Msg: Attempted to access index 1 from array 'Wheels' of length 0 in '/Script/PhysXVehicles.WheeledVehicleMovementComponent'!
[2023.05.12-12.52.47:650][572]PIE: Error: Blueprint Runtime Error: "Accessed None trying to read property CallFunc_Array_Get_Item". Blueprint:  Zhian_BP Function:  Steering Wheel Update Graph:  Steering Wheel Update Node:  Set Steering Angle
[2023.05.12-12.52.47:651][572]PIE: Error: Blueprint Runtime Error: "Accessed None trying to read property CallFunc_Array_Get_Item_1". Blueprint:  Zhian_BP Function:  Steering Wheel Update Graph:  Steering Wheel Update Node:  Set Steering Angle
[2023.05.12-12.52.47:667][573]LogScript: Warning: Script Msg: Attempted to access index 0 from array 'Wheels' of length 0 in '/Script/PhysXVehicles.WheeledVehicleMovementComponent'!
[2023.05.12-12.52.47:667][573]LogScript: Warning: Script Msg: Attempted to access index 1 from array 'Wheels' of length 0 in '/Script/PhysXVehicles.WheeledVehicleMovementComponent'!
[2023.05.12-12.52.47:667][573]PIE: Error: Blueprint Runtime Error: "Accessed None trying to read property CallFunc_Array_Get_Item". Blueprint:  Zhian_BP Function:  Steering Wheel Update Graph:  Steering Wheel Update Node:  Set Steering Angle
[2023.05.12-12.52.47:667][573]PIE: Error: Blueprint Runtime Error: "Accessed None trying to read property CallFunc_Array_Get_Item_1". Blueprint:  Zhian_BP Function:  Steering Wheel Update Graph:  Steering Wheel Update Node:  Set Steering Angle
[2023.05.12-12.52.47:684][574]LogScript: Warning: Script Msg: Attempted to access index 0 from array 'Wheels' of length 0 in '/Script/PhysXVehicles.WheeledVehicleMovementComponent'!
[2023.05.12-12.52.47:684][574]LogScript: Warning: Script Msg: Attempted to access index 1 from array 'Wheels' of length 0 in '/Script/PhysXVehicles.WheeledVehicleMovementComponent'!
[2023.05.12-12.52.47:684][574]PIE: Error: Blueprint Runtime Error: "Accessed None trying to read property CallFunc_Array_Get_Item". Blueprint:  Zhian_BP Function:  Steering Wheel Update Graph:  Steering Wheel Update Node:  Set Steering Angle
[2023.05.12-12.52.47:684][574]PIE: Error: Blueprint Runtime Error: "Accessed None trying to read property CallFunc_Array_Get_Item_1". Blueprint:  Zhian_BP Function:  Steering Wheel Update Graph:  Steering Wheel Update Node:  Set Steering Angle
[2023.05.12-12.52.47:700][575]LogScript: Warning: Script Msg: Attempted to access index 0 from array 'Wheels' of length 0 in '/Script/PhysXVehicles.WheeledVehicleMovementComponent'!
[2023.05.12-12.52.47:700][575]LogScript: Warning: Script Msg: Attempted to access index 1 from array 'Wheels' of length 0 in '/Script/PhysXVehicles.WheeledVehicleMovementComponent'!
[2023.05.12-12.52.47:700][575]PIE: Error: Blueprint Runtime Error: "Accessed None trying to read property CallFunc_Array_Get_Item". Blueprint:  Zhian_BP Function:  Steering Wheel Update Graph:  Steering Wheel Update Node:  Set Steering Angle
[2023.05.12-12.52.47:700][575]PIE: Error: Blueprint Runtime Error: "Accessed None trying to read property CallFunc_Array_Get_Item_1". Blueprint:  Zhian_BP Function:  Steering Wheel Update Graph:  Steering Wheel Update Node:  Set Steering Angle
[2023.05.12-12.52.47:717][576]LogScript: Warning: Script Msg: Attempted to access index 0 from array 'Wheels' of length 0 in '/Script/PhysXVehicles.WheeledVehicleMovementComponent'!
[2023.05.12-12.52.47:718][576]LogScript: Warning: Script Msg: Attempted to access index 1 from array 'Wheels' of length 0 in '/Script/PhysXVehicles.WheeledVehicleMovementComponent'!
[2023.05.12-12.52.47:718][576]PIE: Error: Blueprint Runtime Error: "Accessed None trying to read property CallFunc_Array_Get_Item". Blueprint:  Zhian_BP Function:  Steering Wheel Update Graph:  Steering Wheel Update Node:  Set Steering Angle
[2023.05.12-12.52.47:718][576]PIE: Error: Blueprint Runtime Error: "Accessed None trying to read property CallFunc_Array_Get_Item_1". Blueprint:  Zhian_BP Function:  Steering Wheel Update Graph:  Steering Wheel Update Node:  Set Steering Angle
[2023.05.12-12.52.47:734][577]LogScript: Warning: Script Msg: Attempted to access index 0 from array 'Wheels' of length 0 in '/Script/PhysXVehicles.WheeledVehicleMovementComponent'!
[2023.05.12-12.52.47:734][577]LogScript: Warning: Script Msg: Attempted to access index 1 from array 'Wheels' of length 0 in '/Script/PhysXVehicles.WheeledVehicleMovementComponent'!
[2023.05.12-12.52.47:734][577]PIE: Error: Blueprint Runtime Error: "Accessed None trying to read property CallFunc_Array_Get_Item". Blueprint:  Zhian_BP Function:  Steering Wheel Update Graph:  Steering Wheel Update Node:  Set Steering Angle
[2023.05.12-12.52.47:734][577]PIE: Error: Blueprint Runtime Error: "Accessed None trying to read property CallFunc_Array_Get_Item_1". Blueprint:  Zhian_BP Function:  Steering Wheel Update Graph:  Steering Wheel Update Node:  Set Steering Angle
[2023.05.12-12.52.47:752][578]LogScript: Warning: Script Msg: Attempted to access index 0 from array 'Wheels' of length 0 in '/Script/PhysXVehicles.WheeledVehicleMovementComponent'!
[2023.05.12-12.52.47:752][578]LogScript: Warning: Script Msg: Attempted to access index 1 from array 'Wheels' of length 0 in '/Script/PhysXVehicles.WheeledVehicleMovementComponent'!
[2023.05.12-12.52.47:752][578]PIE: Error: Blueprint Runtime Error: "Accessed None trying to read property CallFunc_Array_Get_Item". Blueprint:  Zhian_BP Function:  Steering Wheel Update Graph:  Steering Wheel Update Node:  Set Steering Angle
[2023.05.12-12.52.47:752][578]PIE: Error: Blueprint Runtime Error: "Accessed None trying to read property CallFunc_Array_Get_Item_1". Blueprint:  Zhian_BP Function:  Steering Wheel Update Graph:  Steering Wheel Update Node:  Set Steering Angle
[2023.05.12-12.52.47:770][579]LogScript: Warning: Script Msg: Attempted to access index 0 from array 'Wheels' of length 0 in '/Script/PhysXVehicles.WheeledVehicleMovementComponent'!
[2023.05.12-12.52.47:770][579]LogScript: Warning: Script Msg: Attempted to access index 1 from array 'Wheels' of length 0 in '/Script/PhysXVehicles.WheeledVehicleMovementComponent'!
[2023.05.12-12.52.47:770][579]PIE: Error: Blueprint Runtime Error: "Accessed None trying to read property CallFunc_Array_Get_Item". Blueprint:  Zhian_BP Function:  Steering Wheel Update Graph:  Steering Wheel Update Node:  Set Steering Angle
[2023.05.12-12.52.47:770][579]PIE: Error: Blueprint Runtime Error: "Accessed None trying to read property CallFunc_Array_Get_Item_1". Blueprint:  Zhian_BP Function:  Steering Wheel Update Graph:  Steering Wheel Update Node:  Set Steering Angle
[2023.05.12-12.52.47:786][580]LogScript: Warning: Script Msg: Attempted to access index 0 from array 'Wheels' of length 0 in '/Script/PhysXVehicles.WheeledVehicleMovementComponent'!
[2023.05.12-12.52.47:786][580]LogScript: Warning: Script Msg: Attempted to access index 1 from array 'Wheels' of length 0 in '/Script/PhysXVehicles.WheeledVehicleMovementComponent'!
[2023.05.12-12.52.47:786][580]PIE: Error: Blueprint Runtime Error: "Accessed None trying to read property CallFunc_Array_Get_Item". Blueprint:  Zhian_BP Function:  Steering Wheel Update Graph:  Steering Wheel Update Node:  Set Steering Angle
[2023.05.12-12.52.47:786][580]PIE: Error: Blueprint Runtime Error: "Accessed None trying to read property CallFunc_Array_Get_Item_1". Blueprint:  Zhian_BP Function:  Steering Wheel Update Graph:  Steering Wheel Update Node:  Set Steering Angle
[2023.05.12-12.52.47:804][581]LogScript: Warning: Script Msg: Attempted to access index 0 from array 'Wheels' of length 0 in '/Script/PhysXVehicles.WheeledVehicleMovementComponent'!
[2023.05.12-12.52.47:804][581]LogScript: Warning: Script Msg: Attempted to access index 1 from array 'Wheels' of length 0 in '/Script/PhysXVehicles.WheeledVehicleMovementComponent'!
[2023.05.12-12.52.47:804][581]PIE: Error: Blueprint Runtime Error: "Accessed None trying to read property CallFunc_Array_Get_Item". Blueprint:  Zhian_BP Function:  Steering Wheel Update Graph:  Steering Wheel Update Node:  Set Steering Angle
[2023.05.12-12.52.47:804][581]PIE: Error: Blueprint Runtime Error: "Accessed None trying to read property CallFunc_Array_Get_Item_1". Blueprint:  Zhian_BP Function:  Steering Wheel Update Graph:  Steering Wheel Update Node:  Set Steering Angle
[2023.05.12-12.52.47:821][582]LogScript: Warning: Script Msg: Attempted to access index 0 from array 'Wheels' of length 0 in '/Script/PhysXVehicles.WheeledVehicleMovementComponent'!
[2023.05.12-12.52.47:821][582]LogScript: Warning: Script Msg: Attempted to access index 1 from array 'Wheels' of length 0 in '/Script/PhysXVehicles.WheeledVehicleMovementComponent'!
[2023.05.12-12.52.47:821][582]PIE: Error: Blueprint Runtime Error: "Accessed None trying to read property CallFunc_Array_Get_Item". Blueprint:  Zhian_BP Function:  Steering Wheel Update Graph:  Steering Wheel Update Node:  Set Steering Angle
[2023.05.12-12.52.47:821][582]PIE: Error: Blueprint Runtime Error: "Accessed None trying to read property CallFunc_Array_Get_Item_1". Blueprint:  Zhian_BP Function:  Steering Wheel Update Graph:  Steering Wheel Update Node:  Set Steering Angle
[2023.05.12-12.52.47:837][583]LogScript: Warning: Script Msg: Attempted to access index 0 from array 'Wheels' of length 0 in '/Script/PhysXVehicles.WheeledVehicleMovementComponent'!
[2023.05.12-12.52.47:838][583]LogScript: Warning: Script Msg: Attempted to access index 1 from array 'Wheels' of length 0 in '/Script/PhysXVehicles.WheeledVehicleMovementComponent'!
[2023.05.12-12.52.47:838][583]PIE: Error: Blueprint Runtime Error: "Accessed None trying to read property CallFunc_Array_Get_Item". Blueprint:  Zhian_BP Function:  Steering Wheel Update Graph:  Steering Wheel Update Node:  Set Steering Angle
[2023.05.12-12.52.47:838][583]PIE: Error: Blueprint Runtime Error: "Accessed None trying to read property CallFunc_Array_Get_Item_1". Blueprint:  Zhian_BP Function:  Steering Wheel Update Graph:  Steering Wheel Update Node:  Set Steering Angle
[2023.05.12-12.52.47:854][584]LogScript: Warning: Script Msg: Attempted to access index 0 from array 'Wheels' of length 0 in '/Script/PhysXVehicles.WheeledVehicleMovementComponent'!
[2023.05.12-12.52.47:854][584]LogScript: Warning: Script Msg: Attempted to access index 1 from array 'Wheels' of length 0 in '/Script/PhysXVehicles.WheeledVehicleMovementComponent'!
[2023.05.12-12.52.47:855][584]PIE: Error: Blueprint Runtime Error: "Accessed None trying to read property CallFunc_Array_Get_Item". Blueprint:  Zhian_BP Function:  Steering Wheel Update Graph:  Steering Wheel Update Node:  Set Steering Angle
[2023.05.12-12.52.47:855][584]PIE: Error: Blueprint Runtime Error: "Accessed None trying to read property CallFunc_Array_Get_Item_1". Blueprint:  Zhian_BP Function:  Steering Wheel Update Graph:  Steering Wheel Update Node:  Set Steering Angle
[2023.05.12-12.52.47:871][585]LogScript: Warning: Script Msg: Attempted to access index 0 from array 'Wheels' of length 0 in '/Script/PhysXVehicles.WheeledVehicleMovementComponent'!
[2023.05.12-12.52.47:872][585]LogScript: Warning: Script Msg: Attempted to access index 1 from array 'Wheels' of length 0 in '/Script/PhysXVehicles.WheeledVehicleMovementComponent'!
[2023.05.12-12.52.47:872][585]PIE: Error: Blueprint Runtime Error: "Accessed None trying to read property CallFunc_Array_Get_Item". Blueprint:  Zhian_BP Function:  Steering Wheel Update Graph:  Steering Wheel Update Node:  Set Steering Angle
[2023.05.12-12.52.47:872][585]PIE: Error: Blueprint Runtime Error: "Accessed None trying to read property CallFunc_Array_Get_Item_1". Blueprint:  Zhian_BP Function:  Steering Wheel Update Graph:  Steering Wheel Update Node:  Set Steering Angle
[2023.05.12-12.52.47:888][586]LogScript: Warning: Script Msg: Attempted to access index 0 from array 'Wheels' of length 0 in '/Script/PhysXVehicles.WheeledVehicleMovementComponent'!
[2023.05.12-12.52.47:888][586]LogScript: Warning: Script Msg: Attempted to access index 1 from array 'Wheels' of length 0 in '/Script/PhysXVehicles.WheeledVehicleMovementComponent'!
[2023.05.12-12.52.47:888][586]PIE: Error: Blueprint Runtime Error: "Accessed None trying to read property CallFunc_Array_Get_Item". Blueprint:  Zhian_BP Function:  Steering Wheel Update Graph:  Steering Wheel Update Node:  Set Steering Angle
[2023.05.12-12.52.47:888][586]PIE: Error: Blueprint Runtime Error: "Accessed None trying to read property CallFunc_Array_Get_Item_1". Blueprint:  Zhian_BP Function:  Steering Wheel Update Graph:  Steering Wheel Update Node:  Set Steering Angle
[2023.05.12-12.52.47:905][587]LogScript: Warning: Script Msg: Attempted to access index 0 from array 'Wheels' of length 0 in '/Script/PhysXVehicles.WheeledVehicleMovementComponent'!
[2023.05.12-12.52.47:905][587]LogScript: Warning: Script Msg: Attempted to access index 1 from array 'Wheels' of length 0 in '/Script/PhysXVehicles.WheeledVehicleMovementComponent'!
[2023.05.12-12.52.47:905][587]PIE: Error: Blueprint Runtime Error: "Accessed None trying to read property CallFunc_Array_Get_Item". Blueprint:  Zhian_BP Function:  Steering Wheel Update Graph:  Steering Wheel Update Node:  Set Steering Angle
[2023.05.12-12.52.47:905][587]PIE: Error: Blueprint Runtime Error: "Accessed None trying to read property CallFunc_Array_Get_Item_1". Blueprint:  Zhian_BP Function:  Steering Wheel Update Graph:  Steering Wheel Update Node:  Set Steering Angle
[2023.05.12-12.52.47:922][588]LogScript: Warning: Script Msg: Attempted to access index 0 from array 'Wheels' of length 0 in '/Script/PhysXVehicles.WheeledVehicleMovementComponent'!
[2023.05.12-12.52.47:922][588]LogScript: Warning: Script Msg: Attempted to access index 1 from array 'Wheels' of length 0 in '/Script/PhysXVehicles.WheeledVehicleMovementComponent'!
[2023.05.12-12.52.47:922][588]PIE: Error: Blueprint Runtime Error: "Accessed None trying to read property CallFunc_Array_Get_Item". Blueprint:  Zhian_BP Function:  Steering Wheel Update Graph:  Steering Wheel Update Node:  Set Steering Angle
[2023.05.12-12.52.47:922][588]PIE: Error: Blueprint Runtime Error: "Accessed None trying to read property CallFunc_Array_Get_Item_1". Blueprint:  Zhian_BP Function:  Steering Wheel Update Graph:  Steering Wheel Update Node:  Set Steering Angle
[2023.05.12-12.52.47:939][589]LogScript: Warning: Script Msg: Attempted to access index 0 from array 'Wheels' of length 0 in '/Script/PhysXVehicles.WheeledVehicleMovementComponent'!
[2023.05.12-12.52.47:939][589]LogScript: Warning: Script Msg: Attempted to access index 1 from array 'Wheels' of length 0 in '/Script/PhysXVehicles.WheeledVehicleMovementComponent'!
[2023.05.12-12.52.47:939][589]PIE: Error: Blueprint Runtime Error: "Accessed None trying to read property CallFunc_Array_Get_Item". Blueprint:  Zhian_BP Function:  Steering Wheel Update Graph:  Steering Wheel Update Node:  Set Steering Angle
[2023.05.12-12.52.47:939][589]PIE: Error: Blueprint Runtime Error: "Accessed None trying to read property CallFunc_Array_Get_Item_1". Blueprint:  Zhian_BP Function:  Steering Wheel Update Graph:  Steering Wheel Update Node:  Set Steering Angle
[2023.05.12-12.52.47:955][590]LogScript: Warning: Script Msg: Attempted to access index 0 from array 'Wheels' of length 0 in '/Script/PhysXVehicles.WheeledVehicleMovementComponent'!
[2023.05.12-12.52.47:955][590]LogScript: Warning: Script Msg: Attempted to access index 1 from array 'Wheels' of length 0 in '/Script/PhysXVehicles.WheeledVehicleMovementComponent'!
[2023.05.12-12.52.47:956][590]PIE: Error: Blueprint Runtime Error: "Accessed None trying to read property CallFunc_Array_Get_Item". Blueprint:  Zhian_BP Function:  Steering Wheel Update Graph:  Steering Wheel Update Node:  Set Steering Angle
[2023.05.12-12.52.47:956][590]PIE: Error: Blueprint Runtime Error: "Accessed None trying to read property CallFunc_Array_Get_Item_1". Blueprint:  Zhian_BP Function:  Steering Wheel Update Graph:  Steering Wheel Update Node:  Set Steering Angle
[2023.05.12-12.52.47:972][591]LogScript: Warning: Script Msg: Attempted to access index 0 from array 'Wheels' of length 0 in '/Script/PhysXVehicles.WheeledVehicleMovementComponent'!
[2023.05.12-12.52.47:972][591]LogScript: Warning: Script Msg: Attempted to access index 1 from array 'Wheels' of length 0 in '/Script/PhysXVehicles.WheeledVehicleMovementComponent'!
[2023.05.12-12.52.47:972][591]PIE: Error: Blueprint Runtime Error: "Accessed None trying to read property CallFunc_Array_Get_Item". Blueprint:  Zhian_BP Function:  Steering Wheel Update Graph:  Steering Wheel Update Node:  Set Steering Angle
[2023.05.12-12.52.47:972][591]PIE: Error: Blueprint Runtime Error: "Accessed None trying to read property CallFunc_Array_Get_Item_1". Blueprint:  Zhian_BP Function:  Steering Wheel Update Graph:  Steering Wheel Update Node:  Set Steering Angle
[2023.05.12-12.52.47:989][592]LogScript: Warning: Script Msg: Attempted to access index 0 from array 'Wheels' of length 0 in '/Script/PhysXVehicles.WheeledVehicleMovementComponent'!
[2023.05.12-12.52.47:989][592]LogScript: Warning: Script Msg: Attempted to access index 1 from array 'Wheels' of length 0 in '/Script/PhysXVehicles.WheeledVehicleMovementComponent'!
[2023.05.12-12.52.47:989][592]PIE: Error: Blueprint Runtime Error: "Accessed None trying to read property CallFunc_Array_Get_Item". Blueprint:  Zhian_BP Function:  Steering Wheel Update Graph:  Steering Wheel Update Node:  Set Steering Angle
[2023.05.12-12.52.47:989][592]PIE: Error: Blueprint Runtime Error: "Accessed None trying to read property CallFunc_Array_Get_Item_1". Blueprint:  Zhian_BP Function:  Steering Wheel Update Graph:  Steering Wheel Update Node:  Set Steering Angle
[2023.05.12-12.52.48:006][593]LogScript: Warning: Script Msg: Attempted to access index 0 from array 'Wheels' of length 0 in '/Script/PhysXVehicles.WheeledVehicleMovementComponent'!
[2023.05.12-12.52.48:006][593]LogScript: Warning: Script Msg: Attempted to access index 1 from array 'Wheels' of length 0 in '/Script/PhysXVehicles.WheeledVehicleMovementComponent'!
[2023.05.12-12.52.48:006][593]PIE: Error: Blueprint Runtime Error: "Accessed None trying to read property CallFunc_Array_Get_Item". Blueprint:  Zhian_BP Function:  Steering Wheel Update Graph:  Steering Wheel Update Node:  Set Steering Angle
[2023.05.12-12.52.48:007][593]PIE: Error: Blueprint Runtime Error: "Accessed None trying to read property CallFunc_Array_Get_Item_1". Blueprint:  Zhian_BP Function:  Steering Wheel Update Graph:  Steering Wheel Update Node:  Set Steering Angle
[2023.05.12-12.52.48:024][594]LogScript: Warning: Script Msg: Attempted to access index 0 from array 'Wheels' of length 0 in '/Script/PhysXVehicles.WheeledVehicleMovementComponent'!
[2023.05.12-12.52.48:024][594]LogScript: Warning: Script Msg: Attempted to access index 1 from array 'Wheels' of length 0 in '/Script/PhysXVehicles.WheeledVehicleMovementComponent'!
[2023.05.12-12.52.48:024][594]PIE: Error: Blueprint Runtime Error: "Accessed None trying to read property CallFunc_Array_Get_Item". Blueprint:  Zhian_BP Function:  Steering Wheel Update Graph:  Steering Wheel Update Node:  Set Steering Angle
[2023.05.12-12.52.48:024][594]PIE: Error: Blueprint Runtime Error: "Accessed None trying to read property CallFunc_Array_Get_Item_1". Blueprint:  Zhian_BP Function:  Steering Wheel Update Graph:  Steering Wheel Update Node:  Set Steering Angle
[2023.05.12-12.52.48:041][595]LogScript: Warning: Script Msg: Attempted to access index 0 from array 'Wheels' of length 0 in '/Script/PhysXVehicles.WheeledVehicleMovementComponent'!
[2023.05.12-12.52.48:041][595]LogScript: Warning: Script Msg: Attempted to access index 1 from array 'Wheels' of length 0 in '/Script/PhysXVehicles.WheeledVehicleMovementComponent'!
[2023.05.12-12.52.48:041][595]PIE: Error: Blueprint Runtime Error: "Accessed None trying to read property CallFunc_Array_Get_Item". Blueprint:  Zhian_BP Function:  Steering Wheel Update Graph:  Steering Wheel Update Node:  Set Steering Angle
[2023.05.12-12.52.48:041][595]PIE: Error: Blueprint Runtime Error: "Accessed None trying to read property CallFunc_Array_Get_Item_1". Blueprint:  Zhian_BP Function:  Steering Wheel Update Graph:  Steering Wheel Update Node:  Set Steering Angle
[2023.05.12-12.52.48:058][596]LogScript: Warning: Script Msg: Attempted to access index 0 from array 'Wheels' of length 0 in '/Script/PhysXVehicles.WheeledVehicleMovementComponent'!
[2023.05.12-12.52.48:058][596]LogScript: Warning: Script Msg: Attempted to access index 1 from array 'Wheels' of length 0 in '/Script/PhysXVehicles.WheeledVehicleMovementComponent'!
[2023.05.12-12.52.48:058][596]PIE: Error: Blueprint Runtime Error: "Accessed None trying to read property CallFunc_Array_Get_Item". Blueprint:  Zhian_BP Function:  Steering Wheel Update Graph:  Steering Wheel Update Node:  Set Steering Angle
[2023.05.12-12.52.48:058][596]PIE: Error: Blueprint Runtime Error: "Accessed None trying to read property CallFunc_Array_Get_Item_1". Blueprint:  Zhian_BP Function:  Steering Wheel Update Graph:  Steering Wheel Update Node:  Set Steering Angle
[2023.05.12-12.52.48:075][597]LogScript: Warning: Script Msg: Attempted to access index 0 from array 'Wheels' of length 0 in '/Script/PhysXVehicles.WheeledVehicleMovementComponent'!
[2023.05.12-12.52.48:075][597]LogScript: Warning: Script Msg: Attempted to access index 1 from array 'Wheels' of length 0 in '/Script/PhysXVehicles.WheeledVehicleMovementComponent'!
[2023.05.12-12.52.48:075][597]PIE: Error: Blueprint Runtime Error: "Accessed None trying to read property CallFunc_Array_Get_Item". Blueprint:  Zhian_BP Function:  Steering Wheel Update Graph:  Steering Wheel Update Node:  Set Steering Angle
[2023.05.12-12.52.48:075][597]PIE: Error: Blueprint Runtime Error: "Accessed None trying to read property CallFunc_Array_Get_Item_1". Blueprint:  Zhian_BP Function:  Steering Wheel Update Graph:  Steering Wheel Update Node:  Set Steering Angle
[2023.05.12-12.52.48:092][598]LogScript: Warning: Script Msg: Attempted to access index 0 from array 'Wheels' of length 0 in '/Script/PhysXVehicles.WheeledVehicleMovementComponent'!
[2023.05.12-12.52.48:092][598]LogScript: Warning: Script Msg: Attempted to access index 1 from array 'Wheels' of length 0 in '/Script/PhysXVehicles.WheeledVehicleMovementComponent'!
[2023.05.12-12.52.48:092][598]PIE: Error: Blueprint Runtime Error: "Accessed None trying to read property CallFunc_Array_Get_Item". Blueprint:  Zhian_BP Function:  Steering Wheel Update Graph:  Steering Wheel Update Node:  Set Steering Angle
[2023.05.12-12.52.48:092][598]PIE: Error: Blueprint Runtime Error: "Accessed None trying to read property CallFunc_Array_Get_Item_1". Blueprint:  Zhian_BP Function:  Steering Wheel Update Graph:  Steering Wheel Update Node:  Set Steering Angle
[2023.05.12-12.52.48:109][599]LogScript: Warning: Script Msg: Attempted to access index 0 from array 'Wheels' of length 0 in '/Script/PhysXVehicles.WheeledVehicleMovementComponent'!
[2023.05.12-12.52.48:109][599]LogScript: Warning: Script Msg: Attempted to access index 1 from array 'Wheels' of length 0 in '/Script/PhysXVehicles.WheeledVehicleMovementComponent'!
[2023.05.12-12.52.48:110][599]PIE: Error: Blueprint Runtime Error: "Accessed None trying to read property CallFunc_Array_Get_Item". Blueprint:  Zhian_BP Function:  Steering Wheel Update Graph:  Steering Wheel Update Node:  Set Steering Angle
[2023.05.12-12.52.48:110][599]PIE: Error: Blueprint Runtime Error: "Accessed None trying to read property CallFunc_Array_Get_Item_1". Blueprint:  Zhian_BP Function:  Steering Wheel Update Graph:  Steering Wheel Update Node:  Set Steering Angle
[2023.05.12-12.52.48:126][600]LogScript: Warning: Script Msg: Attempted to access index 0 from array 'Wheels' of length 0 in '/Script/PhysXVehicles.WheeledVehicleMovementComponent'!
[2023.05.12-12.52.48:126][600]LogScript: Warning: Script Msg: Attempted to access index 1 from array 'Wheels' of length 0 in '/Script/PhysXVehicles.WheeledVehicleMovementComponent'!
[2023.05.12-12.52.48:126][600]PIE: Error: Blueprint Runtime Error: "Accessed None trying to read property CallFunc_Array_Get_Item". Blueprint:  Zhian_BP Function:  Steering Wheel Update Graph:  Steering Wheel Update Node:  Set Steering Angle
[2023.05.12-12.52.48:126][600]PIE: Error: Blueprint Runtime Error: "Accessed None trying to read property CallFunc_Array_Get_Item_1". Blueprint:  Zhian_BP Function:  Steering Wheel Update Graph:  Steering Wheel Update Node:  Set Steering Angle
[2023.05.12-12.52.48:143][601]LogScript: Warning: Script Msg: Attempted to access index 0 from array 'Wheels' of length 0 in '/Script/PhysXVehicles.WheeledVehicleMovementComponent'!
[2023.05.12-12.52.48:143][601]LogScript: Warning: Script Msg: Attempted to access index 1 from array 'Wheels' of length 0 in '/Script/PhysXVehicles.WheeledVehicleMovementComponent'!
[2023.05.12-12.52.48:143][601]PIE: Error: Blueprint Runtime Error: "Accessed None trying to read property CallFunc_Array_Get_Item". Blueprint:  Zhian_BP Function:  Steering Wheel Update Graph:  Steering Wheel Update Node:  Set Steering Angle
[2023.05.12-12.52.48:143][601]PIE: Error: Blueprint Runtime Error: "Accessed None trying to read property CallFunc_Array_Get_Item_1". Blueprint:  Zhian_BP Function:  Steering Wheel Update Graph:  Steering Wheel Update Node:  Set Steering Angle
[2023.05.12-12.52.48:161][602]LogScript: Warning: Script Msg: Attempted to access index 0 from array 'Wheels' of length 0 in '/Script/PhysXVehicles.WheeledVehicleMovementComponent'!
[2023.05.12-12.52.48:161][602]LogScript: Warning: Script Msg: Attempted to access index 1 from array 'Wheels' of length 0 in '/Script/PhysXVehicles.WheeledVehicleMovementComponent'!
[2023.05.12-12.52.48:161][602]PIE: Error: Blueprint Runtime Error: "Accessed None trying to read property CallFunc_Array_Get_Item". Blueprint:  Zhian_BP Function:  Steering Wheel Update Graph:  Steering Wheel Update Node:  Set Steering Angle
[2023.05.12-12.52.48:161][602]PIE: Error: Blueprint Runtime Error: "Accessed None trying to read property CallFunc_Array_Get_Item_1". Blueprint:  Zhian_BP Function:  Steering Wheel Update Graph:  Steering Wheel Update Node:  Set Steering Angle
[2023.05.12-12.52.48:177][603]LogScript: Warning: Script Msg: Attempted to access index 0 from array 'Wheels' of length 0 in '/Script/PhysXVehicles.WheeledVehicleMovementComponent'!
[2023.05.12-12.52.48:177][603]LogScript: Warning: Script Msg: Attempted to access index 1 from array 'Wheels' of length 0 in '/Script/PhysXVehicles.WheeledVehicleMovementComponent'!
[2023.05.12-12.52.48:177][603]PIE: Error: Blueprint Runtime Error: "Accessed None trying to read property CallFunc_Array_Get_Item". Blueprint:  Zhian_BP Function:  Steering Wheel Update Graph:  Steering Wheel Update Node:  Set Steering Angle
[2023.05.12-12.52.48:177][603]PIE: Error: Blueprint Runtime Error: "Accessed None trying to read property CallFunc_Array_Get_Item_1". Blueprint:  Zhian_BP Function:  Steering Wheel Update Graph:  Steering Wheel Update Node:  Set Steering Angle
[2023.05.12-12.52.48:194][604]LogScript: Warning: Script Msg: Attempted to access index 0 from array 'Wheels' of length 0 in '/Script/PhysXVehicles.WheeledVehicleMovementComponent'!
[2023.05.12-12.52.48:194][604]LogScript: Warning: Script Msg: Attempted to access index 1 from array 'Wheels' of length 0 in '/Script/PhysXVehicles.WheeledVehicleMovementComponent'!
[2023.05.12-12.52.48:194][604]PIE: Error: Blueprint Runtime Error: "Accessed None trying to read property CallFunc_Array_Get_Item". Blueprint:  Zhian_BP Function:  Steering Wheel Update Graph:  Steering Wheel Update Node:  Set Steering Angle
[2023.05.12-12.52.48:194][604]PIE: Error: Blueprint Runtime Error: "Accessed None trying to read property CallFunc_Array_Get_Item_1". Blueprint:  Zhian_BP Function:  Steering Wheel Update Graph:  Steering Wheel Update Node:  Set Steering Angle
[2023.05.12-12.52.48:211][605]LogScript: Warning: Script Msg: Attempted to access index 0 from array 'Wheels' of length 0 in '/Script/PhysXVehicles.WheeledVehicleMovementComponent'!
[2023.05.12-12.52.48:211][605]LogScript: Warning: Script Msg: Attempted to access index 1 from array 'Wheels' of length 0 in '/Script/PhysXVehicles.WheeledVehicleMovementComponent'!
[2023.05.12-12.52.48:212][605]PIE: Error: Blueprint Runtime Error: "Accessed None trying to read property CallFunc_Array_Get_Item". Blueprint:  Zhian_BP Function:  Steering Wheel Update Graph:  Steering Wheel Update Node:  Set Steering Angle
[2023.05.12-12.52.48:212][605]PIE: Error: Blueprint Runtime Error: "Accessed None trying to read property CallFunc_Array_Get_Item_1". Blueprint:  Zhian_BP Function:  Steering Wheel Update Graph:  Steering Wheel Update Node:  Set Steering Angle
[2023.05.12-12.52.48:228][606]LogScript: Warning: Script Msg: Attempted to access index 0 from array 'Wheels' of length 0 in '/Script/PhysXVehicles.WheeledVehicleMovementComponent'!
[2023.05.12-12.52.48:229][606]LogScript: Warning: Script Msg: Attempted to access index 1 from array 'Wheels' of length 0 in '/Script/PhysXVehicles.WheeledVehicleMovementComponent'!
[2023.05.12-12.52.48:229][606]PIE: Error: Blueprint Runtime Error: "Accessed None trying to read property CallFunc_Array_Get_Item". Blueprint:  Zhian_BP Function:  Steering Wheel Update Graph:  Steering Wheel Update Node:  Set Steering Angle
[2023.05.12-12.52.48:229][606]PIE: Error: Blueprint Runtime Error: "Accessed None trying to read property CallFunc_Array_Get_Item_1". Blueprint:  Zhian_BP Function:  Steering Wheel Update Graph:  Steering Wheel Update Node:  Set Steering Angle
[2023.05.12-12.52.48:245][607]LogScript: Warning: Script Msg: Attempted to access index 0 from array 'Wheels' of length 0 in '/Script/PhysXVehicles.WheeledVehicleMovementComponent'!
[2023.05.12-12.52.48:245][607]LogScript: Warning: Script Msg: Attempted to access index 1 from array 'Wheels' of length 0 in '/Script/PhysXVehicles.WheeledVehicleMovementComponent'!
[2023.05.12-12.52.48:245][607]PIE: Error: Blueprint Runtime Error: "Accessed None trying to read property CallFunc_Array_Get_Item". Blueprint:  Zhian_BP Function:  Steering Wheel Update Graph:  Steering Wheel Update Node:  Set Steering Angle
[2023.05.12-12.52.48:245][607]PIE: Error: Blueprint Runtime Error: "Accessed None trying to read property CallFunc_Array_Get_Item_1". Blueprint:  Zhian_BP Function:  Steering Wheel Update Graph:  Steering Wheel Update Node:  Set Steering Angle
[2023.05.12-12.52.48:263][608]LogScript: Warning: Script Msg: Attempted to access index 0 from array 'Wheels' of length 0 in '/Script/PhysXVehicles.WheeledVehicleMovementComponent'!
[2023.05.12-12.52.48:263][608]LogScript: Warning: Script Msg: Attempted to access index 1 from array 'Wheels' of length 0 in '/Script/PhysXVehicles.WheeledVehicleMovementComponent'!
[2023.05.12-12.52.48:263][608]PIE: Error: Blueprint Runtime Error: "Accessed None trying to read property CallFunc_Array_Get_Item". Blueprint:  Zhian_BP Function:  Steering Wheel Update Graph:  Steering Wheel Update Node:  Set Steering Angle
[2023.05.12-12.52.48:263][608]PIE: Error: Blueprint Runtime Error: "Accessed None trying to read property CallFunc_Array_Get_Item_1". Blueprint:  Zhian_BP Function:  Steering Wheel Update Graph:  Steering Wheel Update Node:  Set Steering Angle
[2023.05.12-12.52.48:282][609]LogScript: Warning: Script Msg: Attempted to access index 0 from array 'Wheels' of length 0 in '/Script/PhysXVehicles.WheeledVehicleMovementComponent'!
[2023.05.12-12.52.48:282][609]LogScript: Warning: Script Msg: Attempted to access index 1 from array 'Wheels' of length 0 in '/Script/PhysXVehicles.WheeledVehicleMovementComponent'!
[2023.05.12-12.52.48:282][609]PIE: Error: Blueprint Runtime Error: "Accessed None trying to read property CallFunc_Array_Get_Item". Blueprint:  Zhian_BP Function:  Steering Wheel Update Graph:  Steering Wheel Update Node:  Set Steering Angle
[2023.05.12-12.52.48:282][609]PIE: Error: Blueprint Runtime Error: "Accessed None trying to read property CallFunc_Array_Get_Item_1". Blueprint:  Zhian_BP Function:  Steering Wheel Update Graph:  Steering Wheel Update Node:  Set Steering Angle
[2023.05.12-12.52.48:296][610]LogScript: Warning: Script Msg: Attempted to access index 0 from array 'Wheels' of length 0 in '/Script/PhysXVehicles.WheeledVehicleMovementComponent'!
[2023.05.12-12.52.48:296][610]LogScript: Warning: Script Msg: Attempted to access index 1 from array 'Wheels' of length 0 in '/Script/PhysXVehicles.WheeledVehicleMovementComponent'!
[2023.05.12-12.52.48:296][610]PIE: Error: Blueprint Runtime Error: "Accessed None trying to read property CallFunc_Array_Get_Item". Blueprint:  Zhian_BP Function:  Steering Wheel Update Graph:  Steering Wheel Update Node:  Set Steering Angle
[2023.05.12-12.52.48:296][610]PIE: Error: Blueprint Runtime Error: "Accessed None trying to read property CallFunc_Array_Get_Item_1". Blueprint:  Zhian_BP Function:  Steering Wheel Update Graph:  Steering Wheel Update Node:  Set Steering Angle
[2023.05.12-12.52.48:314][611]LogScript: Warning: Script Msg: Attempted to access index 0 from array 'Wheels' of length 0 in '/Script/PhysXVehicles.WheeledVehicleMovementComponent'!
[2023.05.12-12.52.48:314][611]LogScript: Warning: Script Msg: Attempted to access index 1 from array 'Wheels' of length 0 in '/Script/PhysXVehicles.WheeledVehicleMovementComponent'!
[2023.05.12-12.52.48:314][611]PIE: Error: Blueprint Runtime Error: "Accessed None trying to read property CallFunc_Array_Get_Item". Blueprint:  Zhian_BP Function:  Steering Wheel Update Graph:  Steering Wheel Update Node:  Set Steering Angle
[2023.05.12-12.52.48:314][611]PIE: Error: Blueprint Runtime Error: "Accessed None trying to read property CallFunc_Array_Get_Item_1". Blueprint:  Zhian_BP Function:  Steering Wheel Update Graph:  Steering Wheel Update Node:  Set Steering Angle
[2023.05.12-12.52.48:332][612]LogScript: Warning: Script Msg: Attempted to access index 0 from array 'Wheels' of length 0 in '/Script/PhysXVehicles.WheeledVehicleMovementComponent'!
[2023.05.12-12.52.48:332][612]LogScript: Warning: Script Msg: Attempted to access index 1 from array 'Wheels' of length 0 in '/Script/PhysXVehicles.WheeledVehicleMovementComponent'!
[2023.05.12-12.52.48:332][612]PIE: Error: Blueprint Runtime Error: "Accessed None trying to read property CallFunc_Array_Get_Item". Blueprint:  Zhian_BP Function:  Steering Wheel Update Graph:  Steering Wheel Update Node:  Set Steering Angle
[2023.05.12-12.52.48:332][612]PIE: Error: Blueprint Runtime Error: "Accessed None trying to read property CallFunc_Array_Get_Item_1". Blueprint:  Zhian_BP Function:  Steering Wheel Update Graph:  Steering Wheel Update Node:  Set Steering Angle
[2023.05.12-12.52.48:348][613]LogScript: Warning: Script Msg: Attempted to access index 0 from array 'Wheels' of length 0 in '/Script/PhysXVehicles.WheeledVehicleMovementComponent'!
[2023.05.12-12.52.48:348][613]LogScript: Warning: Script Msg: Attempted to access index 1 from array 'Wheels' of length 0 in '/Script/PhysXVehicles.WheeledVehicleMovementComponent'!
[2023.05.12-12.52.48:348][613]PIE: Error: Blueprint Runtime Error: "Accessed None trying to read property CallFunc_Array_Get_Item". Blueprint:  Zhian_BP Function:  Steering Wheel Update Graph:  Steering Wheel Update Node:  Set Steering Angle
[2023.05.12-12.52.48:349][613]PIE: Error: Blueprint Runtime Error: "Accessed None trying to read property CallFunc_Array_Get_Item_1". Blueprint:  Zhian_BP Function:  Steering Wheel Update Graph:  Steering Wheel Update Node:  Set Steering Angle
[2023.05.12-12.52.48:365][614]LogScript: Warning: Script Msg: Attempted to access index 0 from array 'Wheels' of length 0 in '/Script/PhysXVehicles.WheeledVehicleMovementComponent'!
[2023.05.12-12.52.48:365][614]LogScript: Warning: Script Msg: Attempted to access index 1 from array 'Wheels' of length 0 in '/Script/PhysXVehicles.WheeledVehicleMovementComponent'!
[2023.05.12-12.52.48:365][614]PIE: Error: Blueprint Runtime Error: "Accessed None trying to read property CallFunc_Array_Get_Item". Blueprint:  Zhian_BP Function:  Steering Wheel Update Graph:  Steering Wheel Update Node:  Set Steering Angle
[2023.05.12-12.52.48:365][614]PIE: Error: Blueprint Runtime Error: "Accessed None trying to read property CallFunc_Array_Get_Item_1". Blueprint:  Zhian_BP Function:  Steering Wheel Update Graph:  Steering Wheel Update Node:  Set Steering Angle
[2023.05.12-12.52.48:382][615]LogScript: Warning: Script Msg: Attempted to access index 0 from array 'Wheels' of length 0 in '/Script/PhysXVehicles.WheeledVehicleMovementComponent'!
[2023.05.12-12.52.48:383][615]LogScript: Warning: Script Msg: Attempted to access index 1 from array 'Wheels' of length 0 in '/Script/PhysXVehicles.WheeledVehicleMovementComponent'!
[2023.05.12-12.52.48:383][615]PIE: Error: Blueprint Runtime Error: "Accessed None trying to read property CallFunc_Array_Get_Item". Blueprint:  Zhian_BP Function:  Steering Wheel Update Graph:  Steering Wheel Update Node:  Set Steering Angle
[2023.05.12-12.52.48:383][615]PIE: Error: Blueprint Runtime Error: "Accessed None trying to read property CallFunc_Array_Get_Item_1". Blueprint:  Zhian_BP Function:  Steering Wheel Update Graph:  Steering Wheel Update Node:  Set Steering Angle
[2023.05.12-12.52.48:400][616]LogScript: Warning: Script Msg: Attempted to access index 0 from array 'Wheels' of length 0 in '/Script/PhysXVehicles.WheeledVehicleMovementComponent'!
[2023.05.12-12.52.48:400][616]LogScript: Warning: Script Msg: Attempted to access index 1 from array 'Wheels' of length 0 in '/Script/PhysXVehicles.WheeledVehicleMovementComponent'!
[2023.05.12-12.52.48:400][616]PIE: Error: Blueprint Runtime Error: "Accessed None trying to read property CallFunc_Array_Get_Item". Blueprint:  Zhian_BP Function:  Steering Wheel Update Graph:  Steering Wheel Update Node:  Set Steering Angle
[2023.05.12-12.52.48:400][616]PIE: Error: Blueprint Runtime Error: "Accessed None trying to read property CallFunc_Array_Get_Item_1". Blueprint:  Zhian_BP Function:  Steering Wheel Update Graph:  Steering Wheel Update Node:  Set Steering Angle
[2023.05.12-12.52.48:417][617]LogScript: Warning: Script Msg: Attempted to access index 0 from array 'Wheels' of length 0 in '/Script/PhysXVehicles.WheeledVehicleMovementComponent'!
[2023.05.12-12.52.48:417][617]LogScript: Warning: Script Msg: Attempted to access index 1 from array 'Wheels' of length 0 in '/Script/PhysXVehicles.WheeledVehicleMovementComponent'!
[2023.05.12-12.52.48:417][617]PIE: Error: Blueprint Runtime Error: "Accessed None trying to read property CallFunc_Array_Get_Item". Blueprint:  Zhian_BP Function:  Steering Wheel Update Graph:  Steering Wheel Update Node:  Set Steering Angle
[2023.05.12-12.52.48:417][617]PIE: Error: Blueprint Runtime Error: "Accessed None trying to read property CallFunc_Array_Get_Item_1". Blueprint:  Zhian_BP Function:  Steering Wheel Update Graph:  Steering Wheel Update Node:  Set Steering Angle
[2023.05.12-12.52.48:434][618]LogScript: Warning: Script Msg: Attempted to access index 0 from array 'Wheels' of length 0 in '/Script/PhysXVehicles.WheeledVehicleMovementComponent'!
[2023.05.12-12.52.48:434][618]LogScript: Warning: Script Msg: Attempted to access index 1 from array 'Wheels' of length 0 in '/Script/PhysXVehicles.WheeledVehicleMovementComponent'!
[2023.05.12-12.52.48:434][618]PIE: Error: Blueprint Runtime Error: "Accessed None trying to read property CallFunc_Array_Get_Item". Blueprint:  Zhian_BP Function:  Steering Wheel Update Graph:  Steering Wheel Update Node:  Set Steering Angle
[2023.05.12-12.52.48:434][618]PIE: Error: Blueprint Runtime Error: "Accessed None trying to read property CallFunc_Array_Get_Item_1". Blueprint:  Zhian_BP Function:  Steering Wheel Update Graph:  Steering Wheel Update Node:  Set Steering Angle
[2023.05.12-12.52.48:452][619]LogScript: Warning: Script Msg: Attempted to access index 0 from array 'Wheels' of length 0 in '/Script/PhysXVehicles.WheeledVehicleMovementComponent'!
[2023.05.12-12.52.48:452][619]LogScript: Warning: Script Msg: Attempted to access index 1 from array 'Wheels' of length 0 in '/Script/PhysXVehicles.WheeledVehicleMovementComponent'!
[2023.05.12-12.52.48:452][619]PIE: Error: Blueprint Runtime Error: "Accessed None trying to read property CallFunc_Array_Get_Item". Blueprint:  Zhian_BP Function:  Steering Wheel Update Graph:  Steering Wheel Update Node:  Set Steering Angle
[2023.05.12-12.52.48:452][619]PIE: Error: Blueprint Runtime Error: "Accessed None trying to read property CallFunc_Array_Get_Item_1". Blueprint:  Zhian_BP Function:  Steering Wheel Update Graph:  Steering Wheel Update Node:  Set Steering Angle
[2023.05.12-12.52.48:469][620]LogScript: Warning: Script Msg: Attempted to access index 0 from array 'Wheels' of length 0 in '/Script/PhysXVehicles.WheeledVehicleMovementComponent'!
[2023.05.12-12.52.48:469][620]LogScript: Warning: Script Msg: Attempted to access index 1 from array 'Wheels' of length 0 in '/Script/PhysXVehicles.WheeledVehicleMovementComponent'!
[2023.05.12-12.52.48:469][620]PIE: Error: Blueprint Runtime Error: "Accessed None trying to read property CallFunc_Array_Get_Item". Blueprint:  Zhian_BP Function:  Steering Wheel Update Graph:  Steering Wheel Update Node:  Set Steering Angle
[2023.05.12-12.52.48:469][620]PIE: Error: Blueprint Runtime Error: "Accessed None trying to read property CallFunc_Array_Get_Item_1". Blueprint:  Zhian_BP Function:  Steering Wheel Update Graph:  Steering Wheel Update Node:  Set Steering Angle
[2023.05.12-12.52.48:485][621]LogScript: Warning: Script Msg: Attempted to access index 0 from array 'Wheels' of length 0 in '/Script/PhysXVehicles.WheeledVehicleMovementComponent'!
[2023.05.12-12.52.48:485][621]LogScript: Warning: Script Msg: Attempted to access index 1 from array 'Wheels' of length 0 in '/Script/PhysXVehicles.WheeledVehicleMovementComponent'!
[2023.05.12-12.52.48:485][621]PIE: Error: Blueprint Runtime Error: "Accessed None trying to read property CallFunc_Array_Get_Item". Blueprint:  Zhian_BP Function:  Steering Wheel Update Graph:  Steering Wheel Update Node:  Set Steering Angle
[2023.05.12-12.52.48:485][621]PIE: Error: Blueprint Runtime Error: "Accessed None trying to read property CallFunc_Array_Get_Item_1". Blueprint:  Zhian_BP Function:  Steering Wheel Update Graph:  Steering Wheel Update Node:  Set Steering Angle
[2023.05.12-12.52.48:502][622]LogScript: Warning: Script Msg: Attempted to access index 0 from array 'Wheels' of length 0 in '/Script/PhysXVehicles.WheeledVehicleMovementComponent'!
[2023.05.12-12.52.48:502][622]LogScript: Warning: Script Msg: Attempted to access index 1 from array 'Wheels' of length 0 in '/Script/PhysXVehicles.WheeledVehicleMovementComponent'!
[2023.05.12-12.52.48:502][622]PIE: Error: Blueprint Runtime Error: "Accessed None trying to read property CallFunc_Array_Get_Item". Blueprint:  Zhian_BP Function:  Steering Wheel Update Graph:  Steering Wheel Update Node:  Set Steering Angle
[2023.05.12-12.52.48:502][622]PIE: Error: Blueprint Runtime Error: "Accessed None trying to read property CallFunc_Array_Get_Item_1". Blueprint:  Zhian_BP Function:  Steering Wheel Update Graph:  Steering Wheel Update Node:  Set Steering Angle
[2023.05.12-12.52.48:519][623]LogScript: Warning: Script Msg: Attempted to access index 0 from array 'Wheels' of length 0 in '/Script/PhysXVehicles.WheeledVehicleMovementComponent'!
[2023.05.12-12.52.48:519][623]LogScript: Warning: Script Msg: Attempted to access index 1 from array 'Wheels' of length 0 in '/Script/PhysXVehicles.WheeledVehicleMovementComponent'!
[2023.05.12-12.52.48:519][623]PIE: Error: Blueprint Runtime Error: "Accessed None trying to read property CallFunc_Array_Get_Item". Blueprint:  Zhian_BP Function:  Steering Wheel Update Graph:  Steering Wheel Update Node:  Set Steering Angle
[2023.05.12-12.52.48:519][623]PIE: Error: Blueprint Runtime Error: "Accessed None trying to read property CallFunc_Array_Get_Item_1". Blueprint:  Zhian_BP Function:  Steering Wheel Update Graph:  Steering Wheel Update Node:  Set Steering Angle
[2023.05.12-12.52.48:534][624]LogScript: Warning: Script Msg: Attempted to access index 0 from array 'Wheels' of length 0 in '/Script/PhysXVehicles.WheeledVehicleMovementComponent'!
[2023.05.12-12.52.48:534][624]LogScript: Warning: Script Msg: Attempted to access index 1 from array 'Wheels' of length 0 in '/Script/PhysXVehicles.WheeledVehicleMovementComponent'!
[2023.05.12-12.52.48:535][624]PIE: Error: Blueprint Runtime Error: "Accessed None trying to read property CallFunc_Array_Get_Item". Blueprint:  Zhian_BP Function:  Steering Wheel Update Graph:  Steering Wheel Update Node:  Set Steering Angle
[2023.05.12-12.52.48:535][624]PIE: Error: Blueprint Runtime Error: "Accessed None trying to read property CallFunc_Array_Get_Item_1". Blueprint:  Zhian_BP Function:  Steering Wheel Update Graph:  Steering Wheel Update Node:  Set Steering Angle
[2023.05.12-12.52.48:553][625]LogScript: Warning: Script Msg: Attempted to access index 0 from array 'Wheels' of length 0 in '/Script/PhysXVehicles.WheeledVehicleMovementComponent'!
[2023.05.12-12.52.48:553][625]LogScript: Warning: Script Msg: Attempted to access index 1 from array 'Wheels' of length 0 in '/Script/PhysXVehicles.WheeledVehicleMovementComponent'!
[2023.05.12-12.52.48:553][625]PIE: Error: Blueprint Runtime Error: "Accessed None trying to read property CallFunc_Array_Get_Item". Blueprint:  Zhian_BP Function:  Steering Wheel Update Graph:  Steering Wheel Update Node:  Set Steering Angle
[2023.05.12-12.52.48:553][625]PIE: Error: Blueprint Runtime Error: "Accessed None trying to read property CallFunc_Array_Get_Item_1". Blueprint:  Zhian_BP Function:  Steering Wheel Update Graph:  Steering Wheel Update Node:  Set Steering Angle
[2023.05.12-12.52.48:567][626]LogScript: Warning: Script Msg: Attempted to access index 0 from array 'Wheels' of length 0 in '/Script/PhysXVehicles.WheeledVehicleMovementComponent'!
[2023.05.12-12.52.48:567][626]LogScript: Warning: Script Msg: Attempted to access index 1 from array 'Wheels' of length 0 in '/Script/PhysXVehicles.WheeledVehicleMovementComponent'!
[2023.05.12-12.52.48:567][626]PIE: Error: Blueprint Runtime Error: "Accessed None trying to read property CallFunc_Array_Get_Item". Blueprint:  Zhian_BP Function:  Steering Wheel Update Graph:  Steering Wheel Update Node:  Set Steering Angle
[2023.05.12-12.52.48:567][626]PIE: Error: Blueprint Runtime Error: "Accessed None trying to read property CallFunc_Array_Get_Item_1". Blueprint:  Zhian_BP Function:  Steering Wheel Update Graph:  Steering Wheel Update Node:  Set Steering Angle
[2023.05.12-12.52.48:583][627]LogScript: Warning: Script Msg: Attempted to access index 0 from array 'Wheels' of length 0 in '/Script/PhysXVehicles.WheeledVehicleMovementComponent'!
[2023.05.12-12.52.48:583][627]LogScript: Warning: Script Msg: Attempted to access index 1 from array 'Wheels' of length 0 in '/Script/PhysXVehicles.WheeledVehicleMovementComponent'!
[2023.05.12-12.52.48:583][627]PIE: Error: Blueprint Runtime Error: "Accessed None trying to read property CallFunc_Array_Get_Item". Blueprint:  Zhian_BP Function:  Steering Wheel Update Graph:  Steering Wheel Update Node:  Set Steering Angle
[2023.05.12-12.52.48:583][627]PIE: Error: Blueprint Runtime Error: "Accessed None trying to read property CallFunc_Array_Get_Item_1". Blueprint:  Zhian_BP Function:  Steering Wheel Update Graph:  Steering Wheel Update Node:  Set Steering Angle
[2023.05.12-12.52.48:599][628]LogScript: Warning: Script Msg: Attempted to access index 0 from array 'Wheels' of length 0 in '/Script/PhysXVehicles.WheeledVehicleMovementComponent'!
[2023.05.12-12.52.48:599][628]LogScript: Warning: Script Msg: Attempted to access index 1 from array 'Wheels' of length 0 in '/Script/PhysXVehicles.WheeledVehicleMovementComponent'!
[2023.05.12-12.52.48:599][628]PIE: Error: Blueprint Runtime Error: "Accessed None trying to read property CallFunc_Array_Get_Item". Blueprint:  Zhian_BP Function:  Steering Wheel Update Graph:  Steering Wheel Update Node:  Set Steering Angle
[2023.05.12-12.52.48:599][628]PIE: Error: Blueprint Runtime Error: "Accessed None trying to read property CallFunc_Array_Get_Item_1". Blueprint:  Zhian_BP Function:  Steering Wheel Update Graph:  Steering Wheel Update Node:  Set Steering Angle
[2023.05.12-12.52.48:616][629]LogScript: Warning: Script Msg: Attempted to access index 0 from array 'Wheels' of length 0 in '/Script/PhysXVehicles.WheeledVehicleMovementComponent'!
[2023.05.12-12.52.48:616][629]LogScript: Warning: Script Msg: Attempted to access index 1 from array 'Wheels' of length 0 in '/Script/PhysXVehicles.WheeledVehicleMovementComponent'!
[2023.05.12-12.52.48:616][629]PIE: Error: Blueprint Runtime Error: "Accessed None trying to read property CallFunc_Array_Get_Item". Blueprint:  Zhian_BP Function:  Steering Wheel Update Graph:  Steering Wheel Update Node:  Set Steering Angle
[2023.05.12-12.52.48:616][629]PIE: Error: Blueprint Runtime Error: "Accessed None trying to read property CallFunc_Array_Get_Item_1". Blueprint:  Zhian_BP Function:  Steering Wheel Update Graph:  Steering Wheel Update Node:  Set Steering Angle
[2023.05.12-12.52.48:632][630]LogScript: Warning: Script Msg: Attempted to access index 0 from array 'Wheels' of length 0 in '/Script/PhysXVehicles.WheeledVehicleMovementComponent'!
[2023.05.12-12.52.48:632][630]LogScript: Warning: Script Msg: Attempted to access index 1 from array 'Wheels' of length 0 in '/Script/PhysXVehicles.WheeledVehicleMovementComponent'!
[2023.05.12-12.52.48:632][630]PIE: Error: Blueprint Runtime Error: "Accessed None trying to read property CallFunc_Array_Get_Item". Blueprint:  Zhian_BP Function:  Steering Wheel Update Graph:  Steering Wheel Update Node:  Set Steering Angle
[2023.05.12-12.52.48:632][630]PIE: Error: Blueprint Runtime Error: "Accessed None trying to read property CallFunc_Array_Get_Item_1". Blueprint:  Zhian_BP Function:  Steering Wheel Update Graph:  Steering Wheel Update Node:  Set Steering Angle
[2023.05.12-12.52.48:649][631]LogScript: Warning: Script Msg: Attempted to access index 0 from array 'Wheels' of length 0 in '/Script/PhysXVehicles.WheeledVehicleMovementComponent'!
[2023.05.12-12.52.48:649][631]LogScript: Warning: Script Msg: Attempted to access index 1 from array 'Wheels' of length 0 in '/Script/PhysXVehicles.WheeledVehicleMovementComponent'!
[2023.05.12-12.52.48:649][631]PIE: Error: Blueprint Runtime Error: "Accessed None trying to read property CallFunc_Array_Get_Item". Blueprint:  Zhian_BP Function:  Steering Wheel Update Graph:  Steering Wheel Update Node:  Set Steering Angle
[2023.05.12-12.52.48:649][631]PIE: Error: Blueprint Runtime Error: "Accessed None trying to read property CallFunc_Array_Get_Item_1". Blueprint:  Zhian_BP Function:  Steering Wheel Update Graph:  Steering Wheel Update Node:  Set Steering Angle
[2023.05.12-12.52.48:665][632]LogScript: Warning: Script Msg: Attempted to access index 0 from array 'Wheels' of length 0 in '/Script/PhysXVehicles.WheeledVehicleMovementComponent'!
[2023.05.12-12.52.48:665][632]LogScript: Warning: Script Msg: Attempted to access index 1 from array 'Wheels' of length 0 in '/Script/PhysXVehicles.WheeledVehicleMovementComponent'!
[2023.05.12-12.52.48:665][632]PIE: Error: Blueprint Runtime Error: "Accessed None trying to read property CallFunc_Array_Get_Item". Blueprint:  Zhian_BP Function:  Steering Wheel Update Graph:  Steering Wheel Update Node:  Set Steering Angle
[2023.05.12-12.52.48:665][632]PIE: Error: Blueprint Runtime Error: "Accessed None trying to read property CallFunc_Array_Get_Item_1". Blueprint:  Zhian_BP Function:  Steering Wheel Update Graph:  Steering Wheel Update Node:  Set Steering Angle
[2023.05.12-12.52.48:682][633]LogScript: Warning: Script Msg: Attempted to access index 0 from array 'Wheels' of length 0 in '/Script/PhysXVehicles.WheeledVehicleMovementComponent'!
[2023.05.12-12.52.48:682][633]LogScript: Warning: Script Msg: Attempted to access index 1 from array 'Wheels' of length 0 in '/Script/PhysXVehicles.WheeledVehicleMovementComponent'!
[2023.05.12-12.52.48:682][633]PIE: Error: Blueprint Runtime Error: "Accessed None trying to read property CallFunc_Array_Get_Item". Blueprint:  Zhian_BP Function:  Steering Wheel Update Graph:  Steering Wheel Update Node:  Set Steering Angle
[2023.05.12-12.52.48:682][633]PIE: Error: Blueprint Runtime Error: "Accessed None trying to read property CallFunc_Array_Get_Item_1". Blueprint:  Zhian_BP Function:  Steering Wheel Update Graph:  Steering Wheel Update Node:  Set Steering Angle
[2023.05.12-12.52.48:697][634]LogScript: Warning: Script Msg: Attempted to access index 0 from array 'Wheels' of length 0 in '/Script/PhysXVehicles.WheeledVehicleMovementComponent'!
[2023.05.12-12.52.48:698][634]LogScript: Warning: Script Msg: Attempted to access index 1 from array 'Wheels' of length 0 in '/Script/PhysXVehicles.WheeledVehicleMovementComponent'!
[2023.05.12-12.52.48:698][634]PIE: Error: Blueprint Runtime Error: "Accessed None trying to read property CallFunc_Array_Get_Item". Blueprint:  Zhian_BP Function:  Steering Wheel Update Graph:  Steering Wheel Update Node:  Set Steering Angle
[2023.05.12-12.52.48:698][634]PIE: Error: Blueprint Runtime Error: "Accessed None trying to read property CallFunc_Array_Get_Item_1". Blueprint:  Zhian_BP Function:  Steering Wheel Update Graph:  Steering Wheel Update Node:  Set Steering Angle
[2023.05.12-12.52.48:713][635]LogScript: Warning: Script Msg: Attempted to access index 0 from array 'Wheels' of length 0 in '/Script/PhysXVehicles.WheeledVehicleMovementComponent'!
[2023.05.12-12.52.48:713][635]LogScript: Warning: Script Msg: Attempted to access index 1 from array 'Wheels' of length 0 in '/Script/PhysXVehicles.WheeledVehicleMovementComponent'!
[2023.05.12-12.52.48:713][635]PIE: Error: Blueprint Runtime Error: "Accessed None trying to read property CallFunc_Array_Get_Item". Blueprint:  Zhian_BP Function:  Steering Wheel Update Graph:  Steering Wheel Update Node:  Set Steering Angle
[2023.05.12-12.52.48:713][635]PIE: Error: Blueprint Runtime Error: "Accessed None trying to read property CallFunc_Array_Get_Item_1". Blueprint:  Zhian_BP Function:  Steering Wheel Update Graph:  Steering Wheel Update Node:  Set Steering Angle
[2023.05.12-12.52.48:729][636]LogScript: Warning: Script Msg: Attempted to access index 0 from array 'Wheels' of length 0 in '/Script/PhysXVehicles.WheeledVehicleMovementComponent'!
[2023.05.12-12.52.48:729][636]LogScript: Warning: Script Msg: Attempted to access index 1 from array 'Wheels' of length 0 in '/Script/PhysXVehicles.WheeledVehicleMovementComponent'!
[2023.05.12-12.52.48:729][636]PIE: Error: Blueprint Runtime Error: "Accessed None trying to read property CallFunc_Array_Get_Item". Blueprint:  Zhian_BP Function:  Steering Wheel Update Graph:  Steering Wheel Update Node:  Set Steering Angle
[2023.05.12-12.52.48:729][636]PIE: Error: Blueprint Runtime Error: "Accessed None trying to read property CallFunc_Array_Get_Item_1". Blueprint:  Zhian_BP Function:  Steering Wheel Update Graph:  Steering Wheel Update Node:  Set Steering Angle
[2023.05.12-12.52.48:747][637]LogScript: Warning: Script Msg: Attempted to access index 0 from array 'Wheels' of length 0 in '/Script/PhysXVehicles.WheeledVehicleMovementComponent'!
[2023.05.12-12.52.48:747][637]LogScript: Warning: Script Msg: Attempted to access index 1 from array 'Wheels' of length 0 in '/Script/PhysXVehicles.WheeledVehicleMovementComponent'!
[2023.05.12-12.52.48:747][637]PIE: Error: Blueprint Runtime Error: "Accessed None trying to read property CallFunc_Array_Get_Item". Blueprint:  Zhian_BP Function:  Steering Wheel Update Graph:  Steering Wheel Update Node:  Set Steering Angle
[2023.05.12-12.52.48:747][637]PIE: Error: Blueprint Runtime Error: "Accessed None trying to read property CallFunc_Array_Get_Item_1". Blueprint:  Zhian_BP Function:  Steering Wheel Update Graph:  Steering Wheel Update Node:  Set Steering Angle
[2023.05.12-12.52.48:762][638]LogScript: Warning: Script Msg: Attempted to access index 0 from array 'Wheels' of length 0 in '/Script/PhysXVehicles.WheeledVehicleMovementComponent'!
[2023.05.12-12.52.48:762][638]LogScript: Warning: Script Msg: Attempted to access index 1 from array 'Wheels' of length 0 in '/Script/PhysXVehicles.WheeledVehicleMovementComponent'!
[2023.05.12-12.52.48:762][638]PIE: Error: Blueprint Runtime Error: "Accessed None trying to read property CallFunc_Array_Get_Item". Blueprint:  Zhian_BP Function:  Steering Wheel Update Graph:  Steering Wheel Update Node:  Set Steering Angle
[2023.05.12-12.52.48:762][638]PIE: Error: Blueprint Runtime Error: "Accessed None trying to read property CallFunc_Array_Get_Item_1". Blueprint:  Zhian_BP Function:  Steering Wheel Update Graph:  Steering Wheel Update Node:  Set Steering Angle
[2023.05.12-12.52.48:778][639]LogScript: Warning: Script Msg: Attempted to access index 0 from array 'Wheels' of length 0 in '/Script/PhysXVehicles.WheeledVehicleMovementComponent'!
[2023.05.12-12.52.48:778][639]LogScript: Warning: Script Msg: Attempted to access index 1 from array 'Wheels' of length 0 in '/Script/PhysXVehicles.WheeledVehicleMovementComponent'!
[2023.05.12-12.52.48:778][639]PIE: Error: Blueprint Runtime Error: "Accessed None trying to read property CallFunc_Array_Get_Item". Blueprint:  Zhian_BP Function:  Steering Wheel Update Graph:  Steering Wheel Update Node:  Set Steering Angle
[2023.05.12-12.52.48:778][639]PIE: Error: Blueprint Runtime Error: "Accessed None trying to read property CallFunc_Array_Get_Item_1". Blueprint:  Zhian_BP Function:  Steering Wheel Update Graph:  Steering Wheel Update Node:  Set Steering Angle
[2023.05.12-12.52.48:794][640]LogScript: Warning: Script Msg: Attempted to access index 0 from array 'Wheels' of length 0 in '/Script/PhysXVehicles.WheeledVehicleMovementComponent'!
[2023.05.12-12.52.48:794][640]LogScript: Warning: Script Msg: Attempted to access index 1 from array 'Wheels' of length 0 in '/Script/PhysXVehicles.WheeledVehicleMovementComponent'!
[2023.05.12-12.52.48:794][640]PIE: Error: Blueprint Runtime Error: "Accessed None trying to read property CallFunc_Array_Get_Item". Blueprint:  Zhian_BP Function:  Steering Wheel Update Graph:  Steering Wheel Update Node:  Set Steering Angle
[2023.05.12-12.52.48:794][640]PIE: Error: Blueprint Runtime Error: "Accessed None trying to read property CallFunc_Array_Get_Item_1". Blueprint:  Zhian_BP Function:  Steering Wheel Update Graph:  Steering Wheel Update Node:  Set Steering Angle
[2023.05.12-12.52.48:811][641]LogScript: Warning: Script Msg: Attempted to access index 0 from array 'Wheels' of length 0 in '/Script/PhysXVehicles.WheeledVehicleMovementComponent'!
[2023.05.12-12.52.48:811][641]LogScript: Warning: Script Msg: Attempted to access index 1 from array 'Wheels' of length 0 in '/Script/PhysXVehicles.WheeledVehicleMovementComponent'!
[2023.05.12-12.52.48:811][641]PIE: Error: Blueprint Runtime Error: "Accessed None trying to read property CallFunc_Array_Get_Item". Blueprint:  Zhian_BP Function:  Steering Wheel Update Graph:  Steering Wheel Update Node:  Set Steering Angle
[2023.05.12-12.52.48:811][641]PIE: Error: Blueprint Runtime Error: "Accessed None trying to read property CallFunc_Array_Get_Item_1". Blueprint:  Zhian_BP Function:  Steering Wheel Update Graph:  Steering Wheel Update Node:  Set Steering Angle
[2023.05.12-12.52.48:828][642]LogScript: Warning: Script Msg: Attempted to access index 0 from array 'Wheels' of length 0 in '/Script/PhysXVehicles.WheeledVehicleMovementComponent'!
[2023.05.12-12.52.48:829][642]LogScript: Warning: Script Msg: Attempted to access index 1 from array 'Wheels' of length 0 in '/Script/PhysXVehicles.WheeledVehicleMovementComponent'!
[2023.05.12-12.52.48:829][642]PIE: Error: Blueprint Runtime Error: "Accessed None trying to read property CallFunc_Array_Get_Item". Blueprint:  Zhian_BP Function:  Steering Wheel Update Graph:  Steering Wheel Update Node:  Set Steering Angle
[2023.05.12-12.52.48:829][642]PIE: Error: Blueprint Runtime Error: "Accessed None trying to read property CallFunc_Array_Get_Item_1". Blueprint:  Zhian_BP Function:  Steering Wheel Update Graph:  Steering Wheel Update Node:  Set Steering Angle
[2023.05.12-12.52.48:845][643]LogScript: Warning: Script Msg: Attempted to access index 0 from array 'Wheels' of length 0 in '/Script/PhysXVehicles.WheeledVehicleMovementComponent'!
[2023.05.12-12.52.48:845][643]LogScript: Warning: Script Msg: Attempted to access index 1 from array 'Wheels' of length 0 in '/Script/PhysXVehicles.WheeledVehicleMovementComponent'!
[2023.05.12-12.52.48:845][643]PIE: Error: Blueprint Runtime Error: "Accessed None trying to read property CallFunc_Array_Get_Item". Blueprint:  Zhian_BP Function:  Steering Wheel Update Graph:  Steering Wheel Update Node:  Set Steering Angle
[2023.05.12-12.52.48:845][643]PIE: Error: Blueprint Runtime Error: "Accessed None trying to read property CallFunc_Array_Get_Item_1". Blueprint:  Zhian_BP Function:  Steering Wheel Update Graph:  Steering Wheel Update Node:  Set Steering Angle
[2023.05.12-12.52.48:861][644]LogScript: Warning: Script Msg: Attempted to access index 0 from array 'Wheels' of length 0 in '/Script/PhysXVehicles.WheeledVehicleMovementComponent'!
[2023.05.12-12.52.48:862][644]LogScript: Warning: Script Msg: Attempted to access index 1 from array 'Wheels' of length 0 in '/Script/PhysXVehicles.WheeledVehicleMovementComponent'!
[2023.05.12-12.52.48:862][644]PIE: Error: Blueprint Runtime Error: "Accessed None trying to read property CallFunc_Array_Get_Item". Blueprint:  Zhian_BP Function:  Steering Wheel Update Graph:  Steering Wheel Update Node:  Set Steering Angle
[2023.05.12-12.52.48:862][644]PIE: Error: Blueprint Runtime Error: "Accessed None trying to read property CallFunc_Array_Get_Item_1". Blueprint:  Zhian_BP Function:  Steering Wheel Update Graph:  Steering Wheel Update Node:  Set Steering Angle
[2023.05.12-12.52.48:878][645]LogScript: Warning: Script Msg: Attempted to access index 0 from array 'Wheels' of length 0 in '/Script/PhysXVehicles.WheeledVehicleMovementComponent'!
[2023.05.12-12.52.48:878][645]LogScript: Warning: Script Msg: Attempted to access index 1 from array 'Wheels' of length 0 in '/Script/PhysXVehicles.WheeledVehicleMovementComponent'!
[2023.05.12-12.52.48:878][645]PIE: Error: Blueprint Runtime Error: "Accessed None trying to read property CallFunc_Array_Get_Item". Blueprint:  Zhian_BP Function:  Steering Wheel Update Graph:  Steering Wheel Update Node:  Set Steering Angle
[2023.05.12-12.52.48:878][645]PIE: Error: Blueprint Runtime Error: "Accessed None trying to read property CallFunc_Array_Get_Item_1". Blueprint:  Zhian_BP Function:  Steering Wheel Update Graph:  Steering Wheel Update Node:  Set Steering Angle
[2023.05.12-12.52.48:895][646]LogScript: Warning: Script Msg: Attempted to access index 0 from array 'Wheels' of length 0 in '/Script/PhysXVehicles.WheeledVehicleMovementComponent'!
[2023.05.12-12.52.48:895][646]LogScript: Warning: Script Msg: Attempted to access index 1 from array 'Wheels' of length 0 in '/Script/PhysXVehicles.WheeledVehicleMovementComponent'!
[2023.05.12-12.52.48:895][646]PIE: Error: Blueprint Runtime Error: "Accessed None trying to read property CallFunc_Array_Get_Item". Blueprint:  Zhian_BP Function:  Steering Wheel Update Graph:  Steering Wheel Update Node:  Set Steering Angle
[2023.05.12-12.52.48:895][646]PIE: Error: Blueprint Runtime Error: "Accessed None trying to read property CallFunc_Array_Get_Item_1". Blueprint:  Zhian_BP Function:  Steering Wheel Update Graph:  Steering Wheel Update Node:  Set Steering Angle
[2023.05.12-12.52.48:912][647]LogScript: Warning: Script Msg: Attempted to access index 0 from array 'Wheels' of length 0 in '/Script/PhysXVehicles.WheeledVehicleMovementComponent'!
[2023.05.12-12.52.48:912][647]LogScript: Warning: Script Msg: Attempted to access index 1 from array 'Wheels' of length 0 in '/Script/PhysXVehicles.WheeledVehicleMovementComponent'!
[2023.05.12-12.52.48:912][647]PIE: Error: Blueprint Runtime Error: "Accessed None trying to read property CallFunc_Array_Get_Item". Blueprint:  Zhian_BP Function:  Steering Wheel Update Graph:  Steering Wheel Update Node:  Set Steering Angle
[2023.05.12-12.52.48:912][647]PIE: Error: Blueprint Runtime Error: "Accessed None trying to read property CallFunc_Array_Get_Item_1". Blueprint:  Zhian_BP Function:  Steering Wheel Update Graph:  Steering Wheel Update Node:  Set Steering Angle
[2023.05.12-12.52.48:928][648]LogScript: Warning: Script Msg: Attempted to access index 0 from array 'Wheels' of length 0 in '/Script/PhysXVehicles.WheeledVehicleMovementComponent'!
[2023.05.12-12.52.48:928][648]LogScript: Warning: Script Msg: Attempted to access index 1 from array 'Wheels' of length 0 in '/Script/PhysXVehicles.WheeledVehicleMovementComponent'!
[2023.05.12-12.52.48:929][648]PIE: Error: Blueprint Runtime Error: "Accessed None trying to read property CallFunc_Array_Get_Item". Blueprint:  Zhian_BP Function:  Steering Wheel Update Graph:  Steering Wheel Update Node:  Set Steering Angle
[2023.05.12-12.52.48:929][648]PIE: Error: Blueprint Runtime Error: "Accessed None trying to read property CallFunc_Array_Get_Item_1". Blueprint:  Zhian_BP Function:  Steering Wheel Update Graph:  Steering Wheel Update Node:  Set Steering Angle
[2023.05.12-12.52.48:945][649]LogScript: Warning: Script Msg: Attempted to access index 0 from array 'Wheels' of length 0 in '/Script/PhysXVehicles.WheeledVehicleMovementComponent'!
[2023.05.12-12.52.48:945][649]LogScript: Warning: Script Msg: Attempted to access index 1 from array 'Wheels' of length 0 in '/Script/PhysXVehicles.WheeledVehicleMovementComponent'!
[2023.05.12-12.52.48:945][649]PIE: Error: Blueprint Runtime Error: "Accessed None trying to read property CallFunc_Array_Get_Item". Blueprint:  Zhian_BP Function:  Steering Wheel Update Graph:  Steering Wheel Update Node:  Set Steering Angle
[2023.05.12-12.52.48:945][649]PIE: Error: Blueprint Runtime Error: "Accessed None trying to read property CallFunc_Array_Get_Item_1". Blueprint:  Zhian_BP Function:  Steering Wheel Update Graph:  Steering Wheel Update Node:  Set Steering Angle
[2023.05.12-12.52.48:962][650]LogScript: Warning: Script Msg: Attempted to access index 0 from array 'Wheels' of length 0 in '/Script/PhysXVehicles.WheeledVehicleMovementComponent'!
[2023.05.12-12.52.48:962][650]LogScript: Warning: Script Msg: Attempted to access index 1 from array 'Wheels' of length 0 in '/Script/PhysXVehicles.WheeledVehicleMovementComponent'!
[2023.05.12-12.52.48:962][650]PIE: Error: Blueprint Runtime Error: "Accessed None trying to read property CallFunc_Array_Get_Item". Blueprint:  Zhian_BP Function:  Steering Wheel Update Graph:  Steering Wheel Update Node:  Set Steering Angle
[2023.05.12-12.52.48:962][650]PIE: Error: Blueprint Runtime Error: "Accessed None trying to read property CallFunc_Array_Get_Item_1". Blueprint:  Zhian_BP Function:  Steering Wheel Update Graph:  Steering Wheel Update Node:  Set Steering Angle
[2023.05.12-12.52.48:979][651]LogScript: Warning: Script Msg: Attempted to access index 0 from array 'Wheels' of length 0 in '/Script/PhysXVehicles.WheeledVehicleMovementComponent'!
[2023.05.12-12.52.48:979][651]LogScript: Warning: Script Msg: Attempted to access index 1 from array 'Wheels' of length 0 in '/Script/PhysXVehicles.WheeledVehicleMovementComponent'!
[2023.05.12-12.52.48:979][651]PIE: Error: Blueprint Runtime Error: "Accessed None trying to read property CallFunc_Array_Get_Item". Blueprint:  Zhian_BP Function:  Steering Wheel Update Graph:  Steering Wheel Update Node:  Set Steering Angle
[2023.05.12-12.52.48:979][651]PIE: Error: Blueprint Runtime Error: "Accessed None trying to read property CallFunc_Array_Get_Item_1". Blueprint:  Zhian_BP Function:  Steering Wheel Update Graph:  Steering Wheel Update Node:  Set Steering Angle
[2023.05.12-12.52.48:996][652]LogScript: Warning: Script Msg: Attempted to access index 0 from array 'Wheels' of length 0 in '/Script/PhysXVehicles.WheeledVehicleMovementComponent'!
[2023.05.12-12.52.48:996][652]LogScript: Warning: Script Msg: Attempted to access index 1 from array 'Wheels' of length 0 in '/Script/PhysXVehicles.WheeledVehicleMovementComponent'!
[2023.05.12-12.52.48:996][652]PIE: Error: Blueprint Runtime Error: "Accessed None trying to read property CallFunc_Array_Get_Item". Blueprint:  Zhian_BP Function:  Steering Wheel Update Graph:  Steering Wheel Update Node:  Set Steering Angle
[2023.05.12-12.52.48:996][652]PIE: Error: Blueprint Runtime Error: "Accessed None trying to read property CallFunc_Array_Get_Item_1". Blueprint:  Zhian_BP Function:  Steering Wheel Update Graph:  Steering Wheel Update Node:  Set Steering Angle
[2023.05.12-12.52.49:012][653]LogScript: Warning: Script Msg: Attempted to access index 0 from array 'Wheels' of length 0 in '/Script/PhysXVehicles.WheeledVehicleMovementComponent'!
[2023.05.12-12.52.49:012][653]LogScript: Warning: Script Msg: Attempted to access index 1 from array 'Wheels' of length 0 in '/Script/PhysXVehicles.WheeledVehicleMovementComponent'!
[2023.05.12-12.52.49:012][653]PIE: Error: Blueprint Runtime Error: "Accessed None trying to read property CallFunc_Array_Get_Item". Blueprint:  Zhian_BP Function:  Steering Wheel Update Graph:  Steering Wheel Update Node:  Set Steering Angle
[2023.05.12-12.52.49:012][653]PIE: Error: Blueprint Runtime Error: "Accessed None trying to read property CallFunc_Array_Get_Item_1". Blueprint:  Zhian_BP Function:  Steering Wheel Update Graph:  Steering Wheel Update Node:  Set Steering Angle
[2023.05.12-12.52.49:029][654]LogScript: Warning: Script Msg: Attempted to access index 0 from array 'Wheels' of length 0 in '/Script/PhysXVehicles.WheeledVehicleMovementComponent'!
[2023.05.12-12.52.49:029][654]LogScript: Warning: Script Msg: Attempted to access index 1 from array 'Wheels' of length 0 in '/Script/PhysXVehicles.WheeledVehicleMovementComponent'!
[2023.05.12-12.52.49:029][654]PIE: Error: Blueprint Runtime Error: "Accessed None trying to read property CallFunc_Array_Get_Item". Blueprint:  Zhian_BP Function:  Steering Wheel Update Graph:  Steering Wheel Update Node:  Set Steering Angle
[2023.05.12-12.52.49:029][654]PIE: Error: Blueprint Runtime Error: "Accessed None trying to read property CallFunc_Array_Get_Item_1". Blueprint:  Zhian_BP Function:  Steering Wheel Update Graph:  Steering Wheel Update Node:  Set Steering Angle
[2023.05.12-12.52.49:045][655]LogScript: Warning: Script Msg: Attempted to access index 0 from array 'Wheels' of length 0 in '/Script/PhysXVehicles.WheeledVehicleMovementComponent'!
[2023.05.12-12.52.49:045][655]LogScript: Warning: Script Msg: Attempted to access index 1 from array 'Wheels' of length 0 in '/Script/PhysXVehicles.WheeledVehicleMovementComponent'!
[2023.05.12-12.52.49:045][655]PIE: Error: Blueprint Runtime Error: "Accessed None trying to read property CallFunc_Array_Get_Item". Blueprint:  Zhian_BP Function:  Steering Wheel Update Graph:  Steering Wheel Update Node:  Set Steering Angle
[2023.05.12-12.52.49:045][655]PIE: Error: Blueprint Runtime Error: "Accessed None trying to read property CallFunc_Array_Get_Item_1". Blueprint:  Zhian_BP Function:  Steering Wheel Update Graph:  Steering Wheel Update Node:  Set Steering Angle
[2023.05.12-12.52.49:062][656]LogScript: Warning: Script Msg: Attempted to access index 0 from array 'Wheels' of length 0 in '/Script/PhysXVehicles.WheeledVehicleMovementComponent'!
[2023.05.12-12.52.49:062][656]LogScript: Warning: Script Msg: Attempted to access index 1 from array 'Wheels' of length 0 in '/Script/PhysXVehicles.WheeledVehicleMovementComponent'!
[2023.05.12-12.52.49:062][656]PIE: Error: Blueprint Runtime Error: "Accessed None trying to read property CallFunc_Array_Get_Item". Blueprint:  Zhian_BP Function:  Steering Wheel Update Graph:  Steering Wheel Update Node:  Set Steering Angle
[2023.05.12-12.52.49:062][656]PIE: Error: Blueprint Runtime Error: "Accessed None trying to read property CallFunc_Array_Get_Item_1". Blueprint:  Zhian_BP Function:  Steering Wheel Update Graph:  Steering Wheel Update Node:  Set Steering Angle
[2023.05.12-12.52.49:078][657]LogScript: Warning: Script Msg: Attempted to access index 0 from array 'Wheels' of length 0 in '/Script/PhysXVehicles.WheeledVehicleMovementComponent'!
[2023.05.12-12.52.49:078][657]LogScript: Warning: Script Msg: Attempted to access index 1 from array 'Wheels' of length 0 in '/Script/PhysXVehicles.WheeledVehicleMovementComponent'!
[2023.05.12-12.52.49:078][657]PIE: Error: Blueprint Runtime Error: "Accessed None trying to read property CallFunc_Array_Get_Item". Blueprint:  Zhian_BP Function:  Steering Wheel Update Graph:  Steering Wheel Update Node:  Set Steering Angle
[2023.05.12-12.52.49:078][657]PIE: Error: Blueprint Runtime Error: "Accessed None trying to read property CallFunc_Array_Get_Item_1". Blueprint:  Zhian_BP Function:  Steering Wheel Update Graph:  Steering Wheel Update Node:  Set Steering Angle
[2023.05.12-12.52.49:095][658]LogScript: Warning: Script Msg: Attempted to access index 0 from array 'Wheels' of length 0 in '/Script/PhysXVehicles.WheeledVehicleMovementComponent'!
[2023.05.12-12.52.49:095][658]LogScript: Warning: Script Msg: Attempted to access index 1 from array 'Wheels' of length 0 in '/Script/PhysXVehicles.WheeledVehicleMovementComponent'!
[2023.05.12-12.52.49:095][658]PIE: Error: Blueprint Runtime Error: "Accessed None trying to read property CallFunc_Array_Get_Item". Blueprint:  Zhian_BP Function:  Steering Wheel Update Graph:  Steering Wheel Update Node:  Set Steering Angle
[2023.05.12-12.52.49:095][658]PIE: Error: Blueprint Runtime Error: "Accessed None trying to read property CallFunc_Array_Get_Item_1". Blueprint:  Zhian_BP Function:  Steering Wheel Update Graph:  Steering Wheel Update Node:  Set Steering Angle
[2023.05.12-12.52.49:112][659]LogScript: Warning: Script Msg: Attempted to access index 0 from array 'Wheels' of length 0 in '/Script/PhysXVehicles.WheeledVehicleMovementComponent'!
[2023.05.12-12.52.49:112][659]LogScript: Warning: Script Msg: Attempted to access index 1 from array 'Wheels' of length 0 in '/Script/PhysXVehicles.WheeledVehicleMovementComponent'!
[2023.05.12-12.52.49:112][659]PIE: Error: Blueprint Runtime Error: "Accessed None trying to read property CallFunc_Array_Get_Item". Blueprint:  Zhian_BP Function:  Steering Wheel Update Graph:  Steering Wheel Update Node:  Set Steering Angle
[2023.05.12-12.52.49:112][659]PIE: Error: Blueprint Runtime Error: "Accessed None trying to read property CallFunc_Array_Get_Item_1". Blueprint:  Zhian_BP Function:  Steering Wheel Update Graph:  Steering Wheel Update Node:  Set Steering Angle
[2023.05.12-12.52.49:128][660]LogScript: Warning: Script Msg: Attempted to access index 0 from array 'Wheels' of length 0 in '/Script/PhysXVehicles.WheeledVehicleMovementComponent'!
[2023.05.12-12.52.49:128][660]LogScript: Warning: Script Msg: Attempted to access index 1 from array 'Wheels' of length 0 in '/Script/PhysXVehicles.WheeledVehicleMovementComponent'!
[2023.05.12-12.52.49:128][660]PIE: Error: Blueprint Runtime Error: "Accessed None trying to read property CallFunc_Array_Get_Item". Blueprint:  Zhian_BP Function:  Steering Wheel Update Graph:  Steering Wheel Update Node:  Set Steering Angle
[2023.05.12-12.52.49:128][660]PIE: Error: Blueprint Runtime Error: "Accessed None trying to read property CallFunc_Array_Get_Item_1". Blueprint:  Zhian_BP Function:  Steering Wheel Update Graph:  Steering Wheel Update Node:  Set Steering Angle
[2023.05.12-12.52.49:144][661]LogScript: Warning: Script Msg: Attempted to access index 0 from array 'Wheels' of length 0 in '/Script/PhysXVehicles.WheeledVehicleMovementComponent'!
[2023.05.12-12.52.49:144][661]LogScript: Warning: Script Msg: Attempted to access index 1 from array 'Wheels' of length 0 in '/Script/PhysXVehicles.WheeledVehicleMovementComponent'!
[2023.05.12-12.52.49:144][661]PIE: Error: Blueprint Runtime Error: "Accessed None trying to read property CallFunc_Array_Get_Item". Blueprint:  Zhian_BP Function:  Steering Wheel Update Graph:  Steering Wheel Update Node:  Set Steering Angle
[2023.05.12-12.52.49:144][661]PIE: Error: Blueprint Runtime Error: "Accessed None trying to read property CallFunc_Array_Get_Item_1". Blueprint:  Zhian_BP Function:  Steering Wheel Update Graph:  Steering Wheel Update Node:  Set Steering Angle
[2023.05.12-12.52.49:161][662]LogScript: Warning: Script Msg: Attempted to access index 0 from array 'Wheels' of length 0 in '/Script/PhysXVehicles.WheeledVehicleMovementComponent'!
[2023.05.12-12.52.49:161][662]LogScript: Warning: Script Msg: Attempted to access index 1 from array 'Wheels' of length 0 in '/Script/PhysXVehicles.WheeledVehicleMovementComponent'!
[2023.05.12-12.52.49:161][662]PIE: Error: Blueprint Runtime Error: "Accessed None trying to read property CallFunc_Array_Get_Item". Blueprint:  Zhian_BP Function:  Steering Wheel Update Graph:  Steering Wheel Update Node:  Set Steering Angle
[2023.05.12-12.52.49:161][662]PIE: Error: Blueprint Runtime Error: "Accessed None trying to read property CallFunc_Array_Get_Item_1". Blueprint:  Zhian_BP Function:  Steering Wheel Update Graph:  Steering Wheel Update Node:  Set Steering Angle
[2023.05.12-12.52.49:177][663]LogScript: Warning: Script Msg: Attempted to access index 0 from array 'Wheels' of length 0 in '/Script/PhysXVehicles.WheeledVehicleMovementComponent'!
[2023.05.12-12.52.49:177][663]LogScript: Warning: Script Msg: Attempted to access index 1 from array 'Wheels' of length 0 in '/Script/PhysXVehicles.WheeledVehicleMovementComponent'!
[2023.05.12-12.52.49:177][663]PIE: Error: Blueprint Runtime Error: "Accessed None trying to read property CallFunc_Array_Get_Item". Blueprint:  Zhian_BP Function:  Steering Wheel Update Graph:  Steering Wheel Update Node:  Set Steering Angle
[2023.05.12-12.52.49:178][663]PIE: Error: Blueprint Runtime Error: "Accessed None trying to read property CallFunc_Array_Get_Item_1". Blueprint:  Zhian_BP Function:  Steering Wheel Update Graph:  Steering Wheel Update Node:  Set Steering Angle
[2023.05.12-12.52.49:194][664]LogScript: Warning: Script Msg: Attempted to access index 0 from array 'Wheels' of length 0 in '/Script/PhysXVehicles.WheeledVehicleMovementComponent'!
[2023.05.12-12.52.49:194][664]LogScript: Warning: Script Msg: Attempted to access index 1 from array 'Wheels' of length 0 in '/Script/PhysXVehicles.WheeledVehicleMovementComponent'!
[2023.05.12-12.52.49:194][664]PIE: Error: Blueprint Runtime Error: "Accessed None trying to read property CallFunc_Array_Get_Item". Blueprint:  Zhian_BP Function:  Steering Wheel Update Graph:  Steering Wheel Update Node:  Set Steering Angle
[2023.05.12-12.52.49:194][664]PIE: Error: Blueprint Runtime Error: "Accessed None trying to read property CallFunc_Array_Get_Item_1". Blueprint:  Zhian_BP Function:  Steering Wheel Update Graph:  Steering Wheel Update Node:  Set Steering Angle
[2023.05.12-12.52.49:212][665]LogScript: Warning: Script Msg: Attempted to access index 0 from array 'Wheels' of length 0 in '/Script/PhysXVehicles.WheeledVehicleMovementComponent'!
[2023.05.12-12.52.49:212][665]LogScript: Warning: Script Msg: Attempted to access index 1 from array 'Wheels' of length 0 in '/Script/PhysXVehicles.WheeledVehicleMovementComponent'!
[2023.05.12-12.52.49:212][665]PIE: Error: Blueprint Runtime Error: "Accessed None trying to read property CallFunc_Array_Get_Item". Blueprint:  Zhian_BP Function:  Steering Wheel Update Graph:  Steering Wheel Update Node:  Set Steering Angle
[2023.05.12-12.52.49:212][665]PIE: Error: Blueprint Runtime Error: "Accessed None trying to read property CallFunc_Array_Get_Item_1". Blueprint:  Zhian_BP Function:  Steering Wheel Update Graph:  Steering Wheel Update Node:  Set Steering Angle
[2023.05.12-12.52.49:227][666]LogScript: Warning: Script Msg: Attempted to access index 0 from array 'Wheels' of length 0 in '/Script/PhysXVehicles.WheeledVehicleMovementComponent'!
[2023.05.12-12.52.49:228][666]LogScript: Warning: Script Msg: Attempted to access index 1 from array 'Wheels' of length 0 in '/Script/PhysXVehicles.WheeledVehicleMovementComponent'!
[2023.05.12-12.52.49:228][666]PIE: Error: Blueprint Runtime Error: "Accessed None trying to read property CallFunc_Array_Get_Item". Blueprint:  Zhian_BP Function:  Steering Wheel Update Graph:  Steering Wheel Update Node:  Set Steering Angle
[2023.05.12-12.52.49:228][666]PIE: Error: Blueprint Runtime Error: "Accessed None trying to read property CallFunc_Array_Get_Item_1". Blueprint:  Zhian_BP Function:  Steering Wheel Update Graph:  Steering Wheel Update Node:  Set Steering Angle
[2023.05.12-12.52.49:245][667]LogScript: Warning: Script Msg: Attempted to access index 0 from array 'Wheels' of length 0 in '/Script/PhysXVehicles.WheeledVehicleMovementComponent'!
[2023.05.12-12.52.49:245][667]LogScript: Warning: Script Msg: Attempted to access index 1 from array 'Wheels' of length 0 in '/Script/PhysXVehicles.WheeledVehicleMovementComponent'!
[2023.05.12-12.52.49:245][667]PIE: Error: Blueprint Runtime Error: "Accessed None trying to read property CallFunc_Array_Get_Item". Blueprint:  Zhian_BP Function:  Steering Wheel Update Graph:  Steering Wheel Update Node:  Set Steering Angle
[2023.05.12-12.52.49:245][667]PIE: Error: Blueprint Runtime Error: "Accessed None trying to read property CallFunc_Array_Get_Item_1". Blueprint:  Zhian_BP Function:  Steering Wheel Update Graph:  Steering Wheel Update Node:  Set Steering Angle
[2023.05.12-12.52.49:262][668]LogScript: Warning: Script Msg: Attempted to access index 0 from array 'Wheels' of length 0 in '/Script/PhysXVehicles.WheeledVehicleMovementComponent'!
[2023.05.12-12.52.49:262][668]LogScript: Warning: Script Msg: Attempted to access index 1 from array 'Wheels' of length 0 in '/Script/PhysXVehicles.WheeledVehicleMovementComponent'!
[2023.05.12-12.52.49:262][668]PIE: Error: Blueprint Runtime Error: "Accessed None trying to read property CallFunc_Array_Get_Item". Blueprint:  Zhian_BP Function:  Steering Wheel Update Graph:  Steering Wheel Update Node:  Set Steering Angle
[2023.05.12-12.52.49:262][668]PIE: Error: Blueprint Runtime Error: "Accessed None trying to read property CallFunc_Array_Get_Item_1". Blueprint:  Zhian_BP Function:  Steering Wheel Update Graph:  Steering Wheel Update Node:  Set Steering Angle
[2023.05.12-12.52.49:278][669]LogScript: Warning: Script Msg: Attempted to access index 0 from array 'Wheels' of length 0 in '/Script/PhysXVehicles.WheeledVehicleMovementComponent'!
[2023.05.12-12.52.49:278][669]LogScript: Warning: Script Msg: Attempted to access index 1 from array 'Wheels' of length 0 in '/Script/PhysXVehicles.WheeledVehicleMovementComponent'!
[2023.05.12-12.52.49:278][669]PIE: Error: Blueprint Runtime Error: "Accessed None trying to read property CallFunc_Array_Get_Item". Blueprint:  Zhian_BP Function:  Steering Wheel Update Graph:  Steering Wheel Update Node:  Set Steering Angle
[2023.05.12-12.52.49:278][669]PIE: Error: Blueprint Runtime Error: "Accessed None trying to read property CallFunc_Array_Get_Item_1". Blueprint:  Zhian_BP Function:  Steering Wheel Update Graph:  Steering Wheel Update Node:  Set Steering Angle
[2023.05.12-12.52.49:294][670]LogScript: Warning: Script Msg: Attempted to access index 0 from array 'Wheels' of length 0 in '/Script/PhysXVehicles.WheeledVehicleMovementComponent'!
[2023.05.12-12.52.49:294][670]LogScript: Warning: Script Msg: Attempted to access index 1 from array 'Wheels' of length 0 in '/Script/PhysXVehicles.WheeledVehicleMovementComponent'!
[2023.05.12-12.52.49:294][670]PIE: Error: Blueprint Runtime Error: "Accessed None trying to read property CallFunc_Array_Get_Item". Blueprint:  Zhian_BP Function:  Steering Wheel Update Graph:  Steering Wheel Update Node:  Set Steering Angle
[2023.05.12-12.52.49:295][670]PIE: Error: Blueprint Runtime Error: "Accessed None trying to read property CallFunc_Array_Get_Item_1". Blueprint:  Zhian_BP Function:  Steering Wheel Update Graph:  Steering Wheel Update Node:  Set Steering Angle
[2023.05.12-12.52.49:312][671]LogScript: Warning: Script Msg: Attempted to access index 0 from array 'Wheels' of length 0 in '/Script/PhysXVehicles.WheeledVehicleMovementComponent'!
[2023.05.12-12.52.49:312][671]LogScript: Warning: Script Msg: Attempted to access index 1 from array 'Wheels' of length 0 in '/Script/PhysXVehicles.WheeledVehicleMovementComponent'!
[2023.05.12-12.52.49:312][671]PIE: Error: Blueprint Runtime Error: "Accessed None trying to read property CallFunc_Array_Get_Item". Blueprint:  Zhian_BP Function:  Steering Wheel Update Graph:  Steering Wheel Update Node:  Set Steering Angle
[2023.05.12-12.52.49:312][671]PIE: Error: Blueprint Runtime Error: "Accessed None trying to read property CallFunc_Array_Get_Item_1". Blueprint:  Zhian_BP Function:  Steering Wheel Update Graph:  Steering Wheel Update Node:  Set Steering Angle
[2023.05.12-12.52.49:328][672]LogScript: Warning: Script Msg: Attempted to access index 0 from array 'Wheels' of length 0 in '/Script/PhysXVehicles.WheeledVehicleMovementComponent'!
[2023.05.12-12.52.49:328][672]LogScript: Warning: Script Msg: Attempted to access index 1 from array 'Wheels' of length 0 in '/Script/PhysXVehicles.WheeledVehicleMovementComponent'!
[2023.05.12-12.52.49:328][672]PIE: Error: Blueprint Runtime Error: "Accessed None trying to read property CallFunc_Array_Get_Item". Blueprint:  Zhian_BP Function:  Steering Wheel Update Graph:  Steering Wheel Update Node:  Set Steering Angle
[2023.05.12-12.52.49:328][672]PIE: Error: Blueprint Runtime Error: "Accessed None trying to read property CallFunc_Array_Get_Item_1". Blueprint:  Zhian_BP Function:  Steering Wheel Update Graph:  Steering Wheel Update Node:  Set Steering Angle
[2023.05.12-12.52.49:345][673]LogScript: Warning: Script Msg: Attempted to access index 0 from array 'Wheels' of length 0 in '/Script/PhysXVehicles.WheeledVehicleMovementComponent'!
[2023.05.12-12.52.49:345][673]LogScript: Warning: Script Msg: Attempted to access index 1 from array 'Wheels' of length 0 in '/Script/PhysXVehicles.WheeledVehicleMovementComponent'!
[2023.05.12-12.52.49:345][673]PIE: Error: Blueprint Runtime Error: "Accessed None trying to read property CallFunc_Array_Get_Item". Blueprint:  Zhian_BP Function:  Steering Wheel Update Graph:  Steering Wheel Update Node:  Set Steering Angle
[2023.05.12-12.52.49:345][673]PIE: Error: Blueprint Runtime Error: "Accessed None trying to read property CallFunc_Array_Get_Item_1". Blueprint:  Zhian_BP Function:  Steering Wheel Update Graph:  Steering Wheel Update Node:  Set Steering Angle
[2023.05.12-12.52.49:362][674]LogScript: Warning: Script Msg: Attempted to access index 0 from array 'Wheels' of length 0 in '/Script/PhysXVehicles.WheeledVehicleMovementComponent'!
[2023.05.12-12.52.49:362][674]LogScript: Warning: Script Msg: Attempted to access index 1 from array 'Wheels' of length 0 in '/Script/PhysXVehicles.WheeledVehicleMovementComponent'!
[2023.05.12-12.52.49:362][674]PIE: Error: Blueprint Runtime Error: "Accessed None trying to read property CallFunc_Array_Get_Item". Blueprint:  Zhian_BP Function:  Steering Wheel Update Graph:  Steering Wheel Update Node:  Set Steering Angle
[2023.05.12-12.52.49:362][674]PIE: Error: Blueprint Runtime Error: "Accessed None trying to read property CallFunc_Array_Get_Item_1". Blueprint:  Zhian_BP Function:  Steering Wheel Update Graph:  Steering Wheel Update Node:  Set Steering Angle
[2023.05.12-12.52.49:378][675]LogScript: Warning: Script Msg: Attempted to access index 0 from array 'Wheels' of length 0 in '/Script/PhysXVehicles.WheeledVehicleMovementComponent'!
[2023.05.12-12.52.49:378][675]LogScript: Warning: Script Msg: Attempted to access index 1 from array 'Wheels' of length 0 in '/Script/PhysXVehicles.WheeledVehicleMovementComponent'!
[2023.05.12-12.52.49:379][675]PIE: Error: Blueprint Runtime Error: "Accessed None trying to read property CallFunc_Array_Get_Item". Blueprint:  Zhian_BP Function:  Steering Wheel Update Graph:  Steering Wheel Update Node:  Set Steering Angle
[2023.05.12-12.52.49:379][675]PIE: Error: Blueprint Runtime Error: "Accessed None trying to read property CallFunc_Array_Get_Item_1". Blueprint:  Zhian_BP Function:  Steering Wheel Update Graph:  Steering Wheel Update Node:  Set Steering Angle
[2023.05.12-12.52.49:395][676]LogScript: Warning: Script Msg: Attempted to access index 0 from array 'Wheels' of length 0 in '/Script/PhysXVehicles.WheeledVehicleMovementComponent'!
[2023.05.12-12.52.49:395][676]LogScript: Warning: Script Msg: Attempted to access index 1 from array 'Wheels' of length 0 in '/Script/PhysXVehicles.WheeledVehicleMovementComponent'!
[2023.05.12-12.52.49:395][676]PIE: Error: Blueprint Runtime Error: "Accessed None trying to read property CallFunc_Array_Get_Item". Blueprint:  Zhian_BP Function:  Steering Wheel Update Graph:  Steering Wheel Update Node:  Set Steering Angle
[2023.05.12-12.52.49:395][676]PIE: Error: Blueprint Runtime Error: "Accessed None trying to read property CallFunc_Array_Get_Item_1". Blueprint:  Zhian_BP Function:  Steering Wheel Update Graph:  Steering Wheel Update Node:  Set Steering Angle
[2023.05.12-12.52.49:412][677]LogScript: Warning: Script Msg: Attempted to access index 0 from array 'Wheels' of length 0 in '/Script/PhysXVehicles.WheeledVehicleMovementComponent'!
[2023.05.12-12.52.49:412][677]LogScript: Warning: Script Msg: Attempted to access index 1 from array 'Wheels' of length 0 in '/Script/PhysXVehicles.WheeledVehicleMovementComponent'!
[2023.05.12-12.52.49:412][677]PIE: Error: Blueprint Runtime Error: "Accessed None trying to read property CallFunc_Array_Get_Item". Blueprint:  Zhian_BP Function:  Steering Wheel Update Graph:  Steering Wheel Update Node:  Set Steering Angle
[2023.05.12-12.52.49:412][677]PIE: Error: Blueprint Runtime Error: "Accessed None trying to read property CallFunc_Array_Get_Item_1". Blueprint:  Zhian_BP Function:  Steering Wheel Update Graph:  Steering Wheel Update Node:  Set Steering Angle
[2023.05.12-12.52.49:429][678]LogScript: Warning: Script Msg: Attempted to access index 0 from array 'Wheels' of length 0 in '/Script/PhysXVehicles.WheeledVehicleMovementComponent'!
[2023.05.12-12.52.49:429][678]LogScript: Warning: Script Msg: Attempted to access index 1 from array 'Wheels' of length 0 in '/Script/PhysXVehicles.WheeledVehicleMovementComponent'!
[2023.05.12-12.52.49:429][678]PIE: Error: Blueprint Runtime Error: "Accessed None trying to read property CallFunc_Array_Get_Item". Blueprint:  Zhian_BP Function:  Steering Wheel Update Graph:  Steering Wheel Update Node:  Set Steering Angle
[2023.05.12-12.52.49:429][678]PIE: Error: Blueprint Runtime Error: "Accessed None trying to read property CallFunc_Array_Get_Item_1". Blueprint:  Zhian_BP Function:  Steering Wheel Update Graph:  Steering Wheel Update Node:  Set Steering Angle
[2023.05.12-12.52.49:445][679]LogScript: Warning: Script Msg: Attempted to access index 0 from array 'Wheels' of length 0 in '/Script/PhysXVehicles.WheeledVehicleMovementComponent'!
[2023.05.12-12.52.49:445][679]LogScript: Warning: Script Msg: Attempted to access index 1 from array 'Wheels' of length 0 in '/Script/PhysXVehicles.WheeledVehicleMovementComponent'!
[2023.05.12-12.52.49:445][679]PIE: Error: Blueprint Runtime Error: "Accessed None trying to read property CallFunc_Array_Get_Item". Blueprint:  Zhian_BP Function:  Steering Wheel Update Graph:  Steering Wheel Update Node:  Set Steering Angle
[2023.05.12-12.52.49:446][679]PIE: Error: Blueprint Runtime Error: "Accessed None trying to read property CallFunc_Array_Get_Item_1". Blueprint:  Zhian_BP Function:  Steering Wheel Update Graph:  Steering Wheel Update Node:  Set Steering Angle
[2023.05.12-12.52.49:461][680]LogScript: Warning: Script Msg: Attempted to access index 0 from array 'Wheels' of length 0 in '/Script/PhysXVehicles.WheeledVehicleMovementComponent'!
[2023.05.12-12.52.49:461][680]LogScript: Warning: Script Msg: Attempted to access index 1 from array 'Wheels' of length 0 in '/Script/PhysXVehicles.WheeledVehicleMovementComponent'!
[2023.05.12-12.52.49:461][680]PIE: Error: Blueprint Runtime Error: "Accessed None trying to read property CallFunc_Array_Get_Item". Blueprint:  Zhian_BP Function:  Steering Wheel Update Graph:  Steering Wheel Update Node:  Set Steering Angle
[2023.05.12-12.52.49:461][680]PIE: Error: Blueprint Runtime Error: "Accessed None trying to read property CallFunc_Array_Get_Item_1". Blueprint:  Zhian_BP Function:  Steering Wheel Update Graph:  Steering Wheel Update Node:  Set Steering Angle
[2023.05.12-12.52.49:477][681]LogScript: Warning: Script Msg: Attempted to access index 0 from array 'Wheels' of length 0 in '/Script/PhysXVehicles.WheeledVehicleMovementComponent'!
[2023.05.12-12.52.49:477][681]LogScript: Warning: Script Msg: Attempted to access index 1 from array 'Wheels' of length 0 in '/Script/PhysXVehicles.WheeledVehicleMovementComponent'!
[2023.05.12-12.52.49:478][681]PIE: Error: Blueprint Runtime Error: "Accessed None trying to read property CallFunc_Array_Get_Item". Blueprint:  Zhian_BP Function:  Steering Wheel Update Graph:  Steering Wheel Update Node:  Set Steering Angle
[2023.05.12-12.52.49:478][681]PIE: Error: Blueprint Runtime Error: "Accessed None trying to read property CallFunc_Array_Get_Item_1". Blueprint:  Zhian_BP Function:  Steering Wheel Update Graph:  Steering Wheel Update Node:  Set Steering Angle
[2023.05.12-12.52.49:494][682]LogScript: Warning: Script Msg: Attempted to access index 0 from array 'Wheels' of length 0 in '/Script/PhysXVehicles.WheeledVehicleMovementComponent'!
[2023.05.12-12.52.49:494][682]LogScript: Warning: Script Msg: Attempted to access index 1 from array 'Wheels' of length 0 in '/Script/PhysXVehicles.WheeledVehicleMovementComponent'!
[2023.05.12-12.52.49:494][682]PIE: Error: Blueprint Runtime Error: "Accessed None trying to read property CallFunc_Array_Get_Item". Blueprint:  Zhian_BP Function:  Steering Wheel Update Graph:  Steering Wheel Update Node:  Set Steering Angle
[2023.05.12-12.52.49:494][682]PIE: Error: Blueprint Runtime Error: "Accessed None trying to read property CallFunc_Array_Get_Item_1". Blueprint:  Zhian_BP Function:  Steering Wheel Update Graph:  Steering Wheel Update Node:  Set Steering Angle
[2023.05.12-12.52.49:511][683]LogScript: Warning: Script Msg: Attempted to access index 0 from array 'Wheels' of length 0 in '/Script/PhysXVehicles.WheeledVehicleMovementComponent'!
[2023.05.12-12.52.49:511][683]LogScript: Warning: Script Msg: Attempted to access index 1 from array 'Wheels' of length 0 in '/Script/PhysXVehicles.WheeledVehicleMovementComponent'!
[2023.05.12-12.52.49:511][683]PIE: Error: Blueprint Runtime Error: "Accessed None trying to read property CallFunc_Array_Get_Item". Blueprint:  Zhian_BP Function:  Steering Wheel Update Graph:  Steering Wheel Update Node:  Set Steering Angle
[2023.05.12-12.52.49:511][683]PIE: Error: Blueprint Runtime Error: "Accessed None trying to read property CallFunc_Array_Get_Item_1". Blueprint:  Zhian_BP Function:  Steering Wheel Update Graph:  Steering Wheel Update Node:  Set Steering Angle
[2023.05.12-12.52.49:527][684]LogScript: Warning: Script Msg: Attempted to access index 0 from array 'Wheels' of length 0 in '/Script/PhysXVehicles.WheeledVehicleMovementComponent'!
[2023.05.12-12.52.49:527][684]LogScript: Warning: Script Msg: Attempted to access index 1 from array 'Wheels' of length 0 in '/Script/PhysXVehicles.WheeledVehicleMovementComponent'!
[2023.05.12-12.52.49:527][684]PIE: Error: Blueprint Runtime Error: "Accessed None trying to read property CallFunc_Array_Get_Item". Blueprint:  Zhian_BP Function:  Steering Wheel Update Graph:  Steering Wheel Update Node:  Set Steering Angle
[2023.05.12-12.52.49:527][684]PIE: Error: Blueprint Runtime Error: "Accessed None trying to read property CallFunc_Array_Get_Item_1". Blueprint:  Zhian_BP Function:  Steering Wheel Update Graph:  Steering Wheel Update Node:  Set Steering Angle
[2023.05.12-12.52.49:544][685]LogScript: Warning: Script Msg: Attempted to access index 0 from array 'Wheels' of length 0 in '/Script/PhysXVehicles.WheeledVehicleMovementComponent'!
[2023.05.12-12.52.49:544][685]LogScript: Warning: Script Msg: Attempted to access index 1 from array 'Wheels' of length 0 in '/Script/PhysXVehicles.WheeledVehicleMovementComponent'!
[2023.05.12-12.52.49:544][685]PIE: Error: Blueprint Runtime Error: "Accessed None trying to read property CallFunc_Array_Get_Item". Blueprint:  Zhian_BP Function:  Steering Wheel Update Graph:  Steering Wheel Update Node:  Set Steering Angle
[2023.05.12-12.52.49:544][685]PIE: Error: Blueprint Runtime Error: "Accessed None trying to read property CallFunc_Array_Get_Item_1". Blueprint:  Zhian_BP Function:  Steering Wheel Update Graph:  Steering Wheel Update Node:  Set Steering Angle
[2023.05.12-12.52.49:561][686]LogScript: Warning: Script Msg: Attempted to access index 0 from array 'Wheels' of length 0 in '/Script/PhysXVehicles.WheeledVehicleMovementComponent'!
[2023.05.12-12.52.49:561][686]LogScript: Warning: Script Msg: Attempted to access index 1 from array 'Wheels' of length 0 in '/Script/PhysXVehicles.WheeledVehicleMovementComponent'!
[2023.05.12-12.52.49:561][686]PIE: Error: Blueprint Runtime Error: "Accessed None trying to read property CallFunc_Array_Get_Item". Blueprint:  Zhian_BP Function:  Steering Wheel Update Graph:  Steering Wheel Update Node:  Set Steering Angle
[2023.05.12-12.52.49:561][686]PIE: Error: Blueprint Runtime Error: "Accessed None trying to read property CallFunc_Array_Get_Item_1". Blueprint:  Zhian_BP Function:  Steering Wheel Update Graph:  Steering Wheel Update Node:  Set Steering Angle
[2023.05.12-12.52.49:577][687]LogScript: Warning: Script Msg: Attempted to access index 0 from array 'Wheels' of length 0 in '/Script/PhysXVehicles.WheeledVehicleMovementComponent'!
[2023.05.12-12.52.49:577][687]LogScript: Warning: Script Msg: Attempted to access index 1 from array 'Wheels' of length 0 in '/Script/PhysXVehicles.WheeledVehicleMovementComponent'!
[2023.05.12-12.52.49:578][687]PIE: Error: Blueprint Runtime Error: "Accessed None trying to read property CallFunc_Array_Get_Item". Blueprint:  Zhian_BP Function:  Steering Wheel Update Graph:  Steering Wheel Update Node:  Set Steering Angle
[2023.05.12-12.52.49:578][687]PIE: Error: Blueprint Runtime Error: "Accessed None trying to read property CallFunc_Array_Get_Item_1". Blueprint:  Zhian_BP Function:  Steering Wheel Update Graph:  Steering Wheel Update Node:  Set Steering Angle
[2023.05.12-12.52.49:594][688]LogScript: Warning: Script Msg: Attempted to access index 0 from array 'Wheels' of length 0 in '/Script/PhysXVehicles.WheeledVehicleMovementComponent'!
[2023.05.12-12.52.49:594][688]LogScript: Warning: Script Msg: Attempted to access index 1 from array 'Wheels' of length 0 in '/Script/PhysXVehicles.WheeledVehicleMovementComponent'!
[2023.05.12-12.52.49:594][688]PIE: Error: Blueprint Runtime Error: "Accessed None trying to read property CallFunc_Array_Get_Item". Blueprint:  Zhian_BP Function:  Steering Wheel Update Graph:  Steering Wheel Update Node:  Set Steering Angle
[2023.05.12-12.52.49:594][688]PIE: Error: Blueprint Runtime Error: "Accessed None trying to read property CallFunc_Array_Get_Item_1". Blueprint:  Zhian_BP Function:  Steering Wheel Update Graph:  Steering Wheel Update Node:  Set Steering Angle
[2023.05.12-12.52.49:611][689]LogScript: Warning: Script Msg: Attempted to access index 0 from array 'Wheels' of length 0 in '/Script/PhysXVehicles.WheeledVehicleMovementComponent'!
[2023.05.12-12.52.49:611][689]LogScript: Warning: Script Msg: Attempted to access index 1 from array 'Wheels' of length 0 in '/Script/PhysXVehicles.WheeledVehicleMovementComponent'!
[2023.05.12-12.52.49:611][689]PIE: Error: Blueprint Runtime Error: "Accessed None trying to read property CallFunc_Array_Get_Item". Blueprint:  Zhian_BP Function:  Steering Wheel Update Graph:  Steering Wheel Update Node:  Set Steering Angle
[2023.05.12-12.52.49:611][689]PIE: Error: Blueprint Runtime Error: "Accessed None trying to read property CallFunc_Array_Get_Item_1". Blueprint:  Zhian_BP Function:  Steering Wheel Update Graph:  Steering Wheel Update Node:  Set Steering Angle
[2023.05.12-12.52.49:627][690]LogScript: Warning: Script Msg: Attempted to access index 0 from array 'Wheels' of length 0 in '/Script/PhysXVehicles.WheeledVehicleMovementComponent'!
[2023.05.12-12.52.49:627][690]LogScript: Warning: Script Msg: Attempted to access index 1 from array 'Wheels' of length 0 in '/Script/PhysXVehicles.WheeledVehicleMovementComponent'!
[2023.05.12-12.52.49:628][690]PIE: Error: Blueprint Runtime Error: "Accessed None trying to read property CallFunc_Array_Get_Item". Blueprint:  Zhian_BP Function:  Steering Wheel Update Graph:  Steering Wheel Update Node:  Set Steering Angle
[2023.05.12-12.52.49:628][690]PIE: Error: Blueprint Runtime Error: "Accessed None trying to read property CallFunc_Array_Get_Item_1". Blueprint:  Zhian_BP Function:  Steering Wheel Update Graph:  Steering Wheel Update Node:  Set Steering Angle
[2023.05.12-12.52.49:645][691]LogScript: Warning: Script Msg: Attempted to access index 0 from array 'Wheels' of length 0 in '/Script/PhysXVehicles.WheeledVehicleMovementComponent'!
[2023.05.12-12.52.49:645][691]LogScript: Warning: Script Msg: Attempted to access index 1 from array 'Wheels' of length 0 in '/Script/PhysXVehicles.WheeledVehicleMovementComponent'!
[2023.05.12-12.52.49:645][691]PIE: Error: Blueprint Runtime Error: "Accessed None trying to read property CallFunc_Array_Get_Item". Blueprint:  Zhian_BP Function:  Steering Wheel Update Graph:  Steering Wheel Update Node:  Set Steering Angle
[2023.05.12-12.52.49:645][691]PIE: Error: Blueprint Runtime Error: "Accessed None trying to read property CallFunc_Array_Get_Item_1". Blueprint:  Zhian_BP Function:  Steering Wheel Update Graph:  Steering Wheel Update Node:  Set Steering Angle
[2023.05.12-12.52.49:660][692]LogScript: Warning: Script Msg: Attempted to access index 0 from array 'Wheels' of length 0 in '/Script/PhysXVehicles.WheeledVehicleMovementComponent'!
[2023.05.12-12.52.49:660][692]LogScript: Warning: Script Msg: Attempted to access index 1 from array 'Wheels' of length 0 in '/Script/PhysXVehicles.WheeledVehicleMovementComponent'!
[2023.05.12-12.52.49:660][692]PIE: Error: Blueprint Runtime Error: "Accessed None trying to read property CallFunc_Array_Get_Item". Blueprint:  Zhian_BP Function:  Steering Wheel Update Graph:  Steering Wheel Update Node:  Set Steering Angle
[2023.05.12-12.52.49:661][692]PIE: Error: Blueprint Runtime Error: "Accessed None trying to read property CallFunc_Array_Get_Item_1". Blueprint:  Zhian_BP Function:  Steering Wheel Update Graph:  Steering Wheel Update Node:  Set Steering Angle
[2023.05.12-12.52.49:677][693]LogScript: Warning: Script Msg: Attempted to access index 0 from array 'Wheels' of length 0 in '/Script/PhysXVehicles.WheeledVehicleMovementComponent'!
[2023.05.12-12.52.49:677][693]LogScript: Warning: Script Msg: Attempted to access index 1 from array 'Wheels' of length 0 in '/Script/PhysXVehicles.WheeledVehicleMovementComponent'!
[2023.05.12-12.52.49:678][693]PIE: Error: Blueprint Runtime Error: "Accessed None trying to read property CallFunc_Array_Get_Item". Blueprint:  Zhian_BP Function:  Steering Wheel Update Graph:  Steering Wheel Update Node:  Set Steering Angle
[2023.05.12-12.52.49:678][693]PIE: Error: Blueprint Runtime Error: "Accessed None trying to read property CallFunc_Array_Get_Item_1". Blueprint:  Zhian_BP Function:  Steering Wheel Update Graph:  Steering Wheel Update Node:  Set Steering Angle
[2023.05.12-12.52.49:694][694]LogScript: Warning: Script Msg: Attempted to access index 0 from array 'Wheels' of length 0 in '/Script/PhysXVehicles.WheeledVehicleMovementComponent'!
[2023.05.12-12.52.49:695][694]LogScript: Warning: Script Msg: Attempted to access index 1 from array 'Wheels' of length 0 in '/Script/PhysXVehicles.WheeledVehicleMovementComponent'!
[2023.05.12-12.52.49:695][694]PIE: Error: Blueprint Runtime Error: "Accessed None trying to read property CallFunc_Array_Get_Item". Blueprint:  Zhian_BP Function:  Steering Wheel Update Graph:  Steering Wheel Update Node:  Set Steering Angle
[2023.05.12-12.52.49:695][694]PIE: Error: Blueprint Runtime Error: "Accessed None trying to read property CallFunc_Array_Get_Item_1". Blueprint:  Zhian_BP Function:  Steering Wheel Update Graph:  Steering Wheel Update Node:  Set Steering Angle
[2023.05.12-12.52.49:712][695]LogScript: Warning: Script Msg: Attempted to access index 0 from array 'Wheels' of length 0 in '/Script/PhysXVehicles.WheeledVehicleMovementComponent'!
[2023.05.12-12.52.49:712][695]LogScript: Warning: Script Msg: Attempted to access index 1 from array 'Wheels' of length 0 in '/Script/PhysXVehicles.WheeledVehicleMovementComponent'!
[2023.05.12-12.52.49:712][695]PIE: Error: Blueprint Runtime Error: "Accessed None trying to read property CallFunc_Array_Get_Item". Blueprint:  Zhian_BP Function:  Steering Wheel Update Graph:  Steering Wheel Update Node:  Set Steering Angle
[2023.05.12-12.52.49:712][695]PIE: Error: Blueprint Runtime Error: "Accessed None trying to read property CallFunc_Array_Get_Item_1". Blueprint:  Zhian_BP Function:  Steering Wheel Update Graph:  Steering Wheel Update Node:  Set Steering Angle
[2023.05.12-12.52.49:729][696]LogScript: Warning: Script Msg: Attempted to access index 0 from array 'Wheels' of length 0 in '/Script/PhysXVehicles.WheeledVehicleMovementComponent'!
[2023.05.12-12.52.49:730][696]LogScript: Warning: Script Msg: Attempted to access index 1 from array 'Wheels' of length 0 in '/Script/PhysXVehicles.WheeledVehicleMovementComponent'!
[2023.05.12-12.52.49:730][696]PIE: Error: Blueprint Runtime Error: "Accessed None trying to read property CallFunc_Array_Get_Item". Blueprint:  Zhian_BP Function:  Steering Wheel Update Graph:  Steering Wheel Update Node:  Set Steering Angle
[2023.05.12-12.52.49:730][696]PIE: Error: Blueprint Runtime Error: "Accessed None trying to read property CallFunc_Array_Get_Item_1". Blueprint:  Zhian_BP Function:  Steering Wheel Update Graph:  Steering Wheel Update Node:  Set Steering Angle
[2023.05.12-12.52.49:747][697]LogScript: Warning: Script Msg: Attempted to access index 0 from array 'Wheels' of length 0 in '/Script/PhysXVehicles.WheeledVehicleMovementComponent'!
[2023.05.12-12.52.49:747][697]LogScript: Warning: Script Msg: Attempted to access index 1 from array 'Wheels' of length 0 in '/Script/PhysXVehicles.WheeledVehicleMovementComponent'!
[2023.05.12-12.52.49:747][697]PIE: Error: Blueprint Runtime Error: "Accessed None trying to read property CallFunc_Array_Get_Item". Blueprint:  Zhian_BP Function:  Steering Wheel Update Graph:  Steering Wheel Update Node:  Set Steering Angle
[2023.05.12-12.52.49:747][697]PIE: Error: Blueprint Runtime Error: "Accessed None trying to read property CallFunc_Array_Get_Item_1". Blueprint:  Zhian_BP Function:  Steering Wheel Update Graph:  Steering Wheel Update Node:  Set Steering Angle
[2023.05.12-12.52.49:763][698]LogScript: Warning: Script Msg: Attempted to access index 0 from array 'Wheels' of length 0 in '/Script/PhysXVehicles.WheeledVehicleMovementComponent'!
[2023.05.12-12.52.49:763][698]LogScript: Warning: Script Msg: Attempted to access index 1 from array 'Wheels' of length 0 in '/Script/PhysXVehicles.WheeledVehicleMovementComponent'!
[2023.05.12-12.52.49:763][698]PIE: Error: Blueprint Runtime Error: "Accessed None trying to read property CallFunc_Array_Get_Item". Blueprint:  Zhian_BP Function:  Steering Wheel Update Graph:  Steering Wheel Update Node:  Set Steering Angle
[2023.05.12-12.52.49:763][698]PIE: Error: Blueprint Runtime Error: "Accessed None trying to read property CallFunc_Array_Get_Item_1". Blueprint:  Zhian_BP Function:  Steering Wheel Update Graph:  Steering Wheel Update Node:  Set Steering Angle
[2023.05.12-12.52.49:780][699]LogScript: Warning: Script Msg: Attempted to access index 0 from array 'Wheels' of length 0 in '/Script/PhysXVehicles.WheeledVehicleMovementComponent'!
[2023.05.12-12.52.49:780][699]LogScript: Warning: Script Msg: Attempted to access index 1 from array 'Wheels' of length 0 in '/Script/PhysXVehicles.WheeledVehicleMovementComponent'!
[2023.05.12-12.52.49:780][699]PIE: Error: Blueprint Runtime Error: "Accessed None trying to read property CallFunc_Array_Get_Item". Blueprint:  Zhian_BP Function:  Steering Wheel Update Graph:  Steering Wheel Update Node:  Set Steering Angle
[2023.05.12-12.52.49:780][699]PIE: Error: Blueprint Runtime Error: "Accessed None trying to read property CallFunc_Array_Get_Item_1". Blueprint:  Zhian_BP Function:  Steering Wheel Update Graph:  Steering Wheel Update Node:  Set Steering Angle
[2023.05.12-12.52.49:797][700]LogScript: Warning: Script Msg: Attempted to access index 0 from array 'Wheels' of length 0 in '/Script/PhysXVehicles.WheeledVehicleMovementComponent'!
[2023.05.12-12.52.49:797][700]LogScript: Warning: Script Msg: Attempted to access index 1 from array 'Wheels' of length 0 in '/Script/PhysXVehicles.WheeledVehicleMovementComponent'!
[2023.05.12-12.52.49:797][700]PIE: Error: Blueprint Runtime Error: "Accessed None trying to read property CallFunc_Array_Get_Item". Blueprint:  Zhian_BP Function:  Steering Wheel Update Graph:  Steering Wheel Update Node:  Set Steering Angle
[2023.05.12-12.52.49:797][700]PIE: Error: Blueprint Runtime Error: "Accessed None trying to read property CallFunc_Array_Get_Item_1". Blueprint:  Zhian_BP Function:  Steering Wheel Update Graph:  Steering Wheel Update Node:  Set Steering Angle
[2023.05.12-12.52.49:813][701]LogScript: Warning: Script Msg: Attempted to access index 0 from array 'Wheels' of length 0 in '/Script/PhysXVehicles.WheeledVehicleMovementComponent'!
[2023.05.12-12.52.49:813][701]LogScript: Warning: Script Msg: Attempted to access index 1 from array 'Wheels' of length 0 in '/Script/PhysXVehicles.WheeledVehicleMovementComponent'!
[2023.05.12-12.52.49:813][701]PIE: Error: Blueprint Runtime Error: "Accessed None trying to read property CallFunc_Array_Get_Item". Blueprint:  Zhian_BP Function:  Steering Wheel Update Graph:  Steering Wheel Update Node:  Set Steering Angle
[2023.05.12-12.52.49:814][701]PIE: Error: Blueprint Runtime Error: "Accessed None trying to read property CallFunc_Array_Get_Item_1". Blueprint:  Zhian_BP Function:  Steering Wheel Update Graph:  Steering Wheel Update Node:  Set Steering Angle
[2023.05.12-12.52.49:830][702]LogScript: Warning: Script Msg: Attempted to access index 0 from array 'Wheels' of length 0 in '/Script/PhysXVehicles.WheeledVehicleMovementComponent'!
[2023.05.12-12.52.49:830][702]LogScript: Warning: Script Msg: Attempted to access index 1 from array 'Wheels' of length 0 in '/Script/PhysXVehicles.WheeledVehicleMovementComponent'!
[2023.05.12-12.52.49:830][702]PIE: Error: Blueprint Runtime Error: "Accessed None trying to read property CallFunc_Array_Get_Item". Blueprint:  Zhian_BP Function:  Steering Wheel Update Graph:  Steering Wheel Update Node:  Set Steering Angle
[2023.05.12-12.52.49:830][702]PIE: Error: Blueprint Runtime Error: "Accessed None trying to read property CallFunc_Array_Get_Item_1". Blueprint:  Zhian_BP Function:  Steering Wheel Update Graph:  Steering Wheel Update Node:  Set Steering Angle
[2023.05.12-12.52.49:846][703]LogScript: Warning: Script Msg: Attempted to access index 0 from array 'Wheels' of length 0 in '/Script/PhysXVehicles.WheeledVehicleMovementComponent'!
[2023.05.12-12.52.49:847][703]LogScript: Warning: Script Msg: Attempted to access index 1 from array 'Wheels' of length 0 in '/Script/PhysXVehicles.WheeledVehicleMovementComponent'!
[2023.05.12-12.52.49:847][703]PIE: Error: Blueprint Runtime Error: "Accessed None trying to read property CallFunc_Array_Get_Item". Blueprint:  Zhian_BP Function:  Steering Wheel Update Graph:  Steering Wheel Update Node:  Set Steering Angle
[2023.05.12-12.52.49:847][703]PIE: Error: Blueprint Runtime Error: "Accessed None trying to read property CallFunc_Array_Get_Item_1". Blueprint:  Zhian_BP Function:  Steering Wheel Update Graph:  Steering Wheel Update Node:  Set Steering Angle
[2023.05.12-12.52.49:862][704]LogScript: Warning: Script Msg: Attempted to access index 0 from array 'Wheels' of length 0 in '/Script/PhysXVehicles.WheeledVehicleMovementComponent'!
[2023.05.12-12.52.49:863][704]LogScript: Warning: Script Msg: Attempted to access index 1 from array 'Wheels' of length 0 in '/Script/PhysXVehicles.WheeledVehicleMovementComponent'!
[2023.05.12-12.52.49:863][704]PIE: Error: Blueprint Runtime Error: "Accessed None trying to read property CallFunc_Array_Get_Item". Blueprint:  Zhian_BP Function:  Steering Wheel Update Graph:  Steering Wheel Update Node:  Set Steering Angle
[2023.05.12-12.52.49:863][704]PIE: Error: Blueprint Runtime Error: "Accessed None trying to read property CallFunc_Array_Get_Item_1". Blueprint:  Zhian_BP Function:  Steering Wheel Update Graph:  Steering Wheel Update Node:  Set Steering Angle
[2023.05.12-12.52.49:880][705]LogScript: Warning: Script Msg: Attempted to access index 0 from array 'Wheels' of length 0 in '/Script/PhysXVehicles.WheeledVehicleMovementComponent'!
[2023.05.12-12.52.49:880][705]LogScript: Warning: Script Msg: Attempted to access index 1 from array 'Wheels' of length 0 in '/Script/PhysXVehicles.WheeledVehicleMovementComponent'!
[2023.05.12-12.52.49:880][705]PIE: Error: Blueprint Runtime Error: "Accessed None trying to read property CallFunc_Array_Get_Item". Blueprint:  Zhian_BP Function:  Steering Wheel Update Graph:  Steering Wheel Update Node:  Set Steering Angle
[2023.05.12-12.52.49:880][705]PIE: Error: Blueprint Runtime Error: "Accessed None trying to read property CallFunc_Array_Get_Item_1". Blueprint:  Zhian_BP Function:  Steering Wheel Update Graph:  Steering Wheel Update Node:  Set Steering Angle
[2023.05.12-12.52.49:896][706]LogScript: Warning: Script Msg: Attempted to access index 0 from array 'Wheels' of length 0 in '/Script/PhysXVehicles.WheeledVehicleMovementComponent'!
[2023.05.12-12.52.49:896][706]LogScript: Warning: Script Msg: Attempted to access index 1 from array 'Wheels' of length 0 in '/Script/PhysXVehicles.WheeledVehicleMovementComponent'!
[2023.05.12-12.52.49:896][706]PIE: Error: Blueprint Runtime Error: "Accessed None trying to read property CallFunc_Array_Get_Item". Blueprint:  Zhian_BP Function:  Steering Wheel Update Graph:  Steering Wheel Update Node:  Set Steering Angle
[2023.05.12-12.52.49:897][706]PIE: Error: Blueprint Runtime Error: "Accessed None trying to read property CallFunc_Array_Get_Item_1". Blueprint:  Zhian_BP Function:  Steering Wheel Update Graph:  Steering Wheel Update Node:  Set Steering Angle
[2023.05.12-12.52.49:913][707]LogScript: Warning: Script Msg: Attempted to access index 0 from array 'Wheels' of length 0 in '/Script/PhysXVehicles.WheeledVehicleMovementComponent'!
[2023.05.12-12.52.49:913][707]LogScript: Warning: Script Msg: Attempted to access index 1 from array 'Wheels' of length 0 in '/Script/PhysXVehicles.WheeledVehicleMovementComponent'!
[2023.05.12-12.52.49:914][707]PIE: Error: Blueprint Runtime Error: "Accessed None trying to read property CallFunc_Array_Get_Item". Blueprint:  Zhian_BP Function:  Steering Wheel Update Graph:  Steering Wheel Update Node:  Set Steering Angle
[2023.05.12-12.52.49:914][707]PIE: Error: Blueprint Runtime Error: "Accessed None trying to read property CallFunc_Array_Get_Item_1". Blueprint:  Zhian_BP Function:  Steering Wheel Update Graph:  Steering Wheel Update Node:  Set Steering Angle
[2023.05.12-12.52.49:931][708]LogScript: Warning: Script Msg: Attempted to access index 0 from array 'Wheels' of length 0 in '/Script/PhysXVehicles.WheeledVehicleMovementComponent'!
[2023.05.12-12.52.49:931][708]LogScript: Warning: Script Msg: Attempted to access index 1 from array 'Wheels' of length 0 in '/Script/PhysXVehicles.WheeledVehicleMovementComponent'!
[2023.05.12-12.52.49:931][708]PIE: Error: Blueprint Runtime Error: "Accessed None trying to read property CallFunc_Array_Get_Item". Blueprint:  Zhian_BP Function:  Steering Wheel Update Graph:  Steering Wheel Update Node:  Set Steering Angle
[2023.05.12-12.52.49:932][708]PIE: Error: Blueprint Runtime Error: "Accessed None trying to read property CallFunc_Array_Get_Item_1". Blueprint:  Zhian_BP Function:  Steering Wheel Update Graph:  Steering Wheel Update Node:  Set Steering Angle
[2023.05.12-12.52.49:948][709]LogScript: Warning: Script Msg: Attempted to access index 0 from array 'Wheels' of length 0 in '/Script/PhysXVehicles.WheeledVehicleMovementComponent'!
[2023.05.12-12.52.49:948][709]LogScript: Warning: Script Msg: Attempted to access index 1 from array 'Wheels' of length 0 in '/Script/PhysXVehicles.WheeledVehicleMovementComponent'!
[2023.05.12-12.52.49:948][709]PIE: Error: Blueprint Runtime Error: "Accessed None trying to read property CallFunc_Array_Get_Item". Blueprint:  Zhian_BP Function:  Steering Wheel Update Graph:  Steering Wheel Update Node:  Set Steering Angle
[2023.05.12-12.52.49:948][709]PIE: Error: Blueprint Runtime Error: "Accessed None trying to read property CallFunc_Array_Get_Item_1". Blueprint:  Zhian_BP Function:  Steering Wheel Update Graph:  Steering Wheel Update Node:  Set Steering Angle
[2023.05.12-12.52.49:963][710]LogScript: Warning: Script Msg: Attempted to access index 0 from array 'Wheels' of length 0 in '/Script/PhysXVehicles.WheeledVehicleMovementComponent'!
[2023.05.12-12.52.49:963][710]LogScript: Warning: Script Msg: Attempted to access index 1 from array 'Wheels' of length 0 in '/Script/PhysXVehicles.WheeledVehicleMovementComponent'!
[2023.05.12-12.52.49:963][710]PIE: Error: Blueprint Runtime Error: "Accessed None trying to read property CallFunc_Array_Get_Item". Blueprint:  Zhian_BP Function:  Steering Wheel Update Graph:  Steering Wheel Update Node:  Set Steering Angle
[2023.05.12-12.52.49:963][710]PIE: Error: Blueprint Runtime Error: "Accessed None trying to read property CallFunc_Array_Get_Item_1". Blueprint:  Zhian_BP Function:  Steering Wheel Update Graph:  Steering Wheel Update Node:  Set Steering Angle
[2023.05.12-12.52.49:980][711]LogScript: Warning: Script Msg: Attempted to access index 0 from array 'Wheels' of length 0 in '/Script/PhysXVehicles.WheeledVehicleMovementComponent'!
[2023.05.12-12.52.49:980][711]LogScript: Warning: Script Msg: Attempted to access index 1 from array 'Wheels' of length 0 in '/Script/PhysXVehicles.WheeledVehicleMovementComponent'!
[2023.05.12-12.52.49:980][711]PIE: Error: Blueprint Runtime Error: "Accessed None trying to read property CallFunc_Array_Get_Item". Blueprint:  Zhian_BP Function:  Steering Wheel Update Graph:  Steering Wheel Update Node:  Set Steering Angle
[2023.05.12-12.52.49:980][711]PIE: Error: Blueprint Runtime Error: "Accessed None trying to read property CallFunc_Array_Get_Item_1". Blueprint:  Zhian_BP Function:  Steering Wheel Update Graph:  Steering Wheel Update Node:  Set Steering Angle
[2023.05.12-12.52.49:997][712]LogScript: Warning: Script Msg: Attempted to access index 0 from array 'Wheels' of length 0 in '/Script/PhysXVehicles.WheeledVehicleMovementComponent'!
[2023.05.12-12.52.49:997][712]LogScript: Warning: Script Msg: Attempted to access index 1 from array 'Wheels' of length 0 in '/Script/PhysXVehicles.WheeledVehicleMovementComponent'!
[2023.05.12-12.52.49:997][712]PIE: Error: Blueprint Runtime Error: "Accessed None trying to read property CallFunc_Array_Get_Item". Blueprint:  Zhian_BP Function:  Steering Wheel Update Graph:  Steering Wheel Update Node:  Set Steering Angle
[2023.05.12-12.52.49:998][712]PIE: Error: Blueprint Runtime Error: "Accessed None trying to read property CallFunc_Array_Get_Item_1". Blueprint:  Zhian_BP Function:  Steering Wheel Update Graph:  Steering Wheel Update Node:  Set Steering Angle
[2023.05.12-12.52.50:014][713]LogScript: Warning: Script Msg: Attempted to access index 0 from array 'Wheels' of length 0 in '/Script/PhysXVehicles.WheeledVehicleMovementComponent'!
[2023.05.12-12.52.50:014][713]LogScript: Warning: Script Msg: Attempted to access index 1 from array 'Wheels' of length 0 in '/Script/PhysXVehicles.WheeledVehicleMovementComponent'!
[2023.05.12-12.52.50:014][713]PIE: Error: Blueprint Runtime Error: "Accessed None trying to read property CallFunc_Array_Get_Item". Blueprint:  Zhian_BP Function:  Steering Wheel Update Graph:  Steering Wheel Update Node:  Set Steering Angle
[2023.05.12-12.52.50:014][713]PIE: Error: Blueprint Runtime Error: "Accessed None trying to read property CallFunc_Array_Get_Item_1". Blueprint:  Zhian_BP Function:  Steering Wheel Update Graph:  Steering Wheel Update Node:  Set Steering Angle
[2023.05.12-12.52.50:030][714]LogScript: Warning: Script Msg: Attempted to access index 0 from array 'Wheels' of length 0 in '/Script/PhysXVehicles.WheeledVehicleMovementComponent'!
[2023.05.12-12.52.50:031][714]LogScript: Warning: Script Msg: Attempted to access index 1 from array 'Wheels' of length 0 in '/Script/PhysXVehicles.WheeledVehicleMovementComponent'!
[2023.05.12-12.52.50:031][714]PIE: Error: Blueprint Runtime Error: "Accessed None trying to read property CallFunc_Array_Get_Item". Blueprint:  Zhian_BP Function:  Steering Wheel Update Graph:  Steering Wheel Update Node:  Set Steering Angle
[2023.05.12-12.52.50:031][714]PIE: Error: Blueprint Runtime Error: "Accessed None trying to read property CallFunc_Array_Get_Item_1". Blueprint:  Zhian_BP Function:  Steering Wheel Update Graph:  Steering Wheel Update Node:  Set Steering Angle
[2023.05.12-12.52.50:048][715]LogScript: Warning: Script Msg: Attempted to access index 0 from array 'Wheels' of length 0 in '/Script/PhysXVehicles.WheeledVehicleMovementComponent'!
[2023.05.12-12.52.50:048][715]LogScript: Warning: Script Msg: Attempted to access index 1 from array 'Wheels' of length 0 in '/Script/PhysXVehicles.WheeledVehicleMovementComponent'!
[2023.05.12-12.52.50:048][715]PIE: Error: Blueprint Runtime Error: "Accessed None trying to read property CallFunc_Array_Get_Item". Blueprint:  Zhian_BP Function:  Steering Wheel Update Graph:  Steering Wheel Update Node:  Set Steering Angle
[2023.05.12-12.52.50:048][715]PIE: Error: Blueprint Runtime Error: "Accessed None trying to read property CallFunc_Array_Get_Item_1". Blueprint:  Zhian_BP Function:  Steering Wheel Update Graph:  Steering Wheel Update Node:  Set Steering Angle
[2023.05.12-12.52.50:064][716]LogScript: Warning: Script Msg: Attempted to access index 0 from array 'Wheels' of length 0 in '/Script/PhysXVehicles.WheeledVehicleMovementComponent'!
[2023.05.12-12.52.50:064][716]LogScript: Warning: Script Msg: Attempted to access index 1 from array 'Wheels' of length 0 in '/Script/PhysXVehicles.WheeledVehicleMovementComponent'!
[2023.05.12-12.52.50:064][716]PIE: Error: Blueprint Runtime Error: "Accessed None trying to read property CallFunc_Array_Get_Item". Blueprint:  Zhian_BP Function:  Steering Wheel Update Graph:  Steering Wheel Update Node:  Set Steering Angle
[2023.05.12-12.52.50:064][716]PIE: Error: Blueprint Runtime Error: "Accessed None trying to read property CallFunc_Array_Get_Item_1". Blueprint:  Zhian_BP Function:  Steering Wheel Update Graph:  Steering Wheel Update Node:  Set Steering Angle
[2023.05.12-12.52.50:081][717]LogScript: Warning: Script Msg: Attempted to access index 0 from array 'Wheels' of length 0 in '/Script/PhysXVehicles.WheeledVehicleMovementComponent'!
[2023.05.12-12.52.50:081][717]LogScript: Warning: Script Msg: Attempted to access index 1 from array 'Wheels' of length 0 in '/Script/PhysXVehicles.WheeledVehicleMovementComponent'!
[2023.05.12-12.52.50:081][717]PIE: Error: Blueprint Runtime Error: "Accessed None trying to read property CallFunc_Array_Get_Item". Blueprint:  Zhian_BP Function:  Steering Wheel Update Graph:  Steering Wheel Update Node:  Set Steering Angle
[2023.05.12-12.52.50:081][717]PIE: Error: Blueprint Runtime Error: "Accessed None trying to read property CallFunc_Array_Get_Item_1". Blueprint:  Zhian_BP Function:  Steering Wheel Update Graph:  Steering Wheel Update Node:  Set Steering Angle
[2023.05.12-12.52.50:098][718]LogScript: Warning: Script Msg: Attempted to access index 0 from array 'Wheels' of length 0 in '/Script/PhysXVehicles.WheeledVehicleMovementComponent'!
[2023.05.12-12.52.50:098][718]LogScript: Warning: Script Msg: Attempted to access index 1 from array 'Wheels' of length 0 in '/Script/PhysXVehicles.WheeledVehicleMovementComponent'!
[2023.05.12-12.52.50:098][718]PIE: Error: Blueprint Runtime Error: "Accessed None trying to read property CallFunc_Array_Get_Item". Blueprint:  Zhian_BP Function:  Steering Wheel Update Graph:  Steering Wheel Update Node:  Set Steering Angle
[2023.05.12-12.52.50:098][718]PIE: Error: Blueprint Runtime Error: "Accessed None trying to read property CallFunc_Array_Get_Item_1". Blueprint:  Zhian_BP Function:  Steering Wheel Update Graph:  Steering Wheel Update Node:  Set Steering Angle
[2023.05.12-12.52.50:115][719]LogScript: Warning: Script Msg: Attempted to access index 0 from array 'Wheels' of length 0 in '/Script/PhysXVehicles.WheeledVehicleMovementComponent'!
[2023.05.12-12.52.50:115][719]LogScript: Warning: Script Msg: Attempted to access index 1 from array 'Wheels' of length 0 in '/Script/PhysXVehicles.WheeledVehicleMovementComponent'!
[2023.05.12-12.52.50:115][719]PIE: Error: Blueprint Runtime Error: "Accessed None trying to read property CallFunc_Array_Get_Item". Blueprint:  Zhian_BP Function:  Steering Wheel Update Graph:  Steering Wheel Update Node:  Set Steering Angle
[2023.05.12-12.52.50:115][719]PIE: Error: Blueprint Runtime Error: "Accessed None trying to read property CallFunc_Array_Get_Item_1". Blueprint:  Zhian_BP Function:  Steering Wheel Update Graph:  Steering Wheel Update Node:  Set Steering Angle
[2023.05.12-12.52.50:131][720]LogScript: Warning: Script Msg: Attempted to access index 0 from array 'Wheels' of length 0 in '/Script/PhysXVehicles.WheeledVehicleMovementComponent'!
[2023.05.12-12.52.50:131][720]LogScript: Warning: Script Msg: Attempted to access index 1 from array 'Wheels' of length 0 in '/Script/PhysXVehicles.WheeledVehicleMovementComponent'!
[2023.05.12-12.52.50:131][720]PIE: Error: Blueprint Runtime Error: "Accessed None trying to read property CallFunc_Array_Get_Item". Blueprint:  Zhian_BP Function:  Steering Wheel Update Graph:  Steering Wheel Update Node:  Set Steering Angle
[2023.05.12-12.52.50:131][720]PIE: Error: Blueprint Runtime Error: "Accessed None trying to read property CallFunc_Array_Get_Item_1". Blueprint:  Zhian_BP Function:  Steering Wheel Update Graph:  Steering Wheel Update Node:  Set Steering Angle
[2023.05.12-12.52.50:148][721]LogScript: Warning: Script Msg: Attempted to access index 0 from array 'Wheels' of length 0 in '/Script/PhysXVehicles.WheeledVehicleMovementComponent'!
[2023.05.12-12.52.50:148][721]LogScript: Warning: Script Msg: Attempted to access index 1 from array 'Wheels' of length 0 in '/Script/PhysXVehicles.WheeledVehicleMovementComponent'!
[2023.05.12-12.52.50:148][721]PIE: Error: Blueprint Runtime Error: "Accessed None trying to read property CallFunc_Array_Get_Item". Blueprint:  Zhian_BP Function:  Steering Wheel Update Graph:  Steering Wheel Update Node:  Set Steering Angle
[2023.05.12-12.52.50:148][721]PIE: Error: Blueprint Runtime Error: "Accessed None trying to read property CallFunc_Array_Get_Item_1". Blueprint:  Zhian_BP Function:  Steering Wheel Update Graph:  Steering Wheel Update Node:  Set Steering Angle
[2023.05.12-12.52.50:165][722]LogScript: Warning: Script Msg: Attempted to access index 0 from array 'Wheels' of length 0 in '/Script/PhysXVehicles.WheeledVehicleMovementComponent'!
[2023.05.12-12.52.50:165][722]LogScript: Warning: Script Msg: Attempted to access index 1 from array 'Wheels' of length 0 in '/Script/PhysXVehicles.WheeledVehicleMovementComponent'!
[2023.05.12-12.52.50:165][722]PIE: Error: Blueprint Runtime Error: "Accessed None trying to read property CallFunc_Array_Get_Item". Blueprint:  Zhian_BP Function:  Steering Wheel Update Graph:  Steering Wheel Update Node:  Set Steering Angle
[2023.05.12-12.52.50:165][722]PIE: Error: Blueprint Runtime Error: "Accessed None trying to read property CallFunc_Array_Get_Item_1". Blueprint:  Zhian_BP Function:  Steering Wheel Update Graph:  Steering Wheel Update Node:  Set Steering Angle
[2023.05.12-12.52.50:181][723]LogScript: Warning: Script Msg: Attempted to access index 0 from array 'Wheels' of length 0 in '/Script/PhysXVehicles.WheeledVehicleMovementComponent'!
[2023.05.12-12.52.50:181][723]LogScript: Warning: Script Msg: Attempted to access index 1 from array 'Wheels' of length 0 in '/Script/PhysXVehicles.WheeledVehicleMovementComponent'!
[2023.05.12-12.52.50:181][723]PIE: Error: Blueprint Runtime Error: "Accessed None trying to read property CallFunc_Array_Get_Item". Blueprint:  Zhian_BP Function:  Steering Wheel Update Graph:  Steering Wheel Update Node:  Set Steering Angle
[2023.05.12-12.52.50:181][723]PIE: Error: Blueprint Runtime Error: "Accessed None trying to read property CallFunc_Array_Get_Item_1". Blueprint:  Zhian_BP Function:  Steering Wheel Update Graph:  Steering Wheel Update Node:  Set Steering Angle
[2023.05.12-12.52.50:197][724]LogScript: Warning: Script Msg: Attempted to access index 0 from array 'Wheels' of length 0 in '/Script/PhysXVehicles.WheeledVehicleMovementComponent'!
[2023.05.12-12.52.50:197][724]LogScript: Warning: Script Msg: Attempted to access index 1 from array 'Wheels' of length 0 in '/Script/PhysXVehicles.WheeledVehicleMovementComponent'!
[2023.05.12-12.52.50:197][724]PIE: Error: Blueprint Runtime Error: "Accessed None trying to read property CallFunc_Array_Get_Item". Blueprint:  Zhian_BP Function:  Steering Wheel Update Graph:  Steering Wheel Update Node:  Set Steering Angle
[2023.05.12-12.52.50:197][724]PIE: Error: Blueprint Runtime Error: "Accessed None trying to read property CallFunc_Array_Get_Item_1". Blueprint:  Zhian_BP Function:  Steering Wheel Update Graph:  Steering Wheel Update Node:  Set Steering Angle
[2023.05.12-12.52.50:213][725]LogScript: Warning: Script Msg: Attempted to access index 0 from array 'Wheels' of length 0 in '/Script/PhysXVehicles.WheeledVehicleMovementComponent'!
[2023.05.12-12.52.50:213][725]LogScript: Warning: Script Msg: Attempted to access index 1 from array 'Wheels' of length 0 in '/Script/PhysXVehicles.WheeledVehicleMovementComponent'!
[2023.05.12-12.52.50:214][725]PIE: Error: Blueprint Runtime Error: "Accessed None trying to read property CallFunc_Array_Get_Item". Blueprint:  Zhian_BP Function:  Steering Wheel Update Graph:  Steering Wheel Update Node:  Set Steering Angle
[2023.05.12-12.52.50:214][725]PIE: Error: Blueprint Runtime Error: "Accessed None trying to read property CallFunc_Array_Get_Item_1". Blueprint:  Zhian_BP Function:  Steering Wheel Update Graph:  Steering Wheel Update Node:  Set Steering Angle
[2023.05.12-12.52.50:230][726]LogScript: Warning: Script Msg: Attempted to access index 0 from array 'Wheels' of length 0 in '/Script/PhysXVehicles.WheeledVehicleMovementComponent'!
[2023.05.12-12.52.50:230][726]LogScript: Warning: Script Msg: Attempted to access index 1 from array 'Wheels' of length 0 in '/Script/PhysXVehicles.WheeledVehicleMovementComponent'!
[2023.05.12-12.52.50:230][726]PIE: Error: Blueprint Runtime Error: "Accessed None trying to read property CallFunc_Array_Get_Item". Blueprint:  Zhian_BP Function:  Steering Wheel Update Graph:  Steering Wheel Update Node:  Set Steering Angle
[2023.05.12-12.52.50:230][726]PIE: Error: Blueprint Runtime Error: "Accessed None trying to read property CallFunc_Array_Get_Item_1". Blueprint:  Zhian_BP Function:  Steering Wheel Update Graph:  Steering Wheel Update Node:  Set Steering Angle
[2023.05.12-12.52.50:246][727]LogScript: Warning: Script Msg: Attempted to access index 0 from array 'Wheels' of length 0 in '/Script/PhysXVehicles.WheeledVehicleMovementComponent'!
[2023.05.12-12.52.50:247][727]LogScript: Warning: Script Msg: Attempted to access index 1 from array 'Wheels' of length 0 in '/Script/PhysXVehicles.WheeledVehicleMovementComponent'!
[2023.05.12-12.52.50:247][727]PIE: Error: Blueprint Runtime Error: "Accessed None trying to read property CallFunc_Array_Get_Item". Blueprint:  Zhian_BP Function:  Steering Wheel Update Graph:  Steering Wheel Update Node:  Set Steering Angle
[2023.05.12-12.52.50:247][727]PIE: Error: Blueprint Runtime Error: "Accessed None trying to read property CallFunc_Array_Get_Item_1". Blueprint:  Zhian_BP Function:  Steering Wheel Update Graph:  Steering Wheel Update Node:  Set Steering Angle
[2023.05.12-12.52.50:263][728]LogScript: Warning: Script Msg: Attempted to access index 0 from array 'Wheels' of length 0 in '/Script/PhysXVehicles.WheeledVehicleMovementComponent'!
[2023.05.12-12.52.50:263][728]LogScript: Warning: Script Msg: Attempted to access index 1 from array 'Wheels' of length 0 in '/Script/PhysXVehicles.WheeledVehicleMovementComponent'!
[2023.05.12-12.52.50:263][728]PIE: Error: Blueprint Runtime Error: "Accessed None trying to read property CallFunc_Array_Get_Item". Blueprint:  Zhian_BP Function:  Steering Wheel Update Graph:  Steering Wheel Update Node:  Set Steering Angle
[2023.05.12-12.52.50:263][728]PIE: Error: Blueprint Runtime Error: "Accessed None trying to read property CallFunc_Array_Get_Item_1". Blueprint:  Zhian_BP Function:  Steering Wheel Update Graph:  Steering Wheel Update Node:  Set Steering Angle
[2023.05.12-12.52.50:280][729]LogScript: Warning: Script Msg: Attempted to access index 0 from array 'Wheels' of length 0 in '/Script/PhysXVehicles.WheeledVehicleMovementComponent'!
[2023.05.12-12.52.50:280][729]LogScript: Warning: Script Msg: Attempted to access index 1 from array 'Wheels' of length 0 in '/Script/PhysXVehicles.WheeledVehicleMovementComponent'!
[2023.05.12-12.52.50:280][729]PIE: Error: Blueprint Runtime Error: "Accessed None trying to read property CallFunc_Array_Get_Item". Blueprint:  Zhian_BP Function:  Steering Wheel Update Graph:  Steering Wheel Update Node:  Set Steering Angle
[2023.05.12-12.52.50:280][729]PIE: Error: Blueprint Runtime Error: "Accessed None trying to read property CallFunc_Array_Get_Item_1". Blueprint:  Zhian_BP Function:  Steering Wheel Update Graph:  Steering Wheel Update Node:  Set Steering Angle
[2023.05.12-12.52.50:297][730]LogScript: Warning: Script Msg: Attempted to access index 0 from array 'Wheels' of length 0 in '/Script/PhysXVehicles.WheeledVehicleMovementComponent'!
[2023.05.12-12.52.50:297][730]LogScript: Warning: Script Msg: Attempted to access index 1 from array 'Wheels' of length 0 in '/Script/PhysXVehicles.WheeledVehicleMovementComponent'!
[2023.05.12-12.52.50:297][730]PIE: Error: Blueprint Runtime Error: "Accessed None trying to read property CallFunc_Array_Get_Item". Blueprint:  Zhian_BP Function:  Steering Wheel Update Graph:  Steering Wheel Update Node:  Set Steering Angle
[2023.05.12-12.52.50:297][730]PIE: Error: Blueprint Runtime Error: "Accessed None trying to read property CallFunc_Array_Get_Item_1". Blueprint:  Zhian_BP Function:  Steering Wheel Update Graph:  Steering Wheel Update Node:  Set Steering Angle
[2023.05.12-12.52.50:313][731]LogScript: Warning: Script Msg: Attempted to access index 0 from array 'Wheels' of length 0 in '/Script/PhysXVehicles.WheeledVehicleMovementComponent'!
[2023.05.12-12.52.50:313][731]LogScript: Warning: Script Msg: Attempted to access index 1 from array 'Wheels' of length 0 in '/Script/PhysXVehicles.WheeledVehicleMovementComponent'!
[2023.05.12-12.52.50:313][731]PIE: Error: Blueprint Runtime Error: "Accessed None trying to read property CallFunc_Array_Get_Item". Blueprint:  Zhian_BP Function:  Steering Wheel Update Graph:  Steering Wheel Update Node:  Set Steering Angle
[2023.05.12-12.52.50:313][731]PIE: Error: Blueprint Runtime Error: "Accessed None trying to read property CallFunc_Array_Get_Item_1". Blueprint:  Zhian_BP Function:  Steering Wheel Update Graph:  Steering Wheel Update Node:  Set Steering Angle
[2023.05.12-12.52.50:330][732]LogScript: Warning: Script Msg: Attempted to access index 0 from array 'Wheels' of length 0 in '/Script/PhysXVehicles.WheeledVehicleMovementComponent'!
[2023.05.12-12.52.50:330][732]LogScript: Warning: Script Msg: Attempted to access index 1 from array 'Wheels' of length 0 in '/Script/PhysXVehicles.WheeledVehicleMovementComponent'!
[2023.05.12-12.52.50:330][732]PIE: Error: Blueprint Runtime Error: "Accessed None trying to read property CallFunc_Array_Get_Item". Blueprint:  Zhian_BP Function:  Steering Wheel Update Graph:  Steering Wheel Update Node:  Set Steering Angle
[2023.05.12-12.52.50:330][732]PIE: Error: Blueprint Runtime Error: "Accessed None trying to read property CallFunc_Array_Get_Item_1". Blueprint:  Zhian_BP Function:  Steering Wheel Update Graph:  Steering Wheel Update Node:  Set Steering Angle
[2023.05.12-12.52.50:347][733]LogScript: Warning: Script Msg: Attempted to access index 0 from array 'Wheels' of length 0 in '/Script/PhysXVehicles.WheeledVehicleMovementComponent'!
[2023.05.12-12.52.50:347][733]LogScript: Warning: Script Msg: Attempted to access index 1 from array 'Wheels' of length 0 in '/Script/PhysXVehicles.WheeledVehicleMovementComponent'!
[2023.05.12-12.52.50:347][733]PIE: Error: Blueprint Runtime Error: "Accessed None trying to read property CallFunc_Array_Get_Item". Blueprint:  Zhian_BP Function:  Steering Wheel Update Graph:  Steering Wheel Update Node:  Set Steering Angle
[2023.05.12-12.52.50:347][733]PIE: Error: Blueprint Runtime Error: "Accessed None trying to read property CallFunc_Array_Get_Item_1". Blueprint:  Zhian_BP Function:  Steering Wheel Update Graph:  Steering Wheel Update Node:  Set Steering Angle
[2023.05.12-12.52.50:363][734]LogScript: Warning: Script Msg: Attempted to access index 0 from array 'Wheels' of length 0 in '/Script/PhysXVehicles.WheeledVehicleMovementComponent'!
[2023.05.12-12.52.50:363][734]LogScript: Warning: Script Msg: Attempted to access index 1 from array 'Wheels' of length 0 in '/Script/PhysXVehicles.WheeledVehicleMovementComponent'!
[2023.05.12-12.52.50:364][734]PIE: Error: Blueprint Runtime Error: "Accessed None trying to read property CallFunc_Array_Get_Item". Blueprint:  Zhian_BP Function:  Steering Wheel Update Graph:  Steering Wheel Update Node:  Set Steering Angle
[2023.05.12-12.52.50:364][734]PIE: Error: Blueprint Runtime Error: "Accessed None trying to read property CallFunc_Array_Get_Item_1". Blueprint:  Zhian_BP Function:  Steering Wheel Update Graph:  Steering Wheel Update Node:  Set Steering Angle
[2023.05.12-12.52.50:380][735]LogScript: Warning: Script Msg: Attempted to access index 0 from array 'Wheels' of length 0 in '/Script/PhysXVehicles.WheeledVehicleMovementComponent'!
[2023.05.12-12.52.50:380][735]LogScript: Warning: Script Msg: Attempted to access index 1 from array 'Wheels' of length 0 in '/Script/PhysXVehicles.WheeledVehicleMovementComponent'!
[2023.05.12-12.52.50:380][735]PIE: Error: Blueprint Runtime Error: "Accessed None trying to read property CallFunc_Array_Get_Item". Blueprint:  Zhian_BP Function:  Steering Wheel Update Graph:  Steering Wheel Update Node:  Set Steering Angle
[2023.05.12-12.52.50:380][735]PIE: Error: Blueprint Runtime Error: "Accessed None trying to read property CallFunc_Array_Get_Item_1". Blueprint:  Zhian_BP Function:  Steering Wheel Update Graph:  Steering Wheel Update Node:  Set Steering Angle
[2023.05.12-12.52.50:397][736]LogScript: Warning: Script Msg: Attempted to access index 0 from array 'Wheels' of length 0 in '/Script/PhysXVehicles.WheeledVehicleMovementComponent'!
[2023.05.12-12.52.50:397][736]LogScript: Warning: Script Msg: Attempted to access index 1 from array 'Wheels' of length 0 in '/Script/PhysXVehicles.WheeledVehicleMovementComponent'!
[2023.05.12-12.52.50:397][736]PIE: Error: Blueprint Runtime Error: "Accessed None trying to read property CallFunc_Array_Get_Item". Blueprint:  Zhian_BP Function:  Steering Wheel Update Graph:  Steering Wheel Update Node:  Set Steering Angle
[2023.05.12-12.52.50:397][736]PIE: Error: Blueprint Runtime Error: "Accessed None trying to read property CallFunc_Array_Get_Item_1". Blueprint:  Zhian_BP Function:  Steering Wheel Update Graph:  Steering Wheel Update Node:  Set Steering Angle
[2023.05.12-12.52.50:413][737]LogScript: Warning: Script Msg: Attempted to access index 0 from array 'Wheels' of length 0 in '/Script/PhysXVehicles.WheeledVehicleMovementComponent'!
[2023.05.12-12.52.50:413][737]LogScript: Warning: Script Msg: Attempted to access index 1 from array 'Wheels' of length 0 in '/Script/PhysXVehicles.WheeledVehicleMovementComponent'!
[2023.05.12-12.52.50:413][737]PIE: Error: Blueprint Runtime Error: "Accessed None trying to read property CallFunc_Array_Get_Item". Blueprint:  Zhian_BP Function:  Steering Wheel Update Graph:  Steering Wheel Update Node:  Set Steering Angle
[2023.05.12-12.52.50:413][737]PIE: Error: Blueprint Runtime Error: "Accessed None trying to read property CallFunc_Array_Get_Item_1". Blueprint:  Zhian_BP Function:  Steering Wheel Update Graph:  Steering Wheel Update Node:  Set Steering Angle
[2023.05.12-12.52.50:430][738]LogScript: Warning: Script Msg: Attempted to access index 0 from array 'Wheels' of length 0 in '/Script/PhysXVehicles.WheeledVehicleMovementComponent'!
[2023.05.12-12.52.50:430][738]LogScript: Warning: Script Msg: Attempted to access index 1 from array 'Wheels' of length 0 in '/Script/PhysXVehicles.WheeledVehicleMovementComponent'!
[2023.05.12-12.52.50:430][738]PIE: Error: Blueprint Runtime Error: "Accessed None trying to read property CallFunc_Array_Get_Item". Blueprint:  Zhian_BP Function:  Steering Wheel Update Graph:  Steering Wheel Update Node:  Set Steering Angle
[2023.05.12-12.52.50:430][738]PIE: Error: Blueprint Runtime Error: "Accessed None trying to read property CallFunc_Array_Get_Item_1". Blueprint:  Zhian_BP Function:  Steering Wheel Update Graph:  Steering Wheel Update Node:  Set Steering Angle
[2023.05.12-12.52.50:446][739]LogScript: Warning: Script Msg: Attempted to access index 0 from array 'Wheels' of length 0 in '/Script/PhysXVehicles.WheeledVehicleMovementComponent'!
[2023.05.12-12.52.50:446][739]LogScript: Warning: Script Msg: Attempted to access index 1 from array 'Wheels' of length 0 in '/Script/PhysXVehicles.WheeledVehicleMovementComponent'!
[2023.05.12-12.52.50:446][739]PIE: Error: Blueprint Runtime Error: "Accessed None trying to read property CallFunc_Array_Get_Item". Blueprint:  Zhian_BP Function:  Steering Wheel Update Graph:  Steering Wheel Update Node:  Set Steering Angle
[2023.05.12-12.52.50:446][739]PIE: Error: Blueprint Runtime Error: "Accessed None trying to read property CallFunc_Array_Get_Item_1". Blueprint:  Zhian_BP Function:  Steering Wheel Update Graph:  Steering Wheel Update Node:  Set Steering Angle
[2023.05.12-12.52.50:463][740]LogScript: Warning: Script Msg: Attempted to access index 0 from array 'Wheels' of length 0 in '/Script/PhysXVehicles.WheeledVehicleMovementComponent'!
[2023.05.12-12.52.50:463][740]LogScript: Warning: Script Msg: Attempted to access index 1 from array 'Wheels' of length 0 in '/Script/PhysXVehicles.WheeledVehicleMovementComponent'!
[2023.05.12-12.52.50:463][740]PIE: Error: Blueprint Runtime Error: "Accessed None trying to read property CallFunc_Array_Get_Item". Blueprint:  Zhian_BP Function:  Steering Wheel Update Graph:  Steering Wheel Update Node:  Set Steering Angle
[2023.05.12-12.52.50:463][740]PIE: Error: Blueprint Runtime Error: "Accessed None trying to read property CallFunc_Array_Get_Item_1". Blueprint:  Zhian_BP Function:  Steering Wheel Update Graph:  Steering Wheel Update Node:  Set Steering Angle
[2023.05.12-12.52.50:480][741]LogScript: Warning: Script Msg: Attempted to access index 0 from array 'Wheels' of length 0 in '/Script/PhysXVehicles.WheeledVehicleMovementComponent'!
[2023.05.12-12.52.50:480][741]LogScript: Warning: Script Msg: Attempted to access index 1 from array 'Wheels' of length 0 in '/Script/PhysXVehicles.WheeledVehicleMovementComponent'!
[2023.05.12-12.52.50:480][741]PIE: Error: Blueprint Runtime Error: "Accessed None trying to read property CallFunc_Array_Get_Item". Blueprint:  Zhian_BP Function:  Steering Wheel Update Graph:  Steering Wheel Update Node:  Set Steering Angle
[2023.05.12-12.52.50:480][741]PIE: Error: Blueprint Runtime Error: "Accessed None trying to read property CallFunc_Array_Get_Item_1". Blueprint:  Zhian_BP Function:  Steering Wheel Update Graph:  Steering Wheel Update Node:  Set Steering Angle
[2023.05.12-12.52.50:497][742]LogScript: Warning: Script Msg: Attempted to access index 0 from array 'Wheels' of length 0 in '/Script/PhysXVehicles.WheeledVehicleMovementComponent'!
[2023.05.12-12.52.50:497][742]LogScript: Warning: Script Msg: Attempted to access index 1 from array 'Wheels' of length 0 in '/Script/PhysXVehicles.WheeledVehicleMovementComponent'!
[2023.05.12-12.52.50:497][742]PIE: Error: Blueprint Runtime Error: "Accessed None trying to read property CallFunc_Array_Get_Item". Blueprint:  Zhian_BP Function:  Steering Wheel Update Graph:  Steering Wheel Update Node:  Set Steering Angle
[2023.05.12-12.52.50:498][742]PIE: Error: Blueprint Runtime Error: "Accessed None trying to read property CallFunc_Array_Get_Item_1". Blueprint:  Zhian_BP Function:  Steering Wheel Update Graph:  Steering Wheel Update Node:  Set Steering Angle
[2023.05.12-12.52.50:514][743]LogScript: Warning: Script Msg: Attempted to access index 0 from array 'Wheels' of length 0 in '/Script/PhysXVehicles.WheeledVehicleMovementComponent'!
[2023.05.12-12.52.50:514][743]LogScript: Warning: Script Msg: Attempted to access index 1 from array 'Wheels' of length 0 in '/Script/PhysXVehicles.WheeledVehicleMovementComponent'!
[2023.05.12-12.52.50:514][743]PIE: Error: Blueprint Runtime Error: "Accessed None trying to read property CallFunc_Array_Get_Item". Blueprint:  Zhian_BP Function:  Steering Wheel Update Graph:  Steering Wheel Update Node:  Set Steering Angle
[2023.05.12-12.52.50:514][743]PIE: Error: Blueprint Runtime Error: "Accessed None trying to read property CallFunc_Array_Get_Item_1". Blueprint:  Zhian_BP Function:  Steering Wheel Update Graph:  Steering Wheel Update Node:  Set Steering Angle
[2023.05.12-12.52.50:531][744]LogScript: Warning: Script Msg: Attempted to access index 0 from array 'Wheels' of length 0 in '/Script/PhysXVehicles.WheeledVehicleMovementComponent'!
[2023.05.12-12.52.50:531][744]LogScript: Warning: Script Msg: Attempted to access index 1 from array 'Wheels' of length 0 in '/Script/PhysXVehicles.WheeledVehicleMovementComponent'!
[2023.05.12-12.52.50:531][744]PIE: Error: Blueprint Runtime Error: "Accessed None trying to read property CallFunc_Array_Get_Item". Blueprint:  Zhian_BP Function:  Steering Wheel Update Graph:  Steering Wheel Update Node:  Set Steering Angle
[2023.05.12-12.52.50:531][744]PIE: Error: Blueprint Runtime Error: "Accessed None trying to read property CallFunc_Array_Get_Item_1". Blueprint:  Zhian_BP Function:  Steering Wheel Update Graph:  Steering Wheel Update Node:  Set Steering Angle
[2023.05.12-12.52.50:548][745]LogScript: Warning: Script Msg: Attempted to access index 0 from array 'Wheels' of length 0 in '/Script/PhysXVehicles.WheeledVehicleMovementComponent'!
[2023.05.12-12.52.50:548][745]LogScript: Warning: Script Msg: Attempted to access index 1 from array 'Wheels' of length 0 in '/Script/PhysXVehicles.WheeledVehicleMovementComponent'!
[2023.05.12-12.52.50:548][745]PIE: Error: Blueprint Runtime Error: "Accessed None trying to read property CallFunc_Array_Get_Item". Blueprint:  Zhian_BP Function:  Steering Wheel Update Graph:  Steering Wheel Update Node:  Set Steering Angle
[2023.05.12-12.52.50:548][745]PIE: Error: Blueprint Runtime Error: "Accessed None trying to read property CallFunc_Array_Get_Item_1". Blueprint:  Zhian_BP Function:  Steering Wheel Update Graph:  Steering Wheel Update Node:  Set Steering Angle
[2023.05.12-12.52.50:564][746]LogScript: Warning: Script Msg: Attempted to access index 0 from array 'Wheels' of length 0 in '/Script/PhysXVehicles.WheeledVehicleMovementComponent'!
[2023.05.12-12.52.50:564][746]LogScript: Warning: Script Msg: Attempted to access index 1 from array 'Wheels' of length 0 in '/Script/PhysXVehicles.WheeledVehicleMovementComponent'!
[2023.05.12-12.52.50:565][746]PIE: Error: Blueprint Runtime Error: "Accessed None trying to read property CallFunc_Array_Get_Item". Blueprint:  Zhian_BP Function:  Steering Wheel Update Graph:  Steering Wheel Update Node:  Set Steering Angle
[2023.05.12-12.52.50:565][746]PIE: Error: Blueprint Runtime Error: "Accessed None trying to read property CallFunc_Array_Get_Item_1". Blueprint:  Zhian_BP Function:  Steering Wheel Update Graph:  Steering Wheel Update Node:  Set Steering Angle
[2023.05.12-12.52.50:581][747]LogScript: Warning: Script Msg: Attempted to access index 0 from array 'Wheels' of length 0 in '/Script/PhysXVehicles.WheeledVehicleMovementComponent'!
[2023.05.12-12.52.50:581][747]LogScript: Warning: Script Msg: Attempted to access index 1 from array 'Wheels' of length 0 in '/Script/PhysXVehicles.WheeledVehicleMovementComponent'!
[2023.05.12-12.52.50:582][747]PIE: Error: Blueprint Runtime Error: "Accessed None trying to read property CallFunc_Array_Get_Item". Blueprint:  Zhian_BP Function:  Steering Wheel Update Graph:  Steering Wheel Update Node:  Set Steering Angle
[2023.05.12-12.52.50:582][747]PIE: Error: Blueprint Runtime Error: "Accessed None trying to read property CallFunc_Array_Get_Item_1". Blueprint:  Zhian_BP Function:  Steering Wheel Update Graph:  Steering Wheel Update Node:  Set Steering Angle
[2023.05.12-12.52.50:598][748]LogScript: Warning: Script Msg: Attempted to access index 0 from array 'Wheels' of length 0 in '/Script/PhysXVehicles.WheeledVehicleMovementComponent'!
[2023.05.12-12.52.50:598][748]LogScript: Warning: Script Msg: Attempted to access index 1 from array 'Wheels' of length 0 in '/Script/PhysXVehicles.WheeledVehicleMovementComponent'!
[2023.05.12-12.52.50:598][748]PIE: Error: Blueprint Runtime Error: "Accessed None trying to read property CallFunc_Array_Get_Item". Blueprint:  Zhian_BP Function:  Steering Wheel Update Graph:  Steering Wheel Update Node:  Set Steering Angle
[2023.05.12-12.52.50:598][748]PIE: Error: Blueprint Runtime Error: "Accessed None trying to read property CallFunc_Array_Get_Item_1". Blueprint:  Zhian_BP Function:  Steering Wheel Update Graph:  Steering Wheel Update Node:  Set Steering Angle
[2023.05.12-12.52.50:615][749]LogScript: Warning: Script Msg: Attempted to access index 0 from array 'Wheels' of length 0 in '/Script/PhysXVehicles.WheeledVehicleMovementComponent'!
[2023.05.12-12.52.50:615][749]LogScript: Warning: Script Msg: Attempted to access index 1 from array 'Wheels' of length 0 in '/Script/PhysXVehicles.WheeledVehicleMovementComponent'!
[2023.05.12-12.52.50:615][749]PIE: Error: Blueprint Runtime Error: "Accessed None trying to read property CallFunc_Array_Get_Item". Blueprint:  Zhian_BP Function:  Steering Wheel Update Graph:  Steering Wheel Update Node:  Set Steering Angle
[2023.05.12-12.52.50:615][749]PIE: Error: Blueprint Runtime Error: "Accessed None trying to read property CallFunc_Array_Get_Item_1". Blueprint:  Zhian_BP Function:  Steering Wheel Update Graph:  Steering Wheel Update Node:  Set Steering Angle
[2023.05.12-12.52.50:631][750]LogScript: Warning: Script Msg: Attempted to access index 0 from array 'Wheels' of length 0 in '/Script/PhysXVehicles.WheeledVehicleMovementComponent'!
[2023.05.12-12.52.50:631][750]LogScript: Warning: Script Msg: Attempted to access index 1 from array 'Wheels' of length 0 in '/Script/PhysXVehicles.WheeledVehicleMovementComponent'!
[2023.05.12-12.52.50:631][750]PIE: Error: Blueprint Runtime Error: "Accessed None trying to read property CallFunc_Array_Get_Item". Blueprint:  Zhian_BP Function:  Steering Wheel Update Graph:  Steering Wheel Update Node:  Set Steering Angle
[2023.05.12-12.52.50:631][750]PIE: Error: Blueprint Runtime Error: "Accessed None trying to read property CallFunc_Array_Get_Item_1". Blueprint:  Zhian_BP Function:  Steering Wheel Update Graph:  Steering Wheel Update Node:  Set Steering Angle
[2023.05.12-12.52.50:649][751]LogScript: Warning: Script Msg: Attempted to access index 0 from array 'Wheels' of length 0 in '/Script/PhysXVehicles.WheeledVehicleMovementComponent'!
[2023.05.12-12.52.50:649][751]LogScript: Warning: Script Msg: Attempted to access index 1 from array 'Wheels' of length 0 in '/Script/PhysXVehicles.WheeledVehicleMovementComponent'!
[2023.05.12-12.52.50:649][751]PIE: Error: Blueprint Runtime Error: "Accessed None trying to read property CallFunc_Array_Get_Item". Blueprint:  Zhian_BP Function:  Steering Wheel Update Graph:  Steering Wheel Update Node:  Set Steering Angle
[2023.05.12-12.52.50:649][751]PIE: Error: Blueprint Runtime Error: "Accessed None trying to read property CallFunc_Array_Get_Item_1". Blueprint:  Zhian_BP Function:  Steering Wheel Update Graph:  Steering Wheel Update Node:  Set Steering Angle
[2023.05.12-12.52.50:666][752]LogScript: Warning: Script Msg: Attempted to access index 0 from array 'Wheels' of length 0 in '/Script/PhysXVehicles.WheeledVehicleMovementComponent'!
[2023.05.12-12.52.50:666][752]LogScript: Warning: Script Msg: Attempted to access index 1 from array 'Wheels' of length 0 in '/Script/PhysXVehicles.WheeledVehicleMovementComponent'!
[2023.05.12-12.52.50:666][752]PIE: Error: Blueprint Runtime Error: "Accessed None trying to read property CallFunc_Array_Get_Item". Blueprint:  Zhian_BP Function:  Steering Wheel Update Graph:  Steering Wheel Update Node:  Set Steering Angle
[2023.05.12-12.52.50:666][752]PIE: Error: Blueprint Runtime Error: "Accessed None trying to read property CallFunc_Array_Get_Item_1". Blueprint:  Zhian_BP Function:  Steering Wheel Update Graph:  Steering Wheel Update Node:  Set Steering Angle
[2023.05.12-12.52.50:683][753]LogScript: Warning: Script Msg: Attempted to access index 0 from array 'Wheels' of length 0 in '/Script/PhysXVehicles.WheeledVehicleMovementComponent'!
[2023.05.12-12.52.50:683][753]LogScript: Warning: Script Msg: Attempted to access index 1 from array 'Wheels' of length 0 in '/Script/PhysXVehicles.WheeledVehicleMovementComponent'!
[2023.05.12-12.52.50:683][753]PIE: Error: Blueprint Runtime Error: "Accessed None trying to read property CallFunc_Array_Get_Item". Blueprint:  Zhian_BP Function:  Steering Wheel Update Graph:  Steering Wheel Update Node:  Set Steering Angle
[2023.05.12-12.52.50:683][753]PIE: Error: Blueprint Runtime Error: "Accessed None trying to read property CallFunc_Array_Get_Item_1". Blueprint:  Zhian_BP Function:  Steering Wheel Update Graph:  Steering Wheel Update Node:  Set Steering Angle
[2023.05.12-12.52.50:701][754]LogScript: Warning: Script Msg: Attempted to access index 0 from array 'Wheels' of length 0 in '/Script/PhysXVehicles.WheeledVehicleMovementComponent'!
[2023.05.12-12.52.50:701][754]LogScript: Warning: Script Msg: Attempted to access index 1 from array 'Wheels' of length 0 in '/Script/PhysXVehicles.WheeledVehicleMovementComponent'!
[2023.05.12-12.52.50:701][754]PIE: Error: Blueprint Runtime Error: "Accessed None trying to read property CallFunc_Array_Get_Item". Blueprint:  Zhian_BP Function:  Steering Wheel Update Graph:  Steering Wheel Update Node:  Set Steering Angle
[2023.05.12-12.52.50:701][754]PIE: Error: Blueprint Runtime Error: "Accessed None trying to read property CallFunc_Array_Get_Item_1". Blueprint:  Zhian_BP Function:  Steering Wheel Update Graph:  Steering Wheel Update Node:  Set Steering Angle
[2023.05.12-12.52.50:717][755]LogScript: Warning: Script Msg: Attempted to access index 0 from array 'Wheels' of length 0 in '/Script/PhysXVehicles.WheeledVehicleMovementComponent'!
[2023.05.12-12.52.50:717][755]LogScript: Warning: Script Msg: Attempted to access index 1 from array 'Wheels' of length 0 in '/Script/PhysXVehicles.WheeledVehicleMovementComponent'!
[2023.05.12-12.52.50:717][755]PIE: Error: Blueprint Runtime Error: "Accessed None trying to read property CallFunc_Array_Get_Item". Blueprint:  Zhian_BP Function:  Steering Wheel Update Graph:  Steering Wheel Update Node:  Set Steering Angle
[2023.05.12-12.52.50:717][755]PIE: Error: Blueprint Runtime Error: "Accessed None trying to read property CallFunc_Array_Get_Item_1". Blueprint:  Zhian_BP Function:  Steering Wheel Update Graph:  Steering Wheel Update Node:  Set Steering Angle
[2023.05.12-12.52.50:734][756]LogScript: Warning: Script Msg: Attempted to access index 0 from array 'Wheels' of length 0 in '/Script/PhysXVehicles.WheeledVehicleMovementComponent'!
[2023.05.12-12.52.50:734][756]LogScript: Warning: Script Msg: Attempted to access index 1 from array 'Wheels' of length 0 in '/Script/PhysXVehicles.WheeledVehicleMovementComponent'!
[2023.05.12-12.52.50:734][756]PIE: Error: Blueprint Runtime Error: "Accessed None trying to read property CallFunc_Array_Get_Item". Blueprint:  Zhian_BP Function:  Steering Wheel Update Graph:  Steering Wheel Update Node:  Set Steering Angle
[2023.05.12-12.52.50:734][756]PIE: Error: Blueprint Runtime Error: "Accessed None trying to read property CallFunc_Array_Get_Item_1". Blueprint:  Zhian_BP Function:  Steering Wheel Update Graph:  Steering Wheel Update Node:  Set Steering Angle
[2023.05.12-12.52.50:750][757]LogScript: Warning: Script Msg: Attempted to access index 0 from array 'Wheels' of length 0 in '/Script/PhysXVehicles.WheeledVehicleMovementComponent'!
[2023.05.12-12.52.50:750][757]LogScript: Warning: Script Msg: Attempted to access index 1 from array 'Wheels' of length 0 in '/Script/PhysXVehicles.WheeledVehicleMovementComponent'!
[2023.05.12-12.52.50:750][757]PIE: Error: Blueprint Runtime Error: "Accessed None trying to read property CallFunc_Array_Get_Item". Blueprint:  Zhian_BP Function:  Steering Wheel Update Graph:  Steering Wheel Update Node:  Set Steering Angle
[2023.05.12-12.52.50:750][757]PIE: Error: Blueprint Runtime Error: "Accessed None trying to read property CallFunc_Array_Get_Item_1". Blueprint:  Zhian_BP Function:  Steering Wheel Update Graph:  Steering Wheel Update Node:  Set Steering Angle
[2023.05.12-12.52.50:766][758]LogScript: Warning: Script Msg: Attempted to access index 0 from array 'Wheels' of length 0 in '/Script/PhysXVehicles.WheeledVehicleMovementComponent'!
[2023.05.12-12.52.50:766][758]LogScript: Warning: Script Msg: Attempted to access index 1 from array 'Wheels' of length 0 in '/Script/PhysXVehicles.WheeledVehicleMovementComponent'!
[2023.05.12-12.52.50:766][758]PIE: Error: Blueprint Runtime Error: "Accessed None trying to read property CallFunc_Array_Get_Item". Blueprint:  Zhian_BP Function:  Steering Wheel Update Graph:  Steering Wheel Update Node:  Set Steering Angle
[2023.05.12-12.52.50:766][758]PIE: Error: Blueprint Runtime Error: "Accessed None trying to read property CallFunc_Array_Get_Item_1". Blueprint:  Zhian_BP Function:  Steering Wheel Update Graph:  Steering Wheel Update Node:  Set Steering Angle
[2023.05.12-12.52.50:783][759]LogScript: Warning: Script Msg: Attempted to access index 0 from array 'Wheels' of length 0 in '/Script/PhysXVehicles.WheeledVehicleMovementComponent'!
[2023.05.12-12.52.50:783][759]LogScript: Warning: Script Msg: Attempted to access index 1 from array 'Wheels' of length 0 in '/Script/PhysXVehicles.WheeledVehicleMovementComponent'!
[2023.05.12-12.52.50:783][759]PIE: Error: Blueprint Runtime Error: "Accessed None trying to read property CallFunc_Array_Get_Item". Blueprint:  Zhian_BP Function:  Steering Wheel Update Graph:  Steering Wheel Update Node:  Set Steering Angle
[2023.05.12-12.52.50:783][759]PIE: Error: Blueprint Runtime Error: "Accessed None trying to read property CallFunc_Array_Get_Item_1". Blueprint:  Zhian_BP Function:  Steering Wheel Update Graph:  Steering Wheel Update Node:  Set Steering Angle
[2023.05.12-12.52.50:801][760]LogScript: Warning: Script Msg: Attempted to access index 0 from array 'Wheels' of length 0 in '/Script/PhysXVehicles.WheeledVehicleMovementComponent'!
[2023.05.12-12.52.50:801][760]LogScript: Warning: Script Msg: Attempted to access index 1 from array 'Wheels' of length 0 in '/Script/PhysXVehicles.WheeledVehicleMovementComponent'!
[2023.05.12-12.52.50:801][760]PIE: Error: Blueprint Runtime Error: "Accessed None trying to read property CallFunc_Array_Get_Item". Blueprint:  Zhian_BP Function:  Steering Wheel Update Graph:  Steering Wheel Update Node:  Set Steering Angle
[2023.05.12-12.52.50:801][760]PIE: Error: Blueprint Runtime Error: "Accessed None trying to read property CallFunc_Array_Get_Item_1". Blueprint:  Zhian_BP Function:  Steering Wheel Update Graph:  Steering Wheel Update Node:  Set Steering Angle
[2023.05.12-12.52.50:817][761]LogScript: Warning: Script Msg: Attempted to access index 0 from array 'Wheels' of length 0 in '/Script/PhysXVehicles.WheeledVehicleMovementComponent'!
[2023.05.12-12.52.50:817][761]LogScript: Warning: Script Msg: Attempted to access index 1 from array 'Wheels' of length 0 in '/Script/PhysXVehicles.WheeledVehicleMovementComponent'!
[2023.05.12-12.52.50:817][761]PIE: Error: Blueprint Runtime Error: "Accessed None trying to read property CallFunc_Array_Get_Item". Blueprint:  Zhian_BP Function:  Steering Wheel Update Graph:  Steering Wheel Update Node:  Set Steering Angle
[2023.05.12-12.52.50:817][761]PIE: Error: Blueprint Runtime Error: "Accessed None trying to read property CallFunc_Array_Get_Item_1". Blueprint:  Zhian_BP Function:  Steering Wheel Update Graph:  Steering Wheel Update Node:  Set Steering Angle
[2023.05.12-12.52.50:833][762]LogScript: Warning: Script Msg: Attempted to access index 0 from array 'Wheels' of length 0 in '/Script/PhysXVehicles.WheeledVehicleMovementComponent'!
[2023.05.12-12.52.50:833][762]LogScript: Warning: Script Msg: Attempted to access index 1 from array 'Wheels' of length 0 in '/Script/PhysXVehicles.WheeledVehicleMovementComponent'!
[2023.05.12-12.52.50:833][762]PIE: Error: Blueprint Runtime Error: "Accessed None trying to read property CallFunc_Array_Get_Item". Blueprint:  Zhian_BP Function:  Steering Wheel Update Graph:  Steering Wheel Update Node:  Set Steering Angle
[2023.05.12-12.52.50:833][762]PIE: Error: Blueprint Runtime Error: "Accessed None trying to read property CallFunc_Array_Get_Item_1". Blueprint:  Zhian_BP Function:  Steering Wheel Update Graph:  Steering Wheel Update Node:  Set Steering Angle
[2023.05.12-12.52.50:850][763]LogScript: Warning: Script Msg: Attempted to access index 0 from array 'Wheels' of length 0 in '/Script/PhysXVehicles.WheeledVehicleMovementComponent'!
[2023.05.12-12.52.50:850][763]LogScript: Warning: Script Msg: Attempted to access index 1 from array 'Wheels' of length 0 in '/Script/PhysXVehicles.WheeledVehicleMovementComponent'!
[2023.05.12-12.52.50:850][763]PIE: Error: Blueprint Runtime Error: "Accessed None trying to read property CallFunc_Array_Get_Item". Blueprint:  Zhian_BP Function:  Steering Wheel Update Graph:  Steering Wheel Update Node:  Set Steering Angle
[2023.05.12-12.52.50:851][763]PIE: Error: Blueprint Runtime Error: "Accessed None trying to read property CallFunc_Array_Get_Item_1". Blueprint:  Zhian_BP Function:  Steering Wheel Update Graph:  Steering Wheel Update Node:  Set Steering Angle
[2023.05.12-12.52.50:886][763]LogSlate: Updating window title bar state: overlay mode, drag disabled, window buttons hidden, title bar hidden
[2023.05.12-12.52.50:886][763]LogWorld: BeginTearingDown for /Game/StarterContent/Maps/UEDPIE_0_Minimal_Default
[2023.05.12-12.52.50:886][763]LogWorld: UWorld::CleanupWorld for Minimal_Default, bSessionEnded=true, bCleanupResources=true
[2023.05.12-12.52.50:887][763]LogSlate: InvalidateAllWidgets triggered.  All widgets were invalidated
[2023.05.12-12.52.50:899][763]LogPlayLevel: Display: Shutting down PIE online subsystems
[2023.05.12-12.52.50:904][763]LogSlate: InvalidateAllWidgets triggered.  All widgets were invalidated
[2023.05.12-12.52.50:924][763]LogAudio: Display: Audio Device unregistered from world 'None'.
[2023.05.12-12.52.50:925][763]LogAudioMixer: FMixerPlatformXAudio2::StopAudioStream() called
[2023.05.12-12.52.50:926][763]LogAudioMixer: FMixerPlatformXAudio2::StopAudioStream() called
[2023.05.12-12.52.50:928][763]LogSlate: Updating window title bar state: overlay mode, drag disabled, window buttons hidden, title bar hidden
[2023.05.12-12.52.50:946][763]LogUObjectHash: Compacting FUObjectHashTables data took   2.54ms
[2023.05.12-12.52.51:054][764]LogPlayLevel: Display: Destroying online subsystem :Context_3
[2023.05.12-12.52.52:954][847]LogSlate: Window 'Message Log' being destroyed
[2023.05.12-12.52.52:979][847]LogSlate: Window 'Message Log' being destroyed
[2023.05.12-12.52.54:437][918]LogAssetEditorSubsystem: Opening Asset editor for PhysicsAsset /Game/TheTroubleMakers/Cars/Zhian/Car_Zhian_f_PhysicsAsset.Car_Zhian_f_PhysicsAsset
[2023.05.12-12.52.54:532][918]LogNativeClassHierarchy: Verbose: Native class hierarchy updated for 'PhysicsAssetEditor' in 0.0003 seconds. Added 8 classes and 3 folders.
[2023.05.12-12.52.54:533][918]LogLinker: Warning: Failed to load '/Game/Cars/Zhian/Car_Zhian_f': Can't find file.
[2023.05.12-12.52.54:533][918]LogLinker: Warning: Failed to load '/Game/Cars/Zhian/Car_Zhian_f': Can't find file.
[2023.05.12-12.52.54:533][918]LogUObjectGlobals: Warning: Failed to find object 'Object /Game/Cars/Zhian/Car_Zhian_f.Car_Zhian_f'
[2023.05.12-12.52.56:269][918]LogSlate: Window 'Message' being destroyed
[2023.05.12-12.52.56:273][918]Message dialog closed, result: Cancel, title: Message, text: Warning: Physics Asset has no skeletal mesh assigned.
For now, a simple default skeletal mesh (SkeletalMesh /Engine/EngineMeshes/SkeletalCube.SkeletalCube) will be used.
You can fix this by opening the asset and choosing another skeletal mesh from the toolbar.
[2023.05.12-12.52.56:275][918]LogNativeClassHierarchy: Verbose: Native class hierarchy updated for 'SkeletonEditor' in 0.0002 seconds. Added 1 classes and 2 folders.
[2023.05.12-12.52.56:284][918]LogTexture: Default maximum texture size for cubemaps generated from long-lat sources has been changed from 512 to unlimited. In order to preserve old behaiour for '/Engine/EditorMaterials/AssetViewer/EpicQuadPanorama_CC+EV1.EpicQuadPanorama_CC+EV1', its maximum texture size has been explicitly set to 512.
[2023.05.12-12.52.56:367][918]LogTexture: Default maximum texture size for cubemaps generated from long-lat sources has been changed from 512 to unlimited. In order to preserve old behaiour for '/Engine/MapTemplates/Sky/SunsetAmbientCubemap.SunsetAmbientCubemap', its maximum texture size has been explicitly set to 512.
[2023.05.12-12.53.01:418][918]LogSlate: Window 'Message' being destroyed
[2023.05.12-12.53.01:422][918]Message dialog closed, result: Cancel, title: Message, text: The following Bodies are in the PhysicsAsset, but have no corresponding bones in the SkeletalMesh.
Click OK to delete them, or Cancel to ignore.

	Body
	FR
	FL
	RR
	RL

[2023.05.12-12.53.01:425][918]LogSkeletalMesh: USkeletalMeshComponent::InitArticulated : Could not find root physics body: '/Engine/Transient.World_2:PersistentLevel.AnimationEditorPreviewActor_0.PhysicsAssetEditorSkeletalMeshComponent_0'
[2023.05.12-12.53.01:428][918]LogActorComponent: RegisterComponentWithWorld: (/Engine/Transient.World_2:PersistentLevel.AnimationEditorPreviewActor_0.PhysicsAssetEditorSkeletalMeshComponent_0) Already registered. Aborting.
[2023.05.12-12.53.01:433][918]LogNativeClassHierarchy: Verbose: Native class hierarchy updated for 'PinnedCommandList' in 0.0002 seconds. Added 1 classes and 0 folders.
[2023.05.12-12.53.01:464][918]LogSkeletalMesh: USkeletalMeshComponent::InitArticulated : Could not find root physics body: '/Engine/Transient.World_2:PersistentLevel.AnimationEditorPreviewActor_0.PhysicsAssetEditorSkeletalMeshComponent_0'
[2023.05.12-12.53.02:002][919]LogRenderer: Reallocating scene render targets to support 1144x876 Format 10 NumSamples 1 (Frame:1).
[2023.05.12-12.53.26:292][865]LogContentBrowser: Attempting asset rename: Zhian_BP -> Zhian_BP
[2023.05.12-12.53.37:888][248]LogContentBrowser: Attempting asset rename: Zhian_BP -> Zhian__BP
[2023.05.12-12.53.37:938][248]LogMetaData: Removing '/Game/TheTroubleMakers/ImanIranNejad/My__BP/Zhian__BP.Zhian__BP:UserConstructionScript.K2Node_FunctionEntry_0' ref from Metadata '/Game/TheTroubleMakers/ImanIranNejad/My__BP/Zhian_BP.PackageMetaData'
[2023.05.12-12.53.37:938][248]LogMetaData: Removing '/Game/TheTroubleMakers/ImanIranNejad/My__BP/Zhian__BP.Zhian__BP_C' ref from Metadata '/Game/TheTroubleMakers/ImanIranNejad/My__BP/Zhian_BP.PackageMetaData'
[2023.05.12-12.53.37:938][248]LogMetaData: Removing '/Game/TheTroubleMakers/ImanIranNejad/My__BP/Zhian__BP.SKEL_Zhian__BP_C:InpAxisKeyEvt_MouseX_K2Node_InputAxisKeyEvent_0' ref from Metadata '/Game/TheTroubleMakers/ImanIranNejad/My__BP/Zhian_BP.PackageMetaData'
[2023.05.12-12.53.37:938][248]LogMetaData: Removing '/Game/TheTroubleMakers/ImanIranNejad/My__BP/Zhian__BP.SKEL_Zhian__BP_C:InpAxisKeyEvt_MouseY_K2Node_InputAxisKeyEvent_1' ref from Metadata '/Game/TheTroubleMakers/ImanIranNejad/My__BP/Zhian_BP.PackageMetaData'
[2023.05.12-12.53.37:938][248]LogMetaData: Removing '/Game/TheTroubleMakers/ImanIranNejad/My__BP/Zhian__BP.SKEL_Zhian__BP_C:InpAxisEvt_Throttle_K2Node_InputAxisEvent_0' ref from Metadata '/Game/TheTroubleMakers/ImanIranNejad/My__BP/Zhian_BP.PackageMetaData'
[2023.05.12-12.53.37:938][248]LogMetaData: Removing '/Game/TheTroubleMakers/ImanIranNejad/My__BP/Zhian__BP.SKEL_Zhian__BP_C:InpAxisEvt_steering_K2Node_InputAxisEvent_1' ref from Metadata '/Game/TheTroubleMakers/ImanIranNejad/My__BP/Zhian_BP.PackageMetaData'
[2023.05.12-12.53.37:938][248]LogMetaData: Removing '/Game/TheTroubleMakers/ImanIranNejad/My__BP/Zhian__BP.SKEL_Zhian__BP_C:UserConstructionScript' ref from Metadata '/Game/TheTroubleMakers/ImanIranNejad/My__BP/Zhian_BP.PackageMetaData'
[2023.05.12-12.53.37:938][248]LogMetaData: Removing '/Game/TheTroubleMakers/ImanIranNejad/My__BP/Zhian__BP.SKEL_Zhian__BP_C' ref from Metadata '/Game/TheTroubleMakers/ImanIranNejad/My__BP/Zhian_BP.PackageMetaData'
[2023.05.12-12.53.38:028][248]LogSavePackage: Moving '../../../../../../Asus/Documents/GitHub/TheTroubleMakers/Unreal Engine Project/SpeedLimit_UniAzad/Saved/Zhian__BP56FECF3E4F54EFA22D2CF8847468FC66.tmp' to '../../../../../../Asus/Documents/GitHub/TheTroubleMakers/Unreal Engine Project/SpeedLimit_UniAzad/Content/TheTroubleMakers/ImanIranNejad/My__BP/Zhian__BP.uasset'
[2023.05.12-12.53.38:030][248]LogSavePackage: Moving '../../../../../../Asus/Documents/GitHub/TheTroubleMakers/Unreal Engine Project/SpeedLimit_UniAzad/Saved/Zhian_BPBEFD17DE4C81E588C76BDDB55B9EDE29.tmp' to '../../../../../../Asus/Documents/GitHub/TheTroubleMakers/Unreal Engine Project/SpeedLimit_UniAzad/Content/TheTroubleMakers/ImanIranNejad/My__BP/Zhian_BP.uasset'
[2023.05.12-12.53.38:093][248]AssetCheck: New page: Asset Save: multiple assets
[2023.05.12-12.53.38:093][248]LogContentValidation: Display: Validating Blueprint /Game/TheTroubleMakers/ImanIranNejad/My__BP/Zhian__BP.Zhian__BP
[2023.05.12-12.53.38:093][248]LogContentValidation: Display: Validating ObjectRedirector /Game/TheTroubleMakers/ImanIranNejad/My__BP/Zhian_BP.Zhian_BP_C
[2023.05.12-12.53.38:093][248]LogContentValidation: Display: Validating ObjectRedirector /Game/TheTroubleMakers/ImanIranNejad/My__BP/Zhian_BP.Default__Zhian_BP_C
[2023.05.12-12.53.38:093][248]LogContentValidation: Display: Validating ObjectRedirector /Game/TheTroubleMakers/ImanIranNejad/My__BP/Zhian_BP.Zhian_BP
[2023.05.12-12.53.47:366][567]LogContentBrowser: Attempting asset rename: AnimZhian -> Anim_Zhian
[2023.05.12-12.53.47:412][567]LogMetaData: Removing '/Game/TheTroubleMakers/ImanIranNejad/My__BP/Anim_Zhian.Anim_Zhian_C' ref from Metadata '/Game/TheTroubleMakers/ImanIranNejad/My__BP/AnimZhian.PackageMetaData'
[2023.05.12-12.53.47:413][567]LogMetaData: Removing '/Game/TheTroubleMakers/ImanIranNejad/My__BP/Anim_Zhian.Anim_Zhian:EventGraph.K2Node_Event_0' ref from Metadata '/Game/TheTroubleMakers/ImanIranNejad/My__BP/AnimZhian.PackageMetaData'
[2023.05.12-12.53.47:413][567]LogMetaData: Removing '/Game/TheTroubleMakers/ImanIranNejad/My__BP/Anim_Zhian.Anim_Zhian:EventGraph.K2Node_CallFunction_0' ref from Metadata '/Game/TheTroubleMakers/ImanIranNejad/My__BP/AnimZhian.PackageMetaData'
[2023.05.12-12.53.47:413][567]LogMetaData: Removing '/Game/TheTroubleMakers/ImanIranNejad/My__BP/Anim_Zhian.Anim_Zhian:AnimGraph.AnimGraphNode_Root_0' ref from Metadata '/Game/TheTroubleMakers/ImanIranNejad/My__BP/AnimZhian.PackageMetaData'
[2023.05.12-12.53.47:413][567]LogMetaData: Removing '/Game/TheTroubleMakers/ImanIranNejad/My__BP/Anim_Zhian.SKEL_Anim_Zhian_C:BlueprintUpdateAnimation' ref from Metadata '/Game/TheTroubleMakers/ImanIranNejad/My__BP/AnimZhian.PackageMetaData'
[2023.05.12-12.53.47:413][567]LogMetaData: Removing '/Game/TheTroubleMakers/ImanIranNejad/My__BP/Anim_Zhian.SKEL_Anim_Zhian_C:AnimGraph' ref from Metadata '/Game/TheTroubleMakers/ImanIranNejad/My__BP/AnimZhian.PackageMetaData'
[2023.05.12-12.53.47:413][567]LogMetaData: Removing '/Game/TheTroubleMakers/ImanIranNejad/My__BP/Anim_Zhian.SKEL_Anim_Zhian_C' ref from Metadata '/Game/TheTroubleMakers/ImanIranNejad/My__BP/AnimZhian.PackageMetaData'
[2023.05.12-12.53.47:413][567]LogMetaData: Removing '/Game/TheTroubleMakers/ImanIranNejad/My__BP/Anim_Zhian.Anim_Zhian_C:AnimGraph' ref from Metadata '/Game/TheTroubleMakers/ImanIranNejad/My__BP/AnimZhian.PackageMetaData'
[2023.05.12-12.53.47:477][567]LogSavePackage: Moving '../../../../../../Asus/Documents/GitHub/TheTroubleMakers/Unreal Engine Project/SpeedLimit_UniAzad/Saved/Anim_Zhian3A7BDC524309F0CE8632A0A2D54F9F6A.tmp' to '../../../../../../Asus/Documents/GitHub/TheTroubleMakers/Unreal Engine Project/SpeedLimit_UniAzad/Content/TheTroubleMakers/ImanIranNejad/My__BP/Anim_Zhian.uasset'
[2023.05.12-12.53.47:651][567]LogUObjectHash: Compacting FUObjectHashTables data took   3.23ms
[2023.05.12-12.53.47:685][567]LogUObjectHash: Compacting FUObjectHashTables data took   2.08ms
[2023.05.12-12.53.47:704][567]LogUObjectHash: Compacting FUObjectHashTables data took   0.58ms
[2023.05.12-12.53.47:777][567]LogSavePackage: Moving '../../../../../../Asus/Documents/GitHub/TheTroubleMakers/Unreal Engine Project/SpeedLimit_UniAzad/Saved/Zhian__BP3A2AD4284EF7E90DF45EDA837E325503.tmp' to '../../../../../../Asus/Documents/GitHub/TheTroubleMakers/Unreal Engine Project/SpeedLimit_UniAzad/Content/TheTroubleMakers/ImanIranNejad/My__BP/Zhian__BP.uasset'
[2023.05.12-12.53.47:840][567]AssetCheck: New page: Asset Save: multiple assets
[2023.05.12-12.53.47:840][567]LogContentValidation: Display: Validating AnimBlueprint /Game/TheTroubleMakers/ImanIranNejad/My__BP/Anim_Zhian.Anim_Zhian
[2023.05.12-12.53.47:841][567]LogContentValidation: Display: Validating Blueprint /Game/TheTroubleMakers/ImanIranNejad/My__BP/Zhian__BP.Zhian__BP
[2023.05.12-12.53.52:844][878]LogWorld: UWorld::CleanupWorld for World_2, bSessionEnded=true, bCleanupResources=true
[2023.05.12-12.53.52:845][878]LogSlate: InvalidateAllWidgets triggered.  All widgets were invalidated
[2023.05.12-12.53.55:212][ 88]LogTemp: Repeating last play command: Selected Viewport
[2023.05.12-12.53.55:217][ 88]BlueprintLog: New page: Pre-Play auto-recompile
[2023.05.12-12.53.55:218][ 88]LogPlayLevel: [PlayLevel] Compiling Zhian__BP before play...
[2023.05.12-12.53.55:257][ 88]LogUObjectHash: Compacting FUObjectHashTables data took   2.60ms
[2023.05.12-12.53.55:259][ 88]LogPlayLevel: PlayLevel: Blueprint regeneration took 42 ms (1 blueprints)
[2023.05.12-12.53.55:259][ 88]PIE: New page: PIE session: Minimal_Default (May 12, 2023, 8:53:55 PM)
[2023.05.12-12.53.55:259][ 88]LogPlayLevel: Creating play world package: /Game/StarterContent/Maps/UEDPIE_0_Minimal_Default
[2023.05.12-12.53.55:279][ 88]LogPlayLevel: PIE: StaticDuplicateObject took: (0.019342s)
[2023.05.12-12.53.55:280][ 88]LogAIModule: Creating AISystem for world Minimal_Default
[2023.05.12-12.53.55:280][ 88]LogPlayLevel: PIE: World Init took: (0.000952s)
[2023.05.12-12.53.55:280][ 88]LogPlayLevel: PIE: Created PIE world by copying editor world from /Game/StarterContent/Maps/Minimal_Default.Minimal_Default to /Game/StarterContent/Maps/UEDPIE_0_Minimal_Default.Minimal_Default (0.020417s)
[2023.05.12-12.53.55:300][ 88]LogUObjectHash: Compacting FUObjectHashTables data took   1.80ms
[2023.05.12-12.53.55:300][ 88]LogAudio: Display: Creating Audio Device:                 Id: 3, Scope: Unique, Realtime: True
[2023.05.12-12.53.55:300][ 88]LogAudioMixer: Display: Audio Mixer Platform Settings:
[2023.05.12-12.53.55:300][ 88]LogAudioMixer: Display: 	Sample Rate:						  48000
[2023.05.12-12.53.55:300][ 88]LogAudioMixer: Display: 	Callback Buffer Frame Size Requested: 1024
[2023.05.12-12.53.55:300][ 88]LogAudioMixer: Display: 	Callback Buffer Frame Size To Use:	  1024
[2023.05.12-12.53.55:300][ 88]LogAudioMixer: Display: 	Number of buffers to queue:			  2
[2023.05.12-12.53.55:300][ 88]LogAudioMixer: Display: 	Max Channels (voices):				  32
[2023.05.12-12.53.55:300][ 88]LogAudioMixer: Display: 	Number of Async Source Workers:		  0
[2023.05.12-12.53.55:300][ 88]LogAudio: Display: AudioDevice MaxSources: 32
[2023.05.12-12.53.55:300][ 88]LogAudio: Display: Audio Spatialization Plugin: None (built-in).
[2023.05.12-12.53.55:300][ 88]LogAudio: Display: Audio Reverb Plugin: None (built-in).
[2023.05.12-12.53.55:300][ 88]LogAudio: Display: Audio Occlusion Plugin: None (built-in).
[2023.05.12-12.53.55:300][ 88]LogAudioMixer: Display: Initializing audio mixer.
[2023.05.12-12.53.55:303][ 88]LogAudioMixer: Display: 0: FrontLeft
[2023.05.12-12.53.55:303][ 88]LogAudioMixer: Display: 1: FrontRight
[2023.05.12-12.53.55:308][ 88]LogAudioMixer: Display: Using Audio Device Mi TV (HD Audio Driver for Display Audio)
[2023.05.12-12.53.55:309][ 88]LogAudioMixer: Display: Initializing Sound Submixes...
[2023.05.12-12.53.55:309][ 88]LogAudioMixer: Display: Creating Master Submix 'MasterSubmixDefault'
[2023.05.12-12.53.55:309][ 88]LogAudioMixer: Display: Creating Master Submix 'MasterReverbSubmixDefault'
[2023.05.12-12.53.55:309][ 88]LogAudioMixer: Display: Creating Master Submix 'MasterEQSubmixDefault'
[2023.05.12-12.53.55:309][ 88]LogAudioMixer: FMixerPlatformXAudio2::StartAudioStream() called
[2023.05.12-12.53.55:309][ 88]LogAudioMixer: Display: Output buffers initialized: Frames=1024, Channels=2, Samples=2048
[2023.05.12-12.53.55:310][ 88]LogAudioMixer: Display: Starting AudioMixerPlatformInterface::RunInternal()
[2023.05.12-12.53.55:310][ 88]LogAudioMixer: Display: FMixerPlatformXAudio2::SubmitBuffer() called for the first time
[2023.05.12-12.53.55:310][ 88]LogInit: FAudioDevice initialized.
[2023.05.12-12.53.55:310][ 88]LogAudio: Display: Audio Device (ID: 3) registered with world 'Minimal_Default'.
[2023.05.12-12.53.55:316][ 88]LogLoad: Game class is 'Zhian_Game_C'
[2023.05.12-12.53.55:321][ 88]LogWorld: Bringing World /Game/StarterContent/Maps/UEDPIE_0_Minimal_Default.Minimal_Default up for play (max tick rate 0) at 2023.05.12-16.23.55
[2023.05.12-12.53.55:322][ 88]LogWorld: Bringing up level for play took: 0.004922
[2023.05.12-12.53.55:322][ 88]LogOnline: OSS: Creating online subsystem instance for: :Context_12
[2023.05.12-12.53.55:324][ 88]LogGameMode: Display: Match State Changed from EnteringMap to WaitingToStart
[2023.05.12-12.53.55:324][ 88]LogGameState: Match State Changed from EnteringMap to WaitingToStart
[2023.05.12-12.53.55:324][ 88]LogGameMode: Display: Match State Changed from WaitingToStart to InProgress
[2023.05.12-12.53.55:324][ 88]LogVehicles: Warning: Cannot create vehicle for /Game/StarterContent/Maps/UEDPIE_0_Minimal_Default.Minimal_Default:PersistentLevel.Zhian_BP_C_0.MovementComp. UpdatedComponent has not initialized its rigid body actor.
[2023.05.12-12.53.55:325][ 88]LogGameState: Match State Changed from WaitingToStart to InProgress
[2023.05.12-12.53.55:325][ 88]PIE: Server logged in
[2023.05.12-12.53.55:325][ 88]PIE: Play in editor total start time 0.109 seconds.
[2023.05.12-12.53.55:326][ 88]LogScript: Warning: Script Msg: Attempted to access index 0 from array 'Wheels' of length 0 in '/Script/PhysXVehicles.WheeledVehicleMovementComponent'!
[2023.05.12-12.53.55:326][ 88]LogScript: Warning: Script Msg: Attempted to access index 1 from array 'Wheels' of length 0 in '/Script/PhysXVehicles.WheeledVehicleMovementComponent'!
[2023.05.12-12.53.55:326][ 88]PIE: Error: Blueprint Runtime Error: "Accessed None trying to read property CallFunc_Array_Get_Item". Blueprint:  Zhian_BP Function:  Steering Wheel Update Graph:  Steering Wheel Update Node:  Set Steering Angle
[2023.05.12-12.53.55:326][ 88]PIE: Error: Blueprint Runtime Error: "Accessed None trying to read property CallFunc_Array_Get_Item_1". Blueprint:  Zhian_BP Function:  Steering Wheel Update Graph:  Steering Wheel Update Node:  Set Steering Angle
[2023.05.12-12.53.55:373][ 89]LogScript: Warning: Script Msg: Attempted to access index 0 from array 'Wheels' of length 0 in '/Script/PhysXVehicles.WheeledVehicleMovementComponent'!
[2023.05.12-12.53.55:373][ 89]LogScript: Warning: Script Msg: Attempted to access index 1 from array 'Wheels' of length 0 in '/Script/PhysXVehicles.WheeledVehicleMovementComponent'!
[2023.05.12-12.53.55:373][ 89]PIE: Error: Blueprint Runtime Error: "Accessed None trying to read property CallFunc_Array_Get_Item". Blueprint:  Zhian_BP Function:  Steering Wheel Update Graph:  Steering Wheel Update Node:  Set Steering Angle
[2023.05.12-12.53.55:373][ 89]PIE: Error: Blueprint Runtime Error: "Accessed None trying to read property CallFunc_Array_Get_Item_1". Blueprint:  Zhian_BP Function:  Steering Wheel Update Graph:  Steering Wheel Update Node:  Set Steering Angle
[2023.05.12-12.53.55:387][ 90]LogScript: Warning: Script Msg: Attempted to access index 0 from array 'Wheels' of length 0 in '/Script/PhysXVehicles.WheeledVehicleMovementComponent'!
[2023.05.12-12.53.55:387][ 90]LogScript: Warning: Script Msg: Attempted to access index 1 from array 'Wheels' of length 0 in '/Script/PhysXVehicles.WheeledVehicleMovementComponent'!
[2023.05.12-12.53.55:387][ 90]PIE: Error: Blueprint Runtime Error: "Accessed None trying to read property CallFunc_Array_Get_Item". Blueprint:  Zhian_BP Function:  Steering Wheel Update Graph:  Steering Wheel Update Node:  Set Steering Angle
[2023.05.12-12.53.55:387][ 90]PIE: Error: Blueprint Runtime Error: "Accessed None trying to read property CallFunc_Array_Get_Item_1". Blueprint:  Zhian_BP Function:  Steering Wheel Update Graph:  Steering Wheel Update Node:  Set Steering Angle
[2023.05.12-12.53.55:396][ 91]LogScript: Warning: Script Msg: Attempted to access index 0 from array 'Wheels' of length 0 in '/Script/PhysXVehicles.WheeledVehicleMovementComponent'!
[2023.05.12-12.53.55:396][ 91]LogScript: Warning: Script Msg: Attempted to access index 1 from array 'Wheels' of length 0 in '/Script/PhysXVehicles.WheeledVehicleMovementComponent'!
[2023.05.12-12.53.55:396][ 91]PIE: Error: Blueprint Runtime Error: "Accessed None trying to read property CallFunc_Array_Get_Item". Blueprint:  Zhian_BP Function:  Steering Wheel Update Graph:  Steering Wheel Update Node:  Set Steering Angle
[2023.05.12-12.53.55:396][ 91]PIE: Error: Blueprint Runtime Error: "Accessed None trying to read property CallFunc_Array_Get_Item_1". Blueprint:  Zhian_BP Function:  Steering Wheel Update Graph:  Steering Wheel Update Node:  Set Steering Angle
[2023.05.12-12.53.55:408][ 92]LogScript: Warning: Script Msg: Attempted to access index 0 from array 'Wheels' of length 0 in '/Script/PhysXVehicles.WheeledVehicleMovementComponent'!
[2023.05.12-12.53.55:408][ 92]LogScript: Warning: Script Msg: Attempted to access index 1 from array 'Wheels' of length 0 in '/Script/PhysXVehicles.WheeledVehicleMovementComponent'!
[2023.05.12-12.53.55:408][ 92]PIE: Error: Blueprint Runtime Error: "Accessed None trying to read property CallFunc_Array_Get_Item". Blueprint:  Zhian_BP Function:  Steering Wheel Update Graph:  Steering Wheel Update Node:  Set Steering Angle
[2023.05.12-12.53.55:408][ 92]PIE: Error: Blueprint Runtime Error: "Accessed None trying to read property CallFunc_Array_Get_Item_1". Blueprint:  Zhian_BP Function:  Steering Wheel Update Graph:  Steering Wheel Update Node:  Set Steering Angle
[2023.05.12-12.53.55:423][ 93]LogScript: Warning: Script Msg: Attempted to access index 0 from array 'Wheels' of length 0 in '/Script/PhysXVehicles.WheeledVehicleMovementComponent'!
[2023.05.12-12.53.55:423][ 93]LogScript: Warning: Script Msg: Attempted to access index 1 from array 'Wheels' of length 0 in '/Script/PhysXVehicles.WheeledVehicleMovementComponent'!
[2023.05.12-12.53.55:424][ 93]PIE: Error: Blueprint Runtime Error: "Accessed None trying to read property CallFunc_Array_Get_Item". Blueprint:  Zhian_BP Function:  Steering Wheel Update Graph:  Steering Wheel Update Node:  Set Steering Angle
[2023.05.12-12.53.55:424][ 93]PIE: Error: Blueprint Runtime Error: "Accessed None trying to read property CallFunc_Array_Get_Item_1". Blueprint:  Zhian_BP Function:  Steering Wheel Update Graph:  Steering Wheel Update Node:  Set Steering Angle
[2023.05.12-12.53.55:441][ 94]LogScript: Warning: Script Msg: Attempted to access index 0 from array 'Wheels' of length 0 in '/Script/PhysXVehicles.WheeledVehicleMovementComponent'!
[2023.05.12-12.53.55:441][ 94]LogScript: Warning: Script Msg: Attempted to access index 1 from array 'Wheels' of length 0 in '/Script/PhysXVehicles.WheeledVehicleMovementComponent'!
[2023.05.12-12.53.55:441][ 94]PIE: Error: Blueprint Runtime Error: "Accessed None trying to read property CallFunc_Array_Get_Item". Blueprint:  Zhian_BP Function:  Steering Wheel Update Graph:  Steering Wheel Update Node:  Set Steering Angle
[2023.05.12-12.53.55:441][ 94]PIE: Error: Blueprint Runtime Error: "Accessed None trying to read property CallFunc_Array_Get_Item_1". Blueprint:  Zhian_BP Function:  Steering Wheel Update Graph:  Steering Wheel Update Node:  Set Steering Angle
[2023.05.12-12.53.55:457][ 95]LogScript: Warning: Script Msg: Attempted to access index 0 from array 'Wheels' of length 0 in '/Script/PhysXVehicles.WheeledVehicleMovementComponent'!
[2023.05.12-12.53.55:457][ 95]LogScript: Warning: Script Msg: Attempted to access index 1 from array 'Wheels' of length 0 in '/Script/PhysXVehicles.WheeledVehicleMovementComponent'!
[2023.05.12-12.53.55:457][ 95]PIE: Error: Blueprint Runtime Error: "Accessed None trying to read property CallFunc_Array_Get_Item". Blueprint:  Zhian_BP Function:  Steering Wheel Update Graph:  Steering Wheel Update Node:  Set Steering Angle
[2023.05.12-12.53.55:457][ 95]PIE: Error: Blueprint Runtime Error: "Accessed None trying to read property CallFunc_Array_Get_Item_1". Blueprint:  Zhian_BP Function:  Steering Wheel Update Graph:  Steering Wheel Update Node:  Set Steering Angle
[2023.05.12-12.53.55:473][ 96]LogScript: Warning: Script Msg: Attempted to access index 0 from array 'Wheels' of length 0 in '/Script/PhysXVehicles.WheeledVehicleMovementComponent'!
[2023.05.12-12.53.55:474][ 96]LogScript: Warning: Script Msg: Attempted to access index 1 from array 'Wheels' of length 0 in '/Script/PhysXVehicles.WheeledVehicleMovementComponent'!
[2023.05.12-12.53.55:474][ 96]PIE: Error: Blueprint Runtime Error: "Accessed None trying to read property CallFunc_Array_Get_Item". Blueprint:  Zhian_BP Function:  Steering Wheel Update Graph:  Steering Wheel Update Node:  Set Steering Angle
[2023.05.12-12.53.55:474][ 96]PIE: Error: Blueprint Runtime Error: "Accessed None trying to read property CallFunc_Array_Get_Item_1". Blueprint:  Zhian_BP Function:  Steering Wheel Update Graph:  Steering Wheel Update Node:  Set Steering Angle
[2023.05.12-12.53.55:490][ 97]LogScript: Warning: Script Msg: Attempted to access index 0 from array 'Wheels' of length 0 in '/Script/PhysXVehicles.WheeledVehicleMovementComponent'!
[2023.05.12-12.53.55:491][ 97]LogScript: Warning: Script Msg: Attempted to access index 1 from array 'Wheels' of length 0 in '/Script/PhysXVehicles.WheeledVehicleMovementComponent'!
[2023.05.12-12.53.55:491][ 97]PIE: Error: Blueprint Runtime Error: "Accessed None trying to read property CallFunc_Array_Get_Item". Blueprint:  Zhian_BP Function:  Steering Wheel Update Graph:  Steering Wheel Update Node:  Set Steering Angle
[2023.05.12-12.53.55:491][ 97]PIE: Error: Blueprint Runtime Error: "Accessed None trying to read property CallFunc_Array_Get_Item_1". Blueprint:  Zhian_BP Function:  Steering Wheel Update Graph:  Steering Wheel Update Node:  Set Steering Angle
[2023.05.12-12.53.55:507][ 98]LogScript: Warning: Script Msg: Attempted to access index 0 from array 'Wheels' of length 0 in '/Script/PhysXVehicles.WheeledVehicleMovementComponent'!
[2023.05.12-12.53.55:507][ 98]LogScript: Warning: Script Msg: Attempted to access index 1 from array 'Wheels' of length 0 in '/Script/PhysXVehicles.WheeledVehicleMovementComponent'!
[2023.05.12-12.53.55:507][ 98]PIE: Error: Blueprint Runtime Error: "Accessed None trying to read property CallFunc_Array_Get_Item". Blueprint:  Zhian_BP Function:  Steering Wheel Update Graph:  Steering Wheel Update Node:  Set Steering Angle
[2023.05.12-12.53.55:507][ 98]PIE: Error: Blueprint Runtime Error: "Accessed None trying to read property CallFunc_Array_Get_Item_1". Blueprint:  Zhian_BP Function:  Steering Wheel Update Graph:  Steering Wheel Update Node:  Set Steering Angle
[2023.05.12-12.53.55:524][ 99]LogScript: Warning: Script Msg: Attempted to access index 0 from array 'Wheels' of length 0 in '/Script/PhysXVehicles.WheeledVehicleMovementComponent'!
[2023.05.12-12.53.55:524][ 99]LogScript: Warning: Script Msg: Attempted to access index 1 from array 'Wheels' of length 0 in '/Script/PhysXVehicles.WheeledVehicleMovementComponent'!
[2023.05.12-12.53.55:524][ 99]PIE: Error: Blueprint Runtime Error: "Accessed None trying to read property CallFunc_Array_Get_Item". Blueprint:  Zhian_BP Function:  Steering Wheel Update Graph:  Steering Wheel Update Node:  Set Steering Angle
[2023.05.12-12.53.55:524][ 99]PIE: Error: Blueprint Runtime Error: "Accessed None trying to read property CallFunc_Array_Get_Item_1". Blueprint:  Zhian_BP Function:  Steering Wheel Update Graph:  Steering Wheel Update Node:  Set Steering Angle
[2023.05.12-12.53.55:541][100]LogScript: Warning: Script Msg: Attempted to access index 0 from array 'Wheels' of length 0 in '/Script/PhysXVehicles.WheeledVehicleMovementComponent'!
[2023.05.12-12.53.55:541][100]LogScript: Warning: Script Msg: Attempted to access index 1 from array 'Wheels' of length 0 in '/Script/PhysXVehicles.WheeledVehicleMovementComponent'!
[2023.05.12-12.53.55:541][100]PIE: Error: Blueprint Runtime Error: "Accessed None trying to read property CallFunc_Array_Get_Item". Blueprint:  Zhian_BP Function:  Steering Wheel Update Graph:  Steering Wheel Update Node:  Set Steering Angle
[2023.05.12-12.53.55:541][100]PIE: Error: Blueprint Runtime Error: "Accessed None trying to read property CallFunc_Array_Get_Item_1". Blueprint:  Zhian_BP Function:  Steering Wheel Update Graph:  Steering Wheel Update Node:  Set Steering Angle
[2023.05.12-12.53.55:558][101]LogScript: Warning: Script Msg: Attempted to access index 0 from array 'Wheels' of length 0 in '/Script/PhysXVehicles.WheeledVehicleMovementComponent'!
[2023.05.12-12.53.55:558][101]LogScript: Warning: Script Msg: Attempted to access index 1 from array 'Wheels' of length 0 in '/Script/PhysXVehicles.WheeledVehicleMovementComponent'!
[2023.05.12-12.53.55:558][101]PIE: Error: Blueprint Runtime Error: "Accessed None trying to read property CallFunc_Array_Get_Item". Blueprint:  Zhian_BP Function:  Steering Wheel Update Graph:  Steering Wheel Update Node:  Set Steering Angle
[2023.05.12-12.53.55:558][101]PIE: Error: Blueprint Runtime Error: "Accessed None trying to read property CallFunc_Array_Get_Item_1". Blueprint:  Zhian_BP Function:  Steering Wheel Update Graph:  Steering Wheel Update Node:  Set Steering Angle
[2023.05.12-12.53.55:575][102]LogScript: Warning: Script Msg: Attempted to access index 0 from array 'Wheels' of length 0 in '/Script/PhysXVehicles.WheeledVehicleMovementComponent'!
[2023.05.12-12.53.55:575][102]LogScript: Warning: Script Msg: Attempted to access index 1 from array 'Wheels' of length 0 in '/Script/PhysXVehicles.WheeledVehicleMovementComponent'!
[2023.05.12-12.53.55:575][102]PIE: Error: Blueprint Runtime Error: "Accessed None trying to read property CallFunc_Array_Get_Item". Blueprint:  Zhian_BP Function:  Steering Wheel Update Graph:  Steering Wheel Update Node:  Set Steering Angle
[2023.05.12-12.53.55:575][102]PIE: Error: Blueprint Runtime Error: "Accessed None trying to read property CallFunc_Array_Get_Item_1". Blueprint:  Zhian_BP Function:  Steering Wheel Update Graph:  Steering Wheel Update Node:  Set Steering Angle
[2023.05.12-12.53.55:590][103]LogScript: Warning: Script Msg: Attempted to access index 0 from array 'Wheels' of length 0 in '/Script/PhysXVehicles.WheeledVehicleMovementComponent'!
[2023.05.12-12.53.55:590][103]LogScript: Warning: Script Msg: Attempted to access index 1 from array 'Wheels' of length 0 in '/Script/PhysXVehicles.WheeledVehicleMovementComponent'!
[2023.05.12-12.53.55:590][103]PIE: Error: Blueprint Runtime Error: "Accessed None trying to read property CallFunc_Array_Get_Item". Blueprint:  Zhian_BP Function:  Steering Wheel Update Graph:  Steering Wheel Update Node:  Set Steering Angle
[2023.05.12-12.53.55:590][103]PIE: Error: Blueprint Runtime Error: "Accessed None trying to read property CallFunc_Array_Get_Item_1". Blueprint:  Zhian_BP Function:  Steering Wheel Update Graph:  Steering Wheel Update Node:  Set Steering Angle
[2023.05.12-12.53.55:607][104]LogScript: Warning: Script Msg: Attempted to access index 0 from array 'Wheels' of length 0 in '/Script/PhysXVehicles.WheeledVehicleMovementComponent'!
[2023.05.12-12.53.55:607][104]LogScript: Warning: Script Msg: Attempted to access index 1 from array 'Wheels' of length 0 in '/Script/PhysXVehicles.WheeledVehicleMovementComponent'!
[2023.05.12-12.53.55:607][104]PIE: Error: Blueprint Runtime Error: "Accessed None trying to read property CallFunc_Array_Get_Item". Blueprint:  Zhian_BP Function:  Steering Wheel Update Graph:  Steering Wheel Update Node:  Set Steering Angle
[2023.05.12-12.53.55:607][104]PIE: Error: Blueprint Runtime Error: "Accessed None trying to read property CallFunc_Array_Get_Item_1". Blueprint:  Zhian_BP Function:  Steering Wheel Update Graph:  Steering Wheel Update Node:  Set Steering Angle
[2023.05.12-12.53.55:624][105]LogScript: Warning: Script Msg: Attempted to access index 0 from array 'Wheels' of length 0 in '/Script/PhysXVehicles.WheeledVehicleMovementComponent'!
[2023.05.12-12.53.55:624][105]LogScript: Warning: Script Msg: Attempted to access index 1 from array 'Wheels' of length 0 in '/Script/PhysXVehicles.WheeledVehicleMovementComponent'!
[2023.05.12-12.53.55:624][105]PIE: Error: Blueprint Runtime Error: "Accessed None trying to read property CallFunc_Array_Get_Item". Blueprint:  Zhian_BP Function:  Steering Wheel Update Graph:  Steering Wheel Update Node:  Set Steering Angle
[2023.05.12-12.53.55:624][105]PIE: Error: Blueprint Runtime Error: "Accessed None trying to read property CallFunc_Array_Get_Item_1". Blueprint:  Zhian_BP Function:  Steering Wheel Update Graph:  Steering Wheel Update Node:  Set Steering Angle
[2023.05.12-12.53.55:641][106]LogScript: Warning: Script Msg: Attempted to access index 0 from array 'Wheels' of length 0 in '/Script/PhysXVehicles.WheeledVehicleMovementComponent'!
[2023.05.12-12.53.55:641][106]LogScript: Warning: Script Msg: Attempted to access index 1 from array 'Wheels' of length 0 in '/Script/PhysXVehicles.WheeledVehicleMovementComponent'!
[2023.05.12-12.53.55:641][106]PIE: Error: Blueprint Runtime Error: "Accessed None trying to read property CallFunc_Array_Get_Item". Blueprint:  Zhian_BP Function:  Steering Wheel Update Graph:  Steering Wheel Update Node:  Set Steering Angle
[2023.05.12-12.53.55:641][106]PIE: Error: Blueprint Runtime Error: "Accessed None trying to read property CallFunc_Array_Get_Item_1". Blueprint:  Zhian_BP Function:  Steering Wheel Update Graph:  Steering Wheel Update Node:  Set Steering Angle
[2023.05.12-12.53.55:657][107]LogScript: Warning: Script Msg: Attempted to access index 0 from array 'Wheels' of length 0 in '/Script/PhysXVehicles.WheeledVehicleMovementComponent'!
[2023.05.12-12.53.55:657][107]LogScript: Warning: Script Msg: Attempted to access index 1 from array 'Wheels' of length 0 in '/Script/PhysXVehicles.WheeledVehicleMovementComponent'!
[2023.05.12-12.53.55:658][107]PIE: Error: Blueprint Runtime Error: "Accessed None trying to read property CallFunc_Array_Get_Item". Blueprint:  Zhian_BP Function:  Steering Wheel Update Graph:  Steering Wheel Update Node:  Set Steering Angle
[2023.05.12-12.53.55:658][107]PIE: Error: Blueprint Runtime Error: "Accessed None trying to read property CallFunc_Array_Get_Item_1". Blueprint:  Zhian_BP Function:  Steering Wheel Update Graph:  Steering Wheel Update Node:  Set Steering Angle
[2023.05.12-12.53.55:674][108]LogScript: Warning: Script Msg: Attempted to access index 0 from array 'Wheels' of length 0 in '/Script/PhysXVehicles.WheeledVehicleMovementComponent'!
[2023.05.12-12.53.55:674][108]LogScript: Warning: Script Msg: Attempted to access index 1 from array 'Wheels' of length 0 in '/Script/PhysXVehicles.WheeledVehicleMovementComponent'!
[2023.05.12-12.53.55:675][108]PIE: Error: Blueprint Runtime Error: "Accessed None trying to read property CallFunc_Array_Get_Item". Blueprint:  Zhian_BP Function:  Steering Wheel Update Graph:  Steering Wheel Update Node:  Set Steering Angle
[2023.05.12-12.53.55:675][108]PIE: Error: Blueprint Runtime Error: "Accessed None trying to read property CallFunc_Array_Get_Item_1". Blueprint:  Zhian_BP Function:  Steering Wheel Update Graph:  Steering Wheel Update Node:  Set Steering Angle
[2023.05.12-12.53.55:690][109]LogScript: Warning: Script Msg: Attempted to access index 0 from array 'Wheels' of length 0 in '/Script/PhysXVehicles.WheeledVehicleMovementComponent'!
[2023.05.12-12.53.55:690][109]LogScript: Warning: Script Msg: Attempted to access index 1 from array 'Wheels' of length 0 in '/Script/PhysXVehicles.WheeledVehicleMovementComponent'!
[2023.05.12-12.53.55:690][109]PIE: Error: Blueprint Runtime Error: "Accessed None trying to read property CallFunc_Array_Get_Item". Blueprint:  Zhian_BP Function:  Steering Wheel Update Graph:  Steering Wheel Update Node:  Set Steering Angle
[2023.05.12-12.53.55:691][109]PIE: Error: Blueprint Runtime Error: "Accessed None trying to read property CallFunc_Array_Get_Item_1". Blueprint:  Zhian_BP Function:  Steering Wheel Update Graph:  Steering Wheel Update Node:  Set Steering Angle
[2023.05.12-12.53.55:707][110]LogScript: Warning: Script Msg: Attempted to access index 0 from array 'Wheels' of length 0 in '/Script/PhysXVehicles.WheeledVehicleMovementComponent'!
[2023.05.12-12.53.55:707][110]LogScript: Warning: Script Msg: Attempted to access index 1 from array 'Wheels' of length 0 in '/Script/PhysXVehicles.WheeledVehicleMovementComponent'!
[2023.05.12-12.53.55:707][110]PIE: Error: Blueprint Runtime Error: "Accessed None trying to read property CallFunc_Array_Get_Item". Blueprint:  Zhian_BP Function:  Steering Wheel Update Graph:  Steering Wheel Update Node:  Set Steering Angle
[2023.05.12-12.53.55:707][110]PIE: Error: Blueprint Runtime Error: "Accessed None trying to read property CallFunc_Array_Get_Item_1". Blueprint:  Zhian_BP Function:  Steering Wheel Update Graph:  Steering Wheel Update Node:  Set Steering Angle
[2023.05.12-12.53.55:723][111]LogScript: Warning: Script Msg: Attempted to access index 0 from array 'Wheels' of length 0 in '/Script/PhysXVehicles.WheeledVehicleMovementComponent'!
[2023.05.12-12.53.55:724][111]LogScript: Warning: Script Msg: Attempted to access index 1 from array 'Wheels' of length 0 in '/Script/PhysXVehicles.WheeledVehicleMovementComponent'!
[2023.05.12-12.53.55:724][111]PIE: Error: Blueprint Runtime Error: "Accessed None trying to read property CallFunc_Array_Get_Item". Blueprint:  Zhian_BP Function:  Steering Wheel Update Graph:  Steering Wheel Update Node:  Set Steering Angle
[2023.05.12-12.53.55:724][111]PIE: Error: Blueprint Runtime Error: "Accessed None trying to read property CallFunc_Array_Get_Item_1". Blueprint:  Zhian_BP Function:  Steering Wheel Update Graph:  Steering Wheel Update Node:  Set Steering Angle
[2023.05.12-12.53.55:740][112]LogScript: Warning: Script Msg: Attempted to access index 0 from array 'Wheels' of length 0 in '/Script/PhysXVehicles.WheeledVehicleMovementComponent'!
[2023.05.12-12.53.55:740][112]LogScript: Warning: Script Msg: Attempted to access index 1 from array 'Wheels' of length 0 in '/Script/PhysXVehicles.WheeledVehicleMovementComponent'!
[2023.05.12-12.53.55:740][112]PIE: Error: Blueprint Runtime Error: "Accessed None trying to read property CallFunc_Array_Get_Item". Blueprint:  Zhian_BP Function:  Steering Wheel Update Graph:  Steering Wheel Update Node:  Set Steering Angle
[2023.05.12-12.53.55:740][112]PIE: Error: Blueprint Runtime Error: "Accessed None trying to read property CallFunc_Array_Get_Item_1". Blueprint:  Zhian_BP Function:  Steering Wheel Update Graph:  Steering Wheel Update Node:  Set Steering Angle
[2023.05.12-12.53.55:757][113]LogScript: Warning: Script Msg: Attempted to access index 0 from array 'Wheels' of length 0 in '/Script/PhysXVehicles.WheeledVehicleMovementComponent'!
[2023.05.12-12.53.55:757][113]LogScript: Warning: Script Msg: Attempted to access index 1 from array 'Wheels' of length 0 in '/Script/PhysXVehicles.WheeledVehicleMovementComponent'!
[2023.05.12-12.53.55:757][113]PIE: Error: Blueprint Runtime Error: "Accessed None trying to read property CallFunc_Array_Get_Item". Blueprint:  Zhian_BP Function:  Steering Wheel Update Graph:  Steering Wheel Update Node:  Set Steering Angle
[2023.05.12-12.53.55:757][113]PIE: Error: Blueprint Runtime Error: "Accessed None trying to read property CallFunc_Array_Get_Item_1". Blueprint:  Zhian_BP Function:  Steering Wheel Update Graph:  Steering Wheel Update Node:  Set Steering Angle
[2023.05.12-12.53.55:773][114]LogScript: Warning: Script Msg: Attempted to access index 0 from array 'Wheels' of length 0 in '/Script/PhysXVehicles.WheeledVehicleMovementComponent'!
[2023.05.12-12.53.55:773][114]LogScript: Warning: Script Msg: Attempted to access index 1 from array 'Wheels' of length 0 in '/Script/PhysXVehicles.WheeledVehicleMovementComponent'!
[2023.05.12-12.53.55:773][114]PIE: Error: Blueprint Runtime Error: "Accessed None trying to read property CallFunc_Array_Get_Item". Blueprint:  Zhian_BP Function:  Steering Wheel Update Graph:  Steering Wheel Update Node:  Set Steering Angle
[2023.05.12-12.53.55:773][114]PIE: Error: Blueprint Runtime Error: "Accessed None trying to read property CallFunc_Array_Get_Item_1". Blueprint:  Zhian_BP Function:  Steering Wheel Update Graph:  Steering Wheel Update Node:  Set Steering Angle
[2023.05.12-12.53.55:790][115]LogScript: Warning: Script Msg: Attempted to access index 0 from array 'Wheels' of length 0 in '/Script/PhysXVehicles.WheeledVehicleMovementComponent'!
[2023.05.12-12.53.55:790][115]LogScript: Warning: Script Msg: Attempted to access index 1 from array 'Wheels' of length 0 in '/Script/PhysXVehicles.WheeledVehicleMovementComponent'!
[2023.05.12-12.53.55:790][115]PIE: Error: Blueprint Runtime Error: "Accessed None trying to read property CallFunc_Array_Get_Item". Blueprint:  Zhian_BP Function:  Steering Wheel Update Graph:  Steering Wheel Update Node:  Set Steering Angle
[2023.05.12-12.53.55:791][115]PIE: Error: Blueprint Runtime Error: "Accessed None trying to read property CallFunc_Array_Get_Item_1". Blueprint:  Zhian_BP Function:  Steering Wheel Update Graph:  Steering Wheel Update Node:  Set Steering Angle
[2023.05.12-12.53.55:807][116]LogScript: Warning: Script Msg: Attempted to access index 0 from array 'Wheels' of length 0 in '/Script/PhysXVehicles.WheeledVehicleMovementComponent'!
[2023.05.12-12.53.55:807][116]LogScript: Warning: Script Msg: Attempted to access index 1 from array 'Wheels' of length 0 in '/Script/PhysXVehicles.WheeledVehicleMovementComponent'!
[2023.05.12-12.53.55:807][116]PIE: Error: Blueprint Runtime Error: "Accessed None trying to read property CallFunc_Array_Get_Item". Blueprint:  Zhian_BP Function:  Steering Wheel Update Graph:  Steering Wheel Update Node:  Set Steering Angle
[2023.05.12-12.53.55:807][116]PIE: Error: Blueprint Runtime Error: "Accessed None trying to read property CallFunc_Array_Get_Item_1". Blueprint:  Zhian_BP Function:  Steering Wheel Update Graph:  Steering Wheel Update Node:  Set Steering Angle
[2023.05.12-12.53.55:823][117]LogScript: Warning: Script Msg: Attempted to access index 0 from array 'Wheels' of length 0 in '/Script/PhysXVehicles.WheeledVehicleMovementComponent'!
[2023.05.12-12.53.55:823][117]LogScript: Warning: Script Msg: Attempted to access index 1 from array 'Wheels' of length 0 in '/Script/PhysXVehicles.WheeledVehicleMovementComponent'!
[2023.05.12-12.53.55:823][117]PIE: Error: Blueprint Runtime Error: "Accessed None trying to read property CallFunc_Array_Get_Item". Blueprint:  Zhian_BP Function:  Steering Wheel Update Graph:  Steering Wheel Update Node:  Set Steering Angle
[2023.05.12-12.53.55:824][117]PIE: Error: Blueprint Runtime Error: "Accessed None trying to read property CallFunc_Array_Get_Item_1". Blueprint:  Zhian_BP Function:  Steering Wheel Update Graph:  Steering Wheel Update Node:  Set Steering Angle
[2023.05.12-12.53.55:840][118]LogScript: Warning: Script Msg: Attempted to access index 0 from array 'Wheels' of length 0 in '/Script/PhysXVehicles.WheeledVehicleMovementComponent'!
[2023.05.12-12.53.55:840][118]LogScript: Warning: Script Msg: Attempted to access index 1 from array 'Wheels' of length 0 in '/Script/PhysXVehicles.WheeledVehicleMovementComponent'!
[2023.05.12-12.53.55:840][118]PIE: Error: Blueprint Runtime Error: "Accessed None trying to read property CallFunc_Array_Get_Item". Blueprint:  Zhian_BP Function:  Steering Wheel Update Graph:  Steering Wheel Update Node:  Set Steering Angle
[2023.05.12-12.53.55:840][118]PIE: Error: Blueprint Runtime Error: "Accessed None trying to read property CallFunc_Array_Get_Item_1". Blueprint:  Zhian_BP Function:  Steering Wheel Update Graph:  Steering Wheel Update Node:  Set Steering Angle
[2023.05.12-12.53.55:856][119]LogScript: Warning: Script Msg: Attempted to access index 0 from array 'Wheels' of length 0 in '/Script/PhysXVehicles.WheeledVehicleMovementComponent'!
[2023.05.12-12.53.55:856][119]LogScript: Warning: Script Msg: Attempted to access index 1 from array 'Wheels' of length 0 in '/Script/PhysXVehicles.WheeledVehicleMovementComponent'!
[2023.05.12-12.53.55:856][119]PIE: Error: Blueprint Runtime Error: "Accessed None trying to read property CallFunc_Array_Get_Item". Blueprint:  Zhian_BP Function:  Steering Wheel Update Graph:  Steering Wheel Update Node:  Set Steering Angle
[2023.05.12-12.53.55:857][119]PIE: Error: Blueprint Runtime Error: "Accessed None trying to read property CallFunc_Array_Get_Item_1". Blueprint:  Zhian_BP Function:  Steering Wheel Update Graph:  Steering Wheel Update Node:  Set Steering Angle
[2023.05.12-12.53.55:873][120]LogScript: Warning: Script Msg: Attempted to access index 0 from array 'Wheels' of length 0 in '/Script/PhysXVehicles.WheeledVehicleMovementComponent'!
[2023.05.12-12.53.55:873][120]LogScript: Warning: Script Msg: Attempted to access index 1 from array 'Wheels' of length 0 in '/Script/PhysXVehicles.WheeledVehicleMovementComponent'!
[2023.05.12-12.53.55:874][120]PIE: Error: Blueprint Runtime Error: "Accessed None trying to read property CallFunc_Array_Get_Item". Blueprint:  Zhian_BP Function:  Steering Wheel Update Graph:  Steering Wheel Update Node:  Set Steering Angle
[2023.05.12-12.53.55:874][120]PIE: Error: Blueprint Runtime Error: "Accessed None trying to read property CallFunc_Array_Get_Item_1". Blueprint:  Zhian_BP Function:  Steering Wheel Update Graph:  Steering Wheel Update Node:  Set Steering Angle
[2023.05.12-12.53.55:890][121]LogScript: Warning: Script Msg: Attempted to access index 0 from array 'Wheels' of length 0 in '/Script/PhysXVehicles.WheeledVehicleMovementComponent'!
[2023.05.12-12.53.55:891][121]LogScript: Warning: Script Msg: Attempted to access index 1 from array 'Wheels' of length 0 in '/Script/PhysXVehicles.WheeledVehicleMovementComponent'!
[2023.05.12-12.53.55:891][121]PIE: Error: Blueprint Runtime Error: "Accessed None trying to read property CallFunc_Array_Get_Item". Blueprint:  Zhian_BP Function:  Steering Wheel Update Graph:  Steering Wheel Update Node:  Set Steering Angle
[2023.05.12-12.53.55:891][121]PIE: Error: Blueprint Runtime Error: "Accessed None trying to read property CallFunc_Array_Get_Item_1". Blueprint:  Zhian_BP Function:  Steering Wheel Update Graph:  Steering Wheel Update Node:  Set Steering Angle
[2023.05.12-12.53.55:907][122]LogScript: Warning: Script Msg: Attempted to access index 0 from array 'Wheels' of length 0 in '/Script/PhysXVehicles.WheeledVehicleMovementComponent'!
[2023.05.12-12.53.55:907][122]LogScript: Warning: Script Msg: Attempted to access index 1 from array 'Wheels' of length 0 in '/Script/PhysXVehicles.WheeledVehicleMovementComponent'!
[2023.05.12-12.53.55:907][122]PIE: Error: Blueprint Runtime Error: "Accessed None trying to read property CallFunc_Array_Get_Item". Blueprint:  Zhian_BP Function:  Steering Wheel Update Graph:  Steering Wheel Update Node:  Set Steering Angle
[2023.05.12-12.53.55:907][122]PIE: Error: Blueprint Runtime Error: "Accessed None trying to read property CallFunc_Array_Get_Item_1". Blueprint:  Zhian_BP Function:  Steering Wheel Update Graph:  Steering Wheel Update Node:  Set Steering Angle
[2023.05.12-12.53.55:923][123]LogScript: Warning: Script Msg: Attempted to access index 0 from array 'Wheels' of length 0 in '/Script/PhysXVehicles.WheeledVehicleMovementComponent'!
[2023.05.12-12.53.55:923][123]LogScript: Warning: Script Msg: Attempted to access index 1 from array 'Wheels' of length 0 in '/Script/PhysXVehicles.WheeledVehicleMovementComponent'!
[2023.05.12-12.53.55:923][123]PIE: Error: Blueprint Runtime Error: "Accessed None trying to read property CallFunc_Array_Get_Item". Blueprint:  Zhian_BP Function:  Steering Wheel Update Graph:  Steering Wheel Update Node:  Set Steering Angle
[2023.05.12-12.53.55:923][123]PIE: Error: Blueprint Runtime Error: "Accessed None trying to read property CallFunc_Array_Get_Item_1". Blueprint:  Zhian_BP Function:  Steering Wheel Update Graph:  Steering Wheel Update Node:  Set Steering Angle
[2023.05.12-12.53.55:940][124]LogScript: Warning: Script Msg: Attempted to access index 0 from array 'Wheels' of length 0 in '/Script/PhysXVehicles.WheeledVehicleMovementComponent'!
[2023.05.12-12.53.55:940][124]LogScript: Warning: Script Msg: Attempted to access index 1 from array 'Wheels' of length 0 in '/Script/PhysXVehicles.WheeledVehicleMovementComponent'!
[2023.05.12-12.53.55:940][124]PIE: Error: Blueprint Runtime Error: "Accessed None trying to read property CallFunc_Array_Get_Item". Blueprint:  Zhian_BP Function:  Steering Wheel Update Graph:  Steering Wheel Update Node:  Set Steering Angle
[2023.05.12-12.53.55:940][124]PIE: Error: Blueprint Runtime Error: "Accessed None trying to read property CallFunc_Array_Get_Item_1". Blueprint:  Zhian_BP Function:  Steering Wheel Update Graph:  Steering Wheel Update Node:  Set Steering Angle
[2023.05.12-12.53.55:957][125]LogScript: Warning: Script Msg: Attempted to access index 0 from array 'Wheels' of length 0 in '/Script/PhysXVehicles.WheeledVehicleMovementComponent'!
[2023.05.12-12.53.55:957][125]LogScript: Warning: Script Msg: Attempted to access index 1 from array 'Wheels' of length 0 in '/Script/PhysXVehicles.WheeledVehicleMovementComponent'!
[2023.05.12-12.53.55:957][125]PIE: Error: Blueprint Runtime Error: "Accessed None trying to read property CallFunc_Array_Get_Item". Blueprint:  Zhian_BP Function:  Steering Wheel Update Graph:  Steering Wheel Update Node:  Set Steering Angle
[2023.05.12-12.53.55:957][125]PIE: Error: Blueprint Runtime Error: "Accessed None trying to read property CallFunc_Array_Get_Item_1". Blueprint:  Zhian_BP Function:  Steering Wheel Update Graph:  Steering Wheel Update Node:  Set Steering Angle
[2023.05.12-12.53.55:973][126]LogScript: Warning: Script Msg: Attempted to access index 0 from array 'Wheels' of length 0 in '/Script/PhysXVehicles.WheeledVehicleMovementComponent'!
[2023.05.12-12.53.55:973][126]LogScript: Warning: Script Msg: Attempted to access index 1 from array 'Wheels' of length 0 in '/Script/PhysXVehicles.WheeledVehicleMovementComponent'!
[2023.05.12-12.53.55:973][126]PIE: Error: Blueprint Runtime Error: "Accessed None trying to read property CallFunc_Array_Get_Item". Blueprint:  Zhian_BP Function:  Steering Wheel Update Graph:  Steering Wheel Update Node:  Set Steering Angle
[2023.05.12-12.53.55:973][126]PIE: Error: Blueprint Runtime Error: "Accessed None trying to read property CallFunc_Array_Get_Item_1". Blueprint:  Zhian_BP Function:  Steering Wheel Update Graph:  Steering Wheel Update Node:  Set Steering Angle
[2023.05.12-12.53.55:990][127]LogScript: Warning: Script Msg: Attempted to access index 0 from array 'Wheels' of length 0 in '/Script/PhysXVehicles.WheeledVehicleMovementComponent'!
[2023.05.12-12.53.55:990][127]LogScript: Warning: Script Msg: Attempted to access index 1 from array 'Wheels' of length 0 in '/Script/PhysXVehicles.WheeledVehicleMovementComponent'!
[2023.05.12-12.53.55:990][127]PIE: Error: Blueprint Runtime Error: "Accessed None trying to read property CallFunc_Array_Get_Item". Blueprint:  Zhian_BP Function:  Steering Wheel Update Graph:  Steering Wheel Update Node:  Set Steering Angle
[2023.05.12-12.53.55:991][127]PIE: Error: Blueprint Runtime Error: "Accessed None trying to read property CallFunc_Array_Get_Item_1". Blueprint:  Zhian_BP Function:  Steering Wheel Update Graph:  Steering Wheel Update Node:  Set Steering Angle
[2023.05.12-12.53.56:007][128]LogScript: Warning: Script Msg: Attempted to access index 0 from array 'Wheels' of length 0 in '/Script/PhysXVehicles.WheeledVehicleMovementComponent'!
[2023.05.12-12.53.56:007][128]LogScript: Warning: Script Msg: Attempted to access index 1 from array 'Wheels' of length 0 in '/Script/PhysXVehicles.WheeledVehicleMovementComponent'!
[2023.05.12-12.53.56:007][128]PIE: Error: Blueprint Runtime Error: "Accessed None trying to read property CallFunc_Array_Get_Item". Blueprint:  Zhian_BP Function:  Steering Wheel Update Graph:  Steering Wheel Update Node:  Set Steering Angle
[2023.05.12-12.53.56:007][128]PIE: Error: Blueprint Runtime Error: "Accessed None trying to read property CallFunc_Array_Get_Item_1". Blueprint:  Zhian_BP Function:  Steering Wheel Update Graph:  Steering Wheel Update Node:  Set Steering Angle
[2023.05.12-12.53.56:026][129]LogScript: Warning: Script Msg: Attempted to access index 0 from array 'Wheels' of length 0 in '/Script/PhysXVehicles.WheeledVehicleMovementComponent'!
[2023.05.12-12.53.56:026][129]LogScript: Warning: Script Msg: Attempted to access index 1 from array 'Wheels' of length 0 in '/Script/PhysXVehicles.WheeledVehicleMovementComponent'!
[2023.05.12-12.53.56:026][129]PIE: Error: Blueprint Runtime Error: "Accessed None trying to read property CallFunc_Array_Get_Item". Blueprint:  Zhian_BP Function:  Steering Wheel Update Graph:  Steering Wheel Update Node:  Set Steering Angle
[2023.05.12-12.53.56:026][129]PIE: Error: Blueprint Runtime Error: "Accessed None trying to read property CallFunc_Array_Get_Item_1". Blueprint:  Zhian_BP Function:  Steering Wheel Update Graph:  Steering Wheel Update Node:  Set Steering Angle
[2023.05.12-12.53.56:047][130]LogScript: Warning: Script Msg: Attempted to access index 0 from array 'Wheels' of length 0 in '/Script/PhysXVehicles.WheeledVehicleMovementComponent'!
[2023.05.12-12.53.56:047][130]LogScript: Warning: Script Msg: Attempted to access index 1 from array 'Wheels' of length 0 in '/Script/PhysXVehicles.WheeledVehicleMovementComponent'!
[2023.05.12-12.53.56:048][130]PIE: Error: Blueprint Runtime Error: "Accessed None trying to read property CallFunc_Array_Get_Item". Blueprint:  Zhian_BP Function:  Steering Wheel Update Graph:  Steering Wheel Update Node:  Set Steering Angle
[2023.05.12-12.53.56:048][130]PIE: Error: Blueprint Runtime Error: "Accessed None trying to read property CallFunc_Array_Get_Item_1". Blueprint:  Zhian_BP Function:  Steering Wheel Update Graph:  Steering Wheel Update Node:  Set Steering Angle
[2023.05.12-12.53.56:060][131]LogScript: Warning: Script Msg: Attempted to access index 0 from array 'Wheels' of length 0 in '/Script/PhysXVehicles.WheeledVehicleMovementComponent'!
[2023.05.12-12.53.56:060][131]LogScript: Warning: Script Msg: Attempted to access index 1 from array 'Wheels' of length 0 in '/Script/PhysXVehicles.WheeledVehicleMovementComponent'!
[2023.05.12-12.53.56:060][131]PIE: Error: Blueprint Runtime Error: "Accessed None trying to read property CallFunc_Array_Get_Item". Blueprint:  Zhian_BP Function:  Steering Wheel Update Graph:  Steering Wheel Update Node:  Set Steering Angle
[2023.05.12-12.53.56:060][131]PIE: Error: Blueprint Runtime Error: "Accessed None trying to read property CallFunc_Array_Get_Item_1". Blueprint:  Zhian_BP Function:  Steering Wheel Update Graph:  Steering Wheel Update Node:  Set Steering Angle
[2023.05.12-12.53.56:073][132]LogScript: Warning: Script Msg: Attempted to access index 0 from array 'Wheels' of length 0 in '/Script/PhysXVehicles.WheeledVehicleMovementComponent'!
[2023.05.12-12.53.56:073][132]LogScript: Warning: Script Msg: Attempted to access index 1 from array 'Wheels' of length 0 in '/Script/PhysXVehicles.WheeledVehicleMovementComponent'!
[2023.05.12-12.53.56:073][132]PIE: Error: Blueprint Runtime Error: "Accessed None trying to read property CallFunc_Array_Get_Item". Blueprint:  Zhian_BP Function:  Steering Wheel Update Graph:  Steering Wheel Update Node:  Set Steering Angle
[2023.05.12-12.53.56:073][132]PIE: Error: Blueprint Runtime Error: "Accessed None trying to read property CallFunc_Array_Get_Item_1". Blueprint:  Zhian_BP Function:  Steering Wheel Update Graph:  Steering Wheel Update Node:  Set Steering Angle
[2023.05.12-12.53.56:091][133]LogScript: Warning: Script Msg: Attempted to access index 0 from array 'Wheels' of length 0 in '/Script/PhysXVehicles.WheeledVehicleMovementComponent'!
[2023.05.12-12.53.56:091][133]LogScript: Warning: Script Msg: Attempted to access index 1 from array 'Wheels' of length 0 in '/Script/PhysXVehicles.WheeledVehicleMovementComponent'!
[2023.05.12-12.53.56:091][133]PIE: Error: Blueprint Runtime Error: "Accessed None trying to read property CallFunc_Array_Get_Item". Blueprint:  Zhian_BP Function:  Steering Wheel Update Graph:  Steering Wheel Update Node:  Set Steering Angle
[2023.05.12-12.53.56:091][133]PIE: Error: Blueprint Runtime Error: "Accessed None trying to read property CallFunc_Array_Get_Item_1". Blueprint:  Zhian_BP Function:  Steering Wheel Update Graph:  Steering Wheel Update Node:  Set Steering Angle
[2023.05.12-12.53.56:107][134]LogScript: Warning: Script Msg: Attempted to access index 0 from array 'Wheels' of length 0 in '/Script/PhysXVehicles.WheeledVehicleMovementComponent'!
[2023.05.12-12.53.56:107][134]LogScript: Warning: Script Msg: Attempted to access index 1 from array 'Wheels' of length 0 in '/Script/PhysXVehicles.WheeledVehicleMovementComponent'!
[2023.05.12-12.53.56:107][134]PIE: Error: Blueprint Runtime Error: "Accessed None trying to read property CallFunc_Array_Get_Item". Blueprint:  Zhian_BP Function:  Steering Wheel Update Graph:  Steering Wheel Update Node:  Set Steering Angle
[2023.05.12-12.53.56:107][134]PIE: Error: Blueprint Runtime Error: "Accessed None trying to read property CallFunc_Array_Get_Item_1". Blueprint:  Zhian_BP Function:  Steering Wheel Update Graph:  Steering Wheel Update Node:  Set Steering Angle
[2023.05.12-12.53.56:123][135]LogScript: Warning: Script Msg: Attempted to access index 0 from array 'Wheels' of length 0 in '/Script/PhysXVehicles.WheeledVehicleMovementComponent'!
[2023.05.12-12.53.56:123][135]LogScript: Warning: Script Msg: Attempted to access index 1 from array 'Wheels' of length 0 in '/Script/PhysXVehicles.WheeledVehicleMovementComponent'!
[2023.05.12-12.53.56:123][135]PIE: Error: Blueprint Runtime Error: "Accessed None trying to read property CallFunc_Array_Get_Item". Blueprint:  Zhian_BP Function:  Steering Wheel Update Graph:  Steering Wheel Update Node:  Set Steering Angle
[2023.05.12-12.53.56:123][135]PIE: Error: Blueprint Runtime Error: "Accessed None trying to read property CallFunc_Array_Get_Item_1". Blueprint:  Zhian_BP Function:  Steering Wheel Update Graph:  Steering Wheel Update Node:  Set Steering Angle
[2023.05.12-12.53.56:140][136]LogScript: Warning: Script Msg: Attempted to access index 0 from array 'Wheels' of length 0 in '/Script/PhysXVehicles.WheeledVehicleMovementComponent'!
[2023.05.12-12.53.56:140][136]LogScript: Warning: Script Msg: Attempted to access index 1 from array 'Wheels' of length 0 in '/Script/PhysXVehicles.WheeledVehicleMovementComponent'!
[2023.05.12-12.53.56:140][136]PIE: Error: Blueprint Runtime Error: "Accessed None trying to read property CallFunc_Array_Get_Item". Blueprint:  Zhian_BP Function:  Steering Wheel Update Graph:  Steering Wheel Update Node:  Set Steering Angle
[2023.05.12-12.53.56:140][136]PIE: Error: Blueprint Runtime Error: "Accessed None trying to read property CallFunc_Array_Get_Item_1". Blueprint:  Zhian_BP Function:  Steering Wheel Update Graph:  Steering Wheel Update Node:  Set Steering Angle
[2023.05.12-12.53.56:157][137]LogScript: Warning: Script Msg: Attempted to access index 0 from array 'Wheels' of length 0 in '/Script/PhysXVehicles.WheeledVehicleMovementComponent'!
[2023.05.12-12.53.56:157][137]LogScript: Warning: Script Msg: Attempted to access index 1 from array 'Wheels' of length 0 in '/Script/PhysXVehicles.WheeledVehicleMovementComponent'!
[2023.05.12-12.53.56:157][137]PIE: Error: Blueprint Runtime Error: "Accessed None trying to read property CallFunc_Array_Get_Item". Blueprint:  Zhian_BP Function:  Steering Wheel Update Graph:  Steering Wheel Update Node:  Set Steering Angle
[2023.05.12-12.53.56:157][137]PIE: Error: Blueprint Runtime Error: "Accessed None trying to read property CallFunc_Array_Get_Item_1". Blueprint:  Zhian_BP Function:  Steering Wheel Update Graph:  Steering Wheel Update Node:  Set Steering Angle
[2023.05.12-12.53.56:173][138]LogScript: Warning: Script Msg: Attempted to access index 0 from array 'Wheels' of length 0 in '/Script/PhysXVehicles.WheeledVehicleMovementComponent'!
[2023.05.12-12.53.56:173][138]LogScript: Warning: Script Msg: Attempted to access index 1 from array 'Wheels' of length 0 in '/Script/PhysXVehicles.WheeledVehicleMovementComponent'!
[2023.05.12-12.53.56:173][138]PIE: Error: Blueprint Runtime Error: "Accessed None trying to read property CallFunc_Array_Get_Item". Blueprint:  Zhian_BP Function:  Steering Wheel Update Graph:  Steering Wheel Update Node:  Set Steering Angle
[2023.05.12-12.53.56:174][138]PIE: Error: Blueprint Runtime Error: "Accessed None trying to read property CallFunc_Array_Get_Item_1". Blueprint:  Zhian_BP Function:  Steering Wheel Update Graph:  Steering Wheel Update Node:  Set Steering Angle
[2023.05.12-12.53.56:190][139]LogScript: Warning: Script Msg: Attempted to access index 0 from array 'Wheels' of length 0 in '/Script/PhysXVehicles.WheeledVehicleMovementComponent'!
[2023.05.12-12.53.56:191][139]LogScript: Warning: Script Msg: Attempted to access index 1 from array 'Wheels' of length 0 in '/Script/PhysXVehicles.WheeledVehicleMovementComponent'!
[2023.05.12-12.53.56:191][139]PIE: Error: Blueprint Runtime Error: "Accessed None trying to read property CallFunc_Array_Get_Item". Blueprint:  Zhian_BP Function:  Steering Wheel Update Graph:  Steering Wheel Update Node:  Set Steering Angle
[2023.05.12-12.53.56:191][139]PIE: Error: Blueprint Runtime Error: "Accessed None trying to read property CallFunc_Array_Get_Item_1". Blueprint:  Zhian_BP Function:  Steering Wheel Update Graph:  Steering Wheel Update Node:  Set Steering Angle
[2023.05.12-12.53.56:207][140]LogScript: Warning: Script Msg: Attempted to access index 0 from array 'Wheels' of length 0 in '/Script/PhysXVehicles.WheeledVehicleMovementComponent'!
[2023.05.12-12.53.56:208][140]LogScript: Warning: Script Msg: Attempted to access index 1 from array 'Wheels' of length 0 in '/Script/PhysXVehicles.WheeledVehicleMovementComponent'!
[2023.05.12-12.53.56:208][140]PIE: Error: Blueprint Runtime Error: "Accessed None trying to read property CallFunc_Array_Get_Item". Blueprint:  Zhian_BP Function:  Steering Wheel Update Graph:  Steering Wheel Update Node:  Set Steering Angle
[2023.05.12-12.53.56:208][140]PIE: Error: Blueprint Runtime Error: "Accessed None trying to read property CallFunc_Array_Get_Item_1". Blueprint:  Zhian_BP Function:  Steering Wheel Update Graph:  Steering Wheel Update Node:  Set Steering Angle
[2023.05.12-12.53.56:224][141]LogScript: Warning: Script Msg: Attempted to access index 0 from array 'Wheels' of length 0 in '/Script/PhysXVehicles.WheeledVehicleMovementComponent'!
[2023.05.12-12.53.56:224][141]LogScript: Warning: Script Msg: Attempted to access index 1 from array 'Wheels' of length 0 in '/Script/PhysXVehicles.WheeledVehicleMovementComponent'!
[2023.05.12-12.53.56:224][141]PIE: Error: Blueprint Runtime Error: "Accessed None trying to read property CallFunc_Array_Get_Item". Blueprint:  Zhian_BP Function:  Steering Wheel Update Graph:  Steering Wheel Update Node:  Set Steering Angle
[2023.05.12-12.53.56:224][141]PIE: Error: Blueprint Runtime Error: "Accessed None trying to read property CallFunc_Array_Get_Item_1". Blueprint:  Zhian_BP Function:  Steering Wheel Update Graph:  Steering Wheel Update Node:  Set Steering Angle
[2023.05.12-12.53.56:241][142]LogScript: Warning: Script Msg: Attempted to access index 0 from array 'Wheels' of length 0 in '/Script/PhysXVehicles.WheeledVehicleMovementComponent'!
[2023.05.12-12.53.56:241][142]LogScript: Warning: Script Msg: Attempted to access index 1 from array 'Wheels' of length 0 in '/Script/PhysXVehicles.WheeledVehicleMovementComponent'!
[2023.05.12-12.53.56:241][142]PIE: Error: Blueprint Runtime Error: "Accessed None trying to read property CallFunc_Array_Get_Item". Blueprint:  Zhian_BP Function:  Steering Wheel Update Graph:  Steering Wheel Update Node:  Set Steering Angle
[2023.05.12-12.53.56:241][142]PIE: Error: Blueprint Runtime Error: "Accessed None trying to read property CallFunc_Array_Get_Item_1". Blueprint:  Zhian_BP Function:  Steering Wheel Update Graph:  Steering Wheel Update Node:  Set Steering Angle
[2023.05.12-12.53.56:257][143]LogScript: Warning: Script Msg: Attempted to access index 0 from array 'Wheels' of length 0 in '/Script/PhysXVehicles.WheeledVehicleMovementComponent'!
[2023.05.12-12.53.56:257][143]LogScript: Warning: Script Msg: Attempted to access index 1 from array 'Wheels' of length 0 in '/Script/PhysXVehicles.WheeledVehicleMovementComponent'!
[2023.05.12-12.53.56:257][143]PIE: Error: Blueprint Runtime Error: "Accessed None trying to read property CallFunc_Array_Get_Item". Blueprint:  Zhian_BP Function:  Steering Wheel Update Graph:  Steering Wheel Update Node:  Set Steering Angle
[2023.05.12-12.53.56:257][143]PIE: Error: Blueprint Runtime Error: "Accessed None trying to read property CallFunc_Array_Get_Item_1". Blueprint:  Zhian_BP Function:  Steering Wheel Update Graph:  Steering Wheel Update Node:  Set Steering Angle
[2023.05.12-12.53.56:273][144]LogScript: Warning: Script Msg: Attempted to access index 0 from array 'Wheels' of length 0 in '/Script/PhysXVehicles.WheeledVehicleMovementComponent'!
[2023.05.12-12.53.56:273][144]LogScript: Warning: Script Msg: Attempted to access index 1 from array 'Wheels' of length 0 in '/Script/PhysXVehicles.WheeledVehicleMovementComponent'!
[2023.05.12-12.53.56:273][144]PIE: Error: Blueprint Runtime Error: "Accessed None trying to read property CallFunc_Array_Get_Item". Blueprint:  Zhian_BP Function:  Steering Wheel Update Graph:  Steering Wheel Update Node:  Set Steering Angle
[2023.05.12-12.53.56:273][144]PIE: Error: Blueprint Runtime Error: "Accessed None trying to read property CallFunc_Array_Get_Item_1". Blueprint:  Zhian_BP Function:  Steering Wheel Update Graph:  Steering Wheel Update Node:  Set Steering Angle
[2023.05.12-12.53.56:293][145]LogScript: Warning: Script Msg: Attempted to access index 0 from array 'Wheels' of length 0 in '/Script/PhysXVehicles.WheeledVehicleMovementComponent'!
[2023.05.12-12.53.56:293][145]LogScript: Warning: Script Msg: Attempted to access index 1 from array 'Wheels' of length 0 in '/Script/PhysXVehicles.WheeledVehicleMovementComponent'!
[2023.05.12-12.53.56:293][145]PIE: Error: Blueprint Runtime Error: "Accessed None trying to read property CallFunc_Array_Get_Item". Blueprint:  Zhian_BP Function:  Steering Wheel Update Graph:  Steering Wheel Update Node:  Set Steering Angle
[2023.05.12-12.53.56:293][145]PIE: Error: Blueprint Runtime Error: "Accessed None trying to read property CallFunc_Array_Get_Item_1". Blueprint:  Zhian_BP Function:  Steering Wheel Update Graph:  Steering Wheel Update Node:  Set Steering Angle
[2023.05.12-12.53.56:306][146]LogScript: Warning: Script Msg: Attempted to access index 0 from array 'Wheels' of length 0 in '/Script/PhysXVehicles.WheeledVehicleMovementComponent'!
[2023.05.12-12.53.56:306][146]LogScript: Warning: Script Msg: Attempted to access index 1 from array 'Wheels' of length 0 in '/Script/PhysXVehicles.WheeledVehicleMovementComponent'!
[2023.05.12-12.53.56:306][146]PIE: Error: Blueprint Runtime Error: "Accessed None trying to read property CallFunc_Array_Get_Item". Blueprint:  Zhian_BP Function:  Steering Wheel Update Graph:  Steering Wheel Update Node:  Set Steering Angle
[2023.05.12-12.53.56:306][146]PIE: Error: Blueprint Runtime Error: "Accessed None trying to read property CallFunc_Array_Get_Item_1". Blueprint:  Zhian_BP Function:  Steering Wheel Update Graph:  Steering Wheel Update Node:  Set Steering Angle
[2023.05.12-12.53.56:315][147]LogScript: Warning: Script Msg: Attempted to access index 0 from array 'Wheels' of length 0 in '/Script/PhysXVehicles.WheeledVehicleMovementComponent'!
[2023.05.12-12.53.56:315][147]LogScript: Warning: Script Msg: Attempted to access index 1 from array 'Wheels' of length 0 in '/Script/PhysXVehicles.WheeledVehicleMovementComponent'!
[2023.05.12-12.53.56:315][147]PIE: Error: Blueprint Runtime Error: "Accessed None trying to read property CallFunc_Array_Get_Item". Blueprint:  Zhian_BP Function:  Steering Wheel Update Graph:  Steering Wheel Update Node:  Set Steering Angle
[2023.05.12-12.53.56:315][147]PIE: Error: Blueprint Runtime Error: "Accessed None trying to read property CallFunc_Array_Get_Item_1". Blueprint:  Zhian_BP Function:  Steering Wheel Update Graph:  Steering Wheel Update Node:  Set Steering Angle
[2023.05.12-12.53.56:326][148]LogScript: Warning: Script Msg: Attempted to access index 0 from array 'Wheels' of length 0 in '/Script/PhysXVehicles.WheeledVehicleMovementComponent'!
[2023.05.12-12.53.56:326][148]LogScript: Warning: Script Msg: Attempted to access index 1 from array 'Wheels' of length 0 in '/Script/PhysXVehicles.WheeledVehicleMovementComponent'!
[2023.05.12-12.53.56:326][148]PIE: Error: Blueprint Runtime Error: "Accessed None trying to read property CallFunc_Array_Get_Item". Blueprint:  Zhian_BP Function:  Steering Wheel Update Graph:  Steering Wheel Update Node:  Set Steering Angle
[2023.05.12-12.53.56:326][148]PIE: Error: Blueprint Runtime Error: "Accessed None trying to read property CallFunc_Array_Get_Item_1". Blueprint:  Zhian_BP Function:  Steering Wheel Update Graph:  Steering Wheel Update Node:  Set Steering Angle
[2023.05.12-12.53.56:339][149]LogScript: Warning: Script Msg: Attempted to access index 0 from array 'Wheels' of length 0 in '/Script/PhysXVehicles.WheeledVehicleMovementComponent'!
[2023.05.12-12.53.56:339][149]LogScript: Warning: Script Msg: Attempted to access index 1 from array 'Wheels' of length 0 in '/Script/PhysXVehicles.WheeledVehicleMovementComponent'!
[2023.05.12-12.53.56:339][149]PIE: Error: Blueprint Runtime Error: "Accessed None trying to read property CallFunc_Array_Get_Item". Blueprint:  Zhian_BP Function:  Steering Wheel Update Graph:  Steering Wheel Update Node:  Set Steering Angle
[2023.05.12-12.53.56:340][149]PIE: Error: Blueprint Runtime Error: "Accessed None trying to read property CallFunc_Array_Get_Item_1". Blueprint:  Zhian_BP Function:  Steering Wheel Update Graph:  Steering Wheel Update Node:  Set Steering Angle
[2023.05.12-12.53.56:356][150]LogScript: Warning: Script Msg: Attempted to access index 0 from array 'Wheels' of length 0 in '/Script/PhysXVehicles.WheeledVehicleMovementComponent'!
[2023.05.12-12.53.56:356][150]LogScript: Warning: Script Msg: Attempted to access index 1 from array 'Wheels' of length 0 in '/Script/PhysXVehicles.WheeledVehicleMovementComponent'!
[2023.05.12-12.53.56:356][150]PIE: Error: Blueprint Runtime Error: "Accessed None trying to read property CallFunc_Array_Get_Item". Blueprint:  Zhian_BP Function:  Steering Wheel Update Graph:  Steering Wheel Update Node:  Set Steering Angle
[2023.05.12-12.53.56:356][150]PIE: Error: Blueprint Runtime Error: "Accessed None trying to read property CallFunc_Array_Get_Item_1". Blueprint:  Zhian_BP Function:  Steering Wheel Update Graph:  Steering Wheel Update Node:  Set Steering Angle
[2023.05.12-12.53.56:373][151]LogScript: Warning: Script Msg: Attempted to access index 0 from array 'Wheels' of length 0 in '/Script/PhysXVehicles.WheeledVehicleMovementComponent'!
[2023.05.12-12.53.56:373][151]LogScript: Warning: Script Msg: Attempted to access index 1 from array 'Wheels' of length 0 in '/Script/PhysXVehicles.WheeledVehicleMovementComponent'!
[2023.05.12-12.53.56:373][151]PIE: Error: Blueprint Runtime Error: "Accessed None trying to read property CallFunc_Array_Get_Item". Blueprint:  Zhian_BP Function:  Steering Wheel Update Graph:  Steering Wheel Update Node:  Set Steering Angle
[2023.05.12-12.53.56:373][151]PIE: Error: Blueprint Runtime Error: "Accessed None trying to read property CallFunc_Array_Get_Item_1". Blueprint:  Zhian_BP Function:  Steering Wheel Update Graph:  Steering Wheel Update Node:  Set Steering Angle
[2023.05.12-12.53.56:390][152]LogScript: Warning: Script Msg: Attempted to access index 0 from array 'Wheels' of length 0 in '/Script/PhysXVehicles.WheeledVehicleMovementComponent'!
[2023.05.12-12.53.56:390][152]LogScript: Warning: Script Msg: Attempted to access index 1 from array 'Wheels' of length 0 in '/Script/PhysXVehicles.WheeledVehicleMovementComponent'!
[2023.05.12-12.53.56:390][152]PIE: Error: Blueprint Runtime Error: "Accessed None trying to read property CallFunc_Array_Get_Item". Blueprint:  Zhian_BP Function:  Steering Wheel Update Graph:  Steering Wheel Update Node:  Set Steering Angle
[2023.05.12-12.53.56:390][152]PIE: Error: Blueprint Runtime Error: "Accessed None trying to read property CallFunc_Array_Get_Item_1". Blueprint:  Zhian_BP Function:  Steering Wheel Update Graph:  Steering Wheel Update Node:  Set Steering Angle
[2023.05.12-12.53.56:407][153]LogScript: Warning: Script Msg: Attempted to access index 0 from array 'Wheels' of length 0 in '/Script/PhysXVehicles.WheeledVehicleMovementComponent'!
[2023.05.12-12.53.56:407][153]LogScript: Warning: Script Msg: Attempted to access index 1 from array 'Wheels' of length 0 in '/Script/PhysXVehicles.WheeledVehicleMovementComponent'!
[2023.05.12-12.53.56:407][153]PIE: Error: Blueprint Runtime Error: "Accessed None trying to read property CallFunc_Array_Get_Item". Blueprint:  Zhian_BP Function:  Steering Wheel Update Graph:  Steering Wheel Update Node:  Set Steering Angle
[2023.05.12-12.53.56:407][153]PIE: Error: Blueprint Runtime Error: "Accessed None trying to read property CallFunc_Array_Get_Item_1". Blueprint:  Zhian_BP Function:  Steering Wheel Update Graph:  Steering Wheel Update Node:  Set Steering Angle
[2023.05.12-12.53.56:424][154]LogScript: Warning: Script Msg: Attempted to access index 0 from array 'Wheels' of length 0 in '/Script/PhysXVehicles.WheeledVehicleMovementComponent'!
[2023.05.12-12.53.56:424][154]LogScript: Warning: Script Msg: Attempted to access index 1 from array 'Wheels' of length 0 in '/Script/PhysXVehicles.WheeledVehicleMovementComponent'!
[2023.05.12-12.53.56:424][154]PIE: Error: Blueprint Runtime Error: "Accessed None trying to read property CallFunc_Array_Get_Item". Blueprint:  Zhian_BP Function:  Steering Wheel Update Graph:  Steering Wheel Update Node:  Set Steering Angle
[2023.05.12-12.53.56:424][154]PIE: Error: Blueprint Runtime Error: "Accessed None trying to read property CallFunc_Array_Get_Item_1". Blueprint:  Zhian_BP Function:  Steering Wheel Update Graph:  Steering Wheel Update Node:  Set Steering Angle
[2023.05.12-12.53.56:440][155]LogScript: Warning: Script Msg: Attempted to access index 0 from array 'Wheels' of length 0 in '/Script/PhysXVehicles.WheeledVehicleMovementComponent'!
[2023.05.12-12.53.56:440][155]LogScript: Warning: Script Msg: Attempted to access index 1 from array 'Wheels' of length 0 in '/Script/PhysXVehicles.WheeledVehicleMovementComponent'!
[2023.05.12-12.53.56:440][155]PIE: Error: Blueprint Runtime Error: "Accessed None trying to read property CallFunc_Array_Get_Item". Blueprint:  Zhian_BP Function:  Steering Wheel Update Graph:  Steering Wheel Update Node:  Set Steering Angle
[2023.05.12-12.53.56:440][155]PIE: Error: Blueprint Runtime Error: "Accessed None trying to read property CallFunc_Array_Get_Item_1". Blueprint:  Zhian_BP Function:  Steering Wheel Update Graph:  Steering Wheel Update Node:  Set Steering Angle
[2023.05.12-12.53.56:457][156]LogScript: Warning: Script Msg: Attempted to access index 0 from array 'Wheels' of length 0 in '/Script/PhysXVehicles.WheeledVehicleMovementComponent'!
[2023.05.12-12.53.56:457][156]LogScript: Warning: Script Msg: Attempted to access index 1 from array 'Wheels' of length 0 in '/Script/PhysXVehicles.WheeledVehicleMovementComponent'!
[2023.05.12-12.53.56:457][156]PIE: Error: Blueprint Runtime Error: "Accessed None trying to read property CallFunc_Array_Get_Item". Blueprint:  Zhian_BP Function:  Steering Wheel Update Graph:  Steering Wheel Update Node:  Set Steering Angle
[2023.05.12-12.53.56:457][156]PIE: Error: Blueprint Runtime Error: "Accessed None trying to read property CallFunc_Array_Get_Item_1". Blueprint:  Zhian_BP Function:  Steering Wheel Update Graph:  Steering Wheel Update Node:  Set Steering Angle
[2023.05.12-12.53.56:474][157]LogScript: Warning: Script Msg: Attempted to access index 0 from array 'Wheels' of length 0 in '/Script/PhysXVehicles.WheeledVehicleMovementComponent'!
[2023.05.12-12.53.56:474][157]LogScript: Warning: Script Msg: Attempted to access index 1 from array 'Wheels' of length 0 in '/Script/PhysXVehicles.WheeledVehicleMovementComponent'!
[2023.05.12-12.53.56:474][157]PIE: Error: Blueprint Runtime Error: "Accessed None trying to read property CallFunc_Array_Get_Item". Blueprint:  Zhian_BP Function:  Steering Wheel Update Graph:  Steering Wheel Update Node:  Set Steering Angle
[2023.05.12-12.53.56:474][157]PIE: Error: Blueprint Runtime Error: "Accessed None trying to read property CallFunc_Array_Get_Item_1". Blueprint:  Zhian_BP Function:  Steering Wheel Update Graph:  Steering Wheel Update Node:  Set Steering Angle
[2023.05.12-12.53.56:491][158]LogScript: Warning: Script Msg: Attempted to access index 0 from array 'Wheels' of length 0 in '/Script/PhysXVehicles.WheeledVehicleMovementComponent'!
[2023.05.12-12.53.56:491][158]LogScript: Warning: Script Msg: Attempted to access index 1 from array 'Wheels' of length 0 in '/Script/PhysXVehicles.WheeledVehicleMovementComponent'!
[2023.05.12-12.53.56:491][158]PIE: Error: Blueprint Runtime Error: "Accessed None trying to read property CallFunc_Array_Get_Item". Blueprint:  Zhian_BP Function:  Steering Wheel Update Graph:  Steering Wheel Update Node:  Set Steering Angle
[2023.05.12-12.53.56:491][158]PIE: Error: Blueprint Runtime Error: "Accessed None trying to read property CallFunc_Array_Get_Item_1". Blueprint:  Zhian_BP Function:  Steering Wheel Update Graph:  Steering Wheel Update Node:  Set Steering Angle
[2023.05.12-12.53.56:507][159]LogScript: Warning: Script Msg: Attempted to access index 0 from array 'Wheels' of length 0 in '/Script/PhysXVehicles.WheeledVehicleMovementComponent'!
[2023.05.12-12.53.56:507][159]LogScript: Warning: Script Msg: Attempted to access index 1 from array 'Wheels' of length 0 in '/Script/PhysXVehicles.WheeledVehicleMovementComponent'!
[2023.05.12-12.53.56:507][159]PIE: Error: Blueprint Runtime Error: "Accessed None trying to read property CallFunc_Array_Get_Item". Blueprint:  Zhian_BP Function:  Steering Wheel Update Graph:  Steering Wheel Update Node:  Set Steering Angle
[2023.05.12-12.53.56:507][159]PIE: Error: Blueprint Runtime Error: "Accessed None trying to read property CallFunc_Array_Get_Item_1". Blueprint:  Zhian_BP Function:  Steering Wheel Update Graph:  Steering Wheel Update Node:  Set Steering Angle
[2023.05.12-12.53.56:523][160]LogScript: Warning: Script Msg: Attempted to access index 0 from array 'Wheels' of length 0 in '/Script/PhysXVehicles.WheeledVehicleMovementComponent'!
[2023.05.12-12.53.56:523][160]LogScript: Warning: Script Msg: Attempted to access index 1 from array 'Wheels' of length 0 in '/Script/PhysXVehicles.WheeledVehicleMovementComponent'!
[2023.05.12-12.53.56:523][160]PIE: Error: Blueprint Runtime Error: "Accessed None trying to read property CallFunc_Array_Get_Item". Blueprint:  Zhian_BP Function:  Steering Wheel Update Graph:  Steering Wheel Update Node:  Set Steering Angle
[2023.05.12-12.53.56:524][160]PIE: Error: Blueprint Runtime Error: "Accessed None trying to read property CallFunc_Array_Get_Item_1". Blueprint:  Zhian_BP Function:  Steering Wheel Update Graph:  Steering Wheel Update Node:  Set Steering Angle
[2023.05.12-12.53.56:540][161]LogScript: Warning: Script Msg: Attempted to access index 0 from array 'Wheels' of length 0 in '/Script/PhysXVehicles.WheeledVehicleMovementComponent'!
[2023.05.12-12.53.56:541][161]LogScript: Warning: Script Msg: Attempted to access index 1 from array 'Wheels' of length 0 in '/Script/PhysXVehicles.WheeledVehicleMovementComponent'!
[2023.05.12-12.53.56:541][161]PIE: Error: Blueprint Runtime Error: "Accessed None trying to read property CallFunc_Array_Get_Item". Blueprint:  Zhian_BP Function:  Steering Wheel Update Graph:  Steering Wheel Update Node:  Set Steering Angle
[2023.05.12-12.53.56:541][161]PIE: Error: Blueprint Runtime Error: "Accessed None trying to read property CallFunc_Array_Get_Item_1". Blueprint:  Zhian_BP Function:  Steering Wheel Update Graph:  Steering Wheel Update Node:  Set Steering Angle
[2023.05.12-12.53.56:557][162]LogScript: Warning: Script Msg: Attempted to access index 0 from array 'Wheels' of length 0 in '/Script/PhysXVehicles.WheeledVehicleMovementComponent'!
[2023.05.12-12.53.56:557][162]LogScript: Warning: Script Msg: Attempted to access index 1 from array 'Wheels' of length 0 in '/Script/PhysXVehicles.WheeledVehicleMovementComponent'!
[2023.05.12-12.53.56:557][162]PIE: Error: Blueprint Runtime Error: "Accessed None trying to read property CallFunc_Array_Get_Item". Blueprint:  Zhian_BP Function:  Steering Wheel Update Graph:  Steering Wheel Update Node:  Set Steering Angle
[2023.05.12-12.53.56:557][162]PIE: Error: Blueprint Runtime Error: "Accessed None trying to read property CallFunc_Array_Get_Item_1". Blueprint:  Zhian_BP Function:  Steering Wheel Update Graph:  Steering Wheel Update Node:  Set Steering Angle
[2023.05.12-12.53.56:573][163]LogScript: Warning: Script Msg: Attempted to access index 0 from array 'Wheels' of length 0 in '/Script/PhysXVehicles.WheeledVehicleMovementComponent'!
[2023.05.12-12.53.56:573][163]LogScript: Warning: Script Msg: Attempted to access index 1 from array 'Wheels' of length 0 in '/Script/PhysXVehicles.WheeledVehicleMovementComponent'!
[2023.05.12-12.53.56:573][163]PIE: Error: Blueprint Runtime Error: "Accessed None trying to read property CallFunc_Array_Get_Item". Blueprint:  Zhian_BP Function:  Steering Wheel Update Graph:  Steering Wheel Update Node:  Set Steering Angle
[2023.05.12-12.53.56:573][163]PIE: Error: Blueprint Runtime Error: "Accessed None trying to read property CallFunc_Array_Get_Item_1". Blueprint:  Zhian_BP Function:  Steering Wheel Update Graph:  Steering Wheel Update Node:  Set Steering Angle
[2023.05.12-12.53.56:590][164]LogScript: Warning: Script Msg: Attempted to access index 0 from array 'Wheels' of length 0 in '/Script/PhysXVehicles.WheeledVehicleMovementComponent'!
[2023.05.12-12.53.56:590][164]LogScript: Warning: Script Msg: Attempted to access index 1 from array 'Wheels' of length 0 in '/Script/PhysXVehicles.WheeledVehicleMovementComponent'!
[2023.05.12-12.53.56:590][164]PIE: Error: Blueprint Runtime Error: "Accessed None trying to read property CallFunc_Array_Get_Item". Blueprint:  Zhian_BP Function:  Steering Wheel Update Graph:  Steering Wheel Update Node:  Set Steering Angle
[2023.05.12-12.53.56:590][164]PIE: Error: Blueprint Runtime Error: "Accessed None trying to read property CallFunc_Array_Get_Item_1". Blueprint:  Zhian_BP Function:  Steering Wheel Update Graph:  Steering Wheel Update Node:  Set Steering Angle
[2023.05.12-12.53.56:607][165]LogScript: Warning: Script Msg: Attempted to access index 0 from array 'Wheels' of length 0 in '/Script/PhysXVehicles.WheeledVehicleMovementComponent'!
[2023.05.12-12.53.56:607][165]LogScript: Warning: Script Msg: Attempted to access index 1 from array 'Wheels' of length 0 in '/Script/PhysXVehicles.WheeledVehicleMovementComponent'!
[2023.05.12-12.53.56:607][165]PIE: Error: Blueprint Runtime Error: "Accessed None trying to read property CallFunc_Array_Get_Item". Blueprint:  Zhian_BP Function:  Steering Wheel Update Graph:  Steering Wheel Update Node:  Set Steering Angle
[2023.05.12-12.53.56:607][165]PIE: Error: Blueprint Runtime Error: "Accessed None trying to read property CallFunc_Array_Get_Item_1". Blueprint:  Zhian_BP Function:  Steering Wheel Update Graph:  Steering Wheel Update Node:  Set Steering Angle
[2023.05.12-12.53.56:623][166]LogScript: Warning: Script Msg: Attempted to access index 0 from array 'Wheels' of length 0 in '/Script/PhysXVehicles.WheeledVehicleMovementComponent'!
[2023.05.12-12.53.56:623][166]LogScript: Warning: Script Msg: Attempted to access index 1 from array 'Wheels' of length 0 in '/Script/PhysXVehicles.WheeledVehicleMovementComponent'!
[2023.05.12-12.53.56:624][166]PIE: Error: Blueprint Runtime Error: "Accessed None trying to read property CallFunc_Array_Get_Item". Blueprint:  Zhian_BP Function:  Steering Wheel Update Graph:  Steering Wheel Update Node:  Set Steering Angle
[2023.05.12-12.53.56:624][166]PIE: Error: Blueprint Runtime Error: "Accessed None trying to read property CallFunc_Array_Get_Item_1". Blueprint:  Zhian_BP Function:  Steering Wheel Update Graph:  Steering Wheel Update Node:  Set Steering Angle
[2023.05.12-12.53.56:640][167]LogScript: Warning: Script Msg: Attempted to access index 0 from array 'Wheels' of length 0 in '/Script/PhysXVehicles.WheeledVehicleMovementComponent'!
[2023.05.12-12.53.56:640][167]LogScript: Warning: Script Msg: Attempted to access index 1 from array 'Wheels' of length 0 in '/Script/PhysXVehicles.WheeledVehicleMovementComponent'!
[2023.05.12-12.53.56:640][167]PIE: Error: Blueprint Runtime Error: "Accessed None trying to read property CallFunc_Array_Get_Item". Blueprint:  Zhian_BP Function:  Steering Wheel Update Graph:  Steering Wheel Update Node:  Set Steering Angle
[2023.05.12-12.53.56:640][167]PIE: Error: Blueprint Runtime Error: "Accessed None trying to read property CallFunc_Array_Get_Item_1". Blueprint:  Zhian_BP Function:  Steering Wheel Update Graph:  Steering Wheel Update Node:  Set Steering Angle
[2023.05.12-12.53.56:656][168]LogScript: Warning: Script Msg: Attempted to access index 0 from array 'Wheels' of length 0 in '/Script/PhysXVehicles.WheeledVehicleMovementComponent'!
[2023.05.12-12.53.56:657][168]LogScript: Warning: Script Msg: Attempted to access index 1 from array 'Wheels' of length 0 in '/Script/PhysXVehicles.WheeledVehicleMovementComponent'!
[2023.05.12-12.53.56:657][168]PIE: Error: Blueprint Runtime Error: "Accessed None trying to read property CallFunc_Array_Get_Item". Blueprint:  Zhian_BP Function:  Steering Wheel Update Graph:  Steering Wheel Update Node:  Set Steering Angle
[2023.05.12-12.53.56:657][168]PIE: Error: Blueprint Runtime Error: "Accessed None trying to read property CallFunc_Array_Get_Item_1". Blueprint:  Zhian_BP Function:  Steering Wheel Update Graph:  Steering Wheel Update Node:  Set Steering Angle
[2023.05.12-12.53.56:673][169]LogScript: Warning: Script Msg: Attempted to access index 0 from array 'Wheels' of length 0 in '/Script/PhysXVehicles.WheeledVehicleMovementComponent'!
[2023.05.12-12.53.56:673][169]LogScript: Warning: Script Msg: Attempted to access index 1 from array 'Wheels' of length 0 in '/Script/PhysXVehicles.WheeledVehicleMovementComponent'!
[2023.05.12-12.53.56:673][169]PIE: Error: Blueprint Runtime Error: "Accessed None trying to read property CallFunc_Array_Get_Item". Blueprint:  Zhian_BP Function:  Steering Wheel Update Graph:  Steering Wheel Update Node:  Set Steering Angle
[2023.05.12-12.53.56:674][169]PIE: Error: Blueprint Runtime Error: "Accessed None trying to read property CallFunc_Array_Get_Item_1". Blueprint:  Zhian_BP Function:  Steering Wheel Update Graph:  Steering Wheel Update Node:  Set Steering Angle
[2023.05.12-12.53.56:690][170]LogScript: Warning: Script Msg: Attempted to access index 0 from array 'Wheels' of length 0 in '/Script/PhysXVehicles.WheeledVehicleMovementComponent'!
[2023.05.12-12.53.56:690][170]LogScript: Warning: Script Msg: Attempted to access index 1 from array 'Wheels' of length 0 in '/Script/PhysXVehicles.WheeledVehicleMovementComponent'!
[2023.05.12-12.53.56:691][170]PIE: Error: Blueprint Runtime Error: "Accessed None trying to read property CallFunc_Array_Get_Item". Blueprint:  Zhian_BP Function:  Steering Wheel Update Graph:  Steering Wheel Update Node:  Set Steering Angle
[2023.05.12-12.53.56:691][170]PIE: Error: Blueprint Runtime Error: "Accessed None trying to read property CallFunc_Array_Get_Item_1". Blueprint:  Zhian_BP Function:  Steering Wheel Update Graph:  Steering Wheel Update Node:  Set Steering Angle
[2023.05.12-12.53.56:707][171]LogScript: Warning: Script Msg: Attempted to access index 0 from array 'Wheels' of length 0 in '/Script/PhysXVehicles.WheeledVehicleMovementComponent'!
[2023.05.12-12.53.56:707][171]LogScript: Warning: Script Msg: Attempted to access index 1 from array 'Wheels' of length 0 in '/Script/PhysXVehicles.WheeledVehicleMovementComponent'!
[2023.05.12-12.53.56:707][171]PIE: Error: Blueprint Runtime Error: "Accessed None trying to read property CallFunc_Array_Get_Item". Blueprint:  Zhian_BP Function:  Steering Wheel Update Graph:  Steering Wheel Update Node:  Set Steering Angle
[2023.05.12-12.53.56:707][171]PIE: Error: Blueprint Runtime Error: "Accessed None trying to read property CallFunc_Array_Get_Item_1". Blueprint:  Zhian_BP Function:  Steering Wheel Update Graph:  Steering Wheel Update Node:  Set Steering Angle
[2023.05.12-12.53.56:723][172]LogScript: Warning: Script Msg: Attempted to access index 0 from array 'Wheels' of length 0 in '/Script/PhysXVehicles.WheeledVehicleMovementComponent'!
[2023.05.12-12.53.56:723][172]LogScript: Warning: Script Msg: Attempted to access index 1 from array 'Wheels' of length 0 in '/Script/PhysXVehicles.WheeledVehicleMovementComponent'!
[2023.05.12-12.53.56:723][172]PIE: Error: Blueprint Runtime Error: "Accessed None trying to read property CallFunc_Array_Get_Item". Blueprint:  Zhian_BP Function:  Steering Wheel Update Graph:  Steering Wheel Update Node:  Set Steering Angle
[2023.05.12-12.53.56:723][172]PIE: Error: Blueprint Runtime Error: "Accessed None trying to read property CallFunc_Array_Get_Item_1". Blueprint:  Zhian_BP Function:  Steering Wheel Update Graph:  Steering Wheel Update Node:  Set Steering Angle
[2023.05.12-12.53.56:740][173]LogScript: Warning: Script Msg: Attempted to access index 0 from array 'Wheels' of length 0 in '/Script/PhysXVehicles.WheeledVehicleMovementComponent'!
[2023.05.12-12.53.56:740][173]LogScript: Warning: Script Msg: Attempted to access index 1 from array 'Wheels' of length 0 in '/Script/PhysXVehicles.WheeledVehicleMovementComponent'!
[2023.05.12-12.53.56:740][173]PIE: Error: Blueprint Runtime Error: "Accessed None trying to read property CallFunc_Array_Get_Item". Blueprint:  Zhian_BP Function:  Steering Wheel Update Graph:  Steering Wheel Update Node:  Set Steering Angle
[2023.05.12-12.53.56:741][173]PIE: Error: Blueprint Runtime Error: "Accessed None trying to read property CallFunc_Array_Get_Item_1". Blueprint:  Zhian_BP Function:  Steering Wheel Update Graph:  Steering Wheel Update Node:  Set Steering Angle
[2023.05.12-12.53.56:757][174]LogScript: Warning: Script Msg: Attempted to access index 0 from array 'Wheels' of length 0 in '/Script/PhysXVehicles.WheeledVehicleMovementComponent'!
[2023.05.12-12.53.56:757][174]LogScript: Warning: Script Msg: Attempted to access index 1 from array 'Wheels' of length 0 in '/Script/PhysXVehicles.WheeledVehicleMovementComponent'!
[2023.05.12-12.53.56:757][174]PIE: Error: Blueprint Runtime Error: "Accessed None trying to read property CallFunc_Array_Get_Item". Blueprint:  Zhian_BP Function:  Steering Wheel Update Graph:  Steering Wheel Update Node:  Set Steering Angle
[2023.05.12-12.53.56:757][174]PIE: Error: Blueprint Runtime Error: "Accessed None trying to read property CallFunc_Array_Get_Item_1". Blueprint:  Zhian_BP Function:  Steering Wheel Update Graph:  Steering Wheel Update Node:  Set Steering Angle
[2023.05.12-12.53.56:773][175]LogScript: Warning: Script Msg: Attempted to access index 0 from array 'Wheels' of length 0 in '/Script/PhysXVehicles.WheeledVehicleMovementComponent'!
[2023.05.12-12.53.56:773][175]LogScript: Warning: Script Msg: Attempted to access index 1 from array 'Wheels' of length 0 in '/Script/PhysXVehicles.WheeledVehicleMovementComponent'!
[2023.05.12-12.53.56:773][175]PIE: Error: Blueprint Runtime Error: "Accessed None trying to read property CallFunc_Array_Get_Item". Blueprint:  Zhian_BP Function:  Steering Wheel Update Graph:  Steering Wheel Update Node:  Set Steering Angle
[2023.05.12-12.53.56:773][175]PIE: Error: Blueprint Runtime Error: "Accessed None trying to read property CallFunc_Array_Get_Item_1". Blueprint:  Zhian_BP Function:  Steering Wheel Update Graph:  Steering Wheel Update Node:  Set Steering Angle
[2023.05.12-12.53.56:790][176]LogScript: Warning: Script Msg: Attempted to access index 0 from array 'Wheels' of length 0 in '/Script/PhysXVehicles.WheeledVehicleMovementComponent'!
[2023.05.12-12.53.56:790][176]LogScript: Warning: Script Msg: Attempted to access index 1 from array 'Wheels' of length 0 in '/Script/PhysXVehicles.WheeledVehicleMovementComponent'!
[2023.05.12-12.53.56:790][176]PIE: Error: Blueprint Runtime Error: "Accessed None trying to read property CallFunc_Array_Get_Item". Blueprint:  Zhian_BP Function:  Steering Wheel Update Graph:  Steering Wheel Update Node:  Set Steering Angle
[2023.05.12-12.53.56:790][176]PIE: Error: Blueprint Runtime Error: "Accessed None trying to read property CallFunc_Array_Get_Item_1". Blueprint:  Zhian_BP Function:  Steering Wheel Update Graph:  Steering Wheel Update Node:  Set Steering Angle
[2023.05.12-12.53.56:807][177]LogScript: Warning: Script Msg: Attempted to access index 0 from array 'Wheels' of length 0 in '/Script/PhysXVehicles.WheeledVehicleMovementComponent'!
[2023.05.12-12.53.56:807][177]LogScript: Warning: Script Msg: Attempted to access index 1 from array 'Wheels' of length 0 in '/Script/PhysXVehicles.WheeledVehicleMovementComponent'!
[2023.05.12-12.53.56:807][177]PIE: Error: Blueprint Runtime Error: "Accessed None trying to read property CallFunc_Array_Get_Item". Blueprint:  Zhian_BP Function:  Steering Wheel Update Graph:  Steering Wheel Update Node:  Set Steering Angle
[2023.05.12-12.53.56:807][177]PIE: Error: Blueprint Runtime Error: "Accessed None trying to read property CallFunc_Array_Get_Item_1". Blueprint:  Zhian_BP Function:  Steering Wheel Update Graph:  Steering Wheel Update Node:  Set Steering Angle
[2023.05.12-12.53.56:839][178]LogScript: Warning: Script Msg: Attempted to access index 0 from array 'Wheels' of length 0 in '/Script/PhysXVehicles.WheeledVehicleMovementComponent'!
[2023.05.12-12.53.56:839][178]LogScript: Warning: Script Msg: Attempted to access index 1 from array 'Wheels' of length 0 in '/Script/PhysXVehicles.WheeledVehicleMovementComponent'!
[2023.05.12-12.53.56:839][178]PIE: Error: Blueprint Runtime Error: "Accessed None trying to read property CallFunc_Array_Get_Item". Blueprint:  Zhian_BP Function:  Steering Wheel Update Graph:  Steering Wheel Update Node:  Set Steering Angle
[2023.05.12-12.53.56:839][178]PIE: Error: Blueprint Runtime Error: "Accessed None trying to read property CallFunc_Array_Get_Item_1". Blueprint:  Zhian_BP Function:  Steering Wheel Update Graph:  Steering Wheel Update Node:  Set Steering Angle
[2023.05.12-12.53.56:856][179]LogScript: Warning: Script Msg: Attempted to access index 0 from array 'Wheels' of length 0 in '/Script/PhysXVehicles.WheeledVehicleMovementComponent'!
[2023.05.12-12.53.56:856][179]LogScript: Warning: Script Msg: Attempted to access index 1 from array 'Wheels' of length 0 in '/Script/PhysXVehicles.WheeledVehicleMovementComponent'!
[2023.05.12-12.53.56:856][179]PIE: Error: Blueprint Runtime Error: "Accessed None trying to read property CallFunc_Array_Get_Item". Blueprint:  Zhian_BP Function:  Steering Wheel Update Graph:  Steering Wheel Update Node:  Set Steering Angle
[2023.05.12-12.53.56:856][179]PIE: Error: Blueprint Runtime Error: "Accessed None trying to read property CallFunc_Array_Get_Item_1". Blueprint:  Zhian_BP Function:  Steering Wheel Update Graph:  Steering Wheel Update Node:  Set Steering Angle
[2023.05.12-12.53.56:872][180]LogScript: Warning: Script Msg: Attempted to access index 0 from array 'Wheels' of length 0 in '/Script/PhysXVehicles.WheeledVehicleMovementComponent'!
[2023.05.12-12.53.56:872][180]LogScript: Warning: Script Msg: Attempted to access index 1 from array 'Wheels' of length 0 in '/Script/PhysXVehicles.WheeledVehicleMovementComponent'!
[2023.05.12-12.53.56:872][180]PIE: Error: Blueprint Runtime Error: "Accessed None trying to read property CallFunc_Array_Get_Item". Blueprint:  Zhian_BP Function:  Steering Wheel Update Graph:  Steering Wheel Update Node:  Set Steering Angle
[2023.05.12-12.53.56:873][180]PIE: Error: Blueprint Runtime Error: "Accessed None trying to read property CallFunc_Array_Get_Item_1". Blueprint:  Zhian_BP Function:  Steering Wheel Update Graph:  Steering Wheel Update Node:  Set Steering Angle
[2023.05.12-12.53.56:889][181]LogScript: Warning: Script Msg: Attempted to access index 0 from array 'Wheels' of length 0 in '/Script/PhysXVehicles.WheeledVehicleMovementComponent'!
[2023.05.12-12.53.56:889][181]LogScript: Warning: Script Msg: Attempted to access index 1 from array 'Wheels' of length 0 in '/Script/PhysXVehicles.WheeledVehicleMovementComponent'!
[2023.05.12-12.53.56:889][181]PIE: Error: Blueprint Runtime Error: "Accessed None trying to read property CallFunc_Array_Get_Item". Blueprint:  Zhian_BP Function:  Steering Wheel Update Graph:  Steering Wheel Update Node:  Set Steering Angle
[2023.05.12-12.53.56:889][181]PIE: Error: Blueprint Runtime Error: "Accessed None trying to read property CallFunc_Array_Get_Item_1". Blueprint:  Zhian_BP Function:  Steering Wheel Update Graph:  Steering Wheel Update Node:  Set Steering Angle
[2023.05.12-12.53.56:906][182]LogScript: Warning: Script Msg: Attempted to access index 0 from array 'Wheels' of length 0 in '/Script/PhysXVehicles.WheeledVehicleMovementComponent'!
[2023.05.12-12.53.56:906][182]LogScript: Warning: Script Msg: Attempted to access index 1 from array 'Wheels' of length 0 in '/Script/PhysXVehicles.WheeledVehicleMovementComponent'!
[2023.05.12-12.53.56:906][182]PIE: Error: Blueprint Runtime Error: "Accessed None trying to read property CallFunc_Array_Get_Item". Blueprint:  Zhian_BP Function:  Steering Wheel Update Graph:  Steering Wheel Update Node:  Set Steering Angle
[2023.05.12-12.53.56:906][182]PIE: Error: Blueprint Runtime Error: "Accessed None trying to read property CallFunc_Array_Get_Item_1". Blueprint:  Zhian_BP Function:  Steering Wheel Update Graph:  Steering Wheel Update Node:  Set Steering Angle
[2023.05.12-12.53.56:922][183]LogScript: Warning: Script Msg: Attempted to access index 0 from array 'Wheels' of length 0 in '/Script/PhysXVehicles.WheeledVehicleMovementComponent'!
[2023.05.12-12.53.56:922][183]LogScript: Warning: Script Msg: Attempted to access index 1 from array 'Wheels' of length 0 in '/Script/PhysXVehicles.WheeledVehicleMovementComponent'!
[2023.05.12-12.53.56:922][183]PIE: Error: Blueprint Runtime Error: "Accessed None trying to read property CallFunc_Array_Get_Item". Blueprint:  Zhian_BP Function:  Steering Wheel Update Graph:  Steering Wheel Update Node:  Set Steering Angle
[2023.05.12-12.53.56:922][183]PIE: Error: Blueprint Runtime Error: "Accessed None trying to read property CallFunc_Array_Get_Item_1". Blueprint:  Zhian_BP Function:  Steering Wheel Update Graph:  Steering Wheel Update Node:  Set Steering Angle
[2023.05.12-12.53.56:939][184]LogScript: Warning: Script Msg: Attempted to access index 0 from array 'Wheels' of length 0 in '/Script/PhysXVehicles.WheeledVehicleMovementComponent'!
[2023.05.12-12.53.56:939][184]LogScript: Warning: Script Msg: Attempted to access index 1 from array 'Wheels' of length 0 in '/Script/PhysXVehicles.WheeledVehicleMovementComponent'!
[2023.05.12-12.53.56:939][184]PIE: Error: Blueprint Runtime Error: "Accessed None trying to read property CallFunc_Array_Get_Item". Blueprint:  Zhian_BP Function:  Steering Wheel Update Graph:  Steering Wheel Update Node:  Set Steering Angle
[2023.05.12-12.53.56:939][184]PIE: Error: Blueprint Runtime Error: "Accessed None trying to read property CallFunc_Array_Get_Item_1". Blueprint:  Zhian_BP Function:  Steering Wheel Update Graph:  Steering Wheel Update Node:  Set Steering Angle
[2023.05.12-12.53.56:956][185]LogScript: Warning: Script Msg: Attempted to access index 0 from array 'Wheels' of length 0 in '/Script/PhysXVehicles.WheeledVehicleMovementComponent'!
[2023.05.12-12.53.56:956][185]LogScript: Warning: Script Msg: Attempted to access index 1 from array 'Wheels' of length 0 in '/Script/PhysXVehicles.WheeledVehicleMovementComponent'!
[2023.05.12-12.53.56:956][185]PIE: Error: Blueprint Runtime Error: "Accessed None trying to read property CallFunc_Array_Get_Item". Blueprint:  Zhian_BP Function:  Steering Wheel Update Graph:  Steering Wheel Update Node:  Set Steering Angle
[2023.05.12-12.53.56:956][185]PIE: Error: Blueprint Runtime Error: "Accessed None trying to read property CallFunc_Array_Get_Item_1". Blueprint:  Zhian_BP Function:  Steering Wheel Update Graph:  Steering Wheel Update Node:  Set Steering Angle
[2023.05.12-12.53.56:972][186]LogScript: Warning: Script Msg: Attempted to access index 0 from array 'Wheels' of length 0 in '/Script/PhysXVehicles.WheeledVehicleMovementComponent'!
[2023.05.12-12.53.56:972][186]LogScript: Warning: Script Msg: Attempted to access index 1 from array 'Wheels' of length 0 in '/Script/PhysXVehicles.WheeledVehicleMovementComponent'!
[2023.05.12-12.53.56:973][186]PIE: Error: Blueprint Runtime Error: "Accessed None trying to read property CallFunc_Array_Get_Item". Blueprint:  Zhian_BP Function:  Steering Wheel Update Graph:  Steering Wheel Update Node:  Set Steering Angle
[2023.05.12-12.53.56:973][186]PIE: Error: Blueprint Runtime Error: "Accessed None trying to read property CallFunc_Array_Get_Item_1". Blueprint:  Zhian_BP Function:  Steering Wheel Update Graph:  Steering Wheel Update Node:  Set Steering Angle
[2023.05.12-12.53.56:989][187]LogScript: Warning: Script Msg: Attempted to access index 0 from array 'Wheels' of length 0 in '/Script/PhysXVehicles.WheeledVehicleMovementComponent'!
[2023.05.12-12.53.56:989][187]LogScript: Warning: Script Msg: Attempted to access index 1 from array 'Wheels' of length 0 in '/Script/PhysXVehicles.WheeledVehicleMovementComponent'!
[2023.05.12-12.53.56:989][187]PIE: Error: Blueprint Runtime Error: "Accessed None trying to read property CallFunc_Array_Get_Item". Blueprint:  Zhian_BP Function:  Steering Wheel Update Graph:  Steering Wheel Update Node:  Set Steering Angle
[2023.05.12-12.53.56:989][187]PIE: Error: Blueprint Runtime Error: "Accessed None trying to read property CallFunc_Array_Get_Item_1". Blueprint:  Zhian_BP Function:  Steering Wheel Update Graph:  Steering Wheel Update Node:  Set Steering Angle
[2023.05.12-12.53.57:006][188]LogScript: Warning: Script Msg: Attempted to access index 0 from array 'Wheels' of length 0 in '/Script/PhysXVehicles.WheeledVehicleMovementComponent'!
[2023.05.12-12.53.57:006][188]LogScript: Warning: Script Msg: Attempted to access index 1 from array 'Wheels' of length 0 in '/Script/PhysXVehicles.WheeledVehicleMovementComponent'!
[2023.05.12-12.53.57:006][188]PIE: Error: Blueprint Runtime Error: "Accessed None trying to read property CallFunc_Array_Get_Item". Blueprint:  Zhian_BP Function:  Steering Wheel Update Graph:  Steering Wheel Update Node:  Set Steering Angle
[2023.05.12-12.53.57:006][188]PIE: Error: Blueprint Runtime Error: "Accessed None trying to read property CallFunc_Array_Get_Item_1". Blueprint:  Zhian_BP Function:  Steering Wheel Update Graph:  Steering Wheel Update Node:  Set Steering Angle
[2023.05.12-12.53.57:022][189]LogScript: Warning: Script Msg: Attempted to access index 0 from array 'Wheels' of length 0 in '/Script/PhysXVehicles.WheeledVehicleMovementComponent'!
[2023.05.12-12.53.57:022][189]LogScript: Warning: Script Msg: Attempted to access index 1 from array 'Wheels' of length 0 in '/Script/PhysXVehicles.WheeledVehicleMovementComponent'!
[2023.05.12-12.53.57:022][189]PIE: Error: Blueprint Runtime Error: "Accessed None trying to read property CallFunc_Array_Get_Item". Blueprint:  Zhian_BP Function:  Steering Wheel Update Graph:  Steering Wheel Update Node:  Set Steering Angle
[2023.05.12-12.53.57:022][189]PIE: Error: Blueprint Runtime Error: "Accessed None trying to read property CallFunc_Array_Get_Item_1". Blueprint:  Zhian_BP Function:  Steering Wheel Update Graph:  Steering Wheel Update Node:  Set Steering Angle
[2023.05.12-12.53.57:039][190]LogScript: Warning: Script Msg: Attempted to access index 0 from array 'Wheels' of length 0 in '/Script/PhysXVehicles.WheeledVehicleMovementComponent'!
[2023.05.12-12.53.57:039][190]LogScript: Warning: Script Msg: Attempted to access index 1 from array 'Wheels' of length 0 in '/Script/PhysXVehicles.WheeledVehicleMovementComponent'!
[2023.05.12-12.53.57:040][190]PIE: Error: Blueprint Runtime Error: "Accessed None trying to read property CallFunc_Array_Get_Item". Blueprint:  Zhian_BP Function:  Steering Wheel Update Graph:  Steering Wheel Update Node:  Set Steering Angle
[2023.05.12-12.53.57:040][190]PIE: Error: Blueprint Runtime Error: "Accessed None trying to read property CallFunc_Array_Get_Item_1". Blueprint:  Zhian_BP Function:  Steering Wheel Update Graph:  Steering Wheel Update Node:  Set Steering Angle
[2023.05.12-12.53.57:056][191]LogScript: Warning: Script Msg: Attempted to access index 0 from array 'Wheels' of length 0 in '/Script/PhysXVehicles.WheeledVehicleMovementComponent'!
[2023.05.12-12.53.57:056][191]LogScript: Warning: Script Msg: Attempted to access index 1 from array 'Wheels' of length 0 in '/Script/PhysXVehicles.WheeledVehicleMovementComponent'!
[2023.05.12-12.53.57:056][191]PIE: Error: Blueprint Runtime Error: "Accessed None trying to read property CallFunc_Array_Get_Item". Blueprint:  Zhian_BP Function:  Steering Wheel Update Graph:  Steering Wheel Update Node:  Set Steering Angle
[2023.05.12-12.53.57:056][191]PIE: Error: Blueprint Runtime Error: "Accessed None trying to read property CallFunc_Array_Get_Item_1". Blueprint:  Zhian_BP Function:  Steering Wheel Update Graph:  Steering Wheel Update Node:  Set Steering Angle
[2023.05.12-12.53.57:073][192]LogScript: Warning: Script Msg: Attempted to access index 0 from array 'Wheels' of length 0 in '/Script/PhysXVehicles.WheeledVehicleMovementComponent'!
[2023.05.12-12.53.57:073][192]LogScript: Warning: Script Msg: Attempted to access index 1 from array 'Wheels' of length 0 in '/Script/PhysXVehicles.WheeledVehicleMovementComponent'!
[2023.05.12-12.53.57:073][192]PIE: Error: Blueprint Runtime Error: "Accessed None trying to read property CallFunc_Array_Get_Item". Blueprint:  Zhian_BP Function:  Steering Wheel Update Graph:  Steering Wheel Update Node:  Set Steering Angle
[2023.05.12-12.53.57:073][192]PIE: Error: Blueprint Runtime Error: "Accessed None trying to read property CallFunc_Array_Get_Item_1". Blueprint:  Zhian_BP Function:  Steering Wheel Update Graph:  Steering Wheel Update Node:  Set Steering Angle
[2023.05.12-12.53.57:089][193]LogScript: Warning: Script Msg: Attempted to access index 0 from array 'Wheels' of length 0 in '/Script/PhysXVehicles.WheeledVehicleMovementComponent'!
[2023.05.12-12.53.57:089][193]LogScript: Warning: Script Msg: Attempted to access index 1 from array 'Wheels' of length 0 in '/Script/PhysXVehicles.WheeledVehicleMovementComponent'!
[2023.05.12-12.53.57:089][193]PIE: Error: Blueprint Runtime Error: "Accessed None trying to read property CallFunc_Array_Get_Item". Blueprint:  Zhian_BP Function:  Steering Wheel Update Graph:  Steering Wheel Update Node:  Set Steering Angle
[2023.05.12-12.53.57:089][193]PIE: Error: Blueprint Runtime Error: "Accessed None trying to read property CallFunc_Array_Get_Item_1". Blueprint:  Zhian_BP Function:  Steering Wheel Update Graph:  Steering Wheel Update Node:  Set Steering Angle
[2023.05.12-12.53.57:106][194]LogScript: Warning: Script Msg: Attempted to access index 0 from array 'Wheels' of length 0 in '/Script/PhysXVehicles.WheeledVehicleMovementComponent'!
[2023.05.12-12.53.57:106][194]LogScript: Warning: Script Msg: Attempted to access index 1 from array 'Wheels' of length 0 in '/Script/PhysXVehicles.WheeledVehicleMovementComponent'!
[2023.05.12-12.53.57:106][194]PIE: Error: Blueprint Runtime Error: "Accessed None trying to read property CallFunc_Array_Get_Item". Blueprint:  Zhian_BP Function:  Steering Wheel Update Graph:  Steering Wheel Update Node:  Set Steering Angle
[2023.05.12-12.53.57:106][194]PIE: Error: Blueprint Runtime Error: "Accessed None trying to read property CallFunc_Array_Get_Item_1". Blueprint:  Zhian_BP Function:  Steering Wheel Update Graph:  Steering Wheel Update Node:  Set Steering Angle
[2023.05.12-12.53.57:124][195]LogScript: Warning: Script Msg: Attempted to access index 0 from array 'Wheels' of length 0 in '/Script/PhysXVehicles.WheeledVehicleMovementComponent'!
[2023.05.12-12.53.57:124][195]LogScript: Warning: Script Msg: Attempted to access index 1 from array 'Wheels' of length 0 in '/Script/PhysXVehicles.WheeledVehicleMovementComponent'!
[2023.05.12-12.53.57:124][195]PIE: Error: Blueprint Runtime Error: "Accessed None trying to read property CallFunc_Array_Get_Item". Blueprint:  Zhian_BP Function:  Steering Wheel Update Graph:  Steering Wheel Update Node:  Set Steering Angle
[2023.05.12-12.53.57:124][195]PIE: Error: Blueprint Runtime Error: "Accessed None trying to read property CallFunc_Array_Get_Item_1". Blueprint:  Zhian_BP Function:  Steering Wheel Update Graph:  Steering Wheel Update Node:  Set Steering Angle
[2023.05.12-12.53.57:141][196]LogScript: Warning: Script Msg: Attempted to access index 0 from array 'Wheels' of length 0 in '/Script/PhysXVehicles.WheeledVehicleMovementComponent'!
[2023.05.12-12.53.57:141][196]LogScript: Warning: Script Msg: Attempted to access index 1 from array 'Wheels' of length 0 in '/Script/PhysXVehicles.WheeledVehicleMovementComponent'!
[2023.05.12-12.53.57:141][196]PIE: Error: Blueprint Runtime Error: "Accessed None trying to read property CallFunc_Array_Get_Item". Blueprint:  Zhian_BP Function:  Steering Wheel Update Graph:  Steering Wheel Update Node:  Set Steering Angle
[2023.05.12-12.53.57:141][196]PIE: Error: Blueprint Runtime Error: "Accessed None trying to read property CallFunc_Array_Get_Item_1". Blueprint:  Zhian_BP Function:  Steering Wheel Update Graph:  Steering Wheel Update Node:  Set Steering Angle
[2023.05.12-12.53.57:158][197]LogScript: Warning: Script Msg: Attempted to access index 0 from array 'Wheels' of length 0 in '/Script/PhysXVehicles.WheeledVehicleMovementComponent'!
[2023.05.12-12.53.57:158][197]LogScript: Warning: Script Msg: Attempted to access index 1 from array 'Wheels' of length 0 in '/Script/PhysXVehicles.WheeledVehicleMovementComponent'!
[2023.05.12-12.53.57:158][197]PIE: Error: Blueprint Runtime Error: "Accessed None trying to read property CallFunc_Array_Get_Item". Blueprint:  Zhian_BP Function:  Steering Wheel Update Graph:  Steering Wheel Update Node:  Set Steering Angle
[2023.05.12-12.53.57:158][197]PIE: Error: Blueprint Runtime Error: "Accessed None trying to read property CallFunc_Array_Get_Item_1". Blueprint:  Zhian_BP Function:  Steering Wheel Update Graph:  Steering Wheel Update Node:  Set Steering Angle
[2023.05.12-12.53.57:189][198]LogScript: Warning: Script Msg: Attempted to access index 0 from array 'Wheels' of length 0 in '/Script/PhysXVehicles.WheeledVehicleMovementComponent'!
[2023.05.12-12.53.57:189][198]LogScript: Warning: Script Msg: Attempted to access index 1 from array 'Wheels' of length 0 in '/Script/PhysXVehicles.WheeledVehicleMovementComponent'!
[2023.05.12-12.53.57:189][198]PIE: Error: Blueprint Runtime Error: "Accessed None trying to read property CallFunc_Array_Get_Item". Blueprint:  Zhian_BP Function:  Steering Wheel Update Graph:  Steering Wheel Update Node:  Set Steering Angle
[2023.05.12-12.53.57:189][198]PIE: Error: Blueprint Runtime Error: "Accessed None trying to read property CallFunc_Array_Get_Item_1". Blueprint:  Zhian_BP Function:  Steering Wheel Update Graph:  Steering Wheel Update Node:  Set Steering Angle
[2023.05.12-12.53.57:206][199]LogScript: Warning: Script Msg: Attempted to access index 0 from array 'Wheels' of length 0 in '/Script/PhysXVehicles.WheeledVehicleMovementComponent'!
[2023.05.12-12.53.57:206][199]LogScript: Warning: Script Msg: Attempted to access index 1 from array 'Wheels' of length 0 in '/Script/PhysXVehicles.WheeledVehicleMovementComponent'!
[2023.05.12-12.53.57:206][199]PIE: Error: Blueprint Runtime Error: "Accessed None trying to read property CallFunc_Array_Get_Item". Blueprint:  Zhian_BP Function:  Steering Wheel Update Graph:  Steering Wheel Update Node:  Set Steering Angle
[2023.05.12-12.53.57:206][199]PIE: Error: Blueprint Runtime Error: "Accessed None trying to read property CallFunc_Array_Get_Item_1". Blueprint:  Zhian_BP Function:  Steering Wheel Update Graph:  Steering Wheel Update Node:  Set Steering Angle
[2023.05.12-12.53.57:222][200]LogScript: Warning: Script Msg: Attempted to access index 0 from array 'Wheels' of length 0 in '/Script/PhysXVehicles.WheeledVehicleMovementComponent'!
[2023.05.12-12.53.57:222][200]LogScript: Warning: Script Msg: Attempted to access index 1 from array 'Wheels' of length 0 in '/Script/PhysXVehicles.WheeledVehicleMovementComponent'!
[2023.05.12-12.53.57:222][200]PIE: Error: Blueprint Runtime Error: "Accessed None trying to read property CallFunc_Array_Get_Item". Blueprint:  Zhian_BP Function:  Steering Wheel Update Graph:  Steering Wheel Update Node:  Set Steering Angle
[2023.05.12-12.53.57:222][200]PIE: Error: Blueprint Runtime Error: "Accessed None trying to read property CallFunc_Array_Get_Item_1". Blueprint:  Zhian_BP Function:  Steering Wheel Update Graph:  Steering Wheel Update Node:  Set Steering Angle
[2023.05.12-12.53.57:239][201]LogScript: Warning: Script Msg: Attempted to access index 0 from array 'Wheels' of length 0 in '/Script/PhysXVehicles.WheeledVehicleMovementComponent'!
[2023.05.12-12.53.57:239][201]LogScript: Warning: Script Msg: Attempted to access index 1 from array 'Wheels' of length 0 in '/Script/PhysXVehicles.WheeledVehicleMovementComponent'!
[2023.05.12-12.53.57:239][201]PIE: Error: Blueprint Runtime Error: "Accessed None trying to read property CallFunc_Array_Get_Item". Blueprint:  Zhian_BP Function:  Steering Wheel Update Graph:  Steering Wheel Update Node:  Set Steering Angle
[2023.05.12-12.53.57:240][201]PIE: Error: Blueprint Runtime Error: "Accessed None trying to read property CallFunc_Array_Get_Item_1". Blueprint:  Zhian_BP Function:  Steering Wheel Update Graph:  Steering Wheel Update Node:  Set Steering Angle
[2023.05.12-12.53.57:255][202]LogScript: Warning: Script Msg: Attempted to access index 0 from array 'Wheels' of length 0 in '/Script/PhysXVehicles.WheeledVehicleMovementComponent'!
[2023.05.12-12.53.57:255][202]LogScript: Warning: Script Msg: Attempted to access index 1 from array 'Wheels' of length 0 in '/Script/PhysXVehicles.WheeledVehicleMovementComponent'!
[2023.05.12-12.53.57:255][202]PIE: Error: Blueprint Runtime Error: "Accessed None trying to read property CallFunc_Array_Get_Item". Blueprint:  Zhian_BP Function:  Steering Wheel Update Graph:  Steering Wheel Update Node:  Set Steering Angle
[2023.05.12-12.53.57:256][202]PIE: Error: Blueprint Runtime Error: "Accessed None trying to read property CallFunc_Array_Get_Item_1". Blueprint:  Zhian_BP Function:  Steering Wheel Update Graph:  Steering Wheel Update Node:  Set Steering Angle
[2023.05.12-12.53.57:272][203]LogScript: Warning: Script Msg: Attempted to access index 0 from array 'Wheels' of length 0 in '/Script/PhysXVehicles.WheeledVehicleMovementComponent'!
[2023.05.12-12.53.57:272][203]LogScript: Warning: Script Msg: Attempted to access index 1 from array 'Wheels' of length 0 in '/Script/PhysXVehicles.WheeledVehicleMovementComponent'!
[2023.05.12-12.53.57:272][203]PIE: Error: Blueprint Runtime Error: "Accessed None trying to read property CallFunc_Array_Get_Item". Blueprint:  Zhian_BP Function:  Steering Wheel Update Graph:  Steering Wheel Update Node:  Set Steering Angle
[2023.05.12-12.53.57:272][203]PIE: Error: Blueprint Runtime Error: "Accessed None trying to read property CallFunc_Array_Get_Item_1". Blueprint:  Zhian_BP Function:  Steering Wheel Update Graph:  Steering Wheel Update Node:  Set Steering Angle
[2023.05.12-12.53.57:288][204]LogScript: Warning: Script Msg: Attempted to access index 0 from array 'Wheels' of length 0 in '/Script/PhysXVehicles.WheeledVehicleMovementComponent'!
[2023.05.12-12.53.57:288][204]LogScript: Warning: Script Msg: Attempted to access index 1 from array 'Wheels' of length 0 in '/Script/PhysXVehicles.WheeledVehicleMovementComponent'!
[2023.05.12-12.53.57:288][204]PIE: Error: Blueprint Runtime Error: "Accessed None trying to read property CallFunc_Array_Get_Item". Blueprint:  Zhian_BP Function:  Steering Wheel Update Graph:  Steering Wheel Update Node:  Set Steering Angle
[2023.05.12-12.53.57:288][204]PIE: Error: Blueprint Runtime Error: "Accessed None trying to read property CallFunc_Array_Get_Item_1". Blueprint:  Zhian_BP Function:  Steering Wheel Update Graph:  Steering Wheel Update Node:  Set Steering Angle
[2023.05.12-12.53.57:305][205]LogScript: Warning: Script Msg: Attempted to access index 0 from array 'Wheels' of length 0 in '/Script/PhysXVehicles.WheeledVehicleMovementComponent'!
[2023.05.12-12.53.57:305][205]LogScript: Warning: Script Msg: Attempted to access index 1 from array 'Wheels' of length 0 in '/Script/PhysXVehicles.WheeledVehicleMovementComponent'!
[2023.05.12-12.53.57:306][205]PIE: Error: Blueprint Runtime Error: "Accessed None trying to read property CallFunc_Array_Get_Item". Blueprint:  Zhian_BP Function:  Steering Wheel Update Graph:  Steering Wheel Update Node:  Set Steering Angle
[2023.05.12-12.53.57:306][205]PIE: Error: Blueprint Runtime Error: "Accessed None trying to read property CallFunc_Array_Get_Item_1". Blueprint:  Zhian_BP Function:  Steering Wheel Update Graph:  Steering Wheel Update Node:  Set Steering Angle
[2023.05.12-12.53.57:322][206]LogScript: Warning: Script Msg: Attempted to access index 0 from array 'Wheels' of length 0 in '/Script/PhysXVehicles.WheeledVehicleMovementComponent'!
[2023.05.12-12.53.57:322][206]LogScript: Warning: Script Msg: Attempted to access index 1 from array 'Wheels' of length 0 in '/Script/PhysXVehicles.WheeledVehicleMovementComponent'!
[2023.05.12-12.53.57:322][206]PIE: Error: Blueprint Runtime Error: "Accessed None trying to read property CallFunc_Array_Get_Item". Blueprint:  Zhian_BP Function:  Steering Wheel Update Graph:  Steering Wheel Update Node:  Set Steering Angle
[2023.05.12-12.53.57:322][206]PIE: Error: Blueprint Runtime Error: "Accessed None trying to read property CallFunc_Array_Get_Item_1". Blueprint:  Zhian_BP Function:  Steering Wheel Update Graph:  Steering Wheel Update Node:  Set Steering Angle
[2023.05.12-12.53.57:339][207]LogScript: Warning: Script Msg: Attempted to access index 0 from array 'Wheels' of length 0 in '/Script/PhysXVehicles.WheeledVehicleMovementComponent'!
[2023.05.12-12.53.57:339][207]LogScript: Warning: Script Msg: Attempted to access index 1 from array 'Wheels' of length 0 in '/Script/PhysXVehicles.WheeledVehicleMovementComponent'!
[2023.05.12-12.53.57:339][207]PIE: Error: Blueprint Runtime Error: "Accessed None trying to read property CallFunc_Array_Get_Item". Blueprint:  Zhian_BP Function:  Steering Wheel Update Graph:  Steering Wheel Update Node:  Set Steering Angle
[2023.05.12-12.53.57:339][207]PIE: Error: Blueprint Runtime Error: "Accessed None trying to read property CallFunc_Array_Get_Item_1". Blueprint:  Zhian_BP Function:  Steering Wheel Update Graph:  Steering Wheel Update Node:  Set Steering Angle
[2023.05.12-12.53.57:355][208]LogScript: Warning: Script Msg: Attempted to access index 0 from array 'Wheels' of length 0 in '/Script/PhysXVehicles.WheeledVehicleMovementComponent'!
[2023.05.12-12.53.57:355][208]LogScript: Warning: Script Msg: Attempted to access index 1 from array 'Wheels' of length 0 in '/Script/PhysXVehicles.WheeledVehicleMovementComponent'!
[2023.05.12-12.53.57:355][208]PIE: Error: Blueprint Runtime Error: "Accessed None trying to read property CallFunc_Array_Get_Item". Blueprint:  Zhian_BP Function:  Steering Wheel Update Graph:  Steering Wheel Update Node:  Set Steering Angle
[2023.05.12-12.53.57:355][208]PIE: Error: Blueprint Runtime Error: "Accessed None trying to read property CallFunc_Array_Get_Item_1". Blueprint:  Zhian_BP Function:  Steering Wheel Update Graph:  Steering Wheel Update Node:  Set Steering Angle
[2023.05.12-12.53.57:406][208]LogSlate: Updating window title bar state: overlay mode, drag disabled, window buttons hidden, title bar hidden
[2023.05.12-12.53.57:406][208]LogWorld: BeginTearingDown for /Game/StarterContent/Maps/UEDPIE_0_Minimal_Default
[2023.05.12-12.53.57:406][208]LogWorld: UWorld::CleanupWorld for Minimal_Default, bSessionEnded=true, bCleanupResources=true
[2023.05.12-12.53.57:407][208]LogSlate: InvalidateAllWidgets triggered.  All widgets were invalidated
[2023.05.12-12.53.57:422][208]LogPlayLevel: Display: Shutting down PIE online subsystems
[2023.05.12-12.53.57:426][208]LogSlate: InvalidateAllWidgets triggered.  All widgets were invalidated
[2023.05.12-12.53.57:444][208]LogAudio: Display: Audio Device unregistered from world 'None'.
[2023.05.12-12.53.57:445][208]LogAudioMixer: FMixerPlatformXAudio2::StopAudioStream() called
[2023.05.12-12.53.57:446][208]LogAudioMixer: FMixerPlatformXAudio2::StopAudioStream() called
[2023.05.12-12.53.57:448][208]LogSlate: Updating window title bar state: overlay mode, drag disabled, window buttons hidden, title bar hidden
[2023.05.12-12.53.57:453][208]LogUObjectHash: Compacting FUObjectHashTables data took   1.86ms
[2023.05.12-12.53.57:553][209]LogPlayLevel: Display: Destroying online subsystem :Context_12
[2023.05.12-12.53.59:557][290]LogSlate: Window 'Message Log' being destroyed
[2023.05.12-12.53.59:584][290]LogSlate: Window 'Message Log' being destroyed
[2023.05.12-12.54.01:209][367]LogUObjectHash: Compacting FUObjectHashTables data took   2.34ms
[2023.05.12-12.54.03:036][367]LogSlate: Window 'Save Content' being destroyed
[2023.05.12-12.54.03:052][367]LogWorld: UWorld::CleanupWorld for World_1, bSessionEnded=true, bCleanupResources=true
[2023.05.12-12.54.03:052][367]LogSlate: InvalidateAllWidgets triggered.  All widgets were invalidated
[2023.05.12-12.54.03:118][367]LogSlate: Window 'SpeedLimit_UniAzad - Unreal Editor' being destroyed
[2023.05.12-12.54.03:233][368]Cmd: QUIT_EDITOR
[2023.05.12-12.54.03:233][368]LogCore: Engine exit requested (reason: UUnrealEdEngine::CloseEditor())
[2023.05.12-12.54.03:236][368]LogCore: Engine exit requested (reason: EngineExit() was called; note: exit was already requested)
[2023.05.12-12.54.03:426][368]LogAudio: Display: Beginning Audio Device Manager Shutdown (Module: AudioMixerXAudio2)...
[2023.05.12-12.54.03:426][368]LogAudio: Display: Destroying 1 Remaining Audio Device(s)...
[2023.05.12-12.54.03:426][368]LogAudio: Display: Audio Device unregistered from world 'Minimal_Default'.
[2023.05.12-12.54.03:426][368]LogAudioMixer: FMixerPlatformXAudio2::StopAudioStream() called
[2023.05.12-12.54.03:427][368]LogAudioMixer: FMixerPlatformXAudio2::StopAudioStream() called
[2023.05.12-12.54.03:440][368]LogAudio: Display: Audio Device Manager Shutdown
[2023.05.12-12.54.03:440][368]LogWindowsTextInputMethodSystem: Display: IME system deactivated.
[2023.05.12-12.54.03:444][368]LogExit: Preparing to exit.
[2023.05.12-12.54.04:198][368]LogUObjectHash: Compacting FUObjectHashTables data took   2.85ms
[2023.05.12-12.54.04:313][368]LogWorld: UWorld::CleanupWorld for World_7, bSessionEnded=true, bCleanupResources=true
[2023.05.12-12.54.04:316][368]LogWorld: UWorld::CleanupWorld for World_5, bSessionEnded=true, bCleanupResources=true
[2023.05.12-12.54.04:318][368]LogWorld: UWorld::CleanupWorld for World_8, bSessionEnded=true, bCleanupResources=true
[2023.05.12-12.54.04:321][368]LogWorld: UWorld::CleanupWorld for World_0, bSessionEnded=true, bCleanupResources=true
[2023.05.12-12.54.04:323][368]LogWorld: UWorld::CleanupWorld for World_4, bSessionEnded=true, bCleanupResources=true
[2023.05.12-12.54.04:325][368]LogWorld: UWorld::CleanupWorld for World_6, bSessionEnded=true, bCleanupResources=true
[2023.05.12-12.54.04:327][368]LogWorld: UWorld::CleanupWorld for World_9, bSessionEnded=true, bCleanupResources=true
[2023.05.12-12.54.04:330][368]LogWorld: UWorld::CleanupWorld for World_3, bSessionEnded=true, bCleanupResources=true
[2023.05.12-12.54.04:387][368]LogDemo: Cleaned up 0 splitscreen connections with owner deletion
[2023.05.12-12.54.04:394][368]LogWorld: UWorld::CleanupWorld for None, bSessionEnded=true, bCleanupResources=true
[2023.05.12-12.54.04:395][368]LogExit: Editor shut down
[2023.05.12-12.54.04:396][368]LogExit: Transaction tracking system shut down
[2023.05.12-12.54.04:672][368]LogExit: Object subsystem successfully closed.
[2023.05.12-12.54.04:683][368]LogShaderCompilers: Display: === FShaderJobCache stats ===
[2023.05.12-12.54.04:683][368]LogShaderCompilers: Display: Total job queries 0, among them cache hits 0 (0.00%)
[2023.05.12-12.54.04:683][368]LogShaderCompilers: Display: Tracking 0 distinct input hashes that result in 0 distinct outputs (0.00%)
[2023.05.12-12.54.04:683][368]LogShaderCompilers: Display: RAM used: 0.00 MB (0.00 GB) of 819.20 MB (0.80 GB) budget. Usage: 0.00%
[2023.05.12-12.54.04:683][368]LogShaderCompilers: Display: ================================================
[2023.05.12-12.54.04:689][368]LogShaderCompilers: Display: Shaders left to compile 0
[2023.05.12-12.54.04:701][368]LogModuleManager: Shutting down and abandoning module PinnedCommandList (884)
[2023.05.12-12.54.04:701][368]LogModuleManager: Shutting down and abandoning module SkeletonEditor (882)
[2023.05.12-12.54.04:701][368]LogModuleManager: Shutting down and abandoning module PhysicsAssetEditor (880)
[2023.05.12-12.54.04:701][368]LogModuleManager: Shutting down and abandoning module MovieSceneCapture (878)
[2023.05.12-12.54.04:701][368]LogModuleManager: Shutting down and abandoning module Voice (876)
[2023.05.12-12.54.04:701][368]LogModuleManager: Shutting down and abandoning module BlueprintGraph (874)
[2023.05.12-12.54.04:701][368]LogModuleManager: Shutting down and abandoning module HierarchicalLODOutliner (872)
[2023.05.12-12.54.04:701][368]LogModuleManager: Shutting down and abandoning module ExternalImagePicker (870)
[2023.05.12-12.54.04:701][368]LogModuleManager: Shutting down and abandoning module SceneOutliner (868)
[2023.05.12-12.54.04:701][368]LogModuleManager: Shutting down and abandoning module AddContentDialog (866)
[2023.05.12-12.54.04:701][368]LogModuleManager: Shutting down and abandoning module WidgetCarousel (865)
[2023.05.12-12.54.04:701][368]LogModuleManager: Shutting down and abandoning module EditorWidgets (862)
[2023.05.12-12.54.04:701][368]LogModuleManager: Shutting down and abandoning module StatsViewer (860)
[2023.05.12-12.54.04:701][368]LogModuleManager: Shutting down and abandoning module PIEPreviewDeviceProfileSelector (858)
[2023.05.12-12.54.04:701][368]LogModuleManager: Shutting down and abandoning module SequenceRecorderSections (856)
[2023.05.12-12.54.04:701][368]LogModuleManager: Shutting down and abandoning module AutomationWorker (854)
[2023.05.12-12.54.04:701][368]LogModuleManager: Shutting down and abandoning module SteamVREditor (852)
[2023.05.12-12.54.04:701][368]LogModuleManager: Shutting down and abandoning module OculusMR (850)
[2023.05.12-12.54.04:701][368]LogModuleManager: Shutting down and abandoning module TakeRecorderSources (848)
[2023.05.12-12.54.04:701][368]LogModuleManager: Shutting down and abandoning module TakeRecorder (847)
[2023.05.12-12.54.04:701][368]LogModuleManager: Shutting down and abandoning module TakeTrackRecorders (844)
[2023.05.12-12.54.04:701][368]LogModuleManager: Shutting down and abandoning module TakesCore (842)
[2023.05.12-12.54.04:701][368]LogModuleManager: Shutting down and abandoning module OpenXRInput (840)
[2023.05.12-12.54.04:701][368]LogModuleManager: Shutting down and abandoning module GooglePADEditor (838)
[2023.05.12-12.54.04:701][368]LogModuleManager: Shutting down and abandoning module AudioCaptureEditor (836)
[2023.05.12-12.54.04:701][368]LogModuleManager: Shutting down and abandoning module TemplateSequenceEditor (834)
[2023.05.12-12.54.04:701][368]LogModuleManager: Shutting down and abandoning module MatineeToLevelSequence (832)
[2023.05.12-12.54.04:701][368]LogModuleManager: Shutting down and abandoning module LevelSequenceEditor (830)
[2023.05.12-12.54.04:701][368]LogModuleManager: Shutting down and abandoning module ActorSequenceEditor (828)
[2023.05.12-12.54.04:701][368]LogModuleManager: Shutting down and abandoning module WmfMediaFactory (826)
[2023.05.12-12.54.04:701][368]LogModuleManager: Shutting down and abandoning module WmfMediaEditor (824)
[2023.05.12-12.54.04:701][368]LogModuleManager: Shutting down and abandoning module WebMMediaFactory (822)
[2023.05.12-12.54.04:701][368]LogModuleManager: Shutting down and abandoning module WebMMediaEditor (820)
[2023.05.12-12.54.04:701][368]LogModuleManager: Shutting down and abandoning module WebMMedia (818)
[2023.05.12-12.54.04:701][368]LogModuleManager: Shutting down and abandoning module MediaPlayerEditor (816)
[2023.05.12-12.54.04:701][368]LogModuleManager: Shutting down and abandoning module MediaCompositingEditor (814)
[2023.05.12-12.54.04:701][368]LogModuleManager: Shutting down and abandoning module SequenceRecorder (813)
[2023.05.12-12.54.04:702][368]LogModuleManager: Shutting down and abandoning module OpenExrWrapper (810)
[2023.05.12-12.54.04:702][368]LogModuleManager: Shutting down and abandoning module ImgMediaFactory (808)
[2023.05.12-12.54.04:702][368]LogModuleManager: Shutting down and abandoning module ImgMediaEditor (806)
[2023.05.12-12.54.04:702][368]LogModuleManager: Shutting down and abandoning module MagicLeapMediaCodecFactory (804)
[2023.05.12-12.54.04:702][368]LogModuleManager: Shutting down and abandoning module MagicLeapMediaFactory (802)
[2023.05.12-12.54.04:702][368]LogModuleManager: Shutting down and abandoning module MagicLeapMediaEditor (800)
[2023.05.12-12.54.04:702][368]LogModuleManager: Shutting down and abandoning module AvfMediaFactory (798)
[2023.05.12-12.54.04:702][368]LogModuleManager: Shutting down and abandoning module AvfMediaEditor (796)
[2023.05.12-12.54.04:702][368]LogModuleManager: Shutting down and abandoning module AndroidMediaFactory (794)
[2023.05.12-12.54.04:702][368]LogModuleManager: Shutting down and abandoning module AndroidMediaEditor (792)
[2023.05.12-12.54.04:702][368]LogModuleManager: Shutting down and abandoning module PlanarCut (790)
[2023.05.12-12.54.04:702][368]LogModuleManager: Shutting down and abandoning module CharacterAI (788)
[2023.05.12-12.54.04:702][368]LogModuleManager: Shutting down and abandoning module TextureAlignMode (786)
[2023.05.12-12.54.04:702][368]LogModuleManager: Shutting down and abandoning module BspMode (784)
[2023.05.12-12.54.04:702][368]LogModuleManager: Shutting down and abandoning module GeometryMode (782)
[2023.05.12-12.54.04:702][368]LogModuleManager: Shutting down and abandoning module CameraShakePreviewer (780)
[2023.05.12-12.54.04:702][368]LogModuleManager: Shutting down and abandoning module SmartSnapping (778)
[2023.05.12-12.54.04:702][368]LogModuleManager: Shutting down and abandoning module SessionServices (776)
[2023.05.12-12.54.04:702][368]LogModuleManager: Shutting down and abandoning module MeshPaint (774)
[2023.05.12-12.54.04:702][368]LogModuleManager: Shutting down and abandoning module VirtualTexturingEditor (772)
[2023.05.12-12.54.04:702][368]LogModuleManager: Shutting down and abandoning module FoliageEdit (770)
[2023.05.12-12.54.04:702][368]LogModuleManager: Shutting down and abandoning module LandscapeEditor (768)
[2023.05.12-12.54.04:702][368]LogModuleManager: Shutting down and abandoning module MeshPaintMode (766)
[2023.05.12-12.54.04:702][368]LogModuleManager: Shutting down and abandoning module SceneDepthPickerMode (764)
[2023.05.12-12.54.04:702][368]LogModuleManager: Shutting down and abandoning module ActorPickerMode (762)
[2023.05.12-12.54.04:702][368]LogModuleManager: Shutting down and abandoning module PlacementMode (760)
[2023.05.12-12.54.04:702][368]LogModuleManager: Shutting down and abandoning module ViewportSnapping (758)
[2023.05.12-12.54.04:702][368]LogModuleManager: Shutting down and abandoning module ViewportInteraction (756)
[2023.05.12-12.54.04:702][368]LogModuleManager: Shutting down and abandoning module ClothPainter (754)
[2023.05.12-12.54.04:702][368]LogModuleManager: Shutting down and abandoning module SkeletalMeshEditor (753)
[2023.05.12-12.54.04:702][368]LogModuleManager: Shutting down and abandoning module LogVisualizer (750)
[2023.05.12-12.54.04:702][368]LogModuleManager: Shutting down and abandoning module IntroTutorials (748)
[2023.05.12-12.54.04:702][368]LogModuleManager: Shutting down and abandoning module GameProjectGeneration (747)
[2023.05.12-12.54.04:702][368]LogModuleManager: Shutting down and abandoning module LuminPlatformEditor (744)
[2023.05.12-12.54.04:702][368]LogModuleManager: Shutting down and abandoning module IOSPlatformEditor (742)
[2023.05.12-12.54.04:702][368]LogModuleManager: Shutting down and abandoning module AndroidPlatformEditor (740)
[2023.05.12-12.54.04:702][368]LogModuleManager: Shutting down and abandoning module AndroidDeviceDetection (739)
[2023.05.12-12.54.05:100][368]LogModuleManager: Shutting down and abandoning module WindowsPlatformEditor (736)
[2023.05.12-12.54.05:100][368]LogModuleManager: Shutting down and abandoning module LuminRuntimeSettings (734)
[2023.05.12-12.54.05:100][368]LogModuleManager: Shutting down and abandoning module IOSRuntimeSettings (732)
[2023.05.12-12.54.05:100][368]LogModuleManager: Shutting down and abandoning module AndroidRuntimeSettings (730)
[2023.05.12-12.54.05:100][368]LogModuleManager: Shutting down and abandoning module TraceInsights (728)
[2023.05.12-12.54.05:100][368]MemoryProfiler: Shutdown
[2023.05.12-12.54.05:100][368]NetworkingProfiler: Shutdown
[2023.05.12-12.54.05:100][368]LoadingProfiler: Shutdown
[2023.05.12-12.54.05:100][368]TimingProfiler: Shutdown
[2023.05.12-12.54.05:100][368]LogModuleManager: Shutting down and abandoning module TraceServices (727)
[2023.05.12-12.54.05:100][368]LogModuleManager: Shutting down and abandoning module EditorInteractiveToolsFramework (724)
[2023.05.12-12.54.05:100][368]LogModuleManager: Shutting down and abandoning module TimeManagementEditor (722)
[2023.05.12-12.54.05:100][368]LogModuleManager: Shutting down and abandoning module InputBindingEditor (720)
[2023.05.12-12.54.05:100][368]LogModuleManager: Shutting down and abandoning module MergeActors (718)
[2023.05.12-12.54.05:100][368]LogModuleManager: Shutting down and abandoning module LocalizationDashboard (716)
[2023.05.12-12.54.05:100][368]LogModuleManager: Shutting down and abandoning module LocalizationService (715)
[2023.05.12-12.54.05:100][368]LogModuleManager: Shutting down and abandoning module HardwareTargeting (712)
[2023.05.12-12.54.05:100][368]LogModuleManager: Shutting down and abandoning module DeviceProfileEditor (710)
[2023.05.12-12.54.05:100][368]LogModuleManager: Shutting down and abandoning module UndoHistory (708)
[2023.05.12-12.54.05:100][368]LogModuleManager: Shutting down and abandoning module XmlParser (706)
[2023.05.12-12.54.05:100][368]LogModuleManager: Shutting down and abandoning module Blutility (704)
[2023.05.12-12.54.05:100][368]LogModuleManager: Shutting down and abandoning module ProjectSettingsViewer (702)
[2023.05.12-12.54.05:100][368]LogModuleManager: Shutting down and abandoning module ProjectTargetPlatformEditor (701)
[2023.05.12-12.54.05:100][368]LogModuleManager: Shutting down and abandoning module EditorSettingsViewer (698)
[2023.05.12-12.54.05:100][368]LogModuleManager: Shutting down and abandoning module InternationalizationSettings (697)
[2023.05.12-12.54.05:100][368]LogModuleManager: Shutting down and abandoning module SettingsEditor (694)
[2023.05.12-12.54.05:100][368]LogModuleManager: Shutting down and abandoning module ProjectLauncher (692)
[2023.05.12-12.54.05:100][368]LogModuleManager: Shutting down and abandoning module SessionFrontend (690)
[2023.05.12-12.54.05:100][368]LogModuleManager: Shutting down and abandoning module ProfilerClient (688)
[2023.05.12-12.54.05:100][368]LogModuleManager: Shutting down and abandoning module DeviceManager (686)
[2023.05.12-12.54.05:100][368]LogModuleManager: Shutting down and abandoning module TargetDeviceServices (685)
[2023.05.12-12.54.05:133][368]LogModuleManager: Shutting down and abandoning module AutomationController (682)
[2023.05.12-12.54.05:133][368]LogModuleManager: Shutting down and abandoning module AutomationWindow (680)
[2023.05.12-12.54.05:133][368]LogModuleManager: Shutting down and abandoning module Layers (678)
[2023.05.12-12.54.05:133][368]LogModuleManager: Shutting down and abandoning module ComponentVisualizers (676)
[2023.05.12-12.54.05:133][368]LogModuleManager: Shutting down and abandoning module DetailCustomizations (674)
[2023.05.12-12.54.05:133][368]LogModuleManager: Shutting down and abandoning module PackagesDialog (672)
[2023.05.12-12.54.05:133][368]LogModuleManager: Shutting down and abandoning module AnimationBlueprintEditor (670)
[2023.05.12-12.54.05:133][368]LogModuleManager: Shutting down and abandoning module Persona (668)
[2023.05.12-12.54.05:133][368]LogModuleManager: Shutting down and abandoning module AdvancedPreviewScene (667)
[2023.05.12-12.54.05:133][368]LogModuleManager: Shutting down and abandoning module AnimGraph (665)
[2023.05.12-12.54.05:133][368]LogModuleManager: Shutting down and abandoning module Kismet (662)
[2023.05.12-12.54.05:145][368]LogModuleManager: Shutting down and abandoning module KismetWidgets (661)
[2023.05.12-12.54.05:145][368]LogModuleManager: Shutting down and abandoning module GraphEditor (658)
[2023.05.12-12.54.05:145][368]LogModuleManager: Shutting down and abandoning module StructViewer (656)
[2023.05.12-12.54.05:145][368]LogModuleManager: Shutting down and abandoning module ClassViewer (654)
[2023.05.12-12.54.05:146][368]LogModuleManager: Shutting down and abandoning module Toolbox (652)
[2023.05.12-12.54.05:146][368]LogModuleManager: Shutting down and abandoning module ModuleUI (650)
[2023.05.12-12.54.05:146][368]LogModuleManager: Shutting down and abandoning module OutputLog (648)
[2023.05.12-12.54.05:147][368]LogModuleManager: Shutting down and abandoning module GammaUI (646)
[2023.05.12-12.54.05:147][368]LogModuleManager: Shutting down and abandoning module Documentation (644)
[2023.05.12-12.54.05:147][368]LogModuleManager: Shutting down and abandoning module LiveCoding (642)
[2023.05.12-12.54.05:147][368]LogModuleManager: Shutting down and abandoning module LevelSequence (640)
[2023.05.12-12.54.05:147][368]LogModuleManager: Shutting down and abandoning module MovieSceneTracks (638)
[2023.05.12-12.54.05:147][368]LogModuleManager: Shutting down and abandoning module MovieScene (636)
[2023.05.12-12.54.05:147][368]LogModuleManager: Shutting down and abandoning module StreamingPauseRendering (634)
[2023.05.12-12.54.05:147][368]LogModuleManager: Shutting down and abandoning module LauncherPlatform (632)
[2023.05.12-12.54.05:147][368]LogModuleManager: Shutting down and abandoning module AnalyticsET (630)
[2023.05.12-12.54.05:147][368]LogModuleManager: Shutting down and abandoning module PortalServices (628)
[2023.05.12-12.54.05:147][368]LogModuleManager: Shutting down and abandoning module PortalRpc (626)
[2023.05.12-12.54.05:147][368]LogModuleManager: Shutting down and abandoning module MessagingRpc (624)
[2023.05.12-12.54.05:147][368]LogModuleManager: Shutting down and abandoning module AudioMixerXAudio2 (622)
[2023.05.12-12.54.05:147][368]LogModuleManager: Shutting down and abandoning module AudioMixerCore (621)
[2023.05.12-12.54.05:147][368]LogModuleManager: Shutting down and abandoning module AIModule (618)
[2023.05.12-12.54.05:147][368]LogModuleManager: Shutting down and abandoning module GameplayDebugger (617)
[2023.05.12-12.54.05:147][368]LogModuleManager: Shutting down and abandoning module AITestSuite (615)
[2023.05.12-12.54.05:147][368]LogModuleManager: Shutting down and abandoning module NavigationSystem (613)
[2023.05.12-12.54.05:147][368]LogModuleManager: Shutting down and abandoning module ImageWriteQueue (610)
[2023.05.12-12.54.05:147][368]LogModuleManager: Shutting down and abandoning module ProfilerService (608)
[2023.05.12-12.54.05:290][368]LogModuleManager: Shutting down and abandoning module TaskGraph (606)
[2023.05.12-12.54.05:290][368]LogModuleManager: Shutting down and abandoning module AudioSynesthesiaEditor (604)
[2023.05.12-12.54.05:290][368]LogModuleManager: Shutting down and abandoning module OculusEditor (602)
[2023.05.12-12.54.05:290][368]LogModuleManager: Shutting down and abandoning module OculusInput (600)
[2023.05.12-12.54.05:290][368]LogModuleManager: Shutting down and abandoning module ContentBrowserClassDataSource (598)
[2023.05.12-12.54.05:290][368]LogModuleManager: Shutting down and abandoning module ContentBrowserFileDataSource (596)
[2023.05.12-12.54.05:290][368]LogModuleManager: Shutting down and abandoning module ContentBrowserAssetDataSource (594)
[2023.05.12-12.54.05:290][368]LogModuleManager: Shutting down and abandoning module CollectionManager (593)
[2023.05.12-12.54.05:290][368]LogModuleManager: Shutting down and abandoning module ScreenshotTools (590)
[2023.05.12-12.54.05:290][368]LogModuleManager: Shutting down and abandoning module TakeSequencer (588)
[2023.05.12-12.54.05:290][368]LogModuleManager: Shutting down and abandoning module TakeMovieScene (586)
[2023.05.12-12.54.05:290][368]LogModuleManager: Shutting down and abandoning module SynthesisEditor (584)
[2023.05.12-12.54.05:290][368]LogModuleManager: Shutting down and abandoning module Synthesis (582)
[2023.05.12-12.54.05:290][368]LogModuleManager: Shutting down and abandoning module ProceduralMeshComponentEditor (580)
[2023.05.12-12.54.05:290][368]LogModuleManager: Shutting down and abandoning module ProceduralMeshComponent (578)
[2023.05.12-12.54.05:290][368]LogModuleManager: Shutting down and abandoning module OpenXREditor (576)
[2023.05.12-12.54.05:290][368]LogModuleManager: Shutting down and abandoning module MobilePatchingUtils (574)
[2023.05.12-12.54.05:290][368]LogModuleManager: Shutting down and abandoning module GooglePAD (572)
[2023.05.12-12.54.05:290][368]LogModuleManager: Shutting down and abandoning module EditableMesh (570)
[2023.05.12-12.54.05:290][368]LogModuleManager: Shutting down and abandoning module CustomMeshComponent (568)
[2023.05.12-12.54.05:290][368]LogModuleManager: Shutting down and abandoning module CableComponent (566)
[2023.05.12-12.54.05:290][368]LogModuleManager: Shutting down and abandoning module AssetTags (564)
[2023.05.12-12.54.05:290][368]LogModuleManager: Shutting down and abandoning module AudioCapture (562)
[2023.05.12-12.54.05:290][368]LogModuleManager: Shutting down and abandoning module AudioCaptureRtAudio (561)
[2023.05.12-12.54.05:290][368]LogModuleManager: Shutting down and abandoning module ArchVisCharacter (558)
[2023.05.12-12.54.05:290][368]LogModuleManager: Shutting down and abandoning module AppleImageUtilsBlueprintSupport (556)
[2023.05.12-12.54.05:290][368]LogModuleManager: Shutting down and abandoning module AppleImageUtils (554)
[2023.05.12-12.54.05:290][368]LogModuleManager: Shutting down and abandoning module AndroidPermission (552)
[2023.05.12-12.54.05:290][368]LogModuleManager: Shutting down and abandoning module ActorLayerUtilitiesEditor (550)
[2023.05.12-12.54.05:290][368]LogModuleManager: Shutting down and abandoning module ActorLayerUtilities (548)
[2023.05.12-12.54.05:290][368]LogModuleManager: Shutting down and abandoning module TemplateSequence (546)
[2023.05.12-12.54.05:290][368]LogModuleManager: Shutting down and abandoning module MediaCompositing (544)
[2023.05.12-12.54.05:290][368]LogModuleManager: Shutting down and abandoning module ImgMedia (542)
[2023.05.12-12.54.05:290][368]LogModuleManager: Shutting down and abandoning module MagicLeapSharedWorld (540)
[2023.05.12-12.54.05:290][368]LogModuleManager: Shutting down and abandoning module MagicLeapLightEstimation (538)
[2023.05.12-12.54.05:290][368]LogModuleManager: Shutting down and abandoning module MagicLeapHelperVulkan (536)
[2023.05.12-12.54.05:290][368]LogModuleManager: Shutting down and abandoning module MagicLeapHelperOpenGL (534)
[2023.05.12-12.54.05:290][368]LogModuleManager: Shutting down and abandoning module MagicLeapAudio (532)
[2023.05.12-12.54.05:290][368]LogModuleManager: Shutting down and abandoning module OpenImageDenoise (530)
[2023.05.12-12.54.05:290][368]LogOpenImageDenoise: OIDN shutting down
[2023.05.12-12.54.05:290][368]LogModuleManager: Shutting down and abandoning module MotoSynthEditor (528)
[2023.05.12-12.54.05:290][368]LogModuleManager: Shutting down and abandoning module MotoSynth (526)
[2023.05.12-12.54.05:290][368]LogModuleManager: Shutting down and abandoning module MeshConversion (524)
[2023.05.12-12.54.05:290][368]LogModuleManager: Shutting down and abandoning module DynamicMesh (522)
[2023.05.12-12.54.05:290][368]LogModuleManager: Shutting down and abandoning module GeometryAlgorithms (520)
[2023.05.12-12.54.05:290][368]LogModuleManager: Shutting down and abandoning module GeometricObjects (518)
[2023.05.12-12.54.05:290][368]LogModuleManager: Shutting down and abandoning module GeometryCollectionTracks (516)
[2023.05.12-12.54.05:290][368]LogModuleManager: Shutting down and abandoning module GeometryCollectionSequencer (515)
[2023.05.12-12.54.05:290][368]LogModuleManager: Shutting down and abandoning module GeometryCollectionEditor (512)
[2023.05.12-12.54.05:290][368]LogModuleManager: Shutting down and abandoning module GeometryCacheTracks (510)
[2023.05.12-12.54.05:290][368]LogModuleManager: Shutting down and abandoning module GeometryCacheStreamer (508)
[2023.05.12-12.54.05:290][368]LogModuleManager: Shutting down and abandoning module GeometryCacheSequencer (506)
[2023.05.12-12.54.05:290][368]LogModuleManager: Shutting down and abandoning module ChaosNiagara (504)
[2023.05.12-12.54.05:290][368]LogModuleManager: Shutting down and abandoning module ChaosSolverEditor (502)
[2023.05.12-12.54.05:290][368]LogModuleManager: Shutting down and abandoning module FractureEditor (500)
[2023.05.12-12.54.05:290][368]LogModuleManager: Shutting down and abandoning module FieldSystemEngine (499)
[2023.05.12-12.54.05:290][368]LogModuleManager: Shutting down and abandoning module ChaosClothEditor (496)
[2023.05.12-12.54.05:290][368]LogModuleManager: Shutting down and abandoning module BackChannel (494)
[2023.05.12-12.54.05:290][368]LogModuleManager: Shutting down and abandoning module NiagaraEditorWidgets (492)
[2023.05.12-12.54.05:291][368]LogModuleManager: Shutting down and abandoning module AutomationUtilsEditor (490)
[2023.05.12-12.54.05:291][368]LogModuleManager: Shutting down and abandoning module AutomationUtils (488)
[2023.05.12-12.54.05:291][368]LogModuleManager: Shutting down and abandoning module AlembicImporter (486)
[2023.05.12-12.54.05:291][368]LogModuleManager: Shutting down and abandoning module AlembicLibrary (485)
[2023.05.12-12.54.05:291][368]LogModuleManager: Shutting down and abandoning module GeometryCache (484)
[2023.05.12-12.54.05:291][368]LogModuleManager: Shutting down and abandoning module GeometryCacheEd (483)
[2023.05.12-12.54.05:291][368]LogModuleManager: Shutting down and abandoning module MaterialAnalyzer (478)
[2023.05.12-12.54.05:291][368]LogModuleManager: Shutting down and abandoning module SpeedTreeImporter (476)
[2023.05.12-12.54.05:291][368]LogModuleManager: Shutting down and abandoning module PluginBrowser (474)
[2023.05.12-12.54.05:291][368]LogModuleManager: Shutting down and abandoning module MobileLauncherProfileWizard (472)
[2023.05.12-12.54.05:291][368]LogModuleManager: Shutting down and abandoning module CryptoKeysOpenSSL (470)
[2023.05.12-12.54.05:291][368]LogModuleManager: Shutting down and abandoning module CryptoKeys (468)
[2023.05.12-12.54.05:291][368]LogModuleManager: Shutting down and abandoning module CurveEditorTools (466)
[2023.05.12-12.54.05:291][368]LogModuleManager: Shutting down and abandoning module VariantManagerContentEditor (464)
[2023.05.12-12.54.05:291][368]LogModuleManager: Shutting down and abandoning module DatasmithContentEditor (462)
[2023.05.12-12.54.05:291][368]LogModuleManager: Shutting down and abandoning module VisualStudioCodeSourceCodeAccess (460)
[2023.05.12-12.54.05:291][368]LogModuleManager: Shutting down and abandoning module VisualStudioSourceCodeAccess (458)
[2023.05.12-12.54.05:291][368]LogModuleManager: Shutting down and abandoning module UObjectPlugin (456)
[2023.05.12-12.54.05:291][368]LogModuleManager: Shutting down and abandoning module SubversionSourceControl (454)
[2023.05.12-12.54.05:291][368]LogModuleManager: Shutting down and abandoning module RiderSourceCodeAccess (452)
[2023.05.12-12.54.05:291][368]LogModuleManager: Shutting down and abandoning module PlasticSourceControl (450)
[2023.05.12-12.54.05:291][368]LogModuleManager: Shutting down and abandoning module PluginUtils (448)
[2023.05.12-12.54.05:291][368]LogModuleManager: Shutting down and abandoning module PerforceSourceControl (446)
[2023.05.12-12.54.05:291][368]LogModuleManager: Shutting down and abandoning module GitSourceControl (444)
[2023.05.12-12.54.05:291][368]LogModuleManager: Shutting down and abandoning module SourceControl (443)
[2023.05.12-12.54.05:291][368]LogModuleManager: Shutting down and abandoning module CLionSourceCodeAccess (440)
[2023.05.12-12.54.05:291][368]LogModuleManager: Shutting down and abandoning module OodleNetworkHandlerComponent (438)
[2023.05.12-12.54.05:291][368]LogModuleManager: Shutting down and abandoning module AnimationSharingEd (436)
[2023.05.12-12.54.05:291][368]LogModuleManager: Shutting down and abandoning module GameplayCameras (434)
[2023.05.12-12.54.05:291][368]LogModuleManager: Shutting down and abandoning module LightPropagationVolumeEditor (432)
[2023.05.12-12.54.05:291][368]LogModuleManager: Shutting down and abandoning module LiveLinkSequencer (430)
[2023.05.12-12.54.05:291][368]LogModuleManager: Shutting down and abandoning module LiveLinkMovieScene (428)
[2023.05.12-12.54.05:291][368]LogModuleManager: Shutting down and abandoning module LiveLinkGraphNode (426)
[2023.05.12-12.54.05:291][368]LogModuleManager: Shutting down and abandoning module LiveLinkEditor (424)
[2023.05.12-12.54.05:291][368]LogModuleManager: Shutting down and abandoning module LiveLinkComponents (422)
[2023.05.12-12.54.05:291][368]LogModuleManager: Shutting down and abandoning module LiveLink (420)
[2023.05.12-12.54.06:217][368]LogModuleManager: Shutting down and abandoning module PaperTiledImporter (418)
[2023.05.12-12.54.06:217][368]LogModuleManager: Shutting down and abandoning module PaperSpriteSheetImporter (416)
[2023.05.12-12.54.06:217][368]LogModuleManager: Shutting down and abandoning module Paper2DEditor (414)
[2023.05.12-12.54.06:217][368]LogModuleManager: Shutting down and abandoning module MeshPaintingToolset (412)
[2023.05.12-12.54.06:217][368]LogModuleManager: Shutting down and abandoning module MeshPaintEditorMode (410)
[2023.05.12-12.54.06:217][368]LogModuleManager: Shutting down and abandoning module SoundFields (408)
[2023.05.12-12.54.06:217][368]LogModuleManager: Shutting down and abandoning module RuntimePhysXCooking (406)
[2023.05.12-12.54.06:217][368]LogModuleManager: Shutting down and abandoning module SignificanceManager (404)
[2023.05.12-12.54.06:217][368]LogModuleManager: Shutting down and abandoning module PropertyAccessEditor (402)
[2023.05.12-12.54.06:217][368]LogModuleManager: Shutting down and abandoning module PhysXVehiclesEditor (400)
[2023.05.12-12.54.06:217][368]LogModuleManager: Shutting down and abandoning module LocationServicesBPLibrary (396)
[2023.05.12-12.54.06:217][368]LogModuleManager: Shutting down and abandoning module AudioSynesthesia (394)
[2023.05.12-12.54.06:217][368]LogModuleManager: Shutting down and abandoning module AudioSynesthesiaCore (392)
[2023.05.12-12.54.06:217][368]LogModuleManager: Shutting down and abandoning module UdpMessaging (390)
[2023.05.12-12.54.06:317][368]LogModuleManager: Shutting down and abandoning module ActorSequence (388)
[2023.05.12-12.54.06:317][368]LogModuleManager: Shutting down and abandoning module TcpMessaging (386)
[2023.05.12-12.54.06:418][368]LogModuleManager: Shutting down and abandoning module ImgMediaEngine (384)
[2023.05.12-12.54.06:418][368]LogModuleManager: Shutting down and abandoning module MagicLeapARPin (382)
[2023.05.12-12.54.06:418][368]LogModuleManager: Shutting down and abandoning module MagicLeapHandMeshing (380)
[2023.05.12-12.54.06:418][368]LogModuleManager: Shutting down and abandoning module MagicLeapSecureStorage (378)
[2023.05.12-12.54.06:418][368]LogModuleManager: Shutting down and abandoning module MagicLeapPrivileges (376)
[2023.05.12-12.54.06:418][368]LogModuleManager: Shutting down and abandoning module MagicLeapPlanes (374)
[2023.05.12-12.54.06:418][368]LogMagicLeapPlanes: Planes tracker already destroyed.
[2023.05.12-12.54.06:418][368]LogModuleManager: Shutting down and abandoning module MagicLeapImageTracker (372)
[2023.05.12-12.54.06:418][368]LogModuleManager: Shutting down and abandoning module MagicLeapIdentity (370)
[2023.05.12-12.54.06:418][368]LogModuleManager: Shutting down and abandoning module MagicLeapHandTracking (368)
[2023.05.12-12.54.06:418][368]LogModuleManager: Shutting down and abandoning module MagicLeapEyeTracker (366)
[2023.05.12-12.54.06:418][368]LogModuleManager: Shutting down and abandoning module MagicLeapController (364)
[2023.05.12-12.54.06:418][368]LogModuleManager: Shutting down and abandoning module MagicLeapARPinImpl (362)
[2023.05.12-12.54.06:418][368]LogModuleManager: Shutting down and abandoning module MagicLeapAR (360)
[2023.05.12-12.54.06:418][368]LogModuleManager: Shutting down and abandoning module PythonScriptPlugin (358)
[2023.05.12-12.54.06:418][368]LogModuleManager: Shutting down and abandoning module NiagaraAnimNotifies (356)
[2023.05.12-12.54.06:418][368]LogModuleManager: Shutting down and abandoning module Niagara (354)
[2023.05.12-12.54.06:418][368]LogModuleManager: Shutting down and abandoning module SignalProcessing (353)
[2023.05.12-12.54.06:418][368]LogModuleManager: Shutting down and abandoning module NiagaraEditor (351)
[2023.05.12-12.54.06:419][368]LogModuleManager: Shutting down and abandoning module NiagaraCore (348)
[2023.05.12-12.54.06:419][368]LogModuleManager: Shutting down and abandoning module GameplayTagsEditor (346)
[2023.05.12-12.54.06:419][368]LogModuleManager: Shutting down and abandoning module FacialAnimationEditor (344)
[2023.05.12-12.54.06:419][368]LogModuleManager: Shutting down and abandoning module FacialAnimation (342)
[2023.05.12-12.54.06:419][368]LogModuleManager: Shutting down and abandoning module DataValidation (340)
[2023.05.12-12.54.06:419][368]LogModuleManager: Shutting down and abandoning module AssetManagerEditor (338)
[2023.05.12-12.54.06:419][368]LogModuleManager: Shutting down and abandoning module LevelEditor (337)
[2023.05.12-12.54.06:421][368]LogModuleManager: Shutting down and abandoning module PixelInspectorModule (336)
[2023.05.12-12.54.06:421][368]LogModuleManager: Shutting down and abandoning module CommonMenuExtensions (334)
[2023.05.12-12.54.06:421][368]LogModuleManager: Shutting down and abandoning module MainFrame (332)
[2023.05.12-12.54.06:421][368]LogModuleManager: Shutting down and abandoning module HotReload (331)
[2023.05.12-12.54.06:422][368]LogModuleManager: Shutting down and abandoning module ToolMenus (327)
[2023.05.12-12.54.06:422][368]LogModuleManager: Shutting down and abandoning module ContentBrowser (325)
[2023.05.12-12.54.06:422][368]LogModuleManager: Shutting down and abandoning module ContentBrowserData (324)
[2023.05.12-12.54.06:422][368]LogModuleManager: Shutting down and abandoning module TreeMap (321)
[2023.05.12-12.54.06:422][368]LogModuleManager: Shutting down and abandoning module PropertyAccessNode (318)
[2023.05.12-12.54.06:422][368]LogModuleManager: Shutting down and abandoning module AnimationSharing (316)
[2023.05.12-12.54.06:422][368]LogModuleManager: Shutting down and abandoning module LightPropagationVolumeRuntime (314)
[2023.05.12-12.54.06:422][368]LogModuleManager: Shutting down and abandoning module EnvironmentQueryEditor (312)
[2023.05.12-12.54.06:422][368]LogModuleManager: Shutting down and abandoning module Paper2D (310)
[2023.05.12-12.54.06:422][368]LogModuleManager: Shutting down and abandoning module WindowsMoviePlayer (308)
[2023.05.12-12.54.06:424][368]LogModuleManager: Shutting down and abandoning module WebMMoviePlayer (306)
[2023.05.12-12.54.06:425][368]LogModuleManager: Shutting down and abandoning module NetworkReplayStreaming (304)
[2023.05.12-12.54.06:425][368]LogModuleManager: Shutting down and abandoning module PacketHandler (302)
[2023.05.12-12.54.06:425][368]LogModuleManager: Shutting down and abandoning module ClothingSystemEditor (300)
[2023.05.12-12.54.06:425][368]LogModuleManager: Shutting down and abandoning module ClothingSystemRuntimeNv (298)
[2023.05.12-12.54.06:425][368]LogModuleManager: Shutting down and abandoning module MediaAssets (296)
[2023.05.12-12.54.06:425][368]LogModuleManager: Shutting down and abandoning module Overlay (294)
[2023.05.12-12.54.06:425][368]LogModuleManager: Shutting down and abandoning module OverlayEditor (293)
[2023.05.12-12.54.06:425][368]LogModuleManager: Shutting down and abandoning module VREditor (290)
[2023.05.12-12.54.06:425][368]LogModuleManager: Shutting down and abandoning module StringTableEditor (288)
[2023.05.12-12.54.06:425][368]LogModuleManager: Shutting down and abandoning module GameplayTasksEditor (286)
[2023.05.12-12.54.06:425][368]LogModuleManager: Shutting down and abandoning module BehaviorTreeEditor (284)
[2023.05.12-12.54.06:425][368]LogModuleManager: Shutting down and abandoning module FunctionalTesting (282)
[2023.05.12-12.54.06:425][368]LogModuleManager: Shutting down and abandoning module CollisionAnalyzer (280)
[2023.05.12-12.54.06:425][368]LogModuleManager: Shutting down and abandoning module WorkspaceMenuStructure (279)
[2023.05.12-12.54.06:425][368]LogModuleManager: Shutting down and abandoning module UMG (276)
[2023.05.12-12.54.06:425][368]LogModuleManager: Shutting down and abandoning module UMGEditor (275)
[2023.05.12-12.54.06:425][368]LogModuleManager: Shutting down and abandoning module MessageLog (273)
[2023.05.12-12.54.06:425][368]LogModuleManager: Shutting down and abandoning module SlateReflector (268)
[2023.05.12-12.54.06:425][368]LogModuleManager: Shutting down and abandoning module Slate (266)
[2023.05.12-12.54.06:425][368]LogModuleManager: Shutting down and abandoning module SlateCore (264)
[2023.05.12-12.54.06:425][368]LogModuleManager: Shutting down and abandoning module LandscapeEditorUtilities (262)
[2023.05.12-12.54.06:425][368]LogModuleManager: Shutting down and abandoning module UnrealEd (260)
[2023.05.12-12.54.06:425][368]LogModuleManager: Shutting down and abandoning module MRMesh (258)
[2023.05.12-12.54.06:425][368]LogModuleManager: Shutting down and abandoning module SourceCodeAccess (256)
[2023.05.12-12.54.06:425][368]LogModuleManager: Shutting down and abandoning module HeadMountedDisplay (254)
[2023.05.12-12.54.06:425][368]LogModuleManager: Shutting down and abandoning module XAudio2 (252)
[2023.05.12-12.54.06:425][368]LogModuleManager: Shutting down and abandoning module Networking (250)
[2023.05.12-12.54.06:425][368]LogModuleManager: Shutting down and abandoning module Core (248)
[2023.05.12-12.54.06:425][368]LogModuleManager: Shutting down and abandoning module MaterialEditor (246)
[2023.05.12-12.54.06:425][368]LogModuleManager: Shutting down and abandoning module MovieSceneTools (244)
[2023.05.12-12.54.06:425][368]LogModuleManager: Shutting down and abandoning module CurveEditor (243)
[2023.05.12-12.54.06:425][368]LogModuleManager: Shutting down and abandoning module Sequencer (241)
[2023.05.12-12.54.06:425][368]LogModuleManager: Shutting down and abandoning module EditorStyle (240)
[2023.05.12-12.54.06:426][368]LogModuleManager: Shutting down and abandoning module KismetCompiler (236)
[2023.05.12-12.54.06:426][368]LogModuleManager: Shutting down and abandoning module MeshBuilder (234)
[2023.05.12-12.54.06:426][368]LogModuleManager: Shutting down and abandoning module MeshUtilities (232)
[2023.05.12-12.54.06:426][368]LogModuleManager: Shutting down and abandoning module MeshMergeUtilities (231)
[2023.05.12-12.54.06:426][368]LogModuleManager: Shutting down and abandoning module MeshReductionInterface (230)
[2023.05.12-12.54.06:426][368]LogModuleManager: Shutting down and abandoning module MeshBoneReduction (229)
[2023.05.12-12.54.06:426][368]LogModuleManager: Shutting down and abandoning module SkeletalMeshReduction (227)
[2023.05.12-12.54.06:426][368]LogModuleManager: Shutting down and abandoning module ProxyLODMeshReduction (225)
[2023.05.12-12.54.06:426][368]LogModuleManager: Shutting down and abandoning module QuadricMeshReduction (223)
[2023.05.12-12.54.06:426][368]LogModuleManager: Shutting down and abandoning module MaterialBaking (219)
[2023.05.12-12.54.06:426][368]LogModuleManager: Shutting down and abandoning module NullInstallBundleManager (214)
[2023.05.12-12.54.06:426][368]LogModuleManager: Shutting down and abandoning module DerivedDataCache (212)
[2023.05.12-12.54.06:426][368]LogModuleManager: Shutting down and abandoning module TargetPlatform (210)
[2023.05.12-12.54.06:426][368]LogModuleManager: Shutting down and abandoning module VulkanShaderFormat (209)
[2023.05.12-12.54.06:427][368]LogModuleManager: Shutting down and abandoning module ShaderFormatVectorVM (207)
[2023.05.12-12.54.06:427][368]LogModuleManager: Shutting down and abandoning module ShaderFormatOpenGL (205)
[2023.05.12-12.54.06:427][368]LogModuleManager: Shutting down and abandoning module ShaderFormatD3D (203)
[2023.05.12-12.54.06:427][368]LogModuleManager: Shutting down and abandoning module MetalShaderFormat (201)
[2023.05.12-12.54.06:427][368]LogModuleManager: Shutting down and abandoning module TextureFormatOodle (199)
[2023.05.12-12.54.06:427][368]LogModuleManager: Shutting down and abandoning module TextureFormatUncompressed (197)
[2023.05.12-12.54.06:427][368]LogModuleManager: Shutting down and abandoning module TextureFormatPVR (195)
[2023.05.12-12.54.06:427][368]LogModuleManager: Shutting down and abandoning module TextureFormatETC2 (193)
[2023.05.12-12.54.06:427][368]LogModuleManager: Shutting down and abandoning module TextureFormatDXT (191)
[2023.05.12-12.54.06:427][368]LogModuleManager: Shutting down and abandoning module TextureFormatIntelISPCTexComp (189)
[2023.05.12-12.54.06:427][368]LogModuleManager: Shutting down and abandoning module TextureFormatASTC (187)
[2023.05.12-12.54.06:427][368]LogModuleManager: Shutting down and abandoning module ImageWrapper (186)
[2023.05.12-12.54.06:427][368]LogModuleManager: Shutting down and abandoning module AudioFormatOpus (183)
[2023.05.12-12.54.06:427][368]LogModuleManager: Shutting down and abandoning module AudioFormatOgg (181)
[2023.05.12-12.54.06:427][368]LogModuleManager: Shutting down and abandoning module AudioFormatADPCM (179)
[2023.05.12-12.54.06:427][368]LogModuleManager: Shutting down and abandoning module WindowsServerTargetPlatform (177)
[2023.05.12-12.54.06:427][368]LogModuleManager: Shutting down and abandoning module WindowsClientTargetPlatform (175)
[2023.05.12-12.54.06:427][368]LogModuleManager: Shutting down and abandoning module WindowsTargetPlatform (173)
[2023.05.12-12.54.06:427][368]LogModuleManager: Shutting down and abandoning module WindowsNoEditorTargetPlatform (171)
[2023.05.12-12.54.06:427][368]LogModuleManager: Shutting down and abandoning module TVOSTargetPlatform (169)
[2023.05.12-12.54.06:428][368]LogModuleManager: Shutting down and abandoning module MacServerTargetPlatform (167)
[2023.05.12-12.54.06:428][368]LogModuleManager: Shutting down and abandoning module MacClientTargetPlatform (165)
[2023.05.12-12.54.06:428][368]LogModuleManager: Shutting down and abandoning module MacTargetPlatform (163)
[2023.05.12-12.54.06:428][368]LogModuleManager: Shutting down and abandoning module MacNoEditorTargetPlatform (161)
[2023.05.12-12.54.06:428][368]LogModuleManager: Shutting down and abandoning module LuminTargetPlatform (159)
[2023.05.12-12.54.06:429][368]LogModuleManager: Shutting down and abandoning module LinuxAArch64ServerTargetPlatform (157)
[2023.05.12-12.54.06:429][368]LogModuleManager: Shutting down and abandoning module LinuxAArch64ClientTargetPlatform (155)
[2023.05.12-12.54.06:429][368]LogModuleManager: Shutting down and abandoning module LinuxAArch64NoEditorTargetPlatform (153)
[2023.05.12-12.54.06:429][368]LogModuleManager: Shutting down and abandoning module LinuxServerTargetPlatform (151)
[2023.05.12-12.54.06:429][368]LogModuleManager: Shutting down and abandoning module LinuxClientTargetPlatform (149)
[2023.05.12-12.54.06:429][368]LogModuleManager: Shutting down and abandoning module LinuxNoEditorTargetPlatform (147)
[2023.05.12-12.54.06:429][368]LogModuleManager: Shutting down and abandoning module LinuxTargetPlatform (145)
[2023.05.12-12.54.06:429][368]LogModuleManager: Shutting down and abandoning module Messaging (143)
[2023.05.12-12.54.06:429][368]LogModuleManager: Shutting down and abandoning module IOSTargetPlatform (141)
[2023.05.12-12.54.06:430][368]LogModuleManager: Shutting down and abandoning module AndroidTargetPlatform (139)
[2023.05.12-12.54.06:432][368]LogModuleManager: Shutting down and abandoning module AllDesktopTargetPlatform (137)
[2023.05.12-12.54.06:432][368]LogModuleManager: Shutting down and abandoning module D3D11RHI (134)
[2023.05.12-12.54.06:432][368]LogModuleManager: Shutting down and abandoning module InputCore (132)
[2023.05.12-12.54.06:432][368]LogModuleManager: Shutting down and abandoning module Settings (130)
[2023.05.12-12.54.06:432][368]LogModuleManager: Shutting down and abandoning module DirectoryWatcher (128)
[2023.05.12-12.54.06:432][368]LogModuleManager: Shutting down and abandoning module PhysXCooking (126)
[2023.05.12-12.54.06:432][368]LogModuleManager: Shutting down and abandoning module Chaos (124)
[2023.05.12-12.54.06:433][368]LogModuleManager: Shutting down and abandoning module WindowsPlatformFeatures (122)
[2023.05.12-12.54.06:433][368]LogModuleManager: Shutting down and abandoning module GameplayMediaEncoder (121)
[2023.05.12-12.54.06:433][368]LogModuleManager: Shutting down and abandoning module AVEncoder (120)
[2023.05.12-12.54.06:433][368]LogModuleManager: Shutting down and abandoning module SteamVRInputDevice (116)
[2023.05.12-12.54.06:433][368]LogModuleManager: Shutting down and abandoning module SteamVRInput (114)
[2023.05.12-12.54.06:433][368]LogModuleManager: Shutting down and abandoning module SteamVR (112)
[2023.05.12-12.54.06:433][368]LogHMD: Freeing OpenVRDLLHandle.
[2023.05.12-12.54.06:433][368]LogModuleManager: Shutting down and abandoning module OculusHMD (110)
[2023.05.12-12.54.06:433][368]LogModuleManager: Shutting down and abandoning module OnlineBlueprintSupport (108)
[2023.05.12-12.54.06:433][368]LogModuleManager: Shutting down and abandoning module OnlineSubsystem (104)
[2023.05.12-12.54.06:434][368]LogModuleManager: Shutting down and abandoning module XMPP (99)
[2023.05.12-12.54.06:434][368]LogModuleManager: Shutting down and abandoning module WebSockets (98)
[2023.05.12-12.54.06:446][368]LogModuleManager: Shutting down and abandoning module HTTP (95)
[2023.05.12-12.54.06:446][368]LogHttp: Display: Http module shutting down, but needs to wait on 1 outstanding Http requests:
[2023.05.12-12.54.06:446][368]LogHttp: Display: 	verb=[POST] url=[https://datarouter.ol.epicgames.com/datarouter/api/v1/public/data?SessionID=%7B6DEA9C54-479D-2F9F-C728-0F8A16908FFF%7D&AppID=UEEditor.Rocket.Release&AppVersion=4.27.0-17155196%2B%2B%2BUE4%2BRelease-4.27&UserID=6c323a574de77068069fd1a69ce5459b%7Ce0d89e8bb4f042d48aa65e438af618d2%7C27c992d2-39c7-4861-bb46-ff907c92b92a&AppEnvironment=datacollector-binary&UploadType=eteventstream] refs=[1] status=Processing
[2023.05.12-12.54.06:446][368]LogHttp: Display: cleaning up 1 outstanding Http requests.
[2023.05.12-12.54.06:454][368]LogModuleManager: Shutting down and abandoning module SSL (94)
[2023.05.12-12.54.06:455][368]LogModuleManager: Shutting down and abandoning module OpenXRHandTracking (90)
[2023.05.12-12.54.06:455][368]LogSlate: Slate User Destroyed.  User Index 0, Is Virtual User: 0
[2023.05.12-12.54.06:456][368]LogModuleManager: Shutting down and abandoning module OpenXREyeTracker (88)
[2023.05.12-12.54.06:456][368]LogModuleManager: Shutting down and abandoning module OpenXRAR (86)
[2023.05.12-12.54.06:456][368]LogModuleManager: Shutting down and abandoning module AugmentedReality (85)
[2023.05.12-12.54.06:456][368]LogModuleManager: Shutting down and abandoning module OpenXRHMD (82)
[2023.05.12-12.54.06:456][368]LogModuleManager: Shutting down and abandoning module ExampleDeviceProfileSelector (80)
[2023.05.12-12.54.06:456][368]LogModuleManager: Shutting down and abandoning module ChunkDownloader (78)
[2023.05.12-12.54.06:456][368]LogModuleManager: Shutting down and abandoning module LauncherChunkInstaller (76)
[2023.05.12-12.54.06:456][368]LogModuleManager: Shutting down and abandoning module WmfMedia (74)
[2023.05.12-12.54.06:457][368]LogModuleManager: Shutting down and abandoning module Media (73)
[2023.05.12-12.54.06:457][368]LogModuleManager: Shutting down and abandoning module MediaInfo (72)
[2023.05.12-12.54.06:457][368]LogModuleManager: Shutting down and abandoning module ExrReaderGpu (68)
[2023.05.12-12.54.06:457][368]LogModuleManager: Shutting down and abandoning module MLSDK (66)
[2023.05.12-12.54.06:457][368]LogModuleManager: Shutting down and abandoning module MagicLeap (64)
[2023.05.12-12.54.06:457][368]LogModuleManager: Shutting down and abandoning module ChaosCloth (62)
[2023.05.12-12.54.06:457][368]LogModuleManager: Shutting down and abandoning module NiagaraVertexFactories (60)
[2023.05.12-12.54.06:457][368]LogModuleManager: Shutting down and abandoning module NiagaraShader (58)
[2023.05.12-12.54.06:457][368]LogModuleManager: Shutting down and abandoning module VariantManagerContent (56)
[2023.05.12-12.54.06:457][368]LogModuleManager: Shutting down and abandoning module DatasmithContent (54)
[2023.05.12-12.54.06:457][368]LogModuleManager: Shutting down and abandoning module PixWinPlugin (52)
[2023.05.12-12.54.06:457][368]LogModuleManager: Shutting down and abandoning module AISupportModule (50)
[2023.05.12-12.54.06:457][368]LogModuleManager: Shutting down and abandoning module DesktopPlatform (48)
[2023.05.12-12.54.06:457][368]LogModuleManager: Shutting down and abandoning module PythonScriptPluginPreload (46)
[2023.05.12-12.54.06:457][368]LogModuleManager: Shutting down and abandoning module PlatformCryptoOpenSSL (44)
[2023.05.12-12.54.06:457][368]LogModuleManager: Shutting down and abandoning module PlatformCryptoTypes (42)
[2023.05.12-12.54.06:457][368]LogModuleManager: Shutting down and abandoning module PlatformCrypto (40)
[2023.05.12-12.54.06:457][368]LogModuleManager: Shutting down and abandoning module OodleDataCompressionFormat (38)
[2023.05.12-12.54.06:458][368]LogModuleManager: Shutting down and abandoning module XGEController (36)
[2023.05.12-12.54.06:458][368]LogXGEController: Cleaning working directory: C:/Users/Asus/AppData/Local/Temp/UnrealXGEWorkingDir/
[2023.05.12-12.54.06:458][368]LogModuleManager: Shutting down and abandoning module AnimationModifiers (34)
[2023.05.12-12.54.06:458][368]LogModuleManager: Shutting down and abandoning module AudioEditor (32)
[2023.05.12-12.54.06:458][368]LogModuleManager: Shutting down and abandoning module PropertyEditor (31)
[2023.05.12-12.54.06:458][368]LogModuleManager: Shutting down and abandoning module TextureCompressor (28)
[2023.05.12-12.54.06:458][368]LogModuleManager: Shutting down and abandoning module RenderCore (26)
[2023.05.12-12.54.06:458][368]LogModuleManager: Shutting down and abandoning module Landscape (24)
[2023.05.12-12.54.06:458][368]LogModuleManager: Shutting down and abandoning module SlateRHIRenderer (22)
[2023.05.12-12.54.06:458][368]LogModuleManager: Shutting down and abandoning module AnimGraphRuntime (20)
[2023.05.12-12.54.06:458][368]LogModuleManager: Shutting down and abandoning module Renderer (18)
[2023.05.12-12.54.06:458][368]LogModuleManager: Shutting down and abandoning module Engine (16)
[2023.05.12-12.54.06:458][368]LogModuleManager: Shutting down and abandoning module CoreUObject (14)
[2023.05.12-12.54.06:458][368]LogModuleManager: Shutting down and abandoning module NetworkFile (12)
[2023.05.12-12.54.06:458][368]LogModuleManager: Shutting down and abandoning module CookedIterativeFile (10)
[2023.05.12-12.54.06:458][368]LogModuleManager: Shutting down and abandoning module StreamingFile (8)
[2023.05.12-12.54.06:458][368]LogModuleManager: Shutting down and abandoning module SandboxFile (6)
[2023.05.12-12.54.06:458][368]LogModuleManager: Shutting down and abandoning module PakFile (4)
[2023.05.12-12.54.06:458][368]LogModuleManager: Shutting down and abandoning module RSA (3)
[2023.05.12-12.54.06:459][368]LogContentStreaming: Display: There are 1 unreleased StreamingManagers
[2023.05.12-12.54.06:461][368]LogD3D11RHI: Shutdown
[2023.05.12-12.54.06:461][368]LogD3D11RHI: CleanupD3DDevice
[2023.05.12-12.54.06:472][368]LogExit: Exiting.
[2023.05.12-12.54.06:476][368]Log file closed, 05/12/23 16:24:06
