Log file open, 04/23/23 11:39:05
LogWindows: Failed to load 'aqProf.dll' (GetLastError=126)
LogWindows: File 'aqProf.dll' does not exist
LogWindows: Failed to load 'VtuneApi.dll' (GetLastError=126)
LogWindows: File 'VtuneApi.dll' does not exist
LogWindows: Failed to load 'VtuneApi32e.dll' (GetLastError=126)
LogWindows: File 'VtuneApi32e.dll' does not exist
LogConsoleResponse: Display: Failed to find resolution value strings in scalability ini. Falling back to default.
LogConsoleResponse: Display: Failed to find resolution value strings in scalability ini. Falling back to default.
LogInit: Display: Running engine for game: SpeedLimit_UniAzad
LogPlatformFile: Not using cached read wrapper
LogTaskGraph: Started task graph with 5 named threads and 23 total threads with 3 sets of task threads.
LogStats: Stats thread started at 0.184045
LogICUInternationalization: ICU TimeZone Detection - Raw Offset: +3:30, Platform Override: ''
LogInit: Display: Loading text-based GConfig....
LogPluginManager: Mounting plugin MeshPainting
LogPluginManager: Mounting plugin XGEController
LogPluginManager: Mounting plugin Paper2D
LogPluginManager: Mounting plugin AISupport
LogPluginManager: Mounting plugin EnvironmentQueryEditor
LogPluginManager: Mounting plugin LiveLink
LogPluginManager: Mounting plugin LightPropagationVolume
LogPluginManager: Mounting plugin OodleData
LogPluginManager: Mounting plugin CameraShakePreviewer
LogPluginManager: Mounting plugin OodleNetwork
LogPluginManager: Mounting plugin GameplayCameras
LogPluginManager: Mounting plugin AnimationSharing
LogPluginManager: Mounting plugin CodeLiteSourceCodeAccess
LogPluginManager: Mounting plugin CLionSourceCodeAccess
LogPluginManager: Mounting plugin GitSourceControl
LogPluginManager: Mounting plugin KDevelopSourceCodeAccess
LogPluginManager: Mounting plugin NullSourceCodeAccess
LogPluginManager: Mounting plugin PerforceSourceControl
LogPluginManager: Mounting plugin PixWinPlugin
LogPluginManager: Mounting plugin PluginUtils
LogPluginManager: Mounting plugin PropertyAccessNode
LogPluginManager: Mounting plugin PlasticSourceControl
LogPluginManager: Mounting plugin TextureFormatOodle
LogPluginManager: Mounting plugin RiderSourceCodeAccess
LogPluginManager: Mounting plugin SubversionSourceControl
LogPluginManager: Mounting plugin UObjectPlugin
LogPluginManager: Mounting plugin VisualStudioSourceCodeAccess
LogPluginManager: Mounting plugin XCodeSourceCodeAccess
LogPluginManager: Mounting plugin VisualStudioCodeSourceCodeAccess
LogPluginManager: Mounting plugin DatasmithContent
LogPluginManager: Mounting plugin AssetManagerEditor
LogPluginManager: Mounting plugin VariantManagerContent
LogPluginManager: Mounting plugin CryptoKeys
LogPluginManager: Mounting plugin CurveEditorTools
LogPluginManager: Mounting plugin DataValidation
LogPluginManager: Mounting plugin FacialAnimation
LogPluginManager: Mounting plugin GameplayTagsEditor
LogPluginManager: Mounting plugin GeometryMode
LogPluginManager: Mounting plugin MacGraphicsSwitching
LogPluginManager: Mounting plugin MaterialAnalyzer
LogPluginManager: Mounting plugin MobileLauncherProfileWizard
LogPluginManager: Mounting plugin PluginBrowser
LogPluginManager: Mounting plugin SpeedTreeImporter
LogPluginManager: Mounting plugin AlembicImporter
LogPluginManager: Mounting plugin AutomationUtils
LogPluginManager: Mounting plugin BackChannel
LogPluginManager: Mounting plugin ChaosCloth
LogPluginManager: Mounting plugin ChaosClothEditor
LogPluginManager: Mounting plugin ChaosEditor
LogPluginManager: Mounting plugin ChaosNiagara
LogPluginManager: Mounting plugin ChaosSolverPlugin
LogPluginManager: Mounting plugin CharacterAI
LogPluginManager: Mounting plugin GeometryCache
LogPluginManager: Mounting plugin GeometryCollectionPlugin
LogPluginManager: Mounting plugin GeometryProcessing
LogPluginManager: Mounting plugin MotoSynth
LogPluginManager: Mounting plugin OpenImageDenoise
LogPluginManager: Mounting plugin PlanarCut
LogPluginManager: Mounting plugin PlatformCrypto
LogPluginManager: Mounting plugin ProxyLODPlugin
LogPluginManager: Mounting plugin PythonScriptPlugin
LogPluginManager: Mounting plugin Niagara
LogPluginManager: Mounting plugin SkeletalReduction
LogPluginManager: Mounting plugin LuminPlatformFeatures
LogPluginManager: Mounting plugin MagicLeap
LogPluginManager: Mounting plugin MagicLeapMedia
LogPluginManager: Mounting plugin MagicLeapLightEstimation
LogPluginManager: Mounting plugin MagicLeapPassableWorld
LogPluginManager: Mounting plugin MLSDK
LogPluginManager: Mounting plugin AndroidMedia
LogPluginManager: Mounting plugin AvfMedia
LogPluginManager: Mounting plugin ImgMedia
LogPluginManager: Mounting plugin MediaCompositing
LogPluginManager: Mounting plugin MediaPlayerEditor
LogPluginManager: Mounting plugin WebMMedia
LogPluginManager: Mounting plugin WmfMedia
LogPluginManager: Mounting plugin TcpMessaging
LogPluginManager: Mounting plugin ActorSequence
LogPluginManager: Mounting plugin UdpMessaging
LogPluginManager: Mounting plugin MatineeToLevelSequence
LogPluginManager: Mounting plugin LevelSequenceEditor
LogPluginManager: Mounting plugin TemplateSequence
LogPluginManager: Mounting plugin OnlineSubsystem
LogPluginManager: Mounting plugin OnlineSubsystemNull
LogPluginManager: Mounting plugin OnlineSubsystemUtils
LogPluginManager: Mounting plugin LauncherChunkInstaller
LogPluginManager: Mounting plugin ActorLayerUtilities
LogPluginManager: Mounting plugin AndroidMoviePlayer
LogPluginManager: Mounting plugin AndroidDeviceProfileSelector
LogPluginManager: Mounting plugin AndroidPermission
LogPluginManager: Mounting plugin AppleImageUtils
LogPluginManager: Mounting plugin AppleMoviePlayer
LogPluginManager: Mounting plugin ArchVisCharacter
LogPluginManager: Mounting plugin AudioCapture
LogPluginManager: Mounting plugin AssetTags
LogPluginManager: Mounting plugin AudioSynesthesia
LogPluginManager: Mounting plugin CableComponent
LogPluginManager: Mounting plugin ChunkDownloader
LogPluginManager: Mounting plugin CustomMeshComponent
LogPluginManager: Mounting plugin EditableMesh
LogPluginManager: Mounting plugin ExampleDeviceProfileSelector
LogPluginManager: Mounting plugin GooglePAD
LogPluginManager: Mounting plugin GoogleCloudMessaging
LogPluginManager: Mounting plugin IOSDeviceProfileSelector
LogPluginManager: Mounting plugin LinuxDeviceProfileSelector
LogPluginManager: Mounting plugin LocationServicesBPLibrary
LogPluginManager: Mounting plugin MobilePatchingUtils
LogPluginManager: Mounting plugin OpenXREyeTracker
LogPluginManager: Mounting plugin OpenXR
LogPluginManager: Mounting plugin OpenXRHandTracking
LogPluginManager: Mounting plugin PhysXVehicles
LogPluginManager: Mounting plugin PostSplashScreen
LogPluginManager: Mounting plugin ProceduralMeshComponent
LogPluginManager: Mounting plugin PropertyAccessEditor
LogPluginManager: Mounting plugin RuntimePhysXCooking
LogPluginManager: Mounting plugin SignificanceManager
LogPluginManager: Mounting plugin SoundFields
LogPluginManager: Mounting plugin Synthesis
LogPluginManager: Mounting plugin WebMMoviePlayer
LogPluginManager: Mounting plugin WindowsMoviePlayer
LogPluginManager: Mounting plugin ScreenshotTools
LogPluginManager: Mounting plugin Takes
LogPluginManager: Mounting plugin ContentBrowserAssetDataSource
LogPluginManager: Mounting plugin ContentBrowserClassDataSource
LogPluginManager: Mounting plugin ContentBrowserFileDataSource
LogPluginManager: Mounting plugin OnlineSubsystemGooglePlay
LogPluginManager: Mounting plugin OnlineSubsystemIOS
LogPluginManager: Mounting plugin OculusVR
LogPluginManager: Mounting plugin SteamVR
PixWinPlugin: PIX capture plugin failed to initialize! Check that the process is launched from PIX.
LogInit: Using libcurl 7.55.1-DEV
LogInit:  - built for x86_64-pc-win32
LogInit:  - supports SSL with OpenSSL/1.1.1
LogInit:  - supports HTTP deflate (compression) using libz 1.2.8
LogInit:  - other features:
LogInit:      CURL_VERSION_SSL
LogInit:      CURL_VERSION_LIBZ
LogInit:      CURL_VERSION_IPV6
LogInit:      CURL_VERSION_ASYNCHDNS
LogInit:      CURL_VERSION_LARGEFILE
LogInit:      CURL_VERSION_IDN
LogInit:  CurlRequestOptions (configurable via config and command line):
LogInit:  - bVerifyPeer = true  - Libcurl will verify peer certificate
LogInit:  - bUseHttpProxy = false  - Libcurl will NOT use HTTP proxy
LogInit:  - bDontReuseConnections = false  - Libcurl will reuse connections
LogInit:  - MaxHostConnections = 16  - Libcurl will limit the number of connections to a host
LogInit:  - LocalHostAddr = Default
LogInit:  - BufferSize = 65536
LogOnline: OSS: Creating online subsystem instance for: NULL
LogInit: WinSock: version 1.1 (2.2), MaxSocks=32767, MaxUdp=65467
LogOnline: OSS: TryLoadSubsystemAndSetDefault: Loaded subsystem for module [NULL]
LogOculusPluginWrapper: OculusPlugin initialized successfully
LogHMD: Failed initializing OVRPlugin 1.59.0
LogInit: Build: ++UE4+Release-4.27-CL-17155196
LogInit: Engine Version: 4.27.0-17155196+++UE4+Release-4.27
LogInit: Compatible Engine Version: 4.27.0-17155196+++UE4+Release-4.27
LogInit: Net CL: 17155196
LogInit: OS: Windows 10 (Release 2009) (), CPU: 11th Gen Intel(R) Core(TM) i7-1195G7 @ 2.90GHz, GPU: Intel(R) Iris(R) Xe Graphics
LogInit: Compiled (64-bit): Aug 13 2021 06:13:13
LogInit: Compiled with Visual C++: 19.24.28315.00
LogInit: Build Configuration: Development
LogInit: Branch Name: ++UE4+Release-4.27
LogInit: Command Line: 
LogInit: Base Directory: E:/Downloads/unreal_engine_v4.27_compiled/Unreal Engine v4.27 Compiled/Engine/Binaries/Win64/
LogInit: Allocator: TBB
LogInit: Installed Engine Build: 1
LogDevObjectVersion: Number of dev versions registered: 29
LogDevObjectVersion:   Dev-Blueprints (B0D832E4-1F89-4F0D-ACCF-7EB736FD4AA2): 10
LogDevObjectVersion:   Dev-Build (E1C64328-A22C-4D53-A36C-8E866417BD8C): 0
LogDevObjectVersion:   Dev-Core (375EC13C-06E4-48FB-B500-84F0262A717E): 4
LogDevObjectVersion:   Dev-Editor (E4B068ED-F494-42E9-A231-DA0B2E46BB41): 40
LogDevObjectVersion:   Dev-Framework (CFFC743F-43B0-4480-9391-14DF171D2073): 37
LogDevObjectVersion:   Dev-Mobile (B02B49B5-BB20-44E9-A304-32B752E40360): 3
LogDevObjectVersion:   Dev-Networking (A4E4105C-59A1-49B5-A7C5-40C4547EDFEE): 0
LogDevObjectVersion:   Dev-Online (39C831C9-5AE6-47DC-9A44-9C173E1C8E7C): 0
LogDevObjectVersion:   Dev-Physics (78F01B33-EBEA-4F98-B9B4-84EACCB95AA2): 14
LogDevObjectVersion:   Dev-Platform (6631380F-2D4D-43E0-8009-CF276956A95A): 0
LogDevObjectVersion:   Dev-Rendering (12F88B9F-8875-4AFC-A67C-D90C383ABD29): 45
LogDevObjectVersion:   Dev-Sequencer (7B5AE74C-D270-4C10-A958-57980B212A5A): 13
LogDevObjectVersion:   Dev-VR (D7296918-1DD6-4BDD-9DE2-64A83CC13884): 3
LogDevObjectVersion:   Dev-LoadTimes (C2A15278-BFE7-4AFE-6C17-90FF531DF755): 1
LogDevObjectVersion:   Private-Geometry (6EACA3D4-40EC-4CC1-B786-8BED09428FC5): 3
LogDevObjectVersion:   Dev-AnimPhys (29E575DD-E0A3-4627-9D10-D276232CDCEA): 17
LogDevObjectVersion:   Dev-Anim (AF43A65D-7FD3-4947-9873-3E8ED9C1BB05): 15
LogDevObjectVersion:   Dev-ReflectionCapture (6B266CEC-1EC7-4B8F-A30B-E4D90942FC07): 1
LogDevObjectVersion:   Dev-Automation (0DF73D61-A23F-47EA-B727-89E90C41499A): 1
LogDevObjectVersion:   FortniteMain (601D1886-AC64-4F84-AA16-D3DE0DEAC7D6): 47
LogDevObjectVersion:   FortniteRelease (E7086368-6B23-4C58-8439-1B7016265E91): 1
LogDevObjectVersion:   Dev-Enterprise (9DFFBCD6-494F-0158-E221-12823C92A888): 10
LogDevObjectVersion:   Dev-Niagara (F2AED0AC-9AFE-416F-8664-AA7FFA26D6FC): 1
LogDevObjectVersion:   Dev-Destruction (174F1F0B-B4C6-45A5-B13F-2EE8D0FB917D): 10
LogDevObjectVersion:   Dev-Physics-Ext (35F94A83-E258-406C-A318-09F59610247C): 41
LogDevObjectVersion:   Dev-PhysicsMaterial-Chaos (B68FC16E-8B1B-42E2-B453-215C058844FE): 1
LogDevObjectVersion:   Dev-CineCamera (B2E18506-4273-CFC2-A54E-F4BB758BBA07): 1
LogDevObjectVersion:   Dev-VirtualProduction (64F58936-FD1B-42BA-BA96-7289D5D0FA4E): 1
LogDevObjectVersion:   Dev-MediaFramework (6F0ED827-A609-4895-9C91-998D90180EA4): 2
LogInit: Presizing for max 25165824 objects, including 0 objects not considered by GC, pre-allocating 0 bytes for permanent pool.
LogConfig: Applying CVar settings from Section [/Script/Engine.StreamingSettings] File [E:/Asus/Documents/GitHub/TheTroubleMakers/Unreal Engine Project/SpeedLimit_UniAzad/Saved/Config/Windows/Engine.ini]
LogConfig: Setting CVar [[s.MinBulkDataSizeForAsyncLoading:131072]]
LogConfig: Setting CVar [[s.AsyncLoadingThreadEnabled:0]]
LogConfig: Setting CVar [[s.EventDrivenLoaderEnabled:1]]
LogConfig: Setting CVar [[s.WarnIfTimeLimitExceeded:0]]
LogConfig: Setting CVar [[s.TimeLimitExceededMultiplier:1.5]]
LogConfig: Setting CVar [[s.TimeLimitExceededMinTime:0.005]]
LogConfig: Setting CVar [[s.UseBackgroundLevelStreaming:1]]
LogConfig: Setting CVar [[s.PriorityAsyncLoadingExtraTime:15.0]]
LogConfig: Setting CVar [[s.LevelStreamingActorsUpdateTimeLimit:5.0]]
LogConfig: Setting CVar [[s.PriorityLevelStreamingActorsUpdateExtraTime:5.0]]
LogConfig: Setting CVar [[s.LevelStreamingComponentsRegistrationGranularity:10]]
LogConfig: Setting CVar [[s.UnregisterComponentsTimeLimit:1.0]]
LogConfig: Setting CVar [[s.LevelStreamingComponentsUnregistrationGranularity:5]]
LogConfig: Setting CVar [[s.FlushStreamingOnExit:1]]
LogInit: Object subsystem initialized
LogConfig: Setting CVar [[con.DebugEarlyDefault:1]]
LogConfig: Setting CVar [[r.setres:1280x720]]
[2023.04.23-08.09.05:864][  0]LogConfig: Setting CVar [[r.VSync:0]]
[2023.04.23-08.09.05:864][  0]LogConfig: Setting CVar [[r.RHICmdBypass:0]]
[2023.04.23-08.09.05:864][  0]LogConfig: Applying CVar settings from Section [/Script/Engine.RendererSettings] File [E:/Asus/Documents/GitHub/TheTroubleMakers/Unreal Engine Project/SpeedLimit_UniAzad/Saved/Config/Windows/Engine.ini]
[2023.04.23-08.09.05:864][  0]LogConfig: Setting CVar [[r.GPUCrashDebugging:0]]
[2023.04.23-08.09.05:864][  0]LogConfig: Applying CVar settings from Section [/Script/Engine.RendererOverrideSettings] File [E:/Asus/Documents/GitHub/TheTroubleMakers/Unreal Engine Project/SpeedLimit_UniAzad/Saved/Config/Windows/Engine.ini]
[2023.04.23-08.09.05:864][  0]LogConfig: Applying CVar settings from Section [/Script/Engine.StreamingSettings] File [E:/Asus/Documents/GitHub/TheTroubleMakers/Unreal Engine Project/SpeedLimit_UniAzad/Saved/Config/Windows/Engine.ini]
[2023.04.23-08.09.05:864][  0]LogConfig: Setting CVar [[s.MinBulkDataSizeForAsyncLoading:131072]]
[2023.04.23-08.09.05:864][  0]LogConfig: Setting CVar [[s.AsyncLoadingThreadEnabled:0]]
[2023.04.23-08.09.05:864][  0]LogConfig: Setting CVar [[s.EventDrivenLoaderEnabled:1]]
[2023.04.23-08.09.05:864][  0]LogConfig: Setting CVar [[s.WarnIfTimeLimitExceeded:0]]
[2023.04.23-08.09.05:864][  0]LogConfig: Setting CVar [[s.TimeLimitExceededMultiplier:1.5]]
[2023.04.23-08.09.05:864][  0]LogConfig: Setting CVar [[s.TimeLimitExceededMinTime:0.005]]
[2023.04.23-08.09.05:864][  0]LogConfig: Setting CVar [[s.UseBackgroundLevelStreaming:1]]
[2023.04.23-08.09.05:864][  0]LogConfig: Setting CVar [[s.PriorityAsyncLoadingExtraTime:15.0]]
[2023.04.23-08.09.05:864][  0]LogConfig: Setting CVar [[s.LevelStreamingActorsUpdateTimeLimit:5.0]]
[2023.04.23-08.09.05:864][  0]LogConfig: Setting CVar [[s.PriorityLevelStreamingActorsUpdateExtraTime:5.0]]
[2023.04.23-08.09.05:864][  0]LogConfig: Setting CVar [[s.LevelStreamingComponentsRegistrationGranularity:10]]
[2023.04.23-08.09.05:864][  0]LogConfig: Setting CVar [[s.UnregisterComponentsTimeLimit:1.0]]
[2023.04.23-08.09.05:864][  0]LogConfig: Setting CVar [[s.LevelStreamingComponentsUnregistrationGranularity:5]]
[2023.04.23-08.09.05:866][  0]LogConfig: Setting CVar [[s.FlushStreamingOnExit:1]]
[2023.04.23-08.09.05:866][  0]LogConfig: Applying CVar settings from Section [/Script/Engine.GarbageCollectionSettings] File [E:/Asus/Documents/GitHub/TheTroubleMakers/Unreal Engine Project/SpeedLimit_UniAzad/Saved/Config/Windows/Engine.ini]
[2023.04.23-08.09.05:866][  0]LogConfig: Setting CVar [[gc.MaxObjectsNotConsideredByGC:1]]
[2023.04.23-08.09.05:866][  0]LogConfig: Setting CVar [[gc.SizeOfPermanentObjectPool:0]]
[2023.04.23-08.09.05:866][  0]LogConfig: Setting CVar [[gc.FlushStreamingOnGC:0]]
[2023.04.23-08.09.05:866][  0]LogConfig: Setting CVar [[gc.NumRetriesBeforeForcingGC:10]]
[2023.04.23-08.09.05:866][  0]LogConfig: Setting CVar [[gc.AllowParallelGC:1]]
[2023.04.23-08.09.05:866][  0]LogConfig: Setting CVar [[gc.TimeBetweenPurgingPendingKillObjects:61.1]]
[2023.04.23-08.09.05:866][  0]LogConfig: Setting CVar [[gc.MaxObjectsInEditor:25165824]]
[2023.04.23-08.09.05:866][  0]LogConfig: Setting CVar [[gc.IncrementalBeginDestroyEnabled:1]]
[2023.04.23-08.09.05:866][  0]LogConfig: Setting CVar [[gc.CreateGCClusters:1]]
[2023.04.23-08.09.05:866][  0]LogConfig: Setting CVar [[gc.MinGCClusterSize:5]]
[2023.04.23-08.09.05:866][  0]LogConfig: Setting CVar [[gc.ActorClusteringEnabled:0]]
[2023.04.23-08.09.05:866][  0]LogConfig: Setting CVar [[gc.BlueprintClusteringEnabled:0]]
[2023.04.23-08.09.05:866][  0]LogConfig: Setting CVar [[gc.UseDisregardForGCOnDedicatedServers:0]]
[2023.04.23-08.09.05:866][  0]LogConfig: Setting CVar [[gc.MultithreadedDestructionEnabled:1]]
[2023.04.23-08.09.05:866][  0]LogConfig: Applying CVar settings from Section [/Script/Engine.NetworkSettings] File [E:/Asus/Documents/GitHub/TheTroubleMakers/Unreal Engine Project/SpeedLimit_UniAzad/Saved/Config/Windows/Engine.ini]
[2023.04.23-08.09.05:866][  0]LogConfig: Applying CVar settings from Section [/Script/UnrealEd.CookerSettings] File [E:/Asus/Documents/GitHub/TheTroubleMakers/Unreal Engine Project/SpeedLimit_UniAzad/Saved/Config/Windows/Engine.ini]
[2023.04.23-08.09.05:903][  0]LogConfig: Applying CVar settings from Section [ViewDistanceQuality@3] File [E:/Asus/Documents/GitHub/TheTroubleMakers/Unreal Engine Project/SpeedLimit_UniAzad/Saved/Config/Windows/Scalability.ini]
[2023.04.23-08.09.05:903][  0]LogConfig: Setting CVar [[r.SkeletalMeshLODBias:0]]
[2023.04.23-08.09.05:903][  0]LogConfig: Setting CVar [[r.ViewDistanceScale:1.0]]
[2023.04.23-08.09.05:903][  0]LogConfig: Applying CVar settings from Section [AntiAliasingQuality@3] File [E:/Asus/Documents/GitHub/TheTroubleMakers/Unreal Engine Project/SpeedLimit_UniAzad/Saved/Config/Windows/Scalability.ini]
[2023.04.23-08.09.05:903][  0]LogConfig: Setting CVar [[r.PostProcessAAQuality:4]]
[2023.04.23-08.09.05:903][  0]LogConfig: Applying CVar settings from Section [ShadowQuality@3] File [E:/Asus/Documents/GitHub/TheTroubleMakers/Unreal Engine Project/SpeedLimit_UniAzad/Saved/Config/Windows/Scalability.ini]
[2023.04.23-08.09.05:903][  0]LogConfig: Setting CVar [[r.LightFunctionQuality:1]]
[2023.04.23-08.09.05:903][  0]LogConfig: Setting CVar [[r.ShadowQuality:5]]
[2023.04.23-08.09.05:903][  0]LogConfig: Setting CVar [[r.Shadow.CSM.MaxCascades:10]]
[2023.04.23-08.09.05:903][  0]LogConfig: Setting CVar [[r.Shadow.MaxResolution:2048]]
[2023.04.23-08.09.05:903][  0]LogConfig: Setting CVar [[r.Shadow.MaxCSMResolution:2048]]
[2023.04.23-08.09.05:903][  0]LogConfig: Setting CVar [[r.Shadow.RadiusThreshold:0.01]]
[2023.04.23-08.09.05:903][  0]LogConfig: Setting CVar [[r.Shadow.DistanceScale:1.0]]
[2023.04.23-08.09.05:903][  0]LogConfig: Setting CVar [[r.Shadow.CSM.TransitionScale:1.0]]
[2023.04.23-08.09.05:903][  0]LogConfig: Setting CVar [[r.Shadow.PreShadowResolutionFactor:1.0]]
[2023.04.23-08.09.05:903][  0]LogConfig: Setting CVar [[r.DistanceFieldShadowing:1]]
[2023.04.23-08.09.05:903][  0]LogConfig: Setting CVar [[r.DistanceFieldAO:1]]
[2023.04.23-08.09.05:903][  0]LogConfig: Setting CVar [[r.AOQuality:2]]
[2023.04.23-08.09.05:903][  0]LogConfig: Setting CVar [[r.VolumetricFog:1]]
[2023.04.23-08.09.05:903][  0]LogConfig: Setting CVar [[r.VolumetricFog.GridPixelSize:8]]
[2023.04.23-08.09.05:903][  0]LogConfig: Setting CVar [[r.VolumetricFog.GridSizeZ:128]]
[2023.04.23-08.09.05:903][  0]LogConfig: Setting CVar [[r.VolumetricFog.HistoryMissSupersampleCount:4]]
[2023.04.23-08.09.05:903][  0]LogConfig: Setting CVar [[r.LightMaxDrawDistanceScale:1]]
[2023.04.23-08.09.05:903][  0]LogConfig: Setting CVar [[r.CapsuleShadows:1]]
[2023.04.23-08.09.05:903][  0]LogConfig: Applying CVar settings from Section [PostProcessQuality@3] File [E:/Asus/Documents/GitHub/TheTroubleMakers/Unreal Engine Project/SpeedLimit_UniAzad/Saved/Config/Windows/Scalability.ini]
[2023.04.23-08.09.05:903][  0]LogConfig: Setting CVar [[r.MotionBlurQuality:4]]
[2023.04.23-08.09.05:903][  0]LogConfig: Setting CVar [[r.AmbientOcclusionMipLevelFactor:0.4]]
[2023.04.23-08.09.05:903][  0]LogConfig: Setting CVar [[r.AmbientOcclusionMaxQuality:100]]
[2023.04.23-08.09.05:903][  0]LogConfig: Setting CVar [[r.AmbientOcclusionLevels:-1]]
[2023.04.23-08.09.05:903][  0]LogConfig: Setting CVar [[r.AmbientOcclusionRadiusScale:1.0]]
[2023.04.23-08.09.05:903][  0]LogConfig: Setting CVar [[r.DepthOfFieldQuality:2]]
[2023.04.23-08.09.05:903][  0]LogConfig: Setting CVar [[r.RenderTargetPoolMin:400]]
[2023.04.23-08.09.05:903][  0]LogConfig: Setting CVar [[r.LensFlareQuality:2]]
[2023.04.23-08.09.05:903][  0]LogConfig: Setting CVar [[r.SceneColorFringeQuality:1]]
[2023.04.23-08.09.05:903][  0]LogConfig: Setting CVar [[r.EyeAdaptationQuality:2]]
[2023.04.23-08.09.05:903][  0]LogConfig: Setting CVar [[r.BloomQuality:5]]
[2023.04.23-08.09.05:903][  0]LogConfig: Setting CVar [[r.FastBlurThreshold:100]]
[2023.04.23-08.09.05:903][  0]LogConfig: Setting CVar [[r.Upscale.Quality:3]]
[2023.04.23-08.09.05:903][  0]LogConfig: Setting CVar [[r.Tonemapper.GrainQuantization:1]]
[2023.04.23-08.09.05:903][  0]LogConfig: Setting CVar [[r.LightShaftQuality:1]]
[2023.04.23-08.09.05:903][  0]LogConfig: Setting CVar [[r.Filter.SizeScale:1]]
[2023.04.23-08.09.05:903][  0]LogConfig: Setting CVar [[r.Tonemapper.Quality:5]]
[2023.04.23-08.09.05:903][  0]LogConfig: Setting CVar [[r.DOF.Gather.AccumulatorQuality:1        ; higher gathering accumulator quality]]
[2023.04.23-08.09.05:903][  0]LogConfig: Setting CVar [[r.DOF.Gather.PostfilterMethod:1          ; Median3x3 postfilering method]]
[2023.04.23-08.09.05:903][  0]LogConfig: Setting CVar [[r.DOF.Gather.EnableBokehSettings:0       ; no bokeh simulation when gathering]]
[2023.04.23-08.09.05:903][  0]LogConfig: Setting CVar [[r.DOF.Gather.RingCount:4                 ; medium number of samples when gathering]]
[2023.04.23-08.09.05:903][  0]LogConfig: Setting CVar [[r.DOF.Scatter.ForegroundCompositing:1    ; additive foreground scattering]]
[2023.04.23-08.09.05:903][  0]LogConfig: Setting CVar [[r.DOF.Scatter.BackgroundCompositing:2    ; additive background scattering]]
[2023.04.23-08.09.05:903][  0]LogConfig: Setting CVar [[r.DOF.Scatter.EnableBokehSettings:1      ; bokeh simulation when scattering]]
[2023.04.23-08.09.05:903][  0]LogConfig: Setting CVar [[r.DOF.Scatter.MaxSpriteRatio:0.1         ; only a maximum of 10% of scattered bokeh]]
[2023.04.23-08.09.05:903][  0]LogConfig: Setting CVar [[r.DOF.Recombine.Quality:1                ; cheap slight out of focus]]
[2023.04.23-08.09.05:903][  0]LogConfig: Setting CVar [[r.DOF.Recombine.EnableBokehSettings:0    ; no bokeh simulation on slight out of focus]]
[2023.04.23-08.09.05:903][  0]LogConfig: Setting CVar [[r.DOF.TemporalAAQuality:1                ; more stable temporal accumulation]]
[2023.04.23-08.09.05:903][  0]LogConfig: Setting CVar [[r.DOF.Kernel.MaxForegroundRadius:0.025]]
[2023.04.23-08.09.05:903][  0]LogConfig: Setting CVar [[r.DOF.Kernel.MaxBackgroundRadius:0.025]]
[2023.04.23-08.09.05:903][  0]LogConfig: Applying CVar settings from Section [TextureQuality@3] File [E:/Asus/Documents/GitHub/TheTroubleMakers/Unreal Engine Project/SpeedLimit_UniAzad/Saved/Config/Windows/Scalability.ini]
[2023.04.23-08.09.05:903][  0]LogConfig: Setting CVar [[r.Streaming.MipBias:0]]
[2023.04.23-08.09.05:903][  0]LogConfig: Setting CVar [[r.Streaming.AmortizeCPUToGPUCopy:0]]
[2023.04.23-08.09.05:903][  0]LogConfig: Setting CVar [[r.Streaming.MaxNumTexturesToStreamPerFrame:0]]
[2023.04.23-08.09.05:903][  0]LogConfig: Setting CVar [[r.Streaming.Boost:1]]
[2023.04.23-08.09.05:903][  0]LogConfig: Setting CVar [[r.MaxAnisotropy:8]]
[2023.04.23-08.09.05:903][  0]LogConfig: Setting CVar [[r.VT.MaxAnisotropy:8]]
[2023.04.23-08.09.05:903][  0]LogConfig: Setting CVar [[r.Streaming.LimitPoolSizeToVRAM:0]]
[2023.04.23-08.09.05:903][  0]LogConfig: Setting CVar [[r.Streaming.PoolSize:1000]]
[2023.04.23-08.09.05:903][  0]LogConfig: Setting CVar [[r.Streaming.MaxEffectiveScreenSize:0]]
[2023.04.23-08.09.05:903][  0]LogConfig: Applying CVar settings from Section [EffectsQuality@3] File [E:/Asus/Documents/GitHub/TheTroubleMakers/Unreal Engine Project/SpeedLimit_UniAzad/Saved/Config/Windows/Scalability.ini]
[2023.04.23-08.09.05:903][  0]LogConfig: Setting CVar [[r.TranslucencyLightingVolumeDim:64]]
[2023.04.23-08.09.05:903][  0]LogConfig: Setting CVar [[r.RefractionQuality:2]]
[2023.04.23-08.09.05:903][  0]LogConfig: Setting CVar [[r.SSR.Quality:3]]
[2023.04.23-08.09.05:903][  0]LogConfig: Setting CVar [[r.SSR.HalfResSceneColor:0]]
[2023.04.23-08.09.05:903][  0]LogConfig: Setting CVar [[r.SceneColorFormat:4]]
[2023.04.23-08.09.05:903][  0]LogConfig: Setting CVar [[r.DetailMode:2]]
[2023.04.23-08.09.05:903][  0]LogConfig: Setting CVar [[r.TranslucencyVolumeBlur:1]]
[2023.04.23-08.09.05:903][  0]LogConfig: Setting CVar [[r.MaterialQualityLevel:1 ; High quality]]
[2023.04.23-08.09.05:903][  0]LogConfig: Setting CVar [[r.AnisotropicMaterials:1]]
[2023.04.23-08.09.05:903][  0]LogConfig: Setting CVar [[r.SSS.Scale:1]]
[2023.04.23-08.09.05:903][  0]LogConfig: Setting CVar [[r.SSS.SampleSet:2]]
[2023.04.23-08.09.05:903][  0]LogConfig: Setting CVar [[r.SSS.Quality:1]]
[2023.04.23-08.09.05:903][  0]LogConfig: Setting CVar [[r.SSS.HalfRes:0]]
[2023.04.23-08.09.05:903][  0]LogConfig: Setting CVar [[r.SSGI.Quality:3]]
[2023.04.23-08.09.05:903][  0]LogConfig: Setting CVar [[r.EmitterSpawnRateScale:1.0]]
[2023.04.23-08.09.05:903][  0]LogConfig: Setting CVar [[r.ParticleLightQuality:2]]
[2023.04.23-08.09.05:903][  0]LogConfig: Setting CVar [[r.SkyAtmosphere.AerialPerspectiveLUT.FastApplyOnOpaque:1 ; Always have FastSkyLUT 1 in this case to avoid wrong sky]]
[2023.04.23-08.09.05:903][  0]LogConfig: Setting CVar [[r.SkyAtmosphere.AerialPerspectiveLUT.SampleCountMaxPerSlice:4]]
[2023.04.23-08.09.05:903][  0]LogConfig: Setting CVar [[r.SkyAtmosphere.AerialPerspectiveLUT.DepthResolution:16.0]]
[2023.04.23-08.09.05:903][  0]LogConfig: Setting CVar [[r.SkyAtmosphere.FastSkyLUT:1]]
[2023.04.23-08.09.05:903][  0]LogConfig: Setting CVar [[r.SkyAtmosphere.FastSkyLUT.SampleCountMin:4.0]]
[2023.04.23-08.09.05:903][  0]LogConfig: Setting CVar [[r.SkyAtmosphere.FastSkyLUT.SampleCountMax:128.0]]
[2023.04.23-08.09.05:903][  0]LogConfig: Setting CVar [[r.SkyAtmosphere.SampleCountMin:4.0]]
[2023.04.23-08.09.05:903][  0]LogConfig: Setting CVar [[r.SkyAtmosphere.SampleCountMax:128.0]]
[2023.04.23-08.09.05:903][  0]LogConfig: Setting CVar [[r.SkyAtmosphere.TransmittanceLUT.UseSmallFormat:0]]
[2023.04.23-08.09.05:903][  0]LogConfig: Setting CVar [[r.SkyAtmosphere.TransmittanceLUT.SampleCount:10.0]]
[2023.04.23-08.09.05:903][  0]LogConfig: Setting CVar [[r.SkyAtmosphere.MultiScatteringLUT.SampleCount:15.0]]
[2023.04.23-08.09.05:903][  0]LogConfig: Setting CVar [[r.SkyLight.RealTimeReflectionCapture:1]]
[2023.04.23-08.09.05:903][  0]LogConfig: Applying CVar settings from Section [FoliageQuality@3] File [E:/Asus/Documents/GitHub/TheTroubleMakers/Unreal Engine Project/SpeedLimit_UniAzad/Saved/Config/Windows/Scalability.ini]
[2023.04.23-08.09.05:903][  0]LogConfig: Setting CVar [[foliage.DensityScale:1.0]]
[2023.04.23-08.09.05:903][  0]LogConfig: Setting CVar [[grass.DensityScale:1.0]]
[2023.04.23-08.09.05:903][  0]LogConfig: Applying CVar settings from Section [ShadingQuality@3] File [E:/Asus/Documents/GitHub/TheTroubleMakers/Unreal Engine Project/SpeedLimit_UniAzad/Saved/Config/Windows/Scalability.ini]
[2023.04.23-08.09.05:903][  0]LogConfig: Setting CVar [[r.HairStrands.SkyLighting.IntegrationType:2]]
[2023.04.23-08.09.05:903][  0]LogConfig: Setting CVar [[r.HairStrands.SkyAO.SampleCount:4]]
[2023.04.23-08.09.05:903][  0]LogConfig: Setting CVar [[r.HairStrands.Visibility.MSAA.SamplePerPixel:4]]
[2023.04.23-08.09.05:903][  0]LogInit: Selected Device Profile: [Windows]
[2023.04.23-08.09.05:903][  0]LogInit: Applying CVar settings loaded from the selected device profile: [Windows]
[2023.04.23-08.09.05:903][  0]LogHAL: Display: Platform has ~ 16 GB [16856285184 / 17179869184 / 16], which maps to Larger [LargestMinGB=32, LargerMinGB=12, DefaultMinGB=8, SmallerMinGB=6, SmallestMinGB=0)
[2023.04.23-08.09.05:903][  0]LogInit: Going up to parent DeviceProfile []
[2023.04.23-08.09.05:903][  0]LogConfig: Applying CVar settings from Section [ViewDistanceQuality@3] File [E:/Asus/Documents/GitHub/TheTroubleMakers/Unreal Engine Project/SpeedLimit_UniAzad/Saved/Config/Windows/Scalability.ini]
[2023.04.23-08.09.05:903][  0]LogConfig: Setting CVar [[r.SkeletalMeshLODBias:0]]
[2023.04.23-08.09.05:903][  0]LogConfig: Setting CVar [[r.ViewDistanceScale:1.0]]
[2023.04.23-08.09.05:903][  0]LogConfig: Applying CVar settings from Section [AntiAliasingQuality@3] File [E:/Asus/Documents/GitHub/TheTroubleMakers/Unreal Engine Project/SpeedLimit_UniAzad/Saved/Config/Windows/Scalability.ini]
[2023.04.23-08.09.05:903][  0]LogConfig: Setting CVar [[r.PostProcessAAQuality:4]]
[2023.04.23-08.09.05:903][  0]LogConfig: Applying CVar settings from Section [ShadowQuality@3] File [E:/Asus/Documents/GitHub/TheTroubleMakers/Unreal Engine Project/SpeedLimit_UniAzad/Saved/Config/Windows/Scalability.ini]
[2023.04.23-08.09.05:903][  0]LogConfig: Setting CVar [[r.LightFunctionQuality:1]]
[2023.04.23-08.09.05:903][  0]LogConfig: Setting CVar [[r.ShadowQuality:5]]
[2023.04.23-08.09.05:903][  0]LogConfig: Setting CVar [[r.Shadow.CSM.MaxCascades:10]]
[2023.04.23-08.09.05:903][  0]LogConfig: Setting CVar [[r.Shadow.MaxResolution:2048]]
[2023.04.23-08.09.05:903][  0]LogConfig: Setting CVar [[r.Shadow.MaxCSMResolution:2048]]
[2023.04.23-08.09.05:903][  0]LogConfig: Setting CVar [[r.Shadow.RadiusThreshold:0.01]]
[2023.04.23-08.09.05:903][  0]LogConfig: Setting CVar [[r.Shadow.DistanceScale:1.0]]
[2023.04.23-08.09.05:903][  0]LogConfig: Setting CVar [[r.Shadow.CSM.TransitionScale:1.0]]
[2023.04.23-08.09.05:903][  0]LogConfig: Setting CVar [[r.Shadow.PreShadowResolutionFactor:1.0]]
[2023.04.23-08.09.05:903][  0]LogConfig: Setting CVar [[r.DistanceFieldShadowing:1]]
[2023.04.23-08.09.05:903][  0]LogConfig: Setting CVar [[r.DistanceFieldAO:1]]
[2023.04.23-08.09.05:904][  0]LogConfig: Setting CVar [[r.AOQuality:2]]
[2023.04.23-08.09.05:904][  0]LogConfig: Setting CVar [[r.VolumetricFog:1]]
[2023.04.23-08.09.05:904][  0]LogConfig: Setting CVar [[r.VolumetricFog.GridPixelSize:8]]
[2023.04.23-08.09.05:904][  0]LogConfig: Setting CVar [[r.VolumetricFog.GridSizeZ:128]]
[2023.04.23-08.09.05:904][  0]LogConfig: Setting CVar [[r.VolumetricFog.HistoryMissSupersampleCount:4]]
[2023.04.23-08.09.05:904][  0]LogConfig: Setting CVar [[r.LightMaxDrawDistanceScale:1]]
[2023.04.23-08.09.05:904][  0]LogConfig: Setting CVar [[r.CapsuleShadows:1]]
[2023.04.23-08.09.05:904][  0]LogConfig: Applying CVar settings from Section [PostProcessQuality@3] File [E:/Asus/Documents/GitHub/TheTroubleMakers/Unreal Engine Project/SpeedLimit_UniAzad/Saved/Config/Windows/Scalability.ini]
[2023.04.23-08.09.05:904][  0]LogConfig: Setting CVar [[r.MotionBlurQuality:4]]
[2023.04.23-08.09.05:904][  0]LogConfig: Setting CVar [[r.AmbientOcclusionMipLevelFactor:0.4]]
[2023.04.23-08.09.05:904][  0]LogConfig: Setting CVar [[r.AmbientOcclusionMaxQuality:100]]
[2023.04.23-08.09.05:904][  0]LogConfig: Setting CVar [[r.AmbientOcclusionLevels:-1]]
[2023.04.23-08.09.05:904][  0]LogConfig: Setting CVar [[r.AmbientOcclusionRadiusScale:1.0]]
[2023.04.23-08.09.05:904][  0]LogConfig: Setting CVar [[r.DepthOfFieldQuality:2]]
[2023.04.23-08.09.05:904][  0]LogConfig: Setting CVar [[r.RenderTargetPoolMin:400]]
[2023.04.23-08.09.05:904][  0]LogConfig: Setting CVar [[r.LensFlareQuality:2]]
[2023.04.23-08.09.05:904][  0]LogConfig: Setting CVar [[r.SceneColorFringeQuality:1]]
[2023.04.23-08.09.05:904][  0]LogConfig: Setting CVar [[r.EyeAdaptationQuality:2]]
[2023.04.23-08.09.05:904][  0]LogConfig: Setting CVar [[r.BloomQuality:5]]
[2023.04.23-08.09.05:904][  0]LogConfig: Setting CVar [[r.FastBlurThreshold:100]]
[2023.04.23-08.09.05:904][  0]LogConfig: Setting CVar [[r.Upscale.Quality:3]]
[2023.04.23-08.09.05:904][  0]LogConfig: Setting CVar [[r.Tonemapper.GrainQuantization:1]]
[2023.04.23-08.09.05:904][  0]LogConfig: Setting CVar [[r.LightShaftQuality:1]]
[2023.04.23-08.09.05:904][  0]LogConfig: Setting CVar [[r.Filter.SizeScale:1]]
[2023.04.23-08.09.05:904][  0]LogConfig: Setting CVar [[r.Tonemapper.Quality:5]]
[2023.04.23-08.09.05:904][  0]LogConfig: Setting CVar [[r.DOF.Gather.AccumulatorQuality:1        ; higher gathering accumulator quality]]
[2023.04.23-08.09.05:904][  0]LogConfig: Setting CVar [[r.DOF.Gather.PostfilterMethod:1          ; Median3x3 postfilering method]]
[2023.04.23-08.09.05:904][  0]LogConfig: Setting CVar [[r.DOF.Gather.EnableBokehSettings:0       ; no bokeh simulation when gathering]]
[2023.04.23-08.09.05:904][  0]LogConfig: Setting CVar [[r.DOF.Gather.RingCount:4                 ; medium number of samples when gathering]]
[2023.04.23-08.09.05:904][  0]LogConfig: Setting CVar [[r.DOF.Scatter.ForegroundCompositing:1    ; additive foreground scattering]]
[2023.04.23-08.09.05:904][  0]LogConfig: Setting CVar [[r.DOF.Scatter.BackgroundCompositing:2    ; additive background scattering]]
[2023.04.23-08.09.05:904][  0]LogConfig: Setting CVar [[r.DOF.Scatter.EnableBokehSettings:1      ; bokeh simulation when scattering]]
[2023.04.23-08.09.05:904][  0]LogConfig: Setting CVar [[r.DOF.Scatter.MaxSpriteRatio:0.1         ; only a maximum of 10% of scattered bokeh]]
[2023.04.23-08.09.05:904][  0]LogConfig: Setting CVar [[r.DOF.Recombine.Quality:1                ; cheap slight out of focus]]
[2023.04.23-08.09.05:904][  0]LogConfig: Setting CVar [[r.DOF.Recombine.EnableBokehSettings:0    ; no bokeh simulation on slight out of focus]]
[2023.04.23-08.09.05:904][  0]LogConfig: Setting CVar [[r.DOF.TemporalAAQuality:1                ; more stable temporal accumulation]]
[2023.04.23-08.09.05:904][  0]LogConfig: Setting CVar [[r.DOF.Kernel.MaxForegroundRadius:0.025]]
[2023.04.23-08.09.05:904][  0]LogConfig: Setting CVar [[r.DOF.Kernel.MaxBackgroundRadius:0.025]]
[2023.04.23-08.09.05:904][  0]LogConfig: Applying CVar settings from Section [TextureQuality@3] File [E:/Asus/Documents/GitHub/TheTroubleMakers/Unreal Engine Project/SpeedLimit_UniAzad/Saved/Config/Windows/Scalability.ini]
[2023.04.23-08.09.05:904][  0]LogConfig: Setting CVar [[r.Streaming.MipBias:0]]
[2023.04.23-08.09.05:904][  0]LogConfig: Setting CVar [[r.Streaming.AmortizeCPUToGPUCopy:0]]
[2023.04.23-08.09.05:904][  0]LogConfig: Setting CVar [[r.Streaming.MaxNumTexturesToStreamPerFrame:0]]
[2023.04.23-08.09.05:904][  0]LogConfig: Setting CVar [[r.Streaming.Boost:1]]
[2023.04.23-08.09.05:904][  0]LogConfig: Setting CVar [[r.MaxAnisotropy:8]]
[2023.04.23-08.09.05:904][  0]LogConfig: Setting CVar [[r.VT.MaxAnisotropy:8]]
[2023.04.23-08.09.05:904][  0]LogConfig: Setting CVar [[r.Streaming.LimitPoolSizeToVRAM:0]]
[2023.04.23-08.09.05:904][  0]LogConfig: Setting CVar [[r.Streaming.PoolSize:1000]]
[2023.04.23-08.09.05:904][  0]LogConfig: Setting CVar [[r.Streaming.MaxEffectiveScreenSize:0]]
[2023.04.23-08.09.05:904][  0]LogConfig: Applying CVar settings from Section [EffectsQuality@3] File [E:/Asus/Documents/GitHub/TheTroubleMakers/Unreal Engine Project/SpeedLimit_UniAzad/Saved/Config/Windows/Scalability.ini]
[2023.04.23-08.09.05:904][  0]LogConfig: Setting CVar [[r.TranslucencyLightingVolumeDim:64]]
[2023.04.23-08.09.05:904][  0]LogConfig: Setting CVar [[r.RefractionQuality:2]]
[2023.04.23-08.09.05:904][  0]LogConfig: Setting CVar [[r.SSR.Quality:3]]
[2023.04.23-08.09.05:904][  0]LogConfig: Setting CVar [[r.SSR.HalfResSceneColor:0]]
[2023.04.23-08.09.05:904][  0]LogConfig: Setting CVar [[r.SceneColorFormat:4]]
[2023.04.23-08.09.05:904][  0]LogConfig: Setting CVar [[r.DetailMode:2]]
[2023.04.23-08.09.05:904][  0]LogConfig: Setting CVar [[r.TranslucencyVolumeBlur:1]]
[2023.04.23-08.09.05:904][  0]LogConfig: Setting CVar [[r.MaterialQualityLevel:1 ; High quality]]
[2023.04.23-08.09.05:904][  0]LogConfig: Setting CVar [[r.AnisotropicMaterials:1]]
[2023.04.23-08.09.05:904][  0]LogConfig: Setting CVar [[r.SSS.Scale:1]]
[2023.04.23-08.09.05:904][  0]LogConfig: Setting CVar [[r.SSS.SampleSet:2]]
[2023.04.23-08.09.05:904][  0]LogConfig: Setting CVar [[r.SSS.Quality:1]]
[2023.04.23-08.09.05:904][  0]LogConfig: Setting CVar [[r.SSS.HalfRes:0]]
[2023.04.23-08.09.05:904][  0]LogConfig: Setting CVar [[r.SSGI.Quality:3]]
[2023.04.23-08.09.05:904][  0]LogConfig: Setting CVar [[r.EmitterSpawnRateScale:1.0]]
[2023.04.23-08.09.05:904][  0]LogConfig: Setting CVar [[r.ParticleLightQuality:2]]
[2023.04.23-08.09.05:904][  0]LogConfig: Setting CVar [[r.SkyAtmosphere.AerialPerspectiveLUT.FastApplyOnOpaque:1 ; Always have FastSkyLUT 1 in this case to avoid wrong sky]]
[2023.04.23-08.09.05:904][  0]LogConfig: Setting CVar [[r.SkyAtmosphere.AerialPerspectiveLUT.SampleCountMaxPerSlice:4]]
[2023.04.23-08.09.05:904][  0]LogConfig: Setting CVar [[r.SkyAtmosphere.AerialPerspectiveLUT.DepthResolution:16.0]]
[2023.04.23-08.09.05:904][  0]LogConfig: Setting CVar [[r.SkyAtmosphere.FastSkyLUT:1]]
[2023.04.23-08.09.05:904][  0]LogConfig: Setting CVar [[r.SkyAtmosphere.FastSkyLUT.SampleCountMin:4.0]]
[2023.04.23-08.09.05:904][  0]LogConfig: Setting CVar [[r.SkyAtmosphere.FastSkyLUT.SampleCountMax:128.0]]
[2023.04.23-08.09.05:904][  0]LogConfig: Setting CVar [[r.SkyAtmosphere.SampleCountMin:4.0]]
[2023.04.23-08.09.05:904][  0]LogConfig: Setting CVar [[r.SkyAtmosphere.SampleCountMax:128.0]]
[2023.04.23-08.09.05:904][  0]LogConfig: Setting CVar [[r.SkyAtmosphere.TransmittanceLUT.UseSmallFormat:0]]
[2023.04.23-08.09.05:904][  0]LogConfig: Setting CVar [[r.SkyAtmosphere.TransmittanceLUT.SampleCount:10.0]]
[2023.04.23-08.09.05:904][  0]LogConfig: Setting CVar [[r.SkyAtmosphere.MultiScatteringLUT.SampleCount:15.0]]
[2023.04.23-08.09.05:904][  0]LogConfig: Setting CVar [[r.SkyLight.RealTimeReflectionCapture:1]]
[2023.04.23-08.09.05:904][  0]LogConfig: Applying CVar settings from Section [FoliageQuality@3] File [E:/Asus/Documents/GitHub/TheTroubleMakers/Unreal Engine Project/SpeedLimit_UniAzad/Saved/Config/Windows/Scalability.ini]
[2023.04.23-08.09.05:904][  0]LogConfig: Setting CVar [[foliage.DensityScale:1.0]]
[2023.04.23-08.09.05:904][  0]LogConfig: Setting CVar [[grass.DensityScale:1.0]]
[2023.04.23-08.09.05:904][  0]LogConfig: Applying CVar settings from Section [ShadingQuality@3] File [E:/Asus/Documents/GitHub/TheTroubleMakers/Unreal Engine Project/SpeedLimit_UniAzad/Saved/Config/Windows/Scalability.ini]
[2023.04.23-08.09.05:904][  0]LogConfig: Setting CVar [[r.HairStrands.SkyLighting.IntegrationType:2]]
[2023.04.23-08.09.05:904][  0]LogConfig: Setting CVar [[r.HairStrands.SkyAO.SampleCount:4]]
[2023.04.23-08.09.05:904][  0]LogConfig: Setting CVar [[r.HairStrands.Visibility.MSAA.SamplePerPixel:4]]
[2023.04.23-08.09.05:904][  0]LogConfig: Applying CVar settings from Section [Startup] File [../../../Engine/Config/ConsoleVariables.ini]
[2023.04.23-08.09.05:904][  0]LogConfig: Setting CVar [[net.UseAdaptiveNetUpdateFrequency:0]]
[2023.04.23-08.09.05:904][  0]LogConfig: Setting CVar [[p.chaos.AllowCreatePhysxBodies:1]]
[2023.04.23-08.09.05:904][  0]LogConfig: Setting CVar [[fx.SkipVectorVMBackendOptimizations:1]]
[2023.04.23-08.09.05:904][  0]LogConfig: Applying CVar settings from Section [ConsoleVariables] File [E:/Asus/Documents/GitHub/TheTroubleMakers/Unreal Engine Project/SpeedLimit_UniAzad/Saved/Config/Windows/Engine.ini]
[2023.04.23-08.09.05:904][  0]LogConfig: Applying CVar settings from Section [ConsoleVariables] File [E:/Asus/Documents/GitHub/TheTroubleMakers/Unreal Engine Project/SpeedLimit_UniAzad/Saved/Config/Windows/Editor.ini]
[2023.04.23-08.09.05:904][  0]LogInit: Computer: LAPTOP-ENHDEN5K
[2023.04.23-08.09.05:904][  0]LogInit: User: Asus
[2023.04.23-08.09.05:904][  0]LogInit: CPU Page size=4096, Cores=4
[2023.04.23-08.09.05:904][  0]LogInit: High frequency timer resolution =10.000000 MHz
[2023.04.23-08.09.05:904][  0]LogMemory: Memory total: Physical=15.7GB (16GB approx)
[2023.04.23-08.09.05:904][  0]LogMemory: Platform Memory Stats for Windows
[2023.04.23-08.09.05:904][  0]LogMemory: Process Physical Memory: 142.09 MB used, 142.09 MB peak
[2023.04.23-08.09.05:905][  0]LogMemory: Process Virtual Memory: 126.80 MB used, 126.80 MB peak
[2023.04.23-08.09.05:905][  0]LogMemory: Physical Memory: 10442.97 MB used,  5632.44 MB free, 16075.41 MB total
[2023.04.23-08.09.05:905][  0]LogMemory: Virtual Memory: 134214096.00 MB used,  3632.60 MB free, 134217728.00 MB total
[2023.04.23-08.09.05:909][  0]LogWindows: WindowsPlatformFeatures enabled
[2023.04.23-08.09.05:940][  0]LogInit: Physics initialised using underlying interface: PhysX
[2023.04.23-08.09.05:941][  0]LogInit: Using OS detected language (en-US).
[2023.04.23-08.09.05:942][  0]LogInit: Using OS detected locale (en-US).
[2023.04.23-08.09.05:943][  0]LogTextLocalizationManager: No specific localization for 'en-US' exists, so the 'en' localization will be used.
[2023.04.23-08.09.06:126][  0]LogInit: Setting process to per monitor DPI aware
[2023.04.23-08.09.06:141][  0]LogWindowsTextInputMethodSystem: Display: IME system deactivated.
[2023.04.23-08.09.06:150][  0]LogSlate: New Slate User Created.  User Index 0, Is Virtual User: 0
[2023.04.23-08.09.06:150][  0]LogSlate: Slate User Registered.  User Index 0, Is Virtual User: 0
[2023.04.23-08.09.06:231][  0]LogD3D11RHI: Loaded GFSDK_Aftermath_Lib.x64.dll
[2023.04.23-08.09.06:260][  0]LogHMD: Failed to initialize OpenVR with code 110
[2023.04.23-08.09.06:260][  0]LogD3D11RHI: D3D11 min allowed feature level: 11_0
[2023.04.23-08.09.06:260][  0]LogD3D11RHI: D3D11 max allowed feature level: 11_0
[2023.04.23-08.09.06:260][  0]LogD3D11RHI: D3D11 adapters:
[2023.04.23-08.09.06:375][  0]LogD3D11RHI:    0. 'NVIDIA GeForce MX450' (Feature Level 11_0)
[2023.04.23-08.09.06:375][  0]LogD3D11RHI:       1920/0/8037 MB DedicatedVideo/DedicatedSystem/SharedSystem, Outputs:2, VendorId:0x10de
[2023.04.23-08.09.06:413][  0]LogD3D11RHI:    1. 'Intel(R) Iris(R) Xe Graphics' (Feature Level 11_0)
[2023.04.23-08.09.06:413][  0]LogD3D11RHI:       128/0/8037 MB DedicatedVideo/DedicatedSystem/SharedSystem, Outputs:0, VendorId:0x8086
[2023.04.23-08.09.06:415][  0]LogD3D11RHI:    2. 'Microsoft Basic Render Driver' (Feature Level 11_0)
[2023.04.23-08.09.06:416][  0]LogD3D11RHI:       0/0/8037 MB DedicatedVideo/DedicatedSystem/SharedSystem, Outputs:0, VendorId:0x1414
[2023.04.23-08.09.06:416][  0]LogD3D11RHI: Chosen D3D11 Adapter: 0
[2023.04.23-08.09.06:422][  0]LogD3D11RHI: Creating new Direct3DDevice
[2023.04.23-08.09.06:422][  0]LogD3D11RHI:     GPU DeviceId: 0x1f97 (for the marketing name, search the web for "GPU Device Id")
[2023.04.23-08.09.06:422][  0]LogWindows: EnumDisplayDevices:
[2023.04.23-08.09.06:423][  0]LogWindows:    0. 'Intel(R) Iris(R) Xe Graphics' (P:1 D:1)
[2023.04.23-08.09.06:423][  0]LogWindows:    1. 'Intel(R) Iris(R) Xe Graphics' (P:0 D:1)
[2023.04.23-08.09.06:423][  0]LogWindows:    2. 'Intel(R) Iris(R) Xe Graphics' (P:0 D:0)
[2023.04.23-08.09.06:423][  0]LogWindows:    3. 'Intel(R) Iris(R) Xe Graphics' (P:0 D:0)
[2023.04.23-08.09.06:423][  0]LogWindows: DebugString: PrimaryIsNotTheChoosenAdapter PrimaryIsNotTheChoosenAdapter PrimaryIsNotTheChoosenAdapter PrimaryIsNotTheChoosenAdapter FoundDriverCount:0 
[2023.04.23-08.09.06:424][  0]LogD3D11RHI:     Adapter Name: NVIDIA GeForce MX450
[2023.04.23-08.09.06:424][  0]LogD3D11RHI:   Driver Version: Unknown (internal:Unknown, unified:Unknown)
[2023.04.23-08.09.06:424][  0]LogD3D11RHI:      Driver Date: Unknown
[2023.04.23-08.09.06:424][  0]LogRHI: Texture pool is 1344 MB (70% of 1920 MB)
[2023.04.23-08.09.06:493][  0]LogD3D11RHI: RHI has support for 64 bit atomics
[2023.04.23-08.09.06:493][  0]LogD3D11RHI: Async texture creation enabled
[2023.04.23-08.09.06:493][  0]LogD3D11RHI: Array index from any shader is supported
[2023.04.23-08.09.06:514][  0]LogD3D11RHI: GPU Timing Frequency: 1000.000000 (Debug: 2 2)
[2023.04.23-08.09.06:534][  0]LogRHI: GeForceNow SDK initialized: 1
[2023.04.23-08.09.06:777][  0]LogTargetPlatformManager: Display: Loaded TargetPlatform 'AllDesktop'
[2023.04.23-08.09.06:792][  0]LogTargetPlatformManager: Display: Loaded TargetPlatform 'Android'
[2023.04.23-08.09.06:792][  0]LogTargetPlatformManager: Display: Loaded TargetPlatform 'Android_ASTC'
[2023.04.23-08.09.06:792][  0]LogTargetPlatformManager: Display: Loaded TargetPlatform 'Android_DXT'
[2023.04.23-08.09.06:792][  0]LogTargetPlatformManager: Display: Loaded TargetPlatform 'Android_ETC2'
[2023.04.23-08.09.06:792][  0]LogTargetPlatformManager: Display: Loaded TargetPlatform 'AndroidClient'
[2023.04.23-08.09.06:792][  0]LogTargetPlatformManager: Display: Loaded TargetPlatform 'Android_ASTCClient'
[2023.04.23-08.09.06:792][  0]LogTargetPlatformManager: Display: Loaded TargetPlatform 'Android_DXTClient'
[2023.04.23-08.09.06:792][  0]LogTargetPlatformManager: Display: Loaded TargetPlatform 'Android_ETC2Client'
[2023.04.23-08.09.06:792][  0]LogTargetPlatformManager: Display: Loaded TargetPlatform 'Android_Multi'
[2023.04.23-08.09.06:792][  0]LogTargetPlatformManager: Display: Loaded TargetPlatform 'Android_MultiClient'
[2023.04.23-08.09.06:805][  0]LogTargetPlatformManager: Display: Loaded TargetPlatform 'IOSClient'
[2023.04.23-08.09.06:805][  0]LogTargetPlatformManager: Display: Loaded TargetPlatform 'IOS'
[2023.04.23-08.09.06:812][  0]LogTargetPlatformManager: Display: Loaded TargetPlatform 'Linux'
[2023.04.23-08.09.06:816][  0]LogTargetPlatformManager: Display: Loaded TargetPlatform 'LinuxNoEditor'
[2023.04.23-08.09.06:820][  0]LogTargetPlatformManager: Display: Loaded TargetPlatform 'LinuxClient'
[2023.04.23-08.09.06:823][  0]LogTargetPlatformManager: Display: Loaded TargetPlatform 'LinuxServer'
[2023.04.23-08.09.06:831][  0]LogTargetPlatformManager: Display: Loaded TargetPlatform 'LinuxAArch64NoEditor'
[2023.04.23-08.09.06:834][  0]LogTargetPlatformManager: Display: Loaded TargetPlatform 'LinuxAArch64Client'
[2023.04.23-08.09.06:836][  0]LogTargetPlatformManager: Display: Loaded TargetPlatform 'LinuxAArch64Server'
[2023.04.23-08.09.06:853][  0]LogTargetPlatformManager: Display: Loaded TargetPlatform 'Lumin'
[2023.04.23-08.09.06:853][  0]LogTargetPlatformManager: Display: Loaded TargetPlatform 'LuminClient'
[2023.04.23-08.09.06:859][  0]LogTargetPlatformManager: Display: Loaded TargetPlatform 'MacNoEditor'
[2023.04.23-08.09.06:862][  0]LogTargetPlatformManager: Display: Loaded TargetPlatform 'Mac'
[2023.04.23-08.09.06:867][  0]LogTargetPlatformManager: Display: Loaded TargetPlatform 'MacClient'
[2023.04.23-08.09.06:872][  0]LogTargetPlatformManager: Display: Loaded TargetPlatform 'MacServer'
[2023.04.23-08.09.06:881][  0]LogTargetPlatformManager: Display: Loaded TargetPlatform 'TVOSClient'
[2023.04.23-08.09.06:881][  0]LogTargetPlatformManager: Display: Loaded TargetPlatform 'TVOS'
[2023.04.23-08.09.06:887][  0]LogTargetPlatformManager: Display: Loaded TargetPlatform 'WindowsNoEditor'
[2023.04.23-08.09.06:891][  0]LogTargetPlatformManager: Display: Loaded TargetPlatform 'Windows'
[2023.04.23-08.09.06:895][  0]LogTargetPlatformManager: Display: Loaded TargetPlatform 'WindowsClient'
[2023.04.23-08.09.06:899][  0]LogTargetPlatformManager: Display: Loaded TargetPlatform 'WindowsServer'
[2023.04.23-08.09.06:899][  0]LogTargetPlatformManager: Display: Building Assets For Windows
[2023.04.23-08.09.06:905][  0]LogAudioDebug: Display: Lib vorbis DLL was dynamically loaded.
[2023.04.23-08.09.06:934][  0]LogTextureFormatOodle: Display: Oodle Texture 2.9.0 init RDO Off
[2023.04.23-08.09.06:966][  0]LogRendererCore: Ray tracing is disabled. Reason: r.RayTracing=0.
[2023.04.23-08.09.06:966][  0]LogShaderCompilers: Guid format shader working directory is -52 characters bigger than the processId version (../../../../../../Asus/Documents/GitHub/TheTroubleMakers/Unreal Engine Project/SpeedLimit_UniAzad/Intermediate/Shaders/WorkingDirectory/9292/).
[2023.04.23-08.09.06:966][  0]LogShaderCompilers: Cleaned the shader compiler working directory 'C:/Users/Asus/AppData/Local/Temp/UnrealShaderWorkingDir/5F55CF614E8649C724D8B59F224D5AB1/'.
[2023.04.23-08.09.06:966][  0]LogXGEController: Cannot use XGE Controller as Incredibuild is not installed on this machine.
[2023.04.23-08.09.06:966][  0]LogShaderCompilers: Cannot use XGE Shader Compiler as Incredibuild is not installed on this machine.
[2023.04.23-08.09.06:966][  0]LogShaderCompilers: Display: Using Local Shader Compiler.
[2023.04.23-08.09.07:599][  0]LogDerivedDataCache: Display: Max Cache Size: 512 MB
[2023.04.23-08.09.07:650][  0]LogDerivedDataCache: Loaded boot cache 0.05s 95MB C:/Users/Asus/AppData/Local/UnrealEngine/4.27/DerivedDataCache/Boot.ddc.
[2023.04.23-08.09.07:650][  0]LogDerivedDataCache: Display: Loaded Boot cache: C:/Users/Asus/AppData/Local/UnrealEngine/4.27/DerivedDataCache/Boot.ddc
[2023.04.23-08.09.07:650][  0]LogDerivedDataCache: FDerivedDataBackendGraph:  Pak pak cache file ../../../../../../Asus/Documents/GitHub/TheTroubleMakers/Unreal Engine Project/SpeedLimit_UniAzad/DerivedDataCache/DDC.ddp not found, will not use a pak cache.
[2023.04.23-08.09.07:650][  0]LogDerivedDataCache: Unable to find inner node Pak for hierarchical cache Hierarchy.
[2023.04.23-08.09.07:650][  0]LogDerivedDataCache: FDerivedDataBackendGraph:  CompressedPak pak cache file ../../../../../../Asus/Documents/GitHub/TheTroubleMakers/Unreal Engine Project/SpeedLimit_UniAzad/DerivedDataCache/Compressed.ddp not found, will not use a pak cache.
[2023.04.23-08.09.07:650][  0]LogDerivedDataCache: Unable to find inner node CompressedPak for hierarchical cache Hierarchy.
[2023.04.23-08.09.07:662][  0]LogDerivedDataCache: Display: Pak cache opened for reading ../../../Engine/DerivedDataCache/Compressed.ddp.
[2023.04.23-08.09.07:662][  0]LogDerivedDataCache: FDerivedDataBackendGraph:  EnterprisePak pak cache file ../../../Enterprise/DerivedDataCache/Compressed.ddp not found, will not use a pak cache.
[2023.04.23-08.09.07:662][  0]LogDerivedDataCache: Unable to find inner node EnterprisePak for hierarchical cache Hierarchy.
[2023.04.23-08.09.07:667][  0]LogDerivedDataCache: Speed tests for C:/Users/Asus/AppData/Local/UnrealEngine/Common/DerivedDataCache took 0.00 seconds
[2023.04.23-08.09.07:667][  0]LogDerivedDataCache: Display: Performance to C:/Users/Asus/AppData/Local/UnrealEngine/Common/DerivedDataCache: Latency=0.01ms. RandomReadSpeed=1378.95MBs, RandomWriteSpeed=225.58MBs. Assigned SpeedClass 'Local'
[2023.04.23-08.09.07:671][  0]LogDerivedDataCache: Using Local data cache path C:/Users/Asus/AppData/Local/UnrealEngine/Common/DerivedDataCache: Writable
[2023.04.23-08.09.07:671][  0]LogDerivedDataCache: Shared data cache path not found in *engine.ini, will not use an Shared cache.
[2023.04.23-08.09.07:671][  0]LogDerivedDataCache: Unable to find inner node Shared for hierarchical cache Hierarchy.
[2023.04.23-08.09.07:708][  0]LogSlate: Using FreeType 2.10.0
[2023.04.23-08.09.07:708][  0]LogSlate: SlateFontServices - WITH_FREETYPE: 1, WITH_HARFBUZZ: 1
[2023.04.23-08.09.07:732][  0]LogAssetRegistry: FAssetRegistry took 0.0032 seconds to start up
[2023.04.23-08.09.07:932][  0]LogInit: Selected Device Profile: [Windows]
[2023.04.23-08.09.07:932][  0]LogInit: Active device profile: [0000028CBFE81300][0000028CB7BA32C0 49] Windows
[2023.04.23-08.09.07:932][  0]LogInit: Profiles: [0000028CBFE81300][0000028CB7BA32C0 49] Windows, [0000028CBFE1E400][0000028CB7BAB580 49] WindowsNoEditor, [0000028CBFE82400][0000028CB7BAF840 49] WindowsServer, [0000028CBFE1F300][0000028CB7BB3B00 49] WindowsClient, [0000028CBFE83300][0000028CB7BBA240 49] IOS, [0000028CBFE1D200][0000028CB7BC2500 49] iPadAir, [0000028CBFE83E00][0000028CB7BC67C0 49] iPadAir2, [0000028CBFBE6100][0000028CB7BE6D00 49] IPadPro, [0000028CBFBE6200][0000028CB7BCAD40 49] iPadAir3, [0000028CBFE1F700][0000028CB7BA6FC0 49] iPadAir4, [0000028CBFBE7100][0000028CB7BCF280 49] iPadMini2, [0000028CBFE1E700][0000028CB7BE3540 49] iPadMini3, [0000028CBFBE7E00][0000028CB7BEB800 49] iPadMini4, [0000028CBFE1D800][0000028CB7BEFAC0 49] iPadMini5, [0000028CBFC11A00][0000028CBFB56480 49] iPhone6, [0000028CBFC11B00][0000028CB7BF64C0 49] iPodTouch6, [0000028CBFE82E00][0000028CBFBB6A00 49] iPhone7, [0000028CBFE83100][0000028CBFB4EA40 49] iPodTouch7, [0000028CBFBE5C00][0000028CBFB52D00 49] iPhone5S, [0000028CBFE81200][0000028CB7BD2F80 49] iPhone6Plus, [0000028CBFBE5800][0000028CB7BFF200 49] iPhone6S, [0000028CBFE80400][0000028CBFBBB4C0 49] iPhone6SPlus, [0000028CBFBE4E00][0000028CB4627780 49] iPhone7Plus, [0000028CBFE83000][0000028CB462BA40 49] iPhoneSE, [0000028CBFBE4A00][0000028CC0F42180 49] iPhone8, [0000028CBFE80800][0000028CC0FB4440 49] iPhone8Plus, [0000028CBFE81D00][0000028CC0FB8700 49] iPhoneX, [0000028CBFC10800][0000028CC0FBC9C0 49] iPhoneXS, [0000028CBFE82D00][0000028CC0FC0C80 49] iPhoneXSMax, [0000028CBFC10F00][0000028CC0FC4F40 49] iPhoneXR, [0000028CBFE81A00][0000028CBFBB31C0 49] iPhone11, [0000028CBFC11300][0000028CC0FC9440 49] iPhone11Pro, [0000028CBFC10400][0000028CBD489700 49] iPhone11ProMax, [0000028CBFBE7200][0000028CBD48D9C0 49] iPhoneSE2, [0000028CBFC12300][0000028CBD490100 49] iPhone12Mini, [0000028CBFBE5400][0000028CBD4943C0 49] iPhone12, [0000028CBFC12D00][0000028CBD498680 49] iPhone12Pro, [0000028CBFBE7700][0000028CBD49C940 49] iPhone12ProMax, [0000028CBFC12E00][0000028CB3F86C00 49] iPadPro105, [0000028CBFBE6400][0000028CB3F8AEC0 49] iPadPro129, [0000028CBFC12F00][0000028CBFB11180 49] iPadPro97, [0000028CBFBE7800][0000028CC0FCD400 49] iPadPro2_129, [0000028CBFE81600][0000028CBFB25680 49] iPad5, [0000028CBFBE5B00][0000028CC0C0B940 49] iPad6, [0000028CBFE83700][0000028CC0C13C00 49] iPad7, [0000028CBFBE4100][0000028CC0D30340 49] iPad8, [0000028CBFE81E00][0000028CC0D3E600 49] iPadPro11, [0000028CBFBE6F00][0000028CC0D428C0 49] iPadPro2_11, [0000028CBFE83A00][0000028CC0D46B80 49] iPadPro3_129, [0000028CBFBE6B00][0000028CC0D4AE40 49] iPadPro4_129, [0000028CBFE82900][0000028CC0D4F100 49] AppleTV, [0000028CBFBE4200][0000028CC0D533C0 49] AppleTV4K, [0000028CBFE82500][0000028CC0C07640 49] TVOS, [0000028CBFBE5900][0000028CB45D78C0 49] Mac, [0000028CBFE80E00][0000028CB45DFB80 49] MacClient, [0000028CBFBE4800][0000028CB45E22C0 49] MacNoEditor, [0000028CBFE81800][0000028CB45FA580 49] MacServer, [0000028CBFBE5E00][0000028CB45FE840 49] Linux, [0000028CBFE81000][0000028CB4602B00 49] LinuxAArch64, [0000028CBFBE4300][0000028CB4606DC0 49] LinuxNoEditor, [0000028CBFE80600][0000028CB4613080 49] LinuxAArch64NoEditor, [0000028CBFBE7F00][0000028CB4617340 49] LinuxClient, [0000028CBFE80100][0000028CB461B600 49] LinuxAArch64Client, [0000028CBFBE4600][0000028CB45DB880 49] LinuxServer, [0000028CBFE81500][0000028CB461FB00 49] LinuxAArch64Server, [0000028CBFBE6D00][0000028CC0E2E240 49] Android, [0000028CBFE80D00][0000028CC0E32500 49] Android_Low, [0000028CBFBE5600][0000028CC0E367C0 49] Android_Mid, [0000028CBFE83400][0000028CC0E3AA80 49] Android_High, [0000028CBFBE4B00][0000028CC0F2CD40 49] Android_Default, [0000028CBFE81F00][0000028CC0F31000 49] Android_Adreno4xx, [0000028CBFBE5500][0000028CC0F352C0 49] Android_Adreno5xx_Low, [0000028CBFE83500][0000028CC0F39580 49] Android_Adreno5xx, [0000028CBFBE4700][0000028CC0F3D840 49] Android_Adreno6xx, [0000028CBFE81C00][0000028CC0E2BAC0 49] Android_Adreno6xx_Vulkan, [0000028CBFBE6800][0000028CC0F221C0 49] Android_Mali_T6xx, [0000028CBFE82300][0000028CC0F4A480 49] Android_Mali_T7xx, [0000028CBFBE5700][0000028CC0F4E740 49] Android_Mali_T8xx, [0000028CBFE82800][0000028CB4622A00 49] Android_Mali_G71, [0000028CBFBE7400][0000028CBD464CC0 49] Android_Mali_G72, [0000028CBFE80700][0000028CBD468F80 49] Android_Mali_G72_Vulkan, [0000028CBFBE6700][0000028CBD46D240 49] Android_Mali_G76, [0000028CBFC13900][0000028CBD471500 49] Android_Mali_G76_Vulkan, [0000028CBFE1C900][0000028CBD4757C0 49] Android_Mali_G77, [0000028CBFC13200][0000028CBD479A80 49] Android_Mali_G77_Vulkan, [0000028CBFE1CD00][0000028CC0F46180 49] Android_Mali_G78, [0000028CBFC10C00][0000028CB3F8E400 49] Android_Mali_G78_Vulkan, [0000028CBFE1CB00][0000028CB7BF26C0 49] Android_Mali_G710, [0000028CBFC10500][0000028CB7BFA980 49] Android_Mali_G710_Vulkan, [0000028CBFE1F500][0000028CBD47CC40 49] Android_Vulkan_SM5, [0000028CBFC10200][0000028CBD480F00 49] Android_PowerVR_G6xxx, [0000028CBFE1EF00][0000028CBD4851C0 49] Android_PowerVR_GT7xxx, [0000028CBFC13700][0000028CBFB5B480 49] Android_PowerVR_GE8xxx, [0000028CBFE1C200][0000028CBFB5F740 49] Android_PowerVR_GM9xxx, [0000028CBFC12200][0000028CBFB63A00 49] Android_PowerVR_GM9xxx_Vulkan, [0000028CBFE1DD00][0000028CBFB66140 49] Android_TegraK1, [0000028CBFC10E00][0000028CB3F823C0 49] Android_Unknown_Vulkan, [0000028CBFE1FC00][0000028CBFB6A640 49] Lumin, [0000028CBFC11100][0000028CBFB72900 49] Lumin_Desktop, [0000028CBFE1E000][0000028CBFB76BC0 49] HoloLens, 
[2023.04.23-08.09.08:032][  0]LogMeshReduction: Using QuadricMeshReduction for automatic static mesh reduction
[2023.04.23-08.09.08:032][  0]LogMeshReduction: Using SimplygonMeshReduction for automatic skeletal mesh reduction
[2023.04.23-08.09.08:032][  0]LogMeshReduction: Using ProxyLODMeshReduction for automatic mesh merging
[2023.04.23-08.09.08:032][  0]LogMeshReduction: No distributed automatic mesh merging module available
[2023.04.23-08.09.08:032][  0]LogMeshMerging: No distributed automatic mesh merging module available
[2023.04.23-08.09.08:042][  0]LogNetVersion: SpeedLimit_UniAzad 1.0.0, NetCL: 17155196, EngineNetVer: 17, GameNetVer: 0 (Checksum: 2338214234)
[2023.04.23-08.09.08:351][  0]LogTexture: Default maximum texture size for cubemaps generated from long-lat sources has been changed from 512 to unlimited. In order to preserve old behaiour for '/Engine/MapTemplates/Sky/DaylightAmbientCubemap.DaylightAmbientCubemap', its maximum texture size has been explicitly set to 512.
[2023.04.23-08.09.08:395][  0]LogHMD: PokeAHoleMaterial loaded successfully
[2023.04.23-08.09.08:399][  0]LogUObjectArray: 17178 objects as part of root set at end of initial load.
[2023.04.23-08.09.08:399][  0]LogUObjectAllocator: 4301856 out of 0 bytes used by permanent object pool.
[2023.04.23-08.09.08:399][  0]LogUObjectArray: CloseDisregardForGC: 0/0 objects in disregard for GC pool
[2023.04.23-08.09.08:601][  0]LogPython: Using Python 3.7.7
[2023.04.23-08.09.09:039][  0]LogNiagaraDebuggerClient: Niagara Debugger Client Initialized | Session: D9E8913E435902925B56F49D13495FAC | Instance: 5789B3C543B978B313375EA4DF04E026 (LAPTOP-ENHDEN5K-9292).
[2023.04.23-08.09.09:053][  0]LogStreaming: Warning: Failed to read file '../../../Engine/Content/Editor/Slate/Niagara/MenuSeparator.png' error.
[2023.04.23-08.09.09:054][  0]LogSlate: Could not find file for Slate resource: ../../../Engine/Content/Editor/Slate/Niagara/MenuSeparator.png
[2023.04.23-08.09.09:055][  0]LogStreaming: Warning: Failed to read file '../../../Engine/Content/Editor/Slate/Niagara/Common/Selector.png' error.
[2023.04.23-08.09.09:055][  0]LogSlate: Could not find file for Slate resource: ../../../Engine/Content/Editor/Slate/Niagara/Common/Selector.png
[2023.04.23-08.09.09:055][  0]LogStreaming: Warning: Failed to read file '../../../Engine/Content/Editor/Slate/Niagara/Common/Selection.png' error.
[2023.04.23-08.09.09:055][  0]LogSlate: Could not find file for Slate resource: ../../../Engine/Content/Editor/Slate/Niagara/Common/Selection.png
[2023.04.23-08.09.09:055][  0]LogStreaming: Warning: Failed to read file '../../../Engine/Content/Editor/Slate/Niagara/Common/DropZoneIndicator_Above.png' error.
[2023.04.23-08.09.09:055][  0]LogSlate: Could not find file for Slate resource: ../../../Engine/Content/Editor/Slate/Niagara/Common/DropZoneIndicator_Above.png
[2023.04.23-08.09.09:055][  0]LogStreaming: Warning: Failed to read file '../../../Engine/Content/Editor/Slate/Niagara/Common/DropZoneIndicator_Onto.png' error.
[2023.04.23-08.09.09:055][  0]LogSlate: Could not find file for Slate resource: ../../../Engine/Content/Editor/Slate/Niagara/Common/DropZoneIndicator_Onto.png
[2023.04.23-08.09.09:055][  0]LogStreaming: Warning: Failed to read file '../../../Engine/Content/Editor/Slate/Niagara/Common/DropZoneIndicator_Below.png' error.
[2023.04.23-08.09.09:055][  0]LogSlate: Could not find file for Slate resource: ../../../Engine/Content/Editor/Slate/Niagara/Common/DropZoneIndicator_Below.png
[2023.04.23-08.09.09:055][  0]LogStreaming: Warning: Failed to read file '../../../Engine/Content/Editor/Slate/Niagara/Common/FlatButton.png' error.
[2023.04.23-08.09.09:055][  0]LogSlate: Could not find file for Slate resource: ../../../Engine/Content/Editor/Slate/Niagara/Common/FlatButton.png
[2023.04.23-08.09.09:055][  0]LogStreaming: Warning: Failed to read file '../../../Engine/Content/Editor/Slate/Niagara/Common/RoundedSelection_16x.png' error.
[2023.04.23-08.09.09:055][  0]LogSlate: Could not find file for Slate resource: ../../../Engine/Content/Editor/Slate/Niagara/Common/RoundedSelection_16x.png
[2023.04.23-08.09.09:055][  0]LogImageWrapper: Warning: PNG Warning: Duplicate iCCP chunk
[2023.04.23-08.09.09:055][  0]LogImageWrapper: Warning: PNG Warning: Duplicate iCCP chunk
[2023.04.23-08.09.09:162][  0]LogTcpMessaging: Initializing TcpMessaging bridge
[2023.04.23-08.09.09:170][  0]LogUdpMessaging: Initializing bridge on interface 0.0.0.0:0 to multicast group 230.0.0.1:6666.
[2023.04.23-08.09.09:299][  0]SourceControl: Source control is disabled
[2023.04.23-08.09.09:299][  0]SourceControl: Source control is disabled
[2023.04.23-08.09.09:302][  0]SourceControl: Source control is disabled
[2023.04.23-08.09.09:305][  0]SourceControl: Source control is disabled
[2023.04.23-08.09.09:311][  0]SourceControl: Source control is disabled
[2023.04.23-08.09.09:319][  0]LogUProjectInfo: Found projects:
[2023.04.23-08.09.09:477][  0]LogOpenImageDenoise: OIDN starting up
[2023.04.23-08.09.09:520][  0]LogAndroidPermission: UAndroidPermissionCallbackProxy::GetInstance
[2023.04.23-08.09.09:534][  0]LogAudioCaptureCore: Display: No Audio Capture implementations found. Audio input will be silent.
[2023.04.23-08.09.09:534][  0]LogAudioCaptureCore: Display: No Audio Capture implementations found. Audio input will be silent.
[2023.04.23-08.09.09:636][  0]LogCollectionManager: Loaded 0 collections in 0.000423 seconds
[2023.04.23-08.09.09:656][  0]LogFileCache: Scanning file cache for directory 'E:/Asus/Documents/GitHub/TheTroubleMakers/Unreal Engine Project/SpeedLimit_UniAzad/Saved/Collections/' took 0.00s
[2023.04.23-08.09.09:656][  0]LogFileCache: Scanning file cache for directory 'E:/Asus/Documents/GitHub/TheTroubleMakers/Unreal Engine Project/SpeedLimit_UniAzad/Content/Developers/Asus/Collections/' took 0.00s
[2023.04.23-08.09.09:656][  0]LogFileCache: Scanning file cache for directory 'E:/Asus/Documents/GitHub/TheTroubleMakers/Unreal Engine Project/SpeedLimit_UniAzad/Content/Collections/' took 0.00s
[2023.04.23-08.09.09:656][  0]LogOcInput: OculusInput pre-init called
[2023.04.23-08.09.09:809][  0]LogStreaming: Warning: Failed to read file '../../../Engine/Content/Editor/Slate/Niagara/MenuSeparator.png' error.
[2023.04.23-08.09.09:809][  0]LogSlate: Could not find file for Slate resource: ../../../Engine/Content/Editor/Slate/Niagara/MenuSeparator.png
[2023.04.23-08.09.09:887][  0]LogStreaming: Warning: Failed to read file '../../../Engine/Content/Editor/Slate/Niagara/Common/Selector.png' error.
[2023.04.23-08.09.09:887][  0]LogSlate: Could not find file for Slate resource: ../../../Engine/Content/Editor/Slate/Niagara/Common/Selector.png
[2023.04.23-08.09.09:887][  0]LogStreaming: Warning: Failed to read file '../../../Engine/Content/Editor/Slate/Niagara/Common/Selection.png' error.
[2023.04.23-08.09.09:887][  0]LogSlate: Could not find file for Slate resource: ../../../Engine/Content/Editor/Slate/Niagara/Common/Selection.png
[2023.04.23-08.09.09:887][  0]LogStreaming: Warning: Failed to read file '../../../Engine/Content/Editor/Slate/Niagara/Common/DropZoneIndicator_Above.png' error.
[2023.04.23-08.09.09:887][  0]LogSlate: Could not find file for Slate resource: ../../../Engine/Content/Editor/Slate/Niagara/Common/DropZoneIndicator_Above.png
[2023.04.23-08.09.09:887][  0]LogStreaming: Warning: Failed to read file '../../../Engine/Content/Editor/Slate/Niagara/Common/DropZoneIndicator_Onto.png' error.
[2023.04.23-08.09.09:887][  0]LogSlate: Could not find file for Slate resource: ../../../Engine/Content/Editor/Slate/Niagara/Common/DropZoneIndicator_Onto.png
[2023.04.23-08.09.09:887][  0]LogStreaming: Warning: Failed to read file '../../../Engine/Content/Editor/Slate/Niagara/Common/DropZoneIndicator_Below.png' error.
[2023.04.23-08.09.09:887][  0]LogSlate: Could not find file for Slate resource: ../../../Engine/Content/Editor/Slate/Niagara/Common/DropZoneIndicator_Below.png
[2023.04.23-08.09.09:887][  0]LogStreaming: Warning: Failed to read file '../../../Engine/Content/Editor/Slate/Niagara/Common/RoundedSelection_16x.png' error.
[2023.04.23-08.09.09:887][  0]LogSlate: Could not find file for Slate resource: ../../../Engine/Content/Editor/Slate/Niagara/Common/RoundedSelection_16x.png
[2023.04.23-08.09.09:887][  0]LogImageWrapper: Warning: PNG Warning: Duplicate iCCP chunk
[2023.04.23-08.09.09:887][  0]LogStreaming: Warning: Failed to read file '../../../Engine/Content/Editor/Slate/Niagara/Common/FlatButton.png' error.
[2023.04.23-08.09.09:887][  0]LogSlate: Could not find file for Slate resource: ../../../Engine/Content/Editor/Slate/Niagara/Common/FlatButton.png
[2023.04.23-08.09.09:887][  0]LogImageWrapper: Warning: PNG Warning: Duplicate iCCP chunk
[2023.04.23-08.09.09:887][  0]LogEngine: Initializing Engine...
[2023.04.23-08.09.09:889][  0]LogHMD: Failed to enumerate extensions. Please check that you have a valid OpenXR runtime installed.
[2023.04.23-08.09.09:889][  0]LogHMD: Failed to initialize OpenVR with code 110
[2023.04.23-08.09.09:889][  0]LogMagicLeap: Warning: VR disabled because ZI is not enabled.  To enable, in the editor, Edit -> Project Settings -> Plugins -> Magic Leap Plugin -> Enable Zero Iteration
[2023.04.23-08.09.09:891][  0]LogStats: UGameplayTagsManager::InitializeManager -  0.000 s
[2023.04.23-08.09.10:020][  0]LogInit: Initializing FReadOnlyCVARCache
[2023.04.23-08.09.10:031][  0]LogAIModule: Creating AISystem for world Untitled
[2023.04.23-08.09.10:039][  0]LogAudio: Display: Initializing Audio Device Manager...
[2023.04.23-08.09.10:043][  0]LogAudio: Display: Loading Default Audio Settings Objects...
[2023.04.23-08.09.10:044][  0]LogAudio: Display: No default SoundConcurrencyObject specified (or failed to load).
[2023.04.23-08.09.10:045][  0]LogAudio: Display: Audio Device Manager Initialized
[2023.04.23-08.09.10:045][  0]LogAudio: Display: Creating Audio Device:                 Id: 1, Scope: Shared, Realtime: True
[2023.04.23-08.09.10:045][  0]LogAudioMixer: Display: Audio Mixer Platform Settings:
[2023.04.23-08.09.10:045][  0]LogAudioMixer: Display: 	Sample Rate:						  48000
[2023.04.23-08.09.10:045][  0]LogAudioMixer: Display: 	Callback Buffer Frame Size Requested: 1024
[2023.04.23-08.09.10:045][  0]LogAudioMixer: Display: 	Callback Buffer Frame Size To Use:	  1024
[2023.04.23-08.09.10:045][  0]LogAudioMixer: Display: 	Number of buffers to queue:			  2
[2023.04.23-08.09.10:045][  0]LogAudioMixer: Display: 	Max Channels (voices):				  32
[2023.04.23-08.09.10:045][  0]LogAudioMixer: Display: 	Number of Async Source Workers:		  0
[2023.04.23-08.09.10:045][  0]LogAudio: Display: AudioDevice MaxSources: 32
[2023.04.23-08.09.10:045][  0]LogAudio: Display: Audio Spatialization Plugin: None (built-in).
[2023.04.23-08.09.10:045][  0]LogAudio: Display: Audio Reverb Plugin: None (built-in).
[2023.04.23-08.09.10:045][  0]LogAudio: Display: Audio Occlusion Plugin: None (built-in).
[2023.04.23-08.09.10:045][  0]LogAudioMixer: Display: Initializing audio mixer.
[2023.04.23-08.09.10:056][  0]LogAudioMixer: Display: 0: FrontLeft
[2023.04.23-08.09.10:056][  0]LogAudioMixer: Display: 1: FrontRight
[2023.04.23-08.09.10:085][  0]LogAudioMixer: Display: Using Audio Device Mi TV (HD Audio Driver for Display Audio)
[2023.04.23-08.09.10:087][  0]LogAudioMixer: Display: Initializing Sound Submixes...
[2023.04.23-08.09.10:090][  0]LogAudioMixer: Display: Creating Master Submix 'MasterSubmixDefault'
[2023.04.23-08.09.10:090][  0]LogAudioMixer: Display: Creating Master Submix 'MasterReverbSubmixDefault'
[2023.04.23-08.09.10:091][  0]LogAudioMixer: Display: Creating Master Submix 'MasterEQSubmixDefault'
[2023.04.23-08.09.10:091][  0]LogAudioMixer: FMixerPlatformXAudio2::StartAudioStream() called
[2023.04.23-08.09.10:091][  0]LogAudioMixer: Display: Output buffers initialized: Frames=1024, Channels=2, Samples=2048
[2023.04.23-08.09.10:093][  0]LogAudioMixer: Display: Starting AudioMixerPlatformInterface::RunInternal()
[2023.04.23-08.09.10:093][  0]LogAudioMixer: Display: FMixerPlatformXAudio2::SubmitBuffer() called for the first time
[2023.04.23-08.09.10:093][  0]LogInit: FAudioDevice initialized.
[2023.04.23-08.09.10:093][  0]LogAudio: Display: Audio Device (ID: 1) registered with world 'Untitled'.
[2023.04.23-08.09.10:093][  0]LogNetVersion: Set ProjectVersion to 1.0.0.0. Version Checksum will be recalculated on next use.
[2023.04.23-08.09.10:154][  0]LogDerivedDataCache: Saved boot cache 0.06s 95MB C:/Users/Asus/AppData/Local/UnrealEngine/4.27/DerivedDataCache/Boot.ddc.
[2023.04.23-08.09.10:154][  0]LogInit: Texture streaming: Enabled
[2023.04.23-08.09.10:169][  0]LogAnalytics: Display: [UEEditor.Rocket.Release] APIServer = https://datarouter.ol.epicgames.com/. AppVersion = 4.27.0-17155196+++UE4+Release-4.27
[2023.04.23-08.09.10:173][  0]LogEngineSessionManager: EngineSessionManager initialized
[2023.04.23-08.09.10:173][  0]LogEditorSessionSummary: Verbose: Initializing EditorSessionSummaryWriter for editor session tracking
[2023.04.23-08.09.10:174][  0]LogEditorSessionSummary: EditorSessionSummaryWriter initialized
[2023.04.23-08.09.10:205][  0]LogInit: Transaction tracking system initialized
[2023.04.23-08.09.10:231][  0]BlueprintLog: New page: Editor Load
[2023.04.23-08.09.10:280][  0]LocalizationService: Localization service is disabled
[2023.04.23-08.09.10:296][  0]TimingProfiler: Initialize
[2023.04.23-08.09.10:296][  0]TimingProfiler: OnSessionChanged
[2023.04.23-08.09.10:296][  0]LoadingProfiler: Initialize
[2023.04.23-08.09.10:297][  0]LoadingProfiler: OnSessionChanged
[2023.04.23-08.09.10:297][  0]NetworkingProfiler: Initialize
[2023.04.23-08.09.10:297][  0]NetworkingProfiler: OnSessionChanged
[2023.04.23-08.09.10:297][  0]MemoryProfiler: Initialize
[2023.04.23-08.09.10:297][  0]MemoryProfiler: OnSessionChanged
[2023.04.23-08.09.10:405][  0]LogCook: Display: CookSettings for Memory: MemoryMaxUsedVirtual 0MiB, MemoryMaxUsedPhysical 16384MiB, MemoryMinFreeVirtual 0MiB, MemoryMinFreePhysical 1024MiB
[2023.04.23-08.09.10:405][  0]LogCook: Display: Mobile HDR setting 1
[2023.04.23-08.09.10:566][  0]LogFileCache: Scanning file cache for directory 'E:/Asus/Documents/GitHub/TheTroubleMakers/Unreal Engine Project/SpeedLimit_UniAzad/Content/' took 0.00s
[2023.04.23-08.09.10:738][  0]LogStreaming: Warning: Failed to read file '../../../Engine/Content/Editor/Slate/Niagara/MenuSeparator.png' error.
[2023.04.23-08.09.10:738][  0]LogSlate: Could not find file for Slate resource: ../../../Engine/Content/Editor/Slate/Niagara/MenuSeparator.png
[2023.04.23-08.09.10:738][  0]LogStreaming: Warning: Failed to read file '../../../Engine/Content/Editor/Slate/Niagara/Common/Selector.png' error.
[2023.04.23-08.09.10:738][  0]LogSlate: Could not find file for Slate resource: ../../../Engine/Content/Editor/Slate/Niagara/Common/Selector.png
[2023.04.23-08.09.10:738][  0]LogStreaming: Warning: Failed to read file '../../../Engine/Content/Editor/Slate/Niagara/Common/Selection.png' error.
[2023.04.23-08.09.10:738][  0]LogSlate: Could not find file for Slate resource: ../../../Engine/Content/Editor/Slate/Niagara/Common/Selection.png
[2023.04.23-08.09.10:738][  0]LogStreaming: Warning: Failed to read file '../../../Engine/Content/Editor/Slate/Niagara/Common/DropZoneIndicator_Onto.png' error.
[2023.04.23-08.09.10:738][  0]LogSlate: Could not find file for Slate resource: ../../../Engine/Content/Editor/Slate/Niagara/Common/DropZoneIndicator_Onto.png
[2023.04.23-08.09.10:738][  0]LogStreaming: Warning: Failed to read file '../../../Engine/Content/Editor/Slate/Niagara/Common/DropZoneIndicator_Below.png' error.
[2023.04.23-08.09.10:738][  0]LogSlate: Could not find file for Slate resource: ../../../Engine/Content/Editor/Slate/Niagara/Common/DropZoneIndicator_Below.png
[2023.04.23-08.09.10:738][  0]LogStreaming: Warning: Failed to read file '../../../Engine/Content/Editor/Slate/Niagara/Common/RoundedSelection_16x.png' error.
[2023.04.23-08.09.10:738][  0]LogSlate: Could not find file for Slate resource: ../../../Engine/Content/Editor/Slate/Niagara/Common/RoundedSelection_16x.png
[2023.04.23-08.09.10:738][  0]LogStreaming: Warning: Failed to read file '../../../Engine/Content/Editor/Slate/Niagara/Common/DropZoneIndicator_Above.png' error.
[2023.04.23-08.09.10:738][  0]LogStreaming: Warning: Failed to read file '../../../Engine/Content/Editor/Slate/Niagara/Common/FlatButton.png' error.
[2023.04.23-08.09.10:738][  0]LogSlate: Could not find file for Slate resource: ../../../Engine/Content/Editor/Slate/Niagara/Common/DropZoneIndicator_Above.png
[2023.04.23-08.09.10:738][  0]LogSlate: Could not find file for Slate resource: ../../../Engine/Content/Editor/Slate/Niagara/Common/FlatButton.png
[2023.04.23-08.09.10:738][  0]LogImageWrapper: Warning: PNG Warning: Duplicate iCCP chunk
[2023.04.23-08.09.10:738][  0]LogImageWrapper: Warning: PNG Warning: Duplicate iCCP chunk
[2023.04.23-08.09.10:743][  0]LogInit: Display: Engine is initialized. Leaving FEngineLoop::Init()
[2023.04.23-08.09.10:745][  0]SourceControl: Source control is disabled
[2023.04.23-08.09.10:745][  0]LogUnrealEdMisc: Loading editor; pre map load, took 5.740
[2023.04.23-08.09.10:745][  0]LightingResults: New page: Lighting Build
[2023.04.23-08.09.10:746][  0]LogWorld: UWorld::CleanupWorld for Untitled, bSessionEnded=true, bCleanupResources=true
[2023.04.23-08.09.10:746][  0]LogSlate: InvalidateAllWidgets triggered.  All widgets were invalidated
[2023.04.23-08.09.10:746][  0]MapCheck: New page: Map Check
[2023.04.23-08.09.10:746][  0]LightingResults: New page: Lighting Build
[2023.04.23-08.09.10:750][  0]LogAudio: Display: Audio Device unregistered from world 'None'.
[2023.04.23-08.09.10:752][  0]LogUObjectHash: Compacting FUObjectHashTables data took   0.57ms
[2023.04.23-08.09.10:881][  0]LogAudio: Display: Audio Device (ID: 1) registered with world 'Minimal_Default'.
[2023.04.23-08.09.10:882][  0]LogAIModule: Creating AISystem for world Minimal_Default
[2023.04.23-08.09.10:885][  0]LogEditorServer: Finished looking for orphan Actors (0.000 secs)
[2023.04.23-08.09.10:892][  0]LogUObjectHash: Compacting FUObjectHashTables data took   1.10ms
[2023.04.23-08.09.10:892][  0]Cmd: MAP CHECKDEP NOCLEARLOG
[2023.04.23-08.09.10:893][  0]MapCheck: Map check complete: 0 Error(s), 0 Warning(s), took 0.19ms to complete.
[2023.04.23-08.09.10:893][  0]LogFileHelpers: Loading map 'Minimal_Default' took 0.148
[2023.04.23-08.09.10:897][  0]LogUnrealEdMisc: Total Editor Startup Time, took 5.892
[2023.04.23-08.09.11:033][  0]LogSlate: Updating window title bar state: overlay mode, drag disabled, window buttons hidden, title bar hidden
[2023.04.23-08.09.11:038][  0]LogSlate: Updating window title bar state: overlay mode, drag disabled, window buttons hidden, title bar hidden
[2023.04.23-08.09.11:044][  0]LogSlate: Updating window title bar state: overlay mode, drag disabled, window buttons hidden, title bar hidden
[2023.04.23-08.09.11:050][  0]LogSlate: Updating window title bar state: overlay mode, drag disabled, window buttons hidden, title bar hidden
[2023.04.23-08.09.11:061][  0]LogNativeClassHierarchy: Verbose: Native class hierarchy populated in 0.0081 seconds. Added 3822 classes and 928 folders.
[2023.04.23-08.09.11:063][  0]LogNativeClassHierarchy: Verbose: Native class hierarchy updated for 'WidgetCarousel' in 0.0003 seconds. Added 0 classes and 0 folders.
[2023.04.23-08.09.11:064][  0]LogPakFile: PakFile PrimaryIndexSize=187
[2023.04.23-08.09.11:064][  0]LogPakFile: PakFile PathHashIndexSize=101
[2023.04.23-08.09.11:064][  0]LogPakFile: PakFile FullDirectoryIndexSize=148
[2023.04.23-08.09.11:064][  0]LogShaderLibrary: Display: ShaderCodeLibraryPakFileMountedCallback: PakFile 'E:/Downloads/unreal_engine_v4.27_compiled/Unreal Engine v4.27 Compiled/FeaturePacks/FP_FirstPerson.upack' (chunk index -1, root 'root:/') mounted
[2023.04.23-08.09.11:064][  0]LogShaderLibrary: Display: ShaderCodeLibraryPakFileMountedCallback: pending pak file info (ChunkID:-1 Root:root:/ File:E:/Downloads/unreal_engine_v4.27_compiled/Unreal Engine v4.27 Compiled/FeaturePacks/FP_FirstPerson.upack)
[2023.04.23-08.09.11:064][  0]LogPakFile: OnPakFileMounted2Time == 0.000083
[2023.04.23-08.09.11:066][  0]LogPakFile: PakFile PrimaryIndexSize=189
[2023.04.23-08.09.11:066][  0]LogPakFile: PakFile PathHashIndexSize=101
[2023.04.23-08.09.11:066][  0]LogPakFile: PakFile FullDirectoryIndexSize=152
[2023.04.23-08.09.11:066][  0]LogShaderLibrary: Display: ShaderCodeLibraryPakFileMountedCallback: PakFile 'E:/Downloads/unreal_engine_v4.27_compiled/Unreal Engine v4.27 Compiled/FeaturePacks/FP_FirstPersonBP.upack' (chunk index -1, root 'root:/') mounted
[2023.04.23-08.09.11:066][  0]LogShaderLibrary: Display: ShaderCodeLibraryPakFileMountedCallback: pending pak file info (ChunkID:-1 Root:root:/ File:E:/Downloads/unreal_engine_v4.27_compiled/Unreal Engine v4.27 Compiled/FeaturePacks/FP_FirstPersonBP.upack)
[2023.04.23-08.09.11:066][  0]LogPakFile: OnPakFileMounted2Time == 0.000057
[2023.04.23-08.09.11:066][  0]LogPakFile: PakFile PrimaryIndexSize=191
[2023.04.23-08.09.11:066][  0]LogPakFile: PakFile PathHashIndexSize=101
[2023.04.23-08.09.11:066][  0]LogPakFile: PakFile FullDirectoryIndexSize=160
[2023.04.23-08.09.11:066][  0]LogShaderLibrary: Display: ShaderCodeLibraryPakFileMountedCallback: PakFile 'E:/Downloads/unreal_engine_v4.27_compiled/Unreal Engine v4.27 Compiled/FeaturePacks/MobileStarterContent.upack' (chunk index -1, root 'root:/') mounted
[2023.04.23-08.09.11:067][  0]LogShaderLibrary: Display: ShaderCodeLibraryPakFileMountedCallback: pending pak file info (ChunkID:-1 Root:root:/ File:E:/Downloads/unreal_engine_v4.27_compiled/Unreal Engine v4.27 Compiled/FeaturePacks/MobileStarterContent.upack)
[2023.04.23-08.09.11:067][  0]LogPakFile: OnPakFileMounted2Time == 0.000057
[2023.04.23-08.09.11:067][  0]LogPakFile: PakFile PrimaryIndexSize=185
[2023.04.23-08.09.11:067][  0]LogPakFile: PakFile PathHashIndexSize=101
[2023.04.23-08.09.11:067][  0]LogPakFile: PakFile FullDirectoryIndexSize=148
[2023.04.23-08.09.11:067][  0]LogShaderLibrary: Display: ShaderCodeLibraryPakFileMountedCallback: PakFile 'E:/Downloads/unreal_engine_v4.27_compiled/Unreal Engine v4.27 Compiled/FeaturePacks/StarterContent.upack' (chunk index -1, root 'root:/') mounted
[2023.04.23-08.09.11:067][  0]LogShaderLibrary: Display: ShaderCodeLibraryPakFileMountedCallback: pending pak file info (ChunkID:-1 Root:root:/ File:E:/Downloads/unreal_engine_v4.27_compiled/Unreal Engine v4.27 Compiled/FeaturePacks/StarterContent.upack)
[2023.04.23-08.09.11:067][  0]LogPakFile: OnPakFileMounted2Time == 0.000084
[2023.04.23-08.09.11:068][  0]LogPakFile: PakFile PrimaryIndexSize=190
[2023.04.23-08.09.11:068][  0]LogPakFile: PakFile PathHashIndexSize=101
[2023.04.23-08.09.11:068][  0]LogPakFile: PakFile FullDirectoryIndexSize=154
[2023.04.23-08.09.11:068][  0]LogShaderLibrary: Display: ShaderCodeLibraryPakFileMountedCallback: PakFile 'E:/Downloads/unreal_engine_v4.27_compiled/Unreal Engine v4.27 Compiled/FeaturePacks/TP_2DSideScroller.upack' (chunk index -1, root 'root:/') mounted
[2023.04.23-08.09.11:068][  0]LogShaderLibrary: Display: ShaderCodeLibraryPakFileMountedCallback: pending pak file info (ChunkID:-1 Root:root:/ File:E:/Downloads/unreal_engine_v4.27_compiled/Unreal Engine v4.27 Compiled/FeaturePacks/TP_2DSideScroller.upack)
[2023.04.23-08.09.11:068][  0]LogPakFile: OnPakFileMounted2Time == 0.000055
[2023.04.23-08.09.11:068][  0]LogPakFile: PakFile PrimaryIndexSize=192
[2023.04.23-08.09.11:068][  0]LogPakFile: PakFile PathHashIndexSize=101
[2023.04.23-08.09.11:068][  0]LogPakFile: PakFile FullDirectoryIndexSize=158
[2023.04.23-08.09.11:068][  0]LogShaderLibrary: Display: ShaderCodeLibraryPakFileMountedCallback: PakFile 'E:/Downloads/unreal_engine_v4.27_compiled/Unreal Engine v4.27 Compiled/FeaturePacks/TP_2DSideScrollerBP.upack' (chunk index -1, root 'root:/') mounted
[2023.04.23-08.09.11:069][  0]LogShaderLibrary: Display: ShaderCodeLibraryPakFileMountedCallback: pending pak file info (ChunkID:-1 Root:root:/ File:E:/Downloads/unreal_engine_v4.27_compiled/Unreal Engine v4.27 Compiled/FeaturePacks/TP_2DSideScrollerBP.upack)
[2023.04.23-08.09.11:069][  0]LogPakFile: OnPakFileMounted2Time == 0.000057
[2023.04.23-08.09.11:069][  0]LogPakFile: PakFile PrimaryIndexSize=182
[2023.04.23-08.09.11:069][  0]LogPakFile: PakFile PathHashIndexSize=101
[2023.04.23-08.09.11:069][  0]LogPakFile: PakFile FullDirectoryIndexSize=138
[2023.04.23-08.09.11:069][  0]LogShaderLibrary: Display: ShaderCodeLibraryPakFileMountedCallback: PakFile 'E:/Downloads/unreal_engine_v4.27_compiled/Unreal Engine v4.27 Compiled/FeaturePacks/TP_Flying.upack' (chunk index -1, root 'root:/') mounted
[2023.04.23-08.09.11:069][  0]LogShaderLibrary: Display: ShaderCodeLibraryPakFileMountedCallback: pending pak file info (ChunkID:-1 Root:root:/ File:E:/Downloads/unreal_engine_v4.27_compiled/Unreal Engine v4.27 Compiled/FeaturePacks/TP_Flying.upack)
[2023.04.23-08.09.11:069][  0]LogPakFile: OnPakFileMounted2Time == 0.000030
[2023.04.23-08.09.11:069][  0]LogPakFile: PakFile PrimaryIndexSize=184
[2023.04.23-08.09.11:069][  0]LogPakFile: PakFile PathHashIndexSize=101
[2023.04.23-08.09.11:069][  0]LogPakFile: PakFile FullDirectoryIndexSize=142
[2023.04.23-08.09.11:069][  0]LogShaderLibrary: Display: ShaderCodeLibraryPakFileMountedCallback: PakFile 'E:/Downloads/unreal_engine_v4.27_compiled/Unreal Engine v4.27 Compiled/FeaturePacks/TP_FlyingBP.upack' (chunk index -1, root 'root:/') mounted
[2023.04.23-08.09.11:069][  0]LogShaderLibrary: Display: ShaderCodeLibraryPakFileMountedCallback: pending pak file info (ChunkID:-1 Root:root:/ File:E:/Downloads/unreal_engine_v4.27_compiled/Unreal Engine v4.27 Compiled/FeaturePacks/TP_FlyingBP.upack)
[2023.04.23-08.09.11:069][  0]LogPakFile: OnPakFileMounted2Time == 0.000031
[2023.04.23-08.09.11:069][  0]LogPakFile: PakFile PrimaryIndexSize=188
[2023.04.23-08.09.11:069][  0]LogPakFile: PakFile PathHashIndexSize=101
[2023.04.23-08.09.11:069][  0]LogPakFile: PakFile FullDirectoryIndexSize=150
[2023.04.23-08.09.11:069][  0]LogShaderLibrary: Display: ShaderCodeLibraryPakFileMountedCallback: PakFile 'E:/Downloads/unreal_engine_v4.27_compiled/Unreal Engine v4.27 Compiled/FeaturePacks/TP_HandheldARBP.upack' (chunk index -1, root 'root:/') mounted
[2023.04.23-08.09.11:069][  0]LogShaderLibrary: Display: ShaderCodeLibraryPakFileMountedCallback: pending pak file info (ChunkID:-1 Root:root:/ File:E:/Downloads/unreal_engine_v4.27_compiled/Unreal Engine v4.27 Compiled/FeaturePacks/TP_HandheldARBP.upack)
[2023.04.23-08.09.11:069][  0]LogPakFile: OnPakFileMounted2Time == 0.000028
[2023.04.23-08.09.11:070][  0]LogPakFile: PakFile PrimaryIndexSize=182
[2023.04.23-08.09.11:070][  0]LogPakFile: PakFile PathHashIndexSize=101
[2023.04.23-08.09.11:070][  0]LogPakFile: PakFile FullDirectoryIndexSize=138
[2023.04.23-08.09.11:070][  0]LogShaderLibrary: Display: ShaderCodeLibraryPakFileMountedCallback: PakFile 'E:/Downloads/unreal_engine_v4.27_compiled/Unreal Engine v4.27 Compiled/FeaturePacks/TP_Puzzle.upack' (chunk index -1, root 'root:/') mounted
[2023.04.23-08.09.11:070][  0]LogShaderLibrary: Display: ShaderCodeLibraryPakFileMountedCallback: pending pak file info (ChunkID:-1 Root:root:/ File:E:/Downloads/unreal_engine_v4.27_compiled/Unreal Engine v4.27 Compiled/FeaturePacks/TP_Puzzle.upack)
[2023.04.23-08.09.11:070][  0]LogPakFile: OnPakFileMounted2Time == 0.000049
[2023.04.23-08.09.11:070][  0]LogPakFile: PakFile PrimaryIndexSize=184
[2023.04.23-08.09.11:070][  0]LogPakFile: PakFile PathHashIndexSize=101
[2023.04.23-08.09.11:070][  0]LogPakFile: PakFile FullDirectoryIndexSize=142
[2023.04.23-08.09.11:070][  0]LogShaderLibrary: Display: ShaderCodeLibraryPakFileMountedCallback: PakFile 'E:/Downloads/unreal_engine_v4.27_compiled/Unreal Engine v4.27 Compiled/FeaturePacks/TP_PuzzleBP.upack' (chunk index -1, root 'root:/') mounted
[2023.04.23-08.09.11:070][  0]LogShaderLibrary: Display: ShaderCodeLibraryPakFileMountedCallback: pending pak file info (ChunkID:-1 Root:root:/ File:E:/Downloads/unreal_engine_v4.27_compiled/Unreal Engine v4.27 Compiled/FeaturePacks/TP_PuzzleBP.upack)
[2023.04.23-08.09.11:070][  0]LogPakFile: OnPakFileMounted2Time == 0.000033
[2023.04.23-08.09.11:070][  0]LogPakFile: PakFile PrimaryIndexSize=183
[2023.04.23-08.09.11:070][  0]LogPakFile: PakFile PathHashIndexSize=101
[2023.04.23-08.09.11:070][  0]LogPakFile: PakFile FullDirectoryIndexSize=140
[2023.04.23-08.09.11:070][  0]LogShaderLibrary: Display: ShaderCodeLibraryPakFileMountedCallback: PakFile 'E:/Downloads/unreal_engine_v4.27_compiled/Unreal Engine v4.27 Compiled/FeaturePacks/TP_Rolling.upack' (chunk index -1, root 'root:/') mounted
[2023.04.23-08.09.11:070][  0]LogShaderLibrary: Display: ShaderCodeLibraryPakFileMountedCallback: pending pak file info (ChunkID:-1 Root:root:/ File:E:/Downloads/unreal_engine_v4.27_compiled/Unreal Engine v4.27 Compiled/FeaturePacks/TP_Rolling.upack)
[2023.04.23-08.09.11:070][  0]LogPakFile: OnPakFileMounted2Time == 0.000032
[2023.04.23-08.09.11:072][  0]LogPakFile: PakFile PrimaryIndexSize=185
[2023.04.23-08.09.11:072][  0]LogPakFile: PakFile PathHashIndexSize=101
[2023.04.23-08.09.11:072][  0]LogPakFile: PakFile FullDirectoryIndexSize=144
[2023.04.23-08.09.11:072][  0]LogShaderLibrary: Display: ShaderCodeLibraryPakFileMountedCallback: PakFile 'E:/Downloads/unreal_engine_v4.27_compiled/Unreal Engine v4.27 Compiled/FeaturePacks/TP_RollingBP.upack' (chunk index -1, root 'root:/') mounted
[2023.04.23-08.09.11:072][  0]LogShaderLibrary: Display: ShaderCodeLibraryPakFileMountedCallback: pending pak file info (ChunkID:-1 Root:root:/ File:E:/Downloads/unreal_engine_v4.27_compiled/Unreal Engine v4.27 Compiled/FeaturePacks/TP_RollingBP.upack)
[2023.04.23-08.09.11:072][  0]LogPakFile: OnPakFileMounted2Time == 0.000028
[2023.04.23-08.09.11:072][  0]LogPakFile: PakFile PrimaryIndexSize=188
[2023.04.23-08.09.11:072][  0]LogPakFile: PakFile PathHashIndexSize=101
[2023.04.23-08.09.11:072][  0]LogPakFile: PakFile FullDirectoryIndexSize=150
[2023.04.23-08.09.11:072][  0]LogShaderLibrary: Display: ShaderCodeLibraryPakFileMountedCallback: PakFile 'E:/Downloads/unreal_engine_v4.27_compiled/Unreal Engine v4.27 Compiled/FeaturePacks/TP_SideScroller.upack' (chunk index -1, root 'root:/') mounted
[2023.04.23-08.09.11:072][  0]LogShaderLibrary: Display: ShaderCodeLibraryPakFileMountedCallback: pending pak file info (ChunkID:-1 Root:root:/ File:E:/Downloads/unreal_engine_v4.27_compiled/Unreal Engine v4.27 Compiled/FeaturePacks/TP_SideScroller.upack)
[2023.04.23-08.09.11:072][  0]LogPakFile: OnPakFileMounted2Time == 0.000032
[2023.04.23-08.09.11:072][  0]LogPakFile: PakFile PrimaryIndexSize=190
[2023.04.23-08.09.11:072][  0]LogPakFile: PakFile PathHashIndexSize=101
[2023.04.23-08.09.11:072][  0]LogPakFile: PakFile FullDirectoryIndexSize=154
[2023.04.23-08.09.11:072][  0]LogShaderLibrary: Display: ShaderCodeLibraryPakFileMountedCallback: PakFile 'E:/Downloads/unreal_engine_v4.27_compiled/Unreal Engine v4.27 Compiled/FeaturePacks/TP_SideScrollerBP.upack' (chunk index -1, root 'root:/') mounted
[2023.04.23-08.09.11:072][  0]LogShaderLibrary: Display: ShaderCodeLibraryPakFileMountedCallback: pending pak file info (ChunkID:-1 Root:root:/ File:E:/Downloads/unreal_engine_v4.27_compiled/Unreal Engine v4.27 Compiled/FeaturePacks/TP_SideScrollerBP.upack)
[2023.04.23-08.09.11:072][  0]LogPakFile: OnPakFileMounted2Time == 0.000047
[2023.04.23-08.09.11:073][  0]LogPakFile: PakFile PrimaryIndexSize=187
[2023.04.23-08.09.11:073][  0]LogPakFile: PakFile PathHashIndexSize=101
[2023.04.23-08.09.11:073][  0]LogPakFile: PakFile FullDirectoryIndexSize=148
[2023.04.23-08.09.11:073][  0]LogShaderLibrary: Display: ShaderCodeLibraryPakFileMountedCallback: PakFile 'E:/Downloads/unreal_engine_v4.27_compiled/Unreal Engine v4.27 Compiled/FeaturePacks/TP_ThirdPerson.upack' (chunk index -1, root 'root:/') mounted
[2023.04.23-08.09.11:073][  0]LogShaderLibrary: Display: ShaderCodeLibraryPakFileMountedCallback: pending pak file info (ChunkID:-1 Root:root:/ File:E:/Downloads/unreal_engine_v4.27_compiled/Unreal Engine v4.27 Compiled/FeaturePacks/TP_ThirdPerson.upack)
[2023.04.23-08.09.11:073][  0]LogPakFile: OnPakFileMounted2Time == 0.000045
[2023.04.23-08.09.11:073][  0]LogPakFile: PakFile PrimaryIndexSize=189
[2023.04.23-08.09.11:073][  0]LogPakFile: PakFile PathHashIndexSize=101
[2023.04.23-08.09.11:073][  0]LogPakFile: PakFile FullDirectoryIndexSize=152
[2023.04.23-08.09.11:073][  0]LogShaderLibrary: Display: ShaderCodeLibraryPakFileMountedCallback: PakFile 'E:/Downloads/unreal_engine_v4.27_compiled/Unreal Engine v4.27 Compiled/FeaturePacks/TP_ThirdPersonBP.upack' (chunk index -1, root 'root:/') mounted
[2023.04.23-08.09.11:073][  0]LogShaderLibrary: Display: ShaderCodeLibraryPakFileMountedCallback: pending pak file info (ChunkID:-1 Root:root:/ File:E:/Downloads/unreal_engine_v4.27_compiled/Unreal Engine v4.27 Compiled/FeaturePacks/TP_ThirdPersonBP.upack)
[2023.04.23-08.09.11:073][  0]LogPakFile: OnPakFileMounted2Time == 0.000047
[2023.04.23-08.09.11:074][  0]LogPakFile: PakFile PrimaryIndexSize=183
[2023.04.23-08.09.11:074][  0]LogPakFile: PakFile PathHashIndexSize=101
[2023.04.23-08.09.11:074][  0]LogPakFile: PakFile FullDirectoryIndexSize=140
[2023.04.23-08.09.11:074][  0]LogShaderLibrary: Display: ShaderCodeLibraryPakFileMountedCallback: PakFile 'E:/Downloads/unreal_engine_v4.27_compiled/Unreal Engine v4.27 Compiled/FeaturePacks/TP_TopDown.upack' (chunk index -1, root 'root:/') mounted
[2023.04.23-08.09.11:074][  0]LogShaderLibrary: Display: ShaderCodeLibraryPakFileMountedCallback: pending pak file info (ChunkID:-1 Root:root:/ File:E:/Downloads/unreal_engine_v4.27_compiled/Unreal Engine v4.27 Compiled/FeaturePacks/TP_TopDown.upack)
[2023.04.23-08.09.11:074][  0]LogPakFile: OnPakFileMounted2Time == 0.000040
[2023.04.23-08.09.11:074][  0]LogPakFile: PakFile PrimaryIndexSize=185
[2023.04.23-08.09.11:074][  0]LogPakFile: PakFile PathHashIndexSize=101
[2023.04.23-08.09.11:074][  0]LogPakFile: PakFile FullDirectoryIndexSize=144
[2023.04.23-08.09.11:074][  0]LogShaderLibrary: Display: ShaderCodeLibraryPakFileMountedCallback: PakFile 'E:/Downloads/unreal_engine_v4.27_compiled/Unreal Engine v4.27 Compiled/FeaturePacks/TP_TopDownBP.upack' (chunk index -1, root 'root:/') mounted
[2023.04.23-08.09.11:074][  0]LogShaderLibrary: Display: ShaderCodeLibraryPakFileMountedCallback: pending pak file info (ChunkID:-1 Root:root:/ File:E:/Downloads/unreal_engine_v4.27_compiled/Unreal Engine v4.27 Compiled/FeaturePacks/TP_TopDownBP.upack)
[2023.04.23-08.09.11:074][  0]LogPakFile: OnPakFileMounted2Time == 0.000033
[2023.04.23-08.09.11:075][  0]LogPakFile: PakFile PrimaryIndexSize=185
[2023.04.23-08.09.11:075][  0]LogPakFile: PakFile PathHashIndexSize=101
[2023.04.23-08.09.11:075][  0]LogPakFile: PakFile FullDirectoryIndexSize=144
[2023.04.23-08.09.11:075][  0]LogShaderLibrary: Display: ShaderCodeLibraryPakFileMountedCallback: PakFile 'E:/Downloads/unreal_engine_v4.27_compiled/Unreal Engine v4.27 Compiled/FeaturePacks/TP_TwinStick.upack' (chunk index -1, root 'root:/') mounted
[2023.04.23-08.09.11:075][  0]LogShaderLibrary: Display: ShaderCodeLibraryPakFileMountedCallback: pending pak file info (ChunkID:-1 Root:root:/ File:E:/Downloads/unreal_engine_v4.27_compiled/Unreal Engine v4.27 Compiled/FeaturePacks/TP_TwinStick.upack)
[2023.04.23-08.09.11:075][  0]LogPakFile: OnPakFileMounted2Time == 0.000059
[2023.04.23-08.09.11:075][  0]LogPakFile: PakFile PrimaryIndexSize=187
[2023.04.23-08.09.11:075][  0]LogPakFile: PakFile PathHashIndexSize=101
[2023.04.23-08.09.11:075][  0]LogPakFile: PakFile FullDirectoryIndexSize=148
[2023.04.23-08.09.11:075][  0]LogShaderLibrary: Display: ShaderCodeLibraryPakFileMountedCallback: PakFile 'E:/Downloads/unreal_engine_v4.27_compiled/Unreal Engine v4.27 Compiled/FeaturePacks/TP_TwinStickBP.upack' (chunk index -1, root 'root:/') mounted
[2023.04.23-08.09.11:075][  0]LogShaderLibrary: Display: ShaderCodeLibraryPakFileMountedCallback: pending pak file info (ChunkID:-1 Root:root:/ File:E:/Downloads/unreal_engine_v4.27_compiled/Unreal Engine v4.27 Compiled/FeaturePacks/TP_TwinStickBP.upack)
[2023.04.23-08.09.11:075][  0]LogPakFile: OnPakFileMounted2Time == 0.000032
[2023.04.23-08.09.11:076][  0]LogPakFile: PakFile PrimaryIndexSize=183
[2023.04.23-08.09.11:076][  0]LogPakFile: PakFile PathHashIndexSize=101
[2023.04.23-08.09.11:076][  0]LogPakFile: PakFile FullDirectoryIndexSize=140
[2023.04.23-08.09.11:076][  0]LogShaderLibrary: Display: ShaderCodeLibraryPakFileMountedCallback: PakFile 'E:/Downloads/unreal_engine_v4.27_compiled/Unreal Engine v4.27 Compiled/FeaturePacks/TP_Vehicle.upack' (chunk index -1, root 'root:/') mounted
[2023.04.23-08.09.11:076][  0]LogShaderLibrary: Display: ShaderCodeLibraryPakFileMountedCallback: pending pak file info (ChunkID:-1 Root:root:/ File:E:/Downloads/unreal_engine_v4.27_compiled/Unreal Engine v4.27 Compiled/FeaturePacks/TP_Vehicle.upack)
[2023.04.23-08.09.11:076][  0]LogPakFile: OnPakFileMounted2Time == 0.000051
[2023.04.23-08.09.11:076][  0]LogPakFile: PakFile PrimaryIndexSize=186
[2023.04.23-08.09.11:076][  0]LogPakFile: PakFile PathHashIndexSize=101
[2023.04.23-08.09.11:076][  0]LogPakFile: PakFile FullDirectoryIndexSize=146
[2023.04.23-08.09.11:076][  0]LogShaderLibrary: Display: ShaderCodeLibraryPakFileMountedCallback: PakFile 'E:/Downloads/unreal_engine_v4.27_compiled/Unreal Engine v4.27 Compiled/FeaturePacks/TP_VehicleAdv.upack' (chunk index -1, root 'root:/') mounted
[2023.04.23-08.09.11:076][  0]LogShaderLibrary: Display: ShaderCodeLibraryPakFileMountedCallback: pending pak file info (ChunkID:-1 Root:root:/ File:E:/Downloads/unreal_engine_v4.27_compiled/Unreal Engine v4.27 Compiled/FeaturePacks/TP_VehicleAdv.upack)
[2023.04.23-08.09.11:076][  0]LogPakFile: OnPakFileMounted2Time == 0.000031
[2023.04.23-08.09.11:077][  0]LogPakFile: PakFile PrimaryIndexSize=188
[2023.04.23-08.09.11:077][  0]LogPakFile: PakFile PathHashIndexSize=101
[2023.04.23-08.09.11:077][  0]LogPakFile: PakFile FullDirectoryIndexSize=150
[2023.04.23-08.09.11:077][  0]LogShaderLibrary: Display: ShaderCodeLibraryPakFileMountedCallback: PakFile 'E:/Downloads/unreal_engine_v4.27_compiled/Unreal Engine v4.27 Compiled/FeaturePacks/TP_VehicleAdvBP.upack' (chunk index -1, root 'root:/') mounted
[2023.04.23-08.09.11:077][  0]LogShaderLibrary: Display: ShaderCodeLibraryPakFileMountedCallback: pending pak file info (ChunkID:-1 Root:root:/ File:E:/Downloads/unreal_engine_v4.27_compiled/Unreal Engine v4.27 Compiled/FeaturePacks/TP_VehicleAdvBP.upack)
[2023.04.23-08.09.11:077][  0]LogPakFile: OnPakFileMounted2Time == 0.000049
[2023.04.23-08.09.11:077][  0]LogPakFile: PakFile PrimaryIndexSize=185
[2023.04.23-08.09.11:077][  0]LogPakFile: PakFile PathHashIndexSize=101
[2023.04.23-08.09.11:077][  0]LogPakFile: PakFile FullDirectoryIndexSize=144
[2023.04.23-08.09.11:077][  0]LogShaderLibrary: Display: ShaderCodeLibraryPakFileMountedCallback: PakFile 'E:/Downloads/unreal_engine_v4.27_compiled/Unreal Engine v4.27 Compiled/FeaturePacks/TP_VehicleBP.upack' (chunk index -1, root 'root:/') mounted
[2023.04.23-08.09.11:077][  0]LogShaderLibrary: Display: ShaderCodeLibraryPakFileMountedCallback: pending pak file info (ChunkID:-1 Root:root:/ File:E:/Downloads/unreal_engine_v4.27_compiled/Unreal Engine v4.27 Compiled/FeaturePacks/TP_VehicleBP.upack)
[2023.04.23-08.09.11:077][  0]LogPakFile: OnPakFileMounted2Time == 0.000031
[2023.04.23-08.09.11:078][  0]LogPakFile: PakFile PrimaryIndexSize=192
[2023.04.23-08.09.11:078][  0]LogPakFile: PakFile PathHashIndexSize=101
[2023.04.23-08.09.11:078][  0]LogPakFile: PakFile FullDirectoryIndexSize=158
[2023.04.23-08.09.11:078][  0]LogShaderLibrary: Display: ShaderCodeLibraryPakFileMountedCallback: PakFile 'E:/Downloads/unreal_engine_v4.27_compiled/Unreal Engine v4.27 Compiled/FeaturePacks/TP_VirtualRealityBP.upack' (chunk index -1, root 'root:/') mounted
[2023.04.23-08.09.11:078][  0]LogShaderLibrary: Display: ShaderCodeLibraryPakFileMountedCallback: pending pak file info (ChunkID:-1 Root:root:/ File:E:/Downloads/unreal_engine_v4.27_compiled/Unreal Engine v4.27 Compiled/FeaturePacks/TP_VirtualRealityBP.upack)
[2023.04.23-08.09.11:078][  0]LogPakFile: OnPakFileMounted2Time == 0.000032
[2023.04.23-08.09.11:112][  0]LogNativeClassHierarchy: Verbose: Native class hierarchy updated for 'AddContentDialog' in 0.0003 seconds. Added 0 classes and 0 folders.
[2023.04.23-08.09.11:113][  0]LogNativeClassHierarchy: Verbose: Native class hierarchy updated for 'SceneOutliner' in 0.0002 seconds. Added 2 classes and 0 folders.
[2023.04.23-08.09.11:207][  0]LogSlate: Took 0.000175 seconds to synchronously load lazily loaded font '../../../Engine/Content/Slate/Fonts/Roboto-Regular.ttf' (155K)
[2023.04.23-08.09.11:208][  0]LogSlate: Took 0.000229 seconds to synchronously load lazily loaded font '../../../Engine/Content/Editor/Slate/Fonts/FontAwesome.ttf' (139K)
[2023.04.23-08.09.11:209][  0]LogSlate: Took 0.000106 seconds to synchronously load lazily loaded font '../../../Engine/Content/Slate/Fonts/Roboto-Bold.ttf' (160K)
[2023.04.23-08.09.11:280][  0]LogRenderer: Reallocating scene render targets to support 1208x568 Format 10 NumSamples 1 (Frame:1).
[2023.04.23-08.09.11:475][  0]LogNativeClassHierarchy: Verbose: Native class hierarchy updated for 'HierarchicalLODOutliner' in 0.0002 seconds. Added 0 classes and 0 folders.
[2023.04.23-08.09.11:475][  0]LogLoad: (Engine Initialization) Total time: 6.47 seconds
[2023.04.23-08.09.11:475][  0]LogLoad: (Engine Initialization) Total Blueprint compile time: 0.00 seconds
[2023.04.23-08.09.11:516][  0]LogAssetRegistry: Asset discovery search completed in 3.7860 seconds
[2023.04.23-08.09.11:520][  0]LogCollectionManager: Fixed up redirectors for 0 collections in 0.000003 seconds (updated 0 objects)
[2023.04.23-08.09.11:521][  0]LogContentStreaming: Texture pool size now 1000 MB
[2023.04.23-08.09.12:176][  2]LogSlate: Took 0.000429 seconds to synchronously load lazily loaded font '../../../Engine/Content/Slate/Fonts/Roboto-Light.ttf' (167K)
[2023.04.23-08.09.16:867][ 16]LogEditorViewport: Clicking on Actor (LMB): StaticMeshActor (Floor)
[2023.04.23-08.09.17:865][103]LogEditorViewport: Clicking on Actor (LMB): BP_Sky_Sphere_C (BP_Sky_Sphere)
[2023.04.23-08.09.45:863][251]LogSlate: Took 0.000144 seconds to synchronously load lazily loaded font '../../../Engine/Content/Slate/Fonts/Roboto-Light.ttf' (167K)
[2023.04.23-08.09.45:921][251]LogFactory: FactoryCreateFile: StaticMesh with FbxFactory (0 0 ../../../../../../Asus/Documents/GitHub/TheTroubleMakers/Ms. MoosaeiPour Folder/My Car/MoosaeiPour_Car.fbx)
[2023.04.23-08.09.45:930][251]LogFbx: Loading FBX Scene from ../../../../../../Asus/Documents/GitHub/TheTroubleMakers/Ms. MoosaeiPour Folder/My Car/MoosaeiPour_Car.fbx
[2023.04.23-08.09.45:937][251]LogFbx: FBX Scene Loaded Succesfully
[2023.04.23-08.09.47:298][251]LogSlate: Window 'FBX Import Options' being destroyed
[2023.04.23-08.09.47:312][251]LogFbx: Valid bind pose for Pose (Cube) - Body
[2023.04.23-08.09.47:312][251]LogFbx: Valid bind pose for Pose (Cylinder) - Body
[2023.04.23-08.09.47:312][251]LogFbx: Valid bind pose for Pose (Cylinder.004) - Body
[2023.04.23-08.09.47:312][251]LogFbx: Valid bind pose for Pose (Cylinder.005) - Body
[2023.04.23-08.09.47:312][251]LogFbx: Valid bind pose for Pose (Cylinder.006) - Body
[2023.04.23-08.09.47:314][251]LogMaterial: Display: Material /Game/TheTroubleMakers/FatemehMosaeiPour/MyCar/Material.Material needed to have new flag set bUsedWithSkeletalMesh !
[2023.04.23-08.09.47:315][251]LogMaterial: Display: Missing cached shadermap for Material in PCD3D_SM5, Default, SM5 (DDC key hash: 74E94AFC449A634E14EBBBED1D3B80ECDF6DED3C), compiling. 
[2023.04.23-08.09.47:355][251]LogShaderCompilers: Display: Submitted 32 shader compile jobs with 'Low' priority
[2023.04.23-08.09.47:357][251]LogMaterial: Display: Missing cached shadermap for Material in PCD3D_SM5, Default, SM5 (DDC key hash: B45FAE7218AEBEF437D0CAE133DAE24337305124), compiling. 
[2023.04.23-08.09.47:359][251]LogMaterial: Display: Material /Game/TheTroubleMakers/FatemehMosaeiPour/MyCar/Material_002.Material_002 needed to have new flag set bUsedWithSkeletalMesh !
[2023.04.23-08.09.47:359][251]LogMaterial: Display: Missing cached shadermap for Material_002 in PCD3D_SM5, Default, SM5 (DDC key hash: A1703EA5DB7B29D63B1B63A1B35C76F8932EAF02), compiling. 
[2023.04.23-08.09.47:379][251]LogShaderCompilers: Display: Submitted 32 shader compile jobs with 'Low' priority
[2023.04.23-08.09.47:381][251]LogMaterial: Display: Missing cached shadermap for Material_002 in PCD3D_SM5, Default, SM5 (DDC key hash: BE33A6B80962E5ADA4E8B42EA07961B920D20BBA), compiling. 
[2023.04.23-08.09.47:383][251]LogMaterial: Display: Material /Game/TheTroubleMakers/FatemehMosaeiPour/MyCar/Material_003.Material_003 needed to have new flag set bUsedWithSkeletalMesh !
[2023.04.23-08.09.47:384][251]LogMaterial: Display: Missing cached shadermap for Material_003 in PCD3D_SM5, Default, SM5 (DDC key hash: 33B6773E5C5C2860EDBE574ECB2909F4BDD630DC), compiling. 
[2023.04.23-08.09.47:403][251]LogShaderCompilers: Display: Submitted 32 shader compile jobs with 'Low' priority
[2023.04.23-08.09.47:405][251]LogMaterial: Display: Missing cached shadermap for Material_003 in PCD3D_SM5, Default, SM5 (DDC key hash: 3B66780B8CE993B739AF27166A607BBB25496826), compiling. 
[2023.04.23-08.09.47:406][251]LogMaterial: Display: Material /Game/TheTroubleMakers/FatemehMosaeiPour/MyCar/Material_004.Material_004 needed to have new flag set bUsedWithSkeletalMesh !
[2023.04.23-08.09.47:407][251]LogMaterial: Display: Missing cached shadermap for Material_004 in PCD3D_SM5, Default, SM5 (DDC key hash: F5E4E9A05B7B8EFC0A067FFD9365B63DCBB6339A), compiling. 
[2023.04.23-08.09.47:427][251]LogShaderCompilers: Display: Submitted 32 shader compile jobs with 'Low' priority
[2023.04.23-08.09.47:429][251]LogMaterial: Display: Missing cached shadermap for Material_004 in PCD3D_SM5, Default, SM5 (DDC key hash: 6E2CBAED14F739AFE543B64AF89B29F19F4BF72D), compiling. 
[2023.04.23-08.09.47:431][251]LogFbx: Triangulating skeletal mesh Body
[2023.04.23-08.09.47:443][251]LogMaterial: Display: Material /Game/TheTroubleMakers/FatemehMosaeiPour/MyCar/Material_001.Material_001 needed to have new flag set bUsedWithSkeletalMesh !
[2023.04.23-08.09.47:445][251]LogMaterial: Display: Missing cached shadermap for Material_001 in PCD3D_SM5, Default, SM5 (DDC key hash: B2376AEF9BB4DFCCEEC1F728F2FC16B7F79D9AF2), compiling. 
[2023.04.23-08.09.47:464][251]LogShaderCompilers: Display: Submitted 32 shader compile jobs with 'Low' priority
[2023.04.23-08.09.47:465][251]LogFbxMaterialImport: Display: Unable to find Texture file E:\Asus\Documents\GitHub\TheTroubleMakers\Ms. MoosaeiPour Folder\My Car
[2023.04.23-08.09.47:467][251]LogShaderCompilers: Display: Worker (1/5): shaders left to compile 32
[2023.04.23-08.09.47:467][251]LogShaderCompilers: Display: Worker (2/5): shaders left to compile 23
[2023.04.23-08.09.47:467][251]LogShaderCompilers: Display: Worker (3/5): shaders left to compile 14
[2023.04.23-08.09.47:467][251]LogShaderCompilers: Display: Worker (4/5): shaders left to compile 5
[2023.04.23-08.09.47:467][251]LogShaderCompilers: Display: Started 32 'Local' shader compile jobs with 'Low' priority
[2023.04.23-08.09.47:467][251]LogMaterial: Display: Missing cached shadermap for Material_001 in PCD3D_SM5, Default, SM5 (DDC key hash: 7804970F91AB2BCFF0743AB2B8C871A45BF90844), compiling. 
[2023.04.23-08.09.47:468][251]LogFbx: Triangulating skeletal mesh FL
[2023.04.23-08.09.47:474][251]LogFbx: Triangulating skeletal mesh RL
[2023.04.23-08.09.47:481][251]LogFbx: Triangulating skeletal mesh RR
[2023.04.23-08.09.47:487][251]LogFbx: Triangulating skeletal mesh FR
[2023.04.23-08.09.47:501][251]LogFbx: Warning: Bones digested - 5  Depth of hierarchy - 2
[2023.04.23-08.09.47:638][251]LogSkeletalMesh: Section 0: Material=0, 870 triangles
[2023.04.23-08.09.47:638][251]LogSkeletalMesh: Section 1: Material=1, 28 triangles
[2023.04.23-08.09.47:638][251]LogSkeletalMesh: Section 2: Material=2, 4 triangles
[2023.04.23-08.09.47:638][251]LogSkeletalMesh: Section 3: Material=3, 66 triangles
[2023.04.23-08.09.47:638][251]LogSkeletalMesh: Section 4: Material=4, 1776 triangles
[2023.04.23-08.09.47:640][251]LogSkeletalMesh: Building Skeletal Mesh MoosaeiPour_Car...
[2023.04.23-08.09.47:760][251]LogSkeletalMesh: Section 0: Material=0, 870 triangles
[2023.04.23-08.09.47:760][251]LogSkeletalMesh: Section 1: Material=1, 28 triangles
[2023.04.23-08.09.47:760][251]LogSkeletalMesh: Section 2: Material=2, 4 triangles
[2023.04.23-08.09.47:760][251]LogSkeletalMesh: Section 3: Material=3, 66 triangles
[2023.04.23-08.09.47:760][251]LogSkeletalMesh: Section 4: Material=4, 1776 triangles
[2023.04.23-08.09.47:767][251]LogSkeletalMesh: Built Skeletal Mesh [0.13s] /Game/TheTroubleMakers/FatemehMosaeiPour/MyCar/MoosaeiPour_Car.MoosaeiPour_Car
[2023.04.23-08.09.47:772][251]LogWorld: UWorld::CleanupWorld for World_0, bSessionEnded=true, bCleanupResources=true
[2023.04.23-08.09.47:772][251]LogSlate: InvalidateAllWidgets triggered.  All widgets were invalidated
[2023.04.23-08.09.47:782][251]FBXImport: FBX File Loading: Found name clash, node 'RL' was renamed to 'RL1' 
[2023.04.23-08.09.47:782][251]FBXImport: FBX File Loading: Found name clash, node 'RR' was renamed to 'RR2' 
[2023.04.23-08.09.47:782][251]FBXImport: FBX File Loading: Found name clash, node 'FL' was renamed to 'FL3' 
[2023.04.23-08.09.47:782][251]FBXImport: FBX File Loading: Found name clash, node 'FR' was renamed to 'FR4' 
[2023.04.23-08.09.47:782][251]FBXImport: Warning: No smoothing group information was found in this FBX scene.  Please make sure to enable the 'Export Smoothing Groups' option in the FBX Exporter plug-in before exporting the file.  Even for tools that don't support smoothing groups, the FBX Exporter will generate appropriate smoothing data at export-time so that correct vertex normals can be inferred while importing. 
[2023.04.23-08.09.47:883][251]LogSlate: Took 0.000194 seconds to synchronously load lazily loaded font '../../../Engine/Content/Slate/Fonts/DroidSansMono.ttf' (77K)
[2023.04.23-08.09.48:038][255]LogShaderCompilers: Display: Submitted 2 shader compile jobs with 'ForceLocal' priority
[2023.04.23-08.09.48:038][255]LogShaderCompilers: Display: Submitted 2 shader compile jobs with 'ForceLocal' priority
[2023.04.23-08.09.48:043][255]LogShaderCompilers: Display: Submitted 2 shader compile jobs with 'ForceLocal' priority
[2023.04.23-08.09.48:047][255]LogShaderCompilers: Display: Submitted 2 shader compile jobs with 'ForceLocal' priority
[2023.04.23-08.09.48:050][255]LogShaderCompilers: Display: Submitted 2 shader compile jobs with 'ForceLocal' priority
[2023.04.23-08.09.48:244][257]LogShaderCompilers: Display: Submitted 2 shader compile jobs with 'ForceLocal' priority
[2023.04.23-08.09.48:263][258]LogShaderCompilers: Display: Submitted 28 shader compile jobs with 'Normal' priority
[2023.04.23-08.09.48:298][259]LogShaderCompilers: Display: Submitted 2 shader compile jobs with 'ForceLocal' priority
[2023.04.23-08.09.48:319][259]LogShaderCompilers: Display: Submitted 28 shader compile jobs with 'Normal' priority
[2023.04.23-08.09.48:326][259]LogShaderCompilers: Display: Submitted 2 shader compile jobs with 'ForceLocal' priority
[2023.04.23-08.09.48:356][259]LogShaderCompilers: Display: Submitted 28 shader compile jobs with 'Normal' priority
[2023.04.23-08.09.48:370][259]LogShaderCompilers: Display: Submitted 2 shader compile jobs with 'ForceLocal' priority
[2023.04.23-08.09.48:400][259]LogShaderCompilers: Display: Submitted 28 shader compile jobs with 'Normal' priority
[2023.04.23-08.09.48:408][259]LogShaderCompilers: Display: Submitted 2 shader compile jobs with 'ForceLocal' priority
[2023.04.23-08.09.48:438][259]LogShaderCompilers: Display: Submitted 28 shader compile jobs with 'Normal' priority
[2023.04.23-08.09.49:324][306]LogShaderCompilers: Display: Worker (4/5): shaders left to compile 20
[2023.04.23-08.09.49:324][306]LogShaderCompilers: Display: Started 6 'Local' shader compile jobs with 'ForceLocal' priority
[2023.04.23-08.09.50:202][336]LogShaderCompilers: Display: Worker (3/5): shaders left to compile 14
[2023.04.23-08.09.50:202][336]LogShaderCompilers: Display: Started 4 'Local' shader compile jobs with 'ForceLocal' priority
[2023.04.23-08.09.50:656][359]LogShaderCompilers: Display: Worker (1/5): shaders left to compile 10
[2023.04.23-08.09.50:656][359]LogShaderCompilers: Display: Started 3 'Local' shader compile jobs with 'ForceLocal' priority
[2023.04.23-08.09.50:681][360]LogShaderCompilers: Display: Worker (2/5): shaders left to compile 7
[2023.04.23-08.09.50:681][360]LogShaderCompilers: Display: Started 2 'Local' shader compile jobs with 'ForceLocal' priority
[2023.04.23-08.09.51:280][390]LogShaderCompilers: Display: Worker (2/5): shaders left to compile 5
[2023.04.23-08.09.51:280][390]LogShaderCompilers: Display: Started 2 'Local' shader compile jobs with 'ForceLocal' priority
[2023.04.23-08.09.51:336][393]LogShaderCompilers: Display: Worker (4/5): shaders left to compile 3
[2023.04.23-08.09.51:336][393]LogShaderCompilers: Display: Started 1 'Local' shader compile jobs with 'ForceLocal' priority
[2023.04.23-08.09.51:554][404]LogShaderCompilers: Display: Worker (1/5): shaders left to compile 2
[2023.04.23-08.09.51:554][404]LogShaderCompilers: Display: Started 1 'Local' shader compile jobs with 'ForceLocal' priority
[2023.04.23-08.09.51:576][405]LogShaderCompilers: Display: Worker (4/5): shaders left to compile 1
[2023.04.23-08.09.51:576][405]LogShaderCompilers: Display: Started 1 'Local' shader compile jobs with 'ForceLocal' priority
[2023.04.23-08.09.51:621][407]LogShaderCompilers: Display: Worker (3/5): shaders left to compile 140
[2023.04.23-08.09.51:621][407]LogShaderCompilers: Display: Started 10 'Local' shader compile jobs with 'Normal' priority
[2023.04.23-08.09.51:800][415]LogShaderCompilers: Display: Worker (4/5): shaders left to compile 130
[2023.04.23-08.09.51:800][415]LogShaderCompilers: Display: Started 10 'Local' shader compile jobs with 'Normal' priority
[2023.04.23-08.09.51:811][416]LogShaderCompilers: Display: Worker (2/5): shaders left to compile 120
[2023.04.23-08.09.51:811][416]LogShaderCompilers: Display: Started 10 'Local' shader compile jobs with 'Normal' priority
[2023.04.23-08.09.51:865][418]LogShaderCompilers: Display: Worker (1/5): shaders left to compile 110
[2023.04.23-08.09.51:865][418]LogShaderCompilers: Display: Started 10 'Local' shader compile jobs with 'Normal' priority
[2023.04.23-08.09.54:160][534]LogShaderCompilers: Display: Worker (2/5): shaders left to compile 100
[2023.04.23-08.09.54:160][534]LogShaderCompilers: Display: Started 10 'Local' shader compile jobs with 'Normal' priority
[2023.04.23-08.09.54:521][552]LogShaderCompilers: Display: Worker (4/5): shaders left to compile 90
[2023.04.23-08.09.54:521][552]LogShaderCompilers: Display: Started 10 'Local' shader compile jobs with 'Normal' priority
[2023.04.23-08.09.54:771][564]LogShaderCompilers: Display: Worker (3/5): shaders left to compile 80
[2023.04.23-08.09.54:771][564]LogShaderCompilers: Display: Started 10 'Local' shader compile jobs with 'Normal' priority
[2023.04.23-08.09.55:412][596]LogShaderCompilers: Display: Worker (1/5): shaders left to compile 70
[2023.04.23-08.09.55:412][596]LogShaderCompilers: Display: Started 10 'Local' shader compile jobs with 'Normal' priority
[2023.04.23-08.09.56:652][658]LogShaderCompilers: Display: Worker (2/5): shaders left to compile 60
[2023.04.23-08.09.56:652][658]LogShaderCompilers: Display: Started 10 'Local' shader compile jobs with 'Normal' priority
[2023.04.23-08.09.57:145][682]LogShaderCompilers: Display: Worker (4/5): shaders left to compile 50
[2023.04.23-08.09.57:145][682]LogShaderCompilers: Display: Started 10 'Local' shader compile jobs with 'Normal' priority
[2023.04.23-08.09.57:892][720]LogShaderCompilers: Display: Worker (1/5): shaders left to compile 40
[2023.04.23-08.09.57:892][720]LogShaderCompilers: Display: Started 10 'Local' shader compile jobs with 'Normal' priority
[2023.04.23-08.09.58:240][737]LogShaderCompilers: Display: Worker (3/5): shaders left to compile 30
[2023.04.23-08.09.58:240][737]LogShaderCompilers: Display: Started 8 'Local' shader compile jobs with 'Normal' priority
[2023.04.23-08.09.59:676][808]LogShaderCompilers: Display: Worker (2/5): shaders left to compile 22
[2023.04.23-08.09.59:676][808]LogShaderCompilers: Display: Started 6 'Local' shader compile jobs with 'Normal' priority
[2023.04.23-08.10.00:088][829]LogShaderCompilers: Display: Worker (4/5): shaders left to compile 16
[2023.04.23-08.10.00:088][829]LogShaderCompilers: Display: Started 5 'Local' shader compile jobs with 'Normal' priority
[2023.04.23-08.10.00:649][857]LogShaderCompilers: Display: Worker (1/5): shaders left to compile 11
[2023.04.23-08.10.00:649][857]LogShaderCompilers: Display: Started 3 'Local' shader compile jobs with 'Normal' priority
[2023.04.23-08.10.00:727][861]LogShaderCompilers: Display: Worker (3/5): shaders left to compile 8
[2023.04.23-08.10.00:727][861]LogShaderCompilers: Display: Started 3 'Local' shader compile jobs with 'Normal' priority
[2023.04.23-08.10.01:245][886]LogShaderCompilers: Display: Worker (4/5): shaders left to compile 5
[2023.04.23-08.10.01:245][886]LogShaderCompilers: Display: Started 2 'Local' shader compile jobs with 'Normal' priority
[2023.04.23-08.10.01:432][895]LogShaderCompilers: Display: Worker (3/5): shaders left to compile 3
[2023.04.23-08.10.01:432][895]LogShaderCompilers: Display: Started 1 'Local' shader compile jobs with 'Normal' priority
[2023.04.23-08.10.01:670][907]LogShaderCompilers: Display: Worker (3/5): shaders left to compile 2
[2023.04.23-08.10.01:670][907]LogShaderCompilers: Display: Started 1 'Local' shader compile jobs with 'Normal' priority
[2023.04.23-08.10.01:687][908]LogShaderCompilers: Display: Worker (1/5): shaders left to compile 1
[2023.04.23-08.10.01:687][908]LogShaderCompilers: Display: Started 1 'Local' shader compile jobs with 'Normal' priority
[2023.04.23-08.10.04:522][139]LogSlate: Window 'Message Log' being destroyed
[2023.04.23-08.10.04:530][139]LogSlate: Window 'Message Log' being destroyed
[2023.04.23-08.10.13:617][716]LogAssetEditorSubsystem: Opening Asset editor for PhysicsAsset /Game/TheTroubleMakers/FatemehMosaeiPour/MyCar/MoosaeiPour_Car_PhysicsAsset.MoosaeiPour_Car_PhysicsAsset
[2023.04.23-08.10.13:625][716]LogNativeClassHierarchy: Verbose: Native class hierarchy updated for 'PhysicsAssetEditor' in 0.0003 seconds. Added 8 classes and 3 folders.
[2023.04.23-08.10.13:626][716]LogNativeClassHierarchy: Verbose: Native class hierarchy updated for 'SkeletonEditor' in 0.0002 seconds. Added 1 classes and 2 folders.
[2023.04.23-08.10.13:631][716]LogTexture: Default maximum texture size for cubemaps generated from long-lat sources has been changed from 512 to unlimited. In order to preserve old behaiour for '/Engine/EditorMaterials/AssetViewer/EpicQuadPanorama_CC+EV1.EpicQuadPanorama_CC+EV1', its maximum texture size has been explicitly set to 512.
[2023.04.23-08.10.13:698][716]LogTexture: Default maximum texture size for cubemaps generated from long-lat sources has been changed from 512 to unlimited. In order to preserve old behaiour for '/Engine/MapTemplates/Sky/SunsetAmbientCubemap.SunsetAmbientCubemap', its maximum texture size has been explicitly set to 512.
[2023.04.23-08.10.13:768][716]LogActorComponent: RegisterComponentWithWorld: (/Engine/Transient.World_4:PersistentLevel.AnimationEditorPreviewActor_0.PhysicsAssetEditorSkeletalMeshComponent_0) Already registered. Aborting.
[2023.04.23-08.10.13:768][716]LogNativeClassHierarchy: Verbose: Native class hierarchy updated for 'PinnedCommandList' in 0.0002 seconds. Added 1 classes and 0 folders.
[2023.04.23-08.10.14:021][716]LogSlate: Took 0.000177 seconds to synchronously load lazily loaded font '../../../Engine/Content/Slate/Fonts/Roboto-BoldCondensed.ttf' (158K)
[2023.04.23-08.10.14:068][716]LogRenderer: Reallocating scene render targets to support 1208x876 Format 10 NumSamples 1 (Frame:1).
[2023.04.23-08.10.17:079][929]LogSlate: Window 'MoosaeiPour_Car_PhysicsAsset' being destroyed
[2023.04.23-08.10.23:274][427]LogAssetEditorSubsystem: Opening Asset editor for SkeletalMesh /Game/TheTroubleMakers/FatemehMosaeiPour/MyCar/MoosaeiPour_Car.MoosaeiPour_Car
[2023.04.23-08.10.23:277][427]LogActorComponent: RegisterComponentWithWorld: (/Engine/Transient.World_5:PersistentLevel.AnimationEditorPreviewActor_0.DebugSkelMeshComponent_0) Already registered. Aborting.
[2023.04.23-08.10.23:457][427]LogSlate: Took 0.000229 seconds to synchronously load lazily loaded font '../../../Engine/Content/Slate/Fonts/Roboto-Italic.ttf' (157K)
[2023.04.23-08.11.02:775][516]Cmd: TRANSACTION UNDO
[2023.04.23-08.11.02:776][516]LogEditorTransaction: Undo Persona editor: material changed
[2023.04.23-08.11.02:901][516]LogActorComponent: RegisterComponentWithWorld: (/Engine/Transient.World_4:PersistentLevel.AnimationEditorPreviewActor_0.PhysicsAssetEditorSkeletalMeshComponent_0) Already registered. Aborting.
[2023.04.23-08.11.02:908][516]LogActorComponent: RegisterComponentWithWorld: (/Engine/Transient.World_5:PersistentLevel.AnimationEditorPreviewActor_0.DebugSkelMeshComponent_0) Already registered. Aborting.
[2023.04.23-08.11.18:850][553]Cmd: TRANSACTION UNDO
[2023.04.23-08.11.18:851][553]LogEditorTransaction: Undo Persona editor: material changed
[2023.04.23-08.11.18:980][553]LogActorComponent: RegisterComponentWithWorld: (/Engine/Transient.World_4:PersistentLevel.AnimationEditorPreviewActor_0.PhysicsAssetEditorSkeletalMeshComponent_0) Already registered. Aborting.
[2023.04.23-08.11.18:983][553]LogActorComponent: RegisterComponentWithWorld: (/Engine/Transient.World_5:PersistentLevel.AnimationEditorPreviewActor_0.DebugSkelMeshComponent_0) Already registered. Aborting.
[2023.04.23-08.11.29:581][281]LogSavePackage: Moving '../../../../../../Asus/Documents/GitHub/TheTroubleMakers/Unreal Engine Project/SpeedLimit_UniAzad/Saved/MoosaeiPour_CarD412974546203A31B79D9EA10AF80DD3.tmp' to '../../../../../../Asus/Documents/GitHub/TheTroubleMakers/Unreal Engine Project/SpeedLimit_UniAzad/Content/TheTroubleMakers/FatemehMosaeiPour/MyCar/MoosaeiPour_Car.uasset'
[2023.04.23-08.11.29:600][281]AssetCheck: New page: Asset Save: MoosaeiPour_Car
[2023.04.23-08.11.29:600][281]LogContentValidation: Display: Validating SkeletalMesh /Game/TheTroubleMakers/FatemehMosaeiPour/MyCar/MoosaeiPour_Car.MoosaeiPour_Car
[2023.04.23-08.11.58:845][ 91]LogSavePackage: Moving '../../../../../../Asus/Documents/GitHub/TheTroubleMakers/Unreal Engine Project/SpeedLimit_UniAzad/Saved/MoosaeiPour_Car_PhysicsAsset55740451452027CC1DC5459EE65820FB.tmp' to '../../../../../../Asus/Documents/GitHub/TheTroubleMakers/Unreal Engine Project/SpeedLimit_UniAzad/Content/TheTroubleMakers/FatemehMosaeiPour/MyCar/MoosaeiPour_Car_PhysicsAsset.uasset'
[2023.04.23-08.11.58:861][ 91]AssetCheck: New page: Asset Save: MoosaeiPour_Car_PhysicsAsset
[2023.04.23-08.11.58:861][ 91]LogContentValidation: Display: Validating PhysicsAsset /Game/TheTroubleMakers/FatemehMosaeiPour/MyCar/MoosaeiPour_Car_PhysicsAsset.MoosaeiPour_Car_PhysicsAsset
[2023.04.23-08.12.09:394][464]LogSlate: Window 'Pick Parent Class' being destroyed
[2023.04.23-08.12.09:403][464]LogContentBrowser: Deferred new asset file creation: NewBlueprint
[2023.04.23-08.12.09:411][464]LogContentBrowser: Creating deferred item: NewBlueprint
[2023.04.23-08.12.26:185][912]LogContentBrowser: Attempting asset rename: NewBlueprint -> MoosaeiCar_BP
[2023.04.23-08.12.26:188][912]LogContentBrowser: End creating deferred item NewBlueprint
[2023.04.23-08.12.33:606][539]LogSlate: Warning: Slate: Had to block on waiting for a draw buffer
[2023.04.23-08.12.50:316][539]LogSlate: Window 'Pick Parent Class' being destroyed
[2023.04.23-08.12.50:328][539]LogContentBrowser: Deferred new asset file creation: NewBlueprint
[2023.04.23-08.12.50:335][539]LogContentBrowser: Creating deferred item: NewBlueprint
[2023.04.23-08.12.59:380][357]LogContentBrowser: Attempting asset rename: NewBlueprint -> MoosaeiWheel
[2023.04.23-08.12.59:382][357]LogContentBrowser: End creating deferred item NewBlueprint
[2023.04.23-08.13.04:202][762]LogSlate: Warning: Slate: Had to block on waiting for a draw buffer
[2023.04.23-08.13.04:227][762]LogContentBrowser: Verbose: The majority of assets in the view are of type: Skeleton
[2023.04.23-08.13.08:059][762]LogContentBrowser: Verbose: The majority of assets in the view are of type: Skeleton
[2023.04.23-08.13.11:591][762]LogSlate: Window 'Create Animation Blueprint' being destroyed
[2023.04.23-08.13.11:603][762]LogContentBrowser: Deferred new asset file creation: NewAnimBlueprint
[2023.04.23-08.13.11:609][762]LogContentBrowser: Creating deferred item: NewAnimBlueprint
[2023.04.23-08.13.21:544][638]LogContentBrowser: Attempting asset rename: NewAnimBlueprint -> AnimMoosaeiCar
[2023.04.23-08.13.21:548][638]LogContentBrowser: End creating deferred item NewAnimBlueprint
[2023.04.23-08.13.24:343][819]LogAssetEditorSubsystem: Opening Asset editor for AnimBlueprint /Game/TheTroubleMakers/FatemehMosaeiPour/AnimMoosaeiCar.AnimMoosaeiCar
[2023.04.23-08.13.24:350][819]LogActorComponent: RegisterComponentWithWorld: (/Engine/Transient.World_8:PersistentLevel.AnimationEditorPreviewActor_0.DebugSkelMeshComponent_0) Already registered. Aborting.
[2023.04.23-08.13.24:462][819]LogNativeClassHierarchy: Verbose: Native class hierarchy updated for 'BlueprintGraph' in 0.0004 seconds. Added 126 classes and 0 folders.
[2023.04.23-08.13.50:990][789]LogSavePackage: Moving '../../../../../../Asus/Documents/GitHub/TheTroubleMakers/Unreal Engine Project/SpeedLimit_UniAzad/Saved/AnimMoosaeiCar775785864EB7633FDDE19F96B04E9219.tmp' to '../../../../../../Asus/Documents/GitHub/TheTroubleMakers/Unreal Engine Project/SpeedLimit_UniAzad/Content/TheTroubleMakers/FatemehMosaeiPour/AnimMoosaeiCar.uasset'
[2023.04.23-08.13.51:006][789]AssetCheck: New page: Asset Save: AnimMoosaeiCar
[2023.04.23-08.13.51:006][789]LogContentValidation: Display: Validating AnimBlueprint /Game/TheTroubleMakers/FatemehMosaeiPour/AnimMoosaeiCar.AnimMoosaeiCar
[2023.04.23-08.13.51:928][890]BlueprintLog: New page: Compile AnimMoosaeiCar
[2023.04.23-08.13.51:963][890]LogUObjectHash: Compacting FUObjectHashTables data took   1.66ms
[2023.04.23-08.13.55:848][295]LogWorld: UWorld::CleanupWorld for World_8, bSessionEnded=true, bCleanupResources=true
[2023.04.23-08.13.55:848][295]LogSlate: InvalidateAllWidgets triggered.  All widgets were invalidated
[2023.04.23-08.13.55:855][295]LogWorld: UWorld::CleanupWorld for World_7, bSessionEnded=true, bCleanupResources=true
[2023.04.23-08.13.55:855][295]LogSlate: InvalidateAllWidgets triggered.  All widgets were invalidated
[2023.04.23-08.13.55:913][295]LogWorld: UWorld::CleanupWorld for World_9, bSessionEnded=true, bCleanupResources=true
[2023.04.23-08.13.55:913][295]LogSlate: InvalidateAllWidgets triggered.  All widgets were invalidated
[2023.04.23-08.13.58:582][463]LogAssetEditorSubsystem: Opening Asset editor for Blueprint /Game/TheTroubleMakers/FatemehMosaeiPour/MoosaeiWheel.MoosaeiWheel
[2023.04.23-08.14.04:470][104]BlueprintLog: New page: Compile MoosaeiWheel
[2023.04.23-08.14.04:495][104]LogUObjectHash: Compacting FUObjectHashTables data took   1.81ms
[2023.04.23-08.14.08:303][457]LogSavePackage: Moving '../../../../../../Asus/Documents/GitHub/TheTroubleMakers/Unreal Engine Project/SpeedLimit_UniAzad/Saved/MoosaeiWheel2BF3565E4C8DD0069DF487930B0D7195.tmp' to '../../../../../../Asus/Documents/GitHub/TheTroubleMakers/Unreal Engine Project/SpeedLimit_UniAzad/Content/TheTroubleMakers/FatemehMosaeiPour/MoosaeiWheel.uasset'
[2023.04.23-08.14.08:328][457]AssetCheck: New page: Asset Save: MoosaeiWheel
[2023.04.23-08.14.08:328][457]LogContentValidation: Display: Validating Blueprint /Game/TheTroubleMakers/FatemehMosaeiPour/MoosaeiWheel.MoosaeiWheel
[2023.04.23-08.14.09:000][520]LogWorld: UWorld::CleanupWorld for World_10, bSessionEnded=true, bCleanupResources=true
[2023.04.23-08.14.09:000][520]LogSlate: InvalidateAllWidgets triggered.  All widgets were invalidated
[2023.04.23-08.14.15:184][911]LogAssetEditorSubsystem: Opening Asset editor for Blueprint /Game/TheTroubleMakers/FatemehMosaeiPour/MoosaeiCar_BP.MoosaeiCar_BP
[2023.04.23-08.15.22:006][964]LogAssetEditorSubsystem: Opening Asset editor for Skeleton /Game/TheTroubleMakers/FatemehMosaeiPour/MyCar/MoosaeiPour_Car_Skeleton.MoosaeiPour_Car_Skeleton
[2023.04.23-08.15.22:008][964]LogActorComponent: RegisterComponentWithWorld: (/Engine/Transient.World_14:PersistentLevel.AnimationEditorPreviewActor_0.DebugSkelMeshComponent_0) Already registered. Aborting.
[2023.04.23-08.15.57:236][924]LogSlate: Prevented a slow task dialog from being summoned while a context menu was open
[2023.04.23-08.16.09:814][153]LogSavePackage: Moving '../../../../../../Asus/Documents/GitHub/TheTroubleMakers/Unreal Engine Project/SpeedLimit_UniAzad/Saved/MoosaeiCar_BPF2DEEAE2401B29DBB786BBACB0A2A1A2.tmp' to '../../../../../../Asus/Documents/GitHub/TheTroubleMakers/Unreal Engine Project/SpeedLimit_UniAzad/Content/TheTroubleMakers/FatemehMosaeiPour/MoosaeiCar_BP.uasset'
[2023.04.23-08.16.09:839][153]AssetCheck: New page: Asset Save: MoosaeiCar_BP
[2023.04.23-08.16.09:839][153]LogContentValidation: Display: Validating Blueprint /Game/TheTroubleMakers/FatemehMosaeiPour/MoosaeiCar_BP.MoosaeiCar_BP
[2023.04.23-08.16.10:268][194]BlueprintLog: New page: Compile MoosaeiCar_BP
[2023.04.23-08.16.10:314][194]LogUObjectHash: Compacting FUObjectHashTables data took   1.88ms
[2023.04.23-08.16.17:631][859]LogSlate: Prevented a slow task dialog from being summoned while a context menu was open
[2023.04.23-08.16.25:101][468]BlueprintLog: New page: Compile MoosaeiCar_BP
[2023.04.23-08.16.25:145][468]LogUObjectHash: Compacting FUObjectHashTables data took   1.67ms
[2023.04.23-08.16.29:937][ 27]LogWorld: UWorld::CleanupWorld for World_12, bSessionEnded=true, bCleanupResources=true
[2023.04.23-08.16.29:939][ 27]LogSlate: InvalidateAllWidgets triggered.  All widgets were invalidated
[2023.04.23-08.16.33:601][256]LogAssetEditorSubsystem: Opening Asset editor for Blueprint /Game/TheTroubleMakers/FatemehMosaeiPour/MoosaeiCar_BP.MoosaeiCar_BP
[2023.04.23-08.18.57:247][ 55]BlueprintLog: New page: Compile MoosaeiCar_BP
[2023.04.23-08.18.57:286][ 55]LogUObjectHash: Compacting FUObjectHashTables data took   2.00ms
[2023.04.23-08.19.00:442][406]LogSavePackage: Moving '../../../../../../Asus/Documents/GitHub/TheTroubleMakers/Unreal Engine Project/SpeedLimit_UniAzad/Saved/MoosaeiCar_BP61407CC6488D16D6D3B360B2D880ED69.tmp' to '../../../../../../Asus/Documents/GitHub/TheTroubleMakers/Unreal Engine Project/SpeedLimit_UniAzad/Content/TheTroubleMakers/FatemehMosaeiPour/MoosaeiCar_BP.uasset'
[2023.04.23-08.19.00:461][406]AssetCheck: New page: Asset Save: MoosaeiCar_BP
[2023.04.23-08.19.00:461][406]LogContentValidation: Display: Validating Blueprint /Game/TheTroubleMakers/FatemehMosaeiPour/MoosaeiCar_BP.MoosaeiCar_BP
[2023.04.23-08.19.04:868][792]LogSlate: Warning: Slate: Had to block on waiting for a draw buffer
[2023.04.23-08.19.11:515][792]LogSlate: Window 'Pick Parent Class' being destroyed
[2023.04.23-08.19.11:526][792]LogContentBrowser: Deferred new asset file creation: NewBlueprint
[2023.04.23-08.19.11:537][792]LogContentBrowser: Creating deferred item: NewBlueprint
[2023.04.23-08.19.24:400][427]LogContentBrowser: Attempting asset rename: NewBlueprint -> MoosaeiGame
[2023.04.23-08.19.24:404][427]LogContentBrowser: End creating deferred item NewBlueprint
[2023.04.23-08.19.35:182][ 89]LogTemp: Repeating last play command: Selected Viewport
[2023.04.23-08.19.35:188][ 89]LogPlayLevel: PlayLevel: No blueprints needed recompiling
[2023.04.23-08.19.35:188][ 89]PIE: New page: PIE session: Minimal_Default (Apr 23, 2023, 4:19:35 PM)
[2023.04.23-08.19.35:190][ 89]LogOnline: OSS: Creating online subsystem instance for: NULL
[2023.04.23-08.19.35:191][ 89]LogOnline: OSS: TryLoadSubsystemAndSetDefault: Loaded subsystem for module [NULL]
[2023.04.23-08.19.35:191][ 89]LogPlayLevel: Creating play world package: /Game/StarterContent/Maps/UEDPIE_0_Minimal_Default
[2023.04.23-08.19.35:194][ 89]LogPlayLevel: PIE: StaticDuplicateObject took: (0.003123s)
[2023.04.23-08.19.35:195][ 89]LogAIModule: Creating AISystem for world Minimal_Default
[2023.04.23-08.19.35:196][ 89]LogPlayLevel: PIE: World Init took: (0.001313s)
[2023.04.23-08.19.35:196][ 89]LogPlayLevel: PIE: Created PIE world by copying editor world from /Game/StarterContent/Maps/Minimal_Default.Minimal_Default to /Game/StarterContent/Maps/UEDPIE_0_Minimal_Default.Minimal_Default (0.004572s)
[2023.04.23-08.19.35:214][ 89]LogUObjectHash: Compacting FUObjectHashTables data took   1.83ms
[2023.04.23-08.19.35:216][ 89]LogAudio: Display: Creating Audio Device:                 Id: 2, Scope: Unique, Realtime: True
[2023.04.23-08.19.35:216][ 89]LogAudioMixer: Display: Audio Mixer Platform Settings:
[2023.04.23-08.19.35:216][ 89]LogAudioMixer: Display: 	Sample Rate:						  48000
[2023.04.23-08.19.35:216][ 89]LogAudioMixer: Display: 	Callback Buffer Frame Size Requested: 1024
[2023.04.23-08.19.35:216][ 89]LogAudioMixer: Display: 	Callback Buffer Frame Size To Use:	  1024
[2023.04.23-08.19.35:216][ 89]LogAudioMixer: Display: 	Number of buffers to queue:			  2
[2023.04.23-08.19.35:216][ 89]LogAudioMixer: Display: 	Max Channels (voices):				  32
[2023.04.23-08.19.35:216][ 89]LogAudioMixer: Display: 	Number of Async Source Workers:		  0
[2023.04.23-08.19.35:216][ 89]LogAudio: Display: AudioDevice MaxSources: 32
[2023.04.23-08.19.35:217][ 89]LogAudio: Display: Audio Spatialization Plugin: None (built-in).
[2023.04.23-08.19.35:217][ 89]LogAudio: Display: Audio Reverb Plugin: None (built-in).
[2023.04.23-08.19.35:217][ 89]LogAudio: Display: Audio Occlusion Plugin: None (built-in).
[2023.04.23-08.19.35:217][ 89]LogAudioMixer: Display: Initializing audio mixer.
[2023.04.23-08.19.35:220][ 89]LogAudioMixer: Display: 0: FrontLeft
[2023.04.23-08.19.35:220][ 89]LogAudioMixer: Display: 1: FrontRight
[2023.04.23-08.19.35:227][ 89]LogAudioMixer: Display: Using Audio Device Mi TV (HD Audio Driver for Display Audio)
[2023.04.23-08.19.35:227][ 89]LogAudioMixer: Display: Initializing Sound Submixes...
[2023.04.23-08.19.35:227][ 89]LogAudioMixer: Display: Creating Master Submix 'MasterSubmixDefault'
[2023.04.23-08.19.35:228][ 89]LogAudioMixer: Display: Creating Master Submix 'MasterReverbSubmixDefault'
[2023.04.23-08.19.35:228][ 89]LogAudioMixer: Display: Creating Master Submix 'MasterEQSubmixDefault'
[2023.04.23-08.19.35:228][ 89]LogAudioMixer: FMixerPlatformXAudio2::StartAudioStream() called
[2023.04.23-08.19.35:228][ 89]LogAudioMixer: Display: Output buffers initialized: Frames=1024, Channels=2, Samples=2048
[2023.04.23-08.19.35:229][ 89]LogAudioMixer: Display: Starting AudioMixerPlatformInterface::RunInternal()
[2023.04.23-08.19.35:229][ 89]LogAudioMixer: Display: FMixerPlatformXAudio2::SubmitBuffer() called for the first time
[2023.04.23-08.19.35:229][ 89]LogInit: FAudioDevice initialized.
[2023.04.23-08.19.35:229][ 89]LogAudio: Display: Audio Device (ID: 2) registered with world 'Minimal_Default'.
[2023.04.23-08.19.35:237][ 89]LogLoad: Game class is 'MoosaeiGame_C'
[2023.04.23-08.19.35:238][ 89]LogWorld: Bringing World /Game/StarterContent/Maps/UEDPIE_0_Minimal_Default.Minimal_Default up for play (max tick rate 0) at 2023.04.23-11.49.35
[2023.04.23-08.19.35:239][ 89]LogWorld: Bringing up level for play took: 0.000723
[2023.04.23-08.19.35:239][ 89]LogOnline: OSS: Creating online subsystem instance for: :Context_18
[2023.04.23-08.19.35:245][ 89]LogNativeClassHierarchy: Verbose: Native class hierarchy updated for 'MovieSceneCapture' in 0.0004 seconds. Added 20 classes and 0 folders.
[2023.04.23-08.19.35:245][ 89]LogGameMode: Display: Match State Changed from EnteringMap to WaitingToStart
[2023.04.23-08.19.35:245][ 89]LogGameState: Match State Changed from EnteringMap to WaitingToStart
[2023.04.23-08.19.35:245][ 89]LogGameMode: Display: Match State Changed from WaitingToStart to InProgress
[2023.04.23-08.19.35:246][ 89]LogGameState: Match State Changed from WaitingToStart to InProgress
[2023.04.23-08.19.35:246][ 89]PIE: Server logged in
[2023.04.23-08.19.35:249][ 89]PIE: Play in editor total start time 0.062 seconds.
[2023.04.23-08.19.44:610][981]LogSlate: Updating window title bar state: overlay mode, drag disabled, window buttons hidden, title bar hidden
[2023.04.23-08.19.44:610][981]LogWorld: BeginTearingDown for /Game/StarterContent/Maps/UEDPIE_0_Minimal_Default
[2023.04.23-08.19.44:611][981]LogWorld: UWorld::CleanupWorld for Minimal_Default, bSessionEnded=true, bCleanupResources=true
[2023.04.23-08.19.44:611][981]LogSlate: InvalidateAllWidgets triggered.  All widgets were invalidated
[2023.04.23-08.19.44:619][981]LogPlayLevel: Display: Shutting down PIE online subsystems
[2023.04.23-08.19.44:629][981]LogSlate: InvalidateAllWidgets triggered.  All widgets were invalidated
[2023.04.23-08.19.44:648][981]LogAudio: Display: Audio Device unregistered from world 'None'.
[2023.04.23-08.19.44:654][981]LogAudioMixer: FMixerPlatformXAudio2::StopAudioStream() called
[2023.04.23-08.19.44:655][981]LogAudioMixer: FMixerPlatformXAudio2::StopAudioStream() called
[2023.04.23-08.19.44:658][981]LogSlate: Updating window title bar state: overlay mode, drag disabled, window buttons hidden, title bar hidden
[2023.04.23-08.19.44:677][981]LogUObjectHash: Compacting FUObjectHashTables data took   2.95ms
[2023.04.23-08.19.44:698][982]LogPlayLevel: Display: Destroying online subsystem :Context_18
[2023.04.23-08.19.59:104][952]LogEditorViewport: Clicking on Actor (LMB): BP_Sky_Sphere_C (BP_Sky_Sphere)
[2023.04.23-08.20.05:146][413]LogWorld: UWorld::CleanupWorld for World_4, bSessionEnded=true, bCleanupResources=true
[2023.04.23-08.20.05:146][413]LogSlate: InvalidateAllWidgets triggered.  All widgets were invalidated
[2023.04.23-08.20.05:989][475]LogWorld: UWorld::CleanupWorld for World_5, bSessionEnded=true, bCleanupResources=true
[2023.04.23-08.20.05:989][475]LogSlate: InvalidateAllWidgets triggered.  All widgets were invalidated
[2023.04.23-08.20.07:898][596]LogWorld: UWorld::CleanupWorld for World_14, bSessionEnded=true, bCleanupResources=true
[2023.04.23-08.20.07:899][596]LogSlate: InvalidateAllWidgets triggered.  All widgets were invalidated
[2023.04.23-08.20.08:402][634]LogWorld: UWorld::CleanupWorld for World_16, bSessionEnded=true, bCleanupResources=true
[2023.04.23-08.20.08:402][634]LogSlate: InvalidateAllWidgets triggered.  All widgets were invalidated
[2023.04.23-08.20.09:047][673]LogUObjectHash: Compacting FUObjectHashTables data took   3.06ms
[2023.04.23-08.20.09:058][673]LogSavePackage: Moving '../../../../../../Asus/Documents/GitHub/TheTroubleMakers/Unreal Engine Project/SpeedLimit_UniAzad/Saved/Minimal_DefaultC1B82D084B6B408FEE1EB5BAB63B314D.tmp' to '../../../../../../Asus/Documents/GitHub/TheTroubleMakers/Unreal Engine Project/SpeedLimit_UniAzad/Content/StarterContent/Maps/Minimal_Default.umap'
[2023.04.23-08.20.09:083][673]AssetCheck: New page: Asset Save: Minimal_Default
[2023.04.23-08.20.09:083][673]LogContentValidation: Display: Validating World /Game/StarterContent/Maps/Minimal_Default.Minimal_Default
[2023.04.23-08.20.12:387][904]LogUObjectHash: Compacting FUObjectHashTables data took   2.83ms
[2023.04.23-08.20.13:581][904]LogSlate: Window 'Save Content' being destroyed
[2023.04.23-08.20.13:639][904]LogSavePackage: Moving '../../../../../../Asus/Documents/GitHub/TheTroubleMakers/Unreal Engine Project/SpeedLimit_UniAzad/Saved/Material8BAD06184B3B07FA04204BA1927200FF.tmp' to '../../../../../../Asus/Documents/GitHub/TheTroubleMakers/Unreal Engine Project/SpeedLimit_UniAzad/Content/TheTroubleMakers/FatemehMosaeiPour/MyCar/Material.uasset'
[2023.04.23-08.20.13:655][904]LogSavePackage: Moving '../../../../../../Asus/Documents/GitHub/TheTroubleMakers/Unreal Engine Project/SpeedLimit_UniAzad/Saved/Material_0019AFD136B4799FC8060C87AAEA8A7E9B9.tmp' to '../../../../../../Asus/Documents/GitHub/TheTroubleMakers/Unreal Engine Project/SpeedLimit_UniAzad/Content/TheTroubleMakers/FatemehMosaeiPour/MyCar/Material_001.uasset'
[2023.04.23-08.20.13:671][904]LogSavePackage: Moving '../../../../../../Asus/Documents/GitHub/TheTroubleMakers/Unreal Engine Project/SpeedLimit_UniAzad/Saved/Material_002D06E65A248B4539C15277E9B4EDC6C2E.tmp' to '../../../../../../Asus/Documents/GitHub/TheTroubleMakers/Unreal Engine Project/SpeedLimit_UniAzad/Content/TheTroubleMakers/FatemehMosaeiPour/MyCar/Material_002.uasset'
[2023.04.23-08.20.13:686][904]LogSavePackage: Moving '../../../../../../Asus/Documents/GitHub/TheTroubleMakers/Unreal Engine Project/SpeedLimit_UniAzad/Saved/Material_003DAB43B714D12E9A07EDBDD82DAE84D95.tmp' to '../../../../../../Asus/Documents/GitHub/TheTroubleMakers/Unreal Engine Project/SpeedLimit_UniAzad/Content/TheTroubleMakers/FatemehMosaeiPour/MyCar/Material_003.uasset'
[2023.04.23-08.20.13:702][904]LogSavePackage: Moving '../../../../../../Asus/Documents/GitHub/TheTroubleMakers/Unreal Engine Project/SpeedLimit_UniAzad/Saved/Material_004E2196917408803A4F5A809B4D7947BAC.tmp' to '../../../../../../Asus/Documents/GitHub/TheTroubleMakers/Unreal Engine Project/SpeedLimit_UniAzad/Content/TheTroubleMakers/FatemehMosaeiPour/MyCar/Material_004.uasset'
[2023.04.23-08.20.13:705][904]LogSavePackage: Moving '../../../../../../Asus/Documents/GitHub/TheTroubleMakers/Unreal Engine Project/SpeedLimit_UniAzad/Saved/MoosaeiGame65757E2A4E45FC97E1D6AEB4E814483A.tmp' to '../../../../../../Asus/Documents/GitHub/TheTroubleMakers/Unreal Engine Project/SpeedLimit_UniAzad/Content/TheTroubleMakers/FatemehMosaeiPour/MoosaeiGame.uasset'
[2023.04.23-08.20.13:706][904]LogSavePackage: Moving '../../../../../../Asus/Documents/GitHub/TheTroubleMakers/Unreal Engine Project/SpeedLimit_UniAzad/Saved/MoosaeiPour_Car_SkeletonCE71AD7F42BFDFBF519DCC854503D7D2.tmp' to '../../../../../../Asus/Documents/GitHub/TheTroubleMakers/Unreal Engine Project/SpeedLimit_UniAzad/Content/TheTroubleMakers/FatemehMosaeiPour/MyCar/MoosaeiPour_Car_Skeleton.uasset'
[2023.04.23-08.20.13:747][904]LogSlate: Window 'SpeedLimit_UniAzad - Unreal Editor' being destroyed
[2023.04.23-08.20.13:868][904]AssetCheck: New page: Asset Save: multiple assets
[2023.04.23-08.20.13:868][904]LogContentValidation: Display: Validating Skeleton /Game/TheTroubleMakers/FatemehMosaeiPour/MyCar/MoosaeiPour_Car_Skeleton.MoosaeiPour_Car_Skeleton
[2023.04.23-08.20.13:868][904]LogContentValidation: Display: Validating Material /Game/TheTroubleMakers/FatemehMosaeiPour/MyCar/Material_001.Material_001
[2023.04.23-08.20.13:868][904]LogContentValidation: Display: Validating Material /Game/TheTroubleMakers/FatemehMosaeiPour/MyCar/Material_004.Material_004
[2023.04.23-08.20.13:868][904]LogContentValidation: Display: Validating Material /Game/TheTroubleMakers/FatemehMosaeiPour/MyCar/Material_003.Material_003
[2023.04.23-08.20.13:868][904]LogContentValidation: Display: Validating Material /Game/TheTroubleMakers/FatemehMosaeiPour/MyCar/Material_002.Material_002
[2023.04.23-08.20.13:868][904]LogContentValidation: Display: Validating Material /Game/TheTroubleMakers/FatemehMosaeiPour/MyCar/Material.Material
[2023.04.23-08.20.13:868][904]LogContentValidation: Display: Validating Blueprint /Game/TheTroubleMakers/FatemehMosaeiPour/MoosaeiGame.MoosaeiGame
[2023.04.23-08.20.13:872][905]Cmd: QUIT_EDITOR
[2023.04.23-08.20.13:872][905]LogCore: Engine exit requested (reason: UUnrealEdEngine::CloseEditor())
[2023.04.23-08.20.13:874][905]LogCore: Engine exit requested (reason: EngineExit() was called; note: exit was already requested)
[2023.04.23-08.20.14:527][905]LogAudio: Display: Beginning Audio Device Manager Shutdown (Module: AudioMixerXAudio2)...
[2023.04.23-08.20.14:527][905]LogAudio: Display: Destroying 1 Remaining Audio Device(s)...
[2023.04.23-08.20.14:527][905]LogAudio: Display: Audio Device unregistered from world 'Minimal_Default'.
[2023.04.23-08.20.14:527][905]LogAudioMixer: FMixerPlatformXAudio2::StopAudioStream() called
[2023.04.23-08.20.14:529][905]LogAudioMixer: FMixerPlatformXAudio2::StopAudioStream() called
[2023.04.23-08.20.14:544][905]LogAudio: Display: Audio Device Manager Shutdown
[2023.04.23-08.20.14:544][905]LogWindowsTextInputMethodSystem: Display: IME system deactivated.
[2023.04.23-08.20.14:551][905]LogExit: Preparing to exit.
[2023.04.23-08.20.15:567][905]LogUObjectHash: Compacting FUObjectHashTables data took   1.81ms
[2023.04.23-08.20.15:766][905]LogWorld: UWorld::CleanupWorld for World_15, bSessionEnded=true, bCleanupResources=true
[2023.04.23-08.20.15:766][905]LogWorld: UWorld::CleanupWorld for World_13, bSessionEnded=true, bCleanupResources=true
[2023.04.23-08.20.15:766][905]LogWorld: UWorld::CleanupWorld for World_3, bSessionEnded=true, bCleanupResources=true
[2023.04.23-08.20.15:766][905]LogWorld: UWorld::CleanupWorld for None, bSessionEnded=true, bCleanupResources=true
[2023.04.23-08.20.15:766][905]LogWorld: UWorld::CleanupWorld for World_2, bSessionEnded=true, bCleanupResources=true
[2023.04.23-08.20.15:768][905]LogWorld: UWorld::CleanupWorld for World_6, bSessionEnded=true, bCleanupResources=true
[2023.04.23-08.20.15:768][905]LogWorld: UWorld::CleanupWorld for World_1, bSessionEnded=true, bCleanupResources=true
[2023.04.23-08.20.15:809][905]LogWorld: UWorld::CleanupWorld for None, bSessionEnded=true, bCleanupResources=true
[2023.04.23-08.20.15:810][905]LogExit: Editor shut down
[2023.04.23-08.20.15:810][905]LogExit: Transaction tracking system shut down
[2023.04.23-08.20.15:814][905]LogDemo: Cleaned up 0 splitscreen connections with owner deletion
[2023.04.23-08.20.16:045][905]LogExit: Object subsystem successfully closed.
[2023.04.23-08.20.16:060][905]LogShaderCompilers: Display: === FShaderJobCache stats ===
[2023.04.23-08.20.16:060][905]LogShaderCompilers: Display: Total job queries 333, among them cache hits 13 (3.90%)
[2023.04.23-08.20.16:060][905]LogShaderCompilers: Display: Tracking 192 distinct input hashes that result in 42 distinct outputs (21.88%)
[2023.04.23-08.20.16:060][905]LogShaderCompilers: Display: RAM used: 0.24 MB (0.00 GB) of 819.20 MB (0.80 GB) budget. Usage: 0.03%
[2023.04.23-08.20.16:060][905]LogShaderCompilers: Display: ================================================
[2023.04.23-08.20.16:077][905]LogShaderCompilers: Display: Shaders left to compile 0
[2023.04.23-08.20.16:088][905]LogModuleManager: Shutting down and abandoning module MovieSceneCapture (882)
[2023.04.23-08.20.16:088][905]LogModuleManager: Shutting down and abandoning module Voice (880)
[2023.04.23-08.20.16:088][905]LogModuleManager: Shutting down and abandoning module BlueprintGraph (878)
[2023.04.23-08.20.16:088][905]LogModuleManager: Shutting down and abandoning module PinnedCommandList (876)
[2023.04.23-08.20.16:088][905]LogModuleManager: Shutting down and abandoning module SkeletonEditor (874)
[2023.04.23-08.20.16:088][905]LogModuleManager: Shutting down and abandoning module PhysicsAssetEditor (872)
[2023.04.23-08.20.16:088][905]LogModuleManager: Shutting down and abandoning module HierarchicalLODOutliner (870)
[2023.04.23-08.20.16:089][905]LogModuleManager: Shutting down and abandoning module SceneOutliner (868)
[2023.04.23-08.20.16:089][905]LogModuleManager: Shutting down and abandoning module AddContentDialog (866)
[2023.04.23-08.20.16:089][905]LogModuleManager: Shutting down and abandoning module WidgetCarousel (865)
[2023.04.23-08.20.16:089][905]LogModuleManager: Shutting down and abandoning module EditorWidgets (862)
[2023.04.23-08.20.16:089][905]LogModuleManager: Shutting down and abandoning module StatsViewer (860)
[2023.04.23-08.20.16:089][905]LogModuleManager: Shutting down and abandoning module PIEPreviewDeviceProfileSelector (858)
[2023.04.23-08.20.16:089][905]LogModuleManager: Shutting down and abandoning module SequenceRecorderSections (856)
[2023.04.23-08.20.16:089][905]LogModuleManager: Shutting down and abandoning module AutomationWorker (854)
[2023.04.23-08.20.16:089][905]LogModuleManager: Shutting down and abandoning module SteamVREditor (852)
[2023.04.23-08.20.16:089][905]LogModuleManager: Shutting down and abandoning module OculusMR (850)
[2023.04.23-08.20.16:089][905]LogModuleManager: Shutting down and abandoning module TakeRecorderSources (848)
[2023.04.23-08.20.16:089][905]LogModuleManager: Shutting down and abandoning module TakeRecorder (847)
[2023.04.23-08.20.16:089][905]LogModuleManager: Shutting down and abandoning module TakeTrackRecorders (844)
[2023.04.23-08.20.16:089][905]LogModuleManager: Shutting down and abandoning module TakesCore (842)
[2023.04.23-08.20.16:089][905]LogModuleManager: Shutting down and abandoning module OpenXRInput (840)
[2023.04.23-08.20.16:089][905]LogModuleManager: Shutting down and abandoning module GooglePADEditor (838)
[2023.04.23-08.20.16:089][905]LogModuleManager: Shutting down and abandoning module AudioCaptureEditor (836)
[2023.04.23-08.20.16:089][905]LogModuleManager: Shutting down and abandoning module TemplateSequenceEditor (834)
[2023.04.23-08.20.16:089][905]LogModuleManager: Shutting down and abandoning module LevelSequenceEditor (832)
[2023.04.23-08.20.16:089][905]LogModuleManager: Shutting down and abandoning module MatineeToLevelSequence (830)
[2023.04.23-08.20.16:089][905]LogModuleManager: Shutting down and abandoning module ActorSequenceEditor (828)
[2023.04.23-08.20.16:089][905]LogModuleManager: Shutting down and abandoning module WmfMediaFactory (826)
[2023.04.23-08.20.16:089][905]LogModuleManager: Shutting down and abandoning module WmfMediaEditor (824)
[2023.04.23-08.20.16:089][905]LogModuleManager: Shutting down and abandoning module WebMMediaFactory (822)
[2023.04.23-08.20.16:089][905]LogModuleManager: Shutting down and abandoning module WebMMediaEditor (820)
[2023.04.23-08.20.16:090][905]LogModuleManager: Shutting down and abandoning module WebMMedia (818)
[2023.04.23-08.20.16:090][905]LogModuleManager: Shutting down and abandoning module MediaPlayerEditor (816)
[2023.04.23-08.20.16:090][905]LogModuleManager: Shutting down and abandoning module MediaCompositingEditor (814)
[2023.04.23-08.20.16:090][905]LogModuleManager: Shutting down and abandoning module SequenceRecorder (813)
[2023.04.23-08.20.16:090][905]LogModuleManager: Shutting down and abandoning module OpenExrWrapper (810)
[2023.04.23-08.20.16:090][905]LogModuleManager: Shutting down and abandoning module ImgMediaFactory (808)
[2023.04.23-08.20.16:090][905]LogModuleManager: Shutting down and abandoning module ImgMediaEditor (806)
[2023.04.23-08.20.16:090][905]LogModuleManager: Shutting down and abandoning module AvfMediaFactory (804)
[2023.04.23-08.20.16:090][905]LogModuleManager: Shutting down and abandoning module AvfMediaEditor (802)
[2023.04.23-08.20.16:090][905]LogModuleManager: Shutting down and abandoning module AndroidMediaFactory (800)
[2023.04.23-08.20.16:090][905]LogModuleManager: Shutting down and abandoning module AndroidMediaEditor (798)
[2023.04.23-08.20.16:090][905]LogModuleManager: Shutting down and abandoning module MagicLeapMediaCodecFactory (796)
[2023.04.23-08.20.16:090][905]LogModuleManager: Shutting down and abandoning module MagicLeapMediaFactory (794)
[2023.04.23-08.20.16:090][905]LogModuleManager: Shutting down and abandoning module MagicLeapMediaEditor (792)
[2023.04.23-08.20.16:090][905]LogModuleManager: Shutting down and abandoning module PlanarCut (790)
[2023.04.23-08.20.16:090][905]LogModuleManager: Shutting down and abandoning module CharacterAI (788)
[2023.04.23-08.20.16:090][905]LogModuleManager: Shutting down and abandoning module TextureAlignMode (786)
[2023.04.23-08.20.16:090][905]LogModuleManager: Shutting down and abandoning module BspMode (784)
[2023.04.23-08.20.16:090][905]LogModuleManager: Shutting down and abandoning module GeometryMode (782)
[2023.04.23-08.20.16:090][905]LogModuleManager: Shutting down and abandoning module CameraShakePreviewer (780)
[2023.04.23-08.20.16:090][905]LogModuleManager: Shutting down and abandoning module SmartSnapping (778)
[2023.04.23-08.20.16:090][905]LogModuleManager: Shutting down and abandoning module SessionServices (776)
[2023.04.23-08.20.16:090][905]LogModuleManager: Shutting down and abandoning module MeshPaint (774)
[2023.04.23-08.20.16:090][905]LogModuleManager: Shutting down and abandoning module VirtualTexturingEditor (772)
[2023.04.23-08.20.16:090][905]LogModuleManager: Shutting down and abandoning module FoliageEdit (770)
[2023.04.23-08.20.16:090][905]LogModuleManager: Shutting down and abandoning module LandscapeEditor (768)
[2023.04.23-08.20.16:090][905]LogModuleManager: Shutting down and abandoning module MeshPaintMode (766)
[2023.04.23-08.20.16:090][905]LogModuleManager: Shutting down and abandoning module SceneDepthPickerMode (764)
[2023.04.23-08.20.16:090][905]LogModuleManager: Shutting down and abandoning module ActorPickerMode (762)
[2023.04.23-08.20.16:090][905]LogModuleManager: Shutting down and abandoning module PlacementMode (760)
[2023.04.23-08.20.16:090][905]LogModuleManager: Shutting down and abandoning module ViewportSnapping (758)
[2023.04.23-08.20.16:090][905]LogModuleManager: Shutting down and abandoning module ViewportInteraction (756)
[2023.04.23-08.20.16:090][905]LogModuleManager: Shutting down and abandoning module ClothPainter (754)
[2023.04.23-08.20.16:090][905]LogModuleManager: Shutting down and abandoning module SkeletalMeshEditor (753)
[2023.04.23-08.20.16:090][905]LogModuleManager: Shutting down and abandoning module LogVisualizer (750)
[2023.04.23-08.20.16:090][905]LogModuleManager: Shutting down and abandoning module IntroTutorials (748)
[2023.04.23-08.20.16:090][905]LogModuleManager: Shutting down and abandoning module GameProjectGeneration (747)
[2023.04.23-08.20.16:090][905]LogModuleManager: Shutting down and abandoning module LuminPlatformEditor (744)
[2023.04.23-08.20.16:090][905]LogModuleManager: Shutting down and abandoning module IOSPlatformEditor (742)
[2023.04.23-08.20.16:090][905]LogModuleManager: Shutting down and abandoning module AndroidPlatformEditor (740)
[2023.04.23-08.20.16:090][905]LogModuleManager: Shutting down and abandoning module AndroidDeviceDetection (739)
[2023.04.23-08.20.16:761][905]LogModuleManager: Shutting down and abandoning module WindowsPlatformEditor (736)
[2023.04.23-08.20.16:762][905]LogModuleManager: Shutting down and abandoning module LuminRuntimeSettings (734)
[2023.04.23-08.20.16:762][905]LogModuleManager: Shutting down and abandoning module IOSRuntimeSettings (732)
[2023.04.23-08.20.16:762][905]LogModuleManager: Shutting down and abandoning module AndroidRuntimeSettings (730)
[2023.04.23-08.20.16:762][905]LogModuleManager: Shutting down and abandoning module TraceInsights (728)
[2023.04.23-08.20.16:762][905]MemoryProfiler: Shutdown
[2023.04.23-08.20.16:762][905]NetworkingProfiler: Shutdown
[2023.04.23-08.20.16:762][905]LoadingProfiler: Shutdown
[2023.04.23-08.20.16:762][905]TimingProfiler: Shutdown
[2023.04.23-08.20.16:762][905]LogModuleManager: Shutting down and abandoning module TraceServices (727)
[2023.04.23-08.20.16:762][905]LogModuleManager: Shutting down and abandoning module EditorInteractiveToolsFramework (724)
[2023.04.23-08.20.16:762][905]LogModuleManager: Shutting down and abandoning module TimeManagementEditor (722)
[2023.04.23-08.20.16:762][905]LogModuleManager: Shutting down and abandoning module InputBindingEditor (720)
[2023.04.23-08.20.16:762][905]LogModuleManager: Shutting down and abandoning module MergeActors (718)
[2023.04.23-08.20.16:762][905]LogModuleManager: Shutting down and abandoning module LocalizationDashboard (716)
[2023.04.23-08.20.16:762][905]LogModuleManager: Shutting down and abandoning module LocalizationService (715)
[2023.04.23-08.20.16:762][905]LogModuleManager: Shutting down and abandoning module HardwareTargeting (712)
[2023.04.23-08.20.16:762][905]LogModuleManager: Shutting down and abandoning module DeviceProfileEditor (710)
[2023.04.23-08.20.16:762][905]LogModuleManager: Shutting down and abandoning module UndoHistory (708)
[2023.04.23-08.20.16:762][905]LogModuleManager: Shutting down and abandoning module XmlParser (706)
[2023.04.23-08.20.16:762][905]LogModuleManager: Shutting down and abandoning module Blutility (704)
[2023.04.23-08.20.16:762][905]LogModuleManager: Shutting down and abandoning module ProjectSettingsViewer (702)
[2023.04.23-08.20.16:762][905]LogModuleManager: Shutting down and abandoning module ProjectTargetPlatformEditor (701)
[2023.04.23-08.20.16:763][905]LogModuleManager: Shutting down and abandoning module EditorSettingsViewer (698)
[2023.04.23-08.20.16:763][905]LogModuleManager: Shutting down and abandoning module InternationalizationSettings (697)
[2023.04.23-08.20.16:763][905]LogModuleManager: Shutting down and abandoning module SettingsEditor (694)
[2023.04.23-08.20.16:763][905]LogModuleManager: Shutting down and abandoning module ProjectLauncher (692)
[2023.04.23-08.20.16:763][905]LogModuleManager: Shutting down and abandoning module SessionFrontend (690)
[2023.04.23-08.20.16:763][905]LogModuleManager: Shutting down and abandoning module ProfilerClient (688)
[2023.04.23-08.20.16:763][905]LogModuleManager: Shutting down and abandoning module DeviceManager (686)
[2023.04.23-08.20.16:763][905]LogModuleManager: Shutting down and abandoning module TargetDeviceServices (685)
[2023.04.23-08.20.16:937][905]LogModuleManager: Shutting down and abandoning module AutomationController (682)
[2023.04.23-08.20.16:937][905]LogModuleManager: Shutting down and abandoning module AutomationWindow (680)
[2023.04.23-08.20.16:937][905]LogModuleManager: Shutting down and abandoning module Layers (678)
[2023.04.23-08.20.16:937][905]LogModuleManager: Shutting down and abandoning module ComponentVisualizers (676)
[2023.04.23-08.20.16:937][905]LogModuleManager: Shutting down and abandoning module DetailCustomizations (674)
[2023.04.23-08.20.16:937][905]LogModuleManager: Shutting down and abandoning module PackagesDialog (672)
[2023.04.23-08.20.16:937][905]LogModuleManager: Shutting down and abandoning module AnimationBlueprintEditor (670)
[2023.04.23-08.20.16:937][905]LogModuleManager: Shutting down and abandoning module Persona (668)
[2023.04.23-08.20.16:937][905]LogModuleManager: Shutting down and abandoning module AdvancedPreviewScene (667)
[2023.04.23-08.20.16:937][905]LogModuleManager: Shutting down and abandoning module AnimGraph (665)
[2023.04.23-08.20.16:937][905]LogModuleManager: Shutting down and abandoning module Kismet (662)
[2023.04.23-08.20.17:071][905]LogModuleManager: Shutting down and abandoning module KismetWidgets (661)
[2023.04.23-08.20.17:071][905]LogModuleManager: Shutting down and abandoning module GraphEditor (658)
[2023.04.23-08.20.17:071][905]LogModuleManager: Shutting down and abandoning module StructViewer (656)
[2023.04.23-08.20.17:071][905]LogModuleManager: Shutting down and abandoning module ClassViewer (654)
[2023.04.23-08.20.17:075][905]LogModuleManager: Shutting down and abandoning module Toolbox (652)
[2023.04.23-08.20.17:075][905]LogModuleManager: Shutting down and abandoning module ModuleUI (650)
[2023.04.23-08.20.17:076][905]LogModuleManager: Shutting down and abandoning module OutputLog (648)
[2023.04.23-08.20.17:076][905]LogModuleManager: Shutting down and abandoning module GammaUI (646)
[2023.04.23-08.20.17:076][905]LogModuleManager: Shutting down and abandoning module Documentation (644)
[2023.04.23-08.20.17:077][905]LogModuleManager: Shutting down and abandoning module LiveCoding (642)
[2023.04.23-08.20.17:077][905]LogModuleManager: Shutting down and abandoning module LevelSequence (640)
[2023.04.23-08.20.17:077][905]LogModuleManager: Shutting down and abandoning module MovieSceneTracks (638)
[2023.04.23-08.20.17:077][905]LogModuleManager: Shutting down and abandoning module MovieScene (636)
[2023.04.23-08.20.17:078][905]LogModuleManager: Shutting down and abandoning module StreamingPauseRendering (634)
[2023.04.23-08.20.17:078][905]LogModuleManager: Shutting down and abandoning module LauncherPlatform (632)
[2023.04.23-08.20.17:078][905]LogModuleManager: Shutting down and abandoning module AnalyticsET (630)
[2023.04.23-08.20.17:078][905]LogModuleManager: Shutting down and abandoning module PortalServices (628)
[2023.04.23-08.20.17:078][905]LogModuleManager: Shutting down and abandoning module PortalRpc (626)
[2023.04.23-08.20.17:078][905]LogModuleManager: Shutting down and abandoning module MessagingRpc (624)
[2023.04.23-08.20.17:078][905]LogModuleManager: Shutting down and abandoning module AudioMixerXAudio2 (622)
[2023.04.23-08.20.17:078][905]LogModuleManager: Shutting down and abandoning module AudioMixerCore (621)
[2023.04.23-08.20.17:078][905]LogModuleManager: Shutting down and abandoning module AIModule (618)
[2023.04.23-08.20.17:078][905]LogModuleManager: Shutting down and abandoning module GameplayDebugger (617)
[2023.04.23-08.20.17:078][905]LogModuleManager: Shutting down and abandoning module AITestSuite (615)
[2023.04.23-08.20.17:078][905]LogModuleManager: Shutting down and abandoning module NavigationSystem (613)
[2023.04.23-08.20.17:078][905]LogModuleManager: Shutting down and abandoning module ImageWriteQueue (610)
[2023.04.23-08.20.17:079][905]LogModuleManager: Shutting down and abandoning module ProfilerService (608)
[2023.04.23-08.20.17:131][905]LogModuleManager: Shutting down and abandoning module TaskGraph (606)
[2023.04.23-08.20.17:131][905]LogModuleManager: Shutting down and abandoning module AudioSynesthesiaEditor (604)
[2023.04.23-08.20.17:131][905]LogModuleManager: Shutting down and abandoning module OculusEditor (602)
[2023.04.23-08.20.17:131][905]LogModuleManager: Shutting down and abandoning module OculusInput (600)
[2023.04.23-08.20.17:131][905]LogModuleManager: Shutting down and abandoning module ContentBrowserFileDataSource (598)
[2023.04.23-08.20.17:131][905]LogModuleManager: Shutting down and abandoning module ContentBrowserClassDataSource (596)
[2023.04.23-08.20.17:131][905]LogModuleManager: Shutting down and abandoning module ContentBrowserAssetDataSource (594)
[2023.04.23-08.20.17:131][905]LogModuleManager: Shutting down and abandoning module CollectionManager (593)
[2023.04.23-08.20.17:131][905]LogModuleManager: Shutting down and abandoning module TakeSequencer (590)
[2023.04.23-08.20.17:131][905]LogModuleManager: Shutting down and abandoning module TakeMovieScene (588)
[2023.04.23-08.20.17:131][905]LogModuleManager: Shutting down and abandoning module ScreenshotTools (586)
[2023.04.23-08.20.17:131][905]LogModuleManager: Shutting down and abandoning module SynthesisEditor (584)
[2023.04.23-08.20.17:131][905]LogModuleManager: Shutting down and abandoning module Synthesis (582)
[2023.04.23-08.20.17:131][905]LogModuleManager: Shutting down and abandoning module ProceduralMeshComponentEditor (580)
[2023.04.23-08.20.17:131][905]LogModuleManager: Shutting down and abandoning module ProceduralMeshComponent (578)
[2023.04.23-08.20.17:131][905]LogModuleManager: Shutting down and abandoning module OpenXREditor (576)
[2023.04.23-08.20.17:131][905]LogModuleManager: Shutting down and abandoning module MobilePatchingUtils (574)
[2023.04.23-08.20.17:131][905]LogModuleManager: Shutting down and abandoning module GooglePAD (572)
[2023.04.23-08.20.17:131][905]LogModuleManager: Shutting down and abandoning module EditableMesh (570)
[2023.04.23-08.20.17:131][905]LogModuleManager: Shutting down and abandoning module CustomMeshComponent (568)
[2023.04.23-08.20.17:133][905]LogModuleManager: Shutting down and abandoning module CableComponent (566)
[2023.04.23-08.20.17:133][905]LogModuleManager: Shutting down and abandoning module AssetTags (564)
[2023.04.23-08.20.17:133][905]LogModuleManager: Shutting down and abandoning module AudioCapture (562)
[2023.04.23-08.20.17:133][905]LogModuleManager: Shutting down and abandoning module AudioCaptureRtAudio (561)
[2023.04.23-08.20.17:133][905]LogModuleManager: Shutting down and abandoning module ArchVisCharacter (558)
[2023.04.23-08.20.17:133][905]LogModuleManager: Shutting down and abandoning module AppleImageUtilsBlueprintSupport (556)
[2023.04.23-08.20.17:133][905]LogModuleManager: Shutting down and abandoning module AppleImageUtils (554)
[2023.04.23-08.20.17:133][905]LogModuleManager: Shutting down and abandoning module AndroidPermission (552)
[2023.04.23-08.20.17:133][905]LogModuleManager: Shutting down and abandoning module ActorLayerUtilitiesEditor (550)
[2023.04.23-08.20.17:133][905]LogModuleManager: Shutting down and abandoning module ActorLayerUtilities (548)
[2023.04.23-08.20.17:133][905]LogModuleManager: Shutting down and abandoning module TemplateSequence (546)
[2023.04.23-08.20.17:133][905]LogModuleManager: Shutting down and abandoning module MediaCompositing (544)
[2023.04.23-08.20.17:133][905]LogModuleManager: Shutting down and abandoning module ImgMedia (542)
[2023.04.23-08.20.17:133][905]LogModuleManager: Shutting down and abandoning module MagicLeapSharedWorld (540)
[2023.04.23-08.20.17:133][905]LogModuleManager: Shutting down and abandoning module MagicLeapLightEstimation (538)
[2023.04.23-08.20.17:133][905]LogModuleManager: Shutting down and abandoning module MagicLeapHelperVulkan (536)
[2023.04.23-08.20.17:133][905]LogModuleManager: Shutting down and abandoning module MagicLeapHelperOpenGL (534)
[2023.04.23-08.20.17:133][905]LogModuleManager: Shutting down and abandoning module MagicLeapAudio (532)
[2023.04.23-08.20.17:133][905]LogModuleManager: Shutting down and abandoning module NiagaraEditorWidgets (530)
[2023.04.23-08.20.17:133][905]LogModuleManager: Shutting down and abandoning module OpenImageDenoise (528)
[2023.04.23-08.20.17:133][905]LogOpenImageDenoise: OIDN shutting down
[2023.04.23-08.20.17:133][905]LogModuleManager: Shutting down and abandoning module MotoSynthEditor (526)
[2023.04.23-08.20.17:133][905]LogModuleManager: Shutting down and abandoning module MotoSynth (524)
[2023.04.23-08.20.17:133][905]LogModuleManager: Shutting down and abandoning module MeshConversion (522)
[2023.04.23-08.20.17:133][905]LogModuleManager: Shutting down and abandoning module DynamicMesh (520)
[2023.04.23-08.20.17:133][905]LogModuleManager: Shutting down and abandoning module GeometryAlgorithms (518)
[2023.04.23-08.20.17:133][905]LogModuleManager: Shutting down and abandoning module GeometricObjects (516)
[2023.04.23-08.20.17:133][905]LogModuleManager: Shutting down and abandoning module GeometryCollectionTracks (514)
[2023.04.23-08.20.17:133][905]LogModuleManager: Shutting down and abandoning module GeometryCollectionSequencer (513)
[2023.04.23-08.20.17:133][905]LogModuleManager: Shutting down and abandoning module GeometryCollectionEditor (510)
[2023.04.23-08.20.17:133][905]LogModuleManager: Shutting down and abandoning module GeometryCacheTracks (508)
[2023.04.23-08.20.17:133][905]LogModuleManager: Shutting down and abandoning module GeometryCacheStreamer (506)
[2023.04.23-08.20.17:133][905]LogModuleManager: Shutting down and abandoning module GeometryCacheSequencer (504)
[2023.04.23-08.20.17:133][905]LogModuleManager: Shutting down and abandoning module ChaosSolverEditor (502)
[2023.04.23-08.20.17:134][905]LogModuleManager: Shutting down and abandoning module ChaosNiagara (500)
[2023.04.23-08.20.17:134][905]LogModuleManager: Shutting down and abandoning module FractureEditor (498)
[2023.04.23-08.20.17:134][905]LogModuleManager: Shutting down and abandoning module FieldSystemEngine (497)
[2023.04.23-08.20.17:134][905]LogModuleManager: Shutting down and abandoning module ChaosClothEditor (494)
[2023.04.23-08.20.17:134][905]LogModuleManager: Shutting down and abandoning module BackChannel (492)
[2023.04.23-08.20.17:134][905]LogModuleManager: Shutting down and abandoning module AutomationUtilsEditor (490)
[2023.04.23-08.20.17:134][905]LogModuleManager: Shutting down and abandoning module AutomationUtils (488)
[2023.04.23-08.20.17:134][905]LogModuleManager: Shutting down and abandoning module AlembicImporter (486)
[2023.04.23-08.20.17:134][905]LogModuleManager: Shutting down and abandoning module AlembicLibrary (485)
[2023.04.23-08.20.17:134][905]LogModuleManager: Shutting down and abandoning module GeometryCache (484)
[2023.04.23-08.20.17:134][905]LogModuleManager: Shutting down and abandoning module GeometryCacheEd (483)
[2023.04.23-08.20.17:134][905]LogModuleManager: Shutting down and abandoning module SpeedTreeImporter (478)
[2023.04.23-08.20.17:134][905]LogModuleManager: Shutting down and abandoning module PluginBrowser (476)
[2023.04.23-08.20.17:134][905]LogModuleManager: Shutting down and abandoning module MobileLauncherProfileWizard (474)
[2023.04.23-08.20.17:134][905]LogModuleManager: Shutting down and abandoning module MaterialAnalyzer (472)
[2023.04.23-08.20.17:134][905]LogModuleManager: Shutting down and abandoning module CurveEditorTools (470)
[2023.04.23-08.20.17:134][905]LogModuleManager: Shutting down and abandoning module CryptoKeysOpenSSL (468)
[2023.04.23-08.20.17:134][905]LogModuleManager: Shutting down and abandoning module CryptoKeys (466)
[2023.04.23-08.20.17:134][905]LogModuleManager: Shutting down and abandoning module VariantManagerContentEditor (464)
[2023.04.23-08.20.17:134][905]LogModuleManager: Shutting down and abandoning module DatasmithContentEditor (462)
[2023.04.23-08.20.17:134][905]LogModuleManager: Shutting down and abandoning module VisualStudioCodeSourceCodeAccess (460)
[2023.04.23-08.20.17:134][905]LogModuleManager: Shutting down and abandoning module VisualStudioSourceCodeAccess (458)
[2023.04.23-08.20.17:134][905]LogModuleManager: Shutting down and abandoning module UObjectPlugin (456)
[2023.04.23-08.20.17:134][905]LogModuleManager: Shutting down and abandoning module SubversionSourceControl (454)
[2023.04.23-08.20.17:134][905]LogModuleManager: Shutting down and abandoning module RiderSourceCodeAccess (452)
[2023.04.23-08.20.17:134][905]LogModuleManager: Shutting down and abandoning module PlasticSourceControl (450)
[2023.04.23-08.20.17:134][905]LogModuleManager: Shutting down and abandoning module PluginUtils (448)
[2023.04.23-08.20.17:134][905]LogModuleManager: Shutting down and abandoning module PerforceSourceControl (446)
[2023.04.23-08.20.17:134][905]LogModuleManager: Shutting down and abandoning module GitSourceControl (444)
[2023.04.23-08.20.17:134][905]LogModuleManager: Shutting down and abandoning module SourceControl (443)
[2023.04.23-08.20.17:134][905]LogModuleManager: Shutting down and abandoning module CLionSourceCodeAccess (440)
[2023.04.23-08.20.17:134][905]LogModuleManager: Shutting down and abandoning module AnimationSharingEd (438)
[2023.04.23-08.20.17:134][905]LogModuleManager: Shutting down and abandoning module GameplayCameras (436)
[2023.04.23-08.20.17:134][905]LogModuleManager: Shutting down and abandoning module OodleNetworkHandlerComponent (434)
[2023.04.23-08.20.17:134][905]LogModuleManager: Shutting down and abandoning module LightPropagationVolumeEditor (432)
[2023.04.23-08.20.17:134][905]LogModuleManager: Shutting down and abandoning module LiveLinkSequencer (430)
[2023.04.23-08.20.17:135][905]LogModuleManager: Shutting down and abandoning module LiveLinkMovieScene (428)
[2023.04.23-08.20.17:135][905]LogModuleManager: Shutting down and abandoning module LiveLinkGraphNode (426)
[2023.04.23-08.20.17:135][905]LogModuleManager: Shutting down and abandoning module LiveLinkEditor (424)
[2023.04.23-08.20.17:135][905]LogModuleManager: Shutting down and abandoning module LiveLinkComponents (422)
[2023.04.23-08.20.17:135][905]LogModuleManager: Shutting down and abandoning module LiveLink (420)
[2023.04.23-08.20.17:634][905]LogModuleManager: Shutting down and abandoning module PaperTiledImporter (418)
[2023.04.23-08.20.17:634][905]LogModuleManager: Shutting down and abandoning module PaperSpriteSheetImporter (416)
[2023.04.23-08.20.17:634][905]LogModuleManager: Shutting down and abandoning module Paper2DEditor (414)
[2023.04.23-08.20.17:635][905]LogModuleManager: Shutting down and abandoning module MeshPaintingToolset (412)
[2023.04.23-08.20.17:635][905]LogModuleManager: Shutting down and abandoning module MeshPaintEditorMode (410)
[2023.04.23-08.20.17:635][905]LogModuleManager: Shutting down and abandoning module SoundFields (408)
[2023.04.23-08.20.17:635][905]LogModuleManager: Shutting down and abandoning module SignificanceManager (406)
[2023.04.23-08.20.17:635][905]LogModuleManager: Shutting down and abandoning module RuntimePhysXCooking (404)
[2023.04.23-08.20.17:635][905]LogModuleManager: Shutting down and abandoning module PropertyAccessEditor (402)
[2023.04.23-08.20.17:635][905]LogModuleManager: Shutting down and abandoning module PhysXVehiclesEditor (400)
[2023.04.23-08.20.17:635][905]LogModuleManager: Shutting down and abandoning module LocationServicesBPLibrary (396)
[2023.04.23-08.20.17:635][905]LogModuleManager: Shutting down and abandoning module AudioSynesthesia (394)
[2023.04.23-08.20.17:635][905]LogModuleManager: Shutting down and abandoning module AudioSynesthesiaCore (392)
[2023.04.23-08.20.17:635][905]LogModuleManager: Shutting down and abandoning module UdpMessaging (390)
[2023.04.23-08.20.17:736][905]LogModuleManager: Shutting down and abandoning module ActorSequence (388)
[2023.04.23-08.20.17:736][905]LogModuleManager: Shutting down and abandoning module TcpMessaging (386)
[2023.04.23-08.20.17:837][905]LogModuleManager: Shutting down and abandoning module ImgMediaEngine (384)
[2023.04.23-08.20.17:837][905]LogModuleManager: Shutting down and abandoning module MagicLeapARPin (382)
[2023.04.23-08.20.17:837][905]LogModuleManager: Shutting down and abandoning module MagicLeapHandMeshing (380)
[2023.04.23-08.20.17:837][905]LogModuleManager: Shutting down and abandoning module MagicLeapSecureStorage (378)
[2023.04.23-08.20.17:837][905]LogModuleManager: Shutting down and abandoning module MagicLeapPrivileges (376)
[2023.04.23-08.20.17:837][905]LogModuleManager: Shutting down and abandoning module MagicLeapPlanes (374)
[2023.04.23-08.20.17:837][905]LogMagicLeapPlanes: Planes tracker already destroyed.
[2023.04.23-08.20.17:837][905]LogModuleManager: Shutting down and abandoning module MagicLeapImageTracker (372)
[2023.04.23-08.20.17:837][905]LogModuleManager: Shutting down and abandoning module MagicLeapIdentity (370)
[2023.04.23-08.20.17:837][905]LogModuleManager: Shutting down and abandoning module MagicLeapHandTracking (368)
[2023.04.23-08.20.17:837][905]LogModuleManager: Shutting down and abandoning module MagicLeapEyeTracker (366)
[2023.04.23-08.20.17:837][905]LogModuleManager: Shutting down and abandoning module MagicLeapController (364)
[2023.04.23-08.20.17:837][905]LogModuleManager: Shutting down and abandoning module MagicLeapARPinImpl (362)
[2023.04.23-08.20.17:837][905]LogModuleManager: Shutting down and abandoning module MagicLeapAR (360)
[2023.04.23-08.20.17:837][905]LogModuleManager: Shutting down and abandoning module NiagaraAnimNotifies (358)
[2023.04.23-08.20.17:837][905]LogModuleManager: Shutting down and abandoning module Niagara (356)
[2023.04.23-08.20.17:837][905]LogModuleManager: Shutting down and abandoning module SignalProcessing (355)
[2023.04.23-08.20.17:837][905]LogModuleManager: Shutting down and abandoning module NiagaraEditor (353)
[2023.04.23-08.20.17:837][905]LogModuleManager: Shutting down and abandoning module NiagaraCore (350)
[2023.04.23-08.20.17:837][905]LogModuleManager: Shutting down and abandoning module PythonScriptPlugin (348)
[2023.04.23-08.20.17:837][905]LogModuleManager: Shutting down and abandoning module GameplayTagsEditor (346)
[2023.04.23-08.20.17:837][905]LogModuleManager: Shutting down and abandoning module FacialAnimationEditor (344)
[2023.04.23-08.20.17:837][905]LogModuleManager: Shutting down and abandoning module FacialAnimation (342)
[2023.04.23-08.20.17:837][905]LogModuleManager: Shutting down and abandoning module DataValidation (340)
[2023.04.23-08.20.17:837][905]LogModuleManager: Shutting down and abandoning module AssetManagerEditor (338)
[2023.04.23-08.20.17:837][905]LogModuleManager: Shutting down and abandoning module LevelEditor (337)
[2023.04.23-08.20.17:838][905]LogModuleManager: Shutting down and abandoning module PixelInspectorModule (336)
[2023.04.23-08.20.17:838][905]LogModuleManager: Shutting down and abandoning module CommonMenuExtensions (334)
[2023.04.23-08.20.17:838][905]LogModuleManager: Shutting down and abandoning module MainFrame (332)
[2023.04.23-08.20.17:838][905]LogModuleManager: Shutting down and abandoning module HotReload (331)
[2023.04.23-08.20.17:839][905]LogModuleManager: Shutting down and abandoning module ToolMenus (327)
[2023.04.23-08.20.17:839][905]LogModuleManager: Shutting down and abandoning module ContentBrowser (325)
[2023.04.23-08.20.17:839][905]LogModuleManager: Shutting down and abandoning module ContentBrowserData (324)
[2023.04.23-08.20.17:839][905]LogModuleManager: Shutting down and abandoning module TreeMap (321)
[2023.04.23-08.20.17:839][905]LogModuleManager: Shutting down and abandoning module PropertyAccessNode (318)
[2023.04.23-08.20.17:839][905]LogModuleManager: Shutting down and abandoning module AnimationSharing (316)
[2023.04.23-08.20.17:839][905]LogModuleManager: Shutting down and abandoning module LightPropagationVolumeRuntime (314)
[2023.04.23-08.20.17:839][905]LogModuleManager: Shutting down and abandoning module EnvironmentQueryEditor (312)
[2023.04.23-08.20.17:839][905]LogModuleManager: Shutting down and abandoning module Paper2D (310)
[2023.04.23-08.20.17:839][905]LogModuleManager: Shutting down and abandoning module WindowsMoviePlayer (308)
[2023.04.23-08.20.17:840][905]LogModuleManager: Shutting down and abandoning module WebMMoviePlayer (306)
[2023.04.23-08.20.17:840][905]LogModuleManager: Shutting down and abandoning module NetworkReplayStreaming (304)
[2023.04.23-08.20.17:840][905]LogModuleManager: Shutting down and abandoning module PacketHandler (302)
[2023.04.23-08.20.17:840][905]LogModuleManager: Shutting down and abandoning module ClothingSystemEditor (300)
[2023.04.23-08.20.17:840][905]LogModuleManager: Shutting down and abandoning module ClothingSystemRuntimeNv (298)
[2023.04.23-08.20.17:840][905]LogModuleManager: Shutting down and abandoning module MediaAssets (296)
[2023.04.23-08.20.17:840][905]LogModuleManager: Shutting down and abandoning module Overlay (294)
[2023.04.23-08.20.17:840][905]LogModuleManager: Shutting down and abandoning module OverlayEditor (293)
[2023.04.23-08.20.17:840][905]LogModuleManager: Shutting down and abandoning module VREditor (290)
[2023.04.23-08.20.17:840][905]LogModuleManager: Shutting down and abandoning module StringTableEditor (288)
[2023.04.23-08.20.17:840][905]LogModuleManager: Shutting down and abandoning module GameplayTasksEditor (286)
[2023.04.23-08.20.17:840][905]LogModuleManager: Shutting down and abandoning module BehaviorTreeEditor (284)
[2023.04.23-08.20.17:840][905]LogModuleManager: Shutting down and abandoning module FunctionalTesting (282)
[2023.04.23-08.20.17:840][905]LogModuleManager: Shutting down and abandoning module CollisionAnalyzer (280)
[2023.04.23-08.20.17:840][905]LogModuleManager: Shutting down and abandoning module WorkspaceMenuStructure (279)
[2023.04.23-08.20.17:840][905]LogModuleManager: Shutting down and abandoning module UMG (276)
[2023.04.23-08.20.17:840][905]LogModuleManager: Shutting down and abandoning module UMGEditor (275)
[2023.04.23-08.20.17:840][905]LogModuleManager: Shutting down and abandoning module MessageLog (273)
[2023.04.23-08.20.17:840][905]LogModuleManager: Shutting down and abandoning module SlateReflector (268)
[2023.04.23-08.20.17:840][905]LogModuleManager: Shutting down and abandoning module Slate (266)
[2023.04.23-08.20.17:840][905]LogModuleManager: Shutting down and abandoning module SlateCore (264)
[2023.04.23-08.20.17:840][905]LogModuleManager: Shutting down and abandoning module LandscapeEditorUtilities (262)
[2023.04.23-08.20.17:840][905]LogModuleManager: Shutting down and abandoning module UnrealEd (260)
[2023.04.23-08.20.17:840][905]LogModuleManager: Shutting down and abandoning module MRMesh (258)
[2023.04.23-08.20.17:840][905]LogModuleManager: Shutting down and abandoning module SourceCodeAccess (256)
[2023.04.23-08.20.17:840][905]LogModuleManager: Shutting down and abandoning module HeadMountedDisplay (254)
[2023.04.23-08.20.17:840][905]LogModuleManager: Shutting down and abandoning module XAudio2 (252)
[2023.04.23-08.20.17:840][905]LogModuleManager: Shutting down and abandoning module Networking (250)
[2023.04.23-08.20.17:840][905]LogModuleManager: Shutting down and abandoning module Core (248)
[2023.04.23-08.20.17:840][905]LogModuleManager: Shutting down and abandoning module MaterialEditor (246)
[2023.04.23-08.20.17:840][905]LogModuleManager: Shutting down and abandoning module MovieSceneTools (244)
[2023.04.23-08.20.17:840][905]LogModuleManager: Shutting down and abandoning module CurveEditor (243)
[2023.04.23-08.20.17:840][905]LogModuleManager: Shutting down and abandoning module Sequencer (241)
[2023.04.23-08.20.17:840][905]LogModuleManager: Shutting down and abandoning module EditorStyle (240)
[2023.04.23-08.20.17:842][905]LogModuleManager: Shutting down and abandoning module KismetCompiler (236)
[2023.04.23-08.20.17:842][905]LogModuleManager: Shutting down and abandoning module MeshBuilder (234)
[2023.04.23-08.20.17:842][905]LogModuleManager: Shutting down and abandoning module MeshUtilities (232)
[2023.04.23-08.20.17:842][905]LogModuleManager: Shutting down and abandoning module MeshMergeUtilities (231)
[2023.04.23-08.20.17:842][905]LogModuleManager: Shutting down and abandoning module MeshReductionInterface (230)
[2023.04.23-08.20.17:842][905]LogModuleManager: Shutting down and abandoning module MeshBoneReduction (229)
[2023.04.23-08.20.17:842][905]LogModuleManager: Shutting down and abandoning module SkeletalMeshReduction (227)
[2023.04.23-08.20.17:842][905]LogModuleManager: Shutting down and abandoning module ProxyLODMeshReduction (225)
[2023.04.23-08.20.17:842][905]LogModuleManager: Shutting down and abandoning module QuadricMeshReduction (223)
[2023.04.23-08.20.17:842][905]LogModuleManager: Shutting down and abandoning module MaterialBaking (219)
[2023.04.23-08.20.17:842][905]LogModuleManager: Shutting down and abandoning module NullInstallBundleManager (214)
[2023.04.23-08.20.17:842][905]LogModuleManager: Shutting down and abandoning module DerivedDataCache (212)
[2023.04.23-08.20.17:842][905]LogModuleManager: Shutting down and abandoning module TargetPlatform (210)
[2023.04.23-08.20.17:842][905]LogModuleManager: Shutting down and abandoning module VulkanShaderFormat (209)
[2023.04.23-08.20.17:842][905]LogModuleManager: Shutting down and abandoning module ShaderFormatVectorVM (207)
[2023.04.23-08.20.17:842][905]LogModuleManager: Shutting down and abandoning module ShaderFormatOpenGL (205)
[2023.04.23-08.20.17:842][905]LogModuleManager: Shutting down and abandoning module ShaderFormatD3D (203)
[2023.04.23-08.20.17:842][905]LogModuleManager: Shutting down and abandoning module MetalShaderFormat (201)
[2023.04.23-08.20.17:842][905]LogModuleManager: Shutting down and abandoning module TextureFormatOodle (199)
[2023.04.23-08.20.17:842][905]LogModuleManager: Shutting down and abandoning module TextureFormatUncompressed (197)
[2023.04.23-08.20.17:842][905]LogModuleManager: Shutting down and abandoning module TextureFormatPVR (195)
[2023.04.23-08.20.17:842][905]LogModuleManager: Shutting down and abandoning module TextureFormatETC2 (193)
[2023.04.23-08.20.17:842][905]LogModuleManager: Shutting down and abandoning module TextureFormatDXT (191)
[2023.04.23-08.20.17:842][905]LogModuleManager: Shutting down and abandoning module TextureFormatIntelISPCTexComp (189)
[2023.04.23-08.20.17:842][905]LogModuleManager: Shutting down and abandoning module TextureFormatASTC (187)
[2023.04.23-08.20.17:842][905]LogModuleManager: Shutting down and abandoning module ImageWrapper (186)
[2023.04.23-08.20.17:842][905]LogModuleManager: Shutting down and abandoning module AudioFormatOpus (183)
[2023.04.23-08.20.17:842][905]LogModuleManager: Shutting down and abandoning module AudioFormatOgg (181)
[2023.04.23-08.20.17:842][905]LogModuleManager: Shutting down and abandoning module AudioFormatADPCM (179)
[2023.04.23-08.20.17:842][905]LogModuleManager: Shutting down and abandoning module WindowsServerTargetPlatform (177)
[2023.04.23-08.20.17:842][905]LogModuleManager: Shutting down and abandoning module WindowsClientTargetPlatform (175)
[2023.04.23-08.20.17:842][905]LogModuleManager: Shutting down and abandoning module WindowsTargetPlatform (173)
[2023.04.23-08.20.17:842][905]LogModuleManager: Shutting down and abandoning module WindowsNoEditorTargetPlatform (171)
[2023.04.23-08.20.17:842][905]LogModuleManager: Shutting down and abandoning module TVOSTargetPlatform (169)
[2023.04.23-08.20.17:844][905]LogModuleManager: Shutting down and abandoning module MacServerTargetPlatform (167)
[2023.04.23-08.20.17:844][905]LogModuleManager: Shutting down and abandoning module MacClientTargetPlatform (165)
[2023.04.23-08.20.17:844][905]LogModuleManager: Shutting down and abandoning module MacTargetPlatform (163)
[2023.04.23-08.20.17:844][905]LogModuleManager: Shutting down and abandoning module MacNoEditorTargetPlatform (161)
[2023.04.23-08.20.17:844][905]LogModuleManager: Shutting down and abandoning module LuminTargetPlatform (159)
[2023.04.23-08.20.17:844][905]LogModuleManager: Shutting down and abandoning module LinuxAArch64ServerTargetPlatform (157)
[2023.04.23-08.20.17:844][905]LogModuleManager: Shutting down and abandoning module LinuxAArch64ClientTargetPlatform (155)
[2023.04.23-08.20.17:844][905]LogModuleManager: Shutting down and abandoning module LinuxAArch64NoEditorTargetPlatform (153)
[2023.04.23-08.20.17:844][905]LogModuleManager: Shutting down and abandoning module LinuxServerTargetPlatform (151)
[2023.04.23-08.20.17:844][905]LogModuleManager: Shutting down and abandoning module LinuxClientTargetPlatform (149)
[2023.04.23-08.20.17:844][905]LogModuleManager: Shutting down and abandoning module LinuxNoEditorTargetPlatform (147)
[2023.04.23-08.20.17:844][905]LogModuleManager: Shutting down and abandoning module LinuxTargetPlatform (145)
[2023.04.23-08.20.17:844][905]LogModuleManager: Shutting down and abandoning module Messaging (143)
[2023.04.23-08.20.17:844][905]LogModuleManager: Shutting down and abandoning module IOSTargetPlatform (141)
[2023.04.23-08.20.17:844][905]LogModuleManager: Shutting down and abandoning module AndroidTargetPlatform (139)
[2023.04.23-08.20.17:848][905]LogModuleManager: Shutting down and abandoning module AllDesktopTargetPlatform (137)
[2023.04.23-08.20.17:848][905]LogModuleManager: Shutting down and abandoning module D3D11RHI (134)
[2023.04.23-08.20.17:848][905]LogModuleManager: Shutting down and abandoning module InputCore (132)
[2023.04.23-08.20.17:848][905]LogModuleManager: Shutting down and abandoning module Settings (130)
[2023.04.23-08.20.17:848][905]LogModuleManager: Shutting down and abandoning module DirectoryWatcher (128)
[2023.04.23-08.20.17:848][905]LogModuleManager: Shutting down and abandoning module PhysXCooking (126)
[2023.04.23-08.20.17:848][905]LogModuleManager: Shutting down and abandoning module Chaos (124)
[2023.04.23-08.20.17:848][905]LogModuleManager: Shutting down and abandoning module WindowsPlatformFeatures (122)
[2023.04.23-08.20.17:848][905]LogModuleManager: Shutting down and abandoning module GameplayMediaEncoder (121)
[2023.04.23-08.20.17:849][905]LogModuleManager: Shutting down and abandoning module AVEncoder (120)
[2023.04.23-08.20.17:849][905]LogModuleManager: Shutting down and abandoning module SteamVRInputDevice (116)
[2023.04.23-08.20.17:849][905]LogModuleManager: Shutting down and abandoning module SteamVRInput (114)
[2023.04.23-08.20.17:849][905]LogModuleManager: Shutting down and abandoning module SteamVR (112)
[2023.04.23-08.20.17:849][905]LogHMD: Freeing OpenVRDLLHandle.
[2023.04.23-08.20.17:849][905]LogModuleManager: Shutting down and abandoning module OculusHMD (110)
[2023.04.23-08.20.17:849][905]LogModuleManager: Shutting down and abandoning module OpenXRHandTracking (108)
[2023.04.23-08.20.17:849][905]LogSlate: Slate User Destroyed.  User Index 0, Is Virtual User: 0
[2023.04.23-08.20.17:849][905]LogModuleManager: Shutting down and abandoning module OpenXRAR (106)
[2023.04.23-08.20.17:849][905]LogModuleManager: Shutting down and abandoning module AugmentedReality (105)
[2023.04.23-08.20.17:849][905]LogModuleManager: Shutting down and abandoning module OpenXRHMD (102)
[2023.04.23-08.20.17:849][905]LogModuleManager: Shutting down and abandoning module OpenXREyeTracker (100)
[2023.04.23-08.20.17:849][905]LogModuleManager: Shutting down and abandoning module ExampleDeviceProfileSelector (98)
[2023.04.23-08.20.17:849][905]LogModuleManager: Shutting down and abandoning module ChunkDownloader (96)
[2023.04.23-08.20.17:849][905]LogModuleManager: Shutting down and abandoning module LauncherChunkInstaller (94)
[2023.04.23-08.20.17:849][905]LogModuleManager: Shutting down and abandoning module OnlineBlueprintSupport (92)
[2023.04.23-08.20.17:849][905]LogModuleManager: Shutting down and abandoning module OnlineSubsystem (88)
[2023.04.23-08.20.17:850][905]LogModuleManager: Shutting down and abandoning module XMPP (83)
[2023.04.23-08.20.17:850][905]LogModuleManager: Shutting down and abandoning module WebSockets (82)
[2023.04.23-08.20.17:859][905]LogModuleManager: Shutting down and abandoning module HTTP (79)
[2023.04.23-08.20.17:859][905]LogHttp: Display: Http module shutting down, but needs to wait on 1 outstanding Http requests:
[2023.04.23-08.20.17:859][905]LogHttp: Display: 	verb=[POST] url=[https://datarouter.ol.epicgames.com/datarouter/api/v1/public/data?SessionID=%7B8252E98F-4280-0896-6B5A-D7A61110AEFE%7D&AppID=UEEditor.Rocket.Release&AppVersion=4.27.0-17155196%2B%2B%2BUE4%2BRelease-4.27&UserID=6c323a574de77068069fd1a69ce5459b%7Ce0d89e8bb4f042d48aa65e438af618d2%7C27c992d2-39c7-4861-bb46-ff907c92b92a&AppEnvironment=datacollector-binary&UploadType=eteventstream] refs=[1] status=Processing
[2023.04.23-08.20.17:859][905]LogHttp: Display: cleaning up 1 outstanding Http requests.
[2023.04.23-08.20.17:866][905]LogModuleManager: Shutting down and abandoning module SSL (78)
[2023.04.23-08.20.17:867][905]LogModuleManager: Shutting down and abandoning module WmfMedia (74)
[2023.04.23-08.20.17:869][905]LogModuleManager: Shutting down and abandoning module Media (73)
[2023.04.23-08.20.17:870][905]LogModuleManager: Shutting down and abandoning module MediaInfo (72)
[2023.04.23-08.20.17:870][905]LogModuleManager: Shutting down and abandoning module ExrReaderGpu (68)
[2023.04.23-08.20.17:870][905]LogModuleManager: Shutting down and abandoning module MLSDK (66)
[2023.04.23-08.20.17:870][905]LogModuleManager: Shutting down and abandoning module MagicLeap (64)
[2023.04.23-08.20.17:870][905]LogModuleManager: Shutting down and abandoning module NiagaraVertexFactories (62)
[2023.04.23-08.20.17:870][905]LogModuleManager: Shutting down and abandoning module NiagaraShader (60)
[2023.04.23-08.20.17:870][905]LogModuleManager: Shutting down and abandoning module ChaosCloth (58)
[2023.04.23-08.20.17:870][905]LogModuleManager: Shutting down and abandoning module VariantManagerContent (56)
[2023.04.23-08.20.17:870][905]LogModuleManager: Shutting down and abandoning module DatasmithContent (54)
[2023.04.23-08.20.17:870][905]LogModuleManager: Shutting down and abandoning module PixWinPlugin (52)
[2023.04.23-08.20.17:870][905]LogModuleManager: Shutting down and abandoning module AISupportModule (50)
[2023.04.23-08.20.17:870][905]LogModuleManager: Shutting down and abandoning module DesktopPlatform (48)
[2023.04.23-08.20.17:870][905]LogModuleManager: Shutting down and abandoning module PythonScriptPluginPreload (46)
[2023.04.23-08.20.17:870][905]LogModuleManager: Shutting down and abandoning module PlatformCryptoOpenSSL (44)
[2023.04.23-08.20.17:870][905]LogModuleManager: Shutting down and abandoning module PlatformCryptoTypes (42)
[2023.04.23-08.20.17:870][905]LogModuleManager: Shutting down and abandoning module PlatformCrypto (40)
[2023.04.23-08.20.17:870][905]LogModuleManager: Shutting down and abandoning module OodleDataCompressionFormat (38)
[2023.04.23-08.20.17:870][905]LogModuleManager: Shutting down and abandoning module XGEController (36)
[2023.04.23-08.20.17:870][905]LogXGEController: Cleaning working directory: C:/Users/Asus/AppData/Local/Temp/UnrealXGEWorkingDir/
[2023.04.23-08.20.17:870][905]LogModuleManager: Shutting down and abandoning module AnimationModifiers (34)
[2023.04.23-08.20.17:870][905]LogModuleManager: Shutting down and abandoning module AudioEditor (32)
[2023.04.23-08.20.17:871][905]LogModuleManager: Shutting down and abandoning module PropertyEditor (31)
[2023.04.23-08.20.17:871][905]LogModuleManager: Shutting down and abandoning module TextureCompressor (28)
[2023.04.23-08.20.17:871][905]LogModuleManager: Shutting down and abandoning module RenderCore (26)
[2023.04.23-08.20.17:871][905]LogModuleManager: Shutting down and abandoning module Landscape (24)
[2023.04.23-08.20.17:871][905]LogModuleManager: Shutting down and abandoning module SlateRHIRenderer (22)
[2023.04.23-08.20.17:872][905]LogModuleManager: Shutting down and abandoning module AnimGraphRuntime (20)
[2023.04.23-08.20.17:872][905]LogModuleManager: Shutting down and abandoning module Renderer (18)
[2023.04.23-08.20.17:872][905]LogModuleManager: Shutting down and abandoning module Engine (16)
[2023.04.23-08.20.17:872][905]LogModuleManager: Shutting down and abandoning module CoreUObject (14)
[2023.04.23-08.20.17:872][905]LogModuleManager: Shutting down and abandoning module NetworkFile (12)
[2023.04.23-08.20.17:872][905]LogModuleManager: Shutting down and abandoning module CookedIterativeFile (10)
[2023.04.23-08.20.17:872][905]LogModuleManager: Shutting down and abandoning module StreamingFile (8)
[2023.04.23-08.20.17:872][905]LogModuleManager: Shutting down and abandoning module SandboxFile (6)
[2023.04.23-08.20.17:872][905]LogModuleManager: Shutting down and abandoning module PakFile (4)
[2023.04.23-08.20.17:872][905]LogModuleManager: Shutting down and abandoning module RSA (3)
[2023.04.23-08.20.17:872][905]LogContentStreaming: Display: There are 1 unreleased StreamingManagers
[2023.04.23-08.20.17:887][905]LogD3D11RHI: Shutdown
[2023.04.23-08.20.17:887][905]LogD3D11RHI: CleanupD3DDevice
[2023.04.23-08.20.17:903][905]LogExit: Exiting.
[2023.04.23-08.20.17:915][905]Log file closed, 04/23/23 11:50:17
