Log file open, 05/06/23 18:11:13
LogWindows: Failed to load 'aqProf.dll' (GetLastError=126)
LogWindows: File 'aqProf.dll' does not exist
LogWindows: Failed to load 'VtuneApi.dll' (GetLastError=126)
LogWindows: File 'VtuneApi.dll' does not exist
LogWindows: Failed to load 'VtuneApi32e.dll' (GetLastError=126)
LogWindows: File 'VtuneApi32e.dll' does not exist
LogConsoleResponse: Display: Failed to find resolution value strings in scalability ini. Falling back to default.
LogConsoleResponse: Display: Failed to find resolution value strings in scalability ini. Falling back to default.
LogInit: Display: Running engine for game: SpeedLimit_UniAzad
LogPlatformFile: Not using cached read wrapper
LogTaskGraph: Started task graph with 5 named threads and 23 total threads with 3 sets of task threads.
LogStats: Stats thread started at 0.386014
LogICUInternationalization: ICU TimeZone Detection - Raw Offset: +3:30, Platform Override: ''
LogInit: Display: Loading text-based GConfig....
LogPluginManager: Mounting plugin MeshPainting
LogPluginManager: Mounting plugin XGEController
LogPluginManager: Mounting plugin LiveLink
LogPluginManager: Mounting plugin LightPropagationVolume
LogPluginManager: Mounting plugin AISupport
LogPluginManager: Mounting plugin Paper2D
LogPluginManager: Mounting plugin EnvironmentQueryEditor
LogPluginManager: Mounting plugin OodleData
LogPluginManager: Mounting plugin OodleNetwork
LogPluginManager: Mounting plugin CryptoKeys
LogPluginManager: Mounting plugin CurveEditorTools
LogPluginManager: Mounting plugin AssetManagerEditor
LogPluginManager: Mounting plugin DataValidation
LogPluginManager: Mounting plugin FacialAnimation
LogPluginManager: Mounting plugin GeometryMode
LogPluginManager: Mounting plugin MacGraphicsSwitching
LogPluginManager: Mounting plugin MaterialAnalyzer
LogPluginManager: Mounting plugin GameplayTagsEditor
LogPluginManager: Mounting plugin MobileLauncherProfileWizard
LogPluginManager: Mounting plugin SpeedTreeImporter
LogPluginManager: Mounting plugin PluginBrowser
LogPluginManager: Mounting plugin CLionSourceCodeAccess
LogPluginManager: Mounting plugin CodeLiteSourceCodeAccess
LogPluginManager: Mounting plugin AnimationSharing
LogPluginManager: Mounting plugin NullSourceCodeAccess
LogPluginManager: Mounting plugin PixWinPlugin
LogPluginManager: Mounting plugin KDevelopSourceCodeAccess
LogPluginManager: Mounting plugin PerforceSourceControl
LogPluginManager: Mounting plugin GitSourceControl
LogPluginManager: Mounting plugin PlasticSourceControl
LogPluginManager: Mounting plugin RiderSourceCodeAccess
LogPluginManager: Mounting plugin PluginUtils
LogPluginManager: Mounting plugin PropertyAccessNode
LogPluginManager: Mounting plugin SubversionSourceControl
LogPluginManager: Mounting plugin TextureFormatOodle
LogPluginManager: Mounting plugin UObjectPlugin
LogPluginManager: Mounting plugin VisualStudioCodeSourceCodeAccess
LogPluginManager: Mounting plugin VisualStudioSourceCodeAccess
LogPluginManager: Mounting plugin Niagara
LogPluginManager: Mounting plugin XCodeSourceCodeAccess
LogPluginManager: Mounting plugin DatasmithContent
LogPluginManager: Mounting plugin VariantManagerContent
LogPluginManager: Mounting plugin AlembicImporter
LogPluginManager: Mounting plugin BackChannel
LogPluginManager: Mounting plugin AutomationUtils
LogPluginManager: Mounting plugin ChaosCloth
LogPluginManager: Mounting plugin ChaosClothEditor
LogPluginManager: Mounting plugin ChaosEditor
LogPluginManager: Mounting plugin CharacterAI
LogPluginManager: Mounting plugin ChaosSolverPlugin
LogPluginManager: Mounting plugin ChaosNiagara
LogPluginManager: Mounting plugin GeometryCache
LogPluginManager: Mounting plugin GeometryProcessing
LogPluginManager: Mounting plugin GeometryCollectionPlugin
LogPluginManager: Mounting plugin OpenImageDenoise
LogPluginManager: Mounting plugin MotoSynth
LogPluginManager: Mounting plugin PlatformCrypto
LogPluginManager: Mounting plugin PlanarCut
LogPluginManager: Mounting plugin ProxyLODPlugin
LogPluginManager: Mounting plugin PythonScriptPlugin
LogPluginManager: Mounting plugin SkeletalReduction
LogPluginManager: Mounting plugin AndroidMedia
LogPluginManager: Mounting plugin AvfMedia
LogPluginManager: Mounting plugin ImgMedia
LogPluginManager: Mounting plugin MediaCompositing
LogPluginManager: Mounting plugin WebMMedia
LogPluginManager: Mounting plugin MediaPlayerEditor
LogPluginManager: Mounting plugin TcpMessaging
LogPluginManager: Mounting plugin WmfMedia
LogPluginManager: Mounting plugin MagicLeap
LogPluginManager: Mounting plugin LuminPlatformFeatures
LogPluginManager: Mounting plugin UdpMessaging
LogPluginManager: Mounting plugin MagicLeapMedia
LogPluginManager: Mounting plugin MagicLeapLightEstimation
LogPluginManager: Mounting plugin ActorSequence
LogPluginManager: Mounting plugin MagicLeapPassableWorld
LogPluginManager: Mounting plugin MLSDK
LogPluginManager: Mounting plugin LevelSequenceEditor
LogPluginManager: Mounting plugin OnlineSubsystem
LogPluginManager: Mounting plugin MatineeToLevelSequence
LogPluginManager: Mounting plugin OnlineSubsystemNull
LogPluginManager: Mounting plugin OnlineSubsystemUtils
LogPluginManager: Mounting plugin LauncherChunkInstaller
LogPluginManager: Mounting plugin TemplateSequence
LogPluginManager: Mounting plugin ScreenshotTools
LogPluginManager: Mounting plugin Takes
LogPluginManager: Mounting plugin ActorLayerUtilities
LogPluginManager: Mounting plugin AndroidMoviePlayer
LogPluginManager: Mounting plugin AndroidPermission
LogPluginManager: Mounting plugin AndroidDeviceProfileSelector
LogPluginManager: Mounting plugin AppleImageUtils
LogPluginManager: Mounting plugin ArchVisCharacter
LogPluginManager: Mounting plugin AppleMoviePlayer
LogPluginManager: Mounting plugin CableComponent
LogPluginManager: Mounting plugin CustomMeshComponent
LogPluginManager: Mounting plugin AssetTags
LogPluginManager: Mounting plugin AudioSynesthesia
LogPluginManager: Mounting plugin EditableMesh
LogPluginManager: Mounting plugin AudioCapture
LogPluginManager: Mounting plugin ExampleDeviceProfileSelector
LogPluginManager: Mounting plugin ChunkDownloader
LogPluginManager: Mounting plugin GoogleCloudMessaging
LogPluginManager: Mounting plugin GooglePAD
LogPluginManager: Mounting plugin IOSDeviceProfileSelector
LogPluginManager: Mounting plugin LinuxDeviceProfileSelector
LogPluginManager: Mounting plugin LocationServicesBPLibrary
LogPluginManager: Mounting plugin MobilePatchingUtils
LogPluginManager: Mounting plugin OpenXR
LogPluginManager: Mounting plugin OpenXREyeTracker
LogPluginManager: Mounting plugin OpenXRHandTracking
LogPluginManager: Mounting plugin PostSplashScreen
LogPluginManager: Mounting plugin PhysXVehicles
LogPluginManager: Mounting plugin ProceduralMeshComponent
LogPluginManager: Mounting plugin PropertyAccessEditor
LogPluginManager: Mounting plugin RuntimePhysXCooking
LogPluginManager: Mounting plugin SignificanceManager
LogPluginManager: Mounting plugin SoundFields
LogPluginManager: Mounting plugin Synthesis
LogPluginManager: Mounting plugin WebMMoviePlayer
LogPluginManager: Mounting plugin GameplayCameras
LogPluginManager: Mounting plugin WindowsMoviePlayer
LogPluginManager: Mounting plugin CameraShakePreviewer
LogPluginManager: Mounting plugin ContentBrowserAssetDataSource
LogPluginManager: Mounting plugin ContentBrowserClassDataSource
LogPluginManager: Mounting plugin ContentBrowserFileDataSource
LogPluginManager: Mounting plugin OnlineSubsystemGooglePlay
LogPluginManager: Mounting plugin OnlineSubsystemIOS
LogPluginManager: Mounting plugin OculusVR
LogPluginManager: Mounting plugin SteamVR
PixWinPlugin: PIX capture plugin failed to initialize! Check that the process is launched from PIX.
LogInit: Using libcurl 7.55.1-DEV
LogInit:  - built for x86_64-pc-win32
LogInit:  - supports SSL with OpenSSL/1.1.1
LogInit:  - supports HTTP deflate (compression) using libz 1.2.8
LogInit:  - other features:
LogInit:      CURL_VERSION_SSL
LogInit:      CURL_VERSION_LIBZ
LogInit:      CURL_VERSION_IPV6
LogInit:      CURL_VERSION_ASYNCHDNS
LogInit:      CURL_VERSION_LARGEFILE
LogInit:      CURL_VERSION_IDN
LogInit:  CurlRequestOptions (configurable via config and command line):
LogInit:  - bVerifyPeer = true  - Libcurl will verify peer certificate
LogInit:  - bUseHttpProxy = false  - Libcurl will NOT use HTTP proxy
LogInit:  - bDontReuseConnections = false  - Libcurl will reuse connections
LogInit:  - MaxHostConnections = 16  - Libcurl will limit the number of connections to a host
LogInit:  - LocalHostAddr = Default
LogInit:  - BufferSize = 65536
LogOnline: OSS: Creating online subsystem instance for: NULL
LogInit: WinSock: version 1.1 (2.2), MaxSocks=32767, MaxUdp=65467
LogOnline: OSS: TryLoadSubsystemAndSetDefault: Loaded subsystem for module [NULL]
LogOculusPluginWrapper: OculusPlugin initialized successfully
LogHMD: Failed initializing OVRPlugin 1.59.0
LogInit: Build: ++UE4+Release-4.27-CL-17155196
LogInit: Engine Version: 4.27.0-17155196+++UE4+Release-4.27
LogInit: Compatible Engine Version: 4.27.0-17155196+++UE4+Release-4.27
LogInit: Net CL: 17155196
LogInit: OS: Windows 10 (Release 2009) (), CPU: 11th Gen Intel(R) Core(TM) i7-1195G7 @ 2.90GHz, GPU: Intel(R) Iris(R) Xe Graphics
LogInit: Compiled (64-bit): Aug 13 2021 06:13:13
LogInit: Compiled with Visual C++: 19.24.28315.00
LogInit: Build Configuration: Development
LogInit: Branch Name: ++UE4+Release-4.27
LogInit: Command Line: 
LogInit: Base Directory: E:/Downloads/unreal_engine_v4.27_compiled/Unreal Engine v4.27 Compiled/Engine/Binaries/Win64/
LogInit: Allocator: TBB
LogInit: Installed Engine Build: 1
LogDevObjectVersion: Number of dev versions registered: 29
LogDevObjectVersion:   Dev-Blueprints (B0D832E4-1F89-4F0D-ACCF-7EB736FD4AA2): 10
LogDevObjectVersion:   Dev-Build (E1C64328-A22C-4D53-A36C-8E866417BD8C): 0
LogDevObjectVersion:   Dev-Core (375EC13C-06E4-48FB-B500-84F0262A717E): 4
LogDevObjectVersion:   Dev-Editor (E4B068ED-F494-42E9-A231-DA0B2E46BB41): 40
LogDevObjectVersion:   Dev-Framework (CFFC743F-43B0-4480-9391-14DF171D2073): 37
LogDevObjectVersion:   Dev-Mobile (B02B49B5-BB20-44E9-A304-32B752E40360): 3
LogDevObjectVersion:   Dev-Networking (A4E4105C-59A1-49B5-A7C5-40C4547EDFEE): 0
LogDevObjectVersion:   Dev-Online (39C831C9-5AE6-47DC-9A44-9C173E1C8E7C): 0
LogDevObjectVersion:   Dev-Physics (78F01B33-EBEA-4F98-B9B4-84EACCB95AA2): 14
LogDevObjectVersion:   Dev-Platform (6631380F-2D4D-43E0-8009-CF276956A95A): 0
LogDevObjectVersion:   Dev-Rendering (12F88B9F-8875-4AFC-A67C-D90C383ABD29): 45
LogDevObjectVersion:   Dev-Sequencer (7B5AE74C-D270-4C10-A958-57980B212A5A): 13
LogDevObjectVersion:   Dev-VR (D7296918-1DD6-4BDD-9DE2-64A83CC13884): 3
LogDevObjectVersion:   Dev-LoadTimes (C2A15278-BFE7-4AFE-6C17-90FF531DF755): 1
LogDevObjectVersion:   Private-Geometry (6EACA3D4-40EC-4CC1-B786-8BED09428FC5): 3
LogDevObjectVersion:   Dev-AnimPhys (29E575DD-E0A3-4627-9D10-D276232CDCEA): 17
LogDevObjectVersion:   Dev-Anim (AF43A65D-7FD3-4947-9873-3E8ED9C1BB05): 15
LogDevObjectVersion:   Dev-ReflectionCapture (6B266CEC-1EC7-4B8F-A30B-E4D90942FC07): 1
LogDevObjectVersion:   Dev-Automation (0DF73D61-A23F-47EA-B727-89E90C41499A): 1
LogDevObjectVersion:   FortniteMain (601D1886-AC64-4F84-AA16-D3DE0DEAC7D6): 47
LogDevObjectVersion:   FortniteRelease (E7086368-6B23-4C58-8439-1B7016265E91): 1
LogDevObjectVersion:   Dev-Enterprise (9DFFBCD6-494F-0158-E221-12823C92A888): 10
LogDevObjectVersion:   Dev-Niagara (F2AED0AC-9AFE-416F-8664-AA7FFA26D6FC): 1
LogDevObjectVersion:   Dev-Destruction (174F1F0B-B4C6-45A5-B13F-2EE8D0FB917D): 10
LogDevObjectVersion:   Dev-Physics-Ext (35F94A83-E258-406C-A318-09F59610247C): 41
LogDevObjectVersion:   Dev-PhysicsMaterial-Chaos (B68FC16E-8B1B-42E2-B453-215C058844FE): 1
LogDevObjectVersion:   Dev-CineCamera (B2E18506-4273-CFC2-A54E-F4BB758BBA07): 1
LogDevObjectVersion:   Dev-VirtualProduction (64F58936-FD1B-42BA-BA96-7289D5D0FA4E): 1
LogDevObjectVersion:   Dev-MediaFramework (6F0ED827-A609-4895-9C91-998D90180EA4): 2
LogInit: Presizing for max 25165824 objects, including 0 objects not considered by GC, pre-allocating 0 bytes for permanent pool.
LogConfig: Applying CVar settings from Section [/Script/Engine.StreamingSettings] File [E:/Asus/Documents/GitHub/TheTroubleMakers/Unreal Engine Project/SpeedLimit_UniAzad/Saved/Config/Windows/Engine.ini]
LogConfig: Setting CVar [[s.MinBulkDataSizeForAsyncLoading:131072]]
LogConfig: Setting CVar [[s.AsyncLoadingThreadEnabled:0]]
LogConfig: Setting CVar [[s.EventDrivenLoaderEnabled:1]]
LogConfig: Setting CVar [[s.WarnIfTimeLimitExceeded:0]]
LogConfig: Setting CVar [[s.TimeLimitExceededMultiplier:1.5]]
LogConfig: Setting CVar [[s.TimeLimitExceededMinTime:0.005]]
LogConfig: Setting CVar [[s.UseBackgroundLevelStreaming:1]]
LogConfig: Setting CVar [[s.PriorityAsyncLoadingExtraTime:15.0]]
LogConfig: Setting CVar [[s.LevelStreamingActorsUpdateTimeLimit:5.0]]
LogConfig: Setting CVar [[s.PriorityLevelStreamingActorsUpdateExtraTime:5.0]]
LogConfig: Setting CVar [[s.LevelStreamingComponentsRegistrationGranularity:10]]
LogConfig: Setting CVar [[s.UnregisterComponentsTimeLimit:1.0]]
LogConfig: Setting CVar [[s.LevelStreamingComponentsUnregistrationGranularity:5]]
LogConfig: Setting CVar [[s.FlushStreamingOnExit:1]]
LogInit: Object subsystem initialized
LogConfig: Setting CVar [[con.DebugEarlyDefault:1]]
LogConfig: Setting CVar [[r.setres:1280x720]]
[2023.05.06-14.41.15:759][  0]LogConfig: Setting CVar [[r.VSync:0]]
[2023.05.06-14.41.15:759][  0]LogConfig: Setting CVar [[r.RHICmdBypass:0]]
[2023.05.06-14.41.15:759][  0]LogConfig: Applying CVar settings from Section [/Script/Engine.RendererSettings] File [E:/Asus/Documents/GitHub/TheTroubleMakers/Unreal Engine Project/SpeedLimit_UniAzad/Saved/Config/Windows/Engine.ini]
[2023.05.06-14.41.15:759][  0]LogConfig: Setting CVar [[r.GPUCrashDebugging:0]]
[2023.05.06-14.41.15:759][  0]LogConfig: Applying CVar settings from Section [/Script/Engine.RendererOverrideSettings] File [E:/Asus/Documents/GitHub/TheTroubleMakers/Unreal Engine Project/SpeedLimit_UniAzad/Saved/Config/Windows/Engine.ini]
[2023.05.06-14.41.15:759][  0]LogConfig: Applying CVar settings from Section [/Script/Engine.StreamingSettings] File [E:/Asus/Documents/GitHub/TheTroubleMakers/Unreal Engine Project/SpeedLimit_UniAzad/Saved/Config/Windows/Engine.ini]
[2023.05.06-14.41.15:759][  0]LogConfig: Setting CVar [[s.MinBulkDataSizeForAsyncLoading:131072]]
[2023.05.06-14.41.15:759][  0]LogConfig: Setting CVar [[s.AsyncLoadingThreadEnabled:0]]
[2023.05.06-14.41.15:759][  0]LogConfig: Setting CVar [[s.EventDrivenLoaderEnabled:1]]
[2023.05.06-14.41.15:759][  0]LogConfig: Setting CVar [[s.WarnIfTimeLimitExceeded:0]]
[2023.05.06-14.41.15:759][  0]LogConfig: Setting CVar [[s.TimeLimitExceededMultiplier:1.5]]
[2023.05.06-14.41.15:759][  0]LogConfig: Setting CVar [[s.TimeLimitExceededMinTime:0.005]]
[2023.05.06-14.41.15:759][  0]LogConfig: Setting CVar [[s.UseBackgroundLevelStreaming:1]]
[2023.05.06-14.41.15:759][  0]LogConfig: Setting CVar [[s.PriorityAsyncLoadingExtraTime:15.0]]
[2023.05.06-14.41.15:759][  0]LogConfig: Setting CVar [[s.LevelStreamingActorsUpdateTimeLimit:5.0]]
[2023.05.06-14.41.15:759][  0]LogConfig: Setting CVar [[s.PriorityLevelStreamingActorsUpdateExtraTime:5.0]]
[2023.05.06-14.41.15:759][  0]LogConfig: Setting CVar [[s.LevelStreamingComponentsRegistrationGranularity:10]]
[2023.05.06-14.41.15:759][  0]LogConfig: Setting CVar [[s.UnregisterComponentsTimeLimit:1.0]]
[2023.05.06-14.41.15:759][  0]LogConfig: Setting CVar [[s.LevelStreamingComponentsUnregistrationGranularity:5]]
[2023.05.06-14.41.15:759][  0]LogConfig: Setting CVar [[s.FlushStreamingOnExit:1]]
[2023.05.06-14.41.15:759][  0]LogConfig: Applying CVar settings from Section [/Script/Engine.GarbageCollectionSettings] File [E:/Asus/Documents/GitHub/TheTroubleMakers/Unreal Engine Project/SpeedLimit_UniAzad/Saved/Config/Windows/Engine.ini]
[2023.05.06-14.41.15:759][  0]LogConfig: Setting CVar [[gc.MaxObjectsNotConsideredByGC:1]]
[2023.05.06-14.41.15:759][  0]LogConfig: Setting CVar [[gc.SizeOfPermanentObjectPool:0]]
[2023.05.06-14.41.15:759][  0]LogConfig: Setting CVar [[gc.FlushStreamingOnGC:0]]
[2023.05.06-14.41.15:759][  0]LogConfig: Setting CVar [[gc.NumRetriesBeforeForcingGC:10]]
[2023.05.06-14.41.15:759][  0]LogConfig: Setting CVar [[gc.AllowParallelGC:1]]
[2023.05.06-14.41.15:759][  0]LogConfig: Setting CVar [[gc.TimeBetweenPurgingPendingKillObjects:61.1]]
[2023.05.06-14.41.15:759][  0]LogConfig: Setting CVar [[gc.MaxObjectsInEditor:25165824]]
[2023.05.06-14.41.15:759][  0]LogConfig: Setting CVar [[gc.IncrementalBeginDestroyEnabled:1]]
[2023.05.06-14.41.15:759][  0]LogConfig: Setting CVar [[gc.CreateGCClusters:1]]
[2023.05.06-14.41.15:759][  0]LogConfig: Setting CVar [[gc.MinGCClusterSize:5]]
[2023.05.06-14.41.15:759][  0]LogConfig: Setting CVar [[gc.ActorClusteringEnabled:0]]
[2023.05.06-14.41.15:759][  0]LogConfig: Setting CVar [[gc.BlueprintClusteringEnabled:0]]
[2023.05.06-14.41.15:759][  0]LogConfig: Setting CVar [[gc.UseDisregardForGCOnDedicatedServers:0]]
[2023.05.06-14.41.15:759][  0]LogConfig: Setting CVar [[gc.MultithreadedDestructionEnabled:1]]
[2023.05.06-14.41.15:759][  0]LogConfig: Applying CVar settings from Section [/Script/Engine.NetworkSettings] File [E:/Asus/Documents/GitHub/TheTroubleMakers/Unreal Engine Project/SpeedLimit_UniAzad/Saved/Config/Windows/Engine.ini]
[2023.05.06-14.41.15:759][  0]LogConfig: Applying CVar settings from Section [/Script/UnrealEd.CookerSettings] File [E:/Asus/Documents/GitHub/TheTroubleMakers/Unreal Engine Project/SpeedLimit_UniAzad/Saved/Config/Windows/Engine.ini]
[2023.05.06-14.41.15:791][  0]LogConfig: Applying CVar settings from Section [ViewDistanceQuality@3] File [E:/Asus/Documents/GitHub/TheTroubleMakers/Unreal Engine Project/SpeedLimit_UniAzad/Saved/Config/Windows/Scalability.ini]
[2023.05.06-14.41.15:791][  0]LogConfig: Setting CVar [[r.SkeletalMeshLODBias:0]]
[2023.05.06-14.41.15:791][  0]LogConfig: Setting CVar [[r.ViewDistanceScale:1.0]]
[2023.05.06-14.41.15:791][  0]LogConfig: Applying CVar settings from Section [AntiAliasingQuality@3] File [E:/Asus/Documents/GitHub/TheTroubleMakers/Unreal Engine Project/SpeedLimit_UniAzad/Saved/Config/Windows/Scalability.ini]
[2023.05.06-14.41.15:791][  0]LogConfig: Setting CVar [[r.PostProcessAAQuality:4]]
[2023.05.06-14.41.15:791][  0]LogConfig: Applying CVar settings from Section [ShadowQuality@3] File [E:/Asus/Documents/GitHub/TheTroubleMakers/Unreal Engine Project/SpeedLimit_UniAzad/Saved/Config/Windows/Scalability.ini]
[2023.05.06-14.41.15:791][  0]LogConfig: Setting CVar [[r.LightFunctionQuality:1]]
[2023.05.06-14.41.15:791][  0]LogConfig: Setting CVar [[r.ShadowQuality:5]]
[2023.05.06-14.41.15:791][  0]LogConfig: Setting CVar [[r.Shadow.CSM.MaxCascades:10]]
[2023.05.06-14.41.15:791][  0]LogConfig: Setting CVar [[r.Shadow.MaxResolution:2048]]
[2023.05.06-14.41.15:791][  0]LogConfig: Setting CVar [[r.Shadow.MaxCSMResolution:2048]]
[2023.05.06-14.41.15:791][  0]LogConfig: Setting CVar [[r.Shadow.RadiusThreshold:0.01]]
[2023.05.06-14.41.15:791][  0]LogConfig: Setting CVar [[r.Shadow.DistanceScale:1.0]]
[2023.05.06-14.41.15:791][  0]LogConfig: Setting CVar [[r.Shadow.CSM.TransitionScale:1.0]]
[2023.05.06-14.41.15:791][  0]LogConfig: Setting CVar [[r.Shadow.PreShadowResolutionFactor:1.0]]
[2023.05.06-14.41.15:791][  0]LogConfig: Setting CVar [[r.DistanceFieldShadowing:1]]
[2023.05.06-14.41.15:791][  0]LogConfig: Setting CVar [[r.DistanceFieldAO:1]]
[2023.05.06-14.41.15:791][  0]LogConfig: Setting CVar [[r.AOQuality:2]]
[2023.05.06-14.41.15:791][  0]LogConfig: Setting CVar [[r.VolumetricFog:1]]
[2023.05.06-14.41.15:791][  0]LogConfig: Setting CVar [[r.VolumetricFog.GridPixelSize:8]]
[2023.05.06-14.41.15:791][  0]LogConfig: Setting CVar [[r.VolumetricFog.GridSizeZ:128]]
[2023.05.06-14.41.15:791][  0]LogConfig: Setting CVar [[r.VolumetricFog.HistoryMissSupersampleCount:4]]
[2023.05.06-14.41.15:791][  0]LogConfig: Setting CVar [[r.LightMaxDrawDistanceScale:1]]
[2023.05.06-14.41.15:791][  0]LogConfig: Setting CVar [[r.CapsuleShadows:1]]
[2023.05.06-14.41.15:791][  0]LogConfig: Applying CVar settings from Section [PostProcessQuality@3] File [E:/Asus/Documents/GitHub/TheTroubleMakers/Unreal Engine Project/SpeedLimit_UniAzad/Saved/Config/Windows/Scalability.ini]
[2023.05.06-14.41.15:791][  0]LogConfig: Setting CVar [[r.MotionBlurQuality:4]]
[2023.05.06-14.41.15:791][  0]LogConfig: Setting CVar [[r.AmbientOcclusionMipLevelFactor:0.4]]
[2023.05.06-14.41.15:791][  0]LogConfig: Setting CVar [[r.AmbientOcclusionMaxQuality:100]]
[2023.05.06-14.41.15:791][  0]LogConfig: Setting CVar [[r.AmbientOcclusionLevels:-1]]
[2023.05.06-14.41.15:791][  0]LogConfig: Setting CVar [[r.AmbientOcclusionRadiusScale:1.0]]
[2023.05.06-14.41.15:791][  0]LogConfig: Setting CVar [[r.DepthOfFieldQuality:2]]
[2023.05.06-14.41.15:791][  0]LogConfig: Setting CVar [[r.RenderTargetPoolMin:400]]
[2023.05.06-14.41.15:791][  0]LogConfig: Setting CVar [[r.LensFlareQuality:2]]
[2023.05.06-14.41.15:791][  0]LogConfig: Setting CVar [[r.SceneColorFringeQuality:1]]
[2023.05.06-14.41.15:791][  0]LogConfig: Setting CVar [[r.EyeAdaptationQuality:2]]
[2023.05.06-14.41.15:791][  0]LogConfig: Setting CVar [[r.BloomQuality:5]]
[2023.05.06-14.41.15:791][  0]LogConfig: Setting CVar [[r.FastBlurThreshold:100]]
[2023.05.06-14.41.15:791][  0]LogConfig: Setting CVar [[r.Upscale.Quality:3]]
[2023.05.06-14.41.15:791][  0]LogConfig: Setting CVar [[r.Tonemapper.GrainQuantization:1]]
[2023.05.06-14.41.15:791][  0]LogConfig: Setting CVar [[r.LightShaftQuality:1]]
[2023.05.06-14.41.15:791][  0]LogConfig: Setting CVar [[r.Filter.SizeScale:1]]
[2023.05.06-14.41.15:791][  0]LogConfig: Setting CVar [[r.Tonemapper.Quality:5]]
[2023.05.06-14.41.15:791][  0]LogConfig: Setting CVar [[r.DOF.Gather.AccumulatorQuality:1        ; higher gathering accumulator quality]]
[2023.05.06-14.41.15:791][  0]LogConfig: Setting CVar [[r.DOF.Gather.PostfilterMethod:1          ; Median3x3 postfilering method]]
[2023.05.06-14.41.15:791][  0]LogConfig: Setting CVar [[r.DOF.Gather.EnableBokehSettings:0       ; no bokeh simulation when gathering]]
[2023.05.06-14.41.15:791][  0]LogConfig: Setting CVar [[r.DOF.Gather.RingCount:4                 ; medium number of samples when gathering]]
[2023.05.06-14.41.15:791][  0]LogConfig: Setting CVar [[r.DOF.Scatter.ForegroundCompositing:1    ; additive foreground scattering]]
[2023.05.06-14.41.15:791][  0]LogConfig: Setting CVar [[r.DOF.Scatter.BackgroundCompositing:2    ; additive background scattering]]
[2023.05.06-14.41.15:791][  0]LogConfig: Setting CVar [[r.DOF.Scatter.EnableBokehSettings:1      ; bokeh simulation when scattering]]
[2023.05.06-14.41.15:791][  0]LogConfig: Setting CVar [[r.DOF.Scatter.MaxSpriteRatio:0.1         ; only a maximum of 10% of scattered bokeh]]
[2023.05.06-14.41.15:791][  0]LogConfig: Setting CVar [[r.DOF.Recombine.Quality:1                ; cheap slight out of focus]]
[2023.05.06-14.41.15:791][  0]LogConfig: Setting CVar [[r.DOF.Recombine.EnableBokehSettings:0    ; no bokeh simulation on slight out of focus]]
[2023.05.06-14.41.15:791][  0]LogConfig: Setting CVar [[r.DOF.TemporalAAQuality:1                ; more stable temporal accumulation]]
[2023.05.06-14.41.15:791][  0]LogConfig: Setting CVar [[r.DOF.Kernel.MaxForegroundRadius:0.025]]
[2023.05.06-14.41.15:791][  0]LogConfig: Setting CVar [[r.DOF.Kernel.MaxBackgroundRadius:0.025]]
[2023.05.06-14.41.15:791][  0]LogConfig: Applying CVar settings from Section [TextureQuality@3] File [E:/Asus/Documents/GitHub/TheTroubleMakers/Unreal Engine Project/SpeedLimit_UniAzad/Saved/Config/Windows/Scalability.ini]
[2023.05.06-14.41.15:791][  0]LogConfig: Setting CVar [[r.Streaming.MipBias:0]]
[2023.05.06-14.41.15:791][  0]LogConfig: Setting CVar [[r.Streaming.AmortizeCPUToGPUCopy:0]]
[2023.05.06-14.41.15:791][  0]LogConfig: Setting CVar [[r.Streaming.MaxNumTexturesToStreamPerFrame:0]]
[2023.05.06-14.41.15:791][  0]LogConfig: Setting CVar [[r.Streaming.Boost:1]]
[2023.05.06-14.41.15:791][  0]LogConfig: Setting CVar [[r.MaxAnisotropy:8]]
[2023.05.06-14.41.15:791][  0]LogConfig: Setting CVar [[r.VT.MaxAnisotropy:8]]
[2023.05.06-14.41.15:791][  0]LogConfig: Setting CVar [[r.Streaming.LimitPoolSizeToVRAM:0]]
[2023.05.06-14.41.15:791][  0]LogConfig: Setting CVar [[r.Streaming.PoolSize:1000]]
[2023.05.06-14.41.15:791][  0]LogConfig: Setting CVar [[r.Streaming.MaxEffectiveScreenSize:0]]
[2023.05.06-14.41.15:791][  0]LogConfig: Applying CVar settings from Section [EffectsQuality@3] File [E:/Asus/Documents/GitHub/TheTroubleMakers/Unreal Engine Project/SpeedLimit_UniAzad/Saved/Config/Windows/Scalability.ini]
[2023.05.06-14.41.15:791][  0]LogConfig: Setting CVar [[r.TranslucencyLightingVolumeDim:64]]
[2023.05.06-14.41.15:791][  0]LogConfig: Setting CVar [[r.RefractionQuality:2]]
[2023.05.06-14.41.15:791][  0]LogConfig: Setting CVar [[r.SSR.Quality:3]]
[2023.05.06-14.41.15:791][  0]LogConfig: Setting CVar [[r.SSR.HalfResSceneColor:0]]
[2023.05.06-14.41.15:791][  0]LogConfig: Setting CVar [[r.SceneColorFormat:4]]
[2023.05.06-14.41.15:791][  0]LogConfig: Setting CVar [[r.DetailMode:2]]
[2023.05.06-14.41.15:791][  0]LogConfig: Setting CVar [[r.TranslucencyVolumeBlur:1]]
[2023.05.06-14.41.15:791][  0]LogConfig: Setting CVar [[r.MaterialQualityLevel:1 ; High quality]]
[2023.05.06-14.41.15:791][  0]LogConfig: Setting CVar [[r.AnisotropicMaterials:1]]
[2023.05.06-14.41.15:791][  0]LogConfig: Setting CVar [[r.SSS.Scale:1]]
[2023.05.06-14.41.15:791][  0]LogConfig: Setting CVar [[r.SSS.SampleSet:2]]
[2023.05.06-14.41.15:791][  0]LogConfig: Setting CVar [[r.SSS.Quality:1]]
[2023.05.06-14.41.15:791][  0]LogConfig: Setting CVar [[r.SSS.HalfRes:0]]
[2023.05.06-14.41.15:791][  0]LogConfig: Setting CVar [[r.SSGI.Quality:3]]
[2023.05.06-14.41.15:792][  0]LogConfig: Setting CVar [[r.EmitterSpawnRateScale:1.0]]
[2023.05.06-14.41.15:792][  0]LogConfig: Setting CVar [[r.ParticleLightQuality:2]]
[2023.05.06-14.41.15:792][  0]LogConfig: Setting CVar [[r.SkyAtmosphere.AerialPerspectiveLUT.FastApplyOnOpaque:1 ; Always have FastSkyLUT 1 in this case to avoid wrong sky]]
[2023.05.06-14.41.15:792][  0]LogConfig: Setting CVar [[r.SkyAtmosphere.AerialPerspectiveLUT.SampleCountMaxPerSlice:4]]
[2023.05.06-14.41.15:792][  0]LogConfig: Setting CVar [[r.SkyAtmosphere.AerialPerspectiveLUT.DepthResolution:16.0]]
[2023.05.06-14.41.15:792][  0]LogConfig: Setting CVar [[r.SkyAtmosphere.FastSkyLUT:1]]
[2023.05.06-14.41.15:792][  0]LogConfig: Setting CVar [[r.SkyAtmosphere.FastSkyLUT.SampleCountMin:4.0]]
[2023.05.06-14.41.15:792][  0]LogConfig: Setting CVar [[r.SkyAtmosphere.FastSkyLUT.SampleCountMax:128.0]]
[2023.05.06-14.41.15:792][  0]LogConfig: Setting CVar [[r.SkyAtmosphere.SampleCountMin:4.0]]
[2023.05.06-14.41.15:792][  0]LogConfig: Setting CVar [[r.SkyAtmosphere.SampleCountMax:128.0]]
[2023.05.06-14.41.15:792][  0]LogConfig: Setting CVar [[r.SkyAtmosphere.TransmittanceLUT.UseSmallFormat:0]]
[2023.05.06-14.41.15:792][  0]LogConfig: Setting CVar [[r.SkyAtmosphere.TransmittanceLUT.SampleCount:10.0]]
[2023.05.06-14.41.15:792][  0]LogConfig: Setting CVar [[r.SkyAtmosphere.MultiScatteringLUT.SampleCount:15.0]]
[2023.05.06-14.41.15:792][  0]LogConfig: Setting CVar [[r.SkyLight.RealTimeReflectionCapture:1]]
[2023.05.06-14.41.15:792][  0]LogConfig: Applying CVar settings from Section [FoliageQuality@3] File [E:/Asus/Documents/GitHub/TheTroubleMakers/Unreal Engine Project/SpeedLimit_UniAzad/Saved/Config/Windows/Scalability.ini]
[2023.05.06-14.41.15:792][  0]LogConfig: Setting CVar [[foliage.DensityScale:1.0]]
[2023.05.06-14.41.15:792][  0]LogConfig: Setting CVar [[grass.DensityScale:1.0]]
[2023.05.06-14.41.15:792][  0]LogConfig: Applying CVar settings from Section [ShadingQuality@3] File [E:/Asus/Documents/GitHub/TheTroubleMakers/Unreal Engine Project/SpeedLimit_UniAzad/Saved/Config/Windows/Scalability.ini]
[2023.05.06-14.41.15:792][  0]LogConfig: Setting CVar [[r.HairStrands.SkyLighting.IntegrationType:2]]
[2023.05.06-14.41.15:792][  0]LogConfig: Setting CVar [[r.HairStrands.SkyAO.SampleCount:4]]
[2023.05.06-14.41.15:792][  0]LogConfig: Setting CVar [[r.HairStrands.Visibility.MSAA.SamplePerPixel:4]]
[2023.05.06-14.41.15:793][  0]LogInit: Selected Device Profile: [Windows]
[2023.05.06-14.41.15:794][  0]LogInit: Applying CVar settings loaded from the selected device profile: [Windows]
[2023.05.06-14.41.15:794][  0]LogHAL: Display: Platform has ~ 16 GB [16856285184 / 17179869184 / 16], which maps to Larger [LargestMinGB=32, LargerMinGB=12, DefaultMinGB=8, SmallerMinGB=6, SmallestMinGB=0)
[2023.05.06-14.41.15:794][  0]LogInit: Going up to parent DeviceProfile []
[2023.05.06-14.41.15:795][  0]LogConfig: Applying CVar settings from Section [ViewDistanceQuality@3] File [E:/Asus/Documents/GitHub/TheTroubleMakers/Unreal Engine Project/SpeedLimit_UniAzad/Saved/Config/Windows/Scalability.ini]
[2023.05.06-14.41.15:795][  0]LogConfig: Setting CVar [[r.SkeletalMeshLODBias:0]]
[2023.05.06-14.41.15:795][  0]LogConfig: Setting CVar [[r.ViewDistanceScale:1.0]]
[2023.05.06-14.41.15:795][  0]LogConfig: Applying CVar settings from Section [AntiAliasingQuality@3] File [E:/Asus/Documents/GitHub/TheTroubleMakers/Unreal Engine Project/SpeedLimit_UniAzad/Saved/Config/Windows/Scalability.ini]
[2023.05.06-14.41.15:795][  0]LogConfig: Setting CVar [[r.PostProcessAAQuality:4]]
[2023.05.06-14.41.15:795][  0]LogConfig: Applying CVar settings from Section [ShadowQuality@3] File [E:/Asus/Documents/GitHub/TheTroubleMakers/Unreal Engine Project/SpeedLimit_UniAzad/Saved/Config/Windows/Scalability.ini]
[2023.05.06-14.41.15:795][  0]LogConfig: Setting CVar [[r.LightFunctionQuality:1]]
[2023.05.06-14.41.15:795][  0]LogConfig: Setting CVar [[r.ShadowQuality:5]]
[2023.05.06-14.41.15:795][  0]LogConfig: Setting CVar [[r.Shadow.CSM.MaxCascades:10]]
[2023.05.06-14.41.15:795][  0]LogConfig: Setting CVar [[r.Shadow.MaxResolution:2048]]
[2023.05.06-14.41.15:795][  0]LogConfig: Setting CVar [[r.Shadow.MaxCSMResolution:2048]]
[2023.05.06-14.41.15:795][  0]LogConfig: Setting CVar [[r.Shadow.RadiusThreshold:0.01]]
[2023.05.06-14.41.15:795][  0]LogConfig: Setting CVar [[r.Shadow.DistanceScale:1.0]]
[2023.05.06-14.41.15:795][  0]LogConfig: Setting CVar [[r.Shadow.CSM.TransitionScale:1.0]]
[2023.05.06-14.41.15:795][  0]LogConfig: Setting CVar [[r.Shadow.PreShadowResolutionFactor:1.0]]
[2023.05.06-14.41.15:795][  0]LogConfig: Setting CVar [[r.DistanceFieldShadowing:1]]
[2023.05.06-14.41.15:795][  0]LogConfig: Setting CVar [[r.DistanceFieldAO:1]]
[2023.05.06-14.41.15:795][  0]LogConfig: Setting CVar [[r.AOQuality:2]]
[2023.05.06-14.41.15:795][  0]LogConfig: Setting CVar [[r.VolumetricFog:1]]
[2023.05.06-14.41.15:795][  0]LogConfig: Setting CVar [[r.VolumetricFog.GridPixelSize:8]]
[2023.05.06-14.41.15:795][  0]LogConfig: Setting CVar [[r.VolumetricFog.GridSizeZ:128]]
[2023.05.06-14.41.15:795][  0]LogConfig: Setting CVar [[r.VolumetricFog.HistoryMissSupersampleCount:4]]
[2023.05.06-14.41.15:795][  0]LogConfig: Setting CVar [[r.LightMaxDrawDistanceScale:1]]
[2023.05.06-14.41.15:795][  0]LogConfig: Setting CVar [[r.CapsuleShadows:1]]
[2023.05.06-14.41.15:795][  0]LogConfig: Applying CVar settings from Section [PostProcessQuality@3] File [E:/Asus/Documents/GitHub/TheTroubleMakers/Unreal Engine Project/SpeedLimit_UniAzad/Saved/Config/Windows/Scalability.ini]
[2023.05.06-14.41.15:795][  0]LogConfig: Setting CVar [[r.MotionBlurQuality:4]]
[2023.05.06-14.41.15:795][  0]LogConfig: Setting CVar [[r.AmbientOcclusionMipLevelFactor:0.4]]
[2023.05.06-14.41.15:795][  0]LogConfig: Setting CVar [[r.AmbientOcclusionMaxQuality:100]]
[2023.05.06-14.41.15:795][  0]LogConfig: Setting CVar [[r.AmbientOcclusionLevels:-1]]
[2023.05.06-14.41.15:795][  0]LogConfig: Setting CVar [[r.AmbientOcclusionRadiusScale:1.0]]
[2023.05.06-14.41.15:795][  0]LogConfig: Setting CVar [[r.DepthOfFieldQuality:2]]
[2023.05.06-14.41.15:795][  0]LogConfig: Setting CVar [[r.RenderTargetPoolMin:400]]
[2023.05.06-14.41.15:795][  0]LogConfig: Setting CVar [[r.LensFlareQuality:2]]
[2023.05.06-14.41.15:795][  0]LogConfig: Setting CVar [[r.SceneColorFringeQuality:1]]
[2023.05.06-14.41.15:795][  0]LogConfig: Setting CVar [[r.EyeAdaptationQuality:2]]
[2023.05.06-14.41.15:795][  0]LogConfig: Setting CVar [[r.BloomQuality:5]]
[2023.05.06-14.41.15:795][  0]LogConfig: Setting CVar [[r.FastBlurThreshold:100]]
[2023.05.06-14.41.15:795][  0]LogConfig: Setting CVar [[r.Upscale.Quality:3]]
[2023.05.06-14.41.15:795][  0]LogConfig: Setting CVar [[r.Tonemapper.GrainQuantization:1]]
[2023.05.06-14.41.15:795][  0]LogConfig: Setting CVar [[r.LightShaftQuality:1]]
[2023.05.06-14.41.15:795][  0]LogConfig: Setting CVar [[r.Filter.SizeScale:1]]
[2023.05.06-14.41.15:795][  0]LogConfig: Setting CVar [[r.Tonemapper.Quality:5]]
[2023.05.06-14.41.15:795][  0]LogConfig: Setting CVar [[r.DOF.Gather.AccumulatorQuality:1        ; higher gathering accumulator quality]]
[2023.05.06-14.41.15:795][  0]LogConfig: Setting CVar [[r.DOF.Gather.PostfilterMethod:1          ; Median3x3 postfilering method]]
[2023.05.06-14.41.15:795][  0]LogConfig: Setting CVar [[r.DOF.Gather.EnableBokehSettings:0       ; no bokeh simulation when gathering]]
[2023.05.06-14.41.15:795][  0]LogConfig: Setting CVar [[r.DOF.Gather.RingCount:4                 ; medium number of samples when gathering]]
[2023.05.06-14.41.15:795][  0]LogConfig: Setting CVar [[r.DOF.Scatter.ForegroundCompositing:1    ; additive foreground scattering]]
[2023.05.06-14.41.15:795][  0]LogConfig: Setting CVar [[r.DOF.Scatter.BackgroundCompositing:2    ; additive background scattering]]
[2023.05.06-14.41.15:795][  0]LogConfig: Setting CVar [[r.DOF.Scatter.EnableBokehSettings:1      ; bokeh simulation when scattering]]
[2023.05.06-14.41.15:795][  0]LogConfig: Setting CVar [[r.DOF.Scatter.MaxSpriteRatio:0.1         ; only a maximum of 10% of scattered bokeh]]
[2023.05.06-14.41.15:795][  0]LogConfig: Setting CVar [[r.DOF.Recombine.Quality:1                ; cheap slight out of focus]]
[2023.05.06-14.41.15:795][  0]LogConfig: Setting CVar [[r.DOF.Recombine.EnableBokehSettings:0    ; no bokeh simulation on slight out of focus]]
[2023.05.06-14.41.15:795][  0]LogConfig: Setting CVar [[r.DOF.TemporalAAQuality:1                ; more stable temporal accumulation]]
[2023.05.06-14.41.15:795][  0]LogConfig: Setting CVar [[r.DOF.Kernel.MaxForegroundRadius:0.025]]
[2023.05.06-14.41.15:795][  0]LogConfig: Setting CVar [[r.DOF.Kernel.MaxBackgroundRadius:0.025]]
[2023.05.06-14.41.15:795][  0]LogConfig: Applying CVar settings from Section [TextureQuality@3] File [E:/Asus/Documents/GitHub/TheTroubleMakers/Unreal Engine Project/SpeedLimit_UniAzad/Saved/Config/Windows/Scalability.ini]
[2023.05.06-14.41.15:795][  0]LogConfig: Setting CVar [[r.Streaming.MipBias:0]]
[2023.05.06-14.41.15:795][  0]LogConfig: Setting CVar [[r.Streaming.AmortizeCPUToGPUCopy:0]]
[2023.05.06-14.41.15:795][  0]LogConfig: Setting CVar [[r.Streaming.MaxNumTexturesToStreamPerFrame:0]]
[2023.05.06-14.41.15:795][  0]LogConfig: Setting CVar [[r.Streaming.Boost:1]]
[2023.05.06-14.41.15:795][  0]LogConfig: Setting CVar [[r.MaxAnisotropy:8]]
[2023.05.06-14.41.15:795][  0]LogConfig: Setting CVar [[r.VT.MaxAnisotropy:8]]
[2023.05.06-14.41.15:795][  0]LogConfig: Setting CVar [[r.Streaming.LimitPoolSizeToVRAM:0]]
[2023.05.06-14.41.15:795][  0]LogConfig: Setting CVar [[r.Streaming.PoolSize:1000]]
[2023.05.06-14.41.15:795][  0]LogConfig: Setting CVar [[r.Streaming.MaxEffectiveScreenSize:0]]
[2023.05.06-14.41.15:795][  0]LogConfig: Applying CVar settings from Section [EffectsQuality@3] File [E:/Asus/Documents/GitHub/TheTroubleMakers/Unreal Engine Project/SpeedLimit_UniAzad/Saved/Config/Windows/Scalability.ini]
[2023.05.06-14.41.15:795][  0]LogConfig: Setting CVar [[r.TranslucencyLightingVolumeDim:64]]
[2023.05.06-14.41.15:795][  0]LogConfig: Setting CVar [[r.RefractionQuality:2]]
[2023.05.06-14.41.15:795][  0]LogConfig: Setting CVar [[r.SSR.Quality:3]]
[2023.05.06-14.41.15:795][  0]LogConfig: Setting CVar [[r.SSR.HalfResSceneColor:0]]
[2023.05.06-14.41.15:795][  0]LogConfig: Setting CVar [[r.SceneColorFormat:4]]
[2023.05.06-14.41.15:795][  0]LogConfig: Setting CVar [[r.DetailMode:2]]
[2023.05.06-14.41.15:795][  0]LogConfig: Setting CVar [[r.TranslucencyVolumeBlur:1]]
[2023.05.06-14.41.15:795][  0]LogConfig: Setting CVar [[r.MaterialQualityLevel:1 ; High quality]]
[2023.05.06-14.41.15:795][  0]LogConfig: Setting CVar [[r.AnisotropicMaterials:1]]
[2023.05.06-14.41.15:795][  0]LogConfig: Setting CVar [[r.SSS.Scale:1]]
[2023.05.06-14.41.15:795][  0]LogConfig: Setting CVar [[r.SSS.SampleSet:2]]
[2023.05.06-14.41.15:795][  0]LogConfig: Setting CVar [[r.SSS.Quality:1]]
[2023.05.06-14.41.15:795][  0]LogConfig: Setting CVar [[r.SSS.HalfRes:0]]
[2023.05.06-14.41.15:795][  0]LogConfig: Setting CVar [[r.SSGI.Quality:3]]
[2023.05.06-14.41.15:795][  0]LogConfig: Setting CVar [[r.EmitterSpawnRateScale:1.0]]
[2023.05.06-14.41.15:795][  0]LogConfig: Setting CVar [[r.ParticleLightQuality:2]]
[2023.05.06-14.41.15:795][  0]LogConfig: Setting CVar [[r.SkyAtmosphere.AerialPerspectiveLUT.FastApplyOnOpaque:1 ; Always have FastSkyLUT 1 in this case to avoid wrong sky]]
[2023.05.06-14.41.15:795][  0]LogConfig: Setting CVar [[r.SkyAtmosphere.AerialPerspectiveLUT.SampleCountMaxPerSlice:4]]
[2023.05.06-14.41.15:795][  0]LogConfig: Setting CVar [[r.SkyAtmosphere.AerialPerspectiveLUT.DepthResolution:16.0]]
[2023.05.06-14.41.15:795][  0]LogConfig: Setting CVar [[r.SkyAtmosphere.FastSkyLUT:1]]
[2023.05.06-14.41.15:795][  0]LogConfig: Setting CVar [[r.SkyAtmosphere.FastSkyLUT.SampleCountMin:4.0]]
[2023.05.06-14.41.15:795][  0]LogConfig: Setting CVar [[r.SkyAtmosphere.FastSkyLUT.SampleCountMax:128.0]]
[2023.05.06-14.41.15:795][  0]LogConfig: Setting CVar [[r.SkyAtmosphere.SampleCountMin:4.0]]
[2023.05.06-14.41.15:795][  0]LogConfig: Setting CVar [[r.SkyAtmosphere.SampleCountMax:128.0]]
[2023.05.06-14.41.15:795][  0]LogConfig: Setting CVar [[r.SkyAtmosphere.TransmittanceLUT.UseSmallFormat:0]]
[2023.05.06-14.41.15:795][  0]LogConfig: Setting CVar [[r.SkyAtmosphere.TransmittanceLUT.SampleCount:10.0]]
[2023.05.06-14.41.15:795][  0]LogConfig: Setting CVar [[r.SkyAtmosphere.MultiScatteringLUT.SampleCount:15.0]]
[2023.05.06-14.41.15:795][  0]LogConfig: Setting CVar [[r.SkyLight.RealTimeReflectionCapture:1]]
[2023.05.06-14.41.15:795][  0]LogConfig: Applying CVar settings from Section [FoliageQuality@3] File [E:/Asus/Documents/GitHub/TheTroubleMakers/Unreal Engine Project/SpeedLimit_UniAzad/Saved/Config/Windows/Scalability.ini]
[2023.05.06-14.41.15:795][  0]LogConfig: Setting CVar [[foliage.DensityScale:1.0]]
[2023.05.06-14.41.15:795][  0]LogConfig: Setting CVar [[grass.DensityScale:1.0]]
[2023.05.06-14.41.15:795][  0]LogConfig: Applying CVar settings from Section [ShadingQuality@3] File [E:/Asus/Documents/GitHub/TheTroubleMakers/Unreal Engine Project/SpeedLimit_UniAzad/Saved/Config/Windows/Scalability.ini]
[2023.05.06-14.41.15:795][  0]LogConfig: Setting CVar [[r.HairStrands.SkyLighting.IntegrationType:2]]
[2023.05.06-14.41.15:795][  0]LogConfig: Setting CVar [[r.HairStrands.SkyAO.SampleCount:4]]
[2023.05.06-14.41.15:795][  0]LogConfig: Setting CVar [[r.HairStrands.Visibility.MSAA.SamplePerPixel:4]]
[2023.05.06-14.41.15:795][  0]LogConfig: Applying CVar settings from Section [Startup] File [../../../Engine/Config/ConsoleVariables.ini]
[2023.05.06-14.41.15:800][  0]LogConfig: Setting CVar [[net.UseAdaptiveNetUpdateFrequency:0]]
[2023.05.06-14.41.15:800][  0]LogConfig: Setting CVar [[p.chaos.AllowCreatePhysxBodies:1]]
[2023.05.06-14.41.15:800][  0]LogConfig: Setting CVar [[fx.SkipVectorVMBackendOptimizations:1]]
[2023.05.06-14.41.15:800][  0]LogConfig: Applying CVar settings from Section [ConsoleVariables] File [E:/Asus/Documents/GitHub/TheTroubleMakers/Unreal Engine Project/SpeedLimit_UniAzad/Saved/Config/Windows/Engine.ini]
[2023.05.06-14.41.15:800][  0]LogConfig: Applying CVar settings from Section [ConsoleVariables] File [E:/Asus/Documents/GitHub/TheTroubleMakers/Unreal Engine Project/SpeedLimit_UniAzad/Saved/Config/Windows/Editor.ini]
[2023.05.06-14.41.15:801][  0]LogInit: Computer: LAPTOP-ENHDEN5K
[2023.05.06-14.41.15:801][  0]LogInit: User: Asus
[2023.05.06-14.41.15:801][  0]LogInit: CPU Page size=4096, Cores=4
[2023.05.06-14.41.15:801][  0]LogInit: High frequency timer resolution =10.000000 MHz
[2023.05.06-14.41.15:801][  0]LogMemory: Memory total: Physical=15.7GB (16GB approx)
[2023.05.06-14.41.15:801][  0]LogMemory: Platform Memory Stats for Windows
[2023.05.06-14.41.15:801][  0]LogMemory: Process Physical Memory: 142.02 MB used, 142.02 MB peak
[2023.05.06-14.41.15:801][  0]LogMemory: Process Virtual Memory: 126.66 MB used, 126.66 MB peak
[2023.05.06-14.41.15:801][  0]LogMemory: Physical Memory: 9177.50 MB used,  6897.90 MB free, 16075.41 MB total
[2023.05.06-14.41.15:801][  0]LogMemory: Virtual Memory: 134211280.00 MB used,  6449.06 MB free, 134217728.00 MB total
[2023.05.06-14.41.15:808][  0]LogWindows: WindowsPlatformFeatures enabled
[2023.05.06-14.41.16:107][  0]LogInit: Physics initialised using underlying interface: PhysX
[2023.05.06-14.41.16:111][  0]LogInit: Using OS detected language (en-US).
[2023.05.06-14.41.16:111][  0]LogInit: Using OS detected locale (en-US).
[2023.05.06-14.41.16:117][  0]LogTextLocalizationManager: No specific localization for 'en-US' exists, so the 'en' localization will be used.
[2023.05.06-14.41.16:385][  0]LogInit: Setting process to per monitor DPI aware
[2023.05.06-14.41.16:414][  0]LogWindowsTextInputMethodSystem: Display: IME system deactivated.
[2023.05.06-14.41.16:480][  0]LogSlate: New Slate User Created.  User Index 0, Is Virtual User: 0
[2023.05.06-14.41.16:480][  0]LogSlate: Slate User Registered.  User Index 0, Is Virtual User: 0
[2023.05.06-14.41.18:748][  0]LogD3D11RHI: Loaded GFSDK_Aftermath_Lib.x64.dll
[2023.05.06-14.41.18:780][  0]LogHMD: Failed to initialize OpenVR with code 110
[2023.05.06-14.41.18:780][  0]LogD3D11RHI: D3D11 min allowed feature level: 11_0
[2023.05.06-14.41.18:780][  0]LogD3D11RHI: D3D11 max allowed feature level: 11_0
[2023.05.06-14.41.18:780][  0]LogD3D11RHI: D3D11 adapters:
[2023.05.06-14.41.18:901][  0]LogD3D11RHI:    0. 'NVIDIA GeForce MX450' (Feature Level 11_0)
[2023.05.06-14.41.18:901][  0]LogD3D11RHI:       1920/0/8037 MB DedicatedVideo/DedicatedSystem/SharedSystem, Outputs:2, VendorId:0x10de
[2023.05.06-14.41.18:938][  0]LogD3D11RHI:    1. 'Intel(R) Iris(R) Xe Graphics' (Feature Level 11_0)
[2023.05.06-14.41.18:938][  0]LogD3D11RHI:       128/0/8037 MB DedicatedVideo/DedicatedSystem/SharedSystem, Outputs:0, VendorId:0x8086
[2023.05.06-14.41.18:942][  0]LogD3D11RHI:    2. 'Microsoft Basic Render Driver' (Feature Level 11_0)
[2023.05.06-14.41.18:942][  0]LogD3D11RHI:       0/0/8037 MB DedicatedVideo/DedicatedSystem/SharedSystem, Outputs:0, VendorId:0x1414
[2023.05.06-14.41.18:942][  0]LogD3D11RHI: Chosen D3D11 Adapter: 0
[2023.05.06-14.41.18:948][  0]LogD3D11RHI: Creating new Direct3DDevice
[2023.05.06-14.41.18:948][  0]LogD3D11RHI:     GPU DeviceId: 0x1f97 (for the marketing name, search the web for "GPU Device Id")
[2023.05.06-14.41.18:948][  0]LogWindows: EnumDisplayDevices:
[2023.05.06-14.41.18:949][  0]LogWindows:    0. 'Intel(R) Iris(R) Xe Graphics' (P:1 D:1)
[2023.05.06-14.41.18:949][  0]LogWindows:    1. 'Intel(R) Iris(R) Xe Graphics' (P:0 D:1)
[2023.05.06-14.41.18:949][  0]LogWindows:    2. 'Intel(R) Iris(R) Xe Graphics' (P:0 D:0)
[2023.05.06-14.41.18:949][  0]LogWindows:    3. 'Intel(R) Iris(R) Xe Graphics' (P:0 D:0)
[2023.05.06-14.41.18:949][  0]LogWindows: DebugString: PrimaryIsNotTheChoosenAdapter PrimaryIsNotTheChoosenAdapter PrimaryIsNotTheChoosenAdapter PrimaryIsNotTheChoosenAdapter FoundDriverCount:0 
[2023.05.06-14.41.18:949][  0]LogD3D11RHI:     Adapter Name: NVIDIA GeForce MX450
[2023.05.06-14.41.18:949][  0]LogD3D11RHI:   Driver Version: Unknown (internal:Unknown, unified:Unknown)
[2023.05.06-14.41.18:949][  0]LogD3D11RHI:      Driver Date: Unknown
[2023.05.06-14.41.18:949][  0]LogRHI: Texture pool is 1344 MB (70% of 1920 MB)
[2023.05.06-14.41.19:032][  0]LogD3D11RHI: RHI has support for 64 bit atomics
[2023.05.06-14.41.19:034][  0]LogD3D11RHI: Async texture creation enabled
[2023.05.06-14.41.19:034][  0]LogD3D11RHI: Array index from any shader is supported
[2023.05.06-14.41.19:071][  0]LogD3D11RHI: GPU Timing Frequency: 1000.000000 (Debug: 2 2)
[2023.05.06-14.41.19:151][  0]LogRHI: GeForceNow SDK initialized: 1
[2023.05.06-14.41.19:796][  0]LogTargetPlatformManager: Display: Loaded TargetPlatform 'AllDesktop'
[2023.05.06-14.41.19:831][  0]LogTargetPlatformManager: Display: Loaded TargetPlatform 'Android'
[2023.05.06-14.41.19:831][  0]LogTargetPlatformManager: Display: Loaded TargetPlatform 'Android_ASTC'
[2023.05.06-14.41.19:831][  0]LogTargetPlatformManager: Display: Loaded TargetPlatform 'Android_DXT'
[2023.05.06-14.41.19:831][  0]LogTargetPlatformManager: Display: Loaded TargetPlatform 'Android_ETC2'
[2023.05.06-14.41.19:831][  0]LogTargetPlatformManager: Display: Loaded TargetPlatform 'AndroidClient'
[2023.05.06-14.41.19:831][  0]LogTargetPlatformManager: Display: Loaded TargetPlatform 'Android_ASTCClient'
[2023.05.06-14.41.19:831][  0]LogTargetPlatformManager: Display: Loaded TargetPlatform 'Android_DXTClient'
[2023.05.06-14.41.19:831][  0]LogTargetPlatformManager: Display: Loaded TargetPlatform 'Android_ETC2Client'
[2023.05.06-14.41.19:831][  0]LogTargetPlatformManager: Display: Loaded TargetPlatform 'Android_Multi'
[2023.05.06-14.41.19:831][  0]LogTargetPlatformManager: Display: Loaded TargetPlatform 'Android_MultiClient'
[2023.05.06-14.41.19:892][  0]LogTargetPlatformManager: Display: Loaded TargetPlatform 'IOSClient'
[2023.05.06-14.41.19:892][  0]LogTargetPlatformManager: Display: Loaded TargetPlatform 'IOS'
[2023.05.06-14.41.19:933][  0]LogTargetPlatformManager: Display: Loaded TargetPlatform 'Linux'
[2023.05.06-14.41.19:952][  0]LogTargetPlatformManager: Display: Loaded TargetPlatform 'LinuxNoEditor'
[2023.05.06-14.41.19:972][  0]LogTargetPlatformManager: Display: Loaded TargetPlatform 'LinuxClient'
[2023.05.06-14.41.19:993][  0]LogTargetPlatformManager: Display: Loaded TargetPlatform 'LinuxServer'
[2023.05.06-14.41.20:019][  0]LogTargetPlatformManager: Display: Loaded TargetPlatform 'LinuxAArch64NoEditor'
[2023.05.06-14.41.20:040][  0]LogTargetPlatformManager: Display: Loaded TargetPlatform 'LinuxAArch64Client'
[2023.05.06-14.41.20:059][  0]LogTargetPlatformManager: Display: Loaded TargetPlatform 'LinuxAArch64Server'
[2023.05.06-14.41.20:102][  0]LogTargetPlatformManager: Display: Loaded TargetPlatform 'Lumin'
[2023.05.06-14.41.20:102][  0]LogTargetPlatformManager: Display: Loaded TargetPlatform 'LuminClient'
[2023.05.06-14.41.20:131][  0]LogTargetPlatformManager: Display: Loaded TargetPlatform 'MacNoEditor'
[2023.05.06-14.41.20:151][  0]LogTargetPlatformManager: Display: Loaded TargetPlatform 'Mac'
[2023.05.06-14.41.20:172][  0]LogTargetPlatformManager: Display: Loaded TargetPlatform 'MacClient'
[2023.05.06-14.41.20:191][  0]LogTargetPlatformManager: Display: Loaded TargetPlatform 'MacServer'
[2023.05.06-14.41.20:213][  0]LogTargetPlatformManager: Display: Loaded TargetPlatform 'TVOSClient'
[2023.05.06-14.41.20:213][  0]LogTargetPlatformManager: Display: Loaded TargetPlatform 'TVOS'
[2023.05.06-14.41.20:237][  0]LogTargetPlatformManager: Display: Loaded TargetPlatform 'WindowsNoEditor'
[2023.05.06-14.41.20:258][  0]LogTargetPlatformManager: Display: Loaded TargetPlatform 'Windows'
[2023.05.06-14.41.20:281][  0]LogTargetPlatformManager: Display: Loaded TargetPlatform 'WindowsClient'
[2023.05.06-14.41.20:301][  0]LogTargetPlatformManager: Display: Loaded TargetPlatform 'WindowsServer'
[2023.05.06-14.41.20:301][  0]LogTargetPlatformManager: Display: Building Assets For Windows
[2023.05.06-14.41.20:380][  0]LogAudioDebug: Display: Lib vorbis DLL was dynamically loaded.
[2023.05.06-14.41.20:603][  0]LogTextureFormatOodle: Display: Oodle Texture 2.9.0 init RDO Off
[2023.05.06-14.41.20:921][  0]LogRendererCore: Ray tracing is disabled. Reason: r.RayTracing=0.
[2023.05.06-14.41.20:922][  0]LogShaderCompilers: Guid format shader working directory is -52 characters bigger than the processId version (../../../../../../Asus/Documents/GitHub/TheTroubleMakers/Unreal Engine Project/SpeedLimit_UniAzad/Intermediate/Shaders/WorkingDirectory/6984/).
[2023.05.06-14.41.20:922][  0]LogShaderCompilers: Cleaned the shader compiler working directory 'C:/Users/Asus/AppData/Local/Temp/UnrealShaderWorkingDir/844200B3422167B78D1A518C888ADC6B/'.
[2023.05.06-14.41.20:923][  0]LogXGEController: Cannot use XGE Controller as Incredibuild is not installed on this machine.
[2023.05.06-14.41.20:923][  0]LogShaderCompilers: Cannot use XGE Shader Compiler as Incredibuild is not installed on this machine.
[2023.05.06-14.41.20:923][  0]LogShaderCompilers: Display: Using Local Shader Compiler.
[2023.05.06-14.41.23:874][  0]LogDerivedDataCache: Display: Max Cache Size: 512 MB
[2023.05.06-14.41.23:954][  0]LogDerivedDataCache: Loaded boot cache 0.08s 95MB C:/Users/Asus/AppData/Local/UnrealEngine/4.27/DerivedDataCache/Boot.ddc.
[2023.05.06-14.41.23:954][  0]LogDerivedDataCache: Display: Loaded Boot cache: C:/Users/Asus/AppData/Local/UnrealEngine/4.27/DerivedDataCache/Boot.ddc
[2023.05.06-14.41.23:954][  0]LogDerivedDataCache: FDerivedDataBackendGraph:  Pak pak cache file ../../../../../../Asus/Documents/GitHub/TheTroubleMakers/Unreal Engine Project/SpeedLimit_UniAzad/DerivedDataCache/DDC.ddp not found, will not use a pak cache.
[2023.05.06-14.41.23:954][  0]LogDerivedDataCache: Unable to find inner node Pak for hierarchical cache Hierarchy.
[2023.05.06-14.41.23:954][  0]LogDerivedDataCache: FDerivedDataBackendGraph:  CompressedPak pak cache file ../../../../../../Asus/Documents/GitHub/TheTroubleMakers/Unreal Engine Project/SpeedLimit_UniAzad/DerivedDataCache/Compressed.ddp not found, will not use a pak cache.
[2023.05.06-14.41.23:954][  0]LogDerivedDataCache: Unable to find inner node CompressedPak for hierarchical cache Hierarchy.
[2023.05.06-14.41.23:977][  0]LogDerivedDataCache: Display: Pak cache opened for reading ../../../Engine/DerivedDataCache/Compressed.ddp.
[2023.05.06-14.41.23:977][  0]LogDerivedDataCache: FDerivedDataBackendGraph:  EnterprisePak pak cache file ../../../Enterprise/DerivedDataCache/Compressed.ddp not found, will not use a pak cache.
[2023.05.06-14.41.23:977][  0]LogDerivedDataCache: Unable to find inner node EnterprisePak for hierarchical cache Hierarchy.
[2023.05.06-14.41.23:991][  0]LogDerivedDataCache: Speed tests for C:/Users/Asus/AppData/Local/UnrealEngine/Common/DerivedDataCache took 0.01 seconds
[2023.05.06-14.41.23:991][  0]LogDerivedDataCache: Display: Performance to C:/Users/Asus/AppData/Local/UnrealEngine/Common/DerivedDataCache: Latency=0.13ms. RandomReadSpeed=140.56MBs, RandomWriteSpeed=174.74MBs. Assigned SpeedClass 'Local'
[2023.05.06-14.41.23:992][  0]LogDerivedDataCache: Using Local data cache path C:/Users/Asus/AppData/Local/UnrealEngine/Common/DerivedDataCache: Writable
[2023.05.06-14.41.23:992][  0]LogDerivedDataCache: Shared data cache path not found in *engine.ini, will not use an Shared cache.
[2023.05.06-14.41.23:992][  0]LogDerivedDataCache: Unable to find inner node Shared for hierarchical cache Hierarchy.
[2023.05.06-14.41.24:039][  0]LogSlate: Using FreeType 2.10.0
[2023.05.06-14.41.24:053][  0]LogSlate: SlateFontServices - WITH_FREETYPE: 1, WITH_HARFBUZZ: 1
[2023.05.06-14.41.24:248][  0]LogAssetRegistry: FAssetRegistry took 0.0045 seconds to start up
[2023.05.06-14.41.24:578][  0]LogInit: Selected Device Profile: [Windows]
[2023.05.06-14.41.24:578][  0]LogInit: Active device profile: [000001934A9B6C00][0000019343E5EF40 49] Windows
[2023.05.06-14.41.24:578][  0]LogInit: Profiles: [000001934A9B6C00][0000019343E5EF40 49] Windows, [000001934A8A8C00][0000019343E69200 49] WindowsNoEditor, [000001934A9B6800][000001934A7F34C0 49] WindowsServer, [000001934A9B5700][000001934A74F780 49] WindowsClient, [000001934A9B6900][000001934A753A40 49] IOS, [000001934A8AA200][000001934A756180 49] iPadAir, [000001934A8C8300][000001934A75A440 49] iPadAir2, [000001934A849300][00000193492F0980 49] IPadPro, [000001934A849400][000001934A75E9C0 49] iPadAir3, [000001934A8C8200][000001934BC24C80 49] iPadAir4, [000001934A848200][00000193492CCF00 49] iPadMini2, [000001934A8C8100][000001934BC29180 49] iPadMini3, [000001934A84AC00][000001934A81D440 49] iPadMini4, [000001934A8CBB00][000001934A80D700 49] iPadMini5, [000001934A8AB700][000001934A76E0C0 49] iPhone6, [000001934A8AB000][000001934A810100 49] iPodTouch6, [000001934A84BC00][000001934A4E0640 49] iPhone7, [000001934A84BB00][000001934A766680 49] iPodTouch7, [000001934A8A8300][000001934A76A940 49] iPhone5S, [000001934A848A00][000001934A762C00 49] iPhone6Plus, [000001934A8AB300][000001934A4DCEC0 49] iPhone6S, [000001934A84B800][000001934BC21140 49] iPhone6SPlus, [000001934A8ABF00][000001934A4E53C0 49] iPhone7Plus, [000001934A849000][000001934A4ED680 49] iPhoneSE, [000001934A8A8200][000001934A4F1940 49] iPhone8, [000001934A849F00][000001934A4F5C00 49] iPhone8Plus, [000001934A8A9200][000001934A4F8340 49] iPhoneX, [000001934A849C00][000001934A4FC600 49] iPhoneXS, [000001934A8AA900][000001934A5008C0 49] iPhoneXSMax, [000001934A84B200][000001934A504B80 49] iPhoneXR, [000001934A8A9400][000001934A508E40 49] iPhone11, [000001934A849B00][000001934A50D100 49] iPhone11Pro, [000001934A8AA300][000001934A4E9380 49] iPhone11ProMax, [000001934A849700][000001934A515640 49] iPhoneSE2, [000001934A8A9E00][000001934A519900 49] iPhone12Mini, [000001934A84A500][000001934A51DBC0 49] iPhone12, [000001934A8AB100][000001934907C300 49] iPhone12Pro, [000001934A84BF00][00000193490805C0 49] iPhone12ProMax, [000001934A8A8700][0000019349084880 49] iPadPro105, [000001934A848E00][0000019349088B40 49] iPadPro129, [000001934A8AB800][000001934908CE00 49] iPadPro97, [000001934A848600][00000193490910C0 49] iPadPro2_129, [000001934A8A8F00][000001934A511340 49] iPad5, [000001934A849600][00000193490955C0 49] iPad6, [000001934A8AA600][000001934909D880 49] iPad7, [000001934A84B400][00000193490A1B40 49] iPad8, [000001934A8A9D00][00000193490A4280 49] iPadPro11, [000001934A849900][00000193490A8540 49] iPadPro2_11, [000001934A8A9800][00000193490AC800 49] iPadPro3_129, [000001934A849800][00000193490B0AC0 49] iPadPro4_129, [000001934A8AAC00][00000193490B4D80 49] AppleTV, [000001934A84BD00][00000193490B9040 49] AppleTV4K, [000001934A8A8600][00000193490BD300 49] TVOS, [000001934A84BE00][0000019349099580 49] Mac, [000001934A8A8B00][00000193490C1800 49] MacClient, [000001934A84BA00][000001934B865AC0 49] MacNoEditor, [000001934A8A9500][000001934B868200 49] MacServer, [000001934A84A100][000001934B86C4C0 49] Linux, [000001934A8AB600][000001934B870780 49] LinuxAArch64, [000001934A848100][000001934B874A40 49] LinuxNoEditor, [000001934A8ABE00][000001934B878D00 49] LinuxAArch64NoEditor, [000001934A84AE00][000001934B87CFC0 49] LinuxClient, [000001934A8AAD00][000001934B881280 49] LinuxAArch64Client, [000001934A848900][000001934B885540 49] LinuxServer, [000001934A8A9900][000001934B8617C0 49] LinuxAArch64Server, [000001934A84B000][000001934B889A40 49] Android, [000001934A8A9F00][000001934B890180 49] Android_Low, [000001934A84B300][000001934B894440 49] Android_Mid, [000001934A8ABD00][000001934B898700 49] Android_High, [000001934A9B4200][000001934B89C9C0 49] Android_Default, [000001934A8CA400][000001934B8A0C80 49] Android_Adreno4xx, [000001934A9B6000][000001934B8A4F40 49] Android_Adreno5xx_Low, [000001934A8C8F00][000001934B8A9200 49] Android_Adreno5xx, [000001934A9B5300][000001934B8AD4C0 49] Android_Adreno6xx, [000001934A8C8800][000001934B8B1780 49] Android_Adreno6xx_Vulkan, [000001934A9B5100][000001934B88DA00 49] Android_Mali_T6xx, [000001934A8CB100][000001934B8B4100 49] Android_Mali_T7xx, [000001934A9B4500][000001934B8BC3C0 49] Android_Mali_T8xx, [000001934A8CBD00][000001934B8C0680 49] Android_Mali_G71, [000001934A9B4300][000001932DF34940 49] Android_Mali_G72, [000001934A8C9A00][000001932DF38C00 49] Android_Mali_G72_Vulkan, [000001934A9B5500][000001932DF3CEC0 49] Android_Mali_G76, [000001934A8C8600][000001932DF41180 49] Android_Mali_G76_Vulkan, [000001934A9B4600][000001932DF45440 49] Android_Mali_G77, [000001934A8CA000][000001932DF49700 49] Android_Mali_G77_Vulkan, [000001934A9B5B00][000001932DF4D9C0 49] Android_Mali_G78, [000001934A8C8C00][000001934B8B80C0 49] Android_Mali_G78_Vulkan, [000001934A9B4B00][000001932DF50340 49] Android_Mali_G710, [000001934A8CA600][000001932DF58600 49] Android_Mali_G710_Vulkan, [000001934A9B4700][000001932DF5C8C0 49] Android_Vulkan_SM5, [000001934A8CB800][000001932DF60B80 49] Android_PowerVR_G6xxx, [000001934A9B6200][000001934BBD6E40 49] Android_PowerVR_GT7xxx, [000001934A8CB000][000001934BBDB100 49] Android_PowerVR_GE8xxx, [000001934A8AB200][000001934BBDF3C0 49] Android_PowerVR_GM9xxx, [000001934A84A800][000001934BBE3680 49] Android_PowerVR_GM9xxx_Vulkan, [000001934A8CB900][000001934BBE7940 49] Android_TegraK1, [000001934A84A300][000001934BBEBC00 49] Android_Unknown_Vulkan, [000001934A8CA900][000001932DF54300 49] Lumin, [000001934A9B6E00][000001934BBEE580 49] Lumin_Desktop, [000001934A8A9700][000001934BBF6840 49] HoloLens, 
[2023.05.06-14.41.25:050][  0]LogMeshReduction: Using QuadricMeshReduction for automatic static mesh reduction
[2023.05.06-14.41.25:050][  0]LogMeshReduction: Using SimplygonMeshReduction for automatic skeletal mesh reduction
[2023.05.06-14.41.25:050][  0]LogMeshReduction: Using ProxyLODMeshReduction for automatic mesh merging
[2023.05.06-14.41.25:050][  0]LogMeshReduction: No distributed automatic mesh merging module available
[2023.05.06-14.41.25:052][  0]LogMeshMerging: No distributed automatic mesh merging module available
[2023.05.06-14.41.25:135][  0]LogNetVersion: SpeedLimit_UniAzad 1.0.0, NetCL: 17155196, EngineNetVer: 17, GameNetVer: 0 (Checksum: 2338214234)
[2023.05.06-14.41.27:699][  0]LogTexture: Default maximum texture size for cubemaps generated from long-lat sources has been changed from 512 to unlimited. In order to preserve old behaiour for '/Engine/MapTemplates/Sky/DaylightAmbientCubemap.DaylightAmbientCubemap', its maximum texture size has been explicitly set to 512.
[2023.05.06-14.41.27:869][  0]LogHMD: PokeAHoleMaterial loaded successfully
[2023.05.06-14.41.27:879][  0]LogUObjectArray: 17178 objects as part of root set at end of initial load.
[2023.05.06-14.41.27:879][  0]LogUObjectAllocator: 4301856 out of 0 bytes used by permanent object pool.
[2023.05.06-14.41.27:879][  0]LogUObjectArray: CloseDisregardForGC: 0/0 objects in disregard for GC pool
[2023.05.06-14.41.29:770][  0]LogNiagaraDebuggerClient: Niagara Debugger Client Initialized | Session: 94835C1246EE480C5391E5A96F95898D | Instance: A1CD29D34745EED15248D6A72C748AFB (LAPTOP-ENHDEN5K-6984).
[2023.05.06-14.41.29:927][  0]LogStreaming: Warning: Failed to read file '../../../Engine/Content/Editor/Slate/Niagara/MenuSeparator.png' error.
[2023.05.06-14.41.29:927][  0]LogSlate: Could not find file for Slate resource: ../../../Engine/Content/Editor/Slate/Niagara/MenuSeparator.png
[2023.05.06-14.41.29:927][  0]LogStreaming: Warning: Failed to read file '../../../Engine/Content/Editor/Slate/Niagara/Common/Selector.png' error.
[2023.05.06-14.41.29:927][  0]LogSlate: Could not find file for Slate resource: ../../../Engine/Content/Editor/Slate/Niagara/Common/Selector.png
[2023.05.06-14.41.29:927][  0]LogStreaming: Warning: Failed to read file '../../../Engine/Content/Editor/Slate/Niagara/Common/Selection.png' error.
[2023.05.06-14.41.29:927][  0]LogSlate: Could not find file for Slate resource: ../../../Engine/Content/Editor/Slate/Niagara/Common/Selection.png
[2023.05.06-14.41.29:927][  0]LogStreaming: Warning: Failed to read file '../../../Engine/Content/Editor/Slate/Niagara/Common/DropZoneIndicator_Above.png' error.
[2023.05.06-14.41.29:927][  0]LogSlate: Could not find file for Slate resource: ../../../Engine/Content/Editor/Slate/Niagara/Common/DropZoneIndicator_Above.png
[2023.05.06-14.41.29:927][  0]LogStreaming: Warning: Failed to read file '../../../Engine/Content/Editor/Slate/Niagara/Common/DropZoneIndicator_Onto.png' error.
[2023.05.06-14.41.29:927][  0]LogSlate: Could not find file for Slate resource: ../../../Engine/Content/Editor/Slate/Niagara/Common/DropZoneIndicator_Onto.png
[2023.05.06-14.41.29:927][  0]LogStreaming: Warning: Failed to read file '../../../Engine/Content/Editor/Slate/Niagara/Common/DropZoneIndicator_Below.png' error.
[2023.05.06-14.41.29:927][  0]LogSlate: Could not find file for Slate resource: ../../../Engine/Content/Editor/Slate/Niagara/Common/DropZoneIndicator_Below.png
[2023.05.06-14.41.29:927][  0]LogStreaming: Warning: Failed to read file '../../../Engine/Content/Editor/Slate/Niagara/Common/RoundedSelection_16x.png' error.
[2023.05.06-14.41.29:927][  0]LogSlate: Could not find file for Slate resource: ../../../Engine/Content/Editor/Slate/Niagara/Common/RoundedSelection_16x.png
[2023.05.06-14.41.29:927][  0]LogStreaming: Warning: Failed to read file '../../../Engine/Content/Editor/Slate/Niagara/Common/FlatButton.png' error.
[2023.05.06-14.41.29:927][  0]LogSlate: Could not find file for Slate resource: ../../../Engine/Content/Editor/Slate/Niagara/Common/FlatButton.png
[2023.05.06-14.41.29:927][  0]LogImageWrapper: Warning: PNG Warning: Duplicate iCCP chunk
[2023.05.06-14.41.29:927][  0]LogImageWrapper: Warning: PNG Warning: Duplicate iCCP chunk
[2023.05.06-14.41.30:034][  0]LogPython: Using Python 3.7.7
[2023.05.06-14.41.30:779][  0]LogTcpMessaging: Initializing TcpMessaging bridge
[2023.05.06-14.41.31:276][  0]LogUdpMessaging: Initializing bridge on interface 0.0.0.0:0 to multicast group 230.0.0.1:6666.
[2023.05.06-14.41.32:655][  0]SourceControl: Source control is disabled
[2023.05.06-14.41.32:655][  0]SourceControl: Source control is disabled
[2023.05.06-14.41.32:682][  0]SourceControl: Source control is disabled
[2023.05.06-14.41.32:708][  0]SourceControl: Source control is disabled
[2023.05.06-14.41.32:773][  0]SourceControl: Source control is disabled
[2023.05.06-14.41.32:812][  0]LogUProjectInfo: Found projects:
[2023.05.06-14.41.33:794][  0]LogOpenImageDenoise: OIDN starting up
[2023.05.06-14.41.34:160][  0]LogAndroidPermission: UAndroidPermissionCallbackProxy::GetInstance
[2023.05.06-14.41.34:388][  0]LogAudioCaptureCore: Display: No Audio Capture implementations found. Audio input will be silent.
[2023.05.06-14.41.34:388][  0]LogAudioCaptureCore: Display: No Audio Capture implementations found. Audio input will be silent.
[2023.05.06-14.41.34:950][  0]LogCollectionManager: Loaded 0 collections in 0.002109 seconds
[2023.05.06-14.41.35:080][  0]LogFileCache: Scanning file cache for directory 'E:/Asus/Documents/GitHub/TheTroubleMakers/Unreal Engine Project/SpeedLimit_UniAzad/Saved/Collections/' took 0.00s
[2023.05.06-14.41.35:080][  0]LogFileCache: Scanning file cache for directory 'E:/Asus/Documents/GitHub/TheTroubleMakers/Unreal Engine Project/SpeedLimit_UniAzad/Content/Developers/Asus/Collections/' took 0.00s
[2023.05.06-14.41.35:080][  0]LogFileCache: Scanning file cache for directory 'E:/Asus/Documents/GitHub/TheTroubleMakers/Unreal Engine Project/SpeedLimit_UniAzad/Content/Collections/' took 0.00s
[2023.05.06-14.41.35:080][  0]LogOcInput: OculusInput pre-init called
[2023.05.06-14.41.35:362][  0]LogStreaming: Warning: Failed to read file '../../../Engine/Content/Editor/Slate/Niagara/MenuSeparator.png' error.
[2023.05.06-14.41.35:362][  0]LogSlate: Could not find file for Slate resource: ../../../Engine/Content/Editor/Slate/Niagara/MenuSeparator.png
[2023.05.06-14.41.35:362][  0]LogStreaming: Warning: Failed to read file '../../../Engine/Content/Editor/Slate/Niagara/Common/Selector.png' error.
[2023.05.06-14.41.35:362][  0]LogStreaming: Warning: Failed to read file '../../../Engine/Content/Editor/Slate/Niagara/Common/Selection.png' error.
[2023.05.06-14.41.35:362][  0]LogSlate: Could not find file for Slate resource: ../../../Engine/Content/Editor/Slate/Niagara/Common/Selection.png
[2023.05.06-14.41.35:362][  0]LogStreaming: Warning: Failed to read file '../../../Engine/Content/Editor/Slate/Niagara/Common/DropZoneIndicator_Above.png' error.
[2023.05.06-14.41.35:362][  0]LogSlate: Could not find file for Slate resource: ../../../Engine/Content/Editor/Slate/Niagara/Common/DropZoneIndicator_Above.png
[2023.05.06-14.41.35:362][  0]LogStreaming: Warning: Failed to read file '../../../Engine/Content/Editor/Slate/Niagara/Common/DropZoneIndicator_Onto.png' error.
[2023.05.06-14.41.35:362][  0]LogSlate: Could not find file for Slate resource: ../../../Engine/Content/Editor/Slate/Niagara/Common/DropZoneIndicator_Onto.png
[2023.05.06-14.41.35:362][  0]LogSlate: Could not find file for Slate resource: ../../../Engine/Content/Editor/Slate/Niagara/Common/Selector.png
[2023.05.06-14.41.35:385][  0]LogStreaming: Warning: Failed to read file '../../../Engine/Content/Editor/Slate/Niagara/Common/DropZoneIndicator_Below.png' error.
[2023.05.06-14.41.35:385][  0]LogSlate: Could not find file for Slate resource: ../../../Engine/Content/Editor/Slate/Niagara/Common/DropZoneIndicator_Below.png
[2023.05.06-14.41.35:385][  0]LogStreaming: Warning: Failed to read file '../../../Engine/Content/Editor/Slate/Niagara/Common/FlatButton.png' error.
[2023.05.06-14.41.35:385][  0]LogSlate: Could not find file for Slate resource: ../../../Engine/Content/Editor/Slate/Niagara/Common/FlatButton.png
[2023.05.06-14.41.35:385][  0]LogStreaming: Warning: Failed to read file '../../../Engine/Content/Editor/Slate/Niagara/Common/RoundedSelection_16x.png' error.
[2023.05.06-14.41.35:385][  0]LogSlate: Could not find file for Slate resource: ../../../Engine/Content/Editor/Slate/Niagara/Common/RoundedSelection_16x.png
[2023.05.06-14.41.35:385][  0]LogImageWrapper: Warning: PNG Warning: Duplicate iCCP chunk
[2023.05.06-14.41.35:385][  0]LogImageWrapper: Warning: PNG Warning: Duplicate iCCP chunk
[2023.05.06-14.41.35:625][  0]LogEngine: Initializing Engine...
[2023.05.06-14.41.35:671][  0]LogHMD: Failed to enumerate extensions. Please check that you have a valid OpenXR runtime installed.
[2023.05.06-14.41.35:671][  0]LogHMD: Failed to initialize OpenVR with code 110
[2023.05.06-14.41.35:672][  0]LogMagicLeap: Warning: VR disabled because ZI is not enabled.  To enable, in the editor, Edit -> Project Settings -> Plugins -> Magic Leap Plugin -> Enable Zero Iteration
[2023.05.06-14.41.35:678][  0]LogStats: UGameplayTagsManager::InitializeManager -  0.002 s
[2023.05.06-14.41.36:059][  0]LogInit: Initializing FReadOnlyCVARCache
[2023.05.06-14.41.36:119][  0]LogAIModule: Creating AISystem for world Untitled
[2023.05.06-14.41.36:126][  0]LogAudio: Display: Initializing Audio Device Manager...
[2023.05.06-14.41.36:149][  0]LogAudio: Display: Loading Default Audio Settings Objects...
[2023.05.06-14.41.36:155][  0]LogAudio: Display: No default SoundConcurrencyObject specified (or failed to load).
[2023.05.06-14.41.36:157][  0]LogAudio: Display: Audio Device Manager Initialized
[2023.05.06-14.41.36:157][  0]LogAudio: Display: Creating Audio Device:                 Id: 1, Scope: Shared, Realtime: True
[2023.05.06-14.41.36:158][  0]LogAudioMixer: Display: Audio Mixer Platform Settings:
[2023.05.06-14.41.36:158][  0]LogAudioMixer: Display: 	Sample Rate:						  48000
[2023.05.06-14.41.36:158][  0]LogAudioMixer: Display: 	Callback Buffer Frame Size Requested: 1024
[2023.05.06-14.41.36:158][  0]LogAudioMixer: Display: 	Callback Buffer Frame Size To Use:	  1024
[2023.05.06-14.41.36:158][  0]LogAudioMixer: Display: 	Number of buffers to queue:			  2
[2023.05.06-14.41.36:158][  0]LogAudioMixer: Display: 	Max Channels (voices):				  32
[2023.05.06-14.41.36:158][  0]LogAudioMixer: Display: 	Number of Async Source Workers:		  0
[2023.05.06-14.41.36:159][  0]LogAudio: Display: AudioDevice MaxSources: 32
[2023.05.06-14.41.36:160][  0]LogAudio: Display: Audio Spatialization Plugin: None (built-in).
[2023.05.06-14.41.36:160][  0]LogAudio: Display: Audio Reverb Plugin: None (built-in).
[2023.05.06-14.41.36:160][  0]LogAudio: Display: Audio Occlusion Plugin: None (built-in).
[2023.05.06-14.41.36:160][  0]LogAudioMixer: Display: Initializing audio mixer.
[2023.05.06-14.41.36:221][  0]LogAudioMixer: Display: 0: FrontLeft
[2023.05.06-14.41.36:221][  0]LogAudioMixer: Display: 1: FrontRight
[2023.05.06-14.41.36:249][  0]LogAudioMixer: Display: Using Audio Device Mi TV (HD Audio Driver for Display Audio)
[2023.05.06-14.41.36:251][  0]LogAudioMixer: Display: Initializing Sound Submixes...
[2023.05.06-14.41.36:272][  0]LogAudioMixer: Display: Creating Master Submix 'MasterSubmixDefault'
[2023.05.06-14.41.36:273][  0]LogAudioMixer: Display: Creating Master Submix 'MasterReverbSubmixDefault'
[2023.05.06-14.41.36:275][  0]LogAudioMixer: Display: Creating Master Submix 'MasterEQSubmixDefault'
[2023.05.06-14.41.36:275][  0]LogAudioMixer: FMixerPlatformXAudio2::StartAudioStream() called
[2023.05.06-14.41.36:275][  0]LogAudioMixer: Display: Output buffers initialized: Frames=1024, Channels=2, Samples=2048
[2023.05.06-14.41.36:276][  0]LogAudioMixer: Display: Starting AudioMixerPlatformInterface::RunInternal()
[2023.05.06-14.41.36:276][  0]LogAudioMixer: Display: FMixerPlatformXAudio2::SubmitBuffer() called for the first time
[2023.05.06-14.41.36:276][  0]LogInit: FAudioDevice initialized.
[2023.05.06-14.41.36:277][  0]LogAudio: Display: Audio Device (ID: 1) registered with world 'Untitled'.
[2023.05.06-14.41.36:277][  0]LogNetVersion: Set ProjectVersion to 1.0.0.0. Version Checksum will be recalculated on next use.
[2023.05.06-14.41.36:335][  0]LogDerivedDataCache: Saved boot cache 0.06s 95MB C:/Users/Asus/AppData/Local/UnrealEngine/4.27/DerivedDataCache/Boot.ddc.
[2023.05.06-14.41.36:335][  0]LogInit: Texture streaming: Enabled
[2023.05.06-14.41.36:394][  0]LogAnalytics: Display: [UEEditor.Rocket.Release] APIServer = https://datarouter.ol.epicgames.com/. AppVersion = 4.27.0-17155196+++UE4+Release-4.27
[2023.05.06-14.41.36:410][  0]LogEngineSessionManager: EngineSessionManager initialized
[2023.05.06-14.41.36:410][  0]LogEditorSessionSummary: Verbose: Initializing EditorSessionSummaryWriter for editor session tracking
[2023.05.06-14.41.36:412][  0]LogEditorSessionSummary: EditorSessionSummaryWriter initialized
[2023.05.06-14.41.36:481][  0]LogInit: Transaction tracking system initialized
[2023.05.06-14.41.36:627][  0]BlueprintLog: New page: Editor Load
[2023.05.06-14.41.37:034][  0]LocalizationService: Localization service is disabled
[2023.05.06-14.41.37:230][  0]TimingProfiler: Initialize
[2023.05.06-14.41.37:231][  0]TimingProfiler: OnSessionChanged
[2023.05.06-14.41.37:231][  0]LoadingProfiler: Initialize
[2023.05.06-14.41.37:231][  0]LoadingProfiler: OnSessionChanged
[2023.05.06-14.41.37:232][  0]NetworkingProfiler: Initialize
[2023.05.06-14.41.37:232][  0]NetworkingProfiler: OnSessionChanged
[2023.05.06-14.41.37:232][  0]MemoryProfiler: Initialize
[2023.05.06-14.41.37:232][  0]MemoryProfiler: OnSessionChanged
[2023.05.06-14.41.37:783][  0]LogCook: Display: CookSettings for Memory: MemoryMaxUsedVirtual 0MiB, MemoryMaxUsedPhysical 16384MiB, MemoryMinFreeVirtual 0MiB, MemoryMinFreePhysical 1024MiB
[2023.05.06-14.41.37:783][  0]LogCook: Display: Mobile HDR setting 1
[2023.05.06-14.41.38:706][  0]LogFileCache: Scanning file cache for directory 'E:/Asus/Documents/GitHub/TheTroubleMakers/Unreal Engine Project/SpeedLimit_UniAzad/Content/' took 0.01s
[2023.05.06-14.41.39:012][  0]LogStreaming: Warning: Failed to read file '../../../Engine/Content/Editor/Slate/Niagara/MenuSeparator.png' error.
[2023.05.06-14.41.39:013][  0]LogSlate: Could not find file for Slate resource: ../../../Engine/Content/Editor/Slate/Niagara/MenuSeparator.png
[2023.05.06-14.41.39:013][  0]LogStreaming: Warning: Failed to read file '../../../Engine/Content/Editor/Slate/Niagara/Common/Selector.png' error.
[2023.05.06-14.41.39:013][  0]LogSlate: Could not find file for Slate resource: ../../../Engine/Content/Editor/Slate/Niagara/Common/Selector.png
[2023.05.06-14.41.39:013][  0]LogStreaming: Warning: Failed to read file '../../../Engine/Content/Editor/Slate/Niagara/Common/Selection.png' error.
[2023.05.06-14.41.39:013][  0]LogSlate: Could not find file for Slate resource: ../../../Engine/Content/Editor/Slate/Niagara/Common/Selection.png
[2023.05.06-14.41.39:013][  0]LogStreaming: Warning: Failed to read file '../../../Engine/Content/Editor/Slate/Niagara/Common/DropZoneIndicator_Above.png' error.
[2023.05.06-14.41.39:013][  0]LogSlate: Could not find file for Slate resource: ../../../Engine/Content/Editor/Slate/Niagara/Common/DropZoneIndicator_Above.png
[2023.05.06-14.41.39:013][  0]LogStreaming: Warning: Failed to read file '../../../Engine/Content/Editor/Slate/Niagara/Common/DropZoneIndicator_Onto.png' error.
[2023.05.06-14.41.39:013][  0]LogSlate: Could not find file for Slate resource: ../../../Engine/Content/Editor/Slate/Niagara/Common/DropZoneIndicator_Onto.png
[2023.05.06-14.41.39:013][  0]LogStreaming: Warning: Failed to read file '../../../Engine/Content/Editor/Slate/Niagara/Common/DropZoneIndicator_Below.png' error.
[2023.05.06-14.41.39:013][  0]LogSlate: Could not find file for Slate resource: ../../../Engine/Content/Editor/Slate/Niagara/Common/DropZoneIndicator_Below.png
[2023.05.06-14.41.39:013][  0]LogStreaming: Warning: Failed to read file '../../../Engine/Content/Editor/Slate/Niagara/Common/RoundedSelection_16x.png' error.
[2023.05.06-14.41.39:013][  0]LogStreaming: Warning: Failed to read file '../../../Engine/Content/Editor/Slate/Niagara/Common/FlatButton.png' error.
[2023.05.06-14.41.39:013][  0]LogSlate: Could not find file for Slate resource: ../../../Engine/Content/Editor/Slate/Niagara/Common/RoundedSelection_16x.png
[2023.05.06-14.41.39:013][  0]LogSlate: Could not find file for Slate resource: ../../../Engine/Content/Editor/Slate/Niagara/Common/FlatButton.png
[2023.05.06-14.41.39:013][  0]LogImageWrapper: Warning: PNG Warning: Duplicate iCCP chunk
[2023.05.06-14.41.39:013][  0]LogImageWrapper: Warning: PNG Warning: Duplicate iCCP chunk
[2023.05.06-14.41.39:013][  0]LogInit: Display: Engine is initialized. Leaving FEngineLoop::Init()
[2023.05.06-14.41.39:018][  0]SourceControl: Source control is disabled
[2023.05.06-14.41.39:018][  0]LogUnrealEdMisc: Loading editor; pre map load, took 27.068
[2023.05.06-14.41.39:019][  0]LightingResults: New page: Lighting Build
[2023.05.06-14.41.39:022][  0]LogWorld: UWorld::CleanupWorld for Untitled, bSessionEnded=true, bCleanupResources=true
[2023.05.06-14.41.39:022][  0]LogSlate: InvalidateAllWidgets triggered.  All widgets were invalidated
[2023.05.06-14.41.39:023][  0]MapCheck: New page: Map Check
[2023.05.06-14.41.39:023][  0]LightingResults: New page: Lighting Build
[2023.05.06-14.41.39:029][  0]LogAudio: Display: Audio Device unregistered from world 'None'.
[2023.05.06-14.41.39:034][  0]LogUObjectHash: Compacting FUObjectHashTables data took   0.55ms
[2023.05.06-14.41.40:671][  0]LogMaterial: Display: Missing cached shadermap for air_Condition in PCD3D_SM5, Default, SM5 (DDC key hash: DF19E522F453F81DF3D6C33B7E38C077ECEB0518), compiling. 
[2023.05.06-14.41.40:672][  0]LogMaterial: Warning: [AssetLog] E:\Asus\Documents\GitHub\TheTroubleMakers\Unreal Engine Project\SpeedLimit_UniAzad\Content\TheTroubleMakers\MahlaRanjbar\MyBuilding\air_Condition.uasset: Failed to compile Material for platform PCD3D_SM5, Default Material will be used in game.
[2023.05.06-14.41.40:672][  0]LogMaterial: Display: 	(Node TextureSample) Texture Sample> Missing input texture
[2023.05.06-14.41.41:581][  0]LogAudio: Display: Audio Device (ID: 1) registered with world 'Minimal_Default'.
[2023.05.06-14.41.41:582][  0]LogAIModule: Creating AISystem for world Minimal_Default
[2023.05.06-14.41.41:696][  0]LogEditorServer: Finished looking for orphan Actors (0.000 secs)
[2023.05.06-14.41.41:719][  0]LogUObjectHash: Compacting FUObjectHashTables data took   0.87ms
[2023.05.06-14.41.41:721][  0]Cmd: MAP CHECKDEP NOCLEARLOG
[2023.05.06-14.41.41:721][  0]MapCheck: Map check complete: 0 Error(s), 0 Warning(s), took 0.264ms to complete.
[2023.05.06-14.41.41:721][  0]LogFileHelpers: Loading map 'Minimal_Default' took 2.702
[2023.05.06-14.41.41:734][  0]LogUnrealEdMisc: Total Editor Startup Time, took 29.784
[2023.05.06-14.41.41:916][  0]LogSlate: Updating window title bar state: overlay mode, drag disabled, window buttons hidden, title bar hidden
[2023.05.06-14.41.41:922][  0]LogSlate: Updating window title bar state: overlay mode, drag disabled, window buttons hidden, title bar hidden
[2023.05.06-14.41.41:929][  0]LogSlate: Updating window title bar state: overlay mode, drag disabled, window buttons hidden, title bar hidden
[2023.05.06-14.41.41:933][  0]LogSlate: Updating window title bar state: overlay mode, drag disabled, window buttons hidden, title bar hidden
[2023.05.06-14.41.41:974][  0]LogNativeClassHierarchy: Verbose: Native class hierarchy populated in 0.0094 seconds. Added 3822 classes and 928 folders.
[2023.05.06-14.41.41:980][  0]LogNativeClassHierarchy: Verbose: Native class hierarchy updated for 'WidgetCarousel' in 0.0002 seconds. Added 0 classes and 0 folders.
[2023.05.06-14.41.42:000][  0]LogPakFile: PakFile PrimaryIndexSize=187
[2023.05.06-14.41.42:000][  0]LogPakFile: PakFile PathHashIndexSize=101
[2023.05.06-14.41.42:000][  0]LogPakFile: PakFile FullDirectoryIndexSize=148
[2023.05.06-14.41.42:000][  0]LogShaderLibrary: Display: ShaderCodeLibraryPakFileMountedCallback: PakFile 'E:/Downloads/unreal_engine_v4.27_compiled/Unreal Engine v4.27 Compiled/FeaturePacks/FP_FirstPerson.upack' (chunk index -1, root 'root:/') mounted
[2023.05.06-14.41.42:000][  0]LogShaderLibrary: Display: ShaderCodeLibraryPakFileMountedCallback: pending pak file info (ChunkID:-1 Root:root:/ File:E:/Downloads/unreal_engine_v4.27_compiled/Unreal Engine v4.27 Compiled/FeaturePacks/FP_FirstPerson.upack)
[2023.05.06-14.41.42:000][  0]LogPakFile: OnPakFileMounted2Time == 0.000378
[2023.05.06-14.41.42:010][  0]LogPakFile: PakFile PrimaryIndexSize=189
[2023.05.06-14.41.42:010][  0]LogPakFile: PakFile PathHashIndexSize=101
[2023.05.06-14.41.42:010][  0]LogPakFile: PakFile FullDirectoryIndexSize=152
[2023.05.06-14.41.42:010][  0]LogShaderLibrary: Display: ShaderCodeLibraryPakFileMountedCallback: PakFile 'E:/Downloads/unreal_engine_v4.27_compiled/Unreal Engine v4.27 Compiled/FeaturePacks/FP_FirstPersonBP.upack' (chunk index -1, root 'root:/') mounted
[2023.05.06-14.41.42:010][  0]LogShaderLibrary: Display: ShaderCodeLibraryPakFileMountedCallback: pending pak file info (ChunkID:-1 Root:root:/ File:E:/Downloads/unreal_engine_v4.27_compiled/Unreal Engine v4.27 Compiled/FeaturePacks/FP_FirstPersonBP.upack)
[2023.05.06-14.41.42:010][  0]LogPakFile: OnPakFileMounted2Time == 0.000059
[2023.05.06-14.41.42:016][  0]LogPakFile: PakFile PrimaryIndexSize=191
[2023.05.06-14.41.42:016][  0]LogPakFile: PakFile PathHashIndexSize=101
[2023.05.06-14.41.42:016][  0]LogPakFile: PakFile FullDirectoryIndexSize=160
[2023.05.06-14.41.42:016][  0]LogShaderLibrary: Display: ShaderCodeLibraryPakFileMountedCallback: PakFile 'E:/Downloads/unreal_engine_v4.27_compiled/Unreal Engine v4.27 Compiled/FeaturePacks/MobileStarterContent.upack' (chunk index -1, root 'root:/') mounted
[2023.05.06-14.41.42:016][  0]LogShaderLibrary: Display: ShaderCodeLibraryPakFileMountedCallback: pending pak file info (ChunkID:-1 Root:root:/ File:E:/Downloads/unreal_engine_v4.27_compiled/Unreal Engine v4.27 Compiled/FeaturePacks/MobileStarterContent.upack)
[2023.05.06-14.41.42:016][  0]LogPakFile: OnPakFileMounted2Time == 0.000028
[2023.05.06-14.41.42:021][  0]LogPakFile: PakFile PrimaryIndexSize=185
[2023.05.06-14.41.42:021][  0]LogPakFile: PakFile PathHashIndexSize=101
[2023.05.06-14.41.42:021][  0]LogPakFile: PakFile FullDirectoryIndexSize=148
[2023.05.06-14.41.42:021][  0]LogShaderLibrary: Display: ShaderCodeLibraryPakFileMountedCallback: PakFile 'E:/Downloads/unreal_engine_v4.27_compiled/Unreal Engine v4.27 Compiled/FeaturePacks/StarterContent.upack' (chunk index -1, root 'root:/') mounted
[2023.05.06-14.41.42:021][  0]LogShaderLibrary: Display: ShaderCodeLibraryPakFileMountedCallback: pending pak file info (ChunkID:-1 Root:root:/ File:E:/Downloads/unreal_engine_v4.27_compiled/Unreal Engine v4.27 Compiled/FeaturePacks/StarterContent.upack)
[2023.05.06-14.41.42:021][  0]LogPakFile: OnPakFileMounted2Time == 0.000030
[2023.05.06-14.41.42:026][  0]LogPakFile: PakFile PrimaryIndexSize=190
[2023.05.06-14.41.42:027][  0]LogPakFile: PakFile PathHashIndexSize=101
[2023.05.06-14.41.42:027][  0]LogPakFile: PakFile FullDirectoryIndexSize=154
[2023.05.06-14.41.42:027][  0]LogShaderLibrary: Display: ShaderCodeLibraryPakFileMountedCallback: PakFile 'E:/Downloads/unreal_engine_v4.27_compiled/Unreal Engine v4.27 Compiled/FeaturePacks/TP_2DSideScroller.upack' (chunk index -1, root 'root:/') mounted
[2023.05.06-14.41.42:027][  0]LogShaderLibrary: Display: ShaderCodeLibraryPakFileMountedCallback: pending pak file info (ChunkID:-1 Root:root:/ File:E:/Downloads/unreal_engine_v4.27_compiled/Unreal Engine v4.27 Compiled/FeaturePacks/TP_2DSideScroller.upack)
[2023.05.06-14.41.42:027][  0]LogPakFile: OnPakFileMounted2Time == 0.000041
[2023.05.06-14.41.42:032][  0]LogPakFile: PakFile PrimaryIndexSize=192
[2023.05.06-14.41.42:032][  0]LogPakFile: PakFile PathHashIndexSize=101
[2023.05.06-14.41.42:032][  0]LogPakFile: PakFile FullDirectoryIndexSize=158
[2023.05.06-14.41.42:032][  0]LogShaderLibrary: Display: ShaderCodeLibraryPakFileMountedCallback: PakFile 'E:/Downloads/unreal_engine_v4.27_compiled/Unreal Engine v4.27 Compiled/FeaturePacks/TP_2DSideScrollerBP.upack' (chunk index -1, root 'root:/') mounted
[2023.05.06-14.41.42:032][  0]LogShaderLibrary: Display: ShaderCodeLibraryPakFileMountedCallback: pending pak file info (ChunkID:-1 Root:root:/ File:E:/Downloads/unreal_engine_v4.27_compiled/Unreal Engine v4.27 Compiled/FeaturePacks/TP_2DSideScrollerBP.upack)
[2023.05.06-14.41.42:032][  0]LogPakFile: OnPakFileMounted2Time == 0.000026
[2023.05.06-14.41.42:037][  0]LogPakFile: PakFile PrimaryIndexSize=182
[2023.05.06-14.41.42:037][  0]LogPakFile: PakFile PathHashIndexSize=101
[2023.05.06-14.41.42:037][  0]LogPakFile: PakFile FullDirectoryIndexSize=138
[2023.05.06-14.41.42:037][  0]LogShaderLibrary: Display: ShaderCodeLibraryPakFileMountedCallback: PakFile 'E:/Downloads/unreal_engine_v4.27_compiled/Unreal Engine v4.27 Compiled/FeaturePacks/TP_Flying.upack' (chunk index -1, root 'root:/') mounted
[2023.05.06-14.41.42:037][  0]LogShaderLibrary: Display: ShaderCodeLibraryPakFileMountedCallback: pending pak file info (ChunkID:-1 Root:root:/ File:E:/Downloads/unreal_engine_v4.27_compiled/Unreal Engine v4.27 Compiled/FeaturePacks/TP_Flying.upack)
[2023.05.06-14.41.42:037][  0]LogPakFile: OnPakFileMounted2Time == 0.000031
[2023.05.06-14.41.42:043][  0]LogPakFile: PakFile PrimaryIndexSize=184
[2023.05.06-14.41.42:043][  0]LogPakFile: PakFile PathHashIndexSize=101
[2023.05.06-14.41.42:043][  0]LogPakFile: PakFile FullDirectoryIndexSize=142
[2023.05.06-14.41.42:043][  0]LogShaderLibrary: Display: ShaderCodeLibraryPakFileMountedCallback: PakFile 'E:/Downloads/unreal_engine_v4.27_compiled/Unreal Engine v4.27 Compiled/FeaturePacks/TP_FlyingBP.upack' (chunk index -1, root 'root:/') mounted
[2023.05.06-14.41.42:043][  0]LogShaderLibrary: Display: ShaderCodeLibraryPakFileMountedCallback: pending pak file info (ChunkID:-1 Root:root:/ File:E:/Downloads/unreal_engine_v4.27_compiled/Unreal Engine v4.27 Compiled/FeaturePacks/TP_FlyingBP.upack)
[2023.05.06-14.41.42:043][  0]LogPakFile: OnPakFileMounted2Time == 0.000028
[2023.05.06-14.41.42:049][  0]LogPakFile: PakFile PrimaryIndexSize=188
[2023.05.06-14.41.42:049][  0]LogPakFile: PakFile PathHashIndexSize=101
[2023.05.06-14.41.42:049][  0]LogPakFile: PakFile FullDirectoryIndexSize=150
[2023.05.06-14.41.42:049][  0]LogShaderLibrary: Display: ShaderCodeLibraryPakFileMountedCallback: PakFile 'E:/Downloads/unreal_engine_v4.27_compiled/Unreal Engine v4.27 Compiled/FeaturePacks/TP_HandheldARBP.upack' (chunk index -1, root 'root:/') mounted
[2023.05.06-14.41.42:049][  0]LogShaderLibrary: Display: ShaderCodeLibraryPakFileMountedCallback: pending pak file info (ChunkID:-1 Root:root:/ File:E:/Downloads/unreal_engine_v4.27_compiled/Unreal Engine v4.27 Compiled/FeaturePacks/TP_HandheldARBP.upack)
[2023.05.06-14.41.42:049][  0]LogPakFile: OnPakFileMounted2Time == 0.000027
[2023.05.06-14.41.42:055][  0]LogPakFile: PakFile PrimaryIndexSize=182
[2023.05.06-14.41.42:055][  0]LogPakFile: PakFile PathHashIndexSize=101
[2023.05.06-14.41.42:055][  0]LogPakFile: PakFile FullDirectoryIndexSize=138
[2023.05.06-14.41.42:055][  0]LogShaderLibrary: Display: ShaderCodeLibraryPakFileMountedCallback: PakFile 'E:/Downloads/unreal_engine_v4.27_compiled/Unreal Engine v4.27 Compiled/FeaturePacks/TP_Puzzle.upack' (chunk index -1, root 'root:/') mounted
[2023.05.06-14.41.42:055][  0]LogShaderLibrary: Display: ShaderCodeLibraryPakFileMountedCallback: pending pak file info (ChunkID:-1 Root:root:/ File:E:/Downloads/unreal_engine_v4.27_compiled/Unreal Engine v4.27 Compiled/FeaturePacks/TP_Puzzle.upack)
[2023.05.06-14.41.42:055][  0]LogPakFile: OnPakFileMounted2Time == 0.000030
[2023.05.06-14.41.42:060][  0]LogPakFile: PakFile PrimaryIndexSize=184
[2023.05.06-14.41.42:060][  0]LogPakFile: PakFile PathHashIndexSize=101
[2023.05.06-14.41.42:060][  0]LogPakFile: PakFile FullDirectoryIndexSize=142
[2023.05.06-14.41.42:060][  0]LogShaderLibrary: Display: ShaderCodeLibraryPakFileMountedCallback: PakFile 'E:/Downloads/unreal_engine_v4.27_compiled/Unreal Engine v4.27 Compiled/FeaturePacks/TP_PuzzleBP.upack' (chunk index -1, root 'root:/') mounted
[2023.05.06-14.41.42:060][  0]LogShaderLibrary: Display: ShaderCodeLibraryPakFileMountedCallback: pending pak file info (ChunkID:-1 Root:root:/ File:E:/Downloads/unreal_engine_v4.27_compiled/Unreal Engine v4.27 Compiled/FeaturePacks/TP_PuzzleBP.upack)
[2023.05.06-14.41.42:060][  0]LogPakFile: OnPakFileMounted2Time == 0.000035
[2023.05.06-14.41.42:066][  0]LogPakFile: PakFile PrimaryIndexSize=183
[2023.05.06-14.41.42:066][  0]LogPakFile: PakFile PathHashIndexSize=101
[2023.05.06-14.41.42:066][  0]LogPakFile: PakFile FullDirectoryIndexSize=140
[2023.05.06-14.41.42:066][  0]LogShaderLibrary: Display: ShaderCodeLibraryPakFileMountedCallback: PakFile 'E:/Downloads/unreal_engine_v4.27_compiled/Unreal Engine v4.27 Compiled/FeaturePacks/TP_Rolling.upack' (chunk index -1, root 'root:/') mounted
[2023.05.06-14.41.42:066][  0]LogShaderLibrary: Display: ShaderCodeLibraryPakFileMountedCallback: pending pak file info (ChunkID:-1 Root:root:/ File:E:/Downloads/unreal_engine_v4.27_compiled/Unreal Engine v4.27 Compiled/FeaturePacks/TP_Rolling.upack)
[2023.05.06-14.41.42:066][  0]LogPakFile: OnPakFileMounted2Time == 0.000039
[2023.05.06-14.41.42:075][  0]LogPakFile: PakFile PrimaryIndexSize=185
[2023.05.06-14.41.42:075][  0]LogPakFile: PakFile PathHashIndexSize=101
[2023.05.06-14.41.42:075][  0]LogPakFile: PakFile FullDirectoryIndexSize=144
[2023.05.06-14.41.42:075][  0]LogShaderLibrary: Display: ShaderCodeLibraryPakFileMountedCallback: PakFile 'E:/Downloads/unreal_engine_v4.27_compiled/Unreal Engine v4.27 Compiled/FeaturePacks/TP_RollingBP.upack' (chunk index -1, root 'root:/') mounted
[2023.05.06-14.41.42:075][  0]LogShaderLibrary: Display: ShaderCodeLibraryPakFileMountedCallback: pending pak file info (ChunkID:-1 Root:root:/ File:E:/Downloads/unreal_engine_v4.27_compiled/Unreal Engine v4.27 Compiled/FeaturePacks/TP_RollingBP.upack)
[2023.05.06-14.41.42:075][  0]LogPakFile: OnPakFileMounted2Time == 0.000041
[2023.05.06-14.41.42:082][  0]LogPakFile: PakFile PrimaryIndexSize=188
[2023.05.06-14.41.42:082][  0]LogPakFile: PakFile PathHashIndexSize=101
[2023.05.06-14.41.42:082][  0]LogPakFile: PakFile FullDirectoryIndexSize=150
[2023.05.06-14.41.42:082][  0]LogShaderLibrary: Display: ShaderCodeLibraryPakFileMountedCallback: PakFile 'E:/Downloads/unreal_engine_v4.27_compiled/Unreal Engine v4.27 Compiled/FeaturePacks/TP_SideScroller.upack' (chunk index -1, root 'root:/') mounted
[2023.05.06-14.41.42:082][  0]LogShaderLibrary: Display: ShaderCodeLibraryPakFileMountedCallback: pending pak file info (ChunkID:-1 Root:root:/ File:E:/Downloads/unreal_engine_v4.27_compiled/Unreal Engine v4.27 Compiled/FeaturePacks/TP_SideScroller.upack)
[2023.05.06-14.41.42:082][  0]LogPakFile: OnPakFileMounted2Time == 0.000029
[2023.05.06-14.41.42:087][  0]LogPakFile: PakFile PrimaryIndexSize=190
[2023.05.06-14.41.42:087][  0]LogPakFile: PakFile PathHashIndexSize=101
[2023.05.06-14.41.42:087][  0]LogPakFile: PakFile FullDirectoryIndexSize=154
[2023.05.06-14.41.42:087][  0]LogShaderLibrary: Display: ShaderCodeLibraryPakFileMountedCallback: PakFile 'E:/Downloads/unreal_engine_v4.27_compiled/Unreal Engine v4.27 Compiled/FeaturePacks/TP_SideScrollerBP.upack' (chunk index -1, root 'root:/') mounted
[2023.05.06-14.41.42:087][  0]LogShaderLibrary: Display: ShaderCodeLibraryPakFileMountedCallback: pending pak file info (ChunkID:-1 Root:root:/ File:E:/Downloads/unreal_engine_v4.27_compiled/Unreal Engine v4.27 Compiled/FeaturePacks/TP_SideScrollerBP.upack)
[2023.05.06-14.41.42:087][  0]LogPakFile: OnPakFileMounted2Time == 0.000028
[2023.05.06-14.41.42:093][  0]LogPakFile: PakFile PrimaryIndexSize=187
[2023.05.06-14.41.42:093][  0]LogPakFile: PakFile PathHashIndexSize=101
[2023.05.06-14.41.42:093][  0]LogPakFile: PakFile FullDirectoryIndexSize=148
[2023.05.06-14.41.42:093][  0]LogShaderLibrary: Display: ShaderCodeLibraryPakFileMountedCallback: PakFile 'E:/Downloads/unreal_engine_v4.27_compiled/Unreal Engine v4.27 Compiled/FeaturePacks/TP_ThirdPerson.upack' (chunk index -1, root 'root:/') mounted
[2023.05.06-14.41.42:093][  0]LogShaderLibrary: Display: ShaderCodeLibraryPakFileMountedCallback: pending pak file info (ChunkID:-1 Root:root:/ File:E:/Downloads/unreal_engine_v4.27_compiled/Unreal Engine v4.27 Compiled/FeaturePacks/TP_ThirdPerson.upack)
[2023.05.06-14.41.42:093][  0]LogPakFile: OnPakFileMounted2Time == 0.000052
[2023.05.06-14.41.42:098][  0]LogPakFile: PakFile PrimaryIndexSize=189
[2023.05.06-14.41.42:098][  0]LogPakFile: PakFile PathHashIndexSize=101
[2023.05.06-14.41.42:098][  0]LogPakFile: PakFile FullDirectoryIndexSize=152
[2023.05.06-14.41.42:098][  0]LogShaderLibrary: Display: ShaderCodeLibraryPakFileMountedCallback: PakFile 'E:/Downloads/unreal_engine_v4.27_compiled/Unreal Engine v4.27 Compiled/FeaturePacks/TP_ThirdPersonBP.upack' (chunk index -1, root 'root:/') mounted
[2023.05.06-14.41.42:098][  0]LogShaderLibrary: Display: ShaderCodeLibraryPakFileMountedCallback: pending pak file info (ChunkID:-1 Root:root:/ File:E:/Downloads/unreal_engine_v4.27_compiled/Unreal Engine v4.27 Compiled/FeaturePacks/TP_ThirdPersonBP.upack)
[2023.05.06-14.41.42:098][  0]LogPakFile: OnPakFileMounted2Time == 0.000027
[2023.05.06-14.41.42:107][  0]LogPakFile: PakFile PrimaryIndexSize=183
[2023.05.06-14.41.42:107][  0]LogPakFile: PakFile PathHashIndexSize=101
[2023.05.06-14.41.42:107][  0]LogPakFile: PakFile FullDirectoryIndexSize=140
[2023.05.06-14.41.42:107][  0]LogShaderLibrary: Display: ShaderCodeLibraryPakFileMountedCallback: PakFile 'E:/Downloads/unreal_engine_v4.27_compiled/Unreal Engine v4.27 Compiled/FeaturePacks/TP_TopDown.upack' (chunk index -1, root 'root:/') mounted
[2023.05.06-14.41.42:107][  0]LogShaderLibrary: Display: ShaderCodeLibraryPakFileMountedCallback: pending pak file info (ChunkID:-1 Root:root:/ File:E:/Downloads/unreal_engine_v4.27_compiled/Unreal Engine v4.27 Compiled/FeaturePacks/TP_TopDown.upack)
[2023.05.06-14.41.42:107][  0]LogPakFile: OnPakFileMounted2Time == 0.000042
[2023.05.06-14.41.42:113][  0]LogPakFile: PakFile PrimaryIndexSize=185
[2023.05.06-14.41.42:113][  0]LogPakFile: PakFile PathHashIndexSize=101
[2023.05.06-14.41.42:113][  0]LogPakFile: PakFile FullDirectoryIndexSize=144
[2023.05.06-14.41.42:113][  0]LogShaderLibrary: Display: ShaderCodeLibraryPakFileMountedCallback: PakFile 'E:/Downloads/unreal_engine_v4.27_compiled/Unreal Engine v4.27 Compiled/FeaturePacks/TP_TopDownBP.upack' (chunk index -1, root 'root:/') mounted
[2023.05.06-14.41.42:113][  0]LogShaderLibrary: Display: ShaderCodeLibraryPakFileMountedCallback: pending pak file info (ChunkID:-1 Root:root:/ File:E:/Downloads/unreal_engine_v4.27_compiled/Unreal Engine v4.27 Compiled/FeaturePacks/TP_TopDownBP.upack)
[2023.05.06-14.41.42:113][  0]LogPakFile: OnPakFileMounted2Time == 0.000030
[2023.05.06-14.41.42:120][  0]LogPakFile: PakFile PrimaryIndexSize=185
[2023.05.06-14.41.42:120][  0]LogPakFile: PakFile PathHashIndexSize=101
[2023.05.06-14.41.42:120][  0]LogPakFile: PakFile FullDirectoryIndexSize=144
[2023.05.06-14.41.42:120][  0]LogShaderLibrary: Display: ShaderCodeLibraryPakFileMountedCallback: PakFile 'E:/Downloads/unreal_engine_v4.27_compiled/Unreal Engine v4.27 Compiled/FeaturePacks/TP_TwinStick.upack' (chunk index -1, root 'root:/') mounted
[2023.05.06-14.41.42:120][  0]LogShaderLibrary: Display: ShaderCodeLibraryPakFileMountedCallback: pending pak file info (ChunkID:-1 Root:root:/ File:E:/Downloads/unreal_engine_v4.27_compiled/Unreal Engine v4.27 Compiled/FeaturePacks/TP_TwinStick.upack)
[2023.05.06-14.41.42:120][  0]LogPakFile: OnPakFileMounted2Time == 0.000028
[2023.05.06-14.41.42:124][  0]LogPakFile: PakFile PrimaryIndexSize=187
[2023.05.06-14.41.42:124][  0]LogPakFile: PakFile PathHashIndexSize=101
[2023.05.06-14.41.42:124][  0]LogPakFile: PakFile FullDirectoryIndexSize=148
[2023.05.06-14.41.42:124][  0]LogShaderLibrary: Display: ShaderCodeLibraryPakFileMountedCallback: PakFile 'E:/Downloads/unreal_engine_v4.27_compiled/Unreal Engine v4.27 Compiled/FeaturePacks/TP_TwinStickBP.upack' (chunk index -1, root 'root:/') mounted
[2023.05.06-14.41.42:124][  0]LogShaderLibrary: Display: ShaderCodeLibraryPakFileMountedCallback: pending pak file info (ChunkID:-1 Root:root:/ File:E:/Downloads/unreal_engine_v4.27_compiled/Unreal Engine v4.27 Compiled/FeaturePacks/TP_TwinStickBP.upack)
[2023.05.06-14.41.42:125][  0]LogPakFile: OnPakFileMounted2Time == 0.000029
[2023.05.06-14.41.42:132][  0]LogPakFile: PakFile PrimaryIndexSize=183
[2023.05.06-14.41.42:132][  0]LogPakFile: PakFile PathHashIndexSize=101
[2023.05.06-14.41.42:132][  0]LogPakFile: PakFile FullDirectoryIndexSize=140
[2023.05.06-14.41.42:132][  0]LogShaderLibrary: Display: ShaderCodeLibraryPakFileMountedCallback: PakFile 'E:/Downloads/unreal_engine_v4.27_compiled/Unreal Engine v4.27 Compiled/FeaturePacks/TP_Vehicle.upack' (chunk index -1, root 'root:/') mounted
[2023.05.06-14.41.42:132][  0]LogShaderLibrary: Display: ShaderCodeLibraryPakFileMountedCallback: pending pak file info (ChunkID:-1 Root:root:/ File:E:/Downloads/unreal_engine_v4.27_compiled/Unreal Engine v4.27 Compiled/FeaturePacks/TP_Vehicle.upack)
[2023.05.06-14.41.42:132][  0]LogPakFile: OnPakFileMounted2Time == 0.000033
[2023.05.06-14.41.42:136][  0]LogPakFile: PakFile PrimaryIndexSize=186
[2023.05.06-14.41.42:136][  0]LogPakFile: PakFile PathHashIndexSize=101
[2023.05.06-14.41.42:136][  0]LogPakFile: PakFile FullDirectoryIndexSize=146
[2023.05.06-14.41.42:136][  0]LogShaderLibrary: Display: ShaderCodeLibraryPakFileMountedCallback: PakFile 'E:/Downloads/unreal_engine_v4.27_compiled/Unreal Engine v4.27 Compiled/FeaturePacks/TP_VehicleAdv.upack' (chunk index -1, root 'root:/') mounted
[2023.05.06-14.41.42:138][  0]LogShaderLibrary: Display: ShaderCodeLibraryPakFileMountedCallback: pending pak file info (ChunkID:-1 Root:root:/ File:E:/Downloads/unreal_engine_v4.27_compiled/Unreal Engine v4.27 Compiled/FeaturePacks/TP_VehicleAdv.upack)
[2023.05.06-14.41.42:138][  0]LogPakFile: OnPakFileMounted2Time == 0.000049
[2023.05.06-14.41.42:144][  0]LogPakFile: PakFile PrimaryIndexSize=188
[2023.05.06-14.41.42:144][  0]LogPakFile: PakFile PathHashIndexSize=101
[2023.05.06-14.41.42:144][  0]LogPakFile: PakFile FullDirectoryIndexSize=150
[2023.05.06-14.41.42:144][  0]LogShaderLibrary: Display: ShaderCodeLibraryPakFileMountedCallback: PakFile 'E:/Downloads/unreal_engine_v4.27_compiled/Unreal Engine v4.27 Compiled/FeaturePacks/TP_VehicleAdvBP.upack' (chunk index -1, root 'root:/') mounted
[2023.05.06-14.41.42:144][  0]LogShaderLibrary: Display: ShaderCodeLibraryPakFileMountedCallback: pending pak file info (ChunkID:-1 Root:root:/ File:E:/Downloads/unreal_engine_v4.27_compiled/Unreal Engine v4.27 Compiled/FeaturePacks/TP_VehicleAdvBP.upack)
[2023.05.06-14.41.42:144][  0]LogPakFile: OnPakFileMounted2Time == 0.000029
[2023.05.06-14.41.42:148][  0]LogPakFile: PakFile PrimaryIndexSize=185
[2023.05.06-14.41.42:148][  0]LogPakFile: PakFile PathHashIndexSize=101
[2023.05.06-14.41.42:148][  0]LogPakFile: PakFile FullDirectoryIndexSize=144
[2023.05.06-14.41.42:148][  0]LogShaderLibrary: Display: ShaderCodeLibraryPakFileMountedCallback: PakFile 'E:/Downloads/unreal_engine_v4.27_compiled/Unreal Engine v4.27 Compiled/FeaturePacks/TP_VehicleBP.upack' (chunk index -1, root 'root:/') mounted
[2023.05.06-14.41.42:148][  0]LogShaderLibrary: Display: ShaderCodeLibraryPakFileMountedCallback: pending pak file info (ChunkID:-1 Root:root:/ File:E:/Downloads/unreal_engine_v4.27_compiled/Unreal Engine v4.27 Compiled/FeaturePacks/TP_VehicleBP.upack)
[2023.05.06-14.41.42:148][  0]LogPakFile: OnPakFileMounted2Time == 0.000031
[2023.05.06-14.41.42:154][  0]LogPakFile: PakFile PrimaryIndexSize=192
[2023.05.06-14.41.42:154][  0]LogPakFile: PakFile PathHashIndexSize=101
[2023.05.06-14.41.42:154][  0]LogPakFile: PakFile FullDirectoryIndexSize=158
[2023.05.06-14.41.42:154][  0]LogShaderLibrary: Display: ShaderCodeLibraryPakFileMountedCallback: PakFile 'E:/Downloads/unreal_engine_v4.27_compiled/Unreal Engine v4.27 Compiled/FeaturePacks/TP_VirtualRealityBP.upack' (chunk index -1, root 'root:/') mounted
[2023.05.06-14.41.42:154][  0]LogShaderLibrary: Display: ShaderCodeLibraryPakFileMountedCallback: pending pak file info (ChunkID:-1 Root:root:/ File:E:/Downloads/unreal_engine_v4.27_compiled/Unreal Engine v4.27 Compiled/FeaturePacks/TP_VirtualRealityBP.upack)
[2023.05.06-14.41.42:154][  0]LogPakFile: OnPakFileMounted2Time == 0.000040
[2023.05.06-14.41.42:471][  0]LogNativeClassHierarchy: Verbose: Native class hierarchy updated for 'AddContentDialog' in 0.0003 seconds. Added 0 classes and 0 folders.
[2023.05.06-14.41.42:474][  0]LogNativeClassHierarchy: Verbose: Native class hierarchy updated for 'SceneOutliner' in 0.0002 seconds. Added 2 classes and 0 folders.
[2023.05.06-14.41.42:632][  0]LogSlate: Took 0.006126 seconds to synchronously load lazily loaded font '../../../Engine/Content/Slate/Fonts/Roboto-Regular.ttf' (155K)
[2023.05.06-14.41.42:639][  0]LogSlate: Took 0.005386 seconds to synchronously load lazily loaded font '../../../Engine/Content/Editor/Slate/Fonts/FontAwesome.ttf' (139K)
[2023.05.06-14.41.42:645][  0]LogSlate: Took 0.005156 seconds to synchronously load lazily loaded font '../../../Engine/Content/Slate/Fonts/Roboto-Bold.ttf' (160K)
[2023.05.06-14.41.42:790][  0]LogRenderer: Reallocating scene render targets to support 1108x548 Format 10 NumSamples 1 (Frame:1).
[2023.05.06-14.41.43:020][  0]LogNativeClassHierarchy: Verbose: Native class hierarchy updated for 'HierarchicalLODOutliner' in 0.0003 seconds. Added 0 classes and 0 folders.
[2023.05.06-14.41.43:020][  0]LogLoad: (Engine Initialization) Total time: 31.07 seconds
[2023.05.06-14.41.43:020][  0]LogLoad: (Engine Initialization) Total Blueprint compile time: 0.00 seconds
[2023.05.06-14.41.43:087][  0]LogAssetRegistry: Asset discovery search completed in 18.8397 seconds
[2023.05.06-14.41.43:116][  0]LogCollectionManager: Fixed up redirectors for 0 collections in 0.000004 seconds (updated 0 objects)
[2023.05.06-14.41.43:147][  0]LogContentStreaming: Texture pool size now 1000 MB
[2023.05.06-14.41.43:736][  2]LogSlate: Took 0.007028 seconds to synchronously load lazily loaded font '../../../Engine/Content/Slate/Fonts/Roboto-Light.ttf' (167K)
[2023.05.06-14.41.55:850][511]LogUObjectHash: Compacting FUObjectHashTables data took   1.00ms
[2023.05.06-14.41.57:567][511]LogSlate: Window 'Delete Assets' being destroyed
[2023.05.06-14.41.57:595][511]LogUObjectGlobals: Force Deleting 42 Package(s):
	Asset Name: /Game/TheTroubleMakers/Alikhorshidi/Asset/Material/05_CONCRETE_MWAY_SIDE_jpg5ac5788d-c995-4c22-a783-850124594bb3Larger.05_CONCRETE_MWAY_SIDE_jpg5ac5788d-c995-4c22-a783-850124594bb3Larger
	Asset Name: /Game/TheTroubleMakers/Alikhorshidi/Asset/Material/05_CONCRETE_MWAY_SIDE_jpg5ac5788d-c995-4c22-a783-850124594bb3Larger_ncl1_1.05_CONCRETE_MWAY_SIDE_jpg5ac5788d-c995-4c22-a783-850124594bb3Larger_ncl1_1
	Asset Name: /Game/TheTroubleMakers/Alikhorshidi/Asset/Material/05_CONCRETE_MWAY_SIDE_jpg5ac5788d-c995-4c22-a783-850124594bb3Larger_ncl1_2.05_CONCRETE_MWAY_SIDE_jpg5ac5788d-c995-4c22-a783-850124594bb3Larger_ncl1_2
	Asset Name: /Game/TheTroubleMakers/Alikhorshidi/Asset/Material/05_CONCRETE_MWAY_SIDE_jpg5ac5788d-c995-4c22-a783-850124594bb3Larger_ncl1_3.05_CONCRETE_MWAY_SIDE_jpg5ac5788d-c995-4c22-a783-850124594bb3Larger_ncl1_3
	Asset Name: /Game/TheTroubleMakers/Alikhorshidi/Asset/Material/05_CONCRETE_MWAY_SIDE_jpg5ac5788d-c995-4c22-a783-850124594bb3Larger_ncl1_4.05_CONCRETE_MWAY_SIDE_jpg5ac5788d-c995-4c22-a783-850124594bb3Larger_ncl1_4
	Asset Name: /Game/TheTroubleMakers/Alikhorshidi/Asset/Material/Base_Ground_Uni_f.Base_Ground_Uni_f
	Asset Name: /Game/TheTroubleMakers/Alikhorshidi/Asset/Material/Floor.Floor
	Asset Name: /Game/TheTroubleMakers/Alikhorshidi/Asset/Material/Floor_2.Floor_2
	Asset Name: /Game/TheTroubleMakers/Alikhorshidi/Asset/Material/floor_tiles_02_diff_4k.floor_tiles_02_diff_4k
	Asset Name: /Game/TheTroubleMakers/Alikhorshidi/Asset/Material/forrest_ground_01_diff_2k.forrest_ground_01_diff_2k
[2023.05.06-14.41.57:617][511]LogSlate: Took 0.000131 seconds to synchronously load lazily loaded font '../../../Engine/Content/Slate/Fonts/Roboto-Light.ttf' (167K)
[2023.05.06-14.41.59:228][511]LogMaterial: Display: Missing cached shadermap for Floor in PCD3D_SM5, Default, SM5 (DDC key hash: 17352916BD9202F5137D176C91862A0996F2368E), compiling. 
[2023.05.06-14.41.59:228][511]LogMaterial: Warning: [AssetLog] E:\Asus\Documents\GitHub\TheTroubleMakers\Unreal Engine Project\SpeedLimit_UniAzad\Content\TheTroubleMakers\Alikhorshidi\Asset\Material\Floor.uasset: Failed to compile Material for platform PCD3D_SM5, Default Material will be used in game.
[2023.05.06-14.41.59:228][511]LogMaterial: Display: 	(Node TextureSample) Texture Sample> Missing input texture
[2023.05.06-14.41.59:230][511]LogMaterial: Display: Missing cached shadermap for Floor_2 in PCD3D_SM5, Default, SM5 (DDC key hash: 331AD84BABCF89FC7268F8DDF88310146F51FF37), compiling. 
[2023.05.06-14.41.59:231][511]LogMaterial: Warning: [AssetLog] E:\Asus\Documents\GitHub\TheTroubleMakers\Unreal Engine Project\SpeedLimit_UniAzad\Content\TheTroubleMakers\Alikhorshidi\Asset\Material\Floor_2.uasset: Failed to compile Material for platform PCD3D_SM5, Default Material will be used in game.
[2023.05.06-14.41.59:231][511]LogMaterial: Display: 	(Node TextureSample) Texture Sample> Missing input texture
[2023.05.06-14.41.59:233][511]LogMaterial: Display: Missing cached shadermap for Ground in PCD3D_SM5, Default, SM5 (DDC key hash: 2E88F15A243F2B31550D1D8373B16973E92645A6), compiling. 
[2023.05.06-14.41.59:233][511]LogMaterial: Warning: [AssetLog] E:\Asus\Documents\GitHub\TheTroubleMakers\Unreal Engine Project\SpeedLimit_UniAzad\Content\TheTroubleMakers\Alikhorshidi\Asset\Material\Ground.uasset: Failed to compile Material for platform PCD3D_SM5, Default Material will be used in game.
[2023.05.06-14.41.59:233][511]LogMaterial: Display: 	(Node TextureSample) Texture Sample> Missing input texture
[2023.05.06-14.41.59:235][511]LogMaterial: Display: Missing cached shadermap for Ground_001 in PCD3D_SM5, Default, SM5 (DDC key hash: 5600E2B1E797FE98BEEC15A1DC4D99C5BECB1FF0), compiling. 
[2023.05.06-14.41.59:235][511]LogMaterial: Warning: [AssetLog] E:\Asus\Documents\GitHub\TheTroubleMakers\Unreal Engine Project\SpeedLimit_UniAzad\Content\TheTroubleMakers\Alikhorshidi\Asset\Material\Ground_001.uasset: Failed to compile Material for platform PCD3D_SM5, Default Material will be used in game.
[2023.05.06-14.41.59:235][511]LogMaterial: Display: 	(Node TextureSample) Texture Sample> Missing input texture
[2023.05.06-14.41.59:236][511]LogMaterial: Display: Missing cached shadermap for Ground_003 in PCD3D_SM5, Default, SM5 (DDC key hash: 3DFFCA5A59647213405E1B61FEE49B018C6D3787), compiling. 
[2023.05.06-14.41.59:237][511]LogMaterial: Warning: [AssetLog] E:\Asus\Documents\GitHub\TheTroubleMakers\Unreal Engine Project\SpeedLimit_UniAzad\Content\TheTroubleMakers\Alikhorshidi\Asset\Material\Ground_003.uasset: Failed to compile Material for platform PCD3D_SM5, Default Material will be used in game.
[2023.05.06-14.41.59:237][511]LogMaterial: Display: 	(Node TextureSample) Texture Sample> Missing input texture
[2023.05.06-14.41.59:239][511]LogMaterial: Display: Missing cached shadermap for Ground_004 in PCD3D_SM5, Default, SM5 (DDC key hash: 7A61EB0D0B8F842F759018702809CC9EDD53584E), compiling. 
[2023.05.06-14.41.59:239][511]LogMaterial: Warning: [AssetLog] E:\Asus\Documents\GitHub\TheTroubleMakers\Unreal Engine Project\SpeedLimit_UniAzad\Content\TheTroubleMakers\Alikhorshidi\Asset\Material\Ground_004.uasset: Failed to compile Material for platform PCD3D_SM5, Default Material will be used in game.
[2023.05.06-14.41.59:239][511]LogMaterial: Display: 	(Node TextureSample) Texture Sample> Missing input texture
[2023.05.06-14.41.59:241][511]LogMaterial: Display: Missing cached shadermap for Jadval in PCD3D_SM5, Default, SM5 (DDC key hash: AFEA47249AD082C2D3F3D6A0F90EBCEAEDCEBD3F), compiling. 
[2023.05.06-14.41.59:241][511]LogMaterial: Warning: [AssetLog] E:\Asus\Documents\GitHub\TheTroubleMakers\Unreal Engine Project\SpeedLimit_UniAzad\Content\TheTroubleMakers\Alikhorshidi\Asset\Material\Jadval.uasset: Failed to compile Material for platform PCD3D_SM5, Default Material will be used in game.
[2023.05.06-14.41.59:241][511]LogMaterial: Display: 	(Node TextureSample) Texture Sample> Missing input texture
[2023.05.06-14.41.59:243][511]LogMaterial: Display: Missing cached shadermap for Jadval_001 in PCD3D_SM5, Default, SM5 (DDC key hash: D1A7C19E165BD13C4A33B00D2FA8DBFE9FD1B9C0), compiling. 
[2023.05.06-14.41.59:243][511]LogMaterial: Warning: [AssetLog] E:\Asus\Documents\GitHub\TheTroubleMakers\Unreal Engine Project\SpeedLimit_UniAzad\Content\TheTroubleMakers\Alikhorshidi\Asset\Material\Jadval_001.uasset: Failed to compile Material for platform PCD3D_SM5, Default Material will be used in game.
[2023.05.06-14.41.59:243][511]LogMaterial: Display: 	(Node TextureSample) Texture Sample> Missing input texture
[2023.05.06-14.41.59:245][511]LogMaterial: Display: Missing cached shadermap for Jadval_002 in PCD3D_SM5, Default, SM5 (DDC key hash: 113C08404B878091D24D136D529F483E5CCA0F3C), compiling. 
[2023.05.06-14.41.59:245][511]LogMaterial: Warning: [AssetLog] E:\Asus\Documents\GitHub\TheTroubleMakers\Unreal Engine Project\SpeedLimit_UniAzad\Content\TheTroubleMakers\Alikhorshidi\Asset\Material\Jadval_002.uasset: Failed to compile Material for platform PCD3D_SM5, Default Material will be used in game.
[2023.05.06-14.41.59:245][511]LogMaterial: Display: 	(Node TextureSample) Texture Sample> Missing input texture
[2023.05.06-14.41.59:246][511]LogMaterial: Display: Missing cached shadermap for Jadval_003 in PCD3D_SM5, Default, SM5 (DDC key hash: E9F89F6ED8D1472234DF0588CFF753B81A700761), compiling. 
[2023.05.06-14.41.59:246][511]LogMaterial: Warning: [AssetLog] E:\Asus\Documents\GitHub\TheTroubleMakers\Unreal Engine Project\SpeedLimit_UniAzad\Content\TheTroubleMakers\Alikhorshidi\Asset\Material\Jadval_003.uasset: Failed to compile Material for platform PCD3D_SM5, Default Material will be used in game.
[2023.05.06-14.41.59:246][511]LogMaterial: Display: 	(Node TextureSample) Texture Sample> Missing input texture
[2023.05.06-14.41.59:247][511]LogMaterial: Display: Missing cached shadermap for Jadval_004 in PCD3D_SM5, Default, SM5 (DDC key hash: 0DA5FF6B0A3B519CD5731869378AF07A014A5D60), compiling. 
[2023.05.06-14.41.59:247][511]LogMaterial: Warning: [AssetLog] E:\Asus\Documents\GitHub\TheTroubleMakers\Unreal Engine Project\SpeedLimit_UniAzad\Content\TheTroubleMakers\Alikhorshidi\Asset\Material\Jadval_004.uasset: Failed to compile Material for platform PCD3D_SM5, Default Material will be used in game.
[2023.05.06-14.41.59:247][511]LogMaterial: Display: 	(Node TextureSample) Texture Sample> Missing input texture
[2023.05.06-14.41.59:248][511]LogMaterial: Display: Missing cached shadermap for mozaeik in PCD3D_SM5, Default, SM5 (DDC key hash: 27A71AB092581BC0BABE49C82B0712482D5B64DB), compiling. 
[2023.05.06-14.41.59:248][511]LogMaterial: Warning: [AssetLog] E:\Asus\Documents\GitHub\TheTroubleMakers\Unreal Engine Project\SpeedLimit_UniAzad\Content\TheTroubleMakers\Alikhorshidi\Asset\Material\mozaeik.uasset: Failed to compile Material for platform PCD3D_SM5, Default Material will be used in game.
[2023.05.06-14.41.59:248][511]LogMaterial: Display: 	(Node TextureSample) Texture Sample> Missing input texture
[2023.05.06-14.41.59:249][511]LogMaterial: Display: Missing cached shadermap for mozaeik_001 in PCD3D_SM5, Default, SM5 (DDC key hash: C41BAA5E9C1096BE5313B34AD90CF5863C168BA4), compiling. 
[2023.05.06-14.41.59:251][511]LogMaterial: Warning: [AssetLog] E:\Asus\Documents\GitHub\TheTroubleMakers\Unreal Engine Project\SpeedLimit_UniAzad\Content\TheTroubleMakers\Alikhorshidi\Asset\Material\mozaeik_001.uasset: Failed to compile Material for platform PCD3D_SM5, Default Material will be used in game.
[2023.05.06-14.41.59:251][511]LogMaterial: Display: 	(Node TextureSample) Texture Sample> Missing input texture
[2023.05.06-14.41.59:252][511]LogMaterial: Display: Missing cached shadermap for mozaeik_002 in PCD3D_SM5, Default, SM5 (DDC key hash: 64A2384FB6296F54F79720A700C97B2053EFDC76), compiling. 
[2023.05.06-14.41.59:253][511]LogMaterial: Warning: [AssetLog] E:\Asus\Documents\GitHub\TheTroubleMakers\Unreal Engine Project\SpeedLimit_UniAzad\Content\TheTroubleMakers\Alikhorshidi\Asset\Material\mozaeik_002.uasset: Failed to compile Material for platform PCD3D_SM5, Default Material will be used in game.
[2023.05.06-14.41.59:253][511]LogMaterial: Display: 	(Node TextureSample) Texture Sample> Missing input texture
[2023.05.06-14.41.59:254][511]LogMaterial: Display: Missing cached shadermap for Road in PCD3D_SM5, Default, SM5 (DDC key hash: 6C047C996257006E4681662B30A0B80D3408EC4D), compiling. 
[2023.05.06-14.41.59:254][511]LogMaterial: Warning: [AssetLog] E:\Asus\Documents\GitHub\TheTroubleMakers\Unreal Engine Project\SpeedLimit_UniAzad\Content\TheTroubleMakers\Alikhorshidi\Asset\Material\Road.uasset: Failed to compile Material for platform PCD3D_SM5, Default Material will be used in game.
[2023.05.06-14.41.59:254][511]LogMaterial: Display: 	(Node TextureSample) Texture Sample> Missing input texture
[2023.05.06-14.41.59:256][511]LogMaterial: Display: Missing cached shadermap for Road_001 in PCD3D_SM5, Default, SM5 (DDC key hash: E6DB6B83231506A3722058B176997191C094E591), compiling. 
[2023.05.06-14.41.59:256][511]LogMaterial: Warning: [AssetLog] E:\Asus\Documents\GitHub\TheTroubleMakers\Unreal Engine Project\SpeedLimit_UniAzad\Content\TheTroubleMakers\Alikhorshidi\Asset\Material\Road_001.uasset: Failed to compile Material for platform PCD3D_SM5, Default Material will be used in game.
[2023.05.06-14.41.59:256][511]LogMaterial: Display: 	(Node TextureSample) Texture Sample> Missing input texture
[2023.05.06-14.41.59:257][511]LogMaterial: Display: Missing cached shadermap for Road_002 in PCD3D_SM5, Default, SM5 (DDC key hash: 6D28E9A3F0EB1D8C6FAB23D592ABF0B5D3791C79), compiling. 
[2023.05.06-14.41.59:257][511]LogMaterial: Warning: [AssetLog] E:\Asus\Documents\GitHub\TheTroubleMakers\Unreal Engine Project\SpeedLimit_UniAzad\Content\TheTroubleMakers\Alikhorshidi\Asset\Material\Road_002.uasset: Failed to compile Material for platform PCD3D_SM5, Default Material will be used in game.
[2023.05.06-14.41.59:257][511]LogMaterial: Display: 	(Node TextureSample) Texture Sample> Missing input texture
[2023.05.06-14.42.07:904][511]LogUObjectHash: Compacting FUObjectHashTables data took   0.55ms
[2023.05.06-14.42.07:943][511]LogUObjectHash: Compacting FUObjectHashTables data took   0.25ms
[2023.05.06-14.42.07:948][511]LogUObjectHash: Compacting FUObjectHashTables data took   0.44ms
[2023.05.06-14.42.07:953][511]LogUObjectHash: Compacting FUObjectHashTables data took   0.25ms
[2023.05.06-14.42.07:957][511]LogUObjectHash: Compacting FUObjectHashTables data took   0.25ms
[2023.05.06-14.42.07:963][511]LogUObjectHash: Compacting FUObjectHashTables data took   0.26ms
[2023.05.06-14.42.07:967][511]LogUObjectHash: Compacting FUObjectHashTables data took   0.25ms
[2023.05.06-14.42.07:972][511]LogUObjectHash: Compacting FUObjectHashTables data took   0.23ms
[2023.05.06-14.42.07:976][511]LogUObjectHash: Compacting FUObjectHashTables data took   0.22ms
[2023.05.06-14.42.07:979][511]LogUObjectHash: Compacting FUObjectHashTables data took   0.22ms
[2023.05.06-14.42.07:983][511]LogUObjectHash: Compacting FUObjectHashTables data took   0.22ms
[2023.05.06-14.42.07:988][511]LogUObjectHash: Compacting FUObjectHashTables data took   0.21ms
[2023.05.06-14.42.07:993][511]LogUObjectHash: Compacting FUObjectHashTables data took   0.22ms
[2023.05.06-14.42.07:997][511]LogUObjectHash: Compacting FUObjectHashTables data took   0.22ms
[2023.05.06-14.42.08:002][511]LogUObjectHash: Compacting FUObjectHashTables data took   0.22ms
[2023.05.06-14.42.08:006][511]LogUObjectHash: Compacting FUObjectHashTables data took   0.21ms
[2023.05.06-14.42.08:009][511]LogUObjectHash: Compacting FUObjectHashTables data took   0.22ms
[2023.05.06-14.42.08:014][511]LogUObjectHash: Compacting FUObjectHashTables data took   0.22ms
[2023.05.06-14.42.08:019][511]LogUObjectHash: Compacting FUObjectHashTables data took   0.22ms
[2023.05.06-14.42.08:022][511]LogUObjectHash: Compacting FUObjectHashTables data took   0.22ms
[2023.05.06-14.42.08:027][511]LogUObjectHash: Compacting FUObjectHashTables data took   0.22ms
[2023.05.06-14.42.08:031][511]LogUObjectHash: Compacting FUObjectHashTables data took   0.22ms
[2023.05.06-14.42.08:037][511]LogUObjectHash: Compacting FUObjectHashTables data took   0.22ms
[2023.05.06-14.42.08:041][511]LogUObjectHash: Compacting FUObjectHashTables data took   0.25ms
[2023.05.06-14.42.08:046][511]LogUObjectHash: Compacting FUObjectHashTables data took   0.22ms
[2023.05.06-14.42.08:050][511]LogUObjectHash: Compacting FUObjectHashTables data took   0.22ms
[2023.05.06-14.42.08:054][511]LogUObjectHash: Compacting FUObjectHashTables data took   0.22ms
[2023.05.06-14.42.08:059][511]LogUObjectHash: Compacting FUObjectHashTables data took   0.30ms
[2023.05.06-14.42.08:063][511]LogUObjectHash: Compacting FUObjectHashTables data took   0.22ms
[2023.05.06-14.42.08:067][511]LogUObjectHash: Compacting FUObjectHashTables data took   0.22ms
[2023.05.06-14.42.08:071][511]LogUObjectHash: Compacting FUObjectHashTables data took   0.23ms
[2023.05.06-14.42.08:075][511]LogUObjectHash: Compacting FUObjectHashTables data took   0.22ms
[2023.05.06-14.42.08:080][511]LogUObjectHash: Compacting FUObjectHashTables data took   0.22ms
[2023.05.06-14.42.08:084][511]LogUObjectHash: Compacting FUObjectHashTables data took   0.22ms
[2023.05.06-14.42.08:089][511]LogUObjectHash: Compacting FUObjectHashTables data took   0.23ms
[2023.05.06-14.42.08:093][511]LogUObjectHash: Compacting FUObjectHashTables data took   0.22ms
[2023.05.06-14.42.08:096][511]LogUObjectHash: Compacting FUObjectHashTables data took   0.22ms
[2023.05.06-14.42.08:101][511]LogUObjectHash: Compacting FUObjectHashTables data took   0.22ms
[2023.05.06-14.42.08:104][511]LogUObjectHash: Compacting FUObjectHashTables data took   0.22ms
[2023.05.06-14.42.08:109][511]LogUObjectHash: Compacting FUObjectHashTables data took   0.24ms
[2023.05.06-14.42.08:113][511]LogUObjectHash: Compacting FUObjectHashTables data took   0.21ms
[2023.05.06-14.42.08:117][511]LogUObjectHash: Compacting FUObjectHashTables data took   0.22ms
[2023.05.06-14.42.08:121][511]LogUObjectHash: Compacting FUObjectHashTables data took   0.49ms
[2023.05.06-14.42.08:126][511]LogUObjectHash: Compacting FUObjectHashTables data took   0.22ms
[2023.05.06-14.42.15:647][782]LogFactory: FactoryCreateFile: StaticMesh with FbxFactory (0 0 ../../../../../../Asus/Documents/GitHub/TheTroubleMakers/University Environment Assets/Road/Base_Ground_Uni_f.fbx)
[2023.05.06-14.42.15:679][782]LogFbx: Loading FBX Scene from ../../../../../../Asus/Documents/GitHub/TheTroubleMakers/University Environment Assets/Road/Base_Ground_Uni_f.fbx
[2023.05.06-14.42.15:718][782]LogFbx: FBX Scene Loaded Succesfully
[2023.05.06-14.42.17:335][782]LogSlate: Window 'FBX Import Options' being destroyed
[2023.05.06-14.42.17:372][782]LogMaterial: Display: Missing cached shadermap for Main_002 in PCD3D_SM5, Default, SM5 (DDC key hash: 597B0EFD14537CB5CBFA2D42B2168DC44AE4D19A), compiling. 
[2023.05.06-14.42.17:383][782]LogTexture: Display: Building textures: GraphicsCrate-Road_Texture_02_prev_sm (BGRA8, 426X239)
[2023.05.06-14.42.17:389][782]LogMaterial: Display: Missing cached shadermap for Road_002 in PCD3D_SM5, Default, SM5 (DDC key hash: 6AEF951BA82A8390049B88A997379E8B97E201E4), compiling. 
[2023.05.06-14.42.17:401][782]LogTexture: Display: Building textures: 05_CONCRETE_MWAY_SIDE_jpg5ac5788d-c995-4c22-a783-850124594bb3Larger (BGRA8, 600X217)
[2023.05.06-14.42.17:406][782]LogMaterial: Display: Missing cached shadermap for Jadval_002 in PCD3D_SM5, Default, SM5 (DDC key hash: A39FB99FDE652226656BED946CCFB93517E1CF94), compiling. 
[2023.05.06-14.42.17:467][782]LogTexture: Display: Building textures: Shoe_Stones_-_www_IranDWG_com__6_ (BGRA8, 2754X2768)
[2023.05.06-14.42.17:622][782]LogMaterial: Display: Missing cached shadermap for mozaeik_002 in PCD3D_SM5, Default, SM5 (DDC key hash: B8D61A48A599312088DECC3B75C3DC495A155416), compiling. 
[2023.05.06-14.42.17:634][782]LogMaterial: Display: Missing cached shadermap for Main_003 in PCD3D_SM5, Default, SM5 (DDC key hash: 345B8D892F0352C0F4CA9FF06B7B3A4197B7955E), compiling. 
[2023.05.06-14.42.17:639][782]LogTexture: Display: Building textures: GraphicsCrate-Road_Texture_02_prev_sm_ncl1_1 (BGRA8, 426X239)
[2023.05.06-14.42.17:648][782]LogMaterial: Display: Missing cached shadermap for Road in PCD3D_SM5, Default, SM5 (DDC key hash: 64EF227680D25785CE2BF590C3966A88E7E63454), compiling. 
[2023.05.06-14.42.17:653][782]LogTexture: Display: Building textures: 05_CONCRETE_MWAY_SIDE_jpg5ac5788d-c995-4c22-a783-850124594bb3Larger_ncl1_1 (BGRA8, 600X217)
[2023.05.06-14.42.17:662][782]LogMaterial: Display: Missing cached shadermap for Jadval_003 in PCD3D_SM5, Default, SM5 (DDC key hash: 3A81F20FF9C264DB5A2B2F9BB338C1F8950E6016), compiling. 
[2023.05.06-14.42.17:702][782]LogTexture: Display: Building textures: forrest_ground_01_diff_2k_ncl1_1 (OODLE_AutoDXT, 2048X2048)
[2023.05.06-14.42.18:157][782]LogTextureFormatOodle: Display: non-RDO encode 2048 x 2048 x 1 to format OODLE_AutoDXT (Oodle OodleTex_BC1_WithTransparency) lambda=0 effort=20 
[2023.05.06-14.42.18:157][782]LogTextureFormatOodle: Display: non-RDO encode 1024 x 1024 x 1 to format OODLE_AutoDXT (Oodle OodleTex_BC1_WithTransparency) lambda=0 effort=20 
[2023.05.06-14.42.18:166][782]LogMaterial: Display: Missing cached shadermap for Ground_003 in PCD3D_SM5, Default, SM5 (DDC key hash: 28DB9C15D42142DD7C6EEE11210C05BEB4A3A62D), compiling. 
[2023.05.06-14.42.18:222][782]LogTexture: Display: Building textures: Shoe_Stones_-_www_IranDWG_com__6__ncl1_1 (BGRA8, 2754X2768)
[2023.05.06-14.42.18:363][782]LogMaterial: Display: Missing cached shadermap for mozaeik in PCD3D_SM5, Default, SM5 (DDC key hash: 8A8A4BAAF8E702874F690A086541FE69CA121C1C), compiling. 
[2023.05.06-14.42.18:378][782]LogMaterial: Display: Missing cached shadermap for Main_001 in PCD3D_SM5, Default, SM5 (DDC key hash: 5690C9DEC322D98BE8CDBF94E5DFF5637A03E6D5), compiling. 
[2023.05.06-14.42.18:405][782]LogTexture: Display: Building textures: GraphicsCrate-Road_Texture_02_prev_sm_ncl1_2 (BGRA8, 426X239)
[2023.05.06-14.42.18:423][782]LogMaterial: Display: Missing cached shadermap for Road_001 in PCD3D_SM5, Default, SM5 (DDC key hash: 72526116F9B62C17F61322FFC9A191F8D966A181), compiling. 
[2023.05.06-14.42.18:427][782]LogTexture: Display: Building textures: 05_CONCRETE_MWAY_SIDE_jpg5ac5788d-c995-4c22-a783-850124594bb3Larger_ncl1_2 (BGRA8, 600X217)
[2023.05.06-14.42.18:438][782]LogMaterial: Display: Missing cached shadermap for Jadval_001 in PCD3D_SM5, Default, SM5 (DDC key hash: 781A4869E2539C1A0F3105CA0643D5DC123ED2CF), compiling. 
[2023.05.06-14.42.18:474][782]LogTexture: Display: Building textures: forrest_ground_01_diff_2k_ncl1_2 (OODLE_AutoDXT, 2048X2048)
[2023.05.06-14.42.18:941][782]LogTextureFormatOodle: Display: non-RDO encode 2048 x 2048 x 1 to format OODLE_AutoDXT (Oodle OodleTex_BC1_WithTransparency) lambda=0 effort=20 
[2023.05.06-14.42.18:941][782]LogTextureFormatOodle: Display: non-RDO encode 1024 x 1024 x 1 to format OODLE_AutoDXT (Oodle OodleTex_BC1_WithTransparency) lambda=0 effort=20 
[2023.05.06-14.42.18:951][782]LogMaterial: Display: Missing cached shadermap for Ground_001 in PCD3D_SM5, Default, SM5 (DDC key hash: 1CCB59A16E3FFB93B06AF66907FFD24281749D89), compiling. 
[2023.05.06-14.42.19:006][782]LogTexture: Display: Building textures: Shoe_Stones_-_www_IranDWG_com__6__ncl1_2 (BGRA8, 2754X2768)
[2023.05.06-14.42.19:159][782]LogMaterial: Display: Missing cached shadermap for mozaeik_001 in PCD3D_SM5, Default, SM5 (DDC key hash: A8A4B158B1CD5987CB02C34B2EA15BB76FFE7571), compiling. 
[2023.05.06-14.42.19:173][782]LogMaterial: Display: Missing cached shadermap for Main_004 in PCD3D_SM5, Default, SM5 (DDC key hash: 65ED1DFC2B405B3C670141A67E3C34F0215CD14E), compiling. 
[2023.05.06-14.42.19:188][782]LogTexture: Display: Building textures: Venexia-Tile-822x8-Giudecca-650x650 (BGRA8, 650X650)
[2023.05.06-14.42.19:205][782]LogMaterial: Display: Missing cached shadermap for Floor in PCD3D_SM5, Default, SM5 (DDC key hash: 4FB4D4B00E23A9A78DCDEEA0D4704B2B6CB37A38), compiling. 
[2023.05.06-14.42.19:217][782]LogMaterial: Display: Missing cached shadermap for Main_005 in PCD3D_SM5, Default, SM5 (DDC key hash: B498C4CA1401AA85F3BF1AFDF1EAC89EC60E0C62), compiling. 
[2023.05.06-14.42.19:225][782]LogTexture: Display: Building textures: Shoe_Stones_-_www_IranDWG_com__5_ (BGRA8, 700X691)
[2023.05.06-14.42.19:237][782]LogMaterial: Display: Missing cached shadermap for Floor_2_001 in PCD3D_SM5, Default, SM5 (DDC key hash: 1708D3A68953326EFEE32E062722F7A17DC184FB), compiling. 
[2023.05.06-14.42.19:251][782]LogMaterial: Display: Missing cached shadermap for Main_006 in PCD3D_SM5, Default, SM5 (DDC key hash: 63851357AD0A5695F60F0EA15EFDD8DBE51C8D6E), compiling. 
[2023.05.06-14.42.19:290][782]LogTexture: Display: Building textures: forrest_ground_01_diff_2k_ncl1_3 (OODLE_AutoDXT, 2048X2048)
[2023.05.06-14.42.19:769][782]LogTextureFormatOodle: Display: non-RDO encode 2048 x 2048 x 1 to format OODLE_AutoDXT (Oodle OodleTex_BC1_WithTransparency) lambda=0 effort=20 
[2023.05.06-14.42.19:769][782]LogTextureFormatOodle: Display: non-RDO encode 1024 x 1024 x 1 to format OODLE_AutoDXT (Oodle OodleTex_BC1_WithTransparency) lambda=0 effort=20 
[2023.05.06-14.42.19:779][782]LogMaterial: Display: Missing cached shadermap for Ground_004 in PCD3D_SM5, Default, SM5 (DDC key hash: 88E4B240723DC77BBF2600B06EC17A6B7078BC43), compiling. 
[2023.05.06-14.42.19:783][782]LogTexture: Display: Building textures: 05_CONCRETE_MWAY_SIDE_jpg5ac5788d-c995-4c22-a783-850124594bb3Larger_ncl1_3 (BGRA8, 600X217)
[2023.05.06-14.42.19:791][782]LogMaterial: Display: Missing cached shadermap for Jadval_004 in PCD3D_SM5, Default, SM5 (DDC key hash: 054189B6E1F3E872B37AD33BF218F3D6211BF351), compiling. 
[2023.05.06-14.42.19:803][782]LogMaterial: Display: Missing cached shadermap for Main_007 in PCD3D_SM5, Default, SM5 (DDC key hash: 9A0CF0F2E3C6ACCD47CBD315752FDE6082010FEE), compiling. 
[2023.05.06-14.42.19:807][782]LogTexture: Display: Building textures: 05_CONCRETE_MWAY_SIDE_jpg5ac5788d-c995-4c22-a783-850124594bb3Larger_ncl1_4 (BGRA8, 600X217)
[2023.05.06-14.42.19:818][782]LogMaterial: Display: Missing cached shadermap for Jadval in PCD3D_SM5, Default, SM5 (DDC key hash: 25BC6ABB650ED46D7F452DFF9A339FD8389F1187), compiling. 
[2023.05.06-14.42.19:855][782]LogTexture: Display: Building textures: forrest_ground_01_diff_2k_ncl1_4 (OODLE_AutoDXT, 2048X2048)
[2023.05.06-14.42.20:310][782]LogTextureFormatOodle: Display: non-RDO encode 1024 x 1024 x 1 to format OODLE_AutoDXT (Oodle OodleTex_BC1_WithTransparency) lambda=0 effort=20 
[2023.05.06-14.42.20:310][782]LogTextureFormatOodle: Display: non-RDO encode 2048 x 2048 x 1 to format OODLE_AutoDXT (Oodle OodleTex_BC1_WithTransparency) lambda=0 effort=20 
[2023.05.06-14.42.20:320][782]LogMaterial: Display: Missing cached shadermap for Ground in PCD3D_SM5, Default, SM5 (DDC key hash: 11D4F6DA2DBB31CAF872A9E05943D4A1E78078EA), compiling. 
[2023.05.06-14.42.20:333][782]LogMaterial: Display: Missing cached shadermap for Main in PCD3D_SM5, Default, SM5 (DDC key hash: 421D8B25B72C6D288DC496C9DC08E6582F1BEA50), compiling. 
[2023.05.06-14.42.20:339][782]LogTexture: Display: Building textures: Shoe_Stones_-_www_IranDWG_com__5__ncl1_1 (BGRA8, 700X691)
[2023.05.06-14.42.20:351][782]LogMaterial: Display: Missing cached shadermap for Floor_2 in PCD3D_SM5, Default, SM5 (DDC key hash: 54D77ACE0649269B7BBE197101D343A4E51087CE), compiling. 
[2023.05.06-14.42.20:353][782]LogFbx: Display: Triangulating static mesh Plane.013
[2023.05.06-14.42.21:638][782]LogStaticMesh: Building static mesh Base_Ground_Uni_f...
[2023.05.06-14.42.23:079][782]LogStaticMesh: Built static mesh [1.44s] /Game/TheTroubleMakers/Alikhorshidi/Asset/Material/Base_Ground_Uni_f.Base_Ground_Uni_f
[2023.05.06-14.42.23:255][782]LogStaticMesh: Warning: Base_Ground_Uni_f has degenerate tangent bases which will result in incorrect shading.  MikkTSpace relies on tangent bases and may result in mesh corruption, consider disabling this option.
[2023.05.06-14.42.23:255][782]LogStaticMesh: Warning: Base_Ground_Uni_f has some nearly zero bi-normals which can create some issues. (Tolerance of 1E-4)
[2023.05.06-14.42.23:443][782]FBXImport: FBX Scene Loading: Found texture name clash, name clash can be wrongly reassign at reimport , texture 'GraphicsCrate-Road_Texture_02_prev_sm' was renamed 'GraphicsCrate-Road_Texture_02_prev_sm_ncl1_1' 
[2023.05.06-14.42.23:443][782]FBXImport: FBX Scene Loading: Found texture name clash, name clash can be wrongly reassign at reimport , texture '05_CONCRETE_MWAY_SIDE_jpg5ac5788d-c995-4c22-a783-850124594bb3Larger' was renamed '05_CONCRETE_MWAY_SIDE_jpg5ac5788d-c995-4c22-a783-850124594bb3Larger_ncl1_1' 
[2023.05.06-14.42.23:443][782]FBXImport: FBX Scene Loading: Found texture name clash, name clash can be wrongly reassign at reimport , texture 'forrest_ground_01_diff_2k' was renamed 'forrest_ground_01_diff_2k_ncl1_1' 
[2023.05.06-14.42.23:443][782]FBXImport: FBX Scene Loading: Found texture name clash, name clash can be wrongly reassign at reimport , texture 'Shoe_Stones_-_www_IranDWG_com__6_' was renamed 'Shoe_Stones_-_www_IranDWG_com__6__ncl1_1' 
[2023.05.06-14.42.23:443][782]FBXImport: FBX Scene Loading: Found texture name clash, name clash can be wrongly reassign at reimport , texture 'GraphicsCrate-Road_Texture_02_prev_sm' was renamed 'GraphicsCrate-Road_Texture_02_prev_sm_ncl1_2' 
[2023.05.06-14.42.23:443][782]FBXImport: FBX Scene Loading: Found texture name clash, name clash can be wrongly reassign at reimport , texture '05_CONCRETE_MWAY_SIDE_jpg5ac5788d-c995-4c22-a783-850124594bb3Larger' was renamed '05_CONCRETE_MWAY_SIDE_jpg5ac5788d-c995-4c22-a783-850124594bb3Larger_ncl1_2' 
[2023.05.06-14.42.23:443][782]FBXImport: FBX Scene Loading: Found texture name clash, name clash can be wrongly reassign at reimport , texture 'forrest_ground_01_diff_2k' was renamed 'forrest_ground_01_diff_2k_ncl1_2' 
[2023.05.06-14.42.23:443][782]FBXImport: FBX Scene Loading: Found texture name clash, name clash can be wrongly reassign at reimport , texture 'Shoe_Stones_-_www_IranDWG_com__6_' was renamed 'Shoe_Stones_-_www_IranDWG_com__6__ncl1_2' 
[2023.05.06-14.42.23:443][782]FBXImport: FBX Scene Loading: Found texture name clash, name clash can be wrongly reassign at reimport , texture 'forrest_ground_01_diff_2k' was renamed 'forrest_ground_01_diff_2k_ncl1_3' 
[2023.05.06-14.42.23:443][782]FBXImport: FBX Scene Loading: Found texture name clash, name clash can be wrongly reassign at reimport , texture '05_CONCRETE_MWAY_SIDE_jpg5ac5788d-c995-4c22-a783-850124594bb3Larger' was renamed '05_CONCRETE_MWAY_SIDE_jpg5ac5788d-c995-4c22-a783-850124594bb3Larger_ncl1_3' 
[2023.05.06-14.42.23:443][782]FBXImport: FBX Scene Loading: Found texture name clash, name clash can be wrongly reassign at reimport , texture '05_CONCRETE_MWAY_SIDE_jpg5ac5788d-c995-4c22-a783-850124594bb3Larger' was renamed '05_CONCRETE_MWAY_SIDE_jpg5ac5788d-c995-4c22-a783-850124594bb3Larger_ncl1_4' 
[2023.05.06-14.42.23:443][782]FBXImport: FBX Scene Loading: Found texture name clash, name clash can be wrongly reassign at reimport , texture 'forrest_ground_01_diff_2k' was renamed 'forrest_ground_01_diff_2k_ncl1_4' 
[2023.05.06-14.42.23:443][782]FBXImport: FBX Scene Loading: Found texture name clash, name clash can be wrongly reassign at reimport , texture 'Shoe_Stones_-_www_IranDWG_com__5_' was renamed 'Shoe_Stones_-_www_IranDWG_com__5__ncl1_1' 
[2023.05.06-14.42.23:443][782]FBXImport: Warning: No smoothing group information was found in this FBX scene.  Please make sure to enable the 'Export Smoothing Groups' option in the FBX Exporter plug-in before exporting the file.  Even for tools that don't support smoothing groups, the FBX Exporter will generate appropriate smoothing data at export-time so that correct vertex normals can be inferred while importing. 
[2023.05.06-14.42.23:443][782]FBXImport: Warning: Base_Ground_Uni_f has degenerate tangent bases which will result in incorrect shading.  MikkTSpace relies on tangent bases and may result in mesh corruption, consider disabling this option. 
[2023.05.06-14.42.23:443][782]FBXImport: Warning: Base_Ground_Uni_f has some nearly zero bi-normals which can create some issues. (Tolerance of 1E-4) 
[2023.05.06-14.42.23:768][782]LogShaderCompilers: Display: Submitted 2 shader compile jobs with 'ForceLocal' priority
[2023.05.06-14.42.23:768][782]LogShaderCompilers: Display: Submitted 2 shader compile jobs with 'ForceLocal' priority
[2023.05.06-14.42.23:768][782]LogShaderCompilers: Display: Worker (1/5): shaders left to compile 4
[2023.05.06-14.42.23:768][782]LogShaderCompilers: Display: Worker (2/5): shaders left to compile 2
[2023.05.06-14.42.23:768][782]LogShaderCompilers: Display: Started 4 'Local' shader compile jobs with 'ForceLocal' priority
[2023.05.06-14.42.23:768][782]LogShaderCompilers: Display: Submitted 2 shader compile jobs with 'ForceLocal' priority
[2023.05.06-14.42.23:768][782]LogShaderCompilers: Display: Submitted 2 shader compile jobs with 'ForceLocal' priority
[2023.05.06-14.42.23:768][782]LogShaderCompilers: Display: Submitted 2 shader compile jobs with 'ForceLocal' priority
[2023.05.06-14.42.23:768][782]LogShaderCompilers: Display: Submitted 2 shader compile jobs with 'ForceLocal' priority
[2023.05.06-14.42.23:768][782]LogShaderCompilers: Display: Submitted 2 shader compile jobs with 'ForceLocal' priority
[2023.05.06-14.42.23:768][782]LogSlate: Took 0.005413 seconds to synchronously load lazily loaded font '../../../Engine/Content/Slate/Fonts/DroidSansMono.ttf' (77K)
[2023.05.06-14.42.23:774][783]LogShaderCompilers: Display: Submitted 2 shader compile jobs with 'ForceLocal' priority
[2023.05.06-14.42.23:774][783]LogShaderCompilers: Display: Submitted 2 shader compile jobs with 'ForceLocal' priority
[2023.05.06-14.42.23:774][783]LogShaderCompilers: Display: Submitted 2 shader compile jobs with 'ForceLocal' priority
[2023.05.06-14.42.23:783][784]LogShaderCompilers: Display: Submitted 2 shader compile jobs with 'ForceLocal' priority
[2023.05.06-14.42.23:783][784]LogShaderCompilers: Display: Submitted 2 shader compile jobs with 'ForceLocal' priority
[2023.05.06-14.42.23:783][784]LogShaderCompilers: Display: Submitted 2 shader compile jobs with 'ForceLocal' priority
[2023.05.06-14.42.23:783][784]LogShaderCompilers: Display: Submitted 2 shader compile jobs with 'ForceLocal' priority
[2023.05.06-14.42.23:785][784]LogShaderCompilers: Display: Submitted 2 shader compile jobs with 'ForceLocal' priority
[2023.05.06-14.42.23:787][784]LogShaderCompilers: Display: Submitted 2 shader compile jobs with 'ForceLocal' priority
[2023.05.06-14.42.23:789][784]LogShaderCompilers: Display: Submitted 2 shader compile jobs with 'ForceLocal' priority
[2023.05.06-14.42.23:791][784]LogShaderCompilers: Display: Submitted 2 shader compile jobs with 'ForceLocal' priority
[2023.05.06-14.42.23:794][784]LogShaderCompilers: Display: Submitted 2 shader compile jobs with 'ForceLocal' priority
[2023.05.06-14.42.23:797][784]LogShaderCompilers: Display: Worker (3/5): shaders left to compile 34
[2023.05.06-14.42.23:797][784]LogShaderCompilers: Display: Worker (4/5): shaders left to compile 25
[2023.05.06-14.42.23:797][784]LogShaderCompilers: Display: Started 18 'Local' shader compile jobs with 'ForceLocal' priority
[2023.05.06-14.42.23:798][784]LogShaderCompilers: Display: Submitted 2 shader compile jobs with 'ForceLocal' priority
[2023.05.06-14.42.23:800][784]LogShaderCompilers: Display: Submitted 2 shader compile jobs with 'ForceLocal' priority
[2023.05.06-14.42.23:803][784]LogShaderCompilers: Display: Submitted 2 shader compile jobs with 'ForceLocal' priority
[2023.05.06-14.42.23:806][784]LogShaderCompilers: Display: Submitted 2 shader compile jobs with 'ForceLocal' priority
[2023.05.06-14.42.23:810][784]LogShaderCompilers: Display: Submitted 2 shader compile jobs with 'ForceLocal' priority
[2023.05.06-14.42.23:813][784]LogShaderCompilers: Display: Submitted 2 shader compile jobs with 'ForceLocal' priority
[2023.05.06-14.42.23:816][784]LogShaderCompilers: Display: Submitted 2 shader compile jobs with 'ForceLocal' priority
[2023.05.06-14.42.23:860][784]LogShaderCompilers: Display: Submitted 14 shader compile jobs with 'Normal' priority
[2023.05.06-14.42.23:870][784]LogShaderCompilers: Display: Submitted 14 shader compile jobs with 'Normal' priority
[2023.05.06-14.42.23:879][784]LogShaderCompilers: Display: Submitted 14 shader compile jobs with 'Normal' priority
[2023.05.06-14.42.23:890][784]LogShaderCompilers: Display: Submitted 14 shader compile jobs with 'Normal' priority
[2023.05.06-14.42.23:900][784]LogShaderCompilers: Display: Submitted 14 shader compile jobs with 'Normal' priority
[2023.05.06-14.42.23:910][784]LogShaderCompilers: Display: Submitted 14 shader compile jobs with 'Normal' priority
[2023.05.06-14.42.23:920][784]LogShaderCompilers: Display: Submitted 14 shader compile jobs with 'Normal' priority
[2023.05.06-14.42.23:930][784]LogShaderCompilers: Display: Submitted 14 shader compile jobs with 'Normal' priority
[2023.05.06-14.42.23:941][784]LogShaderCompilers: Display: Submitted 14 shader compile jobs with 'Normal' priority
[2023.05.06-14.42.23:951][784]LogShaderCompilers: Display: Submitted 14 shader compile jobs with 'Normal' priority
[2023.05.06-14.42.23:963][784]LogShaderCompilers: Display: Submitted 14 shader compile jobs with 'Normal' priority
[2023.05.06-14.42.23:973][784]LogShaderCompilers: Display: Submitted 14 shader compile jobs with 'Normal' priority
[2023.05.06-14.42.23:984][784]LogShaderCompilers: Display: Submitted 14 shader compile jobs with 'Normal' priority
[2023.05.06-14.42.23:993][784]LogShaderCompilers: Display: Submitted 14 shader compile jobs with 'Normal' priority
[2023.05.06-14.42.24:003][784]LogShaderCompilers: Display: Submitted 14 shader compile jobs with 'Normal' priority
[2023.05.06-14.42.24:014][784]LogShaderCompilers: Display: Submitted 14 shader compile jobs with 'Normal' priority
[2023.05.06-14.42.24:024][784]LogShaderCompilers: Display: Submitted 14 shader compile jobs with 'Normal' priority
[2023.05.06-14.42.24:037][784]LogShaderCompilers: Display: Submitted 14 shader compile jobs with 'Normal' priority
[2023.05.06-14.42.24:046][784]LogShaderCompilers: Display: Submitted 14 shader compile jobs with 'Normal' priority
[2023.05.06-14.42.24:056][784]LogShaderCompilers: Display: Submitted 14 shader compile jobs with 'Normal' priority
[2023.05.06-14.42.24:067][784]LogShaderCompilers: Display: Submitted 14 shader compile jobs with 'Normal' priority
[2023.05.06-14.42.24:081][784]LogShaderCompilers: Display: Submitted 14 shader compile jobs with 'Normal' priority
[2023.05.06-14.42.24:093][784]LogShaderCompilers: Display: Submitted 14 shader compile jobs with 'Normal' priority
[2023.05.06-14.42.24:105][784]LogShaderCompilers: Display: Submitted 14 shader compile jobs with 'Normal' priority
[2023.05.06-14.42.24:117][784]LogShaderCompilers: Display: Submitted 14 shader compile jobs with 'Normal' priority
[2023.05.06-14.42.24:130][784]LogShaderCompilers: Display: Submitted 14 shader compile jobs with 'Normal' priority
[2023.05.06-14.42.25:249][828]LogShaderCompilers: Display: Worker (2/5): shaders left to compile 30
[2023.05.06-14.42.25:249][828]LogShaderCompilers: Display: Started 8 'Local' shader compile jobs with 'ForceLocal' priority
[2023.05.06-14.42.25:270][829]LogShaderCompilers: Display: Worker (1/5): shaders left to compile 22
[2023.05.06-14.42.25:270][829]LogShaderCompilers: Display: Started 6 'Local' shader compile jobs with 'ForceLocal' priority
[2023.05.06-14.42.27:284][926]LogShaderCompilers: Display: Worker (1/5): shaders left to compile 16
[2023.05.06-14.42.27:284][926]LogShaderCompilers: Display: Started 5 'Local' shader compile jobs with 'ForceLocal' priority
[2023.05.06-14.42.27:477][938]LogShaderCompilers: Display: Worker (4/5): shaders left to compile 11
[2023.05.06-14.42.27:477][938]LogShaderCompilers: Display: Started 3 'Local' shader compile jobs with 'ForceLocal' priority
[2023.05.06-14.42.27:644][948]LogShaderCompilers: Display: Worker (3/5): shaders left to compile 8
[2023.05.06-14.42.27:645][948]LogShaderCompilers: Display: Started 3 'Local' shader compile jobs with 'ForceLocal' priority
[2023.05.06-14.42.27:978][968]LogShaderCompilers: Display: Worker (2/5): shaders left to compile 5
[2023.05.06-14.42.27:978][968]LogShaderCompilers: Display: Started 2 'Local' shader compile jobs with 'ForceLocal' priority
[2023.05.06-14.42.28:429][995]LogShaderCompilers: Display: Worker (4/5): shaders left to compile 3
[2023.05.06-14.42.28:429][995]LogShaderCompilers: Display: Started 1 'Local' shader compile jobs with 'ForceLocal' priority
[2023.05.06-14.42.28:799][ 17]LogShaderCompilers: Display: Worker (2/5): shaders left to compile 2
[2023.05.06-14.42.28:799][ 17]LogShaderCompilers: Display: Started 1 'Local' shader compile jobs with 'ForceLocal' priority
[2023.05.06-14.42.28:865][ 21]LogShaderCompilers: Display: Worker (4/5): shaders left to compile 1
[2023.05.06-14.42.28:865][ 21]LogShaderCompilers: Display: Started 1 'Local' shader compile jobs with 'ForceLocal' priority
[2023.05.06-14.42.28:897][ 23]LogShaderCompilers: Display: Worker (3/5): shaders left to compile 364
[2023.05.06-14.42.28:897][ 23]LogShaderCompilers: Display: Started 10 'Local' shader compile jobs with 'Normal' priority
[2023.05.06-14.42.29:281][ 46]LogShaderCompilers: Display: Worker (1/5): shaders left to compile 354
[2023.05.06-14.42.29:281][ 46]LogShaderCompilers: Display: Started 10 'Local' shader compile jobs with 'Normal' priority
[2023.05.06-14.42.29:303][ 47]LogShaderCompilers: Display: Worker (4/5): shaders left to compile 344
[2023.05.06-14.42.29:304][ 47]LogShaderCompilers: Display: Started 10 'Local' shader compile jobs with 'Normal' priority
[2023.05.06-14.42.29:417][ 54]LogShaderCompilers: Display: Worker (2/5): shaders left to compile 334
[2023.05.06-14.42.29:417][ 54]LogShaderCompilers: Display: Started 10 'Local' shader compile jobs with 'Normal' priority
[2023.05.06-14.42.29:472][ 57]LogSlate: Window 'Message Log' being destroyed
[2023.05.06-14.42.29:478][ 57]LogSlate: Window 'Message Log' being destroyed
[2023.05.06-14.42.33:918][297]LogShaderCompilers: Display: Worker (4/5): shaders left to compile 324
[2023.05.06-14.42.33:918][297]LogShaderCompilers: Display: Started 10 'Local' shader compile jobs with 'Normal' priority
[2023.05.06-14.42.34:071][303]LogShaderCompilers: Display: Worker (3/5): shaders left to compile 314
[2023.05.06-14.42.34:071][303]LogShaderCompilers: Display: Started 10 'Local' shader compile jobs with 'Normal' priority
[2023.05.06-14.42.34:345][315]LogShaderCompilers: Display: Worker (1/5): shaders left to compile 304
[2023.05.06-14.42.34:345][315]LogShaderCompilers: Display: Started 10 'Local' shader compile jobs with 'Normal' priority
[2023.05.06-14.42.35:011][353]LogShaderCompilers: Display: Worker (2/5): shaders left to compile 294
[2023.05.06-14.42.35:011][353]LogShaderCompilers: Display: Started 10 'Local' shader compile jobs with 'Normal' priority
[2023.05.06-14.42.38:250][547]LogShaderCompilers: Display: Worker (4/5): shaders left to compile 284
[2023.05.06-14.42.38:250][547]LogShaderCompilers: Display: Started 10 'Local' shader compile jobs with 'Normal' priority
[2023.05.06-14.42.38:373][554]LogShaderCompilers: Display: Worker (3/5): shaders left to compile 274
[2023.05.06-14.42.38:373][554]LogShaderCompilers: Display: Started 10 'Local' shader compile jobs with 'Normal' priority
[2023.05.06-14.42.39:242][605]LogShaderCompilers: Display: Worker (1/5): shaders left to compile 264
[2023.05.06-14.42.39:242][605]LogShaderCompilers: Display: Started 10 'Local' shader compile jobs with 'Normal' priority
[2023.05.06-14.42.39:477][619]LogShaderCompilers: Display: Worker (2/5): shaders left to compile 254
[2023.05.06-14.42.39:477][619]LogShaderCompilers: Display: Started 10 'Local' shader compile jobs with 'Normal' priority
[2023.05.06-14.42.42:364][792]LogShaderCompilers: Display: Worker (3/5): shaders left to compile 244
[2023.05.06-14.42.42:364][792]LogShaderCompilers: Display: Started 10 'Local' shader compile jobs with 'Normal' priority
[2023.05.06-14.42.42:709][813]LogShaderCompilers: Display: Worker (4/5): shaders left to compile 234
[2023.05.06-14.42.42:709][813]LogShaderCompilers: Display: Started 10 'Local' shader compile jobs with 'Normal' priority
[2023.05.06-14.42.43:788][877]LogShaderCompilers: Display: Worker (2/5): shaders left to compile 224
[2023.05.06-14.42.43:788][877]LogShaderCompilers: Display: Started 10 'Local' shader compile jobs with 'Normal' priority
[2023.05.06-14.42.44:140][898]LogShaderCompilers: Display: Worker (1/5): shaders left to compile 214
[2023.05.06-14.42.44:140][898]LogShaderCompilers: Display: Started 10 'Local' shader compile jobs with 'Normal' priority
[2023.05.06-14.42.46:754][ 52]LogShaderCompilers: Display: Worker (3/5): shaders left to compile 204
[2023.05.06-14.42.46:754][ 52]LogShaderCompilers: Display: Started 10 'Local' shader compile jobs with 'Normal' priority
[2023.05.06-14.42.47:573][100]LogShaderCompilers: Display: Worker (4/5): shaders left to compile 194
[2023.05.06-14.42.47:573][100]LogShaderCompilers: Display: Started 10 'Local' shader compile jobs with 'Normal' priority
[2023.05.06-14.42.48:537][155]LogShaderCompilers: Display: Worker (2/5): shaders left to compile 184
[2023.05.06-14.42.48:537][155]LogShaderCompilers: Display: Started 10 'Local' shader compile jobs with 'Normal' priority
[2023.05.06-14.42.48:891][175]LogShaderCompilers: Display: Worker (1/5): shaders left to compile 174
[2023.05.06-14.42.48:891][175]LogShaderCompilers: Display: Started 10 'Local' shader compile jobs with 'Normal' priority
[2023.05.06-14.42.51:495][326]LogShaderCompilers: Display: Worker (3/5): shaders left to compile 164
[2023.05.06-14.42.51:495][326]LogShaderCompilers: Display: Started 10 'Local' shader compile jobs with 'Normal' priority
[2023.05.06-14.42.53:728][456]LogShaderCompilers: Display: Worker (4/5): shaders left to compile 154
[2023.05.06-14.42.53:728][456]LogShaderCompilers: Display: Started 10 'Local' shader compile jobs with 'Normal' priority
[2023.05.06-14.42.54:172][482]LogShaderCompilers: Display: Worker (2/5): shaders left to compile 144
[2023.05.06-14.42.54:172][482]LogShaderCompilers: Display: Started 10 'Local' shader compile jobs with 'Normal' priority
[2023.05.06-14.42.54:399][495]LogShaderCompilers: Display: Worker (1/5): shaders left to compile 134
[2023.05.06-14.42.54:399][495]LogShaderCompilers: Display: Started 10 'Local' shader compile jobs with 'Normal' priority
[2023.05.06-14.42.57:699][689]LogShaderCompilers: Display: Worker (3/5): shaders left to compile 124
[2023.05.06-14.42.57:700][689]LogShaderCompilers: Display: Started 10 'Local' shader compile jobs with 'Normal' priority
[2023.05.06-14.42.58:883][759]LogShaderCompilers: Display: Worker (4/5): shaders left to compile 114
[2023.05.06-14.42.58:883][759]LogShaderCompilers: Display: Started 10 'Local' shader compile jobs with 'Normal' priority
[2023.05.06-14.42.59:083][770]LogShaderCompilers: Display: Worker (1/5): shaders left to compile 104
[2023.05.06-14.42.59:083][770]LogShaderCompilers: Display: Started 10 'Local' shader compile jobs with 'Normal' priority
[2023.05.06-14.42.59:380][787]LogShaderCompilers: Display: Worker (2/5): shaders left to compile 94
[2023.05.06-14.42.59:380][787]LogShaderCompilers: Display: Started 10 'Local' shader compile jobs with 'Normal' priority
[2023.05.06-14.43.02:726][986]LogShaderCompilers: Display: Worker (3/5): shaders left to compile 84
[2023.05.06-14.43.02:726][986]LogShaderCompilers: Display: Started 10 'Local' shader compile jobs with 'Normal' priority
[2023.05.06-14.43.03:228][ 16]LogShaderCompilers: Display: Worker (4/5): shaders left to compile 74
[2023.05.06-14.43.03:228][ 16]LogShaderCompilers: Display: Started 10 'Local' shader compile jobs with 'Normal' priority
[2023.05.06-14.43.03:384][ 25]LogShaderCompilers: Display: Worker (1/5): shaders left to compile 64
[2023.05.06-14.43.03:385][ 25]LogShaderCompilers: Display: Started 10 'Local' shader compile jobs with 'Normal' priority
[2023.05.06-14.43.04:261][ 76]LogShaderCompilers: Display: Worker (2/5): shaders left to compile 54
[2023.05.06-14.43.04:261][ 76]LogShaderCompilers: Display: Started 10 'Local' shader compile jobs with 'Normal' priority
[2023.05.06-14.43.07:024][241]LogShaderCompilers: Display: Worker (3/5): shaders left to compile 44
[2023.05.06-14.43.07:024][241]LogShaderCompilers: Display: Started 10 'Local' shader compile jobs with 'Normal' priority
[2023.05.06-14.43.07:460][267]LogShaderCompilers: Display: Worker (1/5): shaders left to compile 34
[2023.05.06-14.43.07:460][267]LogShaderCompilers: Display: Started 9 'Local' shader compile jobs with 'Normal' priority
[2023.05.06-14.43.07:579][274]LogShaderCompilers: Display: Worker (4/5): shaders left to compile 25
[2023.05.06-14.43.07:579][274]LogShaderCompilers: Display: Started 7 'Local' shader compile jobs with 'Normal' priority
[2023.05.06-14.43.09:055][362]LogShaderCompilers: Display: Worker (2/5): shaders left to compile 18
[2023.05.06-14.43.09:055][362]LogShaderCompilers: Display: Started 5 'Local' shader compile jobs with 'Normal' priority
[2023.05.06-14.43.11:026][480]LogShaderCompilers: Display: Worker (1/5): shaders left to compile 13
[2023.05.06-14.43.11:026][480]LogShaderCompilers: Display: Started 4 'Local' shader compile jobs with 'Normal' priority
[2023.05.06-14.43.11:150][487]LogShaderCompilers: Display: Worker (4/5): shaders left to compile 9
[2023.05.06-14.43.11:150][487]LogShaderCompilers: Display: Started 3 'Local' shader compile jobs with 'Normal' priority
[2023.05.06-14.43.11:212][490]LogShaderCompilers: Display: Worker (3/5): shaders left to compile 6
[2023.05.06-14.43.11:212][490]LogShaderCompilers: Display: Started 2 'Local' shader compile jobs with 'Normal' priority
[2023.05.06-14.43.11:212][490]LogShaderCompilers: Display: Worker (2/5): shaders left to compile 4
[2023.05.06-14.43.11:212][490]LogShaderCompilers: Display: Started 2 'Local' shader compile jobs with 'Normal' priority
[2023.05.06-14.43.12:193][549]LogShaderCompilers: Display: Worker (2/5): shaders left to compile 2
[2023.05.06-14.43.12:193][549]LogShaderCompilers: Display: Started 1 'Local' shader compile jobs with 'Normal' priority
[2023.05.06-14.43.12:225][551]LogShaderCompilers: Display: Worker (3/5): shaders left to compile 1
[2023.05.06-14.43.12:225][551]LogShaderCompilers: Display: Started 1 'Local' shader compile jobs with 'Normal' priority
[2023.05.06-14.44.22:663][730]LogActorFactory: Actor Factory created Base_Ground_Uni_f
[2023.05.06-14.44.30:429][195]LogActorFactory: Actor Factory created Base_Ground_Uni_f
[2023.05.06-14.45.13:287][750]LogEditorViewport: Clicking on Actor (LMB): StaticMeshActor (Research_Building__team-edition_FBX)
[2023.05.06-14.47.49:821][126]LogEditorViewport: Clicking on Actor (LMB): StaticMeshActor (Base_Ground_Uni_f5)
[2023.05.06-14.48.01:531][824]LogEditorViewport: Clicking on Actor (LMB): Landscape (Landscape)
[2023.05.06-14.48.15:328][645]LogEditorViewport: Clicking on Actor (LMB): StaticMeshActor (Base_Ground_Uni_f5)
[2023.05.06-14.48.30:298][521]LogAssetEditorSubsystem: Opening Asset editor for StaticMesh /Game/TheTroubleMakers/Alikhorshidi/Asset/Material/Base_Ground_Uni_f.Base_Ground_Uni_f
[2023.05.06-14.48.30:439][521]LogTexture: Default maximum texture size for cubemaps generated from long-lat sources has been changed from 512 to unlimited. In order to preserve old behaiour for '/Engine/EditorMaterials/AssetViewer/EpicQuadPanorama_CC+EV1.EpicQuadPanorama_CC+EV1', its maximum texture size has been explicitly set to 512.
[2023.05.06-14.48.30:570][521]LogTexture: Default maximum texture size for cubemaps generated from long-lat sources has been changed from 512 to unlimited. In order to preserve old behaiour for '/Engine/MapTemplates/Sky/SunsetAmbientCubemap.SunsetAmbientCubemap', its maximum texture size has been explicitly set to 512.
[2023.05.06-14.48.31:126][521]LogRenderer: Reallocating scene render targets to support 1432x912 Format 10 NumSamples 1 (Frame:1).
[2023.05.06-14.48.47:508][ 97]LogSlate: Took 0.008341 seconds to synchronously load lazily loaded font '../../../Engine/Content/Slate/Fonts/Roboto-Italic.ttf' (157K)
[2023.05.06-14.48.54:932][320]LogSavePackage: Moving '../../../../../../Asus/Documents/GitHub/TheTroubleMakers/Unreal Engine Project/SpeedLimit_UniAzad/Saved/Base_Ground_Uni_f382A58504D5A1F4AAE6FC2972C9A8A2D.tmp' to '../../../../../../Asus/Documents/GitHub/TheTroubleMakers/Unreal Engine Project/SpeedLimit_UniAzad/Content/TheTroubleMakers/Alikhorshidi/Asset/Material/Base_Ground_Uni_f.uasset'
[2023.05.06-14.48.54:947][320]AssetCheck: New page: Asset Save: Base_Ground_Uni_f
[2023.05.06-14.48.54:947][320]LogContentValidation: Display: Validating StaticMesh /Game/TheTroubleMakers/Alikhorshidi/Asset/Material/Base_Ground_Uni_f.Base_Ground_Uni_f
[2023.05.06-14.48.55:971][356]LogSlate: Window 'Base_Ground_Uni_f' being destroyed
[2023.05.06-14.48.55:980][356]LogSlate: Window 'Base_Ground_Uni_f' being destroyed
[2023.05.06-14.48.55:982][356]LogWorld: UWorld::CleanupWorld for World_2, bSessionEnded=true, bCleanupResources=true
[2023.05.06-14.48.55:982][356]LogSlate: InvalidateAllWidgets triggered.  All widgets were invalidated
[2023.05.06-14.48.57:122][411]LogTemp: Repeating last play command: Selected Viewport
[2023.05.06-14.48.57:131][411]LogPlayLevel: PlayLevel: No blueprints needed recompiling
[2023.05.06-14.48.57:132][411]PIE: New page: PIE session: Minimal_Default (May 6, 2023, 10:48:57 PM)
[2023.05.06-14.48.57:140][411]LogOnline: OSS: Creating online subsystem instance for: NULL
[2023.05.06-14.48.57:141][411]LogOnline: OSS: TryLoadSubsystemAndSetDefault: Loaded subsystem for module [NULL]
[2023.05.06-14.48.57:142][411]LogPlayLevel: Creating play world package: /Game/StarterContent/Maps/UEDPIE_0_Minimal_Default
[2023.05.06-14.48.57:163][411]LogPlayLevel: PIE: StaticDuplicateObject took: (0.020722s)
[2023.05.06-14.48.57:166][411]LogAIModule: Creating AISystem for world Minimal_Default
[2023.05.06-14.48.57:166][411]LogPlayLevel: PIE: World Init took: (0.002382s)
[2023.05.06-14.48.57:166][411]LogPlayLevel: PIE: Created PIE world by copying editor world from /Game/StarterContent/Maps/Minimal_Default.Minimal_Default to /Game/StarterContent/Maps/UEDPIE_0_Minimal_Default.Minimal_Default (0.023626s)
[2023.05.06-14.48.57:180][411]LogUObjectHash: Compacting FUObjectHashTables data took   0.79ms
[2023.05.06-14.48.57:185][411]LogAudio: Display: Creating Audio Device:                 Id: 2, Scope: Unique, Realtime: True
[2023.05.06-14.48.57:185][411]LogAudioMixer: Display: Audio Mixer Platform Settings:
[2023.05.06-14.48.57:185][411]LogAudioMixer: Display: 	Sample Rate:						  48000
[2023.05.06-14.48.57:185][411]LogAudioMixer: Display: 	Callback Buffer Frame Size Requested: 1024
[2023.05.06-14.48.57:185][411]LogAudioMixer: Display: 	Callback Buffer Frame Size To Use:	  1024
[2023.05.06-14.48.57:185][411]LogAudioMixer: Display: 	Number of buffers to queue:			  2
[2023.05.06-14.48.57:185][411]LogAudioMixer: Display: 	Max Channels (voices):				  32
[2023.05.06-14.48.57:185][411]LogAudioMixer: Display: 	Number of Async Source Workers:		  0
[2023.05.06-14.48.57:185][411]LogAudio: Display: AudioDevice MaxSources: 32
[2023.05.06-14.48.57:186][411]LogAudio: Display: Audio Spatialization Plugin: None (built-in).
[2023.05.06-14.48.57:186][411]LogAudio: Display: Audio Reverb Plugin: None (built-in).
[2023.05.06-14.48.57:186][411]LogAudio: Display: Audio Occlusion Plugin: None (built-in).
[2023.05.06-14.48.57:186][411]LogAudioMixer: Display: Initializing audio mixer.
[2023.05.06-14.48.57:190][411]LogAudioMixer: Display: 0: FrontLeft
[2023.05.06-14.48.57:190][411]LogAudioMixer: Display: 1: FrontRight
[2023.05.06-14.48.57:197][411]LogAudioMixer: Display: Using Audio Device Mi TV (HD Audio Driver for Display Audio)
[2023.05.06-14.48.57:197][411]LogAudioMixer: Display: Initializing Sound Submixes...
[2023.05.06-14.48.57:197][411]LogAudioMixer: Display: Creating Master Submix 'MasterSubmixDefault'
[2023.05.06-14.48.57:197][411]LogAudioMixer: Display: Creating Master Submix 'MasterReverbSubmixDefault'
[2023.05.06-14.48.57:197][411]LogAudioMixer: Display: Creating Master Submix 'MasterEQSubmixDefault'
[2023.05.06-14.48.57:197][411]LogAudioMixer: FMixerPlatformXAudio2::StartAudioStream() called
[2023.05.06-14.48.57:197][411]LogAudioMixer: Display: Output buffers initialized: Frames=1024, Channels=2, Samples=2048
[2023.05.06-14.48.57:199][411]LogAudioMixer: Display: Starting AudioMixerPlatformInterface::RunInternal()
[2023.05.06-14.48.57:199][411]LogAudioMixer: Display: FMixerPlatformXAudio2::SubmitBuffer() called for the first time
[2023.05.06-14.48.57:199][411]LogInit: FAudioDevice initialized.
[2023.05.06-14.48.57:199][411]LogAudio: Display: Audio Device (ID: 2) registered with world 'Minimal_Default'.
[2023.05.06-14.48.57:211][411]LogLoad: Game class is 'NissanGame_C'
[2023.05.06-14.48.57:222][411]LogWorld: Bringing World /Game/StarterContent/Maps/UEDPIE_0_Minimal_Default.Minimal_Default up for play (max tick rate 60) at 2023.05.06-18.18.57
[2023.05.06-14.48.57:227][411]LogWorld: Bringing up level for play took: 0.009858
[2023.05.06-14.48.57:227][411]LogOnline: OSS: Creating online subsystem instance for: :Context_4
[2023.05.06-14.48.57:236][411]LogNativeClassHierarchy: Verbose: Native class hierarchy updated for 'MovieSceneCapture' in 0.0004 seconds. Added 20 classes and 0 folders.
[2023.05.06-14.48.57:236][411]LogGameMode: Display: Match State Changed from EnteringMap to WaitingToStart
[2023.05.06-14.48.57:236][411]LogGameState: Match State Changed from EnteringMap to WaitingToStart
[2023.05.06-14.48.57:236][411]LogGameMode: Display: Match State Changed from WaitingToStart to InProgress
[2023.05.06-14.48.57:240][411]LogGameState: Match State Changed from WaitingToStart to InProgress
[2023.05.06-14.48.57:241][411]PIE: Server logged in
[2023.05.06-14.48.57:243][411]PIE: Play in editor total start time 0.115 seconds.
[2023.05.06-14.50.58:443][668]LogSlate: Updating window title bar state: overlay mode, drag disabled, window buttons hidden, title bar hidden
[2023.05.06-14.50.58:444][668]LogWorld: BeginTearingDown for /Game/StarterContent/Maps/UEDPIE_0_Minimal_Default
[2023.05.06-14.50.58:445][668]LogWorld: UWorld::CleanupWorld for Minimal_Default, bSessionEnded=true, bCleanupResources=true
[2023.05.06-14.50.58:447][668]LogSlate: InvalidateAllWidgets triggered.  All widgets were invalidated
[2023.05.06-14.50.58:462][668]LogPlayLevel: Display: Shutting down PIE online subsystems
[2023.05.06-14.50.58:477][668]LogSlate: InvalidateAllWidgets triggered.  All widgets were invalidated
[2023.05.06-14.50.58:486][668]LogAudio: Display: Audio Device unregistered from world 'None'.
[2023.05.06-14.50.58:490][668]LogAudioMixer: FMixerPlatformXAudio2::StopAudioStream() called
[2023.05.06-14.50.58:492][668]LogAudioMixer: FMixerPlatformXAudio2::StopAudioStream() called
[2023.05.06-14.50.58:495][668]LogSlate: Updating window title bar state: overlay mode, drag disabled, window buttons hidden, title bar hidden
[2023.05.06-14.50.58:501][668]LogUObjectHash: Compacting FUObjectHashTables data took   0.66ms
[2023.05.06-14.50.58:526][669]LogPlayLevel: Display: Destroying online subsystem :Context_4
[2023.05.06-14.50.59:315][715]LogEditorViewport: Clicking on Actor (LMB): StaticMeshActor (Research_Building__team-edition_FBX)
[2023.05.06-14.51.15:497][681]Cmd: TRANSACTION UNDO
[2023.05.06-14.51.15:497][681]LogEditorTransaction: Undo Move Actors
[2023.05.06-14.51.16:022][692]Cmd: TRANSACTION UNDO
[2023.05.06-14.51.16:022][692]LogEditorTransaction: Undo Move Actors
[2023.05.06-14.51.16:472][718]Cmd: TRANSACTION UNDO
[2023.05.06-14.51.16:472][718]LogEditorTransaction: Undo Move Actors
[2023.05.06-14.51.16:922][745]Cmd: TRANSACTION UNDO
[2023.05.06-14.51.16:922][745]LogEditorTransaction: Undo Move Actors
[2023.05.06-14.52.02:946][490]LogEditorViewport: Clicking on Actor (LMB): StaticMeshActor (Parking3)
[2023.05.06-14.53.29:722][671]LogEditorViewport: Clicking on Actor (LMB): Landscape (Landscape)
[2023.05.06-14.53.45:984][635]LogUObjectHash: Compacting FUObjectHashTables data took   0.70ms
[2023.05.06-14.53.47:462][635]LogSlate: Window 'Save Content' being destroyed
[2023.05.06-14.53.47:507][635]LogSavePackage: Moving '../../../../../../Asus/Documents/GitHub/TheTroubleMakers/Unreal Engine Project/SpeedLimit_UniAzad/Saved/05_CONCRETE_MWAY_SIDE_jpg5ac5788E38BB53B47FE816A441D8CAB6CD082FA.tmp' to '../../../../../../Asus/Documents/GitHub/TheTroubleMakers/Unreal Engine Project/SpeedLimit_UniAzad/Content/TheTroubleMakers/Alikhorshidi/Asset/Material/05_CONCRETE_MWAY_SIDE_jpg5ac5788d-c995-4c22-a783-850124594bb3Larger.uasset'
[2023.05.06-14.53.47:519][635]LogSavePackage: Moving '../../../../../../Asus/Documents/GitHub/TheTroubleMakers/Unreal Engine Project/SpeedLimit_UniAzad/Saved/05_CONCRETE_MWAY_SIDE_jpg5ac57889EB86A114F5EC33D8519B4A53B975E8F.tmp' to '../../../../../../Asus/Documents/GitHub/TheTroubleMakers/Unreal Engine Project/SpeedLimit_UniAzad/Content/TheTroubleMakers/Alikhorshidi/Asset/Material/05_CONCRETE_MWAY_SIDE_jpg5ac5788d-c995-4c22-a783-850124594bb3Larger_ncl1_1.uasset'
[2023.05.06-14.53.47:531][635]LogSavePackage: Moving '../../../../../../Asus/Documents/GitHub/TheTroubleMakers/Unreal Engine Project/SpeedLimit_UniAzad/Saved/05_CONCRETE_MWAY_SIDE_jpg5ac578846343BA441983523810CD8B91D9EDA92.tmp' to '../../../../../../Asus/Documents/GitHub/TheTroubleMakers/Unreal Engine Project/SpeedLimit_UniAzad/Content/TheTroubleMakers/Alikhorshidi/Asset/Material/05_CONCRETE_MWAY_SIDE_jpg5ac5788d-c995-4c22-a783-850124594bb3Larger_ncl1_2.uasset'
[2023.05.06-14.53.47:544][635]LogSavePackage: Moving '../../../../../../Asus/Documents/GitHub/TheTroubleMakers/Unreal Engine Project/SpeedLimit_UniAzad/Saved/05_CONCRETE_MWAY_SIDE_jpg5ac5788B4FB870F40814E5E274A8AA44F7DCE73.tmp' to '../../../../../../Asus/Documents/GitHub/TheTroubleMakers/Unreal Engine Project/SpeedLimit_UniAzad/Content/TheTroubleMakers/Alikhorshidi/Asset/Material/05_CONCRETE_MWAY_SIDE_jpg5ac5788d-c995-4c22-a783-850124594bb3Larger_ncl1_3.uasset'
[2023.05.06-14.53.47:556][635]LogSavePackage: Moving '../../../../../../Asus/Documents/GitHub/TheTroubleMakers/Unreal Engine Project/SpeedLimit_UniAzad/Saved/05_CONCRETE_MWAY_SIDE_jpg5ac57887C445C7448F9A763C33C21979A737EB0.tmp' to '../../../../../../Asus/Documents/GitHub/TheTroubleMakers/Unreal Engine Project/SpeedLimit_UniAzad/Content/TheTroubleMakers/Alikhorshidi/Asset/Material/05_CONCRETE_MWAY_SIDE_jpg5ac5788d-c995-4c22-a783-850124594bb3Larger_ncl1_4.uasset'
[2023.05.06-14.53.47:574][635]LogSavePackage: Moving '../../../../../../Asus/Documents/GitHub/TheTroubleMakers/Unreal Engine Project/SpeedLimit_UniAzad/Saved/FloorEDBA00174463F80865E967B96067572C.tmp' to '../../../../../../Asus/Documents/GitHub/TheTroubleMakers/Unreal Engine Project/SpeedLimit_UniAzad/Content/TheTroubleMakers/Alikhorshidi/Asset/Material/Floor.uasset'
[2023.05.06-14.53.47:590][635]LogSavePackage: Moving '../../../../../../Asus/Documents/GitHub/TheTroubleMakers/Unreal Engine Project/SpeedLimit_UniAzad/Saved/Floor_2F705F66F46C4A05182D87E8D306A1E74.tmp' to '../../../../../../Asus/Documents/GitHub/TheTroubleMakers/Unreal Engine Project/SpeedLimit_UniAzad/Content/TheTroubleMakers/Alikhorshidi/Asset/Material/Floor_2.uasset'
[2023.05.06-14.53.47:607][635]LogSavePackage: Moving '../../../../../../Asus/Documents/GitHub/TheTroubleMakers/Unreal Engine Project/SpeedLimit_UniAzad/Saved/Floor_2_0011B2A83E840C090B737D2CA8C0DA3A2CF.tmp' to '../../../../../../Asus/Documents/GitHub/TheTroubleMakers/Unreal Engine Project/SpeedLimit_UniAzad/Content/TheTroubleMakers/Alikhorshidi/Asset/Material/Floor_2_001.uasset'
[2023.05.06-14.53.47:971][635]LogSavePackage: Moving '../../../../../../Asus/Documents/GitHub/TheTroubleMakers/Unreal Engine Project/SpeedLimit_UniAzad/Saved/forrest_ground_01_diff_2k_ncl1_13D288E9E4B9B23A4D4D6358BBCCC1403.tmp' to '../../../../../../Asus/Documents/GitHub/TheTroubleMakers/Unreal Engine Project/SpeedLimit_UniAzad/Content/TheTroubleMakers/Alikhorshidi/Asset/Material/forrest_ground_01_diff_2k_ncl1_1.uasset'
[2023.05.06-14.53.48:391][635]LogSavePackage: Moving '../../../../../../Asus/Documents/GitHub/TheTroubleMakers/Unreal Engine Project/SpeedLimit_UniAzad/Saved/forrest_ground_01_diff_2k_ncl1_2364A19E0426CEA59C9BF8396EBCE65BA.tmp' to '../../../../../../Asus/Documents/GitHub/TheTroubleMakers/Unreal Engine Project/SpeedLimit_UniAzad/Content/TheTroubleMakers/Alikhorshidi/Asset/Material/forrest_ground_01_diff_2k_ncl1_2.uasset'
[2023.05.06-14.53.48:841][635]LogSavePackage: Moving '../../../../../../Asus/Documents/GitHub/TheTroubleMakers/Unreal Engine Project/SpeedLimit_UniAzad/Saved/forrest_ground_01_diff_2k_ncl1_39146C243409CC768E80F90985374BCE8.tmp' to '../../../../../../Asus/Documents/GitHub/TheTroubleMakers/Unreal Engine Project/SpeedLimit_UniAzad/Content/TheTroubleMakers/Alikhorshidi/Asset/Material/forrest_ground_01_diff_2k_ncl1_3.uasset'
[2023.05.06-14.53.49:306][635]LogSavePackage: Moving '../../../../../../Asus/Documents/GitHub/TheTroubleMakers/Unreal Engine Project/SpeedLimit_UniAzad/Saved/forrest_ground_01_diff_2k_ncl1_41B32CF1240541F3F082ADAA5BFD8DB15.tmp' to '../../../../../../Asus/Documents/GitHub/TheTroubleMakers/Unreal Engine Project/SpeedLimit_UniAzad/Content/TheTroubleMakers/Alikhorshidi/Asset/Material/forrest_ground_01_diff_2k_ncl1_4.uasset'
[2023.05.06-14.53.49:326][635]LogSavePackage: Moving '../../../../../../Asus/Documents/GitHub/TheTroubleMakers/Unreal Engine Project/SpeedLimit_UniAzad/Saved/GraphicsCrate-Road_Texture_02_pr88D84EB847A7296EDF34FAA297182794.tmp' to '../../../../../../Asus/Documents/GitHub/TheTroubleMakers/Unreal Engine Project/SpeedLimit_UniAzad/Content/TheTroubleMakers/Alikhorshidi/Asset/Material/GraphicsCrate-Road_Texture_02_prev_sm.uasset'
[2023.05.06-14.53.49:345][635]LogSavePackage: Moving '../../../../../../Asus/Documents/GitHub/TheTroubleMakers/Unreal Engine Project/SpeedLimit_UniAzad/Saved/GraphicsCrate-Road_Texture_02_prD8DEAB514946F9C1E4742980A69A45EC.tmp' to '../../../../../../Asus/Documents/GitHub/TheTroubleMakers/Unreal Engine Project/SpeedLimit_UniAzad/Content/TheTroubleMakers/Alikhorshidi/Asset/Material/GraphicsCrate-Road_Texture_02_prev_sm_ncl1_1.uasset'
[2023.05.06-14.53.49:364][635]LogSavePackage: Moving '../../../../../../Asus/Documents/GitHub/TheTroubleMakers/Unreal Engine Project/SpeedLimit_UniAzad/Saved/GraphicsCrate-Road_Texture_02_pr8BA96F3242B3A624ABDEFA961B7DC0CD.tmp' to '../../../../../../Asus/Documents/GitHub/TheTroubleMakers/Unreal Engine Project/SpeedLimit_UniAzad/Content/TheTroubleMakers/Alikhorshidi/Asset/Material/GraphicsCrate-Road_Texture_02_prev_sm_ncl1_2.uasset'
[2023.05.06-14.53.49:393][635]LogSavePackage: Moving '../../../../../../Asus/Documents/GitHub/TheTroubleMakers/Unreal Engine Project/SpeedLimit_UniAzad/Saved/GroundF2863A3244865044DE6B54A91BA5C4C0.tmp' to '../../../../../../Asus/Documents/GitHub/TheTroubleMakers/Unreal Engine Project/SpeedLimit_UniAzad/Content/TheTroubleMakers/Alikhorshidi/Asset/Material/Ground.uasset'
[2023.05.06-14.53.49:423][635]LogSavePackage: Moving '../../../../../../Asus/Documents/GitHub/TheTroubleMakers/Unreal Engine Project/SpeedLimit_UniAzad/Saved/Ground_001646FAB004CF82E530D9125AD26604797.tmp' to '../../../../../../Asus/Documents/GitHub/TheTroubleMakers/Unreal Engine Project/SpeedLimit_UniAzad/Content/TheTroubleMakers/Alikhorshidi/Asset/Material/Ground_001.uasset'
[2023.05.06-14.53.49:453][635]LogSavePackage: Moving '../../../../../../Asus/Documents/GitHub/TheTroubleMakers/Unreal Engine Project/SpeedLimit_UniAzad/Saved/Ground_00361C9D9FD46973917824A6BAAC637FB5E.tmp' to '../../../../../../Asus/Documents/GitHub/TheTroubleMakers/Unreal Engine Project/SpeedLimit_UniAzad/Content/TheTroubleMakers/Alikhorshidi/Asset/Material/Ground_003.uasset'
[2023.05.06-14.53.49:482][635]LogSavePackage: Moving '../../../../../../Asus/Documents/GitHub/TheTroubleMakers/Unreal Engine Project/SpeedLimit_UniAzad/Saved/Ground_004A5D42EE541646BC9148087A31CEBC8DB.tmp' to '../../../../../../Asus/Documents/GitHub/TheTroubleMakers/Unreal Engine Project/SpeedLimit_UniAzad/Content/TheTroubleMakers/Alikhorshidi/Asset/Material/Ground_004.uasset'
[2023.05.06-14.53.49:511][635]LogSavePackage: Moving '../../../../../../Asus/Documents/GitHub/TheTroubleMakers/Unreal Engine Project/SpeedLimit_UniAzad/Saved/Jadval027566A3449E068B2665D4B514FC7723.tmp' to '../../../../../../Asus/Documents/GitHub/TheTroubleMakers/Unreal Engine Project/SpeedLimit_UniAzad/Content/TheTroubleMakers/Alikhorshidi/Asset/Material/Jadval.uasset'
[2023.05.06-14.53.49:540][635]LogSavePackage: Moving '../../../../../../Asus/Documents/GitHub/TheTroubleMakers/Unreal Engine Project/SpeedLimit_UniAzad/Saved/Jadval_001D5792FB44D876E18C2F13A8332E606D0.tmp' to '../../../../../../Asus/Documents/GitHub/TheTroubleMakers/Unreal Engine Project/SpeedLimit_UniAzad/Content/TheTroubleMakers/Alikhorshidi/Asset/Material/Jadval_001.uasset'
[2023.05.06-14.53.49:571][635]LogSavePackage: Moving '../../../../../../Asus/Documents/GitHub/TheTroubleMakers/Unreal Engine Project/SpeedLimit_UniAzad/Saved/Jadval_0020B3C0CAF40F6A113F629A8A0FBE6DBA7.tmp' to '../../../../../../Asus/Documents/GitHub/TheTroubleMakers/Unreal Engine Project/SpeedLimit_UniAzad/Content/TheTroubleMakers/Alikhorshidi/Asset/Material/Jadval_002.uasset'
[2023.05.06-14.53.49:600][635]LogSavePackage: Moving '../../../../../../Asus/Documents/GitHub/TheTroubleMakers/Unreal Engine Project/SpeedLimit_UniAzad/Saved/Jadval_003A5C1CE3A4509B7076416CCB5533050D6.tmp' to '../../../../../../Asus/Documents/GitHub/TheTroubleMakers/Unreal Engine Project/SpeedLimit_UniAzad/Content/TheTroubleMakers/Alikhorshidi/Asset/Material/Jadval_003.uasset'
[2023.05.06-14.53.49:630][635]LogSavePackage: Moving '../../../../../../Asus/Documents/GitHub/TheTroubleMakers/Unreal Engine Project/SpeedLimit_UniAzad/Saved/Jadval_0043553D357439871F406110A95F15D1863.tmp' to '../../../../../../Asus/Documents/GitHub/TheTroubleMakers/Unreal Engine Project/SpeedLimit_UniAzad/Content/TheTroubleMakers/Alikhorshidi/Asset/Material/Jadval_004.uasset'
[2023.05.06-14.53.49:658][635]LogSavePackage: Moving '../../../../../../Asus/Documents/GitHub/TheTroubleMakers/Unreal Engine Project/SpeedLimit_UniAzad/Saved/Main472597334DE1E4B5559C64A6E5934EA1.tmp' to '../../../../../../Asus/Documents/GitHub/TheTroubleMakers/Unreal Engine Project/SpeedLimit_UniAzad/Content/TheTroubleMakers/Alikhorshidi/Asset/Material/Main.uasset'
[2023.05.06-14.53.49:686][635]LogSavePackage: Moving '../../../../../../Asus/Documents/GitHub/TheTroubleMakers/Unreal Engine Project/SpeedLimit_UniAzad/Saved/Main_001823263454A97691E4BC5E095175B79E4.tmp' to '../../../../../../Asus/Documents/GitHub/TheTroubleMakers/Unreal Engine Project/SpeedLimit_UniAzad/Content/TheTroubleMakers/Alikhorshidi/Asset/Material/Main_001.uasset'
[2023.05.06-14.53.49:715][635]LogSavePackage: Moving '../../../../../../Asus/Documents/GitHub/TheTroubleMakers/Unreal Engine Project/SpeedLimit_UniAzad/Saved/Main_00256328F734C0E66ADD1642089E651EE88.tmp' to '../../../../../../Asus/Documents/GitHub/TheTroubleMakers/Unreal Engine Project/SpeedLimit_UniAzad/Content/TheTroubleMakers/Alikhorshidi/Asset/Material/Main_002.uasset'
[2023.05.06-14.53.49:742][635]LogSavePackage: Moving '../../../../../../Asus/Documents/GitHub/TheTroubleMakers/Unreal Engine Project/SpeedLimit_UniAzad/Saved/Main_003EBB3657249B18B074C9967870B6321B0.tmp' to '../../../../../../Asus/Documents/GitHub/TheTroubleMakers/Unreal Engine Project/SpeedLimit_UniAzad/Content/TheTroubleMakers/Alikhorshidi/Asset/Material/Main_003.uasset'
[2023.05.06-14.53.49:770][635]LogSavePackage: Moving '../../../../../../Asus/Documents/GitHub/TheTroubleMakers/Unreal Engine Project/SpeedLimit_UniAzad/Saved/Main_004FF6A033941A210EF67E3419FBC92E5FD.tmp' to '../../../../../../Asus/Documents/GitHub/TheTroubleMakers/Unreal Engine Project/SpeedLimit_UniAzad/Content/TheTroubleMakers/Alikhorshidi/Asset/Material/Main_004.uasset'
[2023.05.06-14.53.49:797][635]LogSavePackage: Moving '../../../../../../Asus/Documents/GitHub/TheTroubleMakers/Unreal Engine Project/SpeedLimit_UniAzad/Saved/Main_00521F2ACAA4BBE0687C42EAFBCA9C2F07F.tmp' to '../../../../../../Asus/Documents/GitHub/TheTroubleMakers/Unreal Engine Project/SpeedLimit_UniAzad/Content/TheTroubleMakers/Alikhorshidi/Asset/Material/Main_005.uasset'
[2023.05.06-14.53.49:825][635]LogSavePackage: Moving '../../../../../../Asus/Documents/GitHub/TheTroubleMakers/Unreal Engine Project/SpeedLimit_UniAzad/Saved/Main_006DE59AFF847683E6105C3A791DECE6AF1.tmp' to '../../../../../../Asus/Documents/GitHub/TheTroubleMakers/Unreal Engine Project/SpeedLimit_UniAzad/Content/TheTroubleMakers/Alikhorshidi/Asset/Material/Main_006.uasset'
[2023.05.06-14.53.49:853][635]LogSavePackage: Moving '../../../../../../Asus/Documents/GitHub/TheTroubleMakers/Unreal Engine Project/SpeedLimit_UniAzad/Saved/Main_007EAFACD1B4A1E427B4AC91EBB2E34D547.tmp' to '../../../../../../Asus/Documents/GitHub/TheTroubleMakers/Unreal Engine Project/SpeedLimit_UniAzad/Content/TheTroubleMakers/Alikhorshidi/Asset/Material/Main_007.uasset'
[2023.05.06-14.53.49:862][635]LogUObjectHash: Compacting FUObjectHashTables data took   0.49ms
[2023.05.06-14.53.49:937][635]LogSavePackage: Moving '../../../../../../Asus/Documents/GitHub/TheTroubleMakers/Unreal Engine Project/SpeedLimit_UniAzad/Saved/Minimal_DefaultAA63714A4DB66BB2C3236B90902FBE1A.tmp' to '../../../../../../Asus/Documents/GitHub/TheTroubleMakers/Unreal Engine Project/SpeedLimit_UniAzad/Content/StarterContent/Maps/Minimal_Default.umap'
[2023.05.06-14.53.49:950][635]LogFileHelpers: Saving map 'Minimal_Default' took 0.096
[2023.05.06-14.53.49:979][635]LogSavePackage: Moving '../../../../../../Asus/Documents/GitHub/TheTroubleMakers/Unreal Engine Project/SpeedLimit_UniAzad/Saved/mozaeikD875B05B49BB7A6FA96F2682B4EAFCB8.tmp' to '../../../../../../Asus/Documents/GitHub/TheTroubleMakers/Unreal Engine Project/SpeedLimit_UniAzad/Content/TheTroubleMakers/Alikhorshidi/Asset/Material/mozaeik.uasset'
[2023.05.06-14.53.50:009][635]LogSavePackage: Moving '../../../../../../Asus/Documents/GitHub/TheTroubleMakers/Unreal Engine Project/SpeedLimit_UniAzad/Saved/mozaeik_001ABAF64EA4A9D07D998557C9661FB4EF7.tmp' to '../../../../../../Asus/Documents/GitHub/TheTroubleMakers/Unreal Engine Project/SpeedLimit_UniAzad/Content/TheTroubleMakers/Alikhorshidi/Asset/Material/mozaeik_001.uasset'
[2023.05.06-14.53.50:041][635]LogSavePackage: Moving '../../../../../../Asus/Documents/GitHub/TheTroubleMakers/Unreal Engine Project/SpeedLimit_UniAzad/Saved/mozaeik_002BAA1ED7F463682569EBBEF92C62DBE78.tmp' to '../../../../../../Asus/Documents/GitHub/TheTroubleMakers/Unreal Engine Project/SpeedLimit_UniAzad/Content/TheTroubleMakers/Alikhorshidi/Asset/Material/mozaeik_002.uasset'
[2023.05.06-14.53.50:069][635]LogSavePackage: Moving '../../../../../../Asus/Documents/GitHub/TheTroubleMakers/Unreal Engine Project/SpeedLimit_UniAzad/Saved/RoadE970F380461C4A99D8062991BBA7F560.tmp' to '../../../../../../Asus/Documents/GitHub/TheTroubleMakers/Unreal Engine Project/SpeedLimit_UniAzad/Content/TheTroubleMakers/Alikhorshidi/Asset/Material/Road.uasset'
[2023.05.06-14.53.50:097][635]LogSavePackage: Moving '../../../../../../Asus/Documents/GitHub/TheTroubleMakers/Unreal Engine Project/SpeedLimit_UniAzad/Saved/Road_001A6F80F7F4928AF5A6FF730AA86C31B4D.tmp' to '../../../../../../Asus/Documents/GitHub/TheTroubleMakers/Unreal Engine Project/SpeedLimit_UniAzad/Content/TheTroubleMakers/Alikhorshidi/Asset/Material/Road_001.uasset'
[2023.05.06-14.53.50:124][635]LogSavePackage: Moving '../../../../../../Asus/Documents/GitHub/TheTroubleMakers/Unreal Engine Project/SpeedLimit_UniAzad/Saved/Road_002955FB7DF4769EA41998642B4ECC97FCD.tmp' to '../../../../../../Asus/Documents/GitHub/TheTroubleMakers/Unreal Engine Project/SpeedLimit_UniAzad/Content/TheTroubleMakers/Alikhorshidi/Asset/Material/Road_002.uasset'
[2023.05.06-14.53.50:176][635]LogSavePackage: Moving '../../../../../../Asus/Documents/GitHub/TheTroubleMakers/Unreal Engine Project/SpeedLimit_UniAzad/Saved/Shoe_Stones_-_www_IranDWG_com__54C268A2143F2B0AE736F32A5074CB55F.tmp' to '../../../../../../Asus/Documents/GitHub/TheTroubleMakers/Unreal Engine Project/SpeedLimit_UniAzad/Content/TheTroubleMakers/Alikhorshidi/Asset/Material/Shoe_Stones_-_www_IranDWG_com__5_.uasset'
[2023.05.06-14.53.50:227][635]LogSavePackage: Moving '../../../../../../Asus/Documents/GitHub/TheTroubleMakers/Unreal Engine Project/SpeedLimit_UniAzad/Saved/Shoe_Stones_-_www_IranDWG_com__5A81630F04F47E0C498E9E7829C0D8A8C.tmp' to '../../../../../../Asus/Documents/GitHub/TheTroubleMakers/Unreal Engine Project/SpeedLimit_UniAzad/Content/TheTroubleMakers/Alikhorshidi/Asset/Material/Shoe_Stones_-_www_IranDWG_com__5__ncl1_1.uasset'
[2023.05.06-14.53.50:985][635]LogSavePackage: Moving '../../../../../../Asus/Documents/GitHub/TheTroubleMakers/Unreal Engine Project/SpeedLimit_UniAzad/Saved/Shoe_Stones_-_www_IranDWG_com__6B8D0771E4101DCD1A0FC3CA6F32B1285.tmp' to '../../../../../../Asus/Documents/GitHub/TheTroubleMakers/Unreal Engine Project/SpeedLimit_UniAzad/Content/TheTroubleMakers/Alikhorshidi/Asset/Material/Shoe_Stones_-_www_IranDWG_com__6_.uasset'
[2023.05.06-14.53.51:804][635]LogSavePackage: Moving '../../../../../../Asus/Documents/GitHub/TheTroubleMakers/Unreal Engine Project/SpeedLimit_UniAzad/Saved/Shoe_Stones_-_www_IranDWG_com__6D85D252A46CC3B70B12064AEB54745E3.tmp' to '../../../../../../Asus/Documents/GitHub/TheTroubleMakers/Unreal Engine Project/SpeedLimit_UniAzad/Content/TheTroubleMakers/Alikhorshidi/Asset/Material/Shoe_Stones_-_www_IranDWG_com__6__ncl1_1.uasset'
[2023.05.06-14.53.52:612][635]LogSavePackage: Moving '../../../../../../Asus/Documents/GitHub/TheTroubleMakers/Unreal Engine Project/SpeedLimit_UniAzad/Saved/Shoe_Stones_-_www_IranDWG_com__602F30A4F482083EE7D2758B57F163325.tmp' to '../../../../../../Asus/Documents/GitHub/TheTroubleMakers/Unreal Engine Project/SpeedLimit_UniAzad/Content/TheTroubleMakers/Alikhorshidi/Asset/Material/Shoe_Stones_-_www_IranDWG_com__6__ncl1_2.uasset'
[2023.05.06-14.53.52:679][635]LogSavePackage: Moving '../../../../../../Asus/Documents/GitHub/TheTroubleMakers/Unreal Engine Project/SpeedLimit_UniAzad/Saved/Venexia-Tile-822x8-Giudecca-650x9EA2ACAE45453364A34D54B11BA4E6C1.tmp' to '../../../../../../Asus/Documents/GitHub/TheTroubleMakers/Unreal Engine Project/SpeedLimit_UniAzad/Content/TheTroubleMakers/Alikhorshidi/Asset/Material/Venexia-Tile-822x8-Giudecca-650x650.uasset'
[2023.05.06-14.53.52:733][635]LogSlate: Window 'SpeedLimit_UniAzad - Unreal Editor' being destroyed
[2023.05.06-14.53.52:873][635]AssetCheck: New page: Asset Save: multiple assets
[2023.05.06-14.53.52:873][635]LogContentValidation: Display: Validating Texture2D /Game/TheTroubleMakers/Alikhorshidi/Asset/Material/Shoe_Stones_-_www_IranDWG_com__5__ncl1_1.Shoe_Stones_-_www_IranDWG_com__5__ncl1_1
[2023.05.06-14.53.52:873][635]LogContentValidation: Display: Validating Material /Game/TheTroubleMakers/Alikhorshidi/Asset/Material/Floor_2.Floor_2
[2023.05.06-14.53.52:873][635]LogContentValidation: Display: Validating Material /Game/TheTroubleMakers/Alikhorshidi/Asset/Material/Main.Main
[2023.05.06-14.53.52:873][635]LogContentValidation: Display: Validating Material /Game/TheTroubleMakers/Alikhorshidi/Asset/Material/Ground_003.Ground_003
[2023.05.06-14.53.52:874][635]LogContentValidation: Display: Validating Texture2D /Game/TheTroubleMakers/Alikhorshidi/Asset/Material/forrest_ground_01_diff_2k_ncl1_4.forrest_ground_01_diff_2k_ncl1_4
[2023.05.06-14.53.52:874][635]LogContentValidation: Display: Validating Material /Game/TheTroubleMakers/Alikhorshidi/Asset/Material/Ground.Ground
[2023.05.06-14.53.52:874][635]LogContentValidation: Display: Validating Texture2D /Game/TheTroubleMakers/Alikhorshidi/Asset/Material/05_CONCRETE_MWAY_SIDE_jpg5ac5788d-c995-4c22-a783-850124594bb3Larger_ncl1_1.05_CONCRETE_MWAY_SIDE_jpg5ac5788d-c995-4c22-a783-850124594bb3Larger_ncl1_1
[2023.05.06-14.53.52:874][635]LogContentValidation: Display: Validating Material /Game/TheTroubleMakers/Alikhorshidi/Asset/Material/Jadval_003.Jadval_003
[2023.05.06-14.53.52:874][635]LogContentValidation: Display: Validating Texture2D /Game/TheTroubleMakers/Alikhorshidi/Asset/Material/05_CONCRETE_MWAY_SIDE_jpg5ac5788d-c995-4c22-a783-850124594bb3Larger_ncl1_4.05_CONCRETE_MWAY_SIDE_jpg5ac5788d-c995-4c22-a783-850124594bb3Larger_ncl1_4
[2023.05.06-14.53.52:874][635]LogContentValidation: Display: Validating Texture2D /Game/TheTroubleMakers/Alikhorshidi/Asset/Material/GraphicsCrate-Road_Texture_02_prev_sm_ncl1_1.GraphicsCrate-Road_Texture_02_prev_sm_ncl1_1
[2023.05.06-14.53.52:874][635]LogContentValidation: Display: Validating Material /Game/TheTroubleMakers/Alikhorshidi/Asset/Material/Jadval.Jadval
[2023.05.06-14.53.52:874][635]LogContentValidation: Display: Validating Material /Game/TheTroubleMakers/Alikhorshidi/Asset/Material/Main_007.Main_007
[2023.05.06-14.53.52:874][635]LogContentValidation: Display: Validating Material /Game/TheTroubleMakers/Alikhorshidi/Asset/Material/Road.Road
[2023.05.06-14.53.52:874][635]LogContentValidation: Display: Validating Texture2D /Game/TheTroubleMakers/Alikhorshidi/Asset/Material/05_CONCRETE_MWAY_SIDE_jpg5ac5788d-c995-4c22-a783-850124594bb3Larger_ncl1_3.05_CONCRETE_MWAY_SIDE_jpg5ac5788d-c995-4c22-a783-850124594bb3Larger_ncl1_3
[2023.05.06-14.53.52:874][635]LogContentValidation: Display: Validating Texture2D /Game/TheTroubleMakers/Alikhorshidi/Asset/Material/Shoe_Stones_-_www_IranDWG_com__6_.Shoe_Stones_-_www_IranDWG_com__6_
[2023.05.06-14.53.52:874][635]LogContentValidation: Display: Validating Material /Game/TheTroubleMakers/Alikhorshidi/Asset/Material/Jadval_004.Jadval_004
[2023.05.06-14.53.52:874][635]LogContentValidation: Display: Validating Material /Game/TheTroubleMakers/Alikhorshidi/Asset/Material/Main_003.Main_003
[2023.05.06-14.53.52:874][635]LogContentValidation: Display: Validating Texture2D /Game/TheTroubleMakers/Alikhorshidi/Asset/Material/forrest_ground_01_diff_2k_ncl1_3.forrest_ground_01_diff_2k_ncl1_3
[2023.05.06-14.53.52:874][635]LogContentValidation: Display: Validating Material /Game/TheTroubleMakers/Alikhorshidi/Asset/Material/mozaeik_002.mozaeik_002
[2023.05.06-14.53.52:874][635]LogContentValidation: Display: Validating Material /Game/TheTroubleMakers/Alikhorshidi/Asset/Material/Ground_004.Ground_004
[2023.05.06-14.53.52:874][635]LogContentValidation: Display: Validating Material /Game/TheTroubleMakers/Alikhorshidi/Asset/Material/Main_006.Main_006
[2023.05.06-14.53.52:874][635]LogContentValidation: Display: Validating Texture2D /Game/TheTroubleMakers/Alikhorshidi/Asset/Material/Shoe_Stones_-_www_IranDWG_com__5_.Shoe_Stones_-_www_IranDWG_com__5_
[2023.05.06-14.53.52:874][635]LogContentValidation: Display: Validating Material /Game/TheTroubleMakers/Alikhorshidi/Asset/Material/Floor_2_001.Floor_2_001
[2023.05.06-14.53.52:874][635]LogContentValidation: Display: Validating Texture2D /Game/TheTroubleMakers/Alikhorshidi/Asset/Material/05_CONCRETE_MWAY_SIDE_jpg5ac5788d-c995-4c22-a783-850124594bb3Larger.05_CONCRETE_MWAY_SIDE_jpg5ac5788d-c995-4c22-a783-850124594bb3Larger
[2023.05.06-14.53.52:874][635]LogContentValidation: Display: Validating Texture2D /Game/TheTroubleMakers/Alikhorshidi/Asset/Material/GraphicsCrate-Road_Texture_02_prev_sm.GraphicsCrate-Road_Texture_02_prev_sm
[2023.05.06-14.53.52:874][635]LogContentValidation: Display: Validating Material /Game/TheTroubleMakers/Alikhorshidi/Asset/Material/Main_005.Main_005
[2023.05.06-14.53.52:874][635]LogContentValidation: Display: Validating Material /Game/TheTroubleMakers/Alikhorshidi/Asset/Material/Jadval_002.Jadval_002
[2023.05.06-14.53.52:875][635]LogContentValidation: Display: Validating Material /Game/TheTroubleMakers/Alikhorshidi/Asset/Material/Road_002.Road_002
[2023.05.06-14.53.52:875][635]LogContentValidation: Display: Validating Texture2D /Game/TheTroubleMakers/Alikhorshidi/Asset/Material/Venexia-Tile-822x8-Giudecca-650x650.Venexia-Tile-822x8-Giudecca-650x650
[2023.05.06-14.53.52:875][635]LogContentValidation: Display: Validating Material /Game/TheTroubleMakers/Alikhorshidi/Asset/Material/Floor.Floor
[2023.05.06-14.53.52:875][635]LogContentValidation: Display: Validating Material /Game/TheTroubleMakers/Alikhorshidi/Asset/Material/Main_002.Main_002
[2023.05.06-14.53.52:875][635]LogContentValidation: Display: Validating Material /Game/TheTroubleMakers/Alikhorshidi/Asset/Material/Main_004.Main_004
[2023.05.06-14.53.52:875][635]LogContentValidation: Display: Validating Texture2D /Game/TheTroubleMakers/Alikhorshidi/Asset/Material/Shoe_Stones_-_www_IranDWG_com__6__ncl1_2.Shoe_Stones_-_www_IranDWG_com__6__ncl1_2
[2023.05.06-14.53.52:875][635]LogContentValidation: Display: Validating Material /Game/TheTroubleMakers/Alikhorshidi/Asset/Material/mozaeik_001.mozaeik_001
[2023.05.06-14.53.52:875][635]LogContentValidation: Display: Validating Texture2D /Game/TheTroubleMakers/Alikhorshidi/Asset/Material/forrest_ground_01_diff_2k_ncl1_2.forrest_ground_01_diff_2k_ncl1_2
[2023.05.06-14.53.52:875][635]LogContentValidation: Display: Validating Material /Game/TheTroubleMakers/Alikhorshidi/Asset/Material/Ground_001.Ground_001
[2023.05.06-14.53.52:875][635]LogContentValidation: Display: Validating Texture2D /Game/TheTroubleMakers/Alikhorshidi/Asset/Material/05_CONCRETE_MWAY_SIDE_jpg5ac5788d-c995-4c22-a783-850124594bb3Larger_ncl1_2.05_CONCRETE_MWAY_SIDE_jpg5ac5788d-c995-4c22-a783-850124594bb3Larger_ncl1_2
[2023.05.06-14.53.52:875][635]LogContentValidation: Display: Validating Material /Game/TheTroubleMakers/Alikhorshidi/Asset/Material/Jadval_001.Jadval_001
[2023.05.06-14.53.52:875][635]LogContentValidation: Display: Validating Texture2D /Game/TheTroubleMakers/Alikhorshidi/Asset/Material/GraphicsCrate-Road_Texture_02_prev_sm_ncl1_2.GraphicsCrate-Road_Texture_02_prev_sm_ncl1_2
[2023.05.06-14.53.52:875][635]LogContentValidation: Display: Validating Material /Game/TheTroubleMakers/Alikhorshidi/Asset/Material/Road_001.Road_001
[2023.05.06-14.53.52:875][635]LogContentValidation: Display: Validating Material /Game/TheTroubleMakers/Alikhorshidi/Asset/Material/Main_001.Main_001
[2023.05.06-14.53.52:875][635]LogContentValidation: Display: Validating Texture2D /Game/TheTroubleMakers/Alikhorshidi/Asset/Material/Shoe_Stones_-_www_IranDWG_com__6__ncl1_1.Shoe_Stones_-_www_IranDWG_com__6__ncl1_1
[2023.05.06-14.53.52:875][635]LogContentValidation: Display: Validating Material /Game/TheTroubleMakers/Alikhorshidi/Asset/Material/mozaeik.mozaeik
[2023.05.06-14.53.52:875][635]LogContentValidation: Display: Validating Texture2D /Game/TheTroubleMakers/Alikhorshidi/Asset/Material/forrest_ground_01_diff_2k_ncl1_1.forrest_ground_01_diff_2k_ncl1_1
[2023.05.06-14.53.52:875][635]LogContentValidation: Display: Validating World /Game/StarterContent/Maps/Minimal_Default.Minimal_Default
[2023.05.06-14.53.52:879][636]Cmd: QUIT_EDITOR
[2023.05.06-14.53.52:879][636]LogCore: Engine exit requested (reason: UUnrealEdEngine::CloseEditor())
[2023.05.06-14.53.52:883][636]LogCore: Engine exit requested (reason: EngineExit() was called; note: exit was already requested)
[2023.05.06-14.53.53:768][636]LogAudio: Display: Beginning Audio Device Manager Shutdown (Module: AudioMixerXAudio2)...
[2023.05.06-14.53.53:768][636]LogAudio: Display: Destroying 1 Remaining Audio Device(s)...
[2023.05.06-14.53.53:768][636]LogAudio: Display: Audio Device unregistered from world 'Minimal_Default'.
[2023.05.06-14.53.53:768][636]LogAudioMixer: FMixerPlatformXAudio2::StopAudioStream() called
[2023.05.06-14.53.53:770][636]LogAudioMixer: FMixerPlatformXAudio2::StopAudioStream() called
[2023.05.06-14.53.53:775][636]LogAudio: Display: Audio Device Manager Shutdown
[2023.05.06-14.53.53:776][636]LogWindowsTextInputMethodSystem: Display: IME system deactivated.
[2023.05.06-14.53.53:785][636]LogExit: Preparing to exit.
[2023.05.06-14.53.54:698][636]LogUObjectHash: Compacting FUObjectHashTables data took   0.77ms
[2023.05.06-14.53.54:803][636]LogWorld: UWorld::CleanupWorld for World_0, bSessionEnded=true, bCleanupResources=true
[2023.05.06-14.53.54:803][636]LogWorld: UWorld::CleanupWorld for World_1, bSessionEnded=true, bCleanupResources=true
[2023.05.06-14.53.54:840][636]LogDemo: Cleaned up 0 splitscreen connections with owner deletion
[2023.05.06-14.53.54:855][636]LogWorld: UWorld::CleanupWorld for None, bSessionEnded=true, bCleanupResources=true
[2023.05.06-14.53.54:858][636]LogExit: Editor shut down
[2023.05.06-14.53.54:858][636]LogExit: Transaction tracking system shut down
[2023.05.06-14.53.55:130][636]LogExit: Object subsystem successfully closed.
[2023.05.06-14.53.55:146][636]LogShaderCompilers: Display: === FShaderJobCache stats ===
[2023.05.06-14.53.55:146][636]LogShaderCompilers: Display: Total job queries 416, among them cache hits 0 (0.00%)
[2023.05.06-14.53.55:146][636]LogShaderCompilers: Display: Tracking 416 distinct input hashes that result in 25 distinct outputs (6.01%)
[2023.05.06-14.53.55:146][636]LogShaderCompilers: Display: RAM used: 0.16 MB (0.00 GB) of 819.20 MB (0.80 GB) budget. Usage: 0.02%
[2023.05.06-14.53.55:146][636]LogShaderCompilers: Display: ================================================
[2023.05.06-14.53.55:168][636]LogShaderCompilers: Display: Shaders left to compile 0
[2023.05.06-14.53.55:212][636]LogModuleManager: Shutting down and abandoning module MovieSceneCapture (878)
[2023.05.06-14.53.55:212][636]LogModuleManager: Shutting down and abandoning module Voice (876)
[2023.05.06-14.53.55:212][636]LogModuleManager: Shutting down and abandoning module StaticMeshEditor (874)
[2023.05.06-14.53.55:212][636]LogModuleManager: Shutting down and abandoning module HierarchicalLODUtilities (872)
[2023.05.06-14.53.55:213][636]LogModuleManager: Shutting down and abandoning module HierarchicalLODOutliner (870)
[2023.05.06-14.53.55:213][636]LogModuleManager: Shutting down and abandoning module SceneOutliner (868)
[2023.05.06-14.53.55:213][636]LogModuleManager: Shutting down and abandoning module AddContentDialog (866)
[2023.05.06-14.53.55:213][636]LogModuleManager: Shutting down and abandoning module WidgetCarousel (865)
[2023.05.06-14.53.55:213][636]LogModuleManager: Shutting down and abandoning module EditorWidgets (862)
[2023.05.06-14.53.55:213][636]LogModuleManager: Shutting down and abandoning module StatsViewer (860)
[2023.05.06-14.53.55:214][636]LogModuleManager: Shutting down and abandoning module PIEPreviewDeviceProfileSelector (858)
[2023.05.06-14.53.55:214][636]LogModuleManager: Shutting down and abandoning module SequenceRecorderSections (856)
[2023.05.06-14.53.55:214][636]LogModuleManager: Shutting down and abandoning module AutomationWorker (854)
[2023.05.06-14.53.55:215][636]LogModuleManager: Shutting down and abandoning module SteamVREditor (852)
[2023.05.06-14.53.55:215][636]LogModuleManager: Shutting down and abandoning module OculusMR (850)
[2023.05.06-14.53.55:215][636]LogModuleManager: Shutting down and abandoning module CameraShakePreviewer (848)
[2023.05.06-14.53.55:215][636]LogModuleManager: Shutting down and abandoning module OpenXRInput (846)
[2023.05.06-14.53.55:215][636]LogModuleManager: Shutting down and abandoning module GooglePADEditor (844)
[2023.05.06-14.53.55:215][636]LogModuleManager: Shutting down and abandoning module AudioCaptureEditor (842)
[2023.05.06-14.53.55:215][636]LogModuleManager: Shutting down and abandoning module TakeRecorderSources (840)
[2023.05.06-14.53.55:217][636]LogModuleManager: Shutting down and abandoning module TakeRecorder (839)
[2023.05.06-14.53.55:217][636]LogModuleManager: Shutting down and abandoning module TakeTrackRecorders (836)
[2023.05.06-14.53.55:218][636]LogModuleManager: Shutting down and abandoning module TakesCore (834)
[2023.05.06-14.53.55:218][636]LogModuleManager: Shutting down and abandoning module TemplateSequenceEditor (832)
[2023.05.06-14.53.55:218][636]LogModuleManager: Shutting down and abandoning module MatineeToLevelSequence (830)
[2023.05.06-14.53.55:218][636]LogModuleManager: Shutting down and abandoning module LevelSequenceEditor (828)
[2023.05.06-14.53.55:219][636]LogModuleManager: Shutting down and abandoning module ActorSequenceEditor (826)
[2023.05.06-14.53.55:220][636]LogModuleManager: Shutting down and abandoning module MagicLeapMediaCodecFactory (824)
[2023.05.06-14.53.55:220][636]LogModuleManager: Shutting down and abandoning module MagicLeapMediaFactory (822)
[2023.05.06-14.53.55:220][636]LogModuleManager: Shutting down and abandoning module MagicLeapMediaEditor (820)
[2023.05.06-14.53.55:220][636]LogModuleManager: Shutting down and abandoning module WmfMediaFactory (818)
[2023.05.06-14.53.55:220][636]LogModuleManager: Shutting down and abandoning module WmfMediaEditor (816)
[2023.05.06-14.53.55:220][636]LogModuleManager: Shutting down and abandoning module MediaPlayerEditor (814)
[2023.05.06-14.53.55:220][636]LogModuleManager: Shutting down and abandoning module WebMMediaFactory (812)
[2023.05.06-14.53.55:220][636]LogModuleManager: Shutting down and abandoning module WebMMediaEditor (810)
[2023.05.06-14.53.55:220][636]LogModuleManager: Shutting down and abandoning module WebMMedia (808)
[2023.05.06-14.53.55:220][636]LogModuleManager: Shutting down and abandoning module MediaCompositingEditor (806)
[2023.05.06-14.53.55:221][636]LogModuleManager: Shutting down and abandoning module SequenceRecorder (805)
[2023.05.06-14.53.55:221][636]LogModuleManager: Shutting down and abandoning module OpenExrWrapper (802)
[2023.05.06-14.53.55:221][636]LogModuleManager: Shutting down and abandoning module ImgMediaFactory (800)
[2023.05.06-14.53.55:221][636]LogModuleManager: Shutting down and abandoning module ImgMediaEditor (798)
[2023.05.06-14.53.55:221][636]LogModuleManager: Shutting down and abandoning module AvfMediaFactory (796)
[2023.05.06-14.53.55:221][636]LogModuleManager: Shutting down and abandoning module AvfMediaEditor (794)
[2023.05.06-14.53.55:221][636]LogModuleManager: Shutting down and abandoning module AndroidMediaFactory (792)
[2023.05.06-14.53.55:221][636]LogModuleManager: Shutting down and abandoning module AndroidMediaEditor (790)
[2023.05.06-14.53.55:221][636]LogModuleManager: Shutting down and abandoning module PlanarCut (788)
[2023.05.06-14.53.55:222][636]LogModuleManager: Shutting down and abandoning module CharacterAI (786)
[2023.05.06-14.53.55:222][636]LogModuleManager: Shutting down and abandoning module TextureAlignMode (784)
[2023.05.06-14.53.55:222][636]LogModuleManager: Shutting down and abandoning module BspMode (782)
[2023.05.06-14.53.55:222][636]LogModuleManager: Shutting down and abandoning module GeometryMode (780)
[2023.05.06-14.53.55:222][636]LogModuleManager: Shutting down and abandoning module SmartSnapping (778)
[2023.05.06-14.53.55:222][636]LogModuleManager: Shutting down and abandoning module SessionServices (776)
[2023.05.06-14.53.55:222][636]LogModuleManager: Shutting down and abandoning module MeshPaint (774)
[2023.05.06-14.53.55:223][636]LogModuleManager: Shutting down and abandoning module VirtualTexturingEditor (772)
[2023.05.06-14.53.55:223][636]LogModuleManager: Shutting down and abandoning module FoliageEdit (770)
[2023.05.06-14.53.55:223][636]LogModuleManager: Shutting down and abandoning module LandscapeEditor (768)
[2023.05.06-14.53.55:224][636]LogModuleManager: Shutting down and abandoning module MeshPaintMode (766)
[2023.05.06-14.53.55:224][636]LogModuleManager: Shutting down and abandoning module SceneDepthPickerMode (764)
[2023.05.06-14.53.55:224][636]LogModuleManager: Shutting down and abandoning module ActorPickerMode (762)
[2023.05.06-14.53.55:224][636]LogModuleManager: Shutting down and abandoning module PlacementMode (760)
[2023.05.06-14.53.55:224][636]LogModuleManager: Shutting down and abandoning module ViewportSnapping (758)
[2023.05.06-14.53.55:224][636]LogModuleManager: Shutting down and abandoning module ViewportInteraction (756)
[2023.05.06-14.53.55:224][636]LogModuleManager: Shutting down and abandoning module ClothPainter (754)
[2023.05.06-14.53.55:225][636]LogModuleManager: Shutting down and abandoning module SkeletalMeshEditor (753)
[2023.05.06-14.53.55:226][636]LogModuleManager: Shutting down and abandoning module LogVisualizer (750)
[2023.05.06-14.53.55:227][636]LogModuleManager: Shutting down and abandoning module IntroTutorials (748)
[2023.05.06-14.53.55:227][636]LogModuleManager: Shutting down and abandoning module GameProjectGeneration (747)
[2023.05.06-14.53.55:227][636]LogModuleManager: Shutting down and abandoning module LuminPlatformEditor (744)
[2023.05.06-14.53.55:227][636]LogModuleManager: Shutting down and abandoning module IOSPlatformEditor (742)
[2023.05.06-14.53.55:228][636]LogModuleManager: Shutting down and abandoning module AndroidPlatformEditor (740)
[2023.05.06-14.53.55:228][636]LogModuleManager: Shutting down and abandoning module AndroidDeviceDetection (739)
[2023.05.06-14.53.55:874][636]LogModuleManager: Shutting down and abandoning module WindowsPlatformEditor (736)
[2023.05.06-14.53.55:874][636]LogModuleManager: Shutting down and abandoning module LuminRuntimeSettings (734)
[2023.05.06-14.53.55:874][636]LogModuleManager: Shutting down and abandoning module IOSRuntimeSettings (732)
[2023.05.06-14.53.55:874][636]LogModuleManager: Shutting down and abandoning module AndroidRuntimeSettings (730)
[2023.05.06-14.53.55:874][636]LogModuleManager: Shutting down and abandoning module TraceInsights (728)
[2023.05.06-14.53.55:877][636]MemoryProfiler: Shutdown
[2023.05.06-14.53.55:877][636]NetworkingProfiler: Shutdown
[2023.05.06-14.53.55:877][636]LoadingProfiler: Shutdown
[2023.05.06-14.53.55:879][636]TimingProfiler: Shutdown
[2023.05.06-14.53.55:880][636]LogModuleManager: Shutting down and abandoning module TraceServices (727)
[2023.05.06-14.53.55:882][636]LogModuleManager: Shutting down and abandoning module EditorInteractiveToolsFramework (724)
[2023.05.06-14.53.55:882][636]LogModuleManager: Shutting down and abandoning module TimeManagementEditor (722)
[2023.05.06-14.53.55:882][636]LogModuleManager: Shutting down and abandoning module InputBindingEditor (720)
[2023.05.06-14.53.55:883][636]LogModuleManager: Shutting down and abandoning module MergeActors (718)
[2023.05.06-14.53.55:884][636]LogModuleManager: Shutting down and abandoning module LocalizationDashboard (716)
[2023.05.06-14.53.55:884][636]LogModuleManager: Shutting down and abandoning module LocalizationService (715)
[2023.05.06-14.53.55:885][636]LogModuleManager: Shutting down and abandoning module HardwareTargeting (712)
[2023.05.06-14.53.55:885][636]LogModuleManager: Shutting down and abandoning module DeviceProfileEditor (710)
[2023.05.06-14.53.55:885][636]LogModuleManager: Shutting down and abandoning module UndoHistory (708)
[2023.05.06-14.53.55:885][636]LogModuleManager: Shutting down and abandoning module XmlParser (706)
[2023.05.06-14.53.55:885][636]LogModuleManager: Shutting down and abandoning module Blutility (704)
[2023.05.06-14.53.55:886][636]LogModuleManager: Shutting down and abandoning module ProjectSettingsViewer (702)
[2023.05.06-14.53.55:886][636]LogModuleManager: Shutting down and abandoning module ProjectTargetPlatformEditor (701)
[2023.05.06-14.53.55:886][636]LogModuleManager: Shutting down and abandoning module EditorSettingsViewer (698)
[2023.05.06-14.53.55:886][636]LogModuleManager: Shutting down and abandoning module InternationalizationSettings (697)
[2023.05.06-14.53.55:886][636]LogModuleManager: Shutting down and abandoning module SettingsEditor (694)
[2023.05.06-14.53.55:886][636]LogModuleManager: Shutting down and abandoning module ProjectLauncher (692)
[2023.05.06-14.53.55:887][636]LogModuleManager: Shutting down and abandoning module SessionFrontend (690)
[2023.05.06-14.53.55:887][636]LogModuleManager: Shutting down and abandoning module ProfilerClient (688)
[2023.05.06-14.53.55:887][636]LogModuleManager: Shutting down and abandoning module DeviceManager (686)
[2023.05.06-14.53.55:888][636]LogModuleManager: Shutting down and abandoning module TargetDeviceServices (685)
[2023.05.06-14.53.55:921][636]LogModuleManager: Shutting down and abandoning module AutomationController (682)
[2023.05.06-14.53.55:922][636]LogModuleManager: Shutting down and abandoning module AutomationWindow (680)
[2023.05.06-14.53.55:923][636]LogModuleManager: Shutting down and abandoning module Layers (678)
[2023.05.06-14.53.55:923][636]LogModuleManager: Shutting down and abandoning module ComponentVisualizers (676)
[2023.05.06-14.53.55:923][636]LogModuleManager: Shutting down and abandoning module DetailCustomizations (674)
[2023.05.06-14.53.55:923][636]LogModuleManager: Shutting down and abandoning module PackagesDialog (672)
[2023.05.06-14.53.55:923][636]LogModuleManager: Shutting down and abandoning module AnimationBlueprintEditor (670)
[2023.05.06-14.53.55:925][636]LogModuleManager: Shutting down and abandoning module Persona (668)
[2023.05.06-14.53.55:926][636]LogModuleManager: Shutting down and abandoning module AdvancedPreviewScene (667)
[2023.05.06-14.53.55:926][636]LogModuleManager: Shutting down and abandoning module AnimGraph (665)
[2023.05.06-14.53.55:926][636]LogModuleManager: Shutting down and abandoning module Kismet (662)
[2023.05.06-14.53.55:928][636]LogModuleManager: Shutting down and abandoning module KismetWidgets (661)
[2023.05.06-14.53.55:928][636]LogModuleManager: Shutting down and abandoning module GraphEditor (658)
[2023.05.06-14.53.55:930][636]LogModuleManager: Shutting down and abandoning module StructViewer (656)
[2023.05.06-14.53.55:930][636]LogModuleManager: Shutting down and abandoning module ClassViewer (654)
[2023.05.06-14.53.55:930][636]LogModuleManager: Shutting down and abandoning module Toolbox (652)
[2023.05.06-14.53.55:930][636]LogModuleManager: Shutting down and abandoning module ModuleUI (650)
[2023.05.06-14.53.55:930][636]LogModuleManager: Shutting down and abandoning module OutputLog (648)
[2023.05.06-14.53.55:931][636]LogModuleManager: Shutting down and abandoning module GammaUI (646)
[2023.05.06-14.53.55:931][636]LogModuleManager: Shutting down and abandoning module Documentation (644)
[2023.05.06-14.53.55:931][636]LogModuleManager: Shutting down and abandoning module LiveCoding (642)
[2023.05.06-14.53.55:932][636]LogModuleManager: Shutting down and abandoning module LevelSequence (640)
[2023.05.06-14.53.55:932][636]LogModuleManager: Shutting down and abandoning module MovieSceneTracks (638)
[2023.05.06-14.53.55:932][636]LogModuleManager: Shutting down and abandoning module MovieScene (636)
[2023.05.06-14.53.55:933][636]LogModuleManager: Shutting down and abandoning module StreamingPauseRendering (634)
[2023.05.06-14.53.55:934][636]LogModuleManager: Shutting down and abandoning module LauncherPlatform (632)
[2023.05.06-14.53.55:934][636]LogModuleManager: Shutting down and abandoning module AnalyticsET (630)
[2023.05.06-14.53.55:934][636]LogModuleManager: Shutting down and abandoning module PortalServices (628)
[2023.05.06-14.53.55:934][636]LogModuleManager: Shutting down and abandoning module PortalRpc (626)
[2023.05.06-14.53.55:934][636]LogModuleManager: Shutting down and abandoning module MessagingRpc (624)
[2023.05.06-14.53.55:934][636]LogModuleManager: Shutting down and abandoning module AudioMixerXAudio2 (622)
[2023.05.06-14.53.55:934][636]LogModuleManager: Shutting down and abandoning module AudioMixerCore (621)
[2023.05.06-14.53.55:934][636]LogModuleManager: Shutting down and abandoning module AIModule (618)
[2023.05.06-14.53.55:934][636]LogModuleManager: Shutting down and abandoning module GameplayDebugger (617)
[2023.05.06-14.53.55:934][636]LogModuleManager: Shutting down and abandoning module AITestSuite (615)
[2023.05.06-14.53.55:934][636]LogModuleManager: Shutting down and abandoning module NavigationSystem (613)
[2023.05.06-14.53.55:934][636]LogModuleManager: Shutting down and abandoning module ImageWriteQueue (610)
[2023.05.06-14.53.55:934][636]LogModuleManager: Shutting down and abandoning module ProfilerService (608)
[2023.05.06-14.53.56:074][636]LogModuleManager: Shutting down and abandoning module TaskGraph (606)
[2023.05.06-14.53.56:076][636]LogModuleManager: Shutting down and abandoning module AudioSynesthesiaEditor (604)
[2023.05.06-14.53.56:076][636]LogModuleManager: Shutting down and abandoning module OculusEditor (602)
[2023.05.06-14.53.56:077][636]LogModuleManager: Shutting down and abandoning module OculusInput (600)
[2023.05.06-14.53.56:077][636]LogModuleManager: Shutting down and abandoning module ContentBrowserFileDataSource (598)
[2023.05.06-14.53.56:077][636]LogModuleManager: Shutting down and abandoning module ContentBrowserClassDataSource (596)
[2023.05.06-14.53.56:077][636]LogModuleManager: Shutting down and abandoning module ContentBrowserAssetDataSource (594)
[2023.05.06-14.53.56:077][636]LogModuleManager: Shutting down and abandoning module CollectionManager (593)
[2023.05.06-14.53.56:079][636]LogModuleManager: Shutting down and abandoning module GameplayCameras (590)
[2023.05.06-14.53.56:079][636]LogModuleManager: Shutting down and abandoning module SynthesisEditor (588)
[2023.05.06-14.53.56:079][636]LogModuleManager: Shutting down and abandoning module Synthesis (586)
[2023.05.06-14.53.56:080][636]LogModuleManager: Shutting down and abandoning module ProceduralMeshComponentEditor (584)
[2023.05.06-14.53.56:080][636]LogModuleManager: Shutting down and abandoning module ProceduralMeshComponent (582)
[2023.05.06-14.53.56:080][636]LogModuleManager: Shutting down and abandoning module OpenXREditor (580)
[2023.05.06-14.53.56:080][636]LogModuleManager: Shutting down and abandoning module MobilePatchingUtils (578)
[2023.05.06-14.53.56:080][636]LogModuleManager: Shutting down and abandoning module GooglePAD (576)
[2023.05.06-14.53.56:080][636]LogModuleManager: Shutting down and abandoning module AudioCapture (574)
[2023.05.06-14.53.56:080][636]LogModuleManager: Shutting down and abandoning module AudioCaptureRtAudio (573)
[2023.05.06-14.53.56:081][636]LogModuleManager: Shutting down and abandoning module EditableMesh (570)
[2023.05.06-14.53.56:081][636]LogModuleManager: Shutting down and abandoning module AssetTags (568)
[2023.05.06-14.53.56:081][636]LogModuleManager: Shutting down and abandoning module CustomMeshComponent (566)
[2023.05.06-14.53.56:081][636]LogModuleManager: Shutting down and abandoning module CableComponent (564)
[2023.05.06-14.53.56:081][636]LogModuleManager: Shutting down and abandoning module ArchVisCharacter (562)
[2023.05.06-14.53.56:081][636]LogModuleManager: Shutting down and abandoning module AppleImageUtilsBlueprintSupport (560)
[2023.05.06-14.53.56:081][636]LogModuleManager: Shutting down and abandoning module AppleImageUtils (558)
[2023.05.06-14.53.56:081][636]LogModuleManager: Shutting down and abandoning module AndroidPermission (556)
[2023.05.06-14.53.56:081][636]LogModuleManager: Shutting down and abandoning module ActorLayerUtilitiesEditor (554)
[2023.05.06-14.53.56:081][636]LogModuleManager: Shutting down and abandoning module ActorLayerUtilities (552)
[2023.05.06-14.53.56:081][636]LogModuleManager: Shutting down and abandoning module TakeSequencer (550)
[2023.05.06-14.53.56:081][636]LogModuleManager: Shutting down and abandoning module TakeMovieScene (548)
[2023.05.06-14.53.56:081][636]LogModuleManager: Shutting down and abandoning module ScreenshotTools (546)
[2023.05.06-14.53.56:081][636]LogModuleManager: Shutting down and abandoning module TemplateSequence (544)
[2023.05.06-14.53.56:081][636]LogModuleManager: Shutting down and abandoning module MagicLeapSharedWorld (542)
[2023.05.06-14.53.56:081][636]LogModuleManager: Shutting down and abandoning module MagicLeapLightEstimation (540)
[2023.05.06-14.53.56:081][636]LogModuleManager: Shutting down and abandoning module MagicLeapHelperVulkan (538)
[2023.05.06-14.53.56:081][636]LogModuleManager: Shutting down and abandoning module MagicLeapHelperOpenGL (536)
[2023.05.06-14.53.56:081][636]LogModuleManager: Shutting down and abandoning module MagicLeapAudio (534)
[2023.05.06-14.53.56:082][636]LogModuleManager: Shutting down and abandoning module MediaCompositing (532)
[2023.05.06-14.53.56:082][636]LogModuleManager: Shutting down and abandoning module ImgMedia (530)
[2023.05.06-14.53.56:082][636]LogModuleManager: Shutting down and abandoning module MotoSynthEditor (528)
[2023.05.06-14.53.56:082][636]LogModuleManager: Shutting down and abandoning module MotoSynth (526)
[2023.05.06-14.53.56:082][636]LogModuleManager: Shutting down and abandoning module OpenImageDenoise (524)
[2023.05.06-14.53.56:082][636]LogOpenImageDenoise: OIDN shutting down
[2023.05.06-14.53.56:082][636]LogModuleManager: Shutting down and abandoning module GeometryCollectionTracks (522)
[2023.05.06-14.53.56:082][636]LogModuleManager: Shutting down and abandoning module GeometryCollectionSequencer (521)
[2023.05.06-14.53.56:082][636]LogModuleManager: Shutting down and abandoning module GeometryCollectionEditor (518)
[2023.05.06-14.53.56:082][636]LogModuleManager: Shutting down and abandoning module MeshConversion (516)
[2023.05.06-14.53.56:082][636]LogModuleManager: Shutting down and abandoning module DynamicMesh (514)
[2023.05.06-14.53.56:084][636]LogModuleManager: Shutting down and abandoning module GeometryAlgorithms (512)
[2023.05.06-14.53.56:084][636]LogModuleManager: Shutting down and abandoning module GeometricObjects (510)
[2023.05.06-14.53.56:085][636]LogModuleManager: Shutting down and abandoning module GeometryCacheTracks (508)
[2023.05.06-14.53.56:085][636]LogModuleManager: Shutting down and abandoning module GeometryCacheStreamer (506)
[2023.05.06-14.53.56:085][636]LogModuleManager: Shutting down and abandoning module GeometryCacheSequencer (504)
[2023.05.06-14.53.56:085][636]LogModuleManager: Shutting down and abandoning module ChaosNiagara (502)
[2023.05.06-14.53.56:085][636]LogModuleManager: Shutting down and abandoning module ChaosSolverEditor (500)
[2023.05.06-14.53.56:085][636]LogModuleManager: Shutting down and abandoning module FractureEditor (498)
[2023.05.06-14.53.56:086][636]LogModuleManager: Shutting down and abandoning module FieldSystemEngine (497)
[2023.05.06-14.53.56:086][636]LogModuleManager: Shutting down and abandoning module ChaosClothEditor (494)
[2023.05.06-14.53.56:086][636]LogModuleManager: Shutting down and abandoning module AutomationUtilsEditor (492)
[2023.05.06-14.53.56:086][636]LogModuleManager: Shutting down and abandoning module AutomationUtils (490)
[2023.05.06-14.53.56:086][636]LogModuleManager: Shutting down and abandoning module BackChannel (488)
[2023.05.06-14.53.56:086][636]LogModuleManager: Shutting down and abandoning module AlembicImporter (486)
[2023.05.06-14.53.56:086][636]LogModuleManager: Shutting down and abandoning module AlembicLibrary (485)
[2023.05.06-14.53.56:087][636]LogModuleManager: Shutting down and abandoning module GeometryCache (484)
[2023.05.06-14.53.56:087][636]LogModuleManager: Shutting down and abandoning module GeometryCacheEd (483)
[2023.05.06-14.53.56:087][636]LogModuleManager: Shutting down and abandoning module VariantManagerContentEditor (478)
[2023.05.06-14.53.56:087][636]LogModuleManager: Shutting down and abandoning module DatasmithContentEditor (476)
[2023.05.06-14.53.56:087][636]LogModuleManager: Shutting down and abandoning module NiagaraEditorWidgets (474)
[2023.05.06-14.53.56:088][636]LogModuleManager: Shutting down and abandoning module VisualStudioSourceCodeAccess (472)
[2023.05.06-14.53.56:088][636]LogModuleManager: Shutting down and abandoning module VisualStudioCodeSourceCodeAccess (470)
[2023.05.06-14.53.56:088][636]LogModuleManager: Shutting down and abandoning module UObjectPlugin (468)
[2023.05.06-14.53.56:088][636]LogModuleManager: Shutting down and abandoning module SubversionSourceControl (466)
[2023.05.06-14.53.56:090][636]LogModuleManager: Shutting down and abandoning module PluginUtils (464)
[2023.05.06-14.53.56:090][636]LogModuleManager: Shutting down and abandoning module RiderSourceCodeAccess (462)
[2023.05.06-14.53.56:091][636]LogModuleManager: Shutting down and abandoning module PlasticSourceControl (460)
[2023.05.06-14.53.56:091][636]LogModuleManager: Shutting down and abandoning module GitSourceControl (458)
[2023.05.06-14.53.56:092][636]LogModuleManager: Shutting down and abandoning module PerforceSourceControl (456)
[2023.05.06-14.53.56:093][636]LogModuleManager: Shutting down and abandoning module SourceControl (455)
[2023.05.06-14.53.56:093][636]LogModuleManager: Shutting down and abandoning module AnimationSharingEd (452)
[2023.05.06-14.53.56:093][636]LogModuleManager: Shutting down and abandoning module CLionSourceCodeAccess (450)
[2023.05.06-14.53.56:093][636]LogModuleManager: Shutting down and abandoning module PluginBrowser (448)
[2023.05.06-14.53.56:094][636]LogModuleManager: Shutting down and abandoning module SpeedTreeImporter (446)
[2023.05.06-14.53.56:094][636]LogModuleManager: Shutting down and abandoning module MobileLauncherProfileWizard (444)
[2023.05.06-14.53.56:095][636]LogModuleManager: Shutting down and abandoning module MaterialAnalyzer (442)
[2023.05.06-14.53.56:095][636]LogModuleManager: Shutting down and abandoning module CurveEditorTools (440)
[2023.05.06-14.53.56:095][636]LogModuleManager: Shutting down and abandoning module CryptoKeysOpenSSL (438)
[2023.05.06-14.53.56:095][636]LogModuleManager: Shutting down and abandoning module CryptoKeys (436)
[2023.05.06-14.53.56:095][636]LogModuleManager: Shutting down and abandoning module OodleNetworkHandlerComponent (434)
[2023.05.06-14.53.56:095][636]LogModuleManager: Shutting down and abandoning module PaperTiledImporter (432)
[2023.05.06-14.53.56:095][636]LogModuleManager: Shutting down and abandoning module PaperSpriteSheetImporter (430)
[2023.05.06-14.53.56:096][636]LogModuleManager: Shutting down and abandoning module Paper2DEditor (428)
[2023.05.06-14.53.56:097][636]LogModuleManager: Shutting down and abandoning module LightPropagationVolumeEditor (426)
[2023.05.06-14.53.56:097][636]LogModuleManager: Shutting down and abandoning module LiveLinkSequencer (424)
[2023.05.06-14.53.56:097][636]LogModuleManager: Shutting down and abandoning module LiveLinkMovieScene (422)
[2023.05.06-14.53.56:097][636]LogModuleManager: Shutting down and abandoning module LiveLinkGraphNode (420)
[2023.05.06-14.53.56:097][636]LogModuleManager: Shutting down and abandoning module LiveLinkEditor (418)
[2023.05.06-14.53.56:097][636]LogModuleManager: Shutting down and abandoning module LiveLinkComponents (416)
[2023.05.06-14.53.56:097][636]LogModuleManager: Shutting down and abandoning module LiveLink (414)
[2023.05.06-14.53.57:066][636]LogModuleManager: Shutting down and abandoning module MeshPaintingToolset (412)
[2023.05.06-14.53.57:068][636]LogModuleManager: Shutting down and abandoning module MeshPaintEditorMode (410)
[2023.05.06-14.53.57:069][636]LogModuleManager: Shutting down and abandoning module SoundFields (408)
[2023.05.06-14.53.57:069][636]LogModuleManager: Shutting down and abandoning module SignificanceManager (406)
[2023.05.06-14.53.57:069][636]LogModuleManager: Shutting down and abandoning module RuntimePhysXCooking (404)
[2023.05.06-14.53.57:069][636]LogModuleManager: Shutting down and abandoning module PropertyAccessEditor (402)
[2023.05.06-14.53.57:070][636]LogModuleManager: Shutting down and abandoning module PhysXVehiclesEditor (400)
[2023.05.06-14.53.57:070][636]LogModuleManager: Shutting down and abandoning module LocationServicesBPLibrary (396)
[2023.05.06-14.53.57:070][636]LogModuleManager: Shutting down and abandoning module AudioSynesthesia (394)
[2023.05.06-14.53.57:070][636]LogModuleManager: Shutting down and abandoning module AudioSynesthesiaCore (392)
[2023.05.06-14.53.57:070][636]LogModuleManager: Shutting down and abandoning module MagicLeapARPin (390)
[2023.05.06-14.53.57:070][636]LogModuleManager: Shutting down and abandoning module ActorSequence (388)
[2023.05.06-14.53.57:070][636]LogModuleManager: Shutting down and abandoning module UdpMessaging (386)
[2023.05.06-14.53.57:171][636]LogModuleManager: Shutting down and abandoning module MagicLeapHandMeshing (384)
[2023.05.06-14.53.57:171][636]LogModuleManager: Shutting down and abandoning module MagicLeapSecureStorage (382)
[2023.05.06-14.53.57:171][636]LogModuleManager: Shutting down and abandoning module MagicLeapPrivileges (380)
[2023.05.06-14.53.57:172][636]LogModuleManager: Shutting down and abandoning module MagicLeapPlanes (378)
[2023.05.06-14.53.57:173][636]LogMagicLeapPlanes: Planes tracker already destroyed.
[2023.05.06-14.53.57:173][636]LogModuleManager: Shutting down and abandoning module MagicLeapImageTracker (376)
[2023.05.06-14.53.57:173][636]LogModuleManager: Shutting down and abandoning module MagicLeapIdentity (374)
[2023.05.06-14.53.57:173][636]LogModuleManager: Shutting down and abandoning module MagicLeapHandTracking (372)
[2023.05.06-14.53.57:173][636]LogModuleManager: Shutting down and abandoning module MagicLeapEyeTracker (370)
[2023.05.06-14.53.57:173][636]LogModuleManager: Shutting down and abandoning module MagicLeapController (368)
[2023.05.06-14.53.57:173][636]LogModuleManager: Shutting down and abandoning module MagicLeapARPinImpl (366)
[2023.05.06-14.53.57:173][636]LogModuleManager: Shutting down and abandoning module MagicLeapAR (364)
[2023.05.06-14.53.57:173][636]LogModuleManager: Shutting down and abandoning module TcpMessaging (362)
[2023.05.06-14.53.57:276][636]LogModuleManager: Shutting down and abandoning module ImgMediaEngine (360)
[2023.05.06-14.53.57:276][636]LogModuleManager: Shutting down and abandoning module PythonScriptPlugin (358)
[2023.05.06-14.53.57:276][636]LogModuleManager: Shutting down and abandoning module NiagaraAnimNotifies (356)
[2023.05.06-14.53.57:276][636]LogModuleManager: Shutting down and abandoning module Niagara (354)
[2023.05.06-14.53.57:278][636]LogModuleManager: Shutting down and abandoning module SignalProcessing (353)
[2023.05.06-14.53.57:279][636]LogModuleManager: Shutting down and abandoning module NiagaraEditor (351)
[2023.05.06-14.53.57:280][636]LogModuleManager: Shutting down and abandoning module NiagaraCore (348)
[2023.05.06-14.53.57:280][636]LogModuleManager: Shutting down and abandoning module PropertyAccessNode (346)
[2023.05.06-14.53.57:280][636]LogModuleManager: Shutting down and abandoning module AnimationSharing (344)
[2023.05.06-14.53.57:280][636]LogModuleManager: Shutting down and abandoning module GameplayTagsEditor (342)
[2023.05.06-14.53.57:281][636]LogModuleManager: Shutting down and abandoning module FacialAnimationEditor (340)
[2023.05.06-14.53.57:281][636]LogModuleManager: Shutting down and abandoning module FacialAnimation (338)
[2023.05.06-14.53.57:281][636]LogModuleManager: Shutting down and abandoning module DataValidation (336)
[2023.05.06-14.53.57:281][636]LogModuleManager: Shutting down and abandoning module AssetManagerEditor (334)
[2023.05.06-14.53.57:282][636]LogModuleManager: Shutting down and abandoning module LevelEditor (333)
[2023.05.06-14.53.57:284][636]LogModuleManager: Shutting down and abandoning module PixelInspectorModule (332)
[2023.05.06-14.53.57:285][636]LogModuleManager: Shutting down and abandoning module CommonMenuExtensions (330)
[2023.05.06-14.53.57:285][636]LogModuleManager: Shutting down and abandoning module MainFrame (328)
[2023.05.06-14.53.57:285][636]LogModuleManager: Shutting down and abandoning module HotReload (327)
[2023.05.06-14.53.57:285][636]LogModuleManager: Shutting down and abandoning module ToolMenus (323)
[2023.05.06-14.53.57:285][636]LogModuleManager: Shutting down and abandoning module ContentBrowser (321)
[2023.05.06-14.53.57:285][636]LogModuleManager: Shutting down and abandoning module ContentBrowserData (320)
[2023.05.06-14.53.57:285][636]LogModuleManager: Shutting down and abandoning module TreeMap (317)
[2023.05.06-14.53.57:286][636]LogModuleManager: Shutting down and abandoning module EnvironmentQueryEditor (314)
[2023.05.06-14.53.57:287][636]LogModuleManager: Shutting down and abandoning module Paper2D (312)
[2023.05.06-14.53.57:287][636]LogModuleManager: Shutting down and abandoning module LightPropagationVolumeRuntime (310)
[2023.05.06-14.53.57:287][636]LogModuleManager: Shutting down and abandoning module WindowsMoviePlayer (308)
[2023.05.06-14.53.57:291][636]LogModuleManager: Shutting down and abandoning module WebMMoviePlayer (306)
[2023.05.06-14.53.57:291][636]LogModuleManager: Shutting down and abandoning module NetworkReplayStreaming (304)
[2023.05.06-14.53.57:291][636]LogModuleManager: Shutting down and abandoning module PacketHandler (302)
[2023.05.06-14.53.57:291][636]LogModuleManager: Shutting down and abandoning module ClothingSystemEditor (300)
[2023.05.06-14.53.57:291][636]LogModuleManager: Shutting down and abandoning module ClothingSystemRuntimeNv (298)
[2023.05.06-14.53.57:292][636]LogModuleManager: Shutting down and abandoning module MediaAssets (296)
[2023.05.06-14.53.57:292][636]LogModuleManager: Shutting down and abandoning module Overlay (294)
[2023.05.06-14.53.57:292][636]LogModuleManager: Shutting down and abandoning module OverlayEditor (293)
[2023.05.06-14.53.57:292][636]LogModuleManager: Shutting down and abandoning module VREditor (290)
[2023.05.06-14.53.57:293][636]LogModuleManager: Shutting down and abandoning module StringTableEditor (288)
[2023.05.06-14.53.57:294][636]LogModuleManager: Shutting down and abandoning module GameplayTasksEditor (286)
[2023.05.06-14.53.57:294][636]LogModuleManager: Shutting down and abandoning module BehaviorTreeEditor (284)
[2023.05.06-14.53.57:296][636]LogModuleManager: Shutting down and abandoning module FunctionalTesting (282)
[2023.05.06-14.53.57:296][636]LogModuleManager: Shutting down and abandoning module CollisionAnalyzer (280)
[2023.05.06-14.53.57:296][636]LogModuleManager: Shutting down and abandoning module WorkspaceMenuStructure (279)
[2023.05.06-14.53.57:296][636]LogModuleManager: Shutting down and abandoning module UMG (276)
[2023.05.06-14.53.57:297][636]LogModuleManager: Shutting down and abandoning module UMGEditor (275)
[2023.05.06-14.53.57:297][636]LogModuleManager: Shutting down and abandoning module MessageLog (273)
[2023.05.06-14.53.57:297][636]LogModuleManager: Shutting down and abandoning module SlateReflector (268)
[2023.05.06-14.53.57:298][636]LogModuleManager: Shutting down and abandoning module Slate (266)
[2023.05.06-14.53.57:298][636]LogModuleManager: Shutting down and abandoning module SlateCore (264)
[2023.05.06-14.53.57:299][636]LogModuleManager: Shutting down and abandoning module LandscapeEditorUtilities (262)
[2023.05.06-14.53.57:299][636]LogModuleManager: Shutting down and abandoning module UnrealEd (260)
[2023.05.06-14.53.57:299][636]LogModuleManager: Shutting down and abandoning module MRMesh (258)
[2023.05.06-14.53.57:299][636]LogModuleManager: Shutting down and abandoning module SourceCodeAccess (256)
[2023.05.06-14.53.57:299][636]LogModuleManager: Shutting down and abandoning module HeadMountedDisplay (254)
[2023.05.06-14.53.57:299][636]LogModuleManager: Shutting down and abandoning module XAudio2 (252)
[2023.05.06-14.53.57:299][636]LogModuleManager: Shutting down and abandoning module Networking (250)
[2023.05.06-14.53.57:299][636]LogModuleManager: Shutting down and abandoning module Core (248)
[2023.05.06-14.53.57:299][636]LogModuleManager: Shutting down and abandoning module MaterialEditor (246)
[2023.05.06-14.53.57:300][636]LogModuleManager: Shutting down and abandoning module MovieSceneTools (244)
[2023.05.06-14.53.57:300][636]LogModuleManager: Shutting down and abandoning module CurveEditor (243)
[2023.05.06-14.53.57:301][636]LogModuleManager: Shutting down and abandoning module Sequencer (241)
[2023.05.06-14.53.57:301][636]LogModuleManager: Shutting down and abandoning module EditorStyle (240)
[2023.05.06-14.53.57:302][636]LogModuleManager: Shutting down and abandoning module KismetCompiler (236)
[2023.05.06-14.53.57:302][636]LogModuleManager: Shutting down and abandoning module MeshBuilder (234)
[2023.05.06-14.53.57:302][636]LogModuleManager: Shutting down and abandoning module MeshUtilities (232)
[2023.05.06-14.53.57:302][636]LogModuleManager: Shutting down and abandoning module MeshMergeUtilities (231)
[2023.05.06-14.53.57:302][636]LogModuleManager: Shutting down and abandoning module MeshReductionInterface (230)
[2023.05.06-14.53.57:302][636]LogModuleManager: Shutting down and abandoning module MeshBoneReduction (229)
[2023.05.06-14.53.57:303][636]LogModuleManager: Shutting down and abandoning module SkeletalMeshReduction (227)
[2023.05.06-14.53.57:303][636]LogModuleManager: Shutting down and abandoning module ProxyLODMeshReduction (225)
[2023.05.06-14.53.57:303][636]LogModuleManager: Shutting down and abandoning module QuadricMeshReduction (223)
[2023.05.06-14.53.57:304][636]LogModuleManager: Shutting down and abandoning module MaterialBaking (219)
[2023.05.06-14.53.57:304][636]LogModuleManager: Shutting down and abandoning module NullInstallBundleManager (214)
[2023.05.06-14.53.57:304][636]LogModuleManager: Shutting down and abandoning module DerivedDataCache (212)
[2023.05.06-14.53.57:304][636]LogModuleManager: Shutting down and abandoning module TargetPlatform (210)
[2023.05.06-14.53.57:304][636]LogModuleManager: Shutting down and abandoning module VulkanShaderFormat (209)
[2023.05.06-14.53.57:305][636]LogModuleManager: Shutting down and abandoning module ShaderFormatVectorVM (207)
[2023.05.06-14.53.57:305][636]LogModuleManager: Shutting down and abandoning module ShaderFormatOpenGL (205)
[2023.05.06-14.53.57:305][636]LogModuleManager: Shutting down and abandoning module ShaderFormatD3D (203)
[2023.05.06-14.53.57:305][636]LogModuleManager: Shutting down and abandoning module MetalShaderFormat (201)
[2023.05.06-14.53.57:306][636]LogModuleManager: Shutting down and abandoning module TextureFormatOodle (199)
[2023.05.06-14.53.57:306][636]LogModuleManager: Shutting down and abandoning module TextureFormatUncompressed (197)
[2023.05.06-14.53.57:306][636]LogModuleManager: Shutting down and abandoning module TextureFormatPVR (195)
[2023.05.06-14.53.57:306][636]LogModuleManager: Shutting down and abandoning module TextureFormatETC2 (193)
[2023.05.06-14.53.57:306][636]LogModuleManager: Shutting down and abandoning module TextureFormatDXT (191)
[2023.05.06-14.53.57:306][636]LogModuleManager: Shutting down and abandoning module TextureFormatIntelISPCTexComp (189)
[2023.05.06-14.53.57:306][636]LogModuleManager: Shutting down and abandoning module TextureFormatASTC (187)
[2023.05.06-14.53.57:306][636]LogModuleManager: Shutting down and abandoning module ImageWrapper (186)
[2023.05.06-14.53.57:306][636]LogModuleManager: Shutting down and abandoning module AudioFormatOpus (183)
[2023.05.06-14.53.57:306][636]LogModuleManager: Shutting down and abandoning module AudioFormatOgg (181)
[2023.05.06-14.53.57:306][636]LogModuleManager: Shutting down and abandoning module AudioFormatADPCM (179)
[2023.05.06-14.53.57:306][636]LogModuleManager: Shutting down and abandoning module WindowsServerTargetPlatform (177)
[2023.05.06-14.53.57:306][636]LogModuleManager: Shutting down and abandoning module WindowsClientTargetPlatform (175)
[2023.05.06-14.53.57:306][636]LogModuleManager: Shutting down and abandoning module WindowsTargetPlatform (173)
[2023.05.06-14.53.57:306][636]LogModuleManager: Shutting down and abandoning module WindowsNoEditorTargetPlatform (171)
[2023.05.06-14.53.57:306][636]LogModuleManager: Shutting down and abandoning module TVOSTargetPlatform (169)
[2023.05.06-14.53.57:307][636]LogModuleManager: Shutting down and abandoning module MacServerTargetPlatform (167)
[2023.05.06-14.53.57:307][636]LogModuleManager: Shutting down and abandoning module MacClientTargetPlatform (165)
[2023.05.06-14.53.57:307][636]LogModuleManager: Shutting down and abandoning module MacTargetPlatform (163)
[2023.05.06-14.53.57:307][636]LogModuleManager: Shutting down and abandoning module MacNoEditorTargetPlatform (161)
[2023.05.06-14.53.57:307][636]LogModuleManager: Shutting down and abandoning module LuminTargetPlatform (159)
[2023.05.06-14.53.57:308][636]LogModuleManager: Shutting down and abandoning module LinuxAArch64ServerTargetPlatform (157)
[2023.05.06-14.53.57:308][636]LogModuleManager: Shutting down and abandoning module LinuxAArch64ClientTargetPlatform (155)
[2023.05.06-14.53.57:308][636]LogModuleManager: Shutting down and abandoning module LinuxAArch64NoEditorTargetPlatform (153)
[2023.05.06-14.53.57:308][636]LogModuleManager: Shutting down and abandoning module LinuxServerTargetPlatform (151)
[2023.05.06-14.53.57:308][636]LogModuleManager: Shutting down and abandoning module LinuxClientTargetPlatform (149)
[2023.05.06-14.53.57:308][636]LogModuleManager: Shutting down and abandoning module LinuxNoEditorTargetPlatform (147)
[2023.05.06-14.53.57:308][636]LogModuleManager: Shutting down and abandoning module LinuxTargetPlatform (145)
[2023.05.06-14.53.57:308][636]LogModuleManager: Shutting down and abandoning module Messaging (143)
[2023.05.06-14.53.57:308][636]LogModuleManager: Shutting down and abandoning module IOSTargetPlatform (141)
[2023.05.06-14.53.57:309][636]LogModuleManager: Shutting down and abandoning module AndroidTargetPlatform (139)
[2023.05.06-14.53.57:311][636]LogModuleManager: Shutting down and abandoning module AllDesktopTargetPlatform (137)
[2023.05.06-14.53.57:311][636]LogModuleManager: Shutting down and abandoning module D3D11RHI (134)
[2023.05.06-14.53.57:311][636]LogModuleManager: Shutting down and abandoning module InputCore (132)
[2023.05.06-14.53.57:311][636]LogModuleManager: Shutting down and abandoning module Settings (130)
[2023.05.06-14.53.57:311][636]LogModuleManager: Shutting down and abandoning module DirectoryWatcher (128)
[2023.05.06-14.53.57:312][636]LogModuleManager: Shutting down and abandoning module PhysXCooking (126)
[2023.05.06-14.53.57:312][636]LogModuleManager: Shutting down and abandoning module Chaos (124)
[2023.05.06-14.53.57:312][636]LogModuleManager: Shutting down and abandoning module WindowsPlatformFeatures (122)
[2023.05.06-14.53.57:312][636]LogModuleManager: Shutting down and abandoning module GameplayMediaEncoder (121)
[2023.05.06-14.53.57:312][636]LogModuleManager: Shutting down and abandoning module AVEncoder (120)
[2023.05.06-14.53.57:312][636]LogModuleManager: Shutting down and abandoning module SteamVRInputDevice (116)
[2023.05.06-14.53.57:312][636]LogModuleManager: Shutting down and abandoning module SteamVRInput (114)
[2023.05.06-14.53.57:312][636]LogModuleManager: Shutting down and abandoning module SteamVR (112)
[2023.05.06-14.53.57:312][636]LogHMD: Freeing OpenVRDLLHandle.
[2023.05.06-14.53.57:312][636]LogModuleManager: Shutting down and abandoning module OculusHMD (110)
[2023.05.06-14.53.57:313][636]LogModuleManager: Shutting down and abandoning module OpenXRHandTracking (108)
[2023.05.06-14.53.57:313][636]LogSlate: Slate User Destroyed.  User Index 0, Is Virtual User: 0
[2023.05.06-14.53.57:313][636]LogModuleManager: Shutting down and abandoning module OpenXREyeTracker (106)
[2023.05.06-14.53.57:313][636]LogModuleManager: Shutting down and abandoning module OpenXRAR (104)
[2023.05.06-14.53.57:313][636]LogModuleManager: Shutting down and abandoning module AugmentedReality (103)
[2023.05.06-14.53.57:313][636]LogModuleManager: Shutting down and abandoning module OpenXRHMD (100)
[2023.05.06-14.53.57:314][636]LogModuleManager: Shutting down and abandoning module ChunkDownloader (98)
[2023.05.06-14.53.57:314][636]LogModuleManager: Shutting down and abandoning module ExampleDeviceProfileSelector (96)
[2023.05.06-14.53.57:314][636]LogModuleManager: Shutting down and abandoning module LauncherChunkInstaller (94)
[2023.05.06-14.53.57:314][636]LogModuleManager: Shutting down and abandoning module OnlineBlueprintSupport (92)
[2023.05.06-14.53.57:314][636]LogModuleManager: Shutting down and abandoning module OnlineSubsystem (88)
[2023.05.06-14.53.57:315][636]LogModuleManager: Shutting down and abandoning module XMPP (83)
[2023.05.06-14.53.57:316][636]LogModuleManager: Shutting down and abandoning module WebSockets (82)
[2023.05.06-14.53.57:333][636]LogModuleManager: Shutting down and abandoning module HTTP (79)
[2023.05.06-14.53.57:333][636]LogHttp: Display: Http module shutting down, but needs to wait on 1 outstanding Http requests:
[2023.05.06-14.53.57:333][636]LogHttp: Display: 	verb=[POST] url=[https://datarouter.ol.epicgames.com/datarouter/api/v1/public/data?SessionID=%7B4AC42DF0-4150-60E2-7876-BC8AF9BEB980%7D&AppID=UEEditor.Rocket.Release&AppVersion=4.27.0-17155196%2B%2B%2BUE4%2BRelease-4.27&UserID=6c323a574de77068069fd1a69ce5459b%7Ce0d89e8bb4f042d48aa65e438af618d2%7C27c992d2-39c7-4861-bb46-ff907c92b92a&AppEnvironment=datacollector-binary&UploadType=eteventstream] refs=[1] status=Processing
[2023.05.06-14.53.57:333][636]LogHttp: Display: cleaning up 1 outstanding Http requests.
[2023.05.06-14.53.57:335][636]LogModuleManager: Shutting down and abandoning module SSL (78)
[2023.05.06-14.53.57:336][636]LogModuleManager: Shutting down and abandoning module MLSDK (74)
[2023.05.06-14.53.57:337][636]LogModuleManager: Shutting down and abandoning module MagicLeap (72)
[2023.05.06-14.53.57:337][636]LogModuleManager: Shutting down and abandoning module WmfMedia (70)
[2023.05.06-14.53.57:339][636]LogModuleManager: Shutting down and abandoning module Media (69)
[2023.05.06-14.53.57:340][636]LogModuleManager: Shutting down and abandoning module MediaInfo (68)
[2023.05.06-14.53.57:340][636]LogModuleManager: Shutting down and abandoning module ExrReaderGpu (64)
[2023.05.06-14.53.57:341][636]LogModuleManager: Shutting down and abandoning module ChaosCloth (62)
[2023.05.06-14.53.57:341][636]LogModuleManager: Shutting down and abandoning module VariantManagerContent (60)
[2023.05.06-14.53.57:341][636]LogModuleManager: Shutting down and abandoning module DatasmithContent (58)
[2023.05.06-14.53.57:341][636]LogModuleManager: Shutting down and abandoning module NiagaraVertexFactories (56)
[2023.05.06-14.53.57:341][636]LogModuleManager: Shutting down and abandoning module NiagaraShader (54)
[2023.05.06-14.53.57:341][636]LogModuleManager: Shutting down and abandoning module PixWinPlugin (52)
[2023.05.06-14.53.57:342][636]LogModuleManager: Shutting down and abandoning module AISupportModule (50)
[2023.05.06-14.53.57:342][636]LogModuleManager: Shutting down and abandoning module DesktopPlatform (48)
[2023.05.06-14.53.57:342][636]LogModuleManager: Shutting down and abandoning module PythonScriptPluginPreload (46)
[2023.05.06-14.53.57:342][636]LogModuleManager: Shutting down and abandoning module PlatformCryptoOpenSSL (44)
[2023.05.06-14.53.57:342][636]LogModuleManager: Shutting down and abandoning module PlatformCryptoTypes (42)
[2023.05.06-14.53.57:342][636]LogModuleManager: Shutting down and abandoning module PlatformCrypto (40)
[2023.05.06-14.53.57:342][636]LogModuleManager: Shutting down and abandoning module OodleDataCompressionFormat (38)
[2023.05.06-14.53.57:343][636]LogModuleManager: Shutting down and abandoning module XGEController (36)
[2023.05.06-14.53.57:343][636]LogXGEController: Cleaning working directory: C:/Users/Asus/AppData/Local/Temp/UnrealXGEWorkingDir/
[2023.05.06-14.53.57:343][636]LogModuleManager: Shutting down and abandoning module AnimationModifiers (34)
[2023.05.06-14.53.57:343][636]LogModuleManager: Shutting down and abandoning module AudioEditor (32)
[2023.05.06-14.53.57:344][636]LogModuleManager: Shutting down and abandoning module PropertyEditor (31)
[2023.05.06-14.53.57:344][636]LogModuleManager: Shutting down and abandoning module TextureCompressor (28)
[2023.05.06-14.53.57:344][636]LogModuleManager: Shutting down and abandoning module RenderCore (26)
[2023.05.06-14.53.57:344][636]LogModuleManager: Shutting down and abandoning module Landscape (24)
[2023.05.06-14.53.57:344][636]LogModuleManager: Shutting down and abandoning module SlateRHIRenderer (22)
[2023.05.06-14.53.57:345][636]LogModuleManager: Shutting down and abandoning module AnimGraphRuntime (20)
[2023.05.06-14.53.57:345][636]LogModuleManager: Shutting down and abandoning module Renderer (18)
[2023.05.06-14.53.57:345][636]LogModuleManager: Shutting down and abandoning module Engine (16)
[2023.05.06-14.53.57:346][636]LogModuleManager: Shutting down and abandoning module CoreUObject (14)
[2023.05.06-14.53.57:346][636]LogModuleManager: Shutting down and abandoning module NetworkFile (12)
[2023.05.06-14.53.57:346][636]LogModuleManager: Shutting down and abandoning module CookedIterativeFile (10)
[2023.05.06-14.53.57:346][636]LogModuleManager: Shutting down and abandoning module StreamingFile (8)
[2023.05.06-14.53.57:346][636]LogModuleManager: Shutting down and abandoning module SandboxFile (6)
[2023.05.06-14.53.57:346][636]LogModuleManager: Shutting down and abandoning module PakFile (4)
[2023.05.06-14.53.57:346][636]LogModuleManager: Shutting down and abandoning module RSA (3)
[2023.05.06-14.53.57:346][636]LogContentStreaming: Display: There are 1 unreleased StreamingManagers
[2023.05.06-14.53.57:348][636]LogD3D11RHI: Shutdown
[2023.05.06-14.53.57:348][636]LogD3D11RHI: CleanupD3DDevice
[2023.05.06-14.53.57:365][636]LogExit: Exiting.
[2023.05.06-14.53.57:371][636]Log file closed, 05/06/23 18:23:57
