Log file open, 04/22/23 15:02:56
LogWindows: Failed to load 'aqProf.dll' (GetLastError=126)
LogWindows: File 'aqProf.dll' does not exist
LogWindows: Failed to load 'VtuneApi.dll' (GetLastError=126)
LogWindows: File 'VtuneApi.dll' does not exist
LogWindows: Failed to load 'VtuneApi32e.dll' (GetLastError=126)
LogWindows: File 'VtuneApi32e.dll' does not exist
LogConsoleResponse: Display: Failed to find resolution value strings in scalability ini. Falling back to default.
LogConsoleResponse: Display: Failed to find resolution value strings in scalability ini. Falling back to default.
LogInit: Display: Running engine for game: SpeedLimit_UniAzad
LogPlatformFile: Not using cached read wrapper
LogTaskGraph: Started task graph with 5 named threads and 23 total threads with 3 sets of task threads.
LogStats: Stats thread started at 0.179453
LogICUInternationalization: ICU TimeZone Detection - Raw Offset: +3:30, Platform Override: ''
LogInit: Display: Loading text-based GConfig....
LogPluginManager: Mounting plugin MeshPainting
LogPluginManager: Mounting plugin XGEController
LogPluginManager: Mounting plugin Paper2D
LogPluginManager: Mounting plugin AISupport
LogPluginManager: Mounting plugin EnvironmentQueryEditor
LogPluginManager: Mounting plugin LiveLink
LogPluginManager: Mounting plugin LightPropagationVolume
LogPluginManager: Mounting plugin CameraShakePreviewer
LogPluginManager: Mounting plugin AnimationSharing
LogPluginManager: Mounting plugin OodleNetwork
LogPluginManager: Mounting plugin GameplayCameras
LogPluginManager: Mounting plugin CLionSourceCodeAccess
LogPluginManager: Mounting plugin OodleData
LogPluginManager: Mounting plugin CodeLiteSourceCodeAccess
LogPluginManager: Mounting plugin GitSourceControl
LogPluginManager: Mounting plugin AssetManagerEditor
LogPluginManager: Mounting plugin KDevelopSourceCodeAccess
LogPluginManager: Mounting plugin NullSourceCodeAccess
LogPluginManager: Mounting plugin PerforceSourceControl
LogPluginManager: Mounting plugin PixWinPlugin
LogPluginManager: Mounting plugin PluginUtils
LogPluginManager: Mounting plugin PlasticSourceControl
LogPluginManager: Mounting plugin PropertyAccessNode
LogPluginManager: Mounting plugin CryptoKeys
LogPluginManager: Mounting plugin CurveEditorTools
LogPluginManager: Mounting plugin DataValidation
LogPluginManager: Mounting plugin RiderSourceCodeAccess
LogPluginManager: Mounting plugin SubversionSourceControl
LogPluginManager: Mounting plugin TextureFormatOodle
LogPluginManager: Mounting plugin FacialAnimation
LogPluginManager: Mounting plugin GameplayTagsEditor
LogPluginManager: Mounting plugin GeometryMode
LogPluginManager: Mounting plugin MacGraphicsSwitching
LogPluginManager: Mounting plugin UObjectPlugin
LogPluginManager: Mounting plugin MaterialAnalyzer
LogPluginManager: Mounting plugin MobileLauncherProfileWizard
LogPluginManager: Mounting plugin VisualStudioCodeSourceCodeAccess
LogPluginManager: Mounting plugin VisualStudioSourceCodeAccess
LogPluginManager: Mounting plugin XCodeSourceCodeAccess
LogPluginManager: Mounting plugin SpeedTreeImporter
LogPluginManager: Mounting plugin PluginBrowser
LogPluginManager: Mounting plugin AlembicImporter
LogPluginManager: Mounting plugin BackChannel
LogPluginManager: Mounting plugin AutomationUtils
LogPluginManager: Mounting plugin ChaosCloth
LogPluginManager: Mounting plugin ChaosClothEditor
LogPluginManager: Mounting plugin ChaosEditor
LogPluginManager: Mounting plugin ChaosSolverPlugin
LogPluginManager: Mounting plugin CharacterAI
LogPluginManager: Mounting plugin ChaosNiagara
LogPluginManager: Mounting plugin Niagara
LogPluginManager: Mounting plugin AndroidMedia
LogPluginManager: Mounting plugin GeometryCache
LogPluginManager: Mounting plugin LuminPlatformFeatures
LogPluginManager: Mounting plugin AvfMedia
LogPluginManager: Mounting plugin MagicLeap
LogPluginManager: Mounting plugin GeometryCollectionPlugin
LogPluginManager: Mounting plugin ImgMedia
LogPluginManager: Mounting plugin MediaCompositing
LogPluginManager: Mounting plugin DatasmithContent
LogPluginManager: Mounting plugin MediaPlayerEditor
LogPluginManager: Mounting plugin GeometryProcessing
LogPluginManager: Mounting plugin MagicLeapLightEstimation
LogPluginManager: Mounting plugin WebMMedia
LogPluginManager: Mounting plugin MagicLeapMedia
LogPluginManager: Mounting plugin WmfMedia
LogPluginManager: Mounting plugin MagicLeapPassableWorld
LogPluginManager: Mounting plugin VariantManagerContent
LogPluginManager: Mounting plugin MLSDK
LogPluginManager: Mounting plugin MotoSynth
LogPluginManager: Mounting plugin OpenImageDenoise
LogPluginManager: Mounting plugin PlanarCut
LogPluginManager: Mounting plugin PlatformCrypto
LogPluginManager: Mounting plugin ProxyLODPlugin
LogPluginManager: Mounting plugin PythonScriptPlugin
LogPluginManager: Mounting plugin SkeletalReduction
LogPluginManager: Mounting plugin TcpMessaging
LogPluginManager: Mounting plugin UdpMessaging
LogPluginManager: Mounting plugin ActorSequence
LogPluginManager: Mounting plugin LevelSequenceEditor
LogPluginManager: Mounting plugin MatineeToLevelSequence
LogPluginManager: Mounting plugin TemplateSequence
LogPluginManager: Mounting plugin OnlineSubsystem
LogPluginManager: Mounting plugin OnlineSubsystemNull
LogPluginManager: Mounting plugin LauncherChunkInstaller
LogPluginManager: Mounting plugin OnlineSubsystemUtils
LogPluginManager: Mounting plugin ActorLayerUtilities
LogPluginManager: Mounting plugin AndroidMoviePlayer
LogPluginManager: Mounting plugin AndroidDeviceProfileSelector
LogPluginManager: Mounting plugin AndroidPermission
LogPluginManager: Mounting plugin AppleImageUtils
LogPluginManager: Mounting plugin AppleMoviePlayer
LogPluginManager: Mounting plugin ArchVisCharacter
LogPluginManager: Mounting plugin AssetTags
LogPluginManager: Mounting plugin AudioCapture
LogPluginManager: Mounting plugin AudioSynesthesia
LogPluginManager: Mounting plugin CableComponent
LogPluginManager: Mounting plugin CustomMeshComponent
LogPluginManager: Mounting plugin ChunkDownloader
LogPluginManager: Mounting plugin EditableMesh
LogPluginManager: Mounting plugin ExampleDeviceProfileSelector
LogPluginManager: Mounting plugin GoogleCloudMessaging
LogPluginManager: Mounting plugin GooglePAD
LogPluginManager: Mounting plugin IOSDeviceProfileSelector
LogPluginManager: Mounting plugin LinuxDeviceProfileSelector
LogPluginManager: Mounting plugin LocationServicesBPLibrary
LogPluginManager: Mounting plugin ScreenshotTools
LogPluginManager: Mounting plugin MobilePatchingUtils
LogPluginManager: Mounting plugin OpenXR
LogPluginManager: Mounting plugin OpenXRHandTracking
LogPluginManager: Mounting plugin OpenXREyeTracker
LogPluginManager: Mounting plugin PhysXVehicles
LogPluginManager: Mounting plugin Takes
LogPluginManager: Mounting plugin PostSplashScreen
LogPluginManager: Mounting plugin ProceduralMeshComponent
LogPluginManager: Mounting plugin PropertyAccessEditor
LogPluginManager: Mounting plugin RuntimePhysXCooking
LogPluginManager: Mounting plugin SignificanceManager
LogPluginManager: Mounting plugin SoundFields
LogPluginManager: Mounting plugin Synthesis
LogPluginManager: Mounting plugin WebMMoviePlayer
LogPluginManager: Mounting plugin WindowsMoviePlayer
LogPluginManager: Mounting plugin ContentBrowserClassDataSource
LogPluginManager: Mounting plugin ContentBrowserAssetDataSource
LogPluginManager: Mounting plugin ContentBrowserFileDataSource
LogPluginManager: Mounting plugin OnlineSubsystemGooglePlay
LogPluginManager: Mounting plugin OnlineSubsystemIOS
LogPluginManager: Mounting plugin OculusVR
LogPluginManager: Mounting plugin SteamVR
PixWinPlugin: PIX capture plugin failed to initialize! Check that the process is launched from PIX.
LogInit: Using libcurl 7.55.1-DEV
LogInit:  - built for x86_64-pc-win32
LogInit:  - supports SSL with OpenSSL/1.1.1
LogInit:  - supports HTTP deflate (compression) using libz 1.2.8
LogInit:  - other features:
LogInit:      CURL_VERSION_SSL
LogInit:      CURL_VERSION_LIBZ
LogInit:      CURL_VERSION_IPV6
LogInit:      CURL_VERSION_ASYNCHDNS
LogInit:      CURL_VERSION_LARGEFILE
LogInit:      CURL_VERSION_IDN
LogInit:  CurlRequestOptions (configurable via config and command line):
LogInit:  - bVerifyPeer = true  - Libcurl will verify peer certificate
LogInit:  - bUseHttpProxy = false  - Libcurl will NOT use HTTP proxy
LogInit:  - bDontReuseConnections = false  - Libcurl will reuse connections
LogInit:  - MaxHostConnections = 16  - Libcurl will limit the number of connections to a host
LogInit:  - LocalHostAddr = Default
LogInit:  - BufferSize = 65536
LogOnline: OSS: Creating online subsystem instance for: NULL
LogInit: WinSock: version 1.1 (2.2), MaxSocks=32767, MaxUdp=65467
LogOnline: OSS: TryLoadSubsystemAndSetDefault: Loaded subsystem for module [NULL]
LogOculusPluginWrapper: OculusPlugin initialized successfully
LogHMD: Failed initializing OVRPlugin 1.59.0
LogInit: Build: ++UE4+Release-4.27-CL-17155196
LogInit: Engine Version: 4.27.0-17155196+++UE4+Release-4.27
LogInit: Compatible Engine Version: 4.27.0-17155196+++UE4+Release-4.27
LogInit: Net CL: 17155196
LogInit: OS: Windows 10 (Release 2009) (), CPU: 11th Gen Intel(R) Core(TM) i7-1195G7 @ 2.90GHz, GPU: Intel(R) Iris(R) Xe Graphics
LogInit: Compiled (64-bit): Aug 13 2021 06:13:13
LogInit: Compiled with Visual C++: 19.24.28315.00
LogInit: Build Configuration: Development
LogInit: Branch Name: ++UE4+Release-4.27
LogInit: Command Line: 
LogInit: Base Directory: E:/Downloads/unreal_engine_v4.27_compiled/Unreal Engine v4.27 Compiled/Engine/Binaries/Win64/
LogInit: Allocator: TBB
LogInit: Installed Engine Build: 1
LogDevObjectVersion: Number of dev versions registered: 29
LogDevObjectVersion:   Dev-Blueprints (B0D832E4-1F89-4F0D-ACCF-7EB736FD4AA2): 10
LogDevObjectVersion:   Dev-Build (E1C64328-A22C-4D53-A36C-8E866417BD8C): 0
LogDevObjectVersion:   Dev-Core (375EC13C-06E4-48FB-B500-84F0262A717E): 4
LogDevObjectVersion:   Dev-Editor (E4B068ED-F494-42E9-A231-DA0B2E46BB41): 40
LogDevObjectVersion:   Dev-Framework (CFFC743F-43B0-4480-9391-14DF171D2073): 37
LogDevObjectVersion:   Dev-Mobile (B02B49B5-BB20-44E9-A304-32B752E40360): 3
LogDevObjectVersion:   Dev-Networking (A4E4105C-59A1-49B5-A7C5-40C4547EDFEE): 0
LogDevObjectVersion:   Dev-Online (39C831C9-5AE6-47DC-9A44-9C173E1C8E7C): 0
LogDevObjectVersion:   Dev-Physics (78F01B33-EBEA-4F98-B9B4-84EACCB95AA2): 14
LogDevObjectVersion:   Dev-Platform (6631380F-2D4D-43E0-8009-CF276956A95A): 0
LogDevObjectVersion:   Dev-Rendering (12F88B9F-8875-4AFC-A67C-D90C383ABD29): 45
LogDevObjectVersion:   Dev-Sequencer (7B5AE74C-D270-4C10-A958-57980B212A5A): 13
LogDevObjectVersion:   Dev-VR (D7296918-1DD6-4BDD-9DE2-64A83CC13884): 3
LogDevObjectVersion:   Dev-LoadTimes (C2A15278-BFE7-4AFE-6C17-90FF531DF755): 1
LogDevObjectVersion:   Private-Geometry (6EACA3D4-40EC-4CC1-B786-8BED09428FC5): 3
LogDevObjectVersion:   Dev-AnimPhys (29E575DD-E0A3-4627-9D10-D276232CDCEA): 17
LogDevObjectVersion:   Dev-Anim (AF43A65D-7FD3-4947-9873-3E8ED9C1BB05): 15
LogDevObjectVersion:   Dev-ReflectionCapture (6B266CEC-1EC7-4B8F-A30B-E4D90942FC07): 1
LogDevObjectVersion:   Dev-Automation (0DF73D61-A23F-47EA-B727-89E90C41499A): 1
LogDevObjectVersion:   FortniteMain (601D1886-AC64-4F84-AA16-D3DE0DEAC7D6): 47
LogDevObjectVersion:   FortniteRelease (E7086368-6B23-4C58-8439-1B7016265E91): 1
LogDevObjectVersion:   Dev-Enterprise (9DFFBCD6-494F-0158-E221-12823C92A888): 10
LogDevObjectVersion:   Dev-Niagara (F2AED0AC-9AFE-416F-8664-AA7FFA26D6FC): 1
LogDevObjectVersion:   Dev-Destruction (174F1F0B-B4C6-45A5-B13F-2EE8D0FB917D): 10
LogDevObjectVersion:   Dev-Physics-Ext (35F94A83-E258-406C-A318-09F59610247C): 41
LogDevObjectVersion:   Dev-PhysicsMaterial-Chaos (B68FC16E-8B1B-42E2-B453-215C058844FE): 1
LogDevObjectVersion:   Dev-CineCamera (B2E18506-4273-CFC2-A54E-F4BB758BBA07): 1
LogDevObjectVersion:   Dev-VirtualProduction (64F58936-FD1B-42BA-BA96-7289D5D0FA4E): 1
LogDevObjectVersion:   Dev-MediaFramework (6F0ED827-A609-4895-9C91-998D90180EA4): 2
LogInit: Presizing for max 25165824 objects, including 0 objects not considered by GC, pre-allocating 0 bytes for permanent pool.
LogConfig: Applying CVar settings from Section [/Script/Engine.StreamingSettings] File [E:/Asus/Documents/GitHub/TheTroubleMakers/Unreal Engine Project/SpeedLimit_UniAzad/Saved/Config/Windows/Engine.ini]
LogConfig: Setting CVar [[s.MinBulkDataSizeForAsyncLoading:131072]]
LogConfig: Setting CVar [[s.AsyncLoadingThreadEnabled:0]]
LogConfig: Setting CVar [[s.EventDrivenLoaderEnabled:1]]
LogConfig: Setting CVar [[s.WarnIfTimeLimitExceeded:0]]
LogConfig: Setting CVar [[s.TimeLimitExceededMultiplier:1.5]]
LogConfig: Setting CVar [[s.TimeLimitExceededMinTime:0.005]]
LogConfig: Setting CVar [[s.UseBackgroundLevelStreaming:1]]
LogConfig: Setting CVar [[s.PriorityAsyncLoadingExtraTime:15.0]]
LogConfig: Setting CVar [[s.LevelStreamingActorsUpdateTimeLimit:5.0]]
LogConfig: Setting CVar [[s.PriorityLevelStreamingActorsUpdateExtraTime:5.0]]
LogConfig: Setting CVar [[s.LevelStreamingComponentsRegistrationGranularity:10]]
LogConfig: Setting CVar [[s.UnregisterComponentsTimeLimit:1.0]]
LogConfig: Setting CVar [[s.LevelStreamingComponentsUnregistrationGranularity:5]]
LogConfig: Setting CVar [[s.FlushStreamingOnExit:1]]
LogInit: Object subsystem initialized
LogConfig: Setting CVar [[con.DebugEarlyDefault:1]]
LogConfig: Setting CVar [[r.setres:1280x720]]
[2023.04.22-11.32.56:693][  0]LogConfig: Setting CVar [[r.VSync:0]]
[2023.04.22-11.32.56:693][  0]LogConfig: Setting CVar [[r.RHICmdBypass:0]]
[2023.04.22-11.32.56:693][  0]LogConfig: Applying CVar settings from Section [/Script/Engine.RendererSettings] File [E:/Asus/Documents/GitHub/TheTroubleMakers/Unreal Engine Project/SpeedLimit_UniAzad/Saved/Config/Windows/Engine.ini]
[2023.04.22-11.32.56:693][  0]LogConfig: Setting CVar [[r.GPUCrashDebugging:0]]
[2023.04.22-11.32.56:693][  0]LogConfig: Applying CVar settings from Section [/Script/Engine.RendererOverrideSettings] File [E:/Asus/Documents/GitHub/TheTroubleMakers/Unreal Engine Project/SpeedLimit_UniAzad/Saved/Config/Windows/Engine.ini]
[2023.04.22-11.32.56:693][  0]LogConfig: Applying CVar settings from Section [/Script/Engine.StreamingSettings] File [E:/Asus/Documents/GitHub/TheTroubleMakers/Unreal Engine Project/SpeedLimit_UniAzad/Saved/Config/Windows/Engine.ini]
[2023.04.22-11.32.56:693][  0]LogConfig: Setting CVar [[s.MinBulkDataSizeForAsyncLoading:131072]]
[2023.04.22-11.32.56:693][  0]LogConfig: Setting CVar [[s.AsyncLoadingThreadEnabled:0]]
[2023.04.22-11.32.56:693][  0]LogConfig: Setting CVar [[s.EventDrivenLoaderEnabled:1]]
[2023.04.22-11.32.56:693][  0]LogConfig: Setting CVar [[s.WarnIfTimeLimitExceeded:0]]
[2023.04.22-11.32.56:693][  0]LogConfig: Setting CVar [[s.TimeLimitExceededMultiplier:1.5]]
[2023.04.22-11.32.56:693][  0]LogConfig: Setting CVar [[s.TimeLimitExceededMinTime:0.005]]
[2023.04.22-11.32.56:693][  0]LogConfig: Setting CVar [[s.UseBackgroundLevelStreaming:1]]
[2023.04.22-11.32.56:693][  0]LogConfig: Setting CVar [[s.PriorityAsyncLoadingExtraTime:15.0]]
[2023.04.22-11.32.56:693][  0]LogConfig: Setting CVar [[s.LevelStreamingActorsUpdateTimeLimit:5.0]]
[2023.04.22-11.32.56:694][  0]LogConfig: Setting CVar [[s.PriorityLevelStreamingActorsUpdateExtraTime:5.0]]
[2023.04.22-11.32.56:694][  0]LogConfig: Setting CVar [[s.LevelStreamingComponentsRegistrationGranularity:10]]
[2023.04.22-11.32.56:694][  0]LogConfig: Setting CVar [[s.UnregisterComponentsTimeLimit:1.0]]
[2023.04.22-11.32.56:694][  0]LogConfig: Setting CVar [[s.LevelStreamingComponentsUnregistrationGranularity:5]]
[2023.04.22-11.32.56:694][  0]LogConfig: Setting CVar [[s.FlushStreamingOnExit:1]]
[2023.04.22-11.32.56:694][  0]LogConfig: Applying CVar settings from Section [/Script/Engine.GarbageCollectionSettings] File [E:/Asus/Documents/GitHub/TheTroubleMakers/Unreal Engine Project/SpeedLimit_UniAzad/Saved/Config/Windows/Engine.ini]
[2023.04.22-11.32.56:694][  0]LogConfig: Setting CVar [[gc.MaxObjectsNotConsideredByGC:1]]
[2023.04.22-11.32.56:694][  0]LogConfig: Setting CVar [[gc.SizeOfPermanentObjectPool:0]]
[2023.04.22-11.32.56:694][  0]LogConfig: Setting CVar [[gc.FlushStreamingOnGC:0]]
[2023.04.22-11.32.56:694][  0]LogConfig: Setting CVar [[gc.NumRetriesBeforeForcingGC:10]]
[2023.04.22-11.32.56:694][  0]LogConfig: Setting CVar [[gc.AllowParallelGC:1]]
[2023.04.22-11.32.56:694][  0]LogConfig: Setting CVar [[gc.TimeBetweenPurgingPendingKillObjects:61.1]]
[2023.04.22-11.32.56:694][  0]LogConfig: Setting CVar [[gc.MaxObjectsInEditor:25165824]]
[2023.04.22-11.32.56:694][  0]LogConfig: Setting CVar [[gc.IncrementalBeginDestroyEnabled:1]]
[2023.04.22-11.32.56:694][  0]LogConfig: Setting CVar [[gc.CreateGCClusters:1]]
[2023.04.22-11.32.56:694][  0]LogConfig: Setting CVar [[gc.MinGCClusterSize:5]]
[2023.04.22-11.32.56:694][  0]LogConfig: Setting CVar [[gc.ActorClusteringEnabled:0]]
[2023.04.22-11.32.56:694][  0]LogConfig: Setting CVar [[gc.BlueprintClusteringEnabled:0]]
[2023.04.22-11.32.56:694][  0]LogConfig: Setting CVar [[gc.UseDisregardForGCOnDedicatedServers:0]]
[2023.04.22-11.32.56:694][  0]LogConfig: Setting CVar [[gc.MultithreadedDestructionEnabled:1]]
[2023.04.22-11.32.56:694][  0]LogConfig: Applying CVar settings from Section [/Script/Engine.NetworkSettings] File [E:/Asus/Documents/GitHub/TheTroubleMakers/Unreal Engine Project/SpeedLimit_UniAzad/Saved/Config/Windows/Engine.ini]
[2023.04.22-11.32.56:694][  0]LogConfig: Applying CVar settings from Section [/Script/UnrealEd.CookerSettings] File [E:/Asus/Documents/GitHub/TheTroubleMakers/Unreal Engine Project/SpeedLimit_UniAzad/Saved/Config/Windows/Engine.ini]
[2023.04.22-11.32.56:719][  0]LogConfig: Applying CVar settings from Section [ViewDistanceQuality@3] File [E:/Asus/Documents/GitHub/TheTroubleMakers/Unreal Engine Project/SpeedLimit_UniAzad/Saved/Config/Windows/Scalability.ini]
[2023.04.22-11.32.56:719][  0]LogConfig: Setting CVar [[r.SkeletalMeshLODBias:0]]
[2023.04.22-11.32.56:719][  0]LogConfig: Setting CVar [[r.ViewDistanceScale:1.0]]
[2023.04.22-11.32.56:719][  0]LogConfig: Applying CVar settings from Section [AntiAliasingQuality@3] File [E:/Asus/Documents/GitHub/TheTroubleMakers/Unreal Engine Project/SpeedLimit_UniAzad/Saved/Config/Windows/Scalability.ini]
[2023.04.22-11.32.56:719][  0]LogConfig: Setting CVar [[r.PostProcessAAQuality:4]]
[2023.04.22-11.32.56:719][  0]LogConfig: Applying CVar settings from Section [ShadowQuality@3] File [E:/Asus/Documents/GitHub/TheTroubleMakers/Unreal Engine Project/SpeedLimit_UniAzad/Saved/Config/Windows/Scalability.ini]
[2023.04.22-11.32.56:719][  0]LogConfig: Setting CVar [[r.LightFunctionQuality:1]]
[2023.04.22-11.32.56:719][  0]LogConfig: Setting CVar [[r.ShadowQuality:5]]
[2023.04.22-11.32.56:719][  0]LogConfig: Setting CVar [[r.Shadow.CSM.MaxCascades:10]]
[2023.04.22-11.32.56:719][  0]LogConfig: Setting CVar [[r.Shadow.MaxResolution:2048]]
[2023.04.22-11.32.56:719][  0]LogConfig: Setting CVar [[r.Shadow.MaxCSMResolution:2048]]
[2023.04.22-11.32.56:719][  0]LogConfig: Setting CVar [[r.Shadow.RadiusThreshold:0.01]]
[2023.04.22-11.32.56:719][  0]LogConfig: Setting CVar [[r.Shadow.DistanceScale:1.0]]
[2023.04.22-11.32.56:719][  0]LogConfig: Setting CVar [[r.Shadow.CSM.TransitionScale:1.0]]
[2023.04.22-11.32.56:719][  0]LogConfig: Setting CVar [[r.Shadow.PreShadowResolutionFactor:1.0]]
[2023.04.22-11.32.56:719][  0]LogConfig: Setting CVar [[r.DistanceFieldShadowing:1]]
[2023.04.22-11.32.56:719][  0]LogConfig: Setting CVar [[r.DistanceFieldAO:1]]
[2023.04.22-11.32.56:719][  0]LogConfig: Setting CVar [[r.AOQuality:2]]
[2023.04.22-11.32.56:719][  0]LogConfig: Setting CVar [[r.VolumetricFog:1]]
[2023.04.22-11.32.56:719][  0]LogConfig: Setting CVar [[r.VolumetricFog.GridPixelSize:8]]
[2023.04.22-11.32.56:719][  0]LogConfig: Setting CVar [[r.VolumetricFog.GridSizeZ:128]]
[2023.04.22-11.32.56:719][  0]LogConfig: Setting CVar [[r.VolumetricFog.HistoryMissSupersampleCount:4]]
[2023.04.22-11.32.56:719][  0]LogConfig: Setting CVar [[r.LightMaxDrawDistanceScale:1]]
[2023.04.22-11.32.56:719][  0]LogConfig: Setting CVar [[r.CapsuleShadows:1]]
[2023.04.22-11.32.56:719][  0]LogConfig: Applying CVar settings from Section [PostProcessQuality@3] File [E:/Asus/Documents/GitHub/TheTroubleMakers/Unreal Engine Project/SpeedLimit_UniAzad/Saved/Config/Windows/Scalability.ini]
[2023.04.22-11.32.56:719][  0]LogConfig: Setting CVar [[r.MotionBlurQuality:4]]
[2023.04.22-11.32.56:719][  0]LogConfig: Setting CVar [[r.AmbientOcclusionMipLevelFactor:0.4]]
[2023.04.22-11.32.56:719][  0]LogConfig: Setting CVar [[r.AmbientOcclusionMaxQuality:100]]
[2023.04.22-11.32.56:719][  0]LogConfig: Setting CVar [[r.AmbientOcclusionLevels:-1]]
[2023.04.22-11.32.56:719][  0]LogConfig: Setting CVar [[r.AmbientOcclusionRadiusScale:1.0]]
[2023.04.22-11.32.56:719][  0]LogConfig: Setting CVar [[r.DepthOfFieldQuality:2]]
[2023.04.22-11.32.56:719][  0]LogConfig: Setting CVar [[r.RenderTargetPoolMin:400]]
[2023.04.22-11.32.56:719][  0]LogConfig: Setting CVar [[r.LensFlareQuality:2]]
[2023.04.22-11.32.56:719][  0]LogConfig: Setting CVar [[r.SceneColorFringeQuality:1]]
[2023.04.22-11.32.56:719][  0]LogConfig: Setting CVar [[r.EyeAdaptationQuality:2]]
[2023.04.22-11.32.56:719][  0]LogConfig: Setting CVar [[r.BloomQuality:5]]
[2023.04.22-11.32.56:719][  0]LogConfig: Setting CVar [[r.FastBlurThreshold:100]]
[2023.04.22-11.32.56:719][  0]LogConfig: Setting CVar [[r.Upscale.Quality:3]]
[2023.04.22-11.32.56:719][  0]LogConfig: Setting CVar [[r.Tonemapper.GrainQuantization:1]]
[2023.04.22-11.32.56:719][  0]LogConfig: Setting CVar [[r.LightShaftQuality:1]]
[2023.04.22-11.32.56:719][  0]LogConfig: Setting CVar [[r.Filter.SizeScale:1]]
[2023.04.22-11.32.56:719][  0]LogConfig: Setting CVar [[r.Tonemapper.Quality:5]]
[2023.04.22-11.32.56:719][  0]LogConfig: Setting CVar [[r.DOF.Gather.AccumulatorQuality:1        ; higher gathering accumulator quality]]
[2023.04.22-11.32.56:719][  0]LogConfig: Setting CVar [[r.DOF.Gather.PostfilterMethod:1          ; Median3x3 postfilering method]]
[2023.04.22-11.32.56:719][  0]LogConfig: Setting CVar [[r.DOF.Gather.EnableBokehSettings:0       ; no bokeh simulation when gathering]]
[2023.04.22-11.32.56:719][  0]LogConfig: Setting CVar [[r.DOF.Gather.RingCount:4                 ; medium number of samples when gathering]]
[2023.04.22-11.32.56:719][  0]LogConfig: Setting CVar [[r.DOF.Scatter.ForegroundCompositing:1    ; additive foreground scattering]]
[2023.04.22-11.32.56:719][  0]LogConfig: Setting CVar [[r.DOF.Scatter.BackgroundCompositing:2    ; additive background scattering]]
[2023.04.22-11.32.56:719][  0]LogConfig: Setting CVar [[r.DOF.Scatter.EnableBokehSettings:1      ; bokeh simulation when scattering]]
[2023.04.22-11.32.56:719][  0]LogConfig: Setting CVar [[r.DOF.Scatter.MaxSpriteRatio:0.1         ; only a maximum of 10% of scattered bokeh]]
[2023.04.22-11.32.56:719][  0]LogConfig: Setting CVar [[r.DOF.Recombine.Quality:1                ; cheap slight out of focus]]
[2023.04.22-11.32.56:719][  0]LogConfig: Setting CVar [[r.DOF.Recombine.EnableBokehSettings:0    ; no bokeh simulation on slight out of focus]]
[2023.04.22-11.32.56:719][  0]LogConfig: Setting CVar [[r.DOF.TemporalAAQuality:1                ; more stable temporal accumulation]]
[2023.04.22-11.32.56:719][  0]LogConfig: Setting CVar [[r.DOF.Kernel.MaxForegroundRadius:0.025]]
[2023.04.22-11.32.56:719][  0]LogConfig: Setting CVar [[r.DOF.Kernel.MaxBackgroundRadius:0.025]]
[2023.04.22-11.32.56:720][  0]LogConfig: Applying CVar settings from Section [TextureQuality@3] File [E:/Asus/Documents/GitHub/TheTroubleMakers/Unreal Engine Project/SpeedLimit_UniAzad/Saved/Config/Windows/Scalability.ini]
[2023.04.22-11.32.56:720][  0]LogConfig: Setting CVar [[r.Streaming.MipBias:0]]
[2023.04.22-11.32.56:720][  0]LogConfig: Setting CVar [[r.Streaming.AmortizeCPUToGPUCopy:0]]
[2023.04.22-11.32.56:720][  0]LogConfig: Setting CVar [[r.Streaming.MaxNumTexturesToStreamPerFrame:0]]
[2023.04.22-11.32.56:720][  0]LogConfig: Setting CVar [[r.Streaming.Boost:1]]
[2023.04.22-11.32.56:720][  0]LogConfig: Setting CVar [[r.MaxAnisotropy:8]]
[2023.04.22-11.32.56:720][  0]LogConfig: Setting CVar [[r.VT.MaxAnisotropy:8]]
[2023.04.22-11.32.56:720][  0]LogConfig: Setting CVar [[r.Streaming.LimitPoolSizeToVRAM:0]]
[2023.04.22-11.32.56:720][  0]LogConfig: Setting CVar [[r.Streaming.PoolSize:1000]]
[2023.04.22-11.32.56:720][  0]LogConfig: Setting CVar [[r.Streaming.MaxEffectiveScreenSize:0]]
[2023.04.22-11.32.56:720][  0]LogConfig: Applying CVar settings from Section [EffectsQuality@3] File [E:/Asus/Documents/GitHub/TheTroubleMakers/Unreal Engine Project/SpeedLimit_UniAzad/Saved/Config/Windows/Scalability.ini]
[2023.04.22-11.32.56:720][  0]LogConfig: Setting CVar [[r.TranslucencyLightingVolumeDim:64]]
[2023.04.22-11.32.56:720][  0]LogConfig: Setting CVar [[r.RefractionQuality:2]]
[2023.04.22-11.32.56:720][  0]LogConfig: Setting CVar [[r.SSR.Quality:3]]
[2023.04.22-11.32.56:720][  0]LogConfig: Setting CVar [[r.SSR.HalfResSceneColor:0]]
[2023.04.22-11.32.56:720][  0]LogConfig: Setting CVar [[r.SceneColorFormat:4]]
[2023.04.22-11.32.56:720][  0]LogConfig: Setting CVar [[r.DetailMode:2]]
[2023.04.22-11.32.56:720][  0]LogConfig: Setting CVar [[r.TranslucencyVolumeBlur:1]]
[2023.04.22-11.32.56:720][  0]LogConfig: Setting CVar [[r.MaterialQualityLevel:1 ; High quality]]
[2023.04.22-11.32.56:720][  0]LogConfig: Setting CVar [[r.AnisotropicMaterials:1]]
[2023.04.22-11.32.56:720][  0]LogConfig: Setting CVar [[r.SSS.Scale:1]]
[2023.04.22-11.32.56:720][  0]LogConfig: Setting CVar [[r.SSS.SampleSet:2]]
[2023.04.22-11.32.56:720][  0]LogConfig: Setting CVar [[r.SSS.Quality:1]]
[2023.04.22-11.32.56:720][  0]LogConfig: Setting CVar [[r.SSS.HalfRes:0]]
[2023.04.22-11.32.56:720][  0]LogConfig: Setting CVar [[r.SSGI.Quality:3]]
[2023.04.22-11.32.56:720][  0]LogConfig: Setting CVar [[r.EmitterSpawnRateScale:1.0]]
[2023.04.22-11.32.56:720][  0]LogConfig: Setting CVar [[r.ParticleLightQuality:2]]
[2023.04.22-11.32.56:720][  0]LogConfig: Setting CVar [[r.SkyAtmosphere.AerialPerspectiveLUT.FastApplyOnOpaque:1 ; Always have FastSkyLUT 1 in this case to avoid wrong sky]]
[2023.04.22-11.32.56:720][  0]LogConfig: Setting CVar [[r.SkyAtmosphere.AerialPerspectiveLUT.SampleCountMaxPerSlice:4]]
[2023.04.22-11.32.56:720][  0]LogConfig: Setting CVar [[r.SkyAtmosphere.AerialPerspectiveLUT.DepthResolution:16.0]]
[2023.04.22-11.32.56:720][  0]LogConfig: Setting CVar [[r.SkyAtmosphere.FastSkyLUT:1]]
[2023.04.22-11.32.56:720][  0]LogConfig: Setting CVar [[r.SkyAtmosphere.FastSkyLUT.SampleCountMin:4.0]]
[2023.04.22-11.32.56:720][  0]LogConfig: Setting CVar [[r.SkyAtmosphere.FastSkyLUT.SampleCountMax:128.0]]
[2023.04.22-11.32.56:720][  0]LogConfig: Setting CVar [[r.SkyAtmosphere.SampleCountMin:4.0]]
[2023.04.22-11.32.56:720][  0]LogConfig: Setting CVar [[r.SkyAtmosphere.SampleCountMax:128.0]]
[2023.04.22-11.32.56:720][  0]LogConfig: Setting CVar [[r.SkyAtmosphere.TransmittanceLUT.UseSmallFormat:0]]
[2023.04.22-11.32.56:720][  0]LogConfig: Setting CVar [[r.SkyAtmosphere.TransmittanceLUT.SampleCount:10.0]]
[2023.04.22-11.32.56:720][  0]LogConfig: Setting CVar [[r.SkyAtmosphere.MultiScatteringLUT.SampleCount:15.0]]
[2023.04.22-11.32.56:720][  0]LogConfig: Setting CVar [[r.SkyLight.RealTimeReflectionCapture:1]]
[2023.04.22-11.32.56:720][  0]LogConfig: Applying CVar settings from Section [FoliageQuality@3] File [E:/Asus/Documents/GitHub/TheTroubleMakers/Unreal Engine Project/SpeedLimit_UniAzad/Saved/Config/Windows/Scalability.ini]
[2023.04.22-11.32.56:720][  0]LogConfig: Setting CVar [[foliage.DensityScale:1.0]]
[2023.04.22-11.32.56:720][  0]LogConfig: Setting CVar [[grass.DensityScale:1.0]]
[2023.04.22-11.32.56:720][  0]LogConfig: Applying CVar settings from Section [ShadingQuality@3] File [E:/Asus/Documents/GitHub/TheTroubleMakers/Unreal Engine Project/SpeedLimit_UniAzad/Saved/Config/Windows/Scalability.ini]
[2023.04.22-11.32.56:720][  0]LogConfig: Setting CVar [[r.HairStrands.SkyLighting.IntegrationType:2]]
[2023.04.22-11.32.56:720][  0]LogConfig: Setting CVar [[r.HairStrands.SkyAO.SampleCount:4]]
[2023.04.22-11.32.56:720][  0]LogConfig: Setting CVar [[r.HairStrands.Visibility.MSAA.SamplePerPixel:4]]
[2023.04.22-11.32.56:720][  0]LogInit: Selected Device Profile: [Windows]
[2023.04.22-11.32.56:720][  0]LogInit: Applying CVar settings loaded from the selected device profile: [Windows]
[2023.04.22-11.32.56:720][  0]LogHAL: Display: Platform has ~ 16 GB [16856285184 / 17179869184 / 16], which maps to Larger [LargestMinGB=32, LargerMinGB=12, DefaultMinGB=8, SmallerMinGB=6, SmallestMinGB=0)
[2023.04.22-11.32.56:720][  0]LogInit: Going up to parent DeviceProfile []
[2023.04.22-11.32.56:720][  0]LogConfig: Applying CVar settings from Section [ViewDistanceQuality@3] File [E:/Asus/Documents/GitHub/TheTroubleMakers/Unreal Engine Project/SpeedLimit_UniAzad/Saved/Config/Windows/Scalability.ini]
[2023.04.22-11.32.56:720][  0]LogConfig: Setting CVar [[r.SkeletalMeshLODBias:0]]
[2023.04.22-11.32.56:720][  0]LogConfig: Setting CVar [[r.ViewDistanceScale:1.0]]
[2023.04.22-11.32.56:720][  0]LogConfig: Applying CVar settings from Section [AntiAliasingQuality@3] File [E:/Asus/Documents/GitHub/TheTroubleMakers/Unreal Engine Project/SpeedLimit_UniAzad/Saved/Config/Windows/Scalability.ini]
[2023.04.22-11.32.56:720][  0]LogConfig: Setting CVar [[r.PostProcessAAQuality:4]]
[2023.04.22-11.32.56:720][  0]LogConfig: Applying CVar settings from Section [ShadowQuality@3] File [E:/Asus/Documents/GitHub/TheTroubleMakers/Unreal Engine Project/SpeedLimit_UniAzad/Saved/Config/Windows/Scalability.ini]
[2023.04.22-11.32.56:720][  0]LogConfig: Setting CVar [[r.LightFunctionQuality:1]]
[2023.04.22-11.32.56:720][  0]LogConfig: Setting CVar [[r.ShadowQuality:5]]
[2023.04.22-11.32.56:720][  0]LogConfig: Setting CVar [[r.Shadow.CSM.MaxCascades:10]]
[2023.04.22-11.32.56:720][  0]LogConfig: Setting CVar [[r.Shadow.MaxResolution:2048]]
[2023.04.22-11.32.56:720][  0]LogConfig: Setting CVar [[r.Shadow.MaxCSMResolution:2048]]
[2023.04.22-11.32.56:720][  0]LogConfig: Setting CVar [[r.Shadow.RadiusThreshold:0.01]]
[2023.04.22-11.32.56:720][  0]LogConfig: Setting CVar [[r.Shadow.DistanceScale:1.0]]
[2023.04.22-11.32.56:720][  0]LogConfig: Setting CVar [[r.Shadow.CSM.TransitionScale:1.0]]
[2023.04.22-11.32.56:720][  0]LogConfig: Setting CVar [[r.Shadow.PreShadowResolutionFactor:1.0]]
[2023.04.22-11.32.56:720][  0]LogConfig: Setting CVar [[r.DistanceFieldShadowing:1]]
[2023.04.22-11.32.56:720][  0]LogConfig: Setting CVar [[r.DistanceFieldAO:1]]
[2023.04.22-11.32.56:720][  0]LogConfig: Setting CVar [[r.AOQuality:2]]
[2023.04.22-11.32.56:720][  0]LogConfig: Setting CVar [[r.VolumetricFog:1]]
[2023.04.22-11.32.56:720][  0]LogConfig: Setting CVar [[r.VolumetricFog.GridPixelSize:8]]
[2023.04.22-11.32.56:720][  0]LogConfig: Setting CVar [[r.VolumetricFog.GridSizeZ:128]]
[2023.04.22-11.32.56:720][  0]LogConfig: Setting CVar [[r.VolumetricFog.HistoryMissSupersampleCount:4]]
[2023.04.22-11.32.56:720][  0]LogConfig: Setting CVar [[r.LightMaxDrawDistanceScale:1]]
[2023.04.22-11.32.56:720][  0]LogConfig: Setting CVar [[r.CapsuleShadows:1]]
[2023.04.22-11.32.56:720][  0]LogConfig: Applying CVar settings from Section [PostProcessQuality@3] File [E:/Asus/Documents/GitHub/TheTroubleMakers/Unreal Engine Project/SpeedLimit_UniAzad/Saved/Config/Windows/Scalability.ini]
[2023.04.22-11.32.56:720][  0]LogConfig: Setting CVar [[r.MotionBlurQuality:4]]
[2023.04.22-11.32.56:720][  0]LogConfig: Setting CVar [[r.AmbientOcclusionMipLevelFactor:0.4]]
[2023.04.22-11.32.56:720][  0]LogConfig: Setting CVar [[r.AmbientOcclusionMaxQuality:100]]
[2023.04.22-11.32.56:720][  0]LogConfig: Setting CVar [[r.AmbientOcclusionLevels:-1]]
[2023.04.22-11.32.56:720][  0]LogConfig: Setting CVar [[r.AmbientOcclusionRadiusScale:1.0]]
[2023.04.22-11.32.56:720][  0]LogConfig: Setting CVar [[r.DepthOfFieldQuality:2]]
[2023.04.22-11.32.56:720][  0]LogConfig: Setting CVar [[r.RenderTargetPoolMin:400]]
[2023.04.22-11.32.56:720][  0]LogConfig: Setting CVar [[r.LensFlareQuality:2]]
[2023.04.22-11.32.56:720][  0]LogConfig: Setting CVar [[r.SceneColorFringeQuality:1]]
[2023.04.22-11.32.56:720][  0]LogConfig: Setting CVar [[r.EyeAdaptationQuality:2]]
[2023.04.22-11.32.56:720][  0]LogConfig: Setting CVar [[r.BloomQuality:5]]
[2023.04.22-11.32.56:720][  0]LogConfig: Setting CVar [[r.FastBlurThreshold:100]]
[2023.04.22-11.32.56:720][  0]LogConfig: Setting CVar [[r.Upscale.Quality:3]]
[2023.04.22-11.32.56:720][  0]LogConfig: Setting CVar [[r.Tonemapper.GrainQuantization:1]]
[2023.04.22-11.32.56:720][  0]LogConfig: Setting CVar [[r.LightShaftQuality:1]]
[2023.04.22-11.32.56:720][  0]LogConfig: Setting CVar [[r.Filter.SizeScale:1]]
[2023.04.22-11.32.56:720][  0]LogConfig: Setting CVar [[r.Tonemapper.Quality:5]]
[2023.04.22-11.32.56:720][  0]LogConfig: Setting CVar [[r.DOF.Gather.AccumulatorQuality:1        ; higher gathering accumulator quality]]
[2023.04.22-11.32.56:720][  0]LogConfig: Setting CVar [[r.DOF.Gather.PostfilterMethod:1          ; Median3x3 postfilering method]]
[2023.04.22-11.32.56:720][  0]LogConfig: Setting CVar [[r.DOF.Gather.EnableBokehSettings:0       ; no bokeh simulation when gathering]]
[2023.04.22-11.32.56:720][  0]LogConfig: Setting CVar [[r.DOF.Gather.RingCount:4                 ; medium number of samples when gathering]]
[2023.04.22-11.32.56:720][  0]LogConfig: Setting CVar [[r.DOF.Scatter.ForegroundCompositing:1    ; additive foreground scattering]]
[2023.04.22-11.32.56:720][  0]LogConfig: Setting CVar [[r.DOF.Scatter.BackgroundCompositing:2    ; additive background scattering]]
[2023.04.22-11.32.56:720][  0]LogConfig: Setting CVar [[r.DOF.Scatter.EnableBokehSettings:1      ; bokeh simulation when scattering]]
[2023.04.22-11.32.56:720][  0]LogConfig: Setting CVar [[r.DOF.Scatter.MaxSpriteRatio:0.1         ; only a maximum of 10% of scattered bokeh]]
[2023.04.22-11.32.56:720][  0]LogConfig: Setting CVar [[r.DOF.Recombine.Quality:1                ; cheap slight out of focus]]
[2023.04.22-11.32.56:720][  0]LogConfig: Setting CVar [[r.DOF.Recombine.EnableBokehSettings:0    ; no bokeh simulation on slight out of focus]]
[2023.04.22-11.32.56:720][  0]LogConfig: Setting CVar [[r.DOF.TemporalAAQuality:1                ; more stable temporal accumulation]]
[2023.04.22-11.32.56:720][  0]LogConfig: Setting CVar [[r.DOF.Kernel.MaxForegroundRadius:0.025]]
[2023.04.22-11.32.56:720][  0]LogConfig: Setting CVar [[r.DOF.Kernel.MaxBackgroundRadius:0.025]]
[2023.04.22-11.32.56:720][  0]LogConfig: Applying CVar settings from Section [TextureQuality@3] File [E:/Asus/Documents/GitHub/TheTroubleMakers/Unreal Engine Project/SpeedLimit_UniAzad/Saved/Config/Windows/Scalability.ini]
[2023.04.22-11.32.56:720][  0]LogConfig: Setting CVar [[r.Streaming.MipBias:0]]
[2023.04.22-11.32.56:720][  0]LogConfig: Setting CVar [[r.Streaming.AmortizeCPUToGPUCopy:0]]
[2023.04.22-11.32.56:720][  0]LogConfig: Setting CVar [[r.Streaming.MaxNumTexturesToStreamPerFrame:0]]
[2023.04.22-11.32.56:720][  0]LogConfig: Setting CVar [[r.Streaming.Boost:1]]
[2023.04.22-11.32.56:720][  0]LogConfig: Setting CVar [[r.MaxAnisotropy:8]]
[2023.04.22-11.32.56:720][  0]LogConfig: Setting CVar [[r.VT.MaxAnisotropy:8]]
[2023.04.22-11.32.56:720][  0]LogConfig: Setting CVar [[r.Streaming.LimitPoolSizeToVRAM:0]]
[2023.04.22-11.32.56:720][  0]LogConfig: Setting CVar [[r.Streaming.PoolSize:1000]]
[2023.04.22-11.32.56:720][  0]LogConfig: Setting CVar [[r.Streaming.MaxEffectiveScreenSize:0]]
[2023.04.22-11.32.56:720][  0]LogConfig: Applying CVar settings from Section [EffectsQuality@3] File [E:/Asus/Documents/GitHub/TheTroubleMakers/Unreal Engine Project/SpeedLimit_UniAzad/Saved/Config/Windows/Scalability.ini]
[2023.04.22-11.32.56:720][  0]LogConfig: Setting CVar [[r.TranslucencyLightingVolumeDim:64]]
[2023.04.22-11.32.56:720][  0]LogConfig: Setting CVar [[r.RefractionQuality:2]]
[2023.04.22-11.32.56:720][  0]LogConfig: Setting CVar [[r.SSR.Quality:3]]
[2023.04.22-11.32.56:720][  0]LogConfig: Setting CVar [[r.SSR.HalfResSceneColor:0]]
[2023.04.22-11.32.56:720][  0]LogConfig: Setting CVar [[r.SceneColorFormat:4]]
[2023.04.22-11.32.56:720][  0]LogConfig: Setting CVar [[r.DetailMode:2]]
[2023.04.22-11.32.56:720][  0]LogConfig: Setting CVar [[r.TranslucencyVolumeBlur:1]]
[2023.04.22-11.32.56:720][  0]LogConfig: Setting CVar [[r.MaterialQualityLevel:1 ; High quality]]
[2023.04.22-11.32.56:720][  0]LogConfig: Setting CVar [[r.AnisotropicMaterials:1]]
[2023.04.22-11.32.56:720][  0]LogConfig: Setting CVar [[r.SSS.Scale:1]]
[2023.04.22-11.32.56:720][  0]LogConfig: Setting CVar [[r.SSS.SampleSet:2]]
[2023.04.22-11.32.56:720][  0]LogConfig: Setting CVar [[r.SSS.Quality:1]]
[2023.04.22-11.32.56:720][  0]LogConfig: Setting CVar [[r.SSS.HalfRes:0]]
[2023.04.22-11.32.56:720][  0]LogConfig: Setting CVar [[r.SSGI.Quality:3]]
[2023.04.22-11.32.56:720][  0]LogConfig: Setting CVar [[r.EmitterSpawnRateScale:1.0]]
[2023.04.22-11.32.56:720][  0]LogConfig: Setting CVar [[r.ParticleLightQuality:2]]
[2023.04.22-11.32.56:720][  0]LogConfig: Setting CVar [[r.SkyAtmosphere.AerialPerspectiveLUT.FastApplyOnOpaque:1 ; Always have FastSkyLUT 1 in this case to avoid wrong sky]]
[2023.04.22-11.32.56:721][  0]LogConfig: Setting CVar [[r.SkyAtmosphere.AerialPerspectiveLUT.SampleCountMaxPerSlice:4]]
[2023.04.22-11.32.56:721][  0]LogConfig: Setting CVar [[r.SkyAtmosphere.AerialPerspectiveLUT.DepthResolution:16.0]]
[2023.04.22-11.32.56:721][  0]LogConfig: Setting CVar [[r.SkyAtmosphere.FastSkyLUT:1]]
[2023.04.22-11.32.56:721][  0]LogConfig: Setting CVar [[r.SkyAtmosphere.FastSkyLUT.SampleCountMin:4.0]]
[2023.04.22-11.32.56:721][  0]LogConfig: Setting CVar [[r.SkyAtmosphere.FastSkyLUT.SampleCountMax:128.0]]
[2023.04.22-11.32.56:721][  0]LogConfig: Setting CVar [[r.SkyAtmosphere.SampleCountMin:4.0]]
[2023.04.22-11.32.56:721][  0]LogConfig: Setting CVar [[r.SkyAtmosphere.SampleCountMax:128.0]]
[2023.04.22-11.32.56:721][  0]LogConfig: Setting CVar [[r.SkyAtmosphere.TransmittanceLUT.UseSmallFormat:0]]
[2023.04.22-11.32.56:721][  0]LogConfig: Setting CVar [[r.SkyAtmosphere.TransmittanceLUT.SampleCount:10.0]]
[2023.04.22-11.32.56:721][  0]LogConfig: Setting CVar [[r.SkyAtmosphere.MultiScatteringLUT.SampleCount:15.0]]
[2023.04.22-11.32.56:721][  0]LogConfig: Setting CVar [[r.SkyLight.RealTimeReflectionCapture:1]]
[2023.04.22-11.32.56:721][  0]LogConfig: Applying CVar settings from Section [FoliageQuality@3] File [E:/Asus/Documents/GitHub/TheTroubleMakers/Unreal Engine Project/SpeedLimit_UniAzad/Saved/Config/Windows/Scalability.ini]
[2023.04.22-11.32.56:721][  0]LogConfig: Setting CVar [[foliage.DensityScale:1.0]]
[2023.04.22-11.32.56:721][  0]LogConfig: Setting CVar [[grass.DensityScale:1.0]]
[2023.04.22-11.32.56:721][  0]LogConfig: Applying CVar settings from Section [ShadingQuality@3] File [E:/Asus/Documents/GitHub/TheTroubleMakers/Unreal Engine Project/SpeedLimit_UniAzad/Saved/Config/Windows/Scalability.ini]
[2023.04.22-11.32.56:721][  0]LogConfig: Setting CVar [[r.HairStrands.SkyLighting.IntegrationType:2]]
[2023.04.22-11.32.56:721][  0]LogConfig: Setting CVar [[r.HairStrands.SkyAO.SampleCount:4]]
[2023.04.22-11.32.56:721][  0]LogConfig: Setting CVar [[r.HairStrands.Visibility.MSAA.SamplePerPixel:4]]
[2023.04.22-11.32.56:721][  0]LogConfig: Applying CVar settings from Section [Startup] File [../../../Engine/Config/ConsoleVariables.ini]
[2023.04.22-11.32.56:721][  0]LogConfig: Setting CVar [[net.UseAdaptiveNetUpdateFrequency:0]]
[2023.04.22-11.32.56:721][  0]LogConfig: Setting CVar [[p.chaos.AllowCreatePhysxBodies:1]]
[2023.04.22-11.32.56:721][  0]LogConfig: Setting CVar [[fx.SkipVectorVMBackendOptimizations:1]]
[2023.04.22-11.32.56:721][  0]LogConfig: Applying CVar settings from Section [ConsoleVariables] File [E:/Asus/Documents/GitHub/TheTroubleMakers/Unreal Engine Project/SpeedLimit_UniAzad/Saved/Config/Windows/Engine.ini]
[2023.04.22-11.32.56:721][  0]LogConfig: Applying CVar settings from Section [ConsoleVariables] File [E:/Asus/Documents/GitHub/TheTroubleMakers/Unreal Engine Project/SpeedLimit_UniAzad/Saved/Config/Windows/Editor.ini]
[2023.04.22-11.32.56:721][  0]LogInit: Computer: LAPTOP-ENHDEN5K
[2023.04.22-11.32.56:721][  0]LogInit: User: Asus
[2023.04.22-11.32.56:721][  0]LogInit: CPU Page size=4096, Cores=4
[2023.04.22-11.32.56:721][  0]LogInit: High frequency timer resolution =10.000000 MHz
[2023.04.22-11.32.56:721][  0]LogMemory: Memory total: Physical=15.7GB (16GB approx)
[2023.04.22-11.32.56:721][  0]LogMemory: Platform Memory Stats for Windows
[2023.04.22-11.32.56:721][  0]LogMemory: Process Physical Memory: 141.70 MB used, 141.70 MB peak
[2023.04.22-11.32.56:721][  0]LogMemory: Process Virtual Memory: 112.88 MB used, 112.88 MB peak
[2023.04.22-11.32.56:721][  0]LogMemory: Physical Memory: 9771.46 MB used,  6303.94 MB free, 16075.41 MB total
[2023.04.22-11.32.56:721][  0]LogMemory: Virtual Memory: 134212888.00 MB used,  4838.25 MB free, 134217728.00 MB total
[2023.04.22-11.32.56:726][  0]LogWindows: WindowsPlatformFeatures enabled
[2023.04.22-11.32.56:754][  0]LogInit: Physics initialised using underlying interface: PhysX
[2023.04.22-11.32.56:755][  0]LogInit: Using OS detected language (en-US).
[2023.04.22-11.32.56:755][  0]LogInit: Using OS detected locale (en-US).
[2023.04.22-11.32.56:756][  0]LogTextLocalizationManager: No specific localization for 'en-US' exists, so the 'en' localization will be used.
[2023.04.22-11.32.56:897][  0]LogInit: Setting process to per monitor DPI aware
[2023.04.22-11.32.56:910][  0]LogWindowsTextInputMethodSystem: Display: IME system deactivated.
[2023.04.22-11.32.56:920][  0]LogSlate: New Slate User Created.  User Index 0, Is Virtual User: 0
[2023.04.22-11.32.56:920][  0]LogSlate: Slate User Registered.  User Index 0, Is Virtual User: 0
[2023.04.22-11.32.57:003][  0]LogD3D11RHI: Loaded GFSDK_Aftermath_Lib.x64.dll
[2023.04.22-11.32.57:033][  0]LogHMD: Failed to initialize OpenVR with code 110
[2023.04.22-11.32.57:033][  0]LogD3D11RHI: D3D11 min allowed feature level: 11_0
[2023.04.22-11.32.57:033][  0]LogD3D11RHI: D3D11 max allowed feature level: 11_0
[2023.04.22-11.32.57:033][  0]LogD3D11RHI: D3D11 adapters:
[2023.04.22-11.32.57:138][  0]LogD3D11RHI:    0. 'NVIDIA GeForce MX450' (Feature Level 11_0)
[2023.04.22-11.32.57:138][  0]LogD3D11RHI:       1920/0/8037 MB DedicatedVideo/DedicatedSystem/SharedSystem, Outputs:2, VendorId:0x10de
[2023.04.22-11.32.57:162][  0]LogD3D11RHI:    1. 'Intel(R) Iris(R) Xe Graphics' (Feature Level 11_0)
[2023.04.22-11.32.57:162][  0]LogD3D11RHI:       128/0/8037 MB DedicatedVideo/DedicatedSystem/SharedSystem, Outputs:0, VendorId:0x8086
[2023.04.22-11.32.57:164][  0]LogD3D11RHI:    2. 'Microsoft Basic Render Driver' (Feature Level 11_0)
[2023.04.22-11.32.57:164][  0]LogD3D11RHI:       0/0/8037 MB DedicatedVideo/DedicatedSystem/SharedSystem, Outputs:0, VendorId:0x1414
[2023.04.22-11.32.57:164][  0]LogD3D11RHI: Chosen D3D11 Adapter: 0
[2023.04.22-11.32.57:169][  0]LogD3D11RHI: Creating new Direct3DDevice
[2023.04.22-11.32.57:169][  0]LogD3D11RHI:     GPU DeviceId: 0x1f97 (for the marketing name, search the web for "GPU Device Id")
[2023.04.22-11.32.57:169][  0]LogWindows: EnumDisplayDevices:
[2023.04.22-11.32.57:170][  0]LogWindows:    0. 'Intel(R) Iris(R) Xe Graphics' (P:1 D:1)
[2023.04.22-11.32.57:170][  0]LogWindows:    1. 'Intel(R) Iris(R) Xe Graphics' (P:0 D:1)
[2023.04.22-11.32.57:170][  0]LogWindows:    2. 'Intel(R) Iris(R) Xe Graphics' (P:0 D:0)
[2023.04.22-11.32.57:170][  0]LogWindows:    3. 'Intel(R) Iris(R) Xe Graphics' (P:0 D:0)
[2023.04.22-11.32.57:170][  0]LogWindows: DebugString: PrimaryIsNotTheChoosenAdapter PrimaryIsNotTheChoosenAdapter PrimaryIsNotTheChoosenAdapter PrimaryIsNotTheChoosenAdapter FoundDriverCount:0 
[2023.04.22-11.32.57:170][  0]LogD3D11RHI:     Adapter Name: NVIDIA GeForce MX450
[2023.04.22-11.32.57:170][  0]LogD3D11RHI:   Driver Version: Unknown (internal:Unknown, unified:Unknown)
[2023.04.22-11.32.57:170][  0]LogD3D11RHI:      Driver Date: Unknown
[2023.04.22-11.32.57:170][  0]LogRHI: Texture pool is 1344 MB (70% of 1920 MB)
[2023.04.22-11.32.57:227][  0]LogD3D11RHI: RHI has support for 64 bit atomics
[2023.04.22-11.32.57:227][  0]LogD3D11RHI: Async texture creation enabled
[2023.04.22-11.32.57:227][  0]LogD3D11RHI: Array index from any shader is supported
[2023.04.22-11.32.57:245][  0]LogD3D11RHI: GPU Timing Frequency: 1000.000000 (Debug: 2 2)
[2023.04.22-11.32.57:262][  0]LogRHI: GeForceNow SDK initialized: 1
[2023.04.22-11.32.57:495][  0]LogTargetPlatformManager: Display: Loaded TargetPlatform 'AllDesktop'
[2023.04.22-11.32.57:509][  0]LogTargetPlatformManager: Display: Loaded TargetPlatform 'Android'
[2023.04.22-11.32.57:509][  0]LogTargetPlatformManager: Display: Loaded TargetPlatform 'Android_ASTC'
[2023.04.22-11.32.57:509][  0]LogTargetPlatformManager: Display: Loaded TargetPlatform 'Android_DXT'
[2023.04.22-11.32.57:509][  0]LogTargetPlatformManager: Display: Loaded TargetPlatform 'Android_ETC2'
[2023.04.22-11.32.57:509][  0]LogTargetPlatformManager: Display: Loaded TargetPlatform 'AndroidClient'
[2023.04.22-11.32.57:509][  0]LogTargetPlatformManager: Display: Loaded TargetPlatform 'Android_ASTCClient'
[2023.04.22-11.32.57:509][  0]LogTargetPlatformManager: Display: Loaded TargetPlatform 'Android_DXTClient'
[2023.04.22-11.32.57:509][  0]LogTargetPlatformManager: Display: Loaded TargetPlatform 'Android_ETC2Client'
[2023.04.22-11.32.57:509][  0]LogTargetPlatformManager: Display: Loaded TargetPlatform 'Android_Multi'
[2023.04.22-11.32.57:509][  0]LogTargetPlatformManager: Display: Loaded TargetPlatform 'Android_MultiClient'
[2023.04.22-11.32.57:522][  0]LogTargetPlatformManager: Display: Loaded TargetPlatform 'IOSClient'
[2023.04.22-11.32.57:522][  0]LogTargetPlatformManager: Display: Loaded TargetPlatform 'IOS'
[2023.04.22-11.32.57:527][  0]LogTargetPlatformManager: Display: Loaded TargetPlatform 'Linux'
[2023.04.22-11.32.57:531][  0]LogTargetPlatformManager: Display: Loaded TargetPlatform 'LinuxNoEditor'
[2023.04.22-11.32.57:534][  0]LogTargetPlatformManager: Display: Loaded TargetPlatform 'LinuxClient'
[2023.04.22-11.32.57:537][  0]LogTargetPlatformManager: Display: Loaded TargetPlatform 'LinuxServer'
[2023.04.22-11.32.57:543][  0]LogTargetPlatformManager: Display: Loaded TargetPlatform 'LinuxAArch64NoEditor'
[2023.04.22-11.32.57:546][  0]LogTargetPlatformManager: Display: Loaded TargetPlatform 'LinuxAArch64Client'
[2023.04.22-11.32.57:549][  0]LogTargetPlatformManager: Display: Loaded TargetPlatform 'LinuxAArch64Server'
[2023.04.22-11.32.57:565][  0]LogTargetPlatformManager: Display: Loaded TargetPlatform 'Lumin'
[2023.04.22-11.32.57:565][  0]LogTargetPlatformManager: Display: Loaded TargetPlatform 'LuminClient'
[2023.04.22-11.32.57:570][  0]LogTargetPlatformManager: Display: Loaded TargetPlatform 'MacNoEditor'
[2023.04.22-11.32.57:573][  0]LogTargetPlatformManager: Display: Loaded TargetPlatform 'Mac'
[2023.04.22-11.32.57:576][  0]LogTargetPlatformManager: Display: Loaded TargetPlatform 'MacClient'
[2023.04.22-11.32.57:580][  0]LogTargetPlatformManager: Display: Loaded TargetPlatform 'MacServer'
[2023.04.22-11.32.57:586][  0]LogTargetPlatformManager: Display: Loaded TargetPlatform 'TVOSClient'
[2023.04.22-11.32.57:586][  0]LogTargetPlatformManager: Display: Loaded TargetPlatform 'TVOS'
[2023.04.22-11.32.57:592][  0]LogTargetPlatformManager: Display: Loaded TargetPlatform 'WindowsNoEditor'
[2023.04.22-11.32.57:595][  0]LogTargetPlatformManager: Display: Loaded TargetPlatform 'Windows'
[2023.04.22-11.32.57:599][  0]LogTargetPlatformManager: Display: Loaded TargetPlatform 'WindowsClient'
[2023.04.22-11.32.57:601][  0]LogTargetPlatformManager: Display: Loaded TargetPlatform 'WindowsServer'
[2023.04.22-11.32.57:601][  0]LogTargetPlatformManager: Display: Building Assets For Windows
[2023.04.22-11.32.57:606][  0]LogAudioDebug: Display: Lib vorbis DLL was dynamically loaded.
[2023.04.22-11.32.57:623][  0]LogTextureFormatOodle: Display: Oodle Texture 2.9.0 init RDO Off
[2023.04.22-11.32.57:644][  0]LogRendererCore: Ray tracing is disabled. Reason: r.RayTracing=0.
[2023.04.22-11.32.57:644][  0]LogShaderCompilers: Guid format shader working directory is -53 characters bigger than the processId version (../../../../../../Asus/Documents/GitHub/TheTroubleMakers/Unreal Engine Project/SpeedLimit_UniAzad/Intermediate/Shaders/WorkingDirectory/13016/).
[2023.04.22-11.32.57:644][  0]LogShaderCompilers: Cleaned the shader compiler working directory 'C:/Users/Asus/AppData/Local/Temp/UnrealShaderWorkingDir/DCCB0F884139C100E7403C8D715140F7/'.
[2023.04.22-11.32.57:644][  0]LogXGEController: Cannot use XGE Controller as Incredibuild is not installed on this machine.
[2023.04.22-11.32.57:644][  0]LogShaderCompilers: Cannot use XGE Shader Compiler as Incredibuild is not installed on this machine.
[2023.04.22-11.32.57:644][  0]LogShaderCompilers: Display: Using Local Shader Compiler.
[2023.04.22-11.32.58:202][  0]LogDerivedDataCache: Display: Max Cache Size: 512 MB
[2023.04.22-11.32.58:245][  0]LogDerivedDataCache: Loaded boot cache 0.04s 95MB C:/Users/Asus/AppData/Local/UnrealEngine/4.27/DerivedDataCache/Boot.ddc.
[2023.04.22-11.32.58:245][  0]LogDerivedDataCache: Display: Loaded Boot cache: C:/Users/Asus/AppData/Local/UnrealEngine/4.27/DerivedDataCache/Boot.ddc
[2023.04.22-11.32.58:245][  0]LogDerivedDataCache: FDerivedDataBackendGraph:  Pak pak cache file ../../../../../../Asus/Documents/GitHub/TheTroubleMakers/Unreal Engine Project/SpeedLimit_UniAzad/DerivedDataCache/DDC.ddp not found, will not use a pak cache.
[2023.04.22-11.32.58:245][  0]LogDerivedDataCache: Unable to find inner node Pak for hierarchical cache Hierarchy.
[2023.04.22-11.32.58:245][  0]LogDerivedDataCache: FDerivedDataBackendGraph:  CompressedPak pak cache file ../../../../../../Asus/Documents/GitHub/TheTroubleMakers/Unreal Engine Project/SpeedLimit_UniAzad/DerivedDataCache/Compressed.ddp not found, will not use a pak cache.
[2023.04.22-11.32.58:245][  0]LogDerivedDataCache: Unable to find inner node CompressedPak for hierarchical cache Hierarchy.
[2023.04.22-11.32.58:257][  0]LogDerivedDataCache: Display: Pak cache opened for reading ../../../Engine/DerivedDataCache/Compressed.ddp.
[2023.04.22-11.32.58:257][  0]LogDerivedDataCache: FDerivedDataBackendGraph:  EnterprisePak pak cache file ../../../Enterprise/DerivedDataCache/Compressed.ddp not found, will not use a pak cache.
[2023.04.22-11.32.58:257][  0]LogDerivedDataCache: Unable to find inner node EnterprisePak for hierarchical cache Hierarchy.
[2023.04.22-11.32.58:263][  0]LogDerivedDataCache: Speed tests for C:/Users/Asus/AppData/Local/UnrealEngine/Common/DerivedDataCache took 0.01 seconds
[2023.04.22-11.32.58:263][  0]LogDerivedDataCache: Display: Performance to C:/Users/Asus/AppData/Local/UnrealEngine/Common/DerivedDataCache: Latency=0.02ms. RandomReadSpeed=1733.84MBs, RandomWriteSpeed=213.38MBs. Assigned SpeedClass 'Local'
[2023.04.22-11.32.58:264][  0]LogDerivedDataCache: Using Local data cache path C:/Users/Asus/AppData/Local/UnrealEngine/Common/DerivedDataCache: Writable
[2023.04.22-11.32.58:264][  0]LogDerivedDataCache: Shared data cache path not found in *engine.ini, will not use an Shared cache.
[2023.04.22-11.32.58:264][  0]LogDerivedDataCache: Unable to find inner node Shared for hierarchical cache Hierarchy.
[2023.04.22-11.32.58:301][  0]LogSlate: Using FreeType 2.10.0
[2023.04.22-11.32.58:302][  0]LogSlate: SlateFontServices - WITH_FREETYPE: 1, WITH_HARFBUZZ: 1
[2023.04.22-11.32.58:320][  0]LogAssetRegistry: FAssetRegistry took 0.0023 seconds to start up
[2023.04.22-11.32.58:498][  0]LogInit: Selected Device Profile: [Windows]
[2023.04.22-11.32.58:498][  0]LogInit: Active device profile: [000001C960269300][000001C960D824C0 49] Windows
[2023.04.22-11.32.58:498][  0]LogInit: Profiles: [000001C960269300][000001C960D824C0 49] Windows, [000001C96024A400][000001C960DBE780 49] WindowsNoEditor, [000001C96026A400][000001C960DC2A40 49] WindowsServer, [000001C96024B300][000001C960D86CC0 49] WindowsClient, [000001C96026B300][000001C960E46F40 49] IOS, [000001C960249200][000001C9550A1200 49] iPadAir, [000001C96026BE00][000001C9550E34C0 49] iPadAir2, [000001C960056100][000001C95510BA00 49] IPadPro, [000001C960056200][000001C9550FBA40 49] iPadAir3, [000001C96024B700][000001C955102180 49] iPadAir4, [000001C960057100][000001C9550FE440 49] iPadMini2, [000001C96024A700][000001C955106700 49] iPadMini3, [000001C960057E00][000001C960F669C0 49] iPadMini4, [000001C960249800][000001C960F6AC80 49] iPadMini5, [000001C960081A00][000001C960F7F140 49] iPhone6, [000001C960081B00][000001C95509D180 49] iPodTouch6, [000001C96026AE00][000001C960F976C0 49] iPhone7, [000001C96026B100][000001C960F7B700 49] iPodTouch7, [000001C960055C00][000001C960F8F9C0 49] iPhone5S, [000001C960269200][000001C960F76100 49] iPhone6Plus, [000001C960055800][000001C960F923C0 49] iPhone6S, [000001C960268400][000001C960FA6680 49] iPhone6SPlus, [000001C960054E00][000001C960FAA940 49] iPhone7Plus, [000001C96026B000][000001C959494C00 49] iPhoneSE, [000001C960054A00][000001C9594C4EC0 49] iPhone8, [000001C960268800][000001C960F73140 49] iPhone8Plus, [000001C960269D00][000001C9594D93C0 49] iPhoneX, [000001C960080800][000001C9594E1680 49] iPhoneXS, [000001C96026AD00][000001C95EB2F940 49] iPhoneXSMax, [000001C960080F00][000001C95EB83C00 49] iPhoneXR, [000001C960269A00][000001C95EB86340 49] iPhone11, [000001C960081300][000001C95EB8A600 49] iPhone11Pro, [000001C960080400][000001C95EB8E8C0 49] iPhone11ProMax, [000001C960057200][000001C95EB92B80 49] iPhoneSE2, [000001C960082300][000001C95EB96E40 49] iPhone12Mini, [000001C960055400][000001C955093100 49] iPhone12, [000001C960082D00][000001C9594DD380 49] iPhone12Pro, [000001C960057700][000001C954F91640 49] iPhone12ProMax, [000001C960082E00][000001C954F95900 49] iPadPro105, [000001C960056400][000001C954F99BC0 49] iPadPro129, [000001C960082F00][000001C954F9C300 49] iPadPro97, [000001C960057800][000001C960F585C0 49] iPadPro2_129, [000001C960269600][000001C960F5C880 49] iPad5, [000001C960055B00][000001C960F60B40 49] iPad6, [000001C96026B700][000001C96231AE00 49] iPad7, [000001C960054100][000001C96231F0C0 49] iPad8, [000001C960269E00][000001C9555DB340 49] iPadPro11, [000001C960056F00][000001C9623275C0 49] iPadPro2_11, [000001C96026BA00][000001C96232F880 49] iPadPro3_129, [000001C960056B00][000001C962333B40 49] iPadPro4_129, [000001C96026A900][000001C962336280 49] AppleTV, [000001C960054200][000001C96233A540 49] AppleTV4K, [000001C96026A500][000001C96233E800 49] TVOS, [000001C960055900][000001C962342AC0 49] Mac, [000001C960268E00][000001C95EB32D80 49] MacClient, [000001C960054800][000001C95EB71040 49] MacNoEditor, [000001C960269800][000001C962347300 49] MacServer, [000001C960055E00][000001C96232B580 49] Linux, [000001C960269000][000001C96235F800 49] LinuxAArch64, [000001C960054300][000001C962367AC0 49] LinuxNoEditor, [000001C960268600][000001C96239E200 49] LinuxAArch64NoEditor, [000001C960057F00][000001C9623AA4C0 49] LinuxClient, [000001C960268100][000001C9623AE780 49] LinuxAArch64Client, [000001C960054600][000001C9623B2A40 49] LinuxServer, [000001C960269500][000001C9623BAD00 49] LinuxAArch64Server, [000001C960056D00][000001C9621F2FC0 49] Android, [000001C960268D00][000001C9621F7280 49] Android_Low, [000001C960055600][000001C95555F540 49] Android_Mid, [000001C96026B400][000001C9623637C0 49] Android_High, [000001C960054B00][000001C955563A40 49] Android_Default, [000001C960269F00][000001C95556A180 49] Android_Adreno4xx, [000001C960055500][000001C95556E440 49] Android_Adreno5xx_Low, [000001C96026B500][000001C955572700 49] Android_Adreno5xx, [000001C960054700][000001C9555769C0 49] Android_Adreno6xx, [000001C960269C00][000001C9623B6C80 49] Android_Adreno6xx_Vulkan, [000001C960056800][000001C9621FAF40 49] Android_Mali_T6xx, [000001C96026A300][000001C95557B200 49] Android_Mali_T7xx, [000001C960055700][000001C95506D4C0 49] Android_Mali_T8xx, [000001C96026A800][000001C955071780 49] Android_Mali_G71, [000001C960057400][000001C955567A00 49] Android_Mali_G72, [000001C960268700][000001C955074100 49] Android_Mali_G72_Vulkan, [000001C960056700][000001C95507C3C0 49] Android_Mali_G76, [000001C960083900][000001C960F54680 49] Android_Mali_G76_Vulkan, [000001C960248900][000001C959490940 49] Android_Mali_G77, [000001C960083200][000001C959498C00 49] Android_Mali_G77_Vulkan, [000001C960248D00][000001C955080EC0 49] Android_Mali_G78, [000001C960080C00][000001C955085180 49] Android_Mali_G78_Vulkan, [000001C960248B00][000001C955089440 49] Android_Mali_G710, [000001C960080500][000001C95508D700 49] Android_Mali_G710_Vulkan, [000001C96024B500][000001C960EE39C0 49] Android_Vulkan_SM5, [000001C960080200][000001C9550780C0 49] Android_PowerVR_G6xxx, [000001C96024AF00][000001C960EE6340 49] Android_PowerVR_GT7xxx, [000001C960083700][000001C960EEE600 49] Android_PowerVR_GE8xxx, [000001C960248200][000001C960EF28C0 49] Android_PowerVR_GM9xxx, [000001C960082200][000001C960EF6B80 49] Android_PowerVR_GM9xxx_Vulkan, [000001C960249D00][000001C960EFAE40 49] Android_TegraK1, [000001C960080E00][000001C960EFF100 49] Android_Unknown_Vulkan, [000001C96024BC00][000001C960F033C0 49] Lumin, [000001C960081100][000001C960F07680 49] Lumin_Desktop, [000001C96024A000][000001C960F0B940 49] HoloLens, 
[2023.04.22-11.32.58:592][  0]LogMeshReduction: Using QuadricMeshReduction for automatic static mesh reduction
[2023.04.22-11.32.58:592][  0]LogMeshReduction: Using SimplygonMeshReduction for automatic skeletal mesh reduction
[2023.04.22-11.32.58:592][  0]LogMeshReduction: Using ProxyLODMeshReduction for automatic mesh merging
[2023.04.22-11.32.58:592][  0]LogMeshReduction: No distributed automatic mesh merging module available
[2023.04.22-11.32.58:592][  0]LogMeshMerging: No distributed automatic mesh merging module available
[2023.04.22-11.32.58:602][  0]LogNetVersion: SpeedLimit_UniAzad 1.0.0, NetCL: 17155196, EngineNetVer: 17, GameNetVer: 0 (Checksum: 2338214234)
[2023.04.22-11.32.58:875][  0]LogTexture: Default maximum texture size for cubemaps generated from long-lat sources has been changed from 512 to unlimited. In order to preserve old behaiour for '/Engine/MapTemplates/Sky/DaylightAmbientCubemap.DaylightAmbientCubemap', its maximum texture size has been explicitly set to 512.
[2023.04.22-11.32.58:917][  0]LogHMD: PokeAHoleMaterial loaded successfully
[2023.04.22-11.32.58:922][  0]LogUObjectArray: 17178 objects as part of root set at end of initial load.
[2023.04.22-11.32.58:922][  0]LogUObjectAllocator: 4301856 out of 0 bytes used by permanent object pool.
[2023.04.22-11.32.58:922][  0]LogUObjectArray: CloseDisregardForGC: 0/0 objects in disregard for GC pool
[2023.04.22-11.32.59:109][  0]LogNiagaraDebuggerClient: Niagara Debugger Client Initialized | Session: C8AE71E24CE185D2F1AE26B6B16010DA | Instance: C4FB26D24E6C7CCAE3FF0CA92C3179DD (LAPTOP-ENHDEN5K-13016).
[2023.04.22-11.32.59:122][  0]LogStreaming: Warning: Failed to read file '../../../Engine/Content/Editor/Slate/Niagara/MenuSeparator.png' error.
[2023.04.22-11.32.59:122][  0]LogSlate: Could not find file for Slate resource: ../../../Engine/Content/Editor/Slate/Niagara/MenuSeparator.png
[2023.04.22-11.32.59:122][  0]LogStreaming: Warning: Failed to read file '../../../Engine/Content/Editor/Slate/Niagara/Common/Selector.png' error.
[2023.04.22-11.32.59:122][  0]LogSlate: Could not find file for Slate resource: ../../../Engine/Content/Editor/Slate/Niagara/Common/Selector.png
[2023.04.22-11.32.59:122][  0]LogStreaming: Warning: Failed to read file '../../../Engine/Content/Editor/Slate/Niagara/Common/Selection.png' error.
[2023.04.22-11.32.59:122][  0]LogSlate: Could not find file for Slate resource: ../../../Engine/Content/Editor/Slate/Niagara/Common/Selection.png
[2023.04.22-11.32.59:122][  0]LogStreaming: Warning: Failed to read file '../../../Engine/Content/Editor/Slate/Niagara/Common/DropZoneIndicator_Above.png' error.
[2023.04.22-11.32.59:122][  0]LogSlate: Could not find file for Slate resource: ../../../Engine/Content/Editor/Slate/Niagara/Common/DropZoneIndicator_Above.png
[2023.04.22-11.32.59:122][  0]LogStreaming: Warning: Failed to read file '../../../Engine/Content/Editor/Slate/Niagara/Common/DropZoneIndicator_Onto.png' error.
[2023.04.22-11.32.59:122][  0]LogSlate: Could not find file for Slate resource: ../../../Engine/Content/Editor/Slate/Niagara/Common/DropZoneIndicator_Onto.png
[2023.04.22-11.32.59:122][  0]LogStreaming: Warning: Failed to read file '../../../Engine/Content/Editor/Slate/Niagara/Common/RoundedSelection_16x.png' error.
[2023.04.22-11.32.59:122][  0]LogSlate: Could not find file for Slate resource: ../../../Engine/Content/Editor/Slate/Niagara/Common/RoundedSelection_16x.png
[2023.04.22-11.32.59:122][  0]LogStreaming: Warning: Failed to read file '../../../Engine/Content/Editor/Slate/Niagara/Common/FlatButton.png' error.
[2023.04.22-11.32.59:122][  0]LogStreaming: Warning: Failed to read file '../../../Engine/Content/Editor/Slate/Niagara/Common/DropZoneIndicator_Below.png' error.
[2023.04.22-11.32.59:122][  0]LogSlate: Could not find file for Slate resource: ../../../Engine/Content/Editor/Slate/Niagara/Common/FlatButton.png
[2023.04.22-11.32.59:122][  0]LogSlate: Could not find file for Slate resource: ../../../Engine/Content/Editor/Slate/Niagara/Common/DropZoneIndicator_Below.png
[2023.04.22-11.32.59:191][  0]LogImageWrapper: Warning: PNG Warning: Duplicate iCCP chunk
[2023.04.22-11.32.59:191][  0]LogImageWrapper: Warning: PNG Warning: Duplicate iCCP chunk
[2023.04.22-11.32.59:191][  0]LogPython: Using Python 3.7.7
[2023.04.22-11.32.59:554][  0]LogTcpMessaging: Initializing TcpMessaging bridge
[2023.04.22-11.32.59:557][  0]LogUdpMessaging: Initializing bridge on interface 0.0.0.0:0 to multicast group 230.0.0.1:6666.
[2023.04.22-11.32.59:665][  0]SourceControl: Source control is disabled
[2023.04.22-11.32.59:665][  0]SourceControl: Source control is disabled
[2023.04.22-11.32.59:667][  0]SourceControl: Source control is disabled
[2023.04.22-11.32.59:670][  0]SourceControl: Source control is disabled
[2023.04.22-11.32.59:683][  0]SourceControl: Source control is disabled
[2023.04.22-11.32.59:691][  0]LogUProjectInfo: Found projects:
[2023.04.22-11.32.59:833][  0]LogOpenImageDenoise: OIDN starting up
[2023.04.22-11.32.59:842][  0]LogAndroidPermission: UAndroidPermissionCallbackProxy::GetInstance
[2023.04.22-11.32.59:857][  0]LogAudioCaptureCore: Display: No Audio Capture implementations found. Audio input will be silent.
[2023.04.22-11.32.59:857][  0]LogAudioCaptureCore: Display: No Audio Capture implementations found. Audio input will be silent.
[2023.04.22-11.32.59:935][  0]LogCollectionManager: Loaded 0 collections in 0.000409 seconds
[2023.04.22-11.32.59:952][  0]LogFileCache: Scanning file cache for directory 'E:/Asus/Documents/GitHub/TheTroubleMakers/Unreal Engine Project/SpeedLimit_UniAzad/Saved/Collections/' took 0.00s
[2023.04.22-11.32.59:952][  0]LogFileCache: Scanning file cache for directory 'E:/Asus/Documents/GitHub/TheTroubleMakers/Unreal Engine Project/SpeedLimit_UniAzad/Content/Developers/Asus/Collections/' took 0.00s
[2023.04.22-11.32.59:952][  0]LogFileCache: Scanning file cache for directory 'E:/Asus/Documents/GitHub/TheTroubleMakers/Unreal Engine Project/SpeedLimit_UniAzad/Content/Collections/' took 0.00s
[2023.04.22-11.32.59:952][  0]LogOcInput: OculusInput pre-init called
[2023.04.22-11.33.00:081][  0]LogStreaming: Warning: Failed to read file '../../../Engine/Content/Editor/Slate/Niagara/MenuSeparator.png' error.
[2023.04.22-11.33.00:081][  0]LogSlate: Could not find file for Slate resource: ../../../Engine/Content/Editor/Slate/Niagara/MenuSeparator.png
[2023.04.22-11.33.00:139][  0]LogImageWrapper: Warning: PNG Warning: Duplicate iCCP chunk
[2023.04.22-11.33.00:139][  0]LogImageWrapper: Warning: PNG Warning: Duplicate iCCP chunk
[2023.04.22-11.33.00:139][  0]LogStreaming: Warning: Failed to read file '../../../Engine/Content/Editor/Slate/Niagara/Common/Selector.png' error.
[2023.04.22-11.33.00:139][  0]LogSlate: Could not find file for Slate resource: ../../../Engine/Content/Editor/Slate/Niagara/Common/Selector.png
[2023.04.22-11.33.00:139][  0]LogStreaming: Warning: Failed to read file '../../../Engine/Content/Editor/Slate/Niagara/Common/Selection.png' error.
[2023.04.22-11.33.00:139][  0]LogSlate: Could not find file for Slate resource: ../../../Engine/Content/Editor/Slate/Niagara/Common/Selection.png
[2023.04.22-11.33.00:139][  0]LogStreaming: Warning: Failed to read file '../../../Engine/Content/Editor/Slate/Niagara/Common/DropZoneIndicator_Onto.png' error.
[2023.04.22-11.33.00:139][  0]LogSlate: Could not find file for Slate resource: ../../../Engine/Content/Editor/Slate/Niagara/Common/DropZoneIndicator_Onto.png
[2023.04.22-11.33.00:139][  0]LogStreaming: Warning: Failed to read file '../../../Engine/Content/Editor/Slate/Niagara/Common/DropZoneIndicator_Above.png' error.
[2023.04.22-11.33.00:139][  0]LogStreaming: Warning: Failed to read file '../../../Engine/Content/Editor/Slate/Niagara/Common/DropZoneIndicator_Below.png' error.
[2023.04.22-11.33.00:139][  0]LogSlate: Could not find file for Slate resource: ../../../Engine/Content/Editor/Slate/Niagara/Common/DropZoneIndicator_Below.png
[2023.04.22-11.33.00:139][  0]LogSlate: Could not find file for Slate resource: ../../../Engine/Content/Editor/Slate/Niagara/Common/DropZoneIndicator_Above.png
[2023.04.22-11.33.00:139][  0]LogStreaming: Warning: Failed to read file '../../../Engine/Content/Editor/Slate/Niagara/Common/RoundedSelection_16x.png' error.
[2023.04.22-11.33.00:139][  0]LogSlate: Could not find file for Slate resource: ../../../Engine/Content/Editor/Slate/Niagara/Common/RoundedSelection_16x.png
[2023.04.22-11.33.00:139][  0]LogStreaming: Warning: Failed to read file '../../../Engine/Content/Editor/Slate/Niagara/Common/FlatButton.png' error.
[2023.04.22-11.33.00:139][  0]LogSlate: Could not find file for Slate resource: ../../../Engine/Content/Editor/Slate/Niagara/Common/FlatButton.png
[2023.04.22-11.33.00:139][  0]LogEngine: Initializing Engine...
[2023.04.22-11.33.00:140][  0]LogHMD: Failed to enumerate extensions. Please check that you have a valid OpenXR runtime installed.
[2023.04.22-11.33.00:140][  0]LogHMD: Failed to initialize OpenVR with code 110
[2023.04.22-11.33.00:140][  0]LogMagicLeap: Warning: VR disabled because ZI is not enabled.  To enable, in the editor, Edit -> Project Settings -> Plugins -> Magic Leap Plugin -> Enable Zero Iteration
[2023.04.22-11.33.00:141][  0]LogStats: UGameplayTagsManager::InitializeManager -  0.000 s
[2023.04.22-11.33.00:225][  0]LogInit: Initializing FReadOnlyCVARCache
[2023.04.22-11.33.00:230][  0]LogAIModule: Creating AISystem for world Untitled
[2023.04.22-11.33.00:238][  0]LogAudio: Display: Initializing Audio Device Manager...
[2023.04.22-11.33.00:241][  0]LogAudio: Display: Loading Default Audio Settings Objects...
[2023.04.22-11.33.00:241][  0]LogAudio: Display: No default SoundConcurrencyObject specified (or failed to load).
[2023.04.22-11.33.00:242][  0]LogAudio: Display: Audio Device Manager Initialized
[2023.04.22-11.33.00:242][  0]LogAudio: Display: Creating Audio Device:                 Id: 1, Scope: Shared, Realtime: True
[2023.04.22-11.33.00:242][  0]LogAudioMixer: Display: Audio Mixer Platform Settings:
[2023.04.22-11.33.00:242][  0]LogAudioMixer: Display: 	Sample Rate:						  48000
[2023.04.22-11.33.00:242][  0]LogAudioMixer: Display: 	Callback Buffer Frame Size Requested: 1024
[2023.04.22-11.33.00:242][  0]LogAudioMixer: Display: 	Callback Buffer Frame Size To Use:	  1024
[2023.04.22-11.33.00:242][  0]LogAudioMixer: Display: 	Number of buffers to queue:			  2
[2023.04.22-11.33.00:242][  0]LogAudioMixer: Display: 	Max Channels (voices):				  32
[2023.04.22-11.33.00:242][  0]LogAudioMixer: Display: 	Number of Async Source Workers:		  0
[2023.04.22-11.33.00:242][  0]LogAudio: Display: AudioDevice MaxSources: 32
[2023.04.22-11.33.00:242][  0]LogAudio: Display: Audio Spatialization Plugin: None (built-in).
[2023.04.22-11.33.00:242][  0]LogAudio: Display: Audio Reverb Plugin: None (built-in).
[2023.04.22-11.33.00:242][  0]LogAudio: Display: Audio Occlusion Plugin: None (built-in).
[2023.04.22-11.33.00:242][  0]LogAudioMixer: Display: Initializing audio mixer.
[2023.04.22-11.33.00:250][  0]LogAudioMixer: Display: 0: FrontLeft
[2023.04.22-11.33.00:250][  0]LogAudioMixer: Display: 1: FrontRight
[2023.04.22-11.33.00:307][  0]LogAudioMixer: Display: Using Audio Device Headphones (QCY-T13)
[2023.04.22-11.33.00:310][  0]LogAudioMixer: Display: Initializing Sound Submixes...
[2023.04.22-11.33.00:311][  0]LogAudioMixer: Display: Creating Master Submix 'MasterSubmixDefault'
[2023.04.22-11.33.00:311][  0]LogAudioMixer: Display: Creating Master Submix 'MasterReverbSubmixDefault'
[2023.04.22-11.33.00:313][  0]LogAudioMixer: Display: Creating Master Submix 'MasterEQSubmixDefault'
[2023.04.22-11.33.00:313][  0]LogAudioMixer: FMixerPlatformXAudio2::StartAudioStream() called
[2023.04.22-11.33.00:313][  0]LogAudioMixer: Display: Output buffers initialized: Frames=1024, Channels=2, Samples=2048
[2023.04.22-11.33.00:315][  0]LogAudioMixer: Display: Starting AudioMixerPlatformInterface::RunInternal()
[2023.04.22-11.33.00:315][  0]LogAudioMixer: Display: FMixerPlatformXAudio2::SubmitBuffer() called for the first time
[2023.04.22-11.33.00:315][  0]LogInit: FAudioDevice initialized.
[2023.04.22-11.33.00:315][  0]LogAudio: Display: Audio Device (ID: 1) registered with world 'Untitled'.
[2023.04.22-11.33.00:315][  0]LogNetVersion: Set ProjectVersion to 1.0.0.0. Version Checksum will be recalculated on next use.
[2023.04.22-11.33.00:371][  0]LogDerivedDataCache: Saved boot cache 0.06s 95MB C:/Users/Asus/AppData/Local/UnrealEngine/4.27/DerivedDataCache/Boot.ddc.
[2023.04.22-11.33.00:371][  0]LogInit: Texture streaming: Enabled
[2023.04.22-11.33.00:381][  0]LogAnalytics: Display: [UEEditor.Rocket.Release] APIServer = https://datarouter.ol.epicgames.com/. AppVersion = 4.27.0-17155196+++UE4+Release-4.27
[2023.04.22-11.33.00:383][  0]LogEngineSessionManager: EngineSessionManager initialized
[2023.04.22-11.33.00:383][  0]LogEditorSessionSummary: Verbose: Initializing EditorSessionSummaryWriter for editor session tracking
[2023.04.22-11.33.00:384][  0]LogEditorSessionSummary: EditorSessionSummaryWriter initialized
[2023.04.22-11.33.00:401][  0]LogInit: Transaction tracking system initialized
[2023.04.22-11.33.00:415][  0]BlueprintLog: New page: Editor Load
[2023.04.22-11.33.00:461][  0]LocalizationService: Localization service is disabled
[2023.04.22-11.33.00:476][  0]TimingProfiler: Initialize
[2023.04.22-11.33.00:476][  0]TimingProfiler: OnSessionChanged
[2023.04.22-11.33.00:476][  0]LoadingProfiler: Initialize
[2023.04.22-11.33.00:476][  0]LoadingProfiler: OnSessionChanged
[2023.04.22-11.33.00:476][  0]NetworkingProfiler: Initialize
[2023.04.22-11.33.00:476][  0]NetworkingProfiler: OnSessionChanged
[2023.04.22-11.33.00:476][  0]MemoryProfiler: Initialize
[2023.04.22-11.33.00:476][  0]MemoryProfiler: OnSessionChanged
[2023.04.22-11.33.00:587][  0]LogCook: Display: CookSettings for Memory: MemoryMaxUsedVirtual 0MiB, MemoryMaxUsedPhysical 16384MiB, MemoryMinFreeVirtual 0MiB, MemoryMinFreePhysical 1024MiB
[2023.04.22-11.33.00:587][  0]LogCook: Display: Mobile HDR setting 1
[2023.04.22-11.33.00:624][  0]LogFileCache: Scanning file cache for directory 'E:/Asus/Documents/GitHub/TheTroubleMakers/Unreal Engine Project/SpeedLimit_UniAzad/Content/' took 0.01s
[2023.04.22-11.33.00:847][  0]LogStreaming: Warning: Failed to read file '../../../Engine/Content/Editor/Slate/Niagara/MenuSeparator.png' error.
[2023.04.22-11.33.00:847][  0]LogSlate: Could not find file for Slate resource: ../../../Engine/Content/Editor/Slate/Niagara/MenuSeparator.png
[2023.04.22-11.33.00:848][  0]LogStreaming: Warning: Failed to read file '../../../Engine/Content/Editor/Slate/Niagara/Common/Selector.png' error.
[2023.04.22-11.33.00:848][  0]LogSlate: Could not find file for Slate resource: ../../../Engine/Content/Editor/Slate/Niagara/Common/Selector.png
[2023.04.22-11.33.00:848][  0]LogStreaming: Warning: Failed to read file '../../../Engine/Content/Editor/Slate/Niagara/Common/DropZoneIndicator_Above.png' error.
[2023.04.22-11.33.00:848][  0]LogStreaming: Warning: Failed to read file '../../../Engine/Content/Editor/Slate/Niagara/Common/Selection.png' error.
[2023.04.22-11.33.00:848][  0]LogSlate: Could not find file for Slate resource: ../../../Engine/Content/Editor/Slate/Niagara/Common/Selection.png
[2023.04.22-11.33.00:848][  0]LogSlate: Could not find file for Slate resource: ../../../Engine/Content/Editor/Slate/Niagara/Common/DropZoneIndicator_Above.png
[2023.04.22-11.33.00:891][  0]LogStreaming: Warning: Failed to read file '../../../Engine/Content/Editor/Slate/Niagara/Common/DropZoneIndicator_Onto.png' error.
[2023.04.22-11.33.00:891][  0]LogSlate: Could not find file for Slate resource: ../../../Engine/Content/Editor/Slate/Niagara/Common/DropZoneIndicator_Onto.png
[2023.04.22-11.33.00:891][  0]LogStreaming: Warning: Failed to read file '../../../Engine/Content/Editor/Slate/Niagara/Common/DropZoneIndicator_Below.png' error.
[2023.04.22-11.33.00:891][  0]LogSlate: Could not find file for Slate resource: ../../../Engine/Content/Editor/Slate/Niagara/Common/DropZoneIndicator_Below.png
[2023.04.22-11.33.00:891][  0]LogStreaming: Warning: Failed to read file '../../../Engine/Content/Editor/Slate/Niagara/Common/FlatButton.png' error.
[2023.04.22-11.33.00:891][  0]LogSlate: Could not find file for Slate resource: ../../../Engine/Content/Editor/Slate/Niagara/Common/FlatButton.png
[2023.04.22-11.33.00:891][  0]LogStreaming: Warning: Failed to read file '../../../Engine/Content/Editor/Slate/Niagara/Common/RoundedSelection_16x.png' error.
[2023.04.22-11.33.00:891][  0]LogSlate: Could not find file for Slate resource: ../../../Engine/Content/Editor/Slate/Niagara/Common/RoundedSelection_16x.png
[2023.04.22-11.33.00:891][  0]LogImageWrapper: Warning: PNG Warning: Duplicate iCCP chunk
[2023.04.22-11.33.00:892][  0]LogImageWrapper: Warning: PNG Warning: Duplicate iCCP chunk
[2023.04.22-11.33.00:892][  0]LogInit: Display: Engine is initialized. Leaving FEngineLoop::Init()
[2023.04.22-11.33.00:894][  0]SourceControl: Source control is disabled
[2023.04.22-11.33.00:894][  0]LogUnrealEdMisc: Loading editor; pre map load, took 4.947
[2023.04.22-11.33.00:894][  0]LightingResults: New page: Lighting Build
[2023.04.22-11.33.00:895][  0]LogWorld: UWorld::CleanupWorld for Untitled, bSessionEnded=true, bCleanupResources=true
[2023.04.22-11.33.00:895][  0]LogSlate: InvalidateAllWidgets triggered.  All widgets were invalidated
[2023.04.22-11.33.00:895][  0]MapCheck: New page: Map Check
[2023.04.22-11.33.00:895][  0]LightingResults: New page: Lighting Build
[2023.04.22-11.33.00:898][  0]LogAudio: Display: Audio Device unregistered from world 'None'.
[2023.04.22-11.33.00:901][  0]LogUObjectHash: Compacting FUObjectHashTables data took   0.62ms
[2023.04.22-11.33.00:978][  0]LogAudio: Display: Audio Device (ID: 1) registered with world 'Minimal_Default'.
[2023.04.22-11.33.00:978][  0]LogAIModule: Creating AISystem for world Minimal_Default
[2023.04.22-11.33.00:982][  0]LogEditorServer: Finished looking for orphan Actors (0.000 secs)
[2023.04.22-11.33.00:989][  0]LogUObjectHash: Compacting FUObjectHashTables data took   0.85ms
[2023.04.22-11.33.00:989][  0]Cmd: MAP CHECKDEP NOCLEARLOG
[2023.04.22-11.33.00:989][  0]MapCheck: Map check complete: 0 Error(s), 0 Warning(s), took 0.084ms to complete.
[2023.04.22-11.33.00:989][  0]LogFileHelpers: Loading map 'Minimal_Default' took 0.095
[2023.04.22-11.33.00:991][  0]LogUnrealEdMisc: Total Editor Startup Time, took 5.044
[2023.04.22-11.33.01:100][  0]LogSlate: Updating window title bar state: overlay mode, drag disabled, window buttons hidden, title bar hidden
[2023.04.22-11.33.01:106][  0]LogSlate: Updating window title bar state: overlay mode, drag disabled, window buttons hidden, title bar hidden
[2023.04.22-11.33.01:112][  0]LogSlate: Updating window title bar state: overlay mode, drag disabled, window buttons hidden, title bar hidden
[2023.04.22-11.33.01:119][  0]LogSlate: Updating window title bar state: overlay mode, drag disabled, window buttons hidden, title bar hidden
[2023.04.22-11.33.01:130][  0]LogNativeClassHierarchy: Verbose: Native class hierarchy populated in 0.0080 seconds. Added 3822 classes and 928 folders.
[2023.04.22-11.33.01:131][  0]LogNativeClassHierarchy: Verbose: Native class hierarchy updated for 'WidgetCarousel' in 0.0002 seconds. Added 0 classes and 0 folders.
[2023.04.22-11.33.01:133][  0]LogPakFile: PakFile PrimaryIndexSize=187
[2023.04.22-11.33.01:133][  0]LogPakFile: PakFile PathHashIndexSize=101
[2023.04.22-11.33.01:133][  0]LogPakFile: PakFile FullDirectoryIndexSize=148
[2023.04.22-11.33.01:133][  0]LogShaderLibrary: Display: ShaderCodeLibraryPakFileMountedCallback: PakFile 'E:/Downloads/unreal_engine_v4.27_compiled/Unreal Engine v4.27 Compiled/FeaturePacks/FP_FirstPerson.upack' (chunk index -1, root 'root:/') mounted
[2023.04.22-11.33.01:133][  0]LogShaderLibrary: Display: ShaderCodeLibraryPakFileMountedCallback: pending pak file info (ChunkID:-1 Root:root:/ File:E:/Downloads/unreal_engine_v4.27_compiled/Unreal Engine v4.27 Compiled/FeaturePacks/FP_FirstPerson.upack)
[2023.04.22-11.33.01:133][  0]LogPakFile: OnPakFileMounted2Time == 0.000050
[2023.04.22-11.33.01:133][  0]LogPakFile: PakFile PrimaryIndexSize=189
[2023.04.22-11.33.01:133][  0]LogPakFile: PakFile PathHashIndexSize=101
[2023.04.22-11.33.01:133][  0]LogPakFile: PakFile FullDirectoryIndexSize=152
[2023.04.22-11.33.01:133][  0]LogShaderLibrary: Display: ShaderCodeLibraryPakFileMountedCallback: PakFile 'E:/Downloads/unreal_engine_v4.27_compiled/Unreal Engine v4.27 Compiled/FeaturePacks/FP_FirstPersonBP.upack' (chunk index -1, root 'root:/') mounted
[2023.04.22-11.33.01:133][  0]LogShaderLibrary: Display: ShaderCodeLibraryPakFileMountedCallback: pending pak file info (ChunkID:-1 Root:root:/ File:E:/Downloads/unreal_engine_v4.27_compiled/Unreal Engine v4.27 Compiled/FeaturePacks/FP_FirstPersonBP.upack)
[2023.04.22-11.33.01:133][  0]LogPakFile: OnPakFileMounted2Time == 0.000036
[2023.04.22-11.33.01:133][  0]LogPakFile: PakFile PrimaryIndexSize=191
[2023.04.22-11.33.01:133][  0]LogPakFile: PakFile PathHashIndexSize=101
[2023.04.22-11.33.01:133][  0]LogPakFile: PakFile FullDirectoryIndexSize=160
[2023.04.22-11.33.01:133][  0]LogShaderLibrary: Display: ShaderCodeLibraryPakFileMountedCallback: PakFile 'E:/Downloads/unreal_engine_v4.27_compiled/Unreal Engine v4.27 Compiled/FeaturePacks/MobileStarterContent.upack' (chunk index -1, root 'root:/') mounted
[2023.04.22-11.33.01:133][  0]LogShaderLibrary: Display: ShaderCodeLibraryPakFileMountedCallback: pending pak file info (ChunkID:-1 Root:root:/ File:E:/Downloads/unreal_engine_v4.27_compiled/Unreal Engine v4.27 Compiled/FeaturePacks/MobileStarterContent.upack)
[2023.04.22-11.33.01:133][  0]LogPakFile: OnPakFileMounted2Time == 0.000023
[2023.04.22-11.33.01:134][  0]LogPakFile: PakFile PrimaryIndexSize=185
[2023.04.22-11.33.01:134][  0]LogPakFile: PakFile PathHashIndexSize=101
[2023.04.22-11.33.01:134][  0]LogPakFile: PakFile FullDirectoryIndexSize=148
[2023.04.22-11.33.01:134][  0]LogShaderLibrary: Display: ShaderCodeLibraryPakFileMountedCallback: PakFile 'E:/Downloads/unreal_engine_v4.27_compiled/Unreal Engine v4.27 Compiled/FeaturePacks/StarterContent.upack' (chunk index -1, root 'root:/') mounted
[2023.04.22-11.33.01:134][  0]LogShaderLibrary: Display: ShaderCodeLibraryPakFileMountedCallback: pending pak file info (ChunkID:-1 Root:root:/ File:E:/Downloads/unreal_engine_v4.27_compiled/Unreal Engine v4.27 Compiled/FeaturePacks/StarterContent.upack)
[2023.04.22-11.33.01:134][  0]LogPakFile: OnPakFileMounted2Time == 0.000032
[2023.04.22-11.33.01:134][  0]LogPakFile: PakFile PrimaryIndexSize=190
[2023.04.22-11.33.01:134][  0]LogPakFile: PakFile PathHashIndexSize=101
[2023.04.22-11.33.01:134][  0]LogPakFile: PakFile FullDirectoryIndexSize=154
[2023.04.22-11.33.01:134][  0]LogShaderLibrary: Display: ShaderCodeLibraryPakFileMountedCallback: PakFile 'E:/Downloads/unreal_engine_v4.27_compiled/Unreal Engine v4.27 Compiled/FeaturePacks/TP_2DSideScroller.upack' (chunk index -1, root 'root:/') mounted
[2023.04.22-11.33.01:134][  0]LogShaderLibrary: Display: ShaderCodeLibraryPakFileMountedCallback: pending pak file info (ChunkID:-1 Root:root:/ File:E:/Downloads/unreal_engine_v4.27_compiled/Unreal Engine v4.27 Compiled/FeaturePacks/TP_2DSideScroller.upack)
[2023.04.22-11.33.01:134][  0]LogPakFile: OnPakFileMounted2Time == 0.000023
[2023.04.22-11.33.01:134][  0]LogPakFile: PakFile PrimaryIndexSize=192
[2023.04.22-11.33.01:134][  0]LogPakFile: PakFile PathHashIndexSize=101
[2023.04.22-11.33.01:134][  0]LogPakFile: PakFile FullDirectoryIndexSize=158
[2023.04.22-11.33.01:134][  0]LogShaderLibrary: Display: ShaderCodeLibraryPakFileMountedCallback: PakFile 'E:/Downloads/unreal_engine_v4.27_compiled/Unreal Engine v4.27 Compiled/FeaturePacks/TP_2DSideScrollerBP.upack' (chunk index -1, root 'root:/') mounted
[2023.04.22-11.33.01:134][  0]LogShaderLibrary: Display: ShaderCodeLibraryPakFileMountedCallback: pending pak file info (ChunkID:-1 Root:root:/ File:E:/Downloads/unreal_engine_v4.27_compiled/Unreal Engine v4.27 Compiled/FeaturePacks/TP_2DSideScrollerBP.upack)
[2023.04.22-11.33.01:134][  0]LogPakFile: OnPakFileMounted2Time == 0.000023
[2023.04.22-11.33.01:134][  0]LogPakFile: PakFile PrimaryIndexSize=182
[2023.04.22-11.33.01:135][  0]LogPakFile: PakFile PathHashIndexSize=101
[2023.04.22-11.33.01:135][  0]LogPakFile: PakFile FullDirectoryIndexSize=138
[2023.04.22-11.33.01:135][  0]LogShaderLibrary: Display: ShaderCodeLibraryPakFileMountedCallback: PakFile 'E:/Downloads/unreal_engine_v4.27_compiled/Unreal Engine v4.27 Compiled/FeaturePacks/TP_Flying.upack' (chunk index -1, root 'root:/') mounted
[2023.04.22-11.33.01:135][  0]LogShaderLibrary: Display: ShaderCodeLibraryPakFileMountedCallback: pending pak file info (ChunkID:-1 Root:root:/ File:E:/Downloads/unreal_engine_v4.27_compiled/Unreal Engine v4.27 Compiled/FeaturePacks/TP_Flying.upack)
[2023.04.22-11.33.01:135][  0]LogPakFile: OnPakFileMounted2Time == 0.000023
[2023.04.22-11.33.01:135][  0]LogPakFile: PakFile PrimaryIndexSize=184
[2023.04.22-11.33.01:135][  0]LogPakFile: PakFile PathHashIndexSize=101
[2023.04.22-11.33.01:135][  0]LogPakFile: PakFile FullDirectoryIndexSize=142
[2023.04.22-11.33.01:135][  0]LogShaderLibrary: Display: ShaderCodeLibraryPakFileMountedCallback: PakFile 'E:/Downloads/unreal_engine_v4.27_compiled/Unreal Engine v4.27 Compiled/FeaturePacks/TP_FlyingBP.upack' (chunk index -1, root 'root:/') mounted
[2023.04.22-11.33.01:135][  0]LogShaderLibrary: Display: ShaderCodeLibraryPakFileMountedCallback: pending pak file info (ChunkID:-1 Root:root:/ File:E:/Downloads/unreal_engine_v4.27_compiled/Unreal Engine v4.27 Compiled/FeaturePacks/TP_FlyingBP.upack)
[2023.04.22-11.33.01:135][  0]LogPakFile: OnPakFileMounted2Time == 0.000024
[2023.04.22-11.33.01:135][  0]LogPakFile: PakFile PrimaryIndexSize=188
[2023.04.22-11.33.01:135][  0]LogPakFile: PakFile PathHashIndexSize=101
[2023.04.22-11.33.01:135][  0]LogPakFile: PakFile FullDirectoryIndexSize=150
[2023.04.22-11.33.01:135][  0]LogShaderLibrary: Display: ShaderCodeLibraryPakFileMountedCallback: PakFile 'E:/Downloads/unreal_engine_v4.27_compiled/Unreal Engine v4.27 Compiled/FeaturePacks/TP_HandheldARBP.upack' (chunk index -1, root 'root:/') mounted
[2023.04.22-11.33.01:135][  0]LogShaderLibrary: Display: ShaderCodeLibraryPakFileMountedCallback: pending pak file info (ChunkID:-1 Root:root:/ File:E:/Downloads/unreal_engine_v4.27_compiled/Unreal Engine v4.27 Compiled/FeaturePacks/TP_HandheldARBP.upack)
[2023.04.22-11.33.01:135][  0]LogPakFile: OnPakFileMounted2Time == 0.000022
[2023.04.22-11.33.01:136][  0]LogPakFile: PakFile PrimaryIndexSize=182
[2023.04.22-11.33.01:136][  0]LogPakFile: PakFile PathHashIndexSize=101
[2023.04.22-11.33.01:136][  0]LogPakFile: PakFile FullDirectoryIndexSize=138
[2023.04.22-11.33.01:136][  0]LogShaderLibrary: Display: ShaderCodeLibraryPakFileMountedCallback: PakFile 'E:/Downloads/unreal_engine_v4.27_compiled/Unreal Engine v4.27 Compiled/FeaturePacks/TP_Puzzle.upack' (chunk index -1, root 'root:/') mounted
[2023.04.22-11.33.01:136][  0]LogShaderLibrary: Display: ShaderCodeLibraryPakFileMountedCallback: pending pak file info (ChunkID:-1 Root:root:/ File:E:/Downloads/unreal_engine_v4.27_compiled/Unreal Engine v4.27 Compiled/FeaturePacks/TP_Puzzle.upack)
[2023.04.22-11.33.01:136][  0]LogPakFile: OnPakFileMounted2Time == 0.000027
[2023.04.22-11.33.01:136][  0]LogPakFile: PakFile PrimaryIndexSize=184
[2023.04.22-11.33.01:136][  0]LogPakFile: PakFile PathHashIndexSize=101
[2023.04.22-11.33.01:136][  0]LogPakFile: PakFile FullDirectoryIndexSize=142
[2023.04.22-11.33.01:136][  0]LogShaderLibrary: Display: ShaderCodeLibraryPakFileMountedCallback: PakFile 'E:/Downloads/unreal_engine_v4.27_compiled/Unreal Engine v4.27 Compiled/FeaturePacks/TP_PuzzleBP.upack' (chunk index -1, root 'root:/') mounted
[2023.04.22-11.33.01:136][  0]LogShaderLibrary: Display: ShaderCodeLibraryPakFileMountedCallback: pending pak file info (ChunkID:-1 Root:root:/ File:E:/Downloads/unreal_engine_v4.27_compiled/Unreal Engine v4.27 Compiled/FeaturePacks/TP_PuzzleBP.upack)
[2023.04.22-11.33.01:136][  0]LogPakFile: OnPakFileMounted2Time == 0.000027
[2023.04.22-11.33.01:136][  0]LogPakFile: PakFile PrimaryIndexSize=183
[2023.04.22-11.33.01:136][  0]LogPakFile: PakFile PathHashIndexSize=101
[2023.04.22-11.33.01:136][  0]LogPakFile: PakFile FullDirectoryIndexSize=140
[2023.04.22-11.33.01:136][  0]LogShaderLibrary: Display: ShaderCodeLibraryPakFileMountedCallback: PakFile 'E:/Downloads/unreal_engine_v4.27_compiled/Unreal Engine v4.27 Compiled/FeaturePacks/TP_Rolling.upack' (chunk index -1, root 'root:/') mounted
[2023.04.22-11.33.01:136][  0]LogShaderLibrary: Display: ShaderCodeLibraryPakFileMountedCallback: pending pak file info (ChunkID:-1 Root:root:/ File:E:/Downloads/unreal_engine_v4.27_compiled/Unreal Engine v4.27 Compiled/FeaturePacks/TP_Rolling.upack)
[2023.04.22-11.33.01:136][  0]LogPakFile: OnPakFileMounted2Time == 0.000021
[2023.04.22-11.33.01:136][  0]LogPakFile: PakFile PrimaryIndexSize=185
[2023.04.22-11.33.01:136][  0]LogPakFile: PakFile PathHashIndexSize=101
[2023.04.22-11.33.01:136][  0]LogPakFile: PakFile FullDirectoryIndexSize=144
[2023.04.22-11.33.01:136][  0]LogShaderLibrary: Display: ShaderCodeLibraryPakFileMountedCallback: PakFile 'E:/Downloads/unreal_engine_v4.27_compiled/Unreal Engine v4.27 Compiled/FeaturePacks/TP_RollingBP.upack' (chunk index -1, root 'root:/') mounted
[2023.04.22-11.33.01:136][  0]LogShaderLibrary: Display: ShaderCodeLibraryPakFileMountedCallback: pending pak file info (ChunkID:-1 Root:root:/ File:E:/Downloads/unreal_engine_v4.27_compiled/Unreal Engine v4.27 Compiled/FeaturePacks/TP_RollingBP.upack)
[2023.04.22-11.33.01:136][  0]LogPakFile: OnPakFileMounted2Time == 0.000021
[2023.04.22-11.33.01:137][  0]LogPakFile: PakFile PrimaryIndexSize=188
[2023.04.22-11.33.01:137][  0]LogPakFile: PakFile PathHashIndexSize=101
[2023.04.22-11.33.01:137][  0]LogPakFile: PakFile FullDirectoryIndexSize=150
[2023.04.22-11.33.01:137][  0]LogShaderLibrary: Display: ShaderCodeLibraryPakFileMountedCallback: PakFile 'E:/Downloads/unreal_engine_v4.27_compiled/Unreal Engine v4.27 Compiled/FeaturePacks/TP_SideScroller.upack' (chunk index -1, root 'root:/') mounted
[2023.04.22-11.33.01:137][  0]LogShaderLibrary: Display: ShaderCodeLibraryPakFileMountedCallback: pending pak file info (ChunkID:-1 Root:root:/ File:E:/Downloads/unreal_engine_v4.27_compiled/Unreal Engine v4.27 Compiled/FeaturePacks/TP_SideScroller.upack)
[2023.04.22-11.33.01:137][  0]LogPakFile: OnPakFileMounted2Time == 0.000025
[2023.04.22-11.33.01:137][  0]LogPakFile: PakFile PrimaryIndexSize=190
[2023.04.22-11.33.01:137][  0]LogPakFile: PakFile PathHashIndexSize=101
[2023.04.22-11.33.01:137][  0]LogPakFile: PakFile FullDirectoryIndexSize=154
[2023.04.22-11.33.01:137][  0]LogShaderLibrary: Display: ShaderCodeLibraryPakFileMountedCallback: PakFile 'E:/Downloads/unreal_engine_v4.27_compiled/Unreal Engine v4.27 Compiled/FeaturePacks/TP_SideScrollerBP.upack' (chunk index -1, root 'root:/') mounted
[2023.04.22-11.33.01:137][  0]LogShaderLibrary: Display: ShaderCodeLibraryPakFileMountedCallback: pending pak file info (ChunkID:-1 Root:root:/ File:E:/Downloads/unreal_engine_v4.27_compiled/Unreal Engine v4.27 Compiled/FeaturePacks/TP_SideScrollerBP.upack)
[2023.04.22-11.33.01:137][  0]LogPakFile: OnPakFileMounted2Time == 0.000024
[2023.04.22-11.33.01:137][  0]LogPakFile: PakFile PrimaryIndexSize=187
[2023.04.22-11.33.01:137][  0]LogPakFile: PakFile PathHashIndexSize=101
[2023.04.22-11.33.01:137][  0]LogPakFile: PakFile FullDirectoryIndexSize=148
[2023.04.22-11.33.01:137][  0]LogShaderLibrary: Display: ShaderCodeLibraryPakFileMountedCallback: PakFile 'E:/Downloads/unreal_engine_v4.27_compiled/Unreal Engine v4.27 Compiled/FeaturePacks/TP_ThirdPerson.upack' (chunk index -1, root 'root:/') mounted
[2023.04.22-11.33.01:137][  0]LogShaderLibrary: Display: ShaderCodeLibraryPakFileMountedCallback: pending pak file info (ChunkID:-1 Root:root:/ File:E:/Downloads/unreal_engine_v4.27_compiled/Unreal Engine v4.27 Compiled/FeaturePacks/TP_ThirdPerson.upack)
[2023.04.22-11.33.01:137][  0]LogPakFile: OnPakFileMounted2Time == 0.000022
[2023.04.22-11.33.01:138][  0]LogPakFile: PakFile PrimaryIndexSize=189
[2023.04.22-11.33.01:138][  0]LogPakFile: PakFile PathHashIndexSize=101
[2023.04.22-11.33.01:138][  0]LogPakFile: PakFile FullDirectoryIndexSize=152
[2023.04.22-11.33.01:138][  0]LogShaderLibrary: Display: ShaderCodeLibraryPakFileMountedCallback: PakFile 'E:/Downloads/unreal_engine_v4.27_compiled/Unreal Engine v4.27 Compiled/FeaturePacks/TP_ThirdPersonBP.upack' (chunk index -1, root 'root:/') mounted
[2023.04.22-11.33.01:138][  0]LogShaderLibrary: Display: ShaderCodeLibraryPakFileMountedCallback: pending pak file info (ChunkID:-1 Root:root:/ File:E:/Downloads/unreal_engine_v4.27_compiled/Unreal Engine v4.27 Compiled/FeaturePacks/TP_ThirdPersonBP.upack)
[2023.04.22-11.33.01:138][  0]LogPakFile: OnPakFileMounted2Time == 0.000025
[2023.04.22-11.33.01:138][  0]LogPakFile: PakFile PrimaryIndexSize=183
[2023.04.22-11.33.01:138][  0]LogPakFile: PakFile PathHashIndexSize=101
[2023.04.22-11.33.01:138][  0]LogPakFile: PakFile FullDirectoryIndexSize=140
[2023.04.22-11.33.01:138][  0]LogShaderLibrary: Display: ShaderCodeLibraryPakFileMountedCallback: PakFile 'E:/Downloads/unreal_engine_v4.27_compiled/Unreal Engine v4.27 Compiled/FeaturePacks/TP_TopDown.upack' (chunk index -1, root 'root:/') mounted
[2023.04.22-11.33.01:138][  0]LogShaderLibrary: Display: ShaderCodeLibraryPakFileMountedCallback: pending pak file info (ChunkID:-1 Root:root:/ File:E:/Downloads/unreal_engine_v4.27_compiled/Unreal Engine v4.27 Compiled/FeaturePacks/TP_TopDown.upack)
[2023.04.22-11.33.01:138][  0]LogPakFile: OnPakFileMounted2Time == 0.000032
[2023.04.22-11.33.01:138][  0]LogPakFile: PakFile PrimaryIndexSize=185
[2023.04.22-11.33.01:138][  0]LogPakFile: PakFile PathHashIndexSize=101
[2023.04.22-11.33.01:138][  0]LogPakFile: PakFile FullDirectoryIndexSize=144
[2023.04.22-11.33.01:138][  0]LogShaderLibrary: Display: ShaderCodeLibraryPakFileMountedCallback: PakFile 'E:/Downloads/unreal_engine_v4.27_compiled/Unreal Engine v4.27 Compiled/FeaturePacks/TP_TopDownBP.upack' (chunk index -1, root 'root:/') mounted
[2023.04.22-11.33.01:138][  0]LogShaderLibrary: Display: ShaderCodeLibraryPakFileMountedCallback: pending pak file info (ChunkID:-1 Root:root:/ File:E:/Downloads/unreal_engine_v4.27_compiled/Unreal Engine v4.27 Compiled/FeaturePacks/TP_TopDownBP.upack)
[2023.04.22-11.33.01:138][  0]LogPakFile: OnPakFileMounted2Time == 0.000022
[2023.04.22-11.33.01:138][  0]LogPakFile: PakFile PrimaryIndexSize=185
[2023.04.22-11.33.01:138][  0]LogPakFile: PakFile PathHashIndexSize=101
[2023.04.22-11.33.01:138][  0]LogPakFile: PakFile FullDirectoryIndexSize=144
[2023.04.22-11.33.01:138][  0]LogShaderLibrary: Display: ShaderCodeLibraryPakFileMountedCallback: PakFile 'E:/Downloads/unreal_engine_v4.27_compiled/Unreal Engine v4.27 Compiled/FeaturePacks/TP_TwinStick.upack' (chunk index -1, root 'root:/') mounted
[2023.04.22-11.33.01:138][  0]LogShaderLibrary: Display: ShaderCodeLibraryPakFileMountedCallback: pending pak file info (ChunkID:-1 Root:root:/ File:E:/Downloads/unreal_engine_v4.27_compiled/Unreal Engine v4.27 Compiled/FeaturePacks/TP_TwinStick.upack)
[2023.04.22-11.33.01:138][  0]LogPakFile: OnPakFileMounted2Time == 0.000021
[2023.04.22-11.33.01:139][  0]LogPakFile: PakFile PrimaryIndexSize=187
[2023.04.22-11.33.01:139][  0]LogPakFile: PakFile PathHashIndexSize=101
[2023.04.22-11.33.01:139][  0]LogPakFile: PakFile FullDirectoryIndexSize=148
[2023.04.22-11.33.01:139][  0]LogShaderLibrary: Display: ShaderCodeLibraryPakFileMountedCallback: PakFile 'E:/Downloads/unreal_engine_v4.27_compiled/Unreal Engine v4.27 Compiled/FeaturePacks/TP_TwinStickBP.upack' (chunk index -1, root 'root:/') mounted
[2023.04.22-11.33.01:139][  0]LogShaderLibrary: Display: ShaderCodeLibraryPakFileMountedCallback: pending pak file info (ChunkID:-1 Root:root:/ File:E:/Downloads/unreal_engine_v4.27_compiled/Unreal Engine v4.27 Compiled/FeaturePacks/TP_TwinStickBP.upack)
[2023.04.22-11.33.01:139][  0]LogPakFile: OnPakFileMounted2Time == 0.000023
[2023.04.22-11.33.01:139][  0]LogPakFile: PakFile PrimaryIndexSize=183
[2023.04.22-11.33.01:139][  0]LogPakFile: PakFile PathHashIndexSize=101
[2023.04.22-11.33.01:139][  0]LogPakFile: PakFile FullDirectoryIndexSize=140
[2023.04.22-11.33.01:139][  0]LogShaderLibrary: Display: ShaderCodeLibraryPakFileMountedCallback: PakFile 'E:/Downloads/unreal_engine_v4.27_compiled/Unreal Engine v4.27 Compiled/FeaturePacks/TP_Vehicle.upack' (chunk index -1, root 'root:/') mounted
[2023.04.22-11.33.01:139][  0]LogShaderLibrary: Display: ShaderCodeLibraryPakFileMountedCallback: pending pak file info (ChunkID:-1 Root:root:/ File:E:/Downloads/unreal_engine_v4.27_compiled/Unreal Engine v4.27 Compiled/FeaturePacks/TP_Vehicle.upack)
[2023.04.22-11.33.01:139][  0]LogPakFile: OnPakFileMounted2Time == 0.000024
[2023.04.22-11.33.01:139][  0]LogPakFile: PakFile PrimaryIndexSize=186
[2023.04.22-11.33.01:139][  0]LogPakFile: PakFile PathHashIndexSize=101
[2023.04.22-11.33.01:139][  0]LogPakFile: PakFile FullDirectoryIndexSize=146
[2023.04.22-11.33.01:139][  0]LogShaderLibrary: Display: ShaderCodeLibraryPakFileMountedCallback: PakFile 'E:/Downloads/unreal_engine_v4.27_compiled/Unreal Engine v4.27 Compiled/FeaturePacks/TP_VehicleAdv.upack' (chunk index -1, root 'root:/') mounted
[2023.04.22-11.33.01:139][  0]LogShaderLibrary: Display: ShaderCodeLibraryPakFileMountedCallback: pending pak file info (ChunkID:-1 Root:root:/ File:E:/Downloads/unreal_engine_v4.27_compiled/Unreal Engine v4.27 Compiled/FeaturePacks/TP_VehicleAdv.upack)
[2023.04.22-11.33.01:139][  0]LogPakFile: OnPakFileMounted2Time == 0.000031
[2023.04.22-11.33.01:140][  0]LogPakFile: PakFile PrimaryIndexSize=188
[2023.04.22-11.33.01:140][  0]LogPakFile: PakFile PathHashIndexSize=101
[2023.04.22-11.33.01:140][  0]LogPakFile: PakFile FullDirectoryIndexSize=150
[2023.04.22-11.33.01:140][  0]LogShaderLibrary: Display: ShaderCodeLibraryPakFileMountedCallback: PakFile 'E:/Downloads/unreal_engine_v4.27_compiled/Unreal Engine v4.27 Compiled/FeaturePacks/TP_VehicleAdvBP.upack' (chunk index -1, root 'root:/') mounted
[2023.04.22-11.33.01:140][  0]LogShaderLibrary: Display: ShaderCodeLibraryPakFileMountedCallback: pending pak file info (ChunkID:-1 Root:root:/ File:E:/Downloads/unreal_engine_v4.27_compiled/Unreal Engine v4.27 Compiled/FeaturePacks/TP_VehicleAdvBP.upack)
[2023.04.22-11.33.01:140][  0]LogPakFile: OnPakFileMounted2Time == 0.000027
[2023.04.22-11.33.01:140][  0]LogPakFile: PakFile PrimaryIndexSize=185
[2023.04.22-11.33.01:140][  0]LogPakFile: PakFile PathHashIndexSize=101
[2023.04.22-11.33.01:140][  0]LogPakFile: PakFile FullDirectoryIndexSize=144
[2023.04.22-11.33.01:140][  0]LogShaderLibrary: Display: ShaderCodeLibraryPakFileMountedCallback: PakFile 'E:/Downloads/unreal_engine_v4.27_compiled/Unreal Engine v4.27 Compiled/FeaturePacks/TP_VehicleBP.upack' (chunk index -1, root 'root:/') mounted
[2023.04.22-11.33.01:140][  0]LogShaderLibrary: Display: ShaderCodeLibraryPakFileMountedCallback: pending pak file info (ChunkID:-1 Root:root:/ File:E:/Downloads/unreal_engine_v4.27_compiled/Unreal Engine v4.27 Compiled/FeaturePacks/TP_VehicleBP.upack)
[2023.04.22-11.33.01:140][  0]LogPakFile: OnPakFileMounted2Time == 0.000022
[2023.04.22-11.33.01:140][  0]LogPakFile: PakFile PrimaryIndexSize=192
[2023.04.22-11.33.01:140][  0]LogPakFile: PakFile PathHashIndexSize=101
[2023.04.22-11.33.01:140][  0]LogPakFile: PakFile FullDirectoryIndexSize=158
[2023.04.22-11.33.01:140][  0]LogShaderLibrary: Display: ShaderCodeLibraryPakFileMountedCallback: PakFile 'E:/Downloads/unreal_engine_v4.27_compiled/Unreal Engine v4.27 Compiled/FeaturePacks/TP_VirtualRealityBP.upack' (chunk index -1, root 'root:/') mounted
[2023.04.22-11.33.01:140][  0]LogShaderLibrary: Display: ShaderCodeLibraryPakFileMountedCallback: pending pak file info (ChunkID:-1 Root:root:/ File:E:/Downloads/unreal_engine_v4.27_compiled/Unreal Engine v4.27 Compiled/FeaturePacks/TP_VirtualRealityBP.upack)
[2023.04.22-11.33.01:140][  0]LogPakFile: OnPakFileMounted2Time == 0.000030
[2023.04.22-11.33.01:163][  0]LogNativeClassHierarchy: Verbose: Native class hierarchy updated for 'AddContentDialog' in 0.0003 seconds. Added 0 classes and 0 folders.
[2023.04.22-11.33.01:164][  0]LogNativeClassHierarchy: Verbose: Native class hierarchy updated for 'SceneOutliner' in 0.0003 seconds. Added 2 classes and 0 folders.
[2023.04.22-11.33.01:244][  0]LogSlate: Took 0.000238 seconds to synchronously load lazily loaded font '../../../Engine/Content/Slate/Fonts/Roboto-Regular.ttf' (155K)
[2023.04.22-11.33.01:245][  0]LogSlate: Took 0.000167 seconds to synchronously load lazily loaded font '../../../Engine/Content/Editor/Slate/Fonts/FontAwesome.ttf' (139K)
[2023.04.22-11.33.01:246][  0]LogSlate: Took 0.000149 seconds to synchronously load lazily loaded font '../../../Engine/Content/Slate/Fonts/Roboto-Bold.ttf' (160K)
[2023.04.22-11.33.01:311][  0]LogRenderer: Reallocating scene render targets to support 1208x568 Format 10 NumSamples 1 (Frame:1).
[2023.04.22-11.33.01:418][  0]LogNativeClassHierarchy: Verbose: Native class hierarchy updated for 'HierarchicalLODOutliner' in 0.0002 seconds. Added 0 classes and 0 folders.
[2023.04.22-11.33.01:418][  0]LogLoad: (Engine Initialization) Total time: 5.47 seconds
[2023.04.22-11.33.01:418][  0]LogLoad: (Engine Initialization) Total Blueprint compile time: 0.00 seconds
[2023.04.22-11.33.01:462][  0]LogAssetRegistry: Asset discovery search completed in 3.1435 seconds
[2023.04.22-11.33.01:467][  0]LogCollectionManager: Fixed up redirectors for 0 collections in 0.000004 seconds (updated 0 objects)
[2023.04.22-11.33.01:468][  0]LogContentStreaming: Texture pool size now 1000 MB
[2023.04.22-11.33.01:794][  2]LogSlate: Took 0.000319 seconds to synchronously load lazily loaded font '../../../Engine/Content/Slate/Fonts/Roboto-Light.ttf' (167K)
[2023.04.22-11.33.12:506][179]LogContentBrowser: Deferred new asset folder creation: NewFolder
[2023.04.22-11.33.12:521][179]LogContentBrowser: Creating deferred item: NewFolder
[2023.04.22-11.33.23:376][478]LogContentBrowser: Attempting asset rename: NewFolder -> TheTroubleMakers
[2023.04.22-11.33.23:376][478]LogContentBrowser: End creating deferred item NewFolder
[2023.04.22-11.33.29:608][154]LogSlate: Took 0.000131 seconds to synchronously load lazily loaded font '../../../Engine/Content/Slate/Fonts/Roboto-Light.ttf' (167K)
[2023.04.22-11.33.29:631][154]LogUObjectHash: Compacting FUObjectHashTables data took   0.44ms
[2023.04.22-11.33.29:639][154]LogSavePackage: Moving '../../../../../../Asus/Documents/GitHub/TheTroubleMakers/Unreal Engine Project/SpeedLimit_UniAzad/Saved/Minimal_Default47AF022B4E7141029A39F8A6F4BD5056.tmp' to '../../../../../../Asus/Documents/GitHub/TheTroubleMakers/Unreal Engine Project/SpeedLimit_UniAzad/Content/StarterContent/Maps/Minimal_Default.umap'
[2023.04.22-11.33.29:657][154]AssetCheck: New page: Asset Save: Minimal_Default
[2023.04.22-11.33.29:657][154]LogContentValidation: Display: Validating World /Game/StarterContent/Maps/Minimal_Default.Minimal_Default
[2023.04.22-11.33.32:413][453]LogUObjectHash: Compacting FUObjectHashTables data took   0.22ms
[2023.04.22-11.33.32:436][453]LogSlate: Window 'SpeedLimit_UniAzad - Unreal Editor' being destroyed
[2023.04.22-11.33.32:514][454]Cmd: QUIT_EDITOR
[2023.04.22-11.33.32:514][454]LogCore: Engine exit requested (reason: UUnrealEdEngine::CloseEditor())
[2023.04.22-11.33.32:516][454]LogCore: Engine exit requested (reason: EngineExit() was called; note: exit was already requested)
[2023.04.22-11.33.32:517][454]LogAudio: Display: Beginning Audio Device Manager Shutdown (Module: AudioMixerXAudio2)...
[2023.04.22-11.33.32:517][454]LogAudio: Display: Destroying 1 Remaining Audio Device(s)...
[2023.04.22-11.33.32:517][454]LogAudio: Display: Audio Device unregistered from world 'Minimal_Default'.
[2023.04.22-11.33.32:518][454]LogAudioMixer: FMixerPlatformXAudio2::StopAudioStream() called
[2023.04.22-11.33.32:519][454]LogAudioMixer: FMixerPlatformXAudio2::StopAudioStream() called
[2023.04.22-11.33.32:527][454]LogAudio: Display: Audio Device Manager Shutdown
[2023.04.22-11.33.32:527][454]LogWindowsTextInputMethodSystem: Display: IME system deactivated.
[2023.04.22-11.33.32:533][454]LogExit: Preparing to exit.
[2023.04.22-11.33.32:583][454]LogUObjectHash: Compacting FUObjectHashTables data took   0.65ms
[2023.04.22-11.33.32:768][454]LogDemo: Cleaned up 0 splitscreen connections with owner deletion
[2023.04.22-11.33.32:770][454]LogWorld: UWorld::CleanupWorld for None, bSessionEnded=true, bCleanupResources=true
[2023.04.22-11.33.32:770][454]LogExit: Editor shut down
[2023.04.22-11.33.32:770][454]LogExit: Transaction tracking system shut down
[2023.04.22-11.33.32:945][454]LogExit: Object subsystem successfully closed.
[2023.04.22-11.33.32:955][454]LogShaderCompilers: Display: === FShaderJobCache stats ===
[2023.04.22-11.33.32:955][454]LogShaderCompilers: Display: Total job queries 0, among them cache hits 0 (0.00%)
[2023.04.22-11.33.32:955][454]LogShaderCompilers: Display: Tracking 0 distinct input hashes that result in 0 distinct outputs (0.00%)
[2023.04.22-11.33.32:955][454]LogShaderCompilers: Display: RAM used: 0.00 MB (0.00 GB) of 819.20 MB (0.80 GB) budget. Usage: 0.00%
[2023.04.22-11.33.32:955][454]LogShaderCompilers: Display: ================================================
[2023.04.22-11.33.32:967][454]LogShaderCompilers: Display: Shaders left to compile 0
[2023.04.22-11.33.32:974][454]LogModuleManager: Shutting down and abandoning module HierarchicalLODOutliner (870)
[2023.04.22-11.33.32:974][454]LogModuleManager: Shutting down and abandoning module SceneOutliner (868)
[2023.04.22-11.33.32:974][454]LogModuleManager: Shutting down and abandoning module AddContentDialog (866)
[2023.04.22-11.33.32:975][454]LogModuleManager: Shutting down and abandoning module WidgetCarousel (865)
[2023.04.22-11.33.32:975][454]LogModuleManager: Shutting down and abandoning module EditorWidgets (862)
[2023.04.22-11.33.32:975][454]LogModuleManager: Shutting down and abandoning module StatsViewer (860)
[2023.04.22-11.33.32:975][454]LogModuleManager: Shutting down and abandoning module PIEPreviewDeviceProfileSelector (858)
[2023.04.22-11.33.32:975][454]LogModuleManager: Shutting down and abandoning module SequenceRecorderSections (856)
[2023.04.22-11.33.32:975][454]LogModuleManager: Shutting down and abandoning module AutomationWorker (854)
[2023.04.22-11.33.32:975][454]LogModuleManager: Shutting down and abandoning module SteamVREditor (852)
[2023.04.22-11.33.32:975][454]LogModuleManager: Shutting down and abandoning module OculusMR (850)
[2023.04.22-11.33.32:975][454]LogModuleManager: Shutting down and abandoning module TakeRecorderSources (848)
[2023.04.22-11.33.32:975][454]LogModuleManager: Shutting down and abandoning module TakeRecorder (847)
[2023.04.22-11.33.32:975][454]LogModuleManager: Shutting down and abandoning module TakeTrackRecorders (844)
[2023.04.22-11.33.32:975][454]LogModuleManager: Shutting down and abandoning module TakesCore (842)
[2023.04.22-11.33.32:975][454]LogModuleManager: Shutting down and abandoning module OpenXRInput (840)
[2023.04.22-11.33.32:975][454]LogModuleManager: Shutting down and abandoning module GooglePADEditor (838)
[2023.04.22-11.33.32:975][454]LogModuleManager: Shutting down and abandoning module AudioCaptureEditor (836)
[2023.04.22-11.33.32:975][454]LogModuleManager: Shutting down and abandoning module TemplateSequenceEditor (834)
[2023.04.22-11.33.32:975][454]LogModuleManager: Shutting down and abandoning module MatineeToLevelSequence (832)
[2023.04.22-11.33.32:975][454]LogModuleManager: Shutting down and abandoning module LevelSequenceEditor (830)
[2023.04.22-11.33.32:975][454]LogModuleManager: Shutting down and abandoning module ActorSequenceEditor (828)
[2023.04.22-11.33.32:975][454]LogModuleManager: Shutting down and abandoning module PlanarCut (826)
[2023.04.22-11.33.32:975][454]LogModuleManager: Shutting down and abandoning module WmfMediaFactory (824)
[2023.04.22-11.33.32:975][454]LogModuleManager: Shutting down and abandoning module WmfMediaEditor (822)
[2023.04.22-11.33.32:975][454]LogModuleManager: Shutting down and abandoning module MagicLeapMediaCodecFactory (820)
[2023.04.22-11.33.32:975][454]LogModuleManager: Shutting down and abandoning module MagicLeapMediaFactory (818)
[2023.04.22-11.33.32:975][454]LogModuleManager: Shutting down and abandoning module MagicLeapMediaEditor (816)
[2023.04.22-11.33.32:975][454]LogModuleManager: Shutting down and abandoning module WebMMediaFactory (814)
[2023.04.22-11.33.32:975][454]LogModuleManager: Shutting down and abandoning module WebMMediaEditor (812)
[2023.04.22-11.33.32:975][454]LogModuleManager: Shutting down and abandoning module WebMMedia (810)
[2023.04.22-11.33.32:975][454]LogModuleManager: Shutting down and abandoning module MediaPlayerEditor (808)
[2023.04.22-11.33.32:975][454]LogModuleManager: Shutting down and abandoning module MediaCompositingEditor (806)
[2023.04.22-11.33.32:975][454]LogModuleManager: Shutting down and abandoning module SequenceRecorder (805)
[2023.04.22-11.33.32:975][454]LogModuleManager: Shutting down and abandoning module OpenExrWrapper (802)
[2023.04.22-11.33.32:975][454]LogModuleManager: Shutting down and abandoning module ImgMediaFactory (800)
[2023.04.22-11.33.32:975][454]LogModuleManager: Shutting down and abandoning module ImgMediaEditor (798)
[2023.04.22-11.33.32:975][454]LogModuleManager: Shutting down and abandoning module AvfMediaFactory (796)
[2023.04.22-11.33.32:975][454]LogModuleManager: Shutting down and abandoning module AvfMediaEditor (794)
[2023.04.22-11.33.32:975][454]LogModuleManager: Shutting down and abandoning module AndroidMediaFactory (792)
[2023.04.22-11.33.32:975][454]LogModuleManager: Shutting down and abandoning module AndroidMediaEditor (790)
[2023.04.22-11.33.32:975][454]LogModuleManager: Shutting down and abandoning module CharacterAI (788)
[2023.04.22-11.33.32:975][454]LogModuleManager: Shutting down and abandoning module TextureAlignMode (786)
[2023.04.22-11.33.32:975][454]LogModuleManager: Shutting down and abandoning module BspMode (784)
[2023.04.22-11.33.32:975][454]LogModuleManager: Shutting down and abandoning module GeometryMode (782)
[2023.04.22-11.33.32:975][454]LogModuleManager: Shutting down and abandoning module CameraShakePreviewer (780)
[2023.04.22-11.33.32:975][454]LogModuleManager: Shutting down and abandoning module SmartSnapping (778)
[2023.04.22-11.33.32:975][454]LogModuleManager: Shutting down and abandoning module SessionServices (776)
[2023.04.22-11.33.32:975][454]LogModuleManager: Shutting down and abandoning module MeshPaint (774)
[2023.04.22-11.33.32:975][454]LogModuleManager: Shutting down and abandoning module VirtualTexturingEditor (772)
[2023.04.22-11.33.32:975][454]LogModuleManager: Shutting down and abandoning module FoliageEdit (770)
[2023.04.22-11.33.32:975][454]LogModuleManager: Shutting down and abandoning module LandscapeEditor (768)
[2023.04.22-11.33.32:975][454]LogModuleManager: Shutting down and abandoning module MeshPaintMode (766)
[2023.04.22-11.33.32:975][454]LogModuleManager: Shutting down and abandoning module SceneDepthPickerMode (764)
[2023.04.22-11.33.32:975][454]LogModuleManager: Shutting down and abandoning module ActorPickerMode (762)
[2023.04.22-11.33.32:975][454]LogModuleManager: Shutting down and abandoning module PlacementMode (760)
[2023.04.22-11.33.32:976][454]LogModuleManager: Shutting down and abandoning module ViewportSnapping (758)
[2023.04.22-11.33.32:976][454]LogModuleManager: Shutting down and abandoning module ViewportInteraction (756)
[2023.04.22-11.33.32:976][454]LogModuleManager: Shutting down and abandoning module ClothPainter (754)
[2023.04.22-11.33.32:976][454]LogModuleManager: Shutting down and abandoning module SkeletalMeshEditor (753)
[2023.04.22-11.33.32:976][454]LogModuleManager: Shutting down and abandoning module LogVisualizer (750)
[2023.04.22-11.33.32:976][454]LogModuleManager: Shutting down and abandoning module IntroTutorials (748)
[2023.04.22-11.33.32:976][454]LogModuleManager: Shutting down and abandoning module GameProjectGeneration (747)
[2023.04.22-11.33.32:976][454]LogModuleManager: Shutting down and abandoning module LuminPlatformEditor (744)
[2023.04.22-11.33.32:976][454]LogModuleManager: Shutting down and abandoning module IOSPlatformEditor (742)
[2023.04.22-11.33.32:976][454]LogModuleManager: Shutting down and abandoning module AndroidPlatformEditor (740)
[2023.04.22-11.33.32:976][454]LogModuleManager: Shutting down and abandoning module AndroidDeviceDetection (739)
[2023.04.22-11.33.33:522][454]LogModuleManager: Shutting down and abandoning module WindowsPlatformEditor (736)
[2023.04.22-11.33.33:522][454]LogModuleManager: Shutting down and abandoning module LuminRuntimeSettings (734)
[2023.04.22-11.33.33:522][454]LogModuleManager: Shutting down and abandoning module IOSRuntimeSettings (732)
[2023.04.22-11.33.33:522][454]LogModuleManager: Shutting down and abandoning module AndroidRuntimeSettings (730)
[2023.04.22-11.33.33:522][454]LogModuleManager: Shutting down and abandoning module TraceInsights (728)
[2023.04.22-11.33.33:522][454]MemoryProfiler: Shutdown
[2023.04.22-11.33.33:522][454]NetworkingProfiler: Shutdown
[2023.04.22-11.33.33:522][454]LoadingProfiler: Shutdown
[2023.04.22-11.33.33:522][454]TimingProfiler: Shutdown
[2023.04.22-11.33.33:522][454]LogModuleManager: Shutting down and abandoning module TraceServices (727)
[2023.04.22-11.33.33:522][454]LogModuleManager: Shutting down and abandoning module EditorInteractiveToolsFramework (724)
[2023.04.22-11.33.33:522][454]LogModuleManager: Shutting down and abandoning module TimeManagementEditor (722)
[2023.04.22-11.33.33:522][454]LogModuleManager: Shutting down and abandoning module InputBindingEditor (720)
[2023.04.22-11.33.33:522][454]LogModuleManager: Shutting down and abandoning module MergeActors (718)
[2023.04.22-11.33.33:522][454]LogModuleManager: Shutting down and abandoning module LocalizationDashboard (716)
[2023.04.22-11.33.33:522][454]LogModuleManager: Shutting down and abandoning module LocalizationService (715)
[2023.04.22-11.33.33:522][454]LogModuleManager: Shutting down and abandoning module HardwareTargeting (712)
[2023.04.22-11.33.33:522][454]LogModuleManager: Shutting down and abandoning module DeviceProfileEditor (710)
[2023.04.22-11.33.33:522][454]LogModuleManager: Shutting down and abandoning module UndoHistory (708)
[2023.04.22-11.33.33:522][454]LogModuleManager: Shutting down and abandoning module XmlParser (706)
[2023.04.22-11.33.33:522][454]LogModuleManager: Shutting down and abandoning module Blutility (704)
[2023.04.22-11.33.33:522][454]LogModuleManager: Shutting down and abandoning module ProjectSettingsViewer (702)
[2023.04.22-11.33.33:522][454]LogModuleManager: Shutting down and abandoning module ProjectTargetPlatformEditor (701)
[2023.04.22-11.33.33:522][454]LogModuleManager: Shutting down and abandoning module EditorSettingsViewer (698)
[2023.04.22-11.33.33:522][454]LogModuleManager: Shutting down and abandoning module InternationalizationSettings (697)
[2023.04.22-11.33.33:522][454]LogModuleManager: Shutting down and abandoning module SettingsEditor (694)
[2023.04.22-11.33.33:522][454]LogModuleManager: Shutting down and abandoning module ProjectLauncher (692)
[2023.04.22-11.33.33:522][454]LogModuleManager: Shutting down and abandoning module SessionFrontend (690)
[2023.04.22-11.33.33:522][454]LogModuleManager: Shutting down and abandoning module ProfilerClient (688)
[2023.04.22-11.33.33:522][454]LogModuleManager: Shutting down and abandoning module DeviceManager (686)
[2023.04.22-11.33.33:522][454]LogModuleManager: Shutting down and abandoning module TargetDeviceServices (685)
[2023.04.22-11.33.33:554][454]LogModuleManager: Shutting down and abandoning module AutomationController (682)
[2023.04.22-11.33.33:554][454]LogModuleManager: Shutting down and abandoning module AutomationWindow (680)
[2023.04.22-11.33.33:554][454]LogModuleManager: Shutting down and abandoning module Layers (678)
[2023.04.22-11.33.33:554][454]LogModuleManager: Shutting down and abandoning module ComponentVisualizers (676)
[2023.04.22-11.33.33:554][454]LogModuleManager: Shutting down and abandoning module DetailCustomizations (674)
[2023.04.22-11.33.33:554][454]LogModuleManager: Shutting down and abandoning module PackagesDialog (672)
[2023.04.22-11.33.33:554][454]LogModuleManager: Shutting down and abandoning module AnimationBlueprintEditor (670)
[2023.04.22-11.33.33:554][454]LogModuleManager: Shutting down and abandoning module Persona (668)
[2023.04.22-11.33.33:554][454]LogModuleManager: Shutting down and abandoning module AdvancedPreviewScene (667)
[2023.04.22-11.33.33:554][454]LogModuleManager: Shutting down and abandoning module AnimGraph (665)
[2023.04.22-11.33.33:554][454]LogModuleManager: Shutting down and abandoning module Kismet (662)
[2023.04.22-11.33.33:554][454]LogModuleManager: Shutting down and abandoning module KismetWidgets (661)
[2023.04.22-11.33.33:554][454]LogModuleManager: Shutting down and abandoning module GraphEditor (658)
[2023.04.22-11.33.33:554][454]LogModuleManager: Shutting down and abandoning module StructViewer (656)
[2023.04.22-11.33.33:554][454]LogModuleManager: Shutting down and abandoning module ClassViewer (654)
[2023.04.22-11.33.33:554][454]LogModuleManager: Shutting down and abandoning module Toolbox (652)
[2023.04.22-11.33.33:554][454]LogModuleManager: Shutting down and abandoning module ModuleUI (650)
[2023.04.22-11.33.33:554][454]LogModuleManager: Shutting down and abandoning module OutputLog (648)
[2023.04.22-11.33.33:554][454]LogModuleManager: Shutting down and abandoning module GammaUI (646)
[2023.04.22-11.33.33:554][454]LogModuleManager: Shutting down and abandoning module Documentation (644)
[2023.04.22-11.33.33:554][454]LogModuleManager: Shutting down and abandoning module LiveCoding (642)
[2023.04.22-11.33.33:554][454]LogModuleManager: Shutting down and abandoning module LevelSequence (640)
[2023.04.22-11.33.33:554][454]LogModuleManager: Shutting down and abandoning module MovieSceneTracks (638)
[2023.04.22-11.33.33:555][454]LogModuleManager: Shutting down and abandoning module MovieScene (636)
[2023.04.22-11.33.33:555][454]LogModuleManager: Shutting down and abandoning module StreamingPauseRendering (634)
[2023.04.22-11.33.33:555][454]LogModuleManager: Shutting down and abandoning module LauncherPlatform (632)
[2023.04.22-11.33.33:555][454]LogModuleManager: Shutting down and abandoning module AnalyticsET (630)
[2023.04.22-11.33.33:555][454]LogModuleManager: Shutting down and abandoning module PortalServices (628)
[2023.04.22-11.33.33:555][454]LogModuleManager: Shutting down and abandoning module PortalRpc (626)
[2023.04.22-11.33.33:555][454]LogModuleManager: Shutting down and abandoning module MessagingRpc (624)
[2023.04.22-11.33.33:555][454]LogModuleManager: Shutting down and abandoning module AudioMixerXAudio2 (622)
[2023.04.22-11.33.33:555][454]LogModuleManager: Shutting down and abandoning module AudioMixerCore (621)
[2023.04.22-11.33.33:555][454]LogModuleManager: Shutting down and abandoning module AIModule (618)
[2023.04.22-11.33.33:555][454]LogModuleManager: Shutting down and abandoning module GameplayDebugger (617)
[2023.04.22-11.33.33:555][454]LogModuleManager: Shutting down and abandoning module AITestSuite (615)
[2023.04.22-11.33.33:555][454]LogModuleManager: Shutting down and abandoning module NavigationSystem (613)
[2023.04.22-11.33.33:555][454]LogModuleManager: Shutting down and abandoning module ImageWriteQueue (610)
[2023.04.22-11.33.33:555][454]LogModuleManager: Shutting down and abandoning module ProfilerService (608)
[2023.04.22-11.33.33:686][454]LogModuleManager: Shutting down and abandoning module TaskGraph (606)
[2023.04.22-11.33.33:686][454]LogModuleManager: Shutting down and abandoning module AudioSynesthesiaEditor (604)
[2023.04.22-11.33.33:686][454]LogModuleManager: Shutting down and abandoning module OculusEditor (602)
[2023.04.22-11.33.33:686][454]LogModuleManager: Shutting down and abandoning module OculusInput (600)
[2023.04.22-11.33.33:686][454]LogModuleManager: Shutting down and abandoning module ContentBrowserFileDataSource (598)
[2023.04.22-11.33.33:686][454]LogModuleManager: Shutting down and abandoning module ContentBrowserAssetDataSource (596)
[2023.04.22-11.33.33:686][454]LogModuleManager: Shutting down and abandoning module ContentBrowserClassDataSource (594)
[2023.04.22-11.33.33:686][454]LogModuleManager: Shutting down and abandoning module CollectionManager (593)
[2023.04.22-11.33.33:686][454]LogModuleManager: Shutting down and abandoning module SynthesisEditor (590)
[2023.04.22-11.33.33:686][454]LogModuleManager: Shutting down and abandoning module Synthesis (588)
[2023.04.22-11.33.33:686][454]LogModuleManager: Shutting down and abandoning module ProceduralMeshComponentEditor (586)
[2023.04.22-11.33.33:686][454]LogModuleManager: Shutting down and abandoning module ProceduralMeshComponent (584)
[2023.04.22-11.33.33:686][454]LogModuleManager: Shutting down and abandoning module TakeSequencer (582)
[2023.04.22-11.33.33:686][454]LogModuleManager: Shutting down and abandoning module TakeMovieScene (580)
[2023.04.22-11.33.33:686][454]LogModuleManager: Shutting down and abandoning module OpenXREditor (578)
[2023.04.22-11.33.33:686][454]LogModuleManager: Shutting down and abandoning module MobilePatchingUtils (576)
[2023.04.22-11.33.33:686][454]LogModuleManager: Shutting down and abandoning module ScreenshotTools (574)
[2023.04.22-11.33.33:686][454]LogModuleManager: Shutting down and abandoning module GooglePAD (572)
[2023.04.22-11.33.33:686][454]LogModuleManager: Shutting down and abandoning module EditableMesh (570)
[2023.04.22-11.33.33:686][454]LogModuleManager: Shutting down and abandoning module CustomMeshComponent (568)
[2023.04.22-11.33.33:686][454]LogModuleManager: Shutting down and abandoning module CableComponent (566)
[2023.04.22-11.33.33:686][454]LogModuleManager: Shutting down and abandoning module AudioCapture (564)
[2023.04.22-11.33.33:686][454]LogModuleManager: Shutting down and abandoning module AudioCaptureRtAudio (563)
[2023.04.22-11.33.33:686][454]LogModuleManager: Shutting down and abandoning module AssetTags (560)
[2023.04.22-11.33.33:686][454]LogModuleManager: Shutting down and abandoning module ArchVisCharacter (558)
[2023.04.22-11.33.33:686][454]LogModuleManager: Shutting down and abandoning module AppleImageUtilsBlueprintSupport (556)
[2023.04.22-11.33.33:686][454]LogModuleManager: Shutting down and abandoning module AppleImageUtils (554)
[2023.04.22-11.33.33:686][454]LogModuleManager: Shutting down and abandoning module AndroidPermission (552)
[2023.04.22-11.33.33:686][454]LogModuleManager: Shutting down and abandoning module ActorLayerUtilitiesEditor (550)
[2023.04.22-11.33.33:686][454]LogModuleManager: Shutting down and abandoning module ActorLayerUtilities (548)
[2023.04.22-11.33.33:686][454]LogModuleManager: Shutting down and abandoning module TemplateSequence (546)
[2023.04.22-11.33.33:686][454]LogModuleManager: Shutting down and abandoning module OpenImageDenoise (544)
[2023.04.22-11.33.33:686][454]LogOpenImageDenoise: OIDN shutting down
[2023.04.22-11.33.33:686][454]LogModuleManager: Shutting down and abandoning module MotoSynthEditor (542)
[2023.04.22-11.33.33:686][454]LogModuleManager: Shutting down and abandoning module MotoSynth (540)
[2023.04.22-11.33.33:686][454]LogModuleManager: Shutting down and abandoning module VariantManagerContentEditor (538)
[2023.04.22-11.33.33:686][454]LogModuleManager: Shutting down and abandoning module MagicLeapSharedWorld (536)
[2023.04.22-11.33.33:686][454]LogModuleManager: Shutting down and abandoning module MagicLeapLightEstimation (534)
[2023.04.22-11.33.33:686][454]LogModuleManager: Shutting down and abandoning module MeshConversion (532)
[2023.04.22-11.33.33:686][454]LogModuleManager: Shutting down and abandoning module DynamicMesh (530)
[2023.04.22-11.33.33:686][454]LogModuleManager: Shutting down and abandoning module GeometryAlgorithms (528)
[2023.04.22-11.33.33:686][454]LogModuleManager: Shutting down and abandoning module GeometricObjects (526)
[2023.04.22-11.33.33:686][454]LogModuleManager: Shutting down and abandoning module DatasmithContentEditor (524)
[2023.04.22-11.33.33:686][454]LogModuleManager: Shutting down and abandoning module MediaCompositing (522)
[2023.04.22-11.33.33:686][454]LogModuleManager: Shutting down and abandoning module ImgMedia (520)
[2023.04.22-11.33.33:686][454]LogModuleManager: Shutting down and abandoning module GeometryCollectionTracks (518)
[2023.04.22-11.33.33:686][454]LogModuleManager: Shutting down and abandoning module GeometryCollectionSequencer (517)
[2023.04.22-11.33.33:686][454]LogModuleManager: Shutting down and abandoning module GeometryCollectionEditor (514)
[2023.04.22-11.33.33:686][454]LogModuleManager: Shutting down and abandoning module MagicLeapHelperVulkan (512)
[2023.04.22-11.33.33:686][454]LogModuleManager: Shutting down and abandoning module MagicLeapHelperOpenGL (510)
[2023.04.22-11.33.33:686][454]LogModuleManager: Shutting down and abandoning module MagicLeapAudio (508)
[2023.04.22-11.33.33:686][454]LogModuleManager: Shutting down and abandoning module GeometryCacheTracks (506)
[2023.04.22-11.33.33:686][454]LogModuleManager: Shutting down and abandoning module GeometryCacheStreamer (504)
[2023.04.22-11.33.33:686][454]LogModuleManager: Shutting down and abandoning module GeometryCacheSequencer (502)
[2023.04.22-11.33.33:686][454]LogModuleManager: Shutting down and abandoning module NiagaraEditorWidgets (500)
[2023.04.22-11.33.33:686][454]LogModuleManager: Shutting down and abandoning module ChaosNiagara (498)
[2023.04.22-11.33.33:686][454]LogModuleManager: Shutting down and abandoning module ChaosSolverEditor (496)
[2023.04.22-11.33.33:686][454]LogModuleManager: Shutting down and abandoning module FractureEditor (494)
[2023.04.22-11.33.33:686][454]LogModuleManager: Shutting down and abandoning module FieldSystemEngine (493)
[2023.04.22-11.33.33:686][454]LogModuleManager: Shutting down and abandoning module ChaosClothEditor (490)
[2023.04.22-11.33.33:686][454]LogModuleManager: Shutting down and abandoning module AutomationUtilsEditor (488)
[2023.04.22-11.33.33:686][454]LogModuleManager: Shutting down and abandoning module AutomationUtils (486)
[2023.04.22-11.33.33:686][454]LogModuleManager: Shutting down and abandoning module BackChannel (484)
[2023.04.22-11.33.33:686][454]LogModuleManager: Shutting down and abandoning module AlembicImporter (482)
[2023.04.22-11.33.33:686][454]LogModuleManager: Shutting down and abandoning module AlembicLibrary (481)
[2023.04.22-11.33.33:686][454]LogModuleManager: Shutting down and abandoning module GeometryCache (480)
[2023.04.22-11.33.33:686][454]LogModuleManager: Shutting down and abandoning module GeometryCacheEd (479)
[2023.04.22-11.33.33:686][454]LogModuleManager: Shutting down and abandoning module PluginBrowser (474)
[2023.04.22-11.33.33:687][454]LogModuleManager: Shutting down and abandoning module SpeedTreeImporter (472)
[2023.04.22-11.33.33:687][454]LogModuleManager: Shutting down and abandoning module VisualStudioSourceCodeAccess (470)
[2023.04.22-11.33.33:687][454]LogModuleManager: Shutting down and abandoning module VisualStudioCodeSourceCodeAccess (468)
[2023.04.22-11.33.33:687][454]LogModuleManager: Shutting down and abandoning module MobileLauncherProfileWizard (466)
[2023.04.22-11.33.33:687][454]LogModuleManager: Shutting down and abandoning module MaterialAnalyzer (464)
[2023.04.22-11.33.33:687][454]LogModuleManager: Shutting down and abandoning module UObjectPlugin (462)
[2023.04.22-11.33.33:687][454]LogModuleManager: Shutting down and abandoning module SubversionSourceControl (460)
[2023.04.22-11.33.33:687][454]LogModuleManager: Shutting down and abandoning module RiderSourceCodeAccess (458)
[2023.04.22-11.33.33:687][454]LogModuleManager: Shutting down and abandoning module CurveEditorTools (456)
[2023.04.22-11.33.33:687][454]LogModuleManager: Shutting down and abandoning module CryptoKeysOpenSSL (454)
[2023.04.22-11.33.33:687][454]LogModuleManager: Shutting down and abandoning module CryptoKeys (452)
[2023.04.22-11.33.33:687][454]LogModuleManager: Shutting down and abandoning module PlasticSourceControl (450)
[2023.04.22-11.33.33:687][454]LogModuleManager: Shutting down and abandoning module PluginUtils (448)
[2023.04.22-11.33.33:687][454]LogModuleManager: Shutting down and abandoning module PerforceSourceControl (446)
[2023.04.22-11.33.33:687][454]LogModuleManager: Shutting down and abandoning module GitSourceControl (444)
[2023.04.22-11.33.33:687][454]LogModuleManager: Shutting down and abandoning module SourceControl (443)
[2023.04.22-11.33.33:687][454]LogModuleManager: Shutting down and abandoning module CLionSourceCodeAccess (440)
[2023.04.22-11.33.33:687][454]LogModuleManager: Shutting down and abandoning module GameplayCameras (438)
[2023.04.22-11.33.33:687][454]LogModuleManager: Shutting down and abandoning module OodleNetworkHandlerComponent (436)
[2023.04.22-11.33.33:687][454]LogModuleManager: Shutting down and abandoning module AnimationSharingEd (434)
[2023.04.22-11.33.33:687][454]LogModuleManager: Shutting down and abandoning module LightPropagationVolumeEditor (432)
[2023.04.22-11.33.33:687][454]LogModuleManager: Shutting down and abandoning module LiveLinkSequencer (430)
[2023.04.22-11.33.33:687][454]LogModuleManager: Shutting down and abandoning module LiveLinkMovieScene (428)
[2023.04.22-11.33.33:687][454]LogModuleManager: Shutting down and abandoning module LiveLinkGraphNode (426)
[2023.04.22-11.33.33:687][454]LogModuleManager: Shutting down and abandoning module LiveLinkEditor (424)
[2023.04.22-11.33.33:687][454]LogModuleManager: Shutting down and abandoning module LiveLinkComponents (422)
[2023.04.22-11.33.33:687][454]LogModuleManager: Shutting down and abandoning module LiveLink (420)
[2023.04.22-11.33.34:636][454]LogModuleManager: Shutting down and abandoning module PaperTiledImporter (418)
[2023.04.22-11.33.34:636][454]LogModuleManager: Shutting down and abandoning module PaperSpriteSheetImporter (416)
[2023.04.22-11.33.34:636][454]LogModuleManager: Shutting down and abandoning module Paper2DEditor (414)
[2023.04.22-11.33.34:636][454]LogModuleManager: Shutting down and abandoning module MeshPaintingToolset (412)
[2023.04.22-11.33.34:636][454]LogModuleManager: Shutting down and abandoning module MeshPaintEditorMode (410)
[2023.04.22-11.33.34:636][454]LogModuleManager: Shutting down and abandoning module SoundFields (408)
[2023.04.22-11.33.34:636][454]LogModuleManager: Shutting down and abandoning module SignificanceManager (406)
[2023.04.22-11.33.34:636][454]LogModuleManager: Shutting down and abandoning module RuntimePhysXCooking (404)
[2023.04.22-11.33.34:636][454]LogModuleManager: Shutting down and abandoning module PropertyAccessEditor (402)
[2023.04.22-11.33.34:636][454]LogModuleManager: Shutting down and abandoning module PhysXVehiclesEditor (400)
[2023.04.22-11.33.34:636][454]LogModuleManager: Shutting down and abandoning module LocationServicesBPLibrary (396)
[2023.04.22-11.33.34:636][454]LogModuleManager: Shutting down and abandoning module AudioSynesthesia (394)
[2023.04.22-11.33.34:636][454]LogModuleManager: Shutting down and abandoning module AudioSynesthesiaCore (392)
[2023.04.22-11.33.34:636][454]LogModuleManager: Shutting down and abandoning module ActorSequence (390)
[2023.04.22-11.33.34:636][454]LogModuleManager: Shutting down and abandoning module UdpMessaging (388)
[2023.04.22-11.33.34:737][454]LogModuleManager: Shutting down and abandoning module TcpMessaging (386)
[2023.04.22-11.33.34:838][454]LogModuleManager: Shutting down and abandoning module PythonScriptPlugin (384)
[2023.04.22-11.33.34:838][454]LogModuleManager: Shutting down and abandoning module MagicLeapARPin (382)
[2023.04.22-11.33.34:838][454]LogModuleManager: Shutting down and abandoning module ImgMediaEngine (380)
[2023.04.22-11.33.34:838][454]LogModuleManager: Shutting down and abandoning module MagicLeapHandMeshing (378)
[2023.04.22-11.33.34:838][454]LogModuleManager: Shutting down and abandoning module MagicLeapSecureStorage (376)
[2023.04.22-11.33.34:838][454]LogModuleManager: Shutting down and abandoning module MagicLeapPrivileges (374)
[2023.04.22-11.33.34:838][454]LogModuleManager: Shutting down and abandoning module MagicLeapPlanes (372)
[2023.04.22-11.33.34:838][454]LogMagicLeapPlanes: Planes tracker already destroyed.
[2023.04.22-11.33.34:838][454]LogModuleManager: Shutting down and abandoning module MagicLeapImageTracker (370)
[2023.04.22-11.33.34:838][454]LogModuleManager: Shutting down and abandoning module MagicLeapIdentity (368)
[2023.04.22-11.33.34:838][454]LogModuleManager: Shutting down and abandoning module MagicLeapHandTracking (366)
[2023.04.22-11.33.34:838][454]LogModuleManager: Shutting down and abandoning module MagicLeapEyeTracker (364)
[2023.04.22-11.33.34:838][454]LogModuleManager: Shutting down and abandoning module MagicLeapController (362)
[2023.04.22-11.33.34:838][454]LogModuleManager: Shutting down and abandoning module MagicLeapARPinImpl (360)
[2023.04.22-11.33.34:838][454]LogModuleManager: Shutting down and abandoning module MagicLeapAR (358)
[2023.04.22-11.33.34:838][454]LogModuleManager: Shutting down and abandoning module NiagaraAnimNotifies (356)
[2023.04.22-11.33.34:838][454]LogModuleManager: Shutting down and abandoning module Niagara (354)
[2023.04.22-11.33.34:838][454]LogModuleManager: Shutting down and abandoning module SignalProcessing (353)
[2023.04.22-11.33.34:838][454]LogModuleManager: Shutting down and abandoning module NiagaraEditor (351)
[2023.04.22-11.33.34:838][454]LogModuleManager: Shutting down and abandoning module NiagaraCore (348)
[2023.04.22-11.33.34:838][454]LogModuleManager: Shutting down and abandoning module GameplayTagsEditor (346)
[2023.04.22-11.33.34:838][454]LogModuleManager: Shutting down and abandoning module FacialAnimationEditor (344)
[2023.04.22-11.33.34:838][454]LogModuleManager: Shutting down and abandoning module FacialAnimation (342)
[2023.04.22-11.33.34:838][454]LogModuleManager: Shutting down and abandoning module DataValidation (340)
[2023.04.22-11.33.34:838][454]LogModuleManager: Shutting down and abandoning module PropertyAccessNode (338)
[2023.04.22-11.33.34:838][454]LogModuleManager: Shutting down and abandoning module AssetManagerEditor (336)
[2023.04.22-11.33.34:838][454]LogModuleManager: Shutting down and abandoning module LevelEditor (335)
[2023.04.22-11.33.34:839][454]LogModuleManager: Shutting down and abandoning module PixelInspectorModule (334)
[2023.04.22-11.33.34:839][454]LogModuleManager: Shutting down and abandoning module CommonMenuExtensions (332)
[2023.04.22-11.33.34:839][454]LogModuleManager: Shutting down and abandoning module MainFrame (330)
[2023.04.22-11.33.34:839][454]LogModuleManager: Shutting down and abandoning module HotReload (329)
[2023.04.22-11.33.34:839][454]LogModuleManager: Shutting down and abandoning module ToolMenus (325)
[2023.04.22-11.33.34:839][454]LogModuleManager: Shutting down and abandoning module ContentBrowser (323)
[2023.04.22-11.33.34:839][454]LogModuleManager: Shutting down and abandoning module ContentBrowserData (322)
[2023.04.22-11.33.34:839][454]LogModuleManager: Shutting down and abandoning module TreeMap (319)
[2023.04.22-11.33.34:839][454]LogModuleManager: Shutting down and abandoning module AnimationSharing (316)
[2023.04.22-11.33.34:839][454]LogModuleManager: Shutting down and abandoning module LightPropagationVolumeRuntime (314)
[2023.04.22-11.33.34:839][454]LogModuleManager: Shutting down and abandoning module EnvironmentQueryEditor (312)
[2023.04.22-11.33.34:839][454]LogModuleManager: Shutting down and abandoning module Paper2D (310)
[2023.04.22-11.33.34:839][454]LogModuleManager: Shutting down and abandoning module WindowsMoviePlayer (308)
[2023.04.22-11.33.34:840][454]LogModuleManager: Shutting down and abandoning module WebMMoviePlayer (306)
[2023.04.22-11.33.34:840][454]LogModuleManager: Shutting down and abandoning module NetworkReplayStreaming (304)
[2023.04.22-11.33.34:840][454]LogModuleManager: Shutting down and abandoning module PacketHandler (302)
[2023.04.22-11.33.34:840][454]LogModuleManager: Shutting down and abandoning module ClothingSystemEditor (300)
[2023.04.22-11.33.34:840][454]LogModuleManager: Shutting down and abandoning module ClothingSystemRuntimeNv (298)
[2023.04.22-11.33.34:840][454]LogModuleManager: Shutting down and abandoning module MediaAssets (296)
[2023.04.22-11.33.34:840][454]LogModuleManager: Shutting down and abandoning module Overlay (294)
[2023.04.22-11.33.34:840][454]LogModuleManager: Shutting down and abandoning module OverlayEditor (293)
[2023.04.22-11.33.34:840][454]LogModuleManager: Shutting down and abandoning module VREditor (290)
[2023.04.22-11.33.34:840][454]LogModuleManager: Shutting down and abandoning module StringTableEditor (288)
[2023.04.22-11.33.34:840][454]LogModuleManager: Shutting down and abandoning module GameplayTasksEditor (286)
[2023.04.22-11.33.34:840][454]LogModuleManager: Shutting down and abandoning module BehaviorTreeEditor (284)
[2023.04.22-11.33.34:840][454]LogModuleManager: Shutting down and abandoning module FunctionalTesting (282)
[2023.04.22-11.33.34:840][454]LogModuleManager: Shutting down and abandoning module CollisionAnalyzer (280)
[2023.04.22-11.33.34:840][454]LogModuleManager: Shutting down and abandoning module WorkspaceMenuStructure (279)
[2023.04.22-11.33.34:840][454]LogModuleManager: Shutting down and abandoning module UMG (276)
[2023.04.22-11.33.34:840][454]LogModuleManager: Shutting down and abandoning module UMGEditor (275)
[2023.04.22-11.33.34:840][454]LogModuleManager: Shutting down and abandoning module MessageLog (273)
[2023.04.22-11.33.34:840][454]LogModuleManager: Shutting down and abandoning module SlateReflector (268)
[2023.04.22-11.33.34:840][454]LogModuleManager: Shutting down and abandoning module Slate (266)
[2023.04.22-11.33.34:841][454]LogModuleManager: Shutting down and abandoning module SlateCore (264)
[2023.04.22-11.33.34:841][454]LogModuleManager: Shutting down and abandoning module LandscapeEditorUtilities (262)
[2023.04.22-11.33.34:841][454]LogModuleManager: Shutting down and abandoning module UnrealEd (260)
[2023.04.22-11.33.34:841][454]LogModuleManager: Shutting down and abandoning module MRMesh (258)
[2023.04.22-11.33.34:841][454]LogModuleManager: Shutting down and abandoning module SourceCodeAccess (256)
[2023.04.22-11.33.34:841][454]LogModuleManager: Shutting down and abandoning module HeadMountedDisplay (254)
[2023.04.22-11.33.34:841][454]LogModuleManager: Shutting down and abandoning module XAudio2 (252)
[2023.04.22-11.33.34:841][454]LogModuleManager: Shutting down and abandoning module Networking (250)
[2023.04.22-11.33.34:841][454]LogModuleManager: Shutting down and abandoning module Core (248)
[2023.04.22-11.33.34:841][454]LogModuleManager: Shutting down and abandoning module MaterialEditor (246)
[2023.04.22-11.33.34:841][454]LogModuleManager: Shutting down and abandoning module MovieSceneTools (244)
[2023.04.22-11.33.34:841][454]LogModuleManager: Shutting down and abandoning module CurveEditor (243)
[2023.04.22-11.33.34:841][454]LogModuleManager: Shutting down and abandoning module Sequencer (241)
[2023.04.22-11.33.34:841][454]LogModuleManager: Shutting down and abandoning module EditorStyle (240)
[2023.04.22-11.33.34:842][454]LogModuleManager: Shutting down and abandoning module KismetCompiler (236)
[2023.04.22-11.33.34:842][454]LogModuleManager: Shutting down and abandoning module MeshBuilder (234)
[2023.04.22-11.33.34:842][454]LogModuleManager: Shutting down and abandoning module MeshUtilities (232)
[2023.04.22-11.33.34:842][454]LogModuleManager: Shutting down and abandoning module MeshMergeUtilities (231)
[2023.04.22-11.33.34:842][454]LogModuleManager: Shutting down and abandoning module MeshReductionInterface (230)
[2023.04.22-11.33.34:842][454]LogModuleManager: Shutting down and abandoning module MeshBoneReduction (229)
[2023.04.22-11.33.34:842][454]LogModuleManager: Shutting down and abandoning module SkeletalMeshReduction (227)
[2023.04.22-11.33.34:842][454]LogModuleManager: Shutting down and abandoning module ProxyLODMeshReduction (225)
[2023.04.22-11.33.34:842][454]LogModuleManager: Shutting down and abandoning module QuadricMeshReduction (223)
[2023.04.22-11.33.34:842][454]LogModuleManager: Shutting down and abandoning module MaterialBaking (219)
[2023.04.22-11.33.34:842][454]LogModuleManager: Shutting down and abandoning module NullInstallBundleManager (214)
[2023.04.22-11.33.34:842][454]LogModuleManager: Shutting down and abandoning module DerivedDataCache (212)
[2023.04.22-11.33.34:842][454]LogModuleManager: Shutting down and abandoning module TargetPlatform (210)
[2023.04.22-11.33.34:842][454]LogModuleManager: Shutting down and abandoning module VulkanShaderFormat (209)
[2023.04.22-11.33.34:842][454]LogModuleManager: Shutting down and abandoning module ShaderFormatVectorVM (207)
[2023.04.22-11.33.34:842][454]LogModuleManager: Shutting down and abandoning module ShaderFormatOpenGL (205)
[2023.04.22-11.33.34:842][454]LogModuleManager: Shutting down and abandoning module ShaderFormatD3D (203)
[2023.04.22-11.33.34:842][454]LogModuleManager: Shutting down and abandoning module MetalShaderFormat (201)
[2023.04.22-11.33.34:842][454]LogModuleManager: Shutting down and abandoning module TextureFormatOodle (199)
[2023.04.22-11.33.34:842][454]LogModuleManager: Shutting down and abandoning module TextureFormatUncompressed (197)
[2023.04.22-11.33.34:842][454]LogModuleManager: Shutting down and abandoning module TextureFormatPVR (195)
[2023.04.22-11.33.34:842][454]LogModuleManager: Shutting down and abandoning module TextureFormatETC2 (193)
[2023.04.22-11.33.34:842][454]LogModuleManager: Shutting down and abandoning module TextureFormatDXT (191)
[2023.04.22-11.33.34:842][454]LogModuleManager: Shutting down and abandoning module TextureFormatIntelISPCTexComp (189)
[2023.04.22-11.33.34:842][454]LogModuleManager: Shutting down and abandoning module TextureFormatASTC (187)
[2023.04.22-11.33.34:842][454]LogModuleManager: Shutting down and abandoning module ImageWrapper (186)
[2023.04.22-11.33.34:842][454]LogModuleManager: Shutting down and abandoning module AudioFormatOpus (183)
[2023.04.22-11.33.34:842][454]LogModuleManager: Shutting down and abandoning module AudioFormatOgg (181)
[2023.04.22-11.33.34:842][454]LogModuleManager: Shutting down and abandoning module AudioFormatADPCM (179)
[2023.04.22-11.33.34:842][454]LogModuleManager: Shutting down and abandoning module WindowsServerTargetPlatform (177)
[2023.04.22-11.33.34:842][454]LogModuleManager: Shutting down and abandoning module WindowsClientTargetPlatform (175)
[2023.04.22-11.33.34:842][454]LogModuleManager: Shutting down and abandoning module WindowsTargetPlatform (173)
[2023.04.22-11.33.34:842][454]LogModuleManager: Shutting down and abandoning module WindowsNoEditorTargetPlatform (171)
[2023.04.22-11.33.34:842][454]LogModuleManager: Shutting down and abandoning module TVOSTargetPlatform (169)
[2023.04.22-11.33.34:843][454]LogModuleManager: Shutting down and abandoning module MacServerTargetPlatform (167)
[2023.04.22-11.33.34:843][454]LogModuleManager: Shutting down and abandoning module MacClientTargetPlatform (165)
[2023.04.22-11.33.34:843][454]LogModuleManager: Shutting down and abandoning module MacTargetPlatform (163)
[2023.04.22-11.33.34:843][454]LogModuleManager: Shutting down and abandoning module MacNoEditorTargetPlatform (161)
[2023.04.22-11.33.34:843][454]LogModuleManager: Shutting down and abandoning module LuminTargetPlatform (159)
[2023.04.22-11.33.34:843][454]LogModuleManager: Shutting down and abandoning module LinuxAArch64ServerTargetPlatform (157)
[2023.04.22-11.33.34:843][454]LogModuleManager: Shutting down and abandoning module LinuxAArch64ClientTargetPlatform (155)
[2023.04.22-11.33.34:843][454]LogModuleManager: Shutting down and abandoning module LinuxAArch64NoEditorTargetPlatform (153)
[2023.04.22-11.33.34:843][454]LogModuleManager: Shutting down and abandoning module LinuxServerTargetPlatform (151)
[2023.04.22-11.33.34:843][454]LogModuleManager: Shutting down and abandoning module LinuxClientTargetPlatform (149)
[2023.04.22-11.33.34:843][454]LogModuleManager: Shutting down and abandoning module LinuxNoEditorTargetPlatform (147)
[2023.04.22-11.33.34:843][454]LogModuleManager: Shutting down and abandoning module LinuxTargetPlatform (145)
[2023.04.22-11.33.34:843][454]LogModuleManager: Shutting down and abandoning module Messaging (143)
[2023.04.22-11.33.34:843][454]LogModuleManager: Shutting down and abandoning module IOSTargetPlatform (141)
[2023.04.22-11.33.34:844][454]LogModuleManager: Shutting down and abandoning module AndroidTargetPlatform (139)
[2023.04.22-11.33.34:846][454]LogModuleManager: Shutting down and abandoning module AllDesktopTargetPlatform (137)
[2023.04.22-11.33.34:846][454]LogModuleManager: Shutting down and abandoning module D3D11RHI (134)
[2023.04.22-11.33.34:846][454]LogModuleManager: Shutting down and abandoning module InputCore (132)
[2023.04.22-11.33.34:846][454]LogModuleManager: Shutting down and abandoning module Settings (130)
[2023.04.22-11.33.34:846][454]LogModuleManager: Shutting down and abandoning module DirectoryWatcher (128)
[2023.04.22-11.33.34:846][454]LogModuleManager: Shutting down and abandoning module PhysXCooking (126)
[2023.04.22-11.33.34:846][454]LogModuleManager: Shutting down and abandoning module Chaos (124)
[2023.04.22-11.33.34:846][454]LogModuleManager: Shutting down and abandoning module WindowsPlatformFeatures (122)
[2023.04.22-11.33.34:846][454]LogModuleManager: Shutting down and abandoning module GameplayMediaEncoder (121)
[2023.04.22-11.33.34:846][454]LogModuleManager: Shutting down and abandoning module AVEncoder (120)
[2023.04.22-11.33.34:846][454]LogModuleManager: Shutting down and abandoning module SteamVRInputDevice (116)
[2023.04.22-11.33.34:846][454]LogModuleManager: Shutting down and abandoning module SteamVRInput (114)
[2023.04.22-11.33.34:846][454]LogModuleManager: Shutting down and abandoning module SteamVR (112)
[2023.04.22-11.33.34:846][454]LogHMD: Freeing OpenVRDLLHandle.
[2023.04.22-11.33.34:846][454]LogModuleManager: Shutting down and abandoning module OculusHMD (110)
[2023.04.22-11.33.34:846][454]LogModuleManager: Shutting down and abandoning module OpenXREyeTracker (108)
[2023.04.22-11.33.34:846][454]LogModuleManager: Shutting down and abandoning module OpenXRHandTracking (106)
[2023.04.22-11.33.34:846][454]LogSlate: Slate User Destroyed.  User Index 0, Is Virtual User: 0
[2023.04.22-11.33.34:846][454]LogModuleManager: Shutting down and abandoning module OpenXRAR (104)
[2023.04.22-11.33.34:846][454]LogModuleManager: Shutting down and abandoning module AugmentedReality (103)
[2023.04.22-11.33.34:846][454]LogModuleManager: Shutting down and abandoning module OpenXRHMD (100)
[2023.04.22-11.33.34:846][454]LogModuleManager: Shutting down and abandoning module ExampleDeviceProfileSelector (98)
[2023.04.22-11.33.34:846][454]LogModuleManager: Shutting down and abandoning module ChunkDownloader (96)
[2023.04.22-11.33.34:846][454]LogModuleManager: Shutting down and abandoning module OnlineBlueprintSupport (94)
[2023.04.22-11.33.34:846][454]LogModuleManager: Shutting down and abandoning module LauncherChunkInstaller (90)
[2023.04.22-11.33.34:846][454]LogModuleManager: Shutting down and abandoning module OnlineSubsystem (88)
[2023.04.22-11.33.34:847][454]LogModuleManager: Shutting down and abandoning module XMPP (83)
[2023.04.22-11.33.34:847][454]LogModuleManager: Shutting down and abandoning module WebSockets (82)
[2023.04.22-11.33.34:864][454]LogModuleManager: Shutting down and abandoning module HTTP (79)
[2023.04.22-11.33.34:864][454]LogHttp: Display: Http module shutting down, but needs to wait on 1 outstanding Http requests:
[2023.04.22-11.33.34:864][454]LogHttp: Display: 	verb=[POST] url=[https://datarouter.ol.epicgames.com/datarouter/api/v1/public/data?SessionID=%7B9C58D40C-4D29-D5BC-E53F-A6A425B8B284%7D&AppID=UEEditor.Rocket.Release&AppVersion=4.27.0-17155196%2B%2B%2BUE4%2BRelease-4.27&UserID=6c323a574de77068069fd1a69ce5459b%7Ce0d89e8bb4f042d48aa65e438af618d2%7C27c992d2-39c7-4861-bb46-ff907c92b92a&AppEnvironment=datacollector-binary&UploadType=eteventstream] refs=[1] status=Processing
[2023.04.22-11.33.34:864][454]LogHttp: Display: cleaning up 1 outstanding Http requests.
[2023.04.22-11.33.34:869][454]LogModuleManager: Shutting down and abandoning module SSL (78)
[2023.04.22-11.33.34:870][454]LogModuleManager: Shutting down and abandoning module MLSDK (74)
[2023.04.22-11.33.34:870][454]LogModuleManager: Shutting down and abandoning module VariantManagerContent (72)
[2023.04.22-11.33.34:870][454]LogModuleManager: Shutting down and abandoning module WmfMedia (70)
[2023.04.22-11.33.34:871][454]LogModuleManager: Shutting down and abandoning module Media (69)
[2023.04.22-11.33.34:872][454]LogModuleManager: Shutting down and abandoning module MediaInfo (68)
[2023.04.22-11.33.34:872][454]LogModuleManager: Shutting down and abandoning module DatasmithContent (64)
[2023.04.22-11.33.34:872][454]LogModuleManager: Shutting down and abandoning module ExrReaderGpu (62)
[2023.04.22-11.33.34:872][454]LogModuleManager: Shutting down and abandoning module MagicLeap (60)
[2023.04.22-11.33.34:872][454]LogModuleManager: Shutting down and abandoning module NiagaraVertexFactories (58)
[2023.04.22-11.33.34:872][454]LogModuleManager: Shutting down and abandoning module NiagaraShader (56)
[2023.04.22-11.33.34:872][454]LogModuleManager: Shutting down and abandoning module ChaosCloth (54)
[2023.04.22-11.33.34:872][454]LogModuleManager: Shutting down and abandoning module PixWinPlugin (52)
[2023.04.22-11.33.34:872][454]LogModuleManager: Shutting down and abandoning module AISupportModule (50)
[2023.04.22-11.33.34:872][454]LogModuleManager: Shutting down and abandoning module DesktopPlatform (48)
[2023.04.22-11.33.34:872][454]LogModuleManager: Shutting down and abandoning module PythonScriptPluginPreload (46)
[2023.04.22-11.33.34:872][454]LogModuleManager: Shutting down and abandoning module PlatformCryptoOpenSSL (44)
[2023.04.22-11.33.34:872][454]LogModuleManager: Shutting down and abandoning module PlatformCryptoTypes (42)
[2023.04.22-11.33.34:872][454]LogModuleManager: Shutting down and abandoning module PlatformCrypto (40)
[2023.04.22-11.33.34:872][454]LogModuleManager: Shutting down and abandoning module OodleDataCompressionFormat (38)
[2023.04.22-11.33.34:872][454]LogModuleManager: Shutting down and abandoning module XGEController (36)
[2023.04.22-11.33.34:872][454]LogXGEController: Cleaning working directory: C:/Users/Asus/AppData/Local/Temp/UnrealXGEWorkingDir/
[2023.04.22-11.33.34:872][454]LogModuleManager: Shutting down and abandoning module AnimationModifiers (34)
[2023.04.22-11.33.34:872][454]LogModuleManager: Shutting down and abandoning module AudioEditor (32)
[2023.04.22-11.33.34:872][454]LogModuleManager: Shutting down and abandoning module PropertyEditor (31)
[2023.04.22-11.33.34:872][454]LogModuleManager: Shutting down and abandoning module TextureCompressor (28)
[2023.04.22-11.33.34:872][454]LogModuleManager: Shutting down and abandoning module RenderCore (26)
[2023.04.22-11.33.34:872][454]LogModuleManager: Shutting down and abandoning module Landscape (24)
[2023.04.22-11.33.34:872][454]LogModuleManager: Shutting down and abandoning module SlateRHIRenderer (22)
[2023.04.22-11.33.34:873][454]LogModuleManager: Shutting down and abandoning module AnimGraphRuntime (20)
[2023.04.22-11.33.34:873][454]LogModuleManager: Shutting down and abandoning module Renderer (18)
[2023.04.22-11.33.34:873][454]LogModuleManager: Shutting down and abandoning module Engine (16)
[2023.04.22-11.33.34:873][454]LogModuleManager: Shutting down and abandoning module CoreUObject (14)
[2023.04.22-11.33.34:873][454]LogModuleManager: Shutting down and abandoning module NetworkFile (12)
[2023.04.22-11.33.34:873][454]LogModuleManager: Shutting down and abandoning module CookedIterativeFile (10)
[2023.04.22-11.33.34:873][454]LogModuleManager: Shutting down and abandoning module StreamingFile (8)
[2023.04.22-11.33.34:873][454]LogModuleManager: Shutting down and abandoning module SandboxFile (6)
[2023.04.22-11.33.34:873][454]LogModuleManager: Shutting down and abandoning module PakFile (4)
[2023.04.22-11.33.34:873][454]LogModuleManager: Shutting down and abandoning module RSA (3)
[2023.04.22-11.33.35:043][454]LogContentStreaming: Display: There are 1 unreleased StreamingManagers
[2023.04.22-11.33.35:043][454]LogD3D11RHI: Shutdown
[2023.04.22-11.33.35:043][454]LogD3D11RHI: CleanupD3DDevice
[2023.04.22-11.33.35:052][454]LogExit: Exiting.
[2023.04.22-11.33.35:057][454]Log file closed, 04/22/23 15:03:35
