Log file open, 05/07/23 19:27:44
LogWindows: Failed to load 'aqProf.dll' (GetLastError=126)
LogWindows: File 'aqProf.dll' does not exist
LogWindows: Failed to load 'VtuneApi.dll' (GetLastError=126)
LogWindows: File 'VtuneApi.dll' does not exist
LogWindows: Failed to load 'VtuneApi32e.dll' (GetLastError=126)
LogWindows: File 'VtuneApi32e.dll' does not exist
LogConsoleResponse: Display: Failed to find resolution value strings in scalability ini. Falling back to default.
LogConsoleResponse: Display: Failed to find resolution value strings in scalability ini. Falling back to default.
LogInit: Display: Running engine for game: SpeedLimit_UniAzad
LogPlatformFile: Not using cached read wrapper
LogTaskGraph: Started task graph with 5 named threads and 23 total threads with 3 sets of task threads.
LogStats: Stats thread started at 0.183692
LogICUInternationalization: ICU TimeZone Detection - Raw Offset: +3:30, Platform Override: ''
LogInit: Display: Loading text-based GConfig....
LogPluginManager: Mounting plugin MeshPainting
LogPluginManager: Mounting plugin XGEController
LogPluginManager: Mounting plugin Paper2D
LogPluginManager: Mounting plugin AISupport
LogPluginManager: Mounting plugin EnvironmentQueryEditor
LogPluginManager: Mounting plugin LiveLink
LogPluginManager: Mounting plugin CameraShakePreviewer
LogPluginManager: Mounting plugin GameplayCameras
LogPluginManager: Mounting plugin LightPropagationVolume
LogPluginManager: Mounting plugin AnimationSharing
LogPluginManager: Mounting plugin CLionSourceCodeAccess
LogPluginManager: Mounting plugin CodeLiteSourceCodeAccess
LogPluginManager: Mounting plugin GitSourceControl
LogPluginManager: Mounting plugin KDevelopSourceCodeAccess
LogPluginManager: Mounting plugin NullSourceCodeAccess
LogPluginManager: Mounting plugin PixWinPlugin
LogPluginManager: Mounting plugin PlasticSourceControl
LogPluginManager: Mounting plugin PerforceSourceControl
LogPluginManager: Mounting plugin PluginUtils
LogPluginManager: Mounting plugin PropertyAccessNode
LogPluginManager: Mounting plugin RiderSourceCodeAccess
LogPluginManager: Mounting plugin TextureFormatOodle
LogPluginManager: Mounting plugin SubversionSourceControl
LogPluginManager: Mounting plugin UObjectPlugin
LogPluginManager: Mounting plugin AssetManagerEditor
LogPluginManager: Mounting plugin CryptoKeys
LogPluginManager: Mounting plugin VisualStudioSourceCodeAccess
LogPluginManager: Mounting plugin VisualStudioCodeSourceCodeAccess
LogPluginManager: Mounting plugin XCodeSourceCodeAccess
LogPluginManager: Mounting plugin DataValidation
LogPluginManager: Mounting plugin CurveEditorTools
LogPluginManager: Mounting plugin GameplayTagsEditor
LogPluginManager: Mounting plugin FacialAnimation
LogPluginManager: Mounting plugin GeometryMode
LogPluginManager: Mounting plugin MacGraphicsSwitching
LogPluginManager: Mounting plugin MaterialAnalyzer
LogPluginManager: Mounting plugin OodleData
LogPluginManager: Mounting plugin MobileLauncherProfileWizard
LogPluginManager: Mounting plugin SpeedTreeImporter
LogPluginManager: Mounting plugin PluginBrowser
LogPluginManager: Mounting plugin OodleNetwork
LogPluginManager: Mounting plugin DatasmithContent
LogPluginManager: Mounting plugin VariantManagerContent
LogPluginManager: Mounting plugin AlembicImporter
LogPluginManager: Mounting plugin AutomationUtils
LogPluginManager: Mounting plugin BackChannel
LogPluginManager: Mounting plugin ChaosCloth
LogPluginManager: Mounting plugin ChaosClothEditor
LogPluginManager: Mounting plugin ChaosEditor
LogPluginManager: Mounting plugin ChaosNiagara
LogPluginManager: Mounting plugin ChaosSolverPlugin
LogPluginManager: Mounting plugin CharacterAI
LogPluginManager: Mounting plugin GeometryCache
LogPluginManager: Mounting plugin GeometryCollectionPlugin
LogPluginManager: Mounting plugin GeometryProcessing
LogPluginManager: Mounting plugin LuminPlatformFeatures
LogPluginManager: Mounting plugin MagicLeap
LogPluginManager: Mounting plugin MotoSynth
LogPluginManager: Mounting plugin OpenImageDenoise
LogPluginManager: Mounting plugin PlanarCut
LogPluginManager: Mounting plugin PlatformCrypto
LogPluginManager: Mounting plugin ProxyLODPlugin
LogPluginManager: Mounting plugin PythonScriptPlugin
LogPluginManager: Mounting plugin SkeletalReduction
LogPluginManager: Mounting plugin MagicLeapMedia
LogPluginManager: Mounting plugin MagicLeapLightEstimation
LogPluginManager: Mounting plugin MagicLeapPassableWorld
LogPluginManager: Mounting plugin MLSDK
LogPluginManager: Mounting plugin Niagara
LogPluginManager: Mounting plugin ActorSequence
LogPluginManager: Mounting plugin LevelSequenceEditor
LogPluginManager: Mounting plugin MatineeToLevelSequence
LogPluginManager: Mounting plugin AndroidMedia
LogPluginManager: Mounting plugin LauncherChunkInstaller
LogPluginManager: Mounting plugin OnlineSubsystem
LogPluginManager: Mounting plugin TemplateSequence
LogPluginManager: Mounting plugin TcpMessaging
LogPluginManager: Mounting plugin UdpMessaging
LogPluginManager: Mounting plugin AvfMedia
LogPluginManager: Mounting plugin OnlineSubsystemNull
LogPluginManager: Mounting plugin OnlineSubsystemUtils
LogPluginManager: Mounting plugin ImgMedia
LogPluginManager: Mounting plugin MediaCompositing
LogPluginManager: Mounting plugin MediaPlayerEditor
LogPluginManager: Mounting plugin WebMMedia
LogPluginManager: Mounting plugin WmfMedia
LogPluginManager: Mounting plugin ActorLayerUtilities
LogPluginManager: Mounting plugin AndroidDeviceProfileSelector
LogPluginManager: Mounting plugin AndroidMoviePlayer
LogPluginManager: Mounting plugin AndroidPermission
LogPluginManager: Mounting plugin AppleMoviePlayer
LogPluginManager: Mounting plugin ArchVisCharacter
LogPluginManager: Mounting plugin AppleImageUtils
LogPluginManager: Mounting plugin AudioCapture
LogPluginManager: Mounting plugin AssetTags
LogPluginManager: Mounting plugin AudioSynesthesia
LogPluginManager: Mounting plugin ChunkDownloader
LogPluginManager: Mounting plugin CableComponent
LogPluginManager: Mounting plugin CustomMeshComponent
LogPluginManager: Mounting plugin EditableMesh
LogPluginManager: Mounting plugin ExampleDeviceProfileSelector
LogPluginManager: Mounting plugin GoogleCloudMessaging
LogPluginManager: Mounting plugin GooglePAD
LogPluginManager: Mounting plugin IOSDeviceProfileSelector
LogPluginManager: Mounting plugin LinuxDeviceProfileSelector
LogPluginManager: Mounting plugin LocationServicesBPLibrary
LogPluginManager: Mounting plugin MobilePatchingUtils
LogPluginManager: Mounting plugin OpenXR
LogPluginManager: Mounting plugin OpenXREyeTracker
LogPluginManager: Mounting plugin OpenXRHandTracking
LogPluginManager: Mounting plugin PhysXVehicles
LogPluginManager: Mounting plugin Takes
LogPluginManager: Mounting plugin PostSplashScreen
LogPluginManager: Mounting plugin PropertyAccessEditor
LogPluginManager: Mounting plugin ProceduralMeshComponent
LogPluginManager: Mounting plugin RuntimePhysXCooking
LogPluginManager: Mounting plugin SignificanceManager
LogPluginManager: Mounting plugin SoundFields
LogPluginManager: Mounting plugin ScreenshotTools
LogPluginManager: Mounting plugin Synthesis
LogPluginManager: Mounting plugin WebMMoviePlayer
LogPluginManager: Mounting plugin WindowsMoviePlayer
LogPluginManager: Mounting plugin ContentBrowserAssetDataSource
LogPluginManager: Mounting plugin ContentBrowserClassDataSource
LogPluginManager: Mounting plugin ContentBrowserFileDataSource
LogPluginManager: Mounting plugin OnlineSubsystemGooglePlay
LogPluginManager: Mounting plugin OnlineSubsystemIOS
LogPluginManager: Mounting plugin OculusVR
LogPluginManager: Mounting plugin SteamVR
PixWinPlugin: PIX capture plugin failed to initialize! Check that the process is launched from PIX.
LogInit: Using libcurl 7.55.1-DEV
LogInit:  - built for x86_64-pc-win32
LogInit:  - supports SSL with OpenSSL/1.1.1
LogInit:  - supports HTTP deflate (compression) using libz 1.2.8
LogInit:  - other features:
LogInit:      CURL_VERSION_SSL
LogInit:      CURL_VERSION_LIBZ
LogInit:      CURL_VERSION_IPV6
LogInit:      CURL_VERSION_ASYNCHDNS
LogInit:      CURL_VERSION_LARGEFILE
LogInit:      CURL_VERSION_IDN
LogInit:  CurlRequestOptions (configurable via config and command line):
LogInit:  - bVerifyPeer = true  - Libcurl will verify peer certificate
LogInit:  - bUseHttpProxy = false  - Libcurl will NOT use HTTP proxy
LogInit:  - bDontReuseConnections = false  - Libcurl will reuse connections
LogInit:  - MaxHostConnections = 16  - Libcurl will limit the number of connections to a host
LogInit:  - LocalHostAddr = Default
LogInit:  - BufferSize = 65536
LogOnline: OSS: Creating online subsystem instance for: NULL
LogInit: WinSock: version 1.1 (2.2), MaxSocks=32767, MaxUdp=65467
LogOnline: OSS: TryLoadSubsystemAndSetDefault: Loaded subsystem for module [NULL]
LogOculusPluginWrapper: OculusPlugin initialized successfully
LogHMD: Failed initializing OVRPlugin 1.59.0
LogInit: Build: ++UE4+Release-4.27-CL-17155196
LogInit: Engine Version: 4.27.0-17155196+++UE4+Release-4.27
LogInit: Compatible Engine Version: 4.27.0-17155196+++UE4+Release-4.27
LogInit: Net CL: 17155196
LogInit: OS: Windows 10 (Release 2009) (), CPU: 11th Gen Intel(R) Core(TM) i7-1195G7 @ 2.90GHz, GPU: Intel(R) Iris(R) Xe Graphics
LogInit: Compiled (64-bit): Aug 13 2021 06:13:13
LogInit: Compiled with Visual C++: 19.24.28315.00
LogInit: Build Configuration: Development
LogInit: Branch Name: ++UE4+Release-4.27
LogInit: Command Line: 
LogInit: Base Directory: E:/Downloads/unreal_engine_v4.27_compiled/Unreal Engine v4.27 Compiled/Engine/Binaries/Win64/
LogInit: Allocator: TBB
LogInit: Installed Engine Build: 1
LogDevObjectVersion: Number of dev versions registered: 29
LogDevObjectVersion:   Dev-Blueprints (B0D832E4-1F89-4F0D-ACCF-7EB736FD4AA2): 10
LogDevObjectVersion:   Dev-Build (E1C64328-A22C-4D53-A36C-8E866417BD8C): 0
LogDevObjectVersion:   Dev-Core (375EC13C-06E4-48FB-B500-84F0262A717E): 4
LogDevObjectVersion:   Dev-Editor (E4B068ED-F494-42E9-A231-DA0B2E46BB41): 40
LogDevObjectVersion:   Dev-Framework (CFFC743F-43B0-4480-9391-14DF171D2073): 37
LogDevObjectVersion:   Dev-Mobile (B02B49B5-BB20-44E9-A304-32B752E40360): 3
LogDevObjectVersion:   Dev-Networking (A4E4105C-59A1-49B5-A7C5-40C4547EDFEE): 0
LogDevObjectVersion:   Dev-Online (39C831C9-5AE6-47DC-9A44-9C173E1C8E7C): 0
LogDevObjectVersion:   Dev-Physics (78F01B33-EBEA-4F98-B9B4-84EACCB95AA2): 14
LogDevObjectVersion:   Dev-Platform (6631380F-2D4D-43E0-8009-CF276956A95A): 0
LogDevObjectVersion:   Dev-Rendering (12F88B9F-8875-4AFC-A67C-D90C383ABD29): 45
LogDevObjectVersion:   Dev-Sequencer (7B5AE74C-D270-4C10-A958-57980B212A5A): 13
LogDevObjectVersion:   Dev-VR (D7296918-1DD6-4BDD-9DE2-64A83CC13884): 3
LogDevObjectVersion:   Dev-LoadTimes (C2A15278-BFE7-4AFE-6C17-90FF531DF755): 1
LogDevObjectVersion:   Private-Geometry (6EACA3D4-40EC-4CC1-B786-8BED09428FC5): 3
LogDevObjectVersion:   Dev-AnimPhys (29E575DD-E0A3-4627-9D10-D276232CDCEA): 17
LogDevObjectVersion:   Dev-Anim (AF43A65D-7FD3-4947-9873-3E8ED9C1BB05): 15
LogDevObjectVersion:   Dev-ReflectionCapture (6B266CEC-1EC7-4B8F-A30B-E4D90942FC07): 1
LogDevObjectVersion:   Dev-Automation (0DF73D61-A23F-47EA-B727-89E90C41499A): 1
LogDevObjectVersion:   FortniteMain (601D1886-AC64-4F84-AA16-D3DE0DEAC7D6): 47
LogDevObjectVersion:   FortniteRelease (E7086368-6B23-4C58-8439-1B7016265E91): 1
LogDevObjectVersion:   Dev-Enterprise (9DFFBCD6-494F-0158-E221-12823C92A888): 10
LogDevObjectVersion:   Dev-Niagara (F2AED0AC-9AFE-416F-8664-AA7FFA26D6FC): 1
LogDevObjectVersion:   Dev-Destruction (174F1F0B-B4C6-45A5-B13F-2EE8D0FB917D): 10
LogDevObjectVersion:   Dev-Physics-Ext (35F94A83-E258-406C-A318-09F59610247C): 41
LogDevObjectVersion:   Dev-PhysicsMaterial-Chaos (B68FC16E-8B1B-42E2-B453-215C058844FE): 1
LogDevObjectVersion:   Dev-CineCamera (B2E18506-4273-CFC2-A54E-F4BB758BBA07): 1
LogDevObjectVersion:   Dev-VirtualProduction (64F58936-FD1B-42BA-BA96-7289D5D0FA4E): 1
LogDevObjectVersion:   Dev-MediaFramework (6F0ED827-A609-4895-9C91-998D90180EA4): 2
LogInit: Presizing for max 25165824 objects, including 0 objects not considered by GC, pre-allocating 0 bytes for permanent pool.
LogConfig: Applying CVar settings from Section [/Script/Engine.StreamingSettings] File [E:/Asus/Documents/GitHub/TheTroubleMakers/Unreal Engine Project/SpeedLimit_UniAzad/Saved/Config/Windows/Engine.ini]
LogConfig: Setting CVar [[s.MinBulkDataSizeForAsyncLoading:131072]]
LogConfig: Setting CVar [[s.AsyncLoadingThreadEnabled:0]]
LogConfig: Setting CVar [[s.EventDrivenLoaderEnabled:1]]
LogConfig: Setting CVar [[s.WarnIfTimeLimitExceeded:0]]
LogConfig: Setting CVar [[s.TimeLimitExceededMultiplier:1.5]]
LogConfig: Setting CVar [[s.TimeLimitExceededMinTime:0.005]]
LogConfig: Setting CVar [[s.UseBackgroundLevelStreaming:1]]
LogConfig: Setting CVar [[s.PriorityAsyncLoadingExtraTime:15.0]]
LogConfig: Setting CVar [[s.LevelStreamingActorsUpdateTimeLimit:5.0]]
LogConfig: Setting CVar [[s.PriorityLevelStreamingActorsUpdateExtraTime:5.0]]
LogConfig: Setting CVar [[s.LevelStreamingComponentsRegistrationGranularity:10]]
LogConfig: Setting CVar [[s.UnregisterComponentsTimeLimit:1.0]]
LogConfig: Setting CVar [[s.LevelStreamingComponentsUnregistrationGranularity:5]]
LogConfig: Setting CVar [[s.FlushStreamingOnExit:1]]
LogInit: Object subsystem initialized
LogConfig: Setting CVar [[con.DebugEarlyDefault:1]]
LogConfig: Setting CVar [[r.setres:1280x720]]
[2023.05.07-15.57.44:874][  0]LogConfig: Setting CVar [[r.VSync:0]]
[2023.05.07-15.57.44:874][  0]LogConfig: Setting CVar [[r.RHICmdBypass:0]]
[2023.05.07-15.57.44:874][  0]LogConfig: Applying CVar settings from Section [/Script/Engine.RendererSettings] File [E:/Asus/Documents/GitHub/TheTroubleMakers/Unreal Engine Project/SpeedLimit_UniAzad/Saved/Config/Windows/Engine.ini]
[2023.05.07-15.57.44:874][  0]LogConfig: Setting CVar [[r.GPUCrashDebugging:0]]
[2023.05.07-15.57.44:874][  0]LogConfig: Applying CVar settings from Section [/Script/Engine.RendererOverrideSettings] File [E:/Asus/Documents/GitHub/TheTroubleMakers/Unreal Engine Project/SpeedLimit_UniAzad/Saved/Config/Windows/Engine.ini]
[2023.05.07-15.57.44:874][  0]LogConfig: Applying CVar settings from Section [/Script/Engine.StreamingSettings] File [E:/Asus/Documents/GitHub/TheTroubleMakers/Unreal Engine Project/SpeedLimit_UniAzad/Saved/Config/Windows/Engine.ini]
[2023.05.07-15.57.44:874][  0]LogConfig: Setting CVar [[s.MinBulkDataSizeForAsyncLoading:131072]]
[2023.05.07-15.57.44:874][  0]LogConfig: Setting CVar [[s.AsyncLoadingThreadEnabled:0]]
[2023.05.07-15.57.44:874][  0]LogConfig: Setting CVar [[s.EventDrivenLoaderEnabled:1]]
[2023.05.07-15.57.44:874][  0]LogConfig: Setting CVar [[s.WarnIfTimeLimitExceeded:0]]
[2023.05.07-15.57.44:874][  0]LogConfig: Setting CVar [[s.TimeLimitExceededMultiplier:1.5]]
[2023.05.07-15.57.44:874][  0]LogConfig: Setting CVar [[s.TimeLimitExceededMinTime:0.005]]
[2023.05.07-15.57.44:874][  0]LogConfig: Setting CVar [[s.UseBackgroundLevelStreaming:1]]
[2023.05.07-15.57.44:874][  0]LogConfig: Setting CVar [[s.PriorityAsyncLoadingExtraTime:15.0]]
[2023.05.07-15.57.44:874][  0]LogConfig: Setting CVar [[s.LevelStreamingActorsUpdateTimeLimit:5.0]]
[2023.05.07-15.57.44:874][  0]LogConfig: Setting CVar [[s.PriorityLevelStreamingActorsUpdateExtraTime:5.0]]
[2023.05.07-15.57.44:874][  0]LogConfig: Setting CVar [[s.LevelStreamingComponentsRegistrationGranularity:10]]
[2023.05.07-15.57.44:874][  0]LogConfig: Setting CVar [[s.UnregisterComponentsTimeLimit:1.0]]
[2023.05.07-15.57.44:874][  0]LogConfig: Setting CVar [[s.LevelStreamingComponentsUnregistrationGranularity:5]]
[2023.05.07-15.57.44:874][  0]LogConfig: Setting CVar [[s.FlushStreamingOnExit:1]]
[2023.05.07-15.57.44:874][  0]LogConfig: Applying CVar settings from Section [/Script/Engine.GarbageCollectionSettings] File [E:/Asus/Documents/GitHub/TheTroubleMakers/Unreal Engine Project/SpeedLimit_UniAzad/Saved/Config/Windows/Engine.ini]
[2023.05.07-15.57.44:874][  0]LogConfig: Setting CVar [[gc.MaxObjectsNotConsideredByGC:1]]
[2023.05.07-15.57.44:874][  0]LogConfig: Setting CVar [[gc.SizeOfPermanentObjectPool:0]]
[2023.05.07-15.57.44:874][  0]LogConfig: Setting CVar [[gc.FlushStreamingOnGC:0]]
[2023.05.07-15.57.44:874][  0]LogConfig: Setting CVar [[gc.NumRetriesBeforeForcingGC:10]]
[2023.05.07-15.57.44:874][  0]LogConfig: Setting CVar [[gc.AllowParallelGC:1]]
[2023.05.07-15.57.44:874][  0]LogConfig: Setting CVar [[gc.TimeBetweenPurgingPendingKillObjects:61.1]]
[2023.05.07-15.57.44:874][  0]LogConfig: Setting CVar [[gc.MaxObjectsInEditor:25165824]]
[2023.05.07-15.57.44:874][  0]LogConfig: Setting CVar [[gc.IncrementalBeginDestroyEnabled:1]]
[2023.05.07-15.57.44:874][  0]LogConfig: Setting CVar [[gc.CreateGCClusters:1]]
[2023.05.07-15.57.44:874][  0]LogConfig: Setting CVar [[gc.MinGCClusterSize:5]]
[2023.05.07-15.57.44:874][  0]LogConfig: Setting CVar [[gc.ActorClusteringEnabled:0]]
[2023.05.07-15.57.44:874][  0]LogConfig: Setting CVar [[gc.BlueprintClusteringEnabled:0]]
[2023.05.07-15.57.44:874][  0]LogConfig: Setting CVar [[gc.UseDisregardForGCOnDedicatedServers:0]]
[2023.05.07-15.57.44:874][  0]LogConfig: Setting CVar [[gc.MultithreadedDestructionEnabled:1]]
[2023.05.07-15.57.44:874][  0]LogConfig: Applying CVar settings from Section [/Script/Engine.NetworkSettings] File [E:/Asus/Documents/GitHub/TheTroubleMakers/Unreal Engine Project/SpeedLimit_UniAzad/Saved/Config/Windows/Engine.ini]
[2023.05.07-15.57.44:874][  0]LogConfig: Applying CVar settings from Section [/Script/UnrealEd.CookerSettings] File [E:/Asus/Documents/GitHub/TheTroubleMakers/Unreal Engine Project/SpeedLimit_UniAzad/Saved/Config/Windows/Engine.ini]
[2023.05.07-15.57.44:903][  0]LogConfig: Applying CVar settings from Section [ViewDistanceQuality@3] File [E:/Asus/Documents/GitHub/TheTroubleMakers/Unreal Engine Project/SpeedLimit_UniAzad/Saved/Config/Windows/Scalability.ini]
[2023.05.07-15.57.44:903][  0]LogConfig: Setting CVar [[r.SkeletalMeshLODBias:0]]
[2023.05.07-15.57.44:903][  0]LogConfig: Setting CVar [[r.ViewDistanceScale:1.0]]
[2023.05.07-15.57.44:903][  0]LogConfig: Applying CVar settings from Section [AntiAliasingQuality@3] File [E:/Asus/Documents/GitHub/TheTroubleMakers/Unreal Engine Project/SpeedLimit_UniAzad/Saved/Config/Windows/Scalability.ini]
[2023.05.07-15.57.44:903][  0]LogConfig: Setting CVar [[r.PostProcessAAQuality:4]]
[2023.05.07-15.57.44:903][  0]LogConfig: Applying CVar settings from Section [ShadowQuality@3] File [E:/Asus/Documents/GitHub/TheTroubleMakers/Unreal Engine Project/SpeedLimit_UniAzad/Saved/Config/Windows/Scalability.ini]
[2023.05.07-15.57.44:903][  0]LogConfig: Setting CVar [[r.LightFunctionQuality:1]]
[2023.05.07-15.57.44:903][  0]LogConfig: Setting CVar [[r.ShadowQuality:5]]
[2023.05.07-15.57.44:903][  0]LogConfig: Setting CVar [[r.Shadow.CSM.MaxCascades:10]]
[2023.05.07-15.57.44:903][  0]LogConfig: Setting CVar [[r.Shadow.MaxResolution:2048]]
[2023.05.07-15.57.44:903][  0]LogConfig: Setting CVar [[r.Shadow.MaxCSMResolution:2048]]
[2023.05.07-15.57.44:903][  0]LogConfig: Setting CVar [[r.Shadow.RadiusThreshold:0.01]]
[2023.05.07-15.57.44:903][  0]LogConfig: Setting CVar [[r.Shadow.DistanceScale:1.0]]
[2023.05.07-15.57.44:903][  0]LogConfig: Setting CVar [[r.Shadow.CSM.TransitionScale:1.0]]
[2023.05.07-15.57.44:903][  0]LogConfig: Setting CVar [[r.Shadow.PreShadowResolutionFactor:1.0]]
[2023.05.07-15.57.44:903][  0]LogConfig: Setting CVar [[r.DistanceFieldShadowing:1]]
[2023.05.07-15.57.44:903][  0]LogConfig: Setting CVar [[r.DistanceFieldAO:1]]
[2023.05.07-15.57.44:903][  0]LogConfig: Setting CVar [[r.AOQuality:2]]
[2023.05.07-15.57.44:904][  0]LogConfig: Setting CVar [[r.VolumetricFog:1]]
[2023.05.07-15.57.44:904][  0]LogConfig: Setting CVar [[r.VolumetricFog.GridPixelSize:8]]
[2023.05.07-15.57.44:904][  0]LogConfig: Setting CVar [[r.VolumetricFog.GridSizeZ:128]]
[2023.05.07-15.57.44:904][  0]LogConfig: Setting CVar [[r.VolumetricFog.HistoryMissSupersampleCount:4]]
[2023.05.07-15.57.44:904][  0]LogConfig: Setting CVar [[r.LightMaxDrawDistanceScale:1]]
[2023.05.07-15.57.44:904][  0]LogConfig: Setting CVar [[r.CapsuleShadows:1]]
[2023.05.07-15.57.44:904][  0]LogConfig: Applying CVar settings from Section [PostProcessQuality@3] File [E:/Asus/Documents/GitHub/TheTroubleMakers/Unreal Engine Project/SpeedLimit_UniAzad/Saved/Config/Windows/Scalability.ini]
[2023.05.07-15.57.44:904][  0]LogConfig: Setting CVar [[r.MotionBlurQuality:4]]
[2023.05.07-15.57.44:904][  0]LogConfig: Setting CVar [[r.AmbientOcclusionMipLevelFactor:0.4]]
[2023.05.07-15.57.44:904][  0]LogConfig: Setting CVar [[r.AmbientOcclusionMaxQuality:100]]
[2023.05.07-15.57.44:904][  0]LogConfig: Setting CVar [[r.AmbientOcclusionLevels:-1]]
[2023.05.07-15.57.44:904][  0]LogConfig: Setting CVar [[r.AmbientOcclusionRadiusScale:1.0]]
[2023.05.07-15.57.44:904][  0]LogConfig: Setting CVar [[r.DepthOfFieldQuality:2]]
[2023.05.07-15.57.44:904][  0]LogConfig: Setting CVar [[r.RenderTargetPoolMin:400]]
[2023.05.07-15.57.44:904][  0]LogConfig: Setting CVar [[r.LensFlareQuality:2]]
[2023.05.07-15.57.44:904][  0]LogConfig: Setting CVar [[r.SceneColorFringeQuality:1]]
[2023.05.07-15.57.44:904][  0]LogConfig: Setting CVar [[r.EyeAdaptationQuality:2]]
[2023.05.07-15.57.44:904][  0]LogConfig: Setting CVar [[r.BloomQuality:5]]
[2023.05.07-15.57.44:904][  0]LogConfig: Setting CVar [[r.FastBlurThreshold:100]]
[2023.05.07-15.57.44:904][  0]LogConfig: Setting CVar [[r.Upscale.Quality:3]]
[2023.05.07-15.57.44:904][  0]LogConfig: Setting CVar [[r.Tonemapper.GrainQuantization:1]]
[2023.05.07-15.57.44:904][  0]LogConfig: Setting CVar [[r.LightShaftQuality:1]]
[2023.05.07-15.57.44:904][  0]LogConfig: Setting CVar [[r.Filter.SizeScale:1]]
[2023.05.07-15.57.44:904][  0]LogConfig: Setting CVar [[r.Tonemapper.Quality:5]]
[2023.05.07-15.57.44:904][  0]LogConfig: Setting CVar [[r.DOF.Gather.AccumulatorQuality:1        ; higher gathering accumulator quality]]
[2023.05.07-15.57.44:904][  0]LogConfig: Setting CVar [[r.DOF.Gather.PostfilterMethod:1          ; Median3x3 postfilering method]]
[2023.05.07-15.57.44:904][  0]LogConfig: Setting CVar [[r.DOF.Gather.EnableBokehSettings:0       ; no bokeh simulation when gathering]]
[2023.05.07-15.57.44:904][  0]LogConfig: Setting CVar [[r.DOF.Gather.RingCount:4                 ; medium number of samples when gathering]]
[2023.05.07-15.57.44:904][  0]LogConfig: Setting CVar [[r.DOF.Scatter.ForegroundCompositing:1    ; additive foreground scattering]]
[2023.05.07-15.57.44:904][  0]LogConfig: Setting CVar [[r.DOF.Scatter.BackgroundCompositing:2    ; additive background scattering]]
[2023.05.07-15.57.44:904][  0]LogConfig: Setting CVar [[r.DOF.Scatter.EnableBokehSettings:1      ; bokeh simulation when scattering]]
[2023.05.07-15.57.44:904][  0]LogConfig: Setting CVar [[r.DOF.Scatter.MaxSpriteRatio:0.1         ; only a maximum of 10% of scattered bokeh]]
[2023.05.07-15.57.44:904][  0]LogConfig: Setting CVar [[r.DOF.Recombine.Quality:1                ; cheap slight out of focus]]
[2023.05.07-15.57.44:904][  0]LogConfig: Setting CVar [[r.DOF.Recombine.EnableBokehSettings:0    ; no bokeh simulation on slight out of focus]]
[2023.05.07-15.57.44:904][  0]LogConfig: Setting CVar [[r.DOF.TemporalAAQuality:1                ; more stable temporal accumulation]]
[2023.05.07-15.57.44:904][  0]LogConfig: Setting CVar [[r.DOF.Kernel.MaxForegroundRadius:0.025]]
[2023.05.07-15.57.44:904][  0]LogConfig: Setting CVar [[r.DOF.Kernel.MaxBackgroundRadius:0.025]]
[2023.05.07-15.57.44:904][  0]LogConfig: Applying CVar settings from Section [TextureQuality@3] File [E:/Asus/Documents/GitHub/TheTroubleMakers/Unreal Engine Project/SpeedLimit_UniAzad/Saved/Config/Windows/Scalability.ini]
[2023.05.07-15.57.44:904][  0]LogConfig: Setting CVar [[r.Streaming.MipBias:0]]
[2023.05.07-15.57.44:904][  0]LogConfig: Setting CVar [[r.Streaming.AmortizeCPUToGPUCopy:0]]
[2023.05.07-15.57.44:904][  0]LogConfig: Setting CVar [[r.Streaming.MaxNumTexturesToStreamPerFrame:0]]
[2023.05.07-15.57.44:904][  0]LogConfig: Setting CVar [[r.Streaming.Boost:1]]
[2023.05.07-15.57.44:904][  0]LogConfig: Setting CVar [[r.MaxAnisotropy:8]]
[2023.05.07-15.57.44:904][  0]LogConfig: Setting CVar [[r.VT.MaxAnisotropy:8]]
[2023.05.07-15.57.44:904][  0]LogConfig: Setting CVar [[r.Streaming.LimitPoolSizeToVRAM:0]]
[2023.05.07-15.57.44:904][  0]LogConfig: Setting CVar [[r.Streaming.PoolSize:1000]]
[2023.05.07-15.57.44:904][  0]LogConfig: Setting CVar [[r.Streaming.MaxEffectiveScreenSize:0]]
[2023.05.07-15.57.44:904][  0]LogConfig: Applying CVar settings from Section [EffectsQuality@3] File [E:/Asus/Documents/GitHub/TheTroubleMakers/Unreal Engine Project/SpeedLimit_UniAzad/Saved/Config/Windows/Scalability.ini]
[2023.05.07-15.57.44:904][  0]LogConfig: Setting CVar [[r.TranslucencyLightingVolumeDim:64]]
[2023.05.07-15.57.44:904][  0]LogConfig: Setting CVar [[r.RefractionQuality:2]]
[2023.05.07-15.57.44:904][  0]LogConfig: Setting CVar [[r.SSR.Quality:3]]
[2023.05.07-15.57.44:904][  0]LogConfig: Setting CVar [[r.SSR.HalfResSceneColor:0]]
[2023.05.07-15.57.44:904][  0]LogConfig: Setting CVar [[r.SceneColorFormat:4]]
[2023.05.07-15.57.44:904][  0]LogConfig: Setting CVar [[r.DetailMode:2]]
[2023.05.07-15.57.44:904][  0]LogConfig: Setting CVar [[r.TranslucencyVolumeBlur:1]]
[2023.05.07-15.57.44:904][  0]LogConfig: Setting CVar [[r.MaterialQualityLevel:1 ; High quality]]
[2023.05.07-15.57.44:904][  0]LogConfig: Setting CVar [[r.AnisotropicMaterials:1]]
[2023.05.07-15.57.44:904][  0]LogConfig: Setting CVar [[r.SSS.Scale:1]]
[2023.05.07-15.57.44:904][  0]LogConfig: Setting CVar [[r.SSS.SampleSet:2]]
[2023.05.07-15.57.44:904][  0]LogConfig: Setting CVar [[r.SSS.Quality:1]]
[2023.05.07-15.57.44:904][  0]LogConfig: Setting CVar [[r.SSS.HalfRes:0]]
[2023.05.07-15.57.44:904][  0]LogConfig: Setting CVar [[r.SSGI.Quality:3]]
[2023.05.07-15.57.44:904][  0]LogConfig: Setting CVar [[r.EmitterSpawnRateScale:1.0]]
[2023.05.07-15.57.44:904][  0]LogConfig: Setting CVar [[r.ParticleLightQuality:2]]
[2023.05.07-15.57.44:904][  0]LogConfig: Setting CVar [[r.SkyAtmosphere.AerialPerspectiveLUT.FastApplyOnOpaque:1 ; Always have FastSkyLUT 1 in this case to avoid wrong sky]]
[2023.05.07-15.57.44:904][  0]LogConfig: Setting CVar [[r.SkyAtmosphere.AerialPerspectiveLUT.SampleCountMaxPerSlice:4]]
[2023.05.07-15.57.44:904][  0]LogConfig: Setting CVar [[r.SkyAtmosphere.AerialPerspectiveLUT.DepthResolution:16.0]]
[2023.05.07-15.57.44:904][  0]LogConfig: Setting CVar [[r.SkyAtmosphere.FastSkyLUT:1]]
[2023.05.07-15.57.44:904][  0]LogConfig: Setting CVar [[r.SkyAtmosphere.FastSkyLUT.SampleCountMin:4.0]]
[2023.05.07-15.57.44:904][  0]LogConfig: Setting CVar [[r.SkyAtmosphere.FastSkyLUT.SampleCountMax:128.0]]
[2023.05.07-15.57.44:904][  0]LogConfig: Setting CVar [[r.SkyAtmosphere.SampleCountMin:4.0]]
[2023.05.07-15.57.44:904][  0]LogConfig: Setting CVar [[r.SkyAtmosphere.SampleCountMax:128.0]]
[2023.05.07-15.57.44:904][  0]LogConfig: Setting CVar [[r.SkyAtmosphere.TransmittanceLUT.UseSmallFormat:0]]
[2023.05.07-15.57.44:904][  0]LogConfig: Setting CVar [[r.SkyAtmosphere.TransmittanceLUT.SampleCount:10.0]]
[2023.05.07-15.57.44:904][  0]LogConfig: Setting CVar [[r.SkyAtmosphere.MultiScatteringLUT.SampleCount:15.0]]
[2023.05.07-15.57.44:904][  0]LogConfig: Setting CVar [[r.SkyLight.RealTimeReflectionCapture:1]]
[2023.05.07-15.57.44:904][  0]LogConfig: Applying CVar settings from Section [FoliageQuality@3] File [E:/Asus/Documents/GitHub/TheTroubleMakers/Unreal Engine Project/SpeedLimit_UniAzad/Saved/Config/Windows/Scalability.ini]
[2023.05.07-15.57.44:904][  0]LogConfig: Setting CVar [[foliage.DensityScale:1.0]]
[2023.05.07-15.57.44:904][  0]LogConfig: Setting CVar [[grass.DensityScale:1.0]]
[2023.05.07-15.57.44:904][  0]LogConfig: Applying CVar settings from Section [ShadingQuality@3] File [E:/Asus/Documents/GitHub/TheTroubleMakers/Unreal Engine Project/SpeedLimit_UniAzad/Saved/Config/Windows/Scalability.ini]
[2023.05.07-15.57.44:904][  0]LogConfig: Setting CVar [[r.HairStrands.SkyLighting.IntegrationType:2]]
[2023.05.07-15.57.44:904][  0]LogConfig: Setting CVar [[r.HairStrands.SkyAO.SampleCount:4]]
[2023.05.07-15.57.44:904][  0]LogConfig: Setting CVar [[r.HairStrands.Visibility.MSAA.SamplePerPixel:4]]
[2023.05.07-15.57.44:904][  0]LogInit: Selected Device Profile: [Windows]
[2023.05.07-15.57.44:904][  0]LogInit: Applying CVar settings loaded from the selected device profile: [Windows]
[2023.05.07-15.57.44:904][  0]LogHAL: Display: Platform has ~ 16 GB [16856285184 / 17179869184 / 16], which maps to Larger [LargestMinGB=32, LargerMinGB=12, DefaultMinGB=8, SmallerMinGB=6, SmallestMinGB=0)
[2023.05.07-15.57.44:904][  0]LogInit: Going up to parent DeviceProfile []
[2023.05.07-15.57.44:904][  0]LogConfig: Applying CVar settings from Section [ViewDistanceQuality@3] File [E:/Asus/Documents/GitHub/TheTroubleMakers/Unreal Engine Project/SpeedLimit_UniAzad/Saved/Config/Windows/Scalability.ini]
[2023.05.07-15.57.44:904][  0]LogConfig: Setting CVar [[r.SkeletalMeshLODBias:0]]
[2023.05.07-15.57.44:904][  0]LogConfig: Setting CVar [[r.ViewDistanceScale:1.0]]
[2023.05.07-15.57.44:904][  0]LogConfig: Applying CVar settings from Section [AntiAliasingQuality@3] File [E:/Asus/Documents/GitHub/TheTroubleMakers/Unreal Engine Project/SpeedLimit_UniAzad/Saved/Config/Windows/Scalability.ini]
[2023.05.07-15.57.44:904][  0]LogConfig: Setting CVar [[r.PostProcessAAQuality:4]]
[2023.05.07-15.57.44:904][  0]LogConfig: Applying CVar settings from Section [ShadowQuality@3] File [E:/Asus/Documents/GitHub/TheTroubleMakers/Unreal Engine Project/SpeedLimit_UniAzad/Saved/Config/Windows/Scalability.ini]
[2023.05.07-15.57.44:904][  0]LogConfig: Setting CVar [[r.LightFunctionQuality:1]]
[2023.05.07-15.57.44:904][  0]LogConfig: Setting CVar [[r.ShadowQuality:5]]
[2023.05.07-15.57.44:904][  0]LogConfig: Setting CVar [[r.Shadow.CSM.MaxCascades:10]]
[2023.05.07-15.57.44:904][  0]LogConfig: Setting CVar [[r.Shadow.MaxResolution:2048]]
[2023.05.07-15.57.44:904][  0]LogConfig: Setting CVar [[r.Shadow.MaxCSMResolution:2048]]
[2023.05.07-15.57.44:904][  0]LogConfig: Setting CVar [[r.Shadow.RadiusThreshold:0.01]]
[2023.05.07-15.57.44:905][  0]LogConfig: Setting CVar [[r.Shadow.DistanceScale:1.0]]
[2023.05.07-15.57.44:905][  0]LogConfig: Setting CVar [[r.Shadow.CSM.TransitionScale:1.0]]
[2023.05.07-15.57.44:905][  0]LogConfig: Setting CVar [[r.Shadow.PreShadowResolutionFactor:1.0]]
[2023.05.07-15.57.44:905][  0]LogConfig: Setting CVar [[r.DistanceFieldShadowing:1]]
[2023.05.07-15.57.44:905][  0]LogConfig: Setting CVar [[r.DistanceFieldAO:1]]
[2023.05.07-15.57.44:905][  0]LogConfig: Setting CVar [[r.AOQuality:2]]
[2023.05.07-15.57.44:905][  0]LogConfig: Setting CVar [[r.VolumetricFog:1]]
[2023.05.07-15.57.44:905][  0]LogConfig: Setting CVar [[r.VolumetricFog.GridPixelSize:8]]
[2023.05.07-15.57.44:905][  0]LogConfig: Setting CVar [[r.VolumetricFog.GridSizeZ:128]]
[2023.05.07-15.57.44:905][  0]LogConfig: Setting CVar [[r.VolumetricFog.HistoryMissSupersampleCount:4]]
[2023.05.07-15.57.44:905][  0]LogConfig: Setting CVar [[r.LightMaxDrawDistanceScale:1]]
[2023.05.07-15.57.44:905][  0]LogConfig: Setting CVar [[r.CapsuleShadows:1]]
[2023.05.07-15.57.44:905][  0]LogConfig: Applying CVar settings from Section [PostProcessQuality@3] File [E:/Asus/Documents/GitHub/TheTroubleMakers/Unreal Engine Project/SpeedLimit_UniAzad/Saved/Config/Windows/Scalability.ini]
[2023.05.07-15.57.44:905][  0]LogConfig: Setting CVar [[r.MotionBlurQuality:4]]
[2023.05.07-15.57.44:905][  0]LogConfig: Setting CVar [[r.AmbientOcclusionMipLevelFactor:0.4]]
[2023.05.07-15.57.44:905][  0]LogConfig: Setting CVar [[r.AmbientOcclusionMaxQuality:100]]
[2023.05.07-15.57.44:905][  0]LogConfig: Setting CVar [[r.AmbientOcclusionLevels:-1]]
[2023.05.07-15.57.44:905][  0]LogConfig: Setting CVar [[r.AmbientOcclusionRadiusScale:1.0]]
[2023.05.07-15.57.44:905][  0]LogConfig: Setting CVar [[r.DepthOfFieldQuality:2]]
[2023.05.07-15.57.44:905][  0]LogConfig: Setting CVar [[r.RenderTargetPoolMin:400]]
[2023.05.07-15.57.44:905][  0]LogConfig: Setting CVar [[r.LensFlareQuality:2]]
[2023.05.07-15.57.44:905][  0]LogConfig: Setting CVar [[r.SceneColorFringeQuality:1]]
[2023.05.07-15.57.44:905][  0]LogConfig: Setting CVar [[r.EyeAdaptationQuality:2]]
[2023.05.07-15.57.44:905][  0]LogConfig: Setting CVar [[r.BloomQuality:5]]
[2023.05.07-15.57.44:905][  0]LogConfig: Setting CVar [[r.FastBlurThreshold:100]]
[2023.05.07-15.57.44:905][  0]LogConfig: Setting CVar [[r.Upscale.Quality:3]]
[2023.05.07-15.57.44:905][  0]LogConfig: Setting CVar [[r.Tonemapper.GrainQuantization:1]]
[2023.05.07-15.57.44:905][  0]LogConfig: Setting CVar [[r.LightShaftQuality:1]]
[2023.05.07-15.57.44:905][  0]LogConfig: Setting CVar [[r.Filter.SizeScale:1]]
[2023.05.07-15.57.44:905][  0]LogConfig: Setting CVar [[r.Tonemapper.Quality:5]]
[2023.05.07-15.57.44:905][  0]LogConfig: Setting CVar [[r.DOF.Gather.AccumulatorQuality:1        ; higher gathering accumulator quality]]
[2023.05.07-15.57.44:905][  0]LogConfig: Setting CVar [[r.DOF.Gather.PostfilterMethod:1          ; Median3x3 postfilering method]]
[2023.05.07-15.57.44:905][  0]LogConfig: Setting CVar [[r.DOF.Gather.EnableBokehSettings:0       ; no bokeh simulation when gathering]]
[2023.05.07-15.57.44:905][  0]LogConfig: Setting CVar [[r.DOF.Gather.RingCount:4                 ; medium number of samples when gathering]]
[2023.05.07-15.57.44:905][  0]LogConfig: Setting CVar [[r.DOF.Scatter.ForegroundCompositing:1    ; additive foreground scattering]]
[2023.05.07-15.57.44:905][  0]LogConfig: Setting CVar [[r.DOF.Scatter.BackgroundCompositing:2    ; additive background scattering]]
[2023.05.07-15.57.44:905][  0]LogConfig: Setting CVar [[r.DOF.Scatter.EnableBokehSettings:1      ; bokeh simulation when scattering]]
[2023.05.07-15.57.44:905][  0]LogConfig: Setting CVar [[r.DOF.Scatter.MaxSpriteRatio:0.1         ; only a maximum of 10% of scattered bokeh]]
[2023.05.07-15.57.44:905][  0]LogConfig: Setting CVar [[r.DOF.Recombine.Quality:1                ; cheap slight out of focus]]
[2023.05.07-15.57.44:905][  0]LogConfig: Setting CVar [[r.DOF.Recombine.EnableBokehSettings:0    ; no bokeh simulation on slight out of focus]]
[2023.05.07-15.57.44:905][  0]LogConfig: Setting CVar [[r.DOF.TemporalAAQuality:1                ; more stable temporal accumulation]]
[2023.05.07-15.57.44:905][  0]LogConfig: Setting CVar [[r.DOF.Kernel.MaxForegroundRadius:0.025]]
[2023.05.07-15.57.44:905][  0]LogConfig: Setting CVar [[r.DOF.Kernel.MaxBackgroundRadius:0.025]]
[2023.05.07-15.57.44:905][  0]LogConfig: Applying CVar settings from Section [TextureQuality@3] File [E:/Asus/Documents/GitHub/TheTroubleMakers/Unreal Engine Project/SpeedLimit_UniAzad/Saved/Config/Windows/Scalability.ini]
[2023.05.07-15.57.44:905][  0]LogConfig: Setting CVar [[r.Streaming.MipBias:0]]
[2023.05.07-15.57.44:905][  0]LogConfig: Setting CVar [[r.Streaming.AmortizeCPUToGPUCopy:0]]
[2023.05.07-15.57.44:905][  0]LogConfig: Setting CVar [[r.Streaming.MaxNumTexturesToStreamPerFrame:0]]
[2023.05.07-15.57.44:905][  0]LogConfig: Setting CVar [[r.Streaming.Boost:1]]
[2023.05.07-15.57.44:905][  0]LogConfig: Setting CVar [[r.MaxAnisotropy:8]]
[2023.05.07-15.57.44:905][  0]LogConfig: Setting CVar [[r.VT.MaxAnisotropy:8]]
[2023.05.07-15.57.44:905][  0]LogConfig: Setting CVar [[r.Streaming.LimitPoolSizeToVRAM:0]]
[2023.05.07-15.57.44:905][  0]LogConfig: Setting CVar [[r.Streaming.PoolSize:1000]]
[2023.05.07-15.57.44:905][  0]LogConfig: Setting CVar [[r.Streaming.MaxEffectiveScreenSize:0]]
[2023.05.07-15.57.44:905][  0]LogConfig: Applying CVar settings from Section [EffectsQuality@3] File [E:/Asus/Documents/GitHub/TheTroubleMakers/Unreal Engine Project/SpeedLimit_UniAzad/Saved/Config/Windows/Scalability.ini]
[2023.05.07-15.57.44:905][  0]LogConfig: Setting CVar [[r.TranslucencyLightingVolumeDim:64]]
[2023.05.07-15.57.44:905][  0]LogConfig: Setting CVar [[r.RefractionQuality:2]]
[2023.05.07-15.57.44:905][  0]LogConfig: Setting CVar [[r.SSR.Quality:3]]
[2023.05.07-15.57.44:905][  0]LogConfig: Setting CVar [[r.SSR.HalfResSceneColor:0]]
[2023.05.07-15.57.44:905][  0]LogConfig: Setting CVar [[r.SceneColorFormat:4]]
[2023.05.07-15.57.44:905][  0]LogConfig: Setting CVar [[r.DetailMode:2]]
[2023.05.07-15.57.44:905][  0]LogConfig: Setting CVar [[r.TranslucencyVolumeBlur:1]]
[2023.05.07-15.57.44:905][  0]LogConfig: Setting CVar [[r.MaterialQualityLevel:1 ; High quality]]
[2023.05.07-15.57.44:905][  0]LogConfig: Setting CVar [[r.AnisotropicMaterials:1]]
[2023.05.07-15.57.44:905][  0]LogConfig: Setting CVar [[r.SSS.Scale:1]]
[2023.05.07-15.57.44:905][  0]LogConfig: Setting CVar [[r.SSS.SampleSet:2]]
[2023.05.07-15.57.44:905][  0]LogConfig: Setting CVar [[r.SSS.Quality:1]]
[2023.05.07-15.57.44:905][  0]LogConfig: Setting CVar [[r.SSS.HalfRes:0]]
[2023.05.07-15.57.44:905][  0]LogConfig: Setting CVar [[r.SSGI.Quality:3]]
[2023.05.07-15.57.44:905][  0]LogConfig: Setting CVar [[r.EmitterSpawnRateScale:1.0]]
[2023.05.07-15.57.44:905][  0]LogConfig: Setting CVar [[r.ParticleLightQuality:2]]
[2023.05.07-15.57.44:905][  0]LogConfig: Setting CVar [[r.SkyAtmosphere.AerialPerspectiveLUT.FastApplyOnOpaque:1 ; Always have FastSkyLUT 1 in this case to avoid wrong sky]]
[2023.05.07-15.57.44:905][  0]LogConfig: Setting CVar [[r.SkyAtmosphere.AerialPerspectiveLUT.SampleCountMaxPerSlice:4]]
[2023.05.07-15.57.44:905][  0]LogConfig: Setting CVar [[r.SkyAtmosphere.AerialPerspectiveLUT.DepthResolution:16.0]]
[2023.05.07-15.57.44:905][  0]LogConfig: Setting CVar [[r.SkyAtmosphere.FastSkyLUT:1]]
[2023.05.07-15.57.44:905][  0]LogConfig: Setting CVar [[r.SkyAtmosphere.FastSkyLUT.SampleCountMin:4.0]]
[2023.05.07-15.57.44:905][  0]LogConfig: Setting CVar [[r.SkyAtmosphere.FastSkyLUT.SampleCountMax:128.0]]
[2023.05.07-15.57.44:905][  0]LogConfig: Setting CVar [[r.SkyAtmosphere.SampleCountMin:4.0]]
[2023.05.07-15.57.44:905][  0]LogConfig: Setting CVar [[r.SkyAtmosphere.SampleCountMax:128.0]]
[2023.05.07-15.57.44:905][  0]LogConfig: Setting CVar [[r.SkyAtmosphere.TransmittanceLUT.UseSmallFormat:0]]
[2023.05.07-15.57.44:905][  0]LogConfig: Setting CVar [[r.SkyAtmosphere.TransmittanceLUT.SampleCount:10.0]]
[2023.05.07-15.57.44:905][  0]LogConfig: Setting CVar [[r.SkyAtmosphere.MultiScatteringLUT.SampleCount:15.0]]
[2023.05.07-15.57.44:905][  0]LogConfig: Setting CVar [[r.SkyLight.RealTimeReflectionCapture:1]]
[2023.05.07-15.57.44:905][  0]LogConfig: Applying CVar settings from Section [FoliageQuality@3] File [E:/Asus/Documents/GitHub/TheTroubleMakers/Unreal Engine Project/SpeedLimit_UniAzad/Saved/Config/Windows/Scalability.ini]
[2023.05.07-15.57.44:905][  0]LogConfig: Setting CVar [[foliage.DensityScale:1.0]]
[2023.05.07-15.57.44:905][  0]LogConfig: Setting CVar [[grass.DensityScale:1.0]]
[2023.05.07-15.57.44:905][  0]LogConfig: Applying CVar settings from Section [ShadingQuality@3] File [E:/Asus/Documents/GitHub/TheTroubleMakers/Unreal Engine Project/SpeedLimit_UniAzad/Saved/Config/Windows/Scalability.ini]
[2023.05.07-15.57.44:905][  0]LogConfig: Setting CVar [[r.HairStrands.SkyLighting.IntegrationType:2]]
[2023.05.07-15.57.44:905][  0]LogConfig: Setting CVar [[r.HairStrands.SkyAO.SampleCount:4]]
[2023.05.07-15.57.44:905][  0]LogConfig: Setting CVar [[r.HairStrands.Visibility.MSAA.SamplePerPixel:4]]
[2023.05.07-15.57.44:905][  0]LogConfig: Applying CVar settings from Section [Startup] File [../../../Engine/Config/ConsoleVariables.ini]
[2023.05.07-15.57.44:906][  0]LogConfig: Setting CVar [[net.UseAdaptiveNetUpdateFrequency:0]]
[2023.05.07-15.57.44:906][  0]LogConfig: Setting CVar [[p.chaos.AllowCreatePhysxBodies:1]]
[2023.05.07-15.57.44:906][  0]LogConfig: Setting CVar [[fx.SkipVectorVMBackendOptimizations:1]]
[2023.05.07-15.57.44:906][  0]LogConfig: Applying CVar settings from Section [ConsoleVariables] File [E:/Asus/Documents/GitHub/TheTroubleMakers/Unreal Engine Project/SpeedLimit_UniAzad/Saved/Config/Windows/Engine.ini]
[2023.05.07-15.57.44:906][  0]LogConfig: Applying CVar settings from Section [ConsoleVariables] File [E:/Asus/Documents/GitHub/TheTroubleMakers/Unreal Engine Project/SpeedLimit_UniAzad/Saved/Config/Windows/Editor.ini]
[2023.05.07-15.57.44:906][  0]LogInit: Computer: LAPTOP-ENHDEN5K
[2023.05.07-15.57.44:906][  0]LogInit: User: Asus
[2023.05.07-15.57.44:906][  0]LogInit: CPU Page size=4096, Cores=4
[2023.05.07-15.57.44:906][  0]LogInit: High frequency timer resolution =10.000000 MHz
[2023.05.07-15.57.44:906][  0]LogMemory: Memory total: Physical=15.7GB (16GB approx)
[2023.05.07-15.57.44:906][  0]LogMemory: Platform Memory Stats for Windows
[2023.05.07-15.57.44:906][  0]LogMemory: Process Physical Memory: 142.15 MB used, 142.15 MB peak
[2023.05.07-15.57.44:906][  0]LogMemory: Process Virtual Memory: 141.11 MB used, 141.11 MB peak
[2023.05.07-15.57.44:906][  0]LogMemory: Physical Memory: 13933.43 MB used,  2141.98 MB free, 16075.41 MB total
[2023.05.07-15.57.44:906][  0]LogMemory: Virtual Memory: 134213120.00 MB used,  4607.94 MB free, 134217728.00 MB total
[2023.05.07-15.57.44:910][  0]LogWindows: WindowsPlatformFeatures enabled
[2023.05.07-15.57.44:937][  0]LogInit: Physics initialised using underlying interface: PhysX
[2023.05.07-15.57.44:938][  0]LogInit: Using OS detected language (en-US).
[2023.05.07-15.57.44:938][  0]LogInit: Using OS detected locale (en-US).
[2023.05.07-15.57.44:939][  0]LogTextLocalizationManager: No specific localization for 'en-US' exists, so the 'en' localization will be used.
[2023.05.07-15.57.45:097][  0]LogInit: Setting process to per monitor DPI aware
[2023.05.07-15.57.45:112][  0]LogWindowsTextInputMethodSystem: Display: IME system deactivated.
[2023.05.07-15.57.45:123][  0]LogSlate: New Slate User Created.  User Index 0, Is Virtual User: 0
[2023.05.07-15.57.45:123][  0]LogSlate: Slate User Registered.  User Index 0, Is Virtual User: 0
[2023.05.07-15.57.45:222][  0]LogD3D11RHI: Loaded GFSDK_Aftermath_Lib.x64.dll
[2023.05.07-15.57.45:257][  0]LogHMD: Failed to initialize OpenVR with code 110
[2023.05.07-15.57.45:257][  0]LogD3D11RHI: D3D11 min allowed feature level: 11_0
[2023.05.07-15.57.45:257][  0]LogD3D11RHI: D3D11 max allowed feature level: 11_0
[2023.05.07-15.57.45:257][  0]LogD3D11RHI: D3D11 adapters:
[2023.05.07-15.57.45:671][  0]LogD3D11RHI:    0. 'NVIDIA GeForce MX450' (Feature Level 11_0)
[2023.05.07-15.57.45:671][  0]LogD3D11RHI:       1920/0/8037 MB DedicatedVideo/DedicatedSystem/SharedSystem, Outputs:2, VendorId:0x10de
[2023.05.07-15.57.45:696][  0]LogD3D11RHI:    1. 'Intel(R) Iris(R) Xe Graphics' (Feature Level 11_0)
[2023.05.07-15.57.45:696][  0]LogD3D11RHI:       128/0/8037 MB DedicatedVideo/DedicatedSystem/SharedSystem, Outputs:0, VendorId:0x8086
[2023.05.07-15.57.45:697][  0]LogD3D11RHI:    2. 'Microsoft Basic Render Driver' (Feature Level 11_0)
[2023.05.07-15.57.45:697][  0]LogD3D11RHI:       0/0/8037 MB DedicatedVideo/DedicatedSystem/SharedSystem, Outputs:0, VendorId:0x1414
[2023.05.07-15.57.45:697][  0]LogD3D11RHI: Chosen D3D11 Adapter: 0
[2023.05.07-15.57.45:703][  0]LogD3D11RHI: Creating new Direct3DDevice
[2023.05.07-15.57.45:703][  0]LogD3D11RHI:     GPU DeviceId: 0x1f97 (for the marketing name, search the web for "GPU Device Id")
[2023.05.07-15.57.45:703][  0]LogWindows: EnumDisplayDevices:
[2023.05.07-15.57.45:703][  0]LogWindows:    0. 'Intel(R) Iris(R) Xe Graphics' (P:1 D:1)
[2023.05.07-15.57.45:703][  0]LogWindows:    1. 'Intel(R) Iris(R) Xe Graphics' (P:0 D:1)
[2023.05.07-15.57.45:703][  0]LogWindows:    2. 'Intel(R) Iris(R) Xe Graphics' (P:0 D:0)
[2023.05.07-15.57.45:703][  0]LogWindows:    3. 'Intel(R) Iris(R) Xe Graphics' (P:0 D:0)
[2023.05.07-15.57.45:704][  0]LogWindows: DebugString: PrimaryIsNotTheChoosenAdapter PrimaryIsNotTheChoosenAdapter PrimaryIsNotTheChoosenAdapter PrimaryIsNotTheChoosenAdapter FoundDriverCount:0 
[2023.05.07-15.57.45:704][  0]LogD3D11RHI:     Adapter Name: NVIDIA GeForce MX450
[2023.05.07-15.57.45:704][  0]LogD3D11RHI:   Driver Version: Unknown (internal:Unknown, unified:Unknown)
[2023.05.07-15.57.45:704][  0]LogD3D11RHI:      Driver Date: Unknown
[2023.05.07-15.57.45:704][  0]LogRHI: Texture pool is 1344 MB (70% of 1920 MB)
[2023.05.07-15.57.45:761][  0]LogD3D11RHI: RHI has support for 64 bit atomics
[2023.05.07-15.57.45:761][  0]LogD3D11RHI: Async texture creation enabled
[2023.05.07-15.57.45:761][  0]LogD3D11RHI: Array index from any shader is supported
[2023.05.07-15.57.45:779][  0]LogD3D11RHI: GPU Timing Frequency: 1000.000000 (Debug: 2 2)
[2023.05.07-15.57.45:797][  0]LogRHI: GeForceNow SDK initialized: 1
[2023.05.07-15.57.46:054][  0]LogTargetPlatformManager: Display: Loaded TargetPlatform 'AllDesktop'
[2023.05.07-15.57.46:069][  0]LogTargetPlatformManager: Display: Loaded TargetPlatform 'Android'
[2023.05.07-15.57.46:069][  0]LogTargetPlatformManager: Display: Loaded TargetPlatform 'Android_ASTC'
[2023.05.07-15.57.46:069][  0]LogTargetPlatformManager: Display: Loaded TargetPlatform 'Android_DXT'
[2023.05.07-15.57.46:069][  0]LogTargetPlatformManager: Display: Loaded TargetPlatform 'Android_ETC2'
[2023.05.07-15.57.46:069][  0]LogTargetPlatformManager: Display: Loaded TargetPlatform 'AndroidClient'
[2023.05.07-15.57.46:069][  0]LogTargetPlatformManager: Display: Loaded TargetPlatform 'Android_ASTCClient'
[2023.05.07-15.57.46:069][  0]LogTargetPlatformManager: Display: Loaded TargetPlatform 'Android_DXTClient'
[2023.05.07-15.57.46:069][  0]LogTargetPlatformManager: Display: Loaded TargetPlatform 'Android_ETC2Client'
[2023.05.07-15.57.46:069][  0]LogTargetPlatformManager: Display: Loaded TargetPlatform 'Android_Multi'
[2023.05.07-15.57.46:069][  0]LogTargetPlatformManager: Display: Loaded TargetPlatform 'Android_MultiClient'
[2023.05.07-15.57.46:083][  0]LogTargetPlatformManager: Display: Loaded TargetPlatform 'IOSClient'
[2023.05.07-15.57.46:083][  0]LogTargetPlatformManager: Display: Loaded TargetPlatform 'IOS'
[2023.05.07-15.57.46:089][  0]LogTargetPlatformManager: Display: Loaded TargetPlatform 'Linux'
[2023.05.07-15.57.46:092][  0]LogTargetPlatformManager: Display: Loaded TargetPlatform 'LinuxNoEditor'
[2023.05.07-15.57.46:095][  0]LogTargetPlatformManager: Display: Loaded TargetPlatform 'LinuxClient'
[2023.05.07-15.57.46:098][  0]LogTargetPlatformManager: Display: Loaded TargetPlatform 'LinuxServer'
[2023.05.07-15.57.46:103][  0]LogTargetPlatformManager: Display: Loaded TargetPlatform 'LinuxAArch64NoEditor'
[2023.05.07-15.57.46:106][  0]LogTargetPlatformManager: Display: Loaded TargetPlatform 'LinuxAArch64Client'
[2023.05.07-15.57.46:109][  0]LogTargetPlatformManager: Display: Loaded TargetPlatform 'LinuxAArch64Server'
[2023.05.07-15.57.46:124][  0]LogTargetPlatformManager: Display: Loaded TargetPlatform 'Lumin'
[2023.05.07-15.57.46:124][  0]LogTargetPlatformManager: Display: Loaded TargetPlatform 'LuminClient'
[2023.05.07-15.57.46:130][  0]LogTargetPlatformManager: Display: Loaded TargetPlatform 'MacNoEditor'
[2023.05.07-15.57.46:133][  0]LogTargetPlatformManager: Display: Loaded TargetPlatform 'Mac'
[2023.05.07-15.57.46:135][  0]LogTargetPlatformManager: Display: Loaded TargetPlatform 'MacClient'
[2023.05.07-15.57.46:138][  0]LogTargetPlatformManager: Display: Loaded TargetPlatform 'MacServer'
[2023.05.07-15.57.46:144][  0]LogTargetPlatformManager: Display: Loaded TargetPlatform 'TVOSClient'
[2023.05.07-15.57.46:144][  0]LogTargetPlatformManager: Display: Loaded TargetPlatform 'TVOS'
[2023.05.07-15.57.46:150][  0]LogTargetPlatformManager: Display: Loaded TargetPlatform 'WindowsNoEditor'
[2023.05.07-15.57.46:153][  0]LogTargetPlatformManager: Display: Loaded TargetPlatform 'Windows'
[2023.05.07-15.57.46:156][  0]LogTargetPlatformManager: Display: Loaded TargetPlatform 'WindowsClient'
[2023.05.07-15.57.46:159][  0]LogTargetPlatformManager: Display: Loaded TargetPlatform 'WindowsServer'
[2023.05.07-15.57.46:159][  0]LogTargetPlatformManager: Display: Building Assets For Windows
[2023.05.07-15.57.46:163][  0]LogAudioDebug: Display: Lib vorbis DLL was dynamically loaded.
[2023.05.07-15.57.46:179][  0]LogTextureFormatOodle: Display: Oodle Texture 2.9.0 init RDO Off
[2023.05.07-15.57.46:199][  0]LogRendererCore: Ray tracing is disabled. Reason: r.RayTracing=0.
[2023.05.07-15.57.46:199][  0]LogShaderCompilers: Guid format shader working directory is -53 characters bigger than the processId version (../../../../../../Asus/Documents/GitHub/TheTroubleMakers/Unreal Engine Project/SpeedLimit_UniAzad/Intermediate/Shaders/WorkingDirectory/19320/).
[2023.05.07-15.57.46:199][  0]LogShaderCompilers: Cleaned the shader compiler working directory 'C:/Users/Asus/AppData/Local/Temp/UnrealShaderWorkingDir/CF69550F4F3C85DFE94989B684281416/'.
[2023.05.07-15.57.46:200][  0]LogXGEController: Cannot use XGE Controller as Incredibuild is not installed on this machine.
[2023.05.07-15.57.46:200][  0]LogShaderCompilers: Cannot use XGE Shader Compiler as Incredibuild is not installed on this machine.
[2023.05.07-15.57.46:200][  0]LogShaderCompilers: Display: Using Local Shader Compiler.
[2023.05.07-15.57.46:789][  0]LogDerivedDataCache: Display: Max Cache Size: 512 MB
[2023.05.07-15.57.46:834][  0]LogDerivedDataCache: Loaded boot cache 0.05s 95MB C:/Users/Asus/AppData/Local/UnrealEngine/4.27/DerivedDataCache/Boot.ddc.
[2023.05.07-15.57.46:834][  0]LogDerivedDataCache: Display: Loaded Boot cache: C:/Users/Asus/AppData/Local/UnrealEngine/4.27/DerivedDataCache/Boot.ddc
[2023.05.07-15.57.46:834][  0]LogDerivedDataCache: FDerivedDataBackendGraph:  Pak pak cache file ../../../../../../Asus/Documents/GitHub/TheTroubleMakers/Unreal Engine Project/SpeedLimit_UniAzad/DerivedDataCache/DDC.ddp not found, will not use a pak cache.
[2023.05.07-15.57.46:834][  0]LogDerivedDataCache: Unable to find inner node Pak for hierarchical cache Hierarchy.
[2023.05.07-15.57.46:834][  0]LogDerivedDataCache: FDerivedDataBackendGraph:  CompressedPak pak cache file ../../../../../../Asus/Documents/GitHub/TheTroubleMakers/Unreal Engine Project/SpeedLimit_UniAzad/DerivedDataCache/Compressed.ddp not found, will not use a pak cache.
[2023.05.07-15.57.46:834][  0]LogDerivedDataCache: Unable to find inner node CompressedPak for hierarchical cache Hierarchy.
[2023.05.07-15.57.46:846][  0]LogDerivedDataCache: Display: Pak cache opened for reading ../../../Engine/DerivedDataCache/Compressed.ddp.
[2023.05.07-15.57.46:846][  0]LogDerivedDataCache: FDerivedDataBackendGraph:  EnterprisePak pak cache file ../../../Enterprise/DerivedDataCache/Compressed.ddp not found, will not use a pak cache.
[2023.05.07-15.57.46:846][  0]LogDerivedDataCache: Unable to find inner node EnterprisePak for hierarchical cache Hierarchy.
[2023.05.07-15.57.46:851][  0]LogDerivedDataCache: Speed tests for C:/Users/Asus/AppData/Local/UnrealEngine/Common/DerivedDataCache took 0.00 seconds
[2023.05.07-15.57.46:851][  0]LogDerivedDataCache: Display: Performance to C:/Users/Asus/AppData/Local/UnrealEngine/Common/DerivedDataCache: Latency=0.01ms. RandomReadSpeed=1578.15MBs, RandomWriteSpeed=255.02MBs. Assigned SpeedClass 'Local'
[2023.05.07-15.57.46:852][  0]LogDerivedDataCache: Using Local data cache path C:/Users/Asus/AppData/Local/UnrealEngine/Common/DerivedDataCache: Writable
[2023.05.07-15.57.46:852][  0]LogDerivedDataCache: Shared data cache path not found in *engine.ini, will not use an Shared cache.
[2023.05.07-15.57.46:852][  0]LogDerivedDataCache: Unable to find inner node Shared for hierarchical cache Hierarchy.
[2023.05.07-15.57.46:890][  0]LogSlate: Using FreeType 2.10.0
[2023.05.07-15.57.46:890][  0]LogSlate: SlateFontServices - WITH_FREETYPE: 1, WITH_HARFBUZZ: 1
[2023.05.07-15.57.46:907][  0]LogAssetRegistry: FAssetRegistry took 0.0021 seconds to start up
[2023.05.07-15.57.47:082][  0]LogInit: Selected Device Profile: [Windows]
[2023.05.07-15.57.47:082][  0]LogInit: Active device profile: [000001FE45772D00][000001FE3A57AD80 49] Windows
[2023.05.07-15.57.47:082][  0]LogInit: Profiles: [000001FE45772D00][000001FE3A57AD80 49] Windows, [000001FE45626300][000001FE3A57F040 49] WindowsNoEditor, [000001FE45771F00][000001FE3A34B300 49] WindowsServer, [000001FE45627000][000001FE3A3535C0 49] WindowsClient, [000001FE45771200][000001FE451E9880 49] IOS, [000001FE45627E00][000001FE3E1C1B40 49] iPadAir, [000001FE45770700][000001FE3E1C4280 49] iPadAir2, [000001FE467C9F00][000001FE465F67C0 49] IPadPro, [000001FE467CA000][000001FE465DE800 49] iPadAir3, [000001FE45627600][000001FE465E6AC0 49] iPadAir4, [000001FE467CAF00][000001FE3A576D40 49] iPadMini2, [000001FE45626A00][000001FE465E2FC0 49] iPadMini3, [000001FE467CBC00][000001FE46603280 49] iPadMini4, [000001FE45625C00][000001FE4660B540 49] iPadMini5, [000001FE467E9500][000001FE47A0BA80 49] iPhone6, [000001FE467E9600][000001FE4660FAC0 49] iPodTouch6, [000001FE45771600][000001FE47A12480 49] iPhone7, [000001FE45772B00][000001FE466164C0 49] iPodTouch7, [000001FE467C9E00][000001FE4661A780 49] iPhone5S, [000001FE45772900][000001FE46612A40 49] iPhone6Plus, [000001FE467CB400][000001FE47A0ED00 49] iPhone6S, [000001FE45770900][000001FE465EAF80 49] iPhone6SPlus, [000001FE467C9700][000001FE4633B200 49] iPhone7Plus, [000001FE45773B00][000001FE463434C0 49] iPhoneSE, [000001FE45771000][000001FE3A315780 49] iPhone8, [000001FE467E8700][000001FE3A319A40 49] iPhone8Plus, [000001FE45770300][000001FE3A31C180 49] iPhoneX, [000001FE467E8C00][000001FE3A320440 49] iPhoneXS, [000001FE45773000][000001FE3A324700 49] iPhoneXSMax, [000001FE467E8A00][000001FE3E5329C0 49] iPhoneXR, [000001FE45772C00][000001FE3E266C80 49] iPhone11, [000001FE467E9100][000001FE3E26AF40 49] iPhone11Pro, [000001FE467C9800][000001FE4633F1C0 49] iPhone11ProMax, [000001FE467E8400][000001FE3A56B440 49] iPhoneSE2, [000001FE467C8F00][000001FE3A32D700 49] iPhone12Mini, [000001FE467EBF00][000001FE3AA879C0 49] iPhone12, [000001FE467CB000][000001FE3AA8A100 49] iPhone12Pro, [000001FE467E9900][000001FE3AA923C0 49] iPhone12ProMax, [000001FE467C9D00][000001FE3AA96680 49] iPadPro105, [000001FE467E8200][000001FE3AA9A940 49] iPadPro129, [000001FE467CA700][000001FE3AADEC00 49] iPadPro97, [000001FE467EA900][000001FE3AAE6EC0 49] iPadPro2_129, [000001FE467C8800][000001FE3AAEB180 49] iPad5, [000001FE467E9E00][000001FE3A329400 49] iPad6, [000001FE467CB500][000001FE3AAF3680 49] iPad7, [000001FE467EA500][000001FE47757940 49] iPad8, [000001FE467C8200][000001FE4775BC00 49] iPadPro11, [000001FE467E9A00][000001FE4778E340 49] iPadPro2_11, [000001FE467C9400][000001FE4779E600 49] iPadPro3_129, [000001FE467EBA00][000001FE477C68C0 49] iPadPro4_129, [000001FE467CB200][000001FE477CAB80 49] AppleTV, [000001FE467E9400][000001FE477CEE40 49] AppleTV4K, [000001FE467C8500][000001FE477D3100 49] TVOS, [000001FE467E8300][000001FE477DD3C0 49] Mac, [000001FE467C9200][000001FE47753640 49] MacClient, [000001FE467E9D00][000001FE477E18C0 49] MacNoEditor, [000001FE467CAE00][000001FE477E9B80 49] MacServer, [000001FE467E8D00][000001FE477EC2C0 49] Linux, [000001FE467C8400][000001FE477F0580 49] LinuxAArch64, [000001FE467EB600][000001FE477F4840 49] LinuxNoEditor, [000001FE467CAB00][000001FE477F8B00 49] LinuxAArch64NoEditor, [000001FE467EAC00][000001FE477FCDC0 49] LinuxClient, [000001FE467C8D00][000001FE3A4F1080 49] LinuxAArch64Client, [000001FE467EA700][000001FE3A4F5340 49] LinuxServer, [000001FE467C9900][000001FE3A4F9600 49] LinuxAArch64Server, [000001FE467EB100][000001FE477E5880 49] Android, [000001FE467C8100][000001FE465D5B00 49] Android_Low, [000001FE467EBC00][000001FE3A2DE240 49] Android_Mid, [000001FE467CB300][000001FE3A2E2500 49] Android_High, [000001FE467E9C00][000001FE3A2E67C0 49] Android_Default, [000001FE467CA800][000001FE3A2EEA80 49] Android_Adreno4xx, [000001FE467E9700][000001FE3E4E0D40 49] Android_Adreno5xx_Low, [000001FE467C9C00][000001FE3E4E9000 49] Android_Adreno5xx, [000001FE467EB200][000001FE3E4F32C0 49] Android_Adreno6xx, [000001FE467CA300][000001FE3E4F7580 49] Android_Adreno6xx_Vulkan, [000001FE467EB700][000001FE3E4FB840 49] Android_Mali_T6xx, [000001FE467CB100][000001FE465D9AC0 49] Android_Mali_T7xx, [000001FE467EBB00][000001FE3E4FE1C0 49] Android_Mali_T8xx, [000001FE467CA100][000001FE3A504480 49] Android_Mali_G71, [000001FE467EAF00][000001FE3E20A740 49] Android_Mali_G72, [000001FE467CBE00][000001FE3E20EA00 49] Android_Mali_G72_Vulkan, [000001FE467EBD00][000001FE3E212CC0 49] Android_Mali_G76, [000001FE467C8700][000001FE3A2EAF80 49] Android_Mali_G76_Vulkan, [000001FE45770400][000001FE3E217240 49] Android_Mali_G77, [000001FE45626000][000001FE3E21B500 49] Android_Mali_G77_Vulkan, [000001FE45773400][000001FE3E4E57C0 49] Android_Mali_G78, [000001FE45627B00][000001FE3E499A80 49] Android_Mali_G78_Vulkan, [000001FE45771100][000001FE3E502180 49] Android_Mali_G710, [000001FE45625400][000001FE3E49C400 49] Android_Mali_G710_Vulkan, [000001FE45773C00][000001FE3AAE26C0 49] Android_Vulkan_SM5, [000001FE45627800][000001FE3AADA980 49] Android_PowerVR_G6xxx, [000001FE45770B00][000001FE47A16C40 49] Android_PowerVR_GT7xxx, [000001FE45624400][000001FE47A1AF00 49] Android_PowerVR_GE8xxx, [000001FE45772A00][000001FE3AA9F1C0 49] Android_PowerVR_GM9xxx, [000001FE45627700][000001FE3AAA3480 49] Android_PowerVR_GM9xxx_Vulkan, [000001FE45772200][000001FE3AAA7740 49] Android_TegraK1, [000001FE45624700][000001FE3AAABA00 49] Android_Unknown_Vulkan, [000001FE45772000][000001FE3AAAE140 49] Lumin, [000001FE45625A00][000001FE3AAEE3C0 49] Lumin_Desktop, [000001FE45773600][000001FE3AAB2640 49] HoloLens, 
[2023.05.07-15.57.47:180][  0]LogMeshReduction: Using QuadricMeshReduction for automatic static mesh reduction
[2023.05.07-15.57.47:180][  0]LogMeshReduction: Using SimplygonMeshReduction for automatic skeletal mesh reduction
[2023.05.07-15.57.47:180][  0]LogMeshReduction: Using ProxyLODMeshReduction for automatic mesh merging
[2023.05.07-15.57.47:180][  0]LogMeshReduction: No distributed automatic mesh merging module available
[2023.05.07-15.57.47:180][  0]LogMeshMerging: No distributed automatic mesh merging module available
[2023.05.07-15.57.47:190][  0]LogNetVersion: SpeedLimit_UniAzad 1.0.0, NetCL: 17155196, EngineNetVer: 17, GameNetVer: 0 (Checksum: 2338214234)
[2023.05.07-15.57.47:463][  0]LogTexture: Default maximum texture size for cubemaps generated from long-lat sources has been changed from 512 to unlimited. In order to preserve old behaiour for '/Engine/MapTemplates/Sky/DaylightAmbientCubemap.DaylightAmbientCubemap', its maximum texture size has been explicitly set to 512.
[2023.05.07-15.57.47:503][  0]LogHMD: PokeAHoleMaterial loaded successfully
[2023.05.07-15.57.47:508][  0]LogUObjectArray: 17178 objects as part of root set at end of initial load.
[2023.05.07-15.57.47:508][  0]LogUObjectAllocator: 4301856 out of 0 bytes used by permanent object pool.
[2023.05.07-15.57.47:508][  0]LogUObjectArray: CloseDisregardForGC: 0/0 objects in disregard for GC pool
[2023.05.07-15.57.47:728][  0]LogPython: Using Python 3.7.7
[2023.05.07-15.57.48:102][  0]LogNiagaraDebuggerClient: Niagara Debugger Client Initialized | Session: 195C77AE46BE50A1A31A978BFE49088D | Instance: 53FF5F894C93484AAA28959C950D6A2F (LAPTOP-ENHDEN5K-19320).
[2023.05.07-15.57.48:115][  0]LogStreaming: Warning: Failed to read file '../../../Engine/Content/Editor/Slate/Niagara/MenuSeparator.png' error.
[2023.05.07-15.57.48:115][  0]LogSlate: Could not find file for Slate resource: ../../../Engine/Content/Editor/Slate/Niagara/MenuSeparator.png
[2023.05.07-15.57.48:115][  0]LogStreaming: Warning: Failed to read file '../../../Engine/Content/Editor/Slate/Niagara/Common/Selector.png' error.
[2023.05.07-15.57.48:115][  0]LogSlate: Could not find file for Slate resource: ../../../Engine/Content/Editor/Slate/Niagara/Common/Selector.png
[2023.05.07-15.57.48:115][  0]LogStreaming: Warning: Failed to read file '../../../Engine/Content/Editor/Slate/Niagara/Common/Selection.png' error.
[2023.05.07-15.57.48:115][  0]LogSlate: Could not find file for Slate resource: ../../../Engine/Content/Editor/Slate/Niagara/Common/Selection.png
[2023.05.07-15.57.48:115][  0]LogStreaming: Warning: Failed to read file '../../../Engine/Content/Editor/Slate/Niagara/Common/DropZoneIndicator_Above.png' error.
[2023.05.07-15.57.48:115][  0]LogStreaming: Warning: Failed to read file '../../../Engine/Content/Editor/Slate/Niagara/Common/DropZoneIndicator_Onto.png' error.
[2023.05.07-15.57.48:115][  0]LogSlate: Could not find file for Slate resource: ../../../Engine/Content/Editor/Slate/Niagara/Common/DropZoneIndicator_Onto.png
[2023.05.07-15.57.48:115][  0]LogSlate: Could not find file for Slate resource: ../../../Engine/Content/Editor/Slate/Niagara/Common/DropZoneIndicator_Above.png
[2023.05.07-15.57.48:144][  0]LogStreaming: Warning: Failed to read file '../../../Engine/Content/Editor/Slate/Niagara/Common/DropZoneIndicator_Below.png' error.
[2023.05.07-15.57.48:144][  0]LogSlate: Could not find file for Slate resource: ../../../Engine/Content/Editor/Slate/Niagara/Common/DropZoneIndicator_Below.png
[2023.05.07-15.57.48:144][  0]LogStreaming: Warning: Failed to read file '../../../Engine/Content/Editor/Slate/Niagara/Common/RoundedSelection_16x.png' error.
[2023.05.07-15.57.48:144][  0]LogSlate: Could not find file for Slate resource: ../../../Engine/Content/Editor/Slate/Niagara/Common/RoundedSelection_16x.png
[2023.05.07-15.57.48:144][  0]LogStreaming: Warning: Failed to read file '../../../Engine/Content/Editor/Slate/Niagara/Common/FlatButton.png' error.
[2023.05.07-15.57.48:144][  0]LogSlate: Could not find file for Slate resource: ../../../Engine/Content/Editor/Slate/Niagara/Common/FlatButton.png
[2023.05.07-15.57.48:144][  0]LogImageWrapper: Warning: PNG Warning: Duplicate iCCP chunk
[2023.05.07-15.57.48:144][  0]LogImageWrapper: Warning: PNG Warning: Duplicate iCCP chunk
[2023.05.07-15.57.48:144][  0]LogTcpMessaging: Initializing TcpMessaging bridge
[2023.05.07-15.57.48:147][  0]LogUdpMessaging: Initializing bridge on interface 0.0.0.0:0 to multicast group 230.0.0.1:6666.
[2023.05.07-15.57.48:247][  0]SourceControl: Source control is disabled
[2023.05.07-15.57.48:247][  0]SourceControl: Source control is disabled
[2023.05.07-15.57.48:249][  0]SourceControl: Source control is disabled
[2023.05.07-15.57.48:251][  0]SourceControl: Source control is disabled
[2023.05.07-15.57.48:258][  0]SourceControl: Source control is disabled
[2023.05.07-15.57.48:267][  0]LogUProjectInfo: Found projects:
[2023.05.07-15.57.48:401][  0]LogOpenImageDenoise: OIDN starting up
[2023.05.07-15.57.48:429][  0]LogAndroidPermission: UAndroidPermissionCallbackProxy::GetInstance
[2023.05.07-15.57.48:442][  0]LogAudioCaptureCore: Display: No Audio Capture implementations found. Audio input will be silent.
[2023.05.07-15.57.48:442][  0]LogAudioCaptureCore: Display: No Audio Capture implementations found. Audio input will be silent.
[2023.05.07-15.57.48:528][  0]LogCollectionManager: Loaded 0 collections in 0.000468 seconds
[2023.05.07-15.57.48:544][  0]LogFileCache: Scanning file cache for directory 'E:/Asus/Documents/GitHub/TheTroubleMakers/Unreal Engine Project/SpeedLimit_UniAzad/Saved/Collections/' took 0.00s
[2023.05.07-15.57.48:544][  0]LogFileCache: Scanning file cache for directory 'E:/Asus/Documents/GitHub/TheTroubleMakers/Unreal Engine Project/SpeedLimit_UniAzad/Content/Developers/Asus/Collections/' took 0.00s
[2023.05.07-15.57.48:544][  0]LogFileCache: Scanning file cache for directory 'E:/Asus/Documents/GitHub/TheTroubleMakers/Unreal Engine Project/SpeedLimit_UniAzad/Content/Collections/' took 0.00s
[2023.05.07-15.57.48:544][  0]LogOcInput: OculusInput pre-init called
[2023.05.07-15.57.48:664][  0]LogStreaming: Warning: Failed to read file '../../../Engine/Content/Editor/Slate/Niagara/MenuSeparator.png' error.
[2023.05.07-15.57.48:664][  0]LogSlate: Could not find file for Slate resource: ../../../Engine/Content/Editor/Slate/Niagara/MenuSeparator.png
[2023.05.07-15.57.48:664][  0]LogStreaming: Warning: Failed to read file '../../../Engine/Content/Editor/Slate/Niagara/Common/Selector.png' error.
[2023.05.07-15.57.48:664][  0]LogSlate: Could not find file for Slate resource: ../../../Engine/Content/Editor/Slate/Niagara/Common/Selector.png
[2023.05.07-15.57.48:664][  0]LogStreaming: Warning: Failed to read file '../../../Engine/Content/Editor/Slate/Niagara/Common/Selection.png' error.
[2023.05.07-15.57.48:664][  0]LogSlate: Could not find file for Slate resource: ../../../Engine/Content/Editor/Slate/Niagara/Common/Selection.png
[2023.05.07-15.57.48:664][  0]LogStreaming: Warning: Failed to read file '../../../Engine/Content/Editor/Slate/Niagara/Common/DropZoneIndicator_Above.png' error.
[2023.05.07-15.57.48:664][  0]LogSlate: Could not find file for Slate resource: ../../../Engine/Content/Editor/Slate/Niagara/Common/DropZoneIndicator_Above.png
[2023.05.07-15.57.48:664][  0]LogStreaming: Warning: Failed to read file '../../../Engine/Content/Editor/Slate/Niagara/Common/DropZoneIndicator_Onto.png' error.
[2023.05.07-15.57.48:664][  0]LogSlate: Could not find file for Slate resource: ../../../Engine/Content/Editor/Slate/Niagara/Common/DropZoneIndicator_Onto.png
[2023.05.07-15.57.48:664][  0]LogStreaming: Warning: Failed to read file '../../../Engine/Content/Editor/Slate/Niagara/Common/RoundedSelection_16x.png' error.
[2023.05.07-15.57.48:664][  0]LogSlate: Could not find file for Slate resource: ../../../Engine/Content/Editor/Slate/Niagara/Common/RoundedSelection_16x.png
[2023.05.07-15.57.48:664][  0]LogStreaming: Warning: Failed to read file '../../../Engine/Content/Editor/Slate/Niagara/Common/DropZoneIndicator_Below.png' error.
[2023.05.07-15.57.48:664][  0]LogStreaming: Warning: Failed to read file '../../../Engine/Content/Editor/Slate/Niagara/Common/FlatButton.png' error.
[2023.05.07-15.57.48:664][  0]LogSlate: Could not find file for Slate resource: ../../../Engine/Content/Editor/Slate/Niagara/Common/FlatButton.png
[2023.05.07-15.57.48:664][  0]LogSlate: Could not find file for Slate resource: ../../../Engine/Content/Editor/Slate/Niagara/Common/DropZoneIndicator_Below.png
[2023.05.07-15.57.48:726][  0]LogImageWrapper: Warning: PNG Warning: Duplicate iCCP chunk
[2023.05.07-15.57.48:726][  0]LogImageWrapper: Warning: PNG Warning: Duplicate iCCP chunk
[2023.05.07-15.57.48:726][  0]LogEngine: Initializing Engine...
[2023.05.07-15.57.48:728][  0]LogHMD: Failed to enumerate extensions. Please check that you have a valid OpenXR runtime installed.
[2023.05.07-15.57.48:728][  0]LogHMD: Failed to initialize OpenVR with code 110
[2023.05.07-15.57.48:728][  0]LogMagicLeap: Warning: VR disabled because ZI is not enabled.  To enable, in the editor, Edit -> Project Settings -> Plugins -> Magic Leap Plugin -> Enable Zero Iteration
[2023.05.07-15.57.48:730][  0]LogStats: UGameplayTagsManager::InitializeManager -  0.000 s
[2023.05.07-15.57.48:815][  0]LogInit: Initializing FReadOnlyCVARCache
[2023.05.07-15.57.48:820][  0]LogAIModule: Creating AISystem for world Untitled
[2023.05.07-15.57.48:828][  0]LogAudio: Display: Initializing Audio Device Manager...
[2023.05.07-15.57.48:830][  0]LogAudio: Display: Loading Default Audio Settings Objects...
[2023.05.07-15.57.48:830][  0]LogAudio: Display: No default SoundConcurrencyObject specified (or failed to load).
[2023.05.07-15.57.48:830][  0]LogAudio: Display: Audio Device Manager Initialized
[2023.05.07-15.57.48:831][  0]LogAudio: Display: Creating Audio Device:                 Id: 1, Scope: Shared, Realtime: True
[2023.05.07-15.57.48:831][  0]LogAudioMixer: Display: Audio Mixer Platform Settings:
[2023.05.07-15.57.48:831][  0]LogAudioMixer: Display: 	Sample Rate:						  48000
[2023.05.07-15.57.48:831][  0]LogAudioMixer: Display: 	Callback Buffer Frame Size Requested: 1024
[2023.05.07-15.57.48:831][  0]LogAudioMixer: Display: 	Callback Buffer Frame Size To Use:	  1024
[2023.05.07-15.57.48:831][  0]LogAudioMixer: Display: 	Number of buffers to queue:			  2
[2023.05.07-15.57.48:831][  0]LogAudioMixer: Display: 	Max Channels (voices):				  32
[2023.05.07-15.57.48:831][  0]LogAudioMixer: Display: 	Number of Async Source Workers:		  0
[2023.05.07-15.57.48:831][  0]LogAudio: Display: AudioDevice MaxSources: 32
[2023.05.07-15.57.48:831][  0]LogAudio: Display: Audio Spatialization Plugin: None (built-in).
[2023.05.07-15.57.48:831][  0]LogAudio: Display: Audio Reverb Plugin: None (built-in).
[2023.05.07-15.57.48:831][  0]LogAudio: Display: Audio Occlusion Plugin: None (built-in).
[2023.05.07-15.57.48:831][  0]LogAudioMixer: Display: Initializing audio mixer.
[2023.05.07-15.57.48:837][  0]LogAudioMixer: Display: 0: FrontLeft
[2023.05.07-15.57.48:837][  0]LogAudioMixer: Display: 1: FrontRight
[2023.05.07-15.57.48:860][  0]LogAudioMixer: Display: Using Audio Device Mi TV (HD Audio Driver for Display Audio)
[2023.05.07-15.57.48:862][  0]LogAudioMixer: Display: Initializing Sound Submixes...
[2023.05.07-15.57.48:864][  0]LogAudioMixer: Display: Creating Master Submix 'MasterSubmixDefault'
[2023.05.07-15.57.48:864][  0]LogAudioMixer: Display: Creating Master Submix 'MasterReverbSubmixDefault'
[2023.05.07-15.57.48:865][  0]LogAudioMixer: Display: Creating Master Submix 'MasterEQSubmixDefault'
[2023.05.07-15.57.48:865][  0]LogAudioMixer: FMixerPlatformXAudio2::StartAudioStream() called
[2023.05.07-15.57.48:865][  0]LogAudioMixer: Display: Output buffers initialized: Frames=1024, Channels=2, Samples=2048
[2023.05.07-15.57.48:866][  0]LogAudioMixer: Display: Starting AudioMixerPlatformInterface::RunInternal()
[2023.05.07-15.57.48:866][  0]LogAudioMixer: Display: FMixerPlatformXAudio2::SubmitBuffer() called for the first time
[2023.05.07-15.57.48:866][  0]LogInit: FAudioDevice initialized.
[2023.05.07-15.57.48:866][  0]LogAudio: Display: Audio Device (ID: 1) registered with world 'Untitled'.
[2023.05.07-15.57.48:866][  0]LogNetVersion: Set ProjectVersion to 1.0.0.0. Version Checksum will be recalculated on next use.
[2023.05.07-15.57.48:912][  0]LogDerivedDataCache: Saved boot cache 0.05s 95MB C:/Users/Asus/AppData/Local/UnrealEngine/4.27/DerivedDataCache/Boot.ddc.
[2023.05.07-15.57.48:912][  0]LogInit: Texture streaming: Enabled
[2023.05.07-15.57.48:921][  0]LogAnalytics: Display: [UEEditor.Rocket.Release] APIServer = https://datarouter.ol.epicgames.com/. AppVersion = 4.27.0-17155196+++UE4+Release-4.27
[2023.05.07-15.57.48:923][  0]LogEngineSessionManager: EngineSessionManager initialized
[2023.05.07-15.57.48:923][  0]LogEditorSessionSummary: Verbose: Initializing EditorSessionSummaryWriter for editor session tracking
[2023.05.07-15.57.48:923][  0]LogEditorSessionSummary: EditorSessionSummaryWriter initialized
[2023.05.07-15.57.48:940][  0]LogInit: Transaction tracking system initialized
[2023.05.07-15.57.48:953][  0]BlueprintLog: New page: Editor Load
[2023.05.07-15.57.48:990][  0]LocalizationService: Localization service is disabled
[2023.05.07-15.57.49:005][  0]TimingProfiler: Initialize
[2023.05.07-15.57.49:005][  0]TimingProfiler: OnSessionChanged
[2023.05.07-15.57.49:005][  0]LoadingProfiler: Initialize
[2023.05.07-15.57.49:005][  0]LoadingProfiler: OnSessionChanged
[2023.05.07-15.57.49:005][  0]NetworkingProfiler: Initialize
[2023.05.07-15.57.49:005][  0]NetworkingProfiler: OnSessionChanged
[2023.05.07-15.57.49:005][  0]MemoryProfiler: Initialize
[2023.05.07-15.57.49:005][  0]MemoryProfiler: OnSessionChanged
[2023.05.07-15.57.49:096][  0]LogCook: Display: CookSettings for Memory: MemoryMaxUsedVirtual 0MiB, MemoryMaxUsedPhysical 16384MiB, MemoryMinFreeVirtual 0MiB, MemoryMinFreePhysical 1024MiB
[2023.05.07-15.57.49:096][  0]LogCook: Display: Mobile HDR setting 1
[2023.05.07-15.57.49:233][  0]LogFileCache: Scanning file cache for directory 'E:/Asus/Documents/GitHub/TheTroubleMakers/Unreal Engine Project/SpeedLimit_UniAzad/Content/' took 0.00s
[2023.05.07-15.57.49:373][  0]LogStreaming: Warning: Failed to read file '../../../Engine/Content/Editor/Slate/Niagara/MenuSeparator.png' error.
[2023.05.07-15.57.49:373][  0]LogSlate: Could not find file for Slate resource: ../../../Engine/Content/Editor/Slate/Niagara/MenuSeparator.png
[2023.05.07-15.57.49:373][  0]LogStreaming: Warning: Failed to read file '../../../Engine/Content/Editor/Slate/Niagara/Common/Selector.png' error.
[2023.05.07-15.57.49:373][  0]LogSlate: Could not find file for Slate resource: ../../../Engine/Content/Editor/Slate/Niagara/Common/Selector.png
[2023.05.07-15.57.49:373][  0]LogStreaming: Warning: Failed to read file '../../../Engine/Content/Editor/Slate/Niagara/Common/DropZoneIndicator_Above.png' error.
[2023.05.07-15.57.49:373][  0]LogSlate: Could not find file for Slate resource: ../../../Engine/Content/Editor/Slate/Niagara/Common/DropZoneIndicator_Above.png
[2023.05.07-15.57.49:373][  0]LogStreaming: Warning: Failed to read file '../../../Engine/Content/Editor/Slate/Niagara/Common/DropZoneIndicator_Onto.png' error.
[2023.05.07-15.57.49:373][  0]LogSlate: Could not find file for Slate resource: ../../../Engine/Content/Editor/Slate/Niagara/Common/DropZoneIndicator_Onto.png
[2023.05.07-15.57.49:373][  0]LogStreaming: Warning: Failed to read file '../../../Engine/Content/Editor/Slate/Niagara/Common/Selection.png' error.
[2023.05.07-15.57.49:375][  0]LogSlate: Could not find file for Slate resource: ../../../Engine/Content/Editor/Slate/Niagara/Common/Selection.png
[2023.05.07-15.57.49:375][  0]LogStreaming: Warning: Failed to read file '../../../Engine/Content/Editor/Slate/Niagara/Common/DropZoneIndicator_Below.png' error.
[2023.05.07-15.57.49:375][  0]LogSlate: Could not find file for Slate resource: ../../../Engine/Content/Editor/Slate/Niagara/Common/DropZoneIndicator_Below.png
[2023.05.07-15.57.49:375][  0]LogStreaming: Warning: Failed to read file '../../../Engine/Content/Editor/Slate/Niagara/Common/FlatButton.png' error.
[2023.05.07-15.57.49:375][  0]LogSlate: Could not find file for Slate resource: ../../../Engine/Content/Editor/Slate/Niagara/Common/FlatButton.png
[2023.05.07-15.57.49:375][  0]LogStreaming: Warning: Failed to read file '../../../Engine/Content/Editor/Slate/Niagara/Common/RoundedSelection_16x.png' error.
[2023.05.07-15.57.49:375][  0]LogSlate: Could not find file for Slate resource: ../../../Engine/Content/Editor/Slate/Niagara/Common/RoundedSelection_16x.png
[2023.05.07-15.57.49:375][  0]LogImageWrapper: Warning: PNG Warning: Duplicate iCCP chunk
[2023.05.07-15.57.49:375][  0]LogImageWrapper: Warning: PNG Warning: Duplicate iCCP chunk
[2023.05.07-15.57.49:375][  0]LogInit: Display: Engine is initialized. Leaving FEngineLoop::Init()
[2023.05.07-15.57.49:376][  0]SourceControl: Source control is disabled
[2023.05.07-15.57.49:377][  0]LogUnrealEdMisc: Loading editor; pre map load, took 5.278
[2023.05.07-15.57.49:377][  0]LightingResults: New page: Lighting Build
[2023.05.07-15.57.49:378][  0]LogWorld: UWorld::CleanupWorld for Untitled, bSessionEnded=true, bCleanupResources=true
[2023.05.07-15.57.49:378][  0]LogSlate: InvalidateAllWidgets triggered.  All widgets were invalidated
[2023.05.07-15.57.49:378][  0]MapCheck: New page: Map Check
[2023.05.07-15.57.49:378][  0]LightingResults: New page: Lighting Build
[2023.05.07-15.57.49:381][  0]LogAudio: Display: Audio Device unregistered from world 'None'.
[2023.05.07-15.57.49:383][  0]LogUObjectHash: Compacting FUObjectHashTables data took   0.61ms
[2023.05.07-15.57.49:900][  0]LogMaterial: Display: Missing cached shadermap for air_Condition in PCD3D_SM5, Default, SM5 (DDC key hash: DF19E522F453F81DF3D6C33B7E38C077ECEB0518), compiling. 
[2023.05.07-15.57.49:900][  0]LogMaterial: Warning: [AssetLog] E:\Asus\Documents\GitHub\TheTroubleMakers\Unreal Engine Project\SpeedLimit_UniAzad\Content\TheTroubleMakers\MahlaRanjbar\MyBuilding\air_Condition.uasset: Failed to compile Material for platform PCD3D_SM5, Default Material will be used in game.
[2023.05.07-15.57.49:900][  0]LogMaterial: Display: 	(Node TextureSample) Texture Sample> Missing input texture
[2023.05.07-15.57.50:653][  0]LogAudio: Display: Audio Device (ID: 1) registered with world 'Minimal_Default'.
[2023.05.07-15.57.50:655][  0]LogAIModule: Creating AISystem for world Minimal_Default
[2023.05.07-15.57.50:675][  0]LogEditorServer: Finished looking for orphan Actors (0.000 secs)
[2023.05.07-15.57.50:706][  0]LogUObjectHash: Compacting FUObjectHashTables data took   1.05ms
[2023.05.07-15.57.50:707][  0]Cmd: MAP CHECKDEP NOCLEARLOG
[2023.05.07-15.57.50:707][  0]MapCheck: Map check complete: 0 Error(s), 0 Warning(s), took 0.135ms to complete.
[2023.05.07-15.57.50:707][  0]LogFileHelpers: Loading map 'Minimal_Default' took 1.330
[2023.05.07-15.57.50:709][  0]LogUnrealEdMisc: Total Editor Startup Time, took 6.610
[2023.05.07-15.57.50:832][  0]LogSlate: Updating window title bar state: overlay mode, drag disabled, window buttons hidden, title bar hidden
[2023.05.07-15.57.50:836][  0]LogSlate: Updating window title bar state: overlay mode, drag disabled, window buttons hidden, title bar hidden
[2023.05.07-15.57.50:840][  0]LogSlate: Updating window title bar state: overlay mode, drag disabled, window buttons hidden, title bar hidden
[2023.05.07-15.57.50:843][  0]LogSlate: Updating window title bar state: overlay mode, drag disabled, window buttons hidden, title bar hidden
[2023.05.07-15.57.50:855][  0]LogNativeClassHierarchy: Verbose: Native class hierarchy populated in 0.0075 seconds. Added 3822 classes and 928 folders.
[2023.05.07-15.57.50:857][  0]LogNativeClassHierarchy: Verbose: Native class hierarchy updated for 'WidgetCarousel' in 0.0002 seconds. Added 0 classes and 0 folders.
[2023.05.07-15.57.50:858][  0]LogPakFile: PakFile PrimaryIndexSize=187
[2023.05.07-15.57.50:858][  0]LogPakFile: PakFile PathHashIndexSize=101
[2023.05.07-15.57.50:858][  0]LogPakFile: PakFile FullDirectoryIndexSize=148
[2023.05.07-15.57.50:858][  0]LogShaderLibrary: Display: ShaderCodeLibraryPakFileMountedCallback: PakFile 'E:/Downloads/unreal_engine_v4.27_compiled/Unreal Engine v4.27 Compiled/FeaturePacks/FP_FirstPerson.upack' (chunk index -1, root 'root:/') mounted
[2023.05.07-15.57.50:858][  0]LogShaderLibrary: Display: ShaderCodeLibraryPakFileMountedCallback: pending pak file info (ChunkID:-1 Root:root:/ File:E:/Downloads/unreal_engine_v4.27_compiled/Unreal Engine v4.27 Compiled/FeaturePacks/FP_FirstPerson.upack)
[2023.05.07-15.57.50:858][  0]LogPakFile: OnPakFileMounted2Time == 0.000048
[2023.05.07-15.57.50:858][  0]LogPakFile: PakFile PrimaryIndexSize=189
[2023.05.07-15.57.50:858][  0]LogPakFile: PakFile PathHashIndexSize=101
[2023.05.07-15.57.50:858][  0]LogPakFile: PakFile FullDirectoryIndexSize=152
[2023.05.07-15.57.50:858][  0]LogShaderLibrary: Display: ShaderCodeLibraryPakFileMountedCallback: PakFile 'E:/Downloads/unreal_engine_v4.27_compiled/Unreal Engine v4.27 Compiled/FeaturePacks/FP_FirstPersonBP.upack' (chunk index -1, root 'root:/') mounted
[2023.05.07-15.57.50:858][  0]LogShaderLibrary: Display: ShaderCodeLibraryPakFileMountedCallback: pending pak file info (ChunkID:-1 Root:root:/ File:E:/Downloads/unreal_engine_v4.27_compiled/Unreal Engine v4.27 Compiled/FeaturePacks/FP_FirstPersonBP.upack)
[2023.05.07-15.57.50:858][  0]LogPakFile: OnPakFileMounted2Time == 0.000026
[2023.05.07-15.57.50:859][  0]LogPakFile: PakFile PrimaryIndexSize=191
[2023.05.07-15.57.50:859][  0]LogPakFile: PakFile PathHashIndexSize=101
[2023.05.07-15.57.50:859][  0]LogPakFile: PakFile FullDirectoryIndexSize=160
[2023.05.07-15.57.50:859][  0]LogShaderLibrary: Display: ShaderCodeLibraryPakFileMountedCallback: PakFile 'E:/Downloads/unreal_engine_v4.27_compiled/Unreal Engine v4.27 Compiled/FeaturePacks/MobileStarterContent.upack' (chunk index -1, root 'root:/') mounted
[2023.05.07-15.57.50:859][  0]LogShaderLibrary: Display: ShaderCodeLibraryPakFileMountedCallback: pending pak file info (ChunkID:-1 Root:root:/ File:E:/Downloads/unreal_engine_v4.27_compiled/Unreal Engine v4.27 Compiled/FeaturePacks/MobileStarterContent.upack)
[2023.05.07-15.57.50:859][  0]LogPakFile: OnPakFileMounted2Time == 0.000022
[2023.05.07-15.57.50:859][  0]LogPakFile: PakFile PrimaryIndexSize=185
[2023.05.07-15.57.50:859][  0]LogPakFile: PakFile PathHashIndexSize=101
[2023.05.07-15.57.50:859][  0]LogPakFile: PakFile FullDirectoryIndexSize=148
[2023.05.07-15.57.50:859][  0]LogShaderLibrary: Display: ShaderCodeLibraryPakFileMountedCallback: PakFile 'E:/Downloads/unreal_engine_v4.27_compiled/Unreal Engine v4.27 Compiled/FeaturePacks/StarterContent.upack' (chunk index -1, root 'root:/') mounted
[2023.05.07-15.57.50:859][  0]LogShaderLibrary: Display: ShaderCodeLibraryPakFileMountedCallback: pending pak file info (ChunkID:-1 Root:root:/ File:E:/Downloads/unreal_engine_v4.27_compiled/Unreal Engine v4.27 Compiled/FeaturePacks/StarterContent.upack)
[2023.05.07-15.57.50:859][  0]LogPakFile: OnPakFileMounted2Time == 0.000027
[2023.05.07-15.57.50:859][  0]LogPakFile: PakFile PrimaryIndexSize=190
[2023.05.07-15.57.50:859][  0]LogPakFile: PakFile PathHashIndexSize=101
[2023.05.07-15.57.50:859][  0]LogPakFile: PakFile FullDirectoryIndexSize=154
[2023.05.07-15.57.50:859][  0]LogShaderLibrary: Display: ShaderCodeLibraryPakFileMountedCallback: PakFile 'E:/Downloads/unreal_engine_v4.27_compiled/Unreal Engine v4.27 Compiled/FeaturePacks/TP_2DSideScroller.upack' (chunk index -1, root 'root:/') mounted
[2023.05.07-15.57.50:859][  0]LogShaderLibrary: Display: ShaderCodeLibraryPakFileMountedCallback: pending pak file info (ChunkID:-1 Root:root:/ File:E:/Downloads/unreal_engine_v4.27_compiled/Unreal Engine v4.27 Compiled/FeaturePacks/TP_2DSideScroller.upack)
[2023.05.07-15.57.50:859][  0]LogPakFile: OnPakFileMounted2Time == 0.000023
[2023.05.07-15.57.50:859][  0]LogPakFile: PakFile PrimaryIndexSize=192
[2023.05.07-15.57.50:859][  0]LogPakFile: PakFile PathHashIndexSize=101
[2023.05.07-15.57.50:859][  0]LogPakFile: PakFile FullDirectoryIndexSize=158
[2023.05.07-15.57.50:859][  0]LogShaderLibrary: Display: ShaderCodeLibraryPakFileMountedCallback: PakFile 'E:/Downloads/unreal_engine_v4.27_compiled/Unreal Engine v4.27 Compiled/FeaturePacks/TP_2DSideScrollerBP.upack' (chunk index -1, root 'root:/') mounted
[2023.05.07-15.57.50:859][  0]LogShaderLibrary: Display: ShaderCodeLibraryPakFileMountedCallback: pending pak file info (ChunkID:-1 Root:root:/ File:E:/Downloads/unreal_engine_v4.27_compiled/Unreal Engine v4.27 Compiled/FeaturePacks/TP_2DSideScrollerBP.upack)
[2023.05.07-15.57.50:860][  0]LogPakFile: OnPakFileMounted2Time == 0.000023
[2023.05.07-15.57.50:860][  0]LogPakFile: PakFile PrimaryIndexSize=182
[2023.05.07-15.57.50:860][  0]LogPakFile: PakFile PathHashIndexSize=101
[2023.05.07-15.57.50:860][  0]LogPakFile: PakFile FullDirectoryIndexSize=138
[2023.05.07-15.57.50:860][  0]LogShaderLibrary: Display: ShaderCodeLibraryPakFileMountedCallback: PakFile 'E:/Downloads/unreal_engine_v4.27_compiled/Unreal Engine v4.27 Compiled/FeaturePacks/TP_Flying.upack' (chunk index -1, root 'root:/') mounted
[2023.05.07-15.57.50:860][  0]LogShaderLibrary: Display: ShaderCodeLibraryPakFileMountedCallback: pending pak file info (ChunkID:-1 Root:root:/ File:E:/Downloads/unreal_engine_v4.27_compiled/Unreal Engine v4.27 Compiled/FeaturePacks/TP_Flying.upack)
[2023.05.07-15.57.50:860][  0]LogPakFile: OnPakFileMounted2Time == 0.000023
[2023.05.07-15.57.50:860][  0]LogPakFile: PakFile PrimaryIndexSize=184
[2023.05.07-15.57.50:860][  0]LogPakFile: PakFile PathHashIndexSize=101
[2023.05.07-15.57.50:860][  0]LogPakFile: PakFile FullDirectoryIndexSize=142
[2023.05.07-15.57.50:860][  0]LogShaderLibrary: Display: ShaderCodeLibraryPakFileMountedCallback: PakFile 'E:/Downloads/unreal_engine_v4.27_compiled/Unreal Engine v4.27 Compiled/FeaturePacks/TP_FlyingBP.upack' (chunk index -1, root 'root:/') mounted
[2023.05.07-15.57.50:860][  0]LogShaderLibrary: Display: ShaderCodeLibraryPakFileMountedCallback: pending pak file info (ChunkID:-1 Root:root:/ File:E:/Downloads/unreal_engine_v4.27_compiled/Unreal Engine v4.27 Compiled/FeaturePacks/TP_FlyingBP.upack)
[2023.05.07-15.57.50:860][  0]LogPakFile: OnPakFileMounted2Time == 0.000022
[2023.05.07-15.57.50:860][  0]LogPakFile: PakFile PrimaryIndexSize=188
[2023.05.07-15.57.50:860][  0]LogPakFile: PakFile PathHashIndexSize=101
[2023.05.07-15.57.50:860][  0]LogPakFile: PakFile FullDirectoryIndexSize=150
[2023.05.07-15.57.50:860][  0]LogShaderLibrary: Display: ShaderCodeLibraryPakFileMountedCallback: PakFile 'E:/Downloads/unreal_engine_v4.27_compiled/Unreal Engine v4.27 Compiled/FeaturePacks/TP_HandheldARBP.upack' (chunk index -1, root 'root:/') mounted
[2023.05.07-15.57.50:860][  0]LogShaderLibrary: Display: ShaderCodeLibraryPakFileMountedCallback: pending pak file info (ChunkID:-1 Root:root:/ File:E:/Downloads/unreal_engine_v4.27_compiled/Unreal Engine v4.27 Compiled/FeaturePacks/TP_HandheldARBP.upack)
[2023.05.07-15.57.50:860][  0]LogPakFile: OnPakFileMounted2Time == 0.000021
[2023.05.07-15.57.50:861][  0]LogPakFile: PakFile PrimaryIndexSize=182
[2023.05.07-15.57.50:861][  0]LogPakFile: PakFile PathHashIndexSize=101
[2023.05.07-15.57.50:861][  0]LogPakFile: PakFile FullDirectoryIndexSize=138
[2023.05.07-15.57.50:861][  0]LogShaderLibrary: Display: ShaderCodeLibraryPakFileMountedCallback: PakFile 'E:/Downloads/unreal_engine_v4.27_compiled/Unreal Engine v4.27 Compiled/FeaturePacks/TP_Puzzle.upack' (chunk index -1, root 'root:/') mounted
[2023.05.07-15.57.50:861][  0]LogShaderLibrary: Display: ShaderCodeLibraryPakFileMountedCallback: pending pak file info (ChunkID:-1 Root:root:/ File:E:/Downloads/unreal_engine_v4.27_compiled/Unreal Engine v4.27 Compiled/FeaturePacks/TP_Puzzle.upack)
[2023.05.07-15.57.50:861][  0]LogPakFile: OnPakFileMounted2Time == 0.000024
[2023.05.07-15.57.50:861][  0]LogPakFile: PakFile PrimaryIndexSize=184
[2023.05.07-15.57.50:861][  0]LogPakFile: PakFile PathHashIndexSize=101
[2023.05.07-15.57.50:861][  0]LogPakFile: PakFile FullDirectoryIndexSize=142
[2023.05.07-15.57.50:861][  0]LogShaderLibrary: Display: ShaderCodeLibraryPakFileMountedCallback: PakFile 'E:/Downloads/unreal_engine_v4.27_compiled/Unreal Engine v4.27 Compiled/FeaturePacks/TP_PuzzleBP.upack' (chunk index -1, root 'root:/') mounted
[2023.05.07-15.57.50:861][  0]LogShaderLibrary: Display: ShaderCodeLibraryPakFileMountedCallback: pending pak file info (ChunkID:-1 Root:root:/ File:E:/Downloads/unreal_engine_v4.27_compiled/Unreal Engine v4.27 Compiled/FeaturePacks/TP_PuzzleBP.upack)
[2023.05.07-15.57.50:861][  0]LogPakFile: OnPakFileMounted2Time == 0.000021
[2023.05.07-15.57.50:861][  0]LogPakFile: PakFile PrimaryIndexSize=183
[2023.05.07-15.57.50:861][  0]LogPakFile: PakFile PathHashIndexSize=101
[2023.05.07-15.57.50:861][  0]LogPakFile: PakFile FullDirectoryIndexSize=140
[2023.05.07-15.57.50:861][  0]LogShaderLibrary: Display: ShaderCodeLibraryPakFileMountedCallback: PakFile 'E:/Downloads/unreal_engine_v4.27_compiled/Unreal Engine v4.27 Compiled/FeaturePacks/TP_Rolling.upack' (chunk index -1, root 'root:/') mounted
[2023.05.07-15.57.50:861][  0]LogShaderLibrary: Display: ShaderCodeLibraryPakFileMountedCallback: pending pak file info (ChunkID:-1 Root:root:/ File:E:/Downloads/unreal_engine_v4.27_compiled/Unreal Engine v4.27 Compiled/FeaturePacks/TP_Rolling.upack)
[2023.05.07-15.57.50:861][  0]LogPakFile: OnPakFileMounted2Time == 0.000022
[2023.05.07-15.57.50:861][  0]LogPakFile: PakFile PrimaryIndexSize=185
[2023.05.07-15.57.50:861][  0]LogPakFile: PakFile PathHashIndexSize=101
[2023.05.07-15.57.50:861][  0]LogPakFile: PakFile FullDirectoryIndexSize=144
[2023.05.07-15.57.50:861][  0]LogShaderLibrary: Display: ShaderCodeLibraryPakFileMountedCallback: PakFile 'E:/Downloads/unreal_engine_v4.27_compiled/Unreal Engine v4.27 Compiled/FeaturePacks/TP_RollingBP.upack' (chunk index -1, root 'root:/') mounted
[2023.05.07-15.57.50:861][  0]LogShaderLibrary: Display: ShaderCodeLibraryPakFileMountedCallback: pending pak file info (ChunkID:-1 Root:root:/ File:E:/Downloads/unreal_engine_v4.27_compiled/Unreal Engine v4.27 Compiled/FeaturePacks/TP_RollingBP.upack)
[2023.05.07-15.57.50:861][  0]LogPakFile: OnPakFileMounted2Time == 0.000021
[2023.05.07-15.57.50:862][  0]LogPakFile: PakFile PrimaryIndexSize=188
[2023.05.07-15.57.50:862][  0]LogPakFile: PakFile PathHashIndexSize=101
[2023.05.07-15.57.50:862][  0]LogPakFile: PakFile FullDirectoryIndexSize=150
[2023.05.07-15.57.50:862][  0]LogShaderLibrary: Display: ShaderCodeLibraryPakFileMountedCallback: PakFile 'E:/Downloads/unreal_engine_v4.27_compiled/Unreal Engine v4.27 Compiled/FeaturePacks/TP_SideScroller.upack' (chunk index -1, root 'root:/') mounted
[2023.05.07-15.57.50:862][  0]LogShaderLibrary: Display: ShaderCodeLibraryPakFileMountedCallback: pending pak file info (ChunkID:-1 Root:root:/ File:E:/Downloads/unreal_engine_v4.27_compiled/Unreal Engine v4.27 Compiled/FeaturePacks/TP_SideScroller.upack)
[2023.05.07-15.57.50:862][  0]LogPakFile: OnPakFileMounted2Time == 0.000039
[2023.05.07-15.57.50:862][  0]LogPakFile: PakFile PrimaryIndexSize=190
[2023.05.07-15.57.50:862][  0]LogPakFile: PakFile PathHashIndexSize=101
[2023.05.07-15.57.50:862][  0]LogPakFile: PakFile FullDirectoryIndexSize=154
[2023.05.07-15.57.50:862][  0]LogShaderLibrary: Display: ShaderCodeLibraryPakFileMountedCallback: PakFile 'E:/Downloads/unreal_engine_v4.27_compiled/Unreal Engine v4.27 Compiled/FeaturePacks/TP_SideScrollerBP.upack' (chunk index -1, root 'root:/') mounted
[2023.05.07-15.57.50:862][  0]LogShaderLibrary: Display: ShaderCodeLibraryPakFileMountedCallback: pending pak file info (ChunkID:-1 Root:root:/ File:E:/Downloads/unreal_engine_v4.27_compiled/Unreal Engine v4.27 Compiled/FeaturePacks/TP_SideScrollerBP.upack)
[2023.05.07-15.57.50:862][  0]LogPakFile: OnPakFileMounted2Time == 0.000023
[2023.05.07-15.57.50:862][  0]LogPakFile: PakFile PrimaryIndexSize=187
[2023.05.07-15.57.50:862][  0]LogPakFile: PakFile PathHashIndexSize=101
[2023.05.07-15.57.50:862][  0]LogPakFile: PakFile FullDirectoryIndexSize=148
[2023.05.07-15.57.50:862][  0]LogShaderLibrary: Display: ShaderCodeLibraryPakFileMountedCallback: PakFile 'E:/Downloads/unreal_engine_v4.27_compiled/Unreal Engine v4.27 Compiled/FeaturePacks/TP_ThirdPerson.upack' (chunk index -1, root 'root:/') mounted
[2023.05.07-15.57.50:862][  0]LogShaderLibrary: Display: ShaderCodeLibraryPakFileMountedCallback: pending pak file info (ChunkID:-1 Root:root:/ File:E:/Downloads/unreal_engine_v4.27_compiled/Unreal Engine v4.27 Compiled/FeaturePacks/TP_ThirdPerson.upack)
[2023.05.07-15.57.50:862][  0]LogPakFile: OnPakFileMounted2Time == 0.000022
[2023.05.07-15.57.50:862][  0]LogPakFile: PakFile PrimaryIndexSize=189
[2023.05.07-15.57.50:862][  0]LogPakFile: PakFile PathHashIndexSize=101
[2023.05.07-15.57.50:862][  0]LogPakFile: PakFile FullDirectoryIndexSize=152
[2023.05.07-15.57.50:862][  0]LogShaderLibrary: Display: ShaderCodeLibraryPakFileMountedCallback: PakFile 'E:/Downloads/unreal_engine_v4.27_compiled/Unreal Engine v4.27 Compiled/FeaturePacks/TP_ThirdPersonBP.upack' (chunk index -1, root 'root:/') mounted
[2023.05.07-15.57.50:862][  0]LogShaderLibrary: Display: ShaderCodeLibraryPakFileMountedCallback: pending pak file info (ChunkID:-1 Root:root:/ File:E:/Downloads/unreal_engine_v4.27_compiled/Unreal Engine v4.27 Compiled/FeaturePacks/TP_ThirdPersonBP.upack)
[2023.05.07-15.57.50:862][  0]LogPakFile: OnPakFileMounted2Time == 0.000022
[2023.05.07-15.57.50:862][  0]LogPakFile: PakFile PrimaryIndexSize=183
[2023.05.07-15.57.50:862][  0]LogPakFile: PakFile PathHashIndexSize=101
[2023.05.07-15.57.50:862][  0]LogPakFile: PakFile FullDirectoryIndexSize=140
[2023.05.07-15.57.50:862][  0]LogShaderLibrary: Display: ShaderCodeLibraryPakFileMountedCallback: PakFile 'E:/Downloads/unreal_engine_v4.27_compiled/Unreal Engine v4.27 Compiled/FeaturePacks/TP_TopDown.upack' (chunk index -1, root 'root:/') mounted
[2023.05.07-15.57.50:862][  0]LogShaderLibrary: Display: ShaderCodeLibraryPakFileMountedCallback: pending pak file info (ChunkID:-1 Root:root:/ File:E:/Downloads/unreal_engine_v4.27_compiled/Unreal Engine v4.27 Compiled/FeaturePacks/TP_TopDown.upack)
[2023.05.07-15.57.50:862][  0]LogPakFile: OnPakFileMounted2Time == 0.000032
[2023.05.07-15.57.50:863][  0]LogPakFile: PakFile PrimaryIndexSize=185
[2023.05.07-15.57.50:863][  0]LogPakFile: PakFile PathHashIndexSize=101
[2023.05.07-15.57.50:863][  0]LogPakFile: PakFile FullDirectoryIndexSize=144
[2023.05.07-15.57.50:863][  0]LogShaderLibrary: Display: ShaderCodeLibraryPakFileMountedCallback: PakFile 'E:/Downloads/unreal_engine_v4.27_compiled/Unreal Engine v4.27 Compiled/FeaturePacks/TP_TopDownBP.upack' (chunk index -1, root 'root:/') mounted
[2023.05.07-15.57.50:863][  0]LogShaderLibrary: Display: ShaderCodeLibraryPakFileMountedCallback: pending pak file info (ChunkID:-1 Root:root:/ File:E:/Downloads/unreal_engine_v4.27_compiled/Unreal Engine v4.27 Compiled/FeaturePacks/TP_TopDownBP.upack)
[2023.05.07-15.57.50:863][  0]LogPakFile: OnPakFileMounted2Time == 0.000023
[2023.05.07-15.57.50:863][  0]LogPakFile: PakFile PrimaryIndexSize=185
[2023.05.07-15.57.50:863][  0]LogPakFile: PakFile PathHashIndexSize=101
[2023.05.07-15.57.50:863][  0]LogPakFile: PakFile FullDirectoryIndexSize=144
[2023.05.07-15.57.50:863][  0]LogShaderLibrary: Display: ShaderCodeLibraryPakFileMountedCallback: PakFile 'E:/Downloads/unreal_engine_v4.27_compiled/Unreal Engine v4.27 Compiled/FeaturePacks/TP_TwinStick.upack' (chunk index -1, root 'root:/') mounted
[2023.05.07-15.57.50:863][  0]LogShaderLibrary: Display: ShaderCodeLibraryPakFileMountedCallback: pending pak file info (ChunkID:-1 Root:root:/ File:E:/Downloads/unreal_engine_v4.27_compiled/Unreal Engine v4.27 Compiled/FeaturePacks/TP_TwinStick.upack)
[2023.05.07-15.57.50:863][  0]LogPakFile: OnPakFileMounted2Time == 0.000023
[2023.05.07-15.57.50:863][  0]LogPakFile: PakFile PrimaryIndexSize=187
[2023.05.07-15.57.50:863][  0]LogPakFile: PakFile PathHashIndexSize=101
[2023.05.07-15.57.50:863][  0]LogPakFile: PakFile FullDirectoryIndexSize=148
[2023.05.07-15.57.50:863][  0]LogShaderLibrary: Display: ShaderCodeLibraryPakFileMountedCallback: PakFile 'E:/Downloads/unreal_engine_v4.27_compiled/Unreal Engine v4.27 Compiled/FeaturePacks/TP_TwinStickBP.upack' (chunk index -1, root 'root:/') mounted
[2023.05.07-15.57.50:863][  0]LogShaderLibrary: Display: ShaderCodeLibraryPakFileMountedCallback: pending pak file info (ChunkID:-1 Root:root:/ File:E:/Downloads/unreal_engine_v4.27_compiled/Unreal Engine v4.27 Compiled/FeaturePacks/TP_TwinStickBP.upack)
[2023.05.07-15.57.50:863][  0]LogPakFile: OnPakFileMounted2Time == 0.000023
[2023.05.07-15.57.50:863][  0]LogPakFile: PakFile PrimaryIndexSize=183
[2023.05.07-15.57.50:863][  0]LogPakFile: PakFile PathHashIndexSize=101
[2023.05.07-15.57.50:863][  0]LogPakFile: PakFile FullDirectoryIndexSize=140
[2023.05.07-15.57.50:863][  0]LogShaderLibrary: Display: ShaderCodeLibraryPakFileMountedCallback: PakFile 'E:/Downloads/unreal_engine_v4.27_compiled/Unreal Engine v4.27 Compiled/FeaturePacks/TP_Vehicle.upack' (chunk index -1, root 'root:/') mounted
[2023.05.07-15.57.50:863][  0]LogShaderLibrary: Display: ShaderCodeLibraryPakFileMountedCallback: pending pak file info (ChunkID:-1 Root:root:/ File:E:/Downloads/unreal_engine_v4.27_compiled/Unreal Engine v4.27 Compiled/FeaturePacks/TP_Vehicle.upack)
[2023.05.07-15.57.50:863][  0]LogPakFile: OnPakFileMounted2Time == 0.000024
[2023.05.07-15.57.50:863][  0]LogPakFile: PakFile PrimaryIndexSize=186
[2023.05.07-15.57.50:863][  0]LogPakFile: PakFile PathHashIndexSize=101
[2023.05.07-15.57.50:863][  0]LogPakFile: PakFile FullDirectoryIndexSize=146
[2023.05.07-15.57.50:863][  0]LogShaderLibrary: Display: ShaderCodeLibraryPakFileMountedCallback: PakFile 'E:/Downloads/unreal_engine_v4.27_compiled/Unreal Engine v4.27 Compiled/FeaturePacks/TP_VehicleAdv.upack' (chunk index -1, root 'root:/') mounted
[2023.05.07-15.57.50:863][  0]LogShaderLibrary: Display: ShaderCodeLibraryPakFileMountedCallback: pending pak file info (ChunkID:-1 Root:root:/ File:E:/Downloads/unreal_engine_v4.27_compiled/Unreal Engine v4.27 Compiled/FeaturePacks/TP_VehicleAdv.upack)
[2023.05.07-15.57.50:863][  0]LogPakFile: OnPakFileMounted2Time == 0.000022
[2023.05.07-15.57.50:863][  0]LogPakFile: PakFile PrimaryIndexSize=188
[2023.05.07-15.57.50:865][  0]LogPakFile: PakFile PathHashIndexSize=101
[2023.05.07-15.57.50:865][  0]LogPakFile: PakFile FullDirectoryIndexSize=150
[2023.05.07-15.57.50:865][  0]LogShaderLibrary: Display: ShaderCodeLibraryPakFileMountedCallback: PakFile 'E:/Downloads/unreal_engine_v4.27_compiled/Unreal Engine v4.27 Compiled/FeaturePacks/TP_VehicleAdvBP.upack' (chunk index -1, root 'root:/') mounted
[2023.05.07-15.57.50:865][  0]LogShaderLibrary: Display: ShaderCodeLibraryPakFileMountedCallback: pending pak file info (ChunkID:-1 Root:root:/ File:E:/Downloads/unreal_engine_v4.27_compiled/Unreal Engine v4.27 Compiled/FeaturePacks/TP_VehicleAdvBP.upack)
[2023.05.07-15.57.50:865][  0]LogPakFile: OnPakFileMounted2Time == 0.000022
[2023.05.07-15.57.50:865][  0]LogPakFile: PakFile PrimaryIndexSize=185
[2023.05.07-15.57.50:865][  0]LogPakFile: PakFile PathHashIndexSize=101
[2023.05.07-15.57.50:865][  0]LogPakFile: PakFile FullDirectoryIndexSize=144
[2023.05.07-15.57.50:865][  0]LogShaderLibrary: Display: ShaderCodeLibraryPakFileMountedCallback: PakFile 'E:/Downloads/unreal_engine_v4.27_compiled/Unreal Engine v4.27 Compiled/FeaturePacks/TP_VehicleBP.upack' (chunk index -1, root 'root:/') mounted
[2023.05.07-15.57.50:865][  0]LogShaderLibrary: Display: ShaderCodeLibraryPakFileMountedCallback: pending pak file info (ChunkID:-1 Root:root:/ File:E:/Downloads/unreal_engine_v4.27_compiled/Unreal Engine v4.27 Compiled/FeaturePacks/TP_VehicleBP.upack)
[2023.05.07-15.57.50:865][  0]LogPakFile: OnPakFileMounted2Time == 0.000021
[2023.05.07-15.57.50:865][  0]LogPakFile: PakFile PrimaryIndexSize=192
[2023.05.07-15.57.50:865][  0]LogPakFile: PakFile PathHashIndexSize=101
[2023.05.07-15.57.50:865][  0]LogPakFile: PakFile FullDirectoryIndexSize=158
[2023.05.07-15.57.50:865][  0]LogShaderLibrary: Display: ShaderCodeLibraryPakFileMountedCallback: PakFile 'E:/Downloads/unreal_engine_v4.27_compiled/Unreal Engine v4.27 Compiled/FeaturePacks/TP_VirtualRealityBP.upack' (chunk index -1, root 'root:/') mounted
[2023.05.07-15.57.50:865][  0]LogShaderLibrary: Display: ShaderCodeLibraryPakFileMountedCallback: pending pak file info (ChunkID:-1 Root:root:/ File:E:/Downloads/unreal_engine_v4.27_compiled/Unreal Engine v4.27 Compiled/FeaturePacks/TP_VirtualRealityBP.upack)
[2023.05.07-15.57.50:865][  0]LogPakFile: OnPakFileMounted2Time == 0.000023
[2023.05.07-15.57.50:888][  0]LogNativeClassHierarchy: Verbose: Native class hierarchy updated for 'AddContentDialog' in 0.0002 seconds. Added 0 classes and 0 folders.
[2023.05.07-15.57.50:889][  0]LogNativeClassHierarchy: Verbose: Native class hierarchy updated for 'SceneOutliner' in 0.0002 seconds. Added 2 classes and 0 folders.
[2023.05.07-15.57.50:962][  0]LogSlate: Took 0.000164 seconds to synchronously load lazily loaded font '../../../Engine/Content/Slate/Fonts/Roboto-Regular.ttf' (155K)
[2023.05.07-15.57.50:963][  0]LogSlate: Took 0.000182 seconds to synchronously load lazily loaded font '../../../Engine/Content/Editor/Slate/Fonts/FontAwesome.ttf' (139K)
[2023.05.07-15.57.50:965][  0]LogSlate: Took 0.000127 seconds to synchronously load lazily loaded font '../../../Engine/Content/Slate/Fonts/Roboto-Bold.ttf' (160K)
[2023.05.07-15.57.51:030][  0]LogRenderer: Reallocating scene render targets to support 1108x548 Format 10 NumSamples 1 (Frame:1).
[2023.05.07-15.57.51:109][  0]LogNativeClassHierarchy: Verbose: Native class hierarchy updated for 'HierarchicalLODOutliner' in 0.0003 seconds. Added 0 classes and 0 folders.
[2023.05.07-15.57.51:109][  0]LogLoad: (Engine Initialization) Total time: 7.01 seconds
[2023.05.07-15.57.51:109][  0]LogLoad: (Engine Initialization) Total Blueprint compile time: 0.00 seconds
[2023.05.07-15.57.51:163][  0]LogAssetRegistry: Asset discovery search completed in 4.2564 seconds
[2023.05.07-15.57.51:170][  0]LogCollectionManager: Fixed up redirectors for 0 collections in 0.000004 seconds (updated 0 objects)
[2023.05.07-15.57.51:200][  0]LogContentStreaming: Texture pool size now 1000 MB
[2023.05.07-15.57.51:256][  2]LogSlate: Took 0.000173 seconds to synchronously load lazily loaded font '../../../Engine/Content/Slate/Fonts/Roboto-Light.ttf' (167K)
[2023.05.07-15.59.12:634][396]LogTemp: Repeating last play command: Selected Viewport
[2023.05.07-15.59.12:637][396]LogPlayLevel: PlayLevel: No blueprints needed recompiling
[2023.05.07-15.59.12:638][396]PIE: New page: PIE session: Minimal_Default (May 7, 2023, 11:59:12 PM)
[2023.05.07-15.59.12:639][396]LogOnline: OSS: Creating online subsystem instance for: NULL
[2023.05.07-15.59.12:640][396]LogOnline: OSS: TryLoadSubsystemAndSetDefault: Loaded subsystem for module [NULL]
[2023.05.07-15.59.12:640][396]LogPlayLevel: Creating play world package: /Game/StarterContent/Maps/UEDPIE_0_Minimal_Default
[2023.05.07-15.59.12:659][396]LogPlayLevel: PIE: StaticDuplicateObject took: (0.018809s)
[2023.05.07-15.59.12:661][396]LogAIModule: Creating AISystem for world Minimal_Default
[2023.05.07-15.59.12:661][396]LogPlayLevel: PIE: World Init took: (0.001757s)
[2023.05.07-15.59.12:661][396]LogPlayLevel: PIE: Created PIE world by copying editor world from /Game/StarterContent/Maps/Minimal_Default.Minimal_Default to /Game/StarterContent/Maps/UEDPIE_0_Minimal_Default.Minimal_Default (0.020737s)
[2023.05.07-15.59.12:667][396]LogUObjectHash: Compacting FUObjectHashTables data took   0.58ms
[2023.05.07-15.59.12:668][396]LogAudio: Display: Creating Audio Device:                 Id: 2, Scope: Unique, Realtime: True
[2023.05.07-15.59.12:668][396]LogAudioMixer: Display: Audio Mixer Platform Settings:
[2023.05.07-15.59.12:668][396]LogAudioMixer: Display: 	Sample Rate:						  48000
[2023.05.07-15.59.12:668][396]LogAudioMixer: Display: 	Callback Buffer Frame Size Requested: 1024
[2023.05.07-15.59.12:668][396]LogAudioMixer: Display: 	Callback Buffer Frame Size To Use:	  1024
[2023.05.07-15.59.12:668][396]LogAudioMixer: Display: 	Number of buffers to queue:			  2
[2023.05.07-15.59.12:668][396]LogAudioMixer: Display: 	Max Channels (voices):				  32
[2023.05.07-15.59.12:668][396]LogAudioMixer: Display: 	Number of Async Source Workers:		  0
[2023.05.07-15.59.12:668][396]LogAudio: Display: AudioDevice MaxSources: 32
[2023.05.07-15.59.12:668][396]LogAudio: Display: Audio Spatialization Plugin: None (built-in).
[2023.05.07-15.59.12:668][396]LogAudio: Display: Audio Reverb Plugin: None (built-in).
[2023.05.07-15.59.12:668][396]LogAudio: Display: Audio Occlusion Plugin: None (built-in).
[2023.05.07-15.59.12:668][396]LogAudioMixer: Display: Initializing audio mixer.
[2023.05.07-15.59.12:671][396]LogAudioMixer: Display: 0: FrontLeft
[2023.05.07-15.59.12:671][396]LogAudioMixer: Display: 1: FrontRight
[2023.05.07-15.59.12:675][396]LogAudioMixer: Display: Using Audio Device Mi TV (HD Audio Driver for Display Audio)
[2023.05.07-15.59.12:675][396]LogAudioMixer: Display: Initializing Sound Submixes...
[2023.05.07-15.59.12:675][396]LogAudioMixer: Display: Creating Master Submix 'MasterSubmixDefault'
[2023.05.07-15.59.12:675][396]LogAudioMixer: Display: Creating Master Submix 'MasterReverbSubmixDefault'
[2023.05.07-15.59.12:675][396]LogAudioMixer: Display: Creating Master Submix 'MasterEQSubmixDefault'
[2023.05.07-15.59.12:677][396]LogAudioMixer: FMixerPlatformXAudio2::StartAudioStream() called
[2023.05.07-15.59.12:677][396]LogAudioMixer: Display: Output buffers initialized: Frames=1024, Channels=2, Samples=2048
[2023.05.07-15.59.12:678][396]LogAudioMixer: Display: Starting AudioMixerPlatformInterface::RunInternal()
[2023.05.07-15.59.12:678][396]LogAudioMixer: Display: FMixerPlatformXAudio2::SubmitBuffer() called for the first time
[2023.05.07-15.59.12:678][396]LogInit: FAudioDevice initialized.
[2023.05.07-15.59.12:678][396]LogAudio: Display: Audio Device (ID: 2) registered with world 'Minimal_Default'.
[2023.05.07-15.59.12:682][396]LogLoad: Game class is 'NissanGame_C'
[2023.05.07-15.59.12:686][396]LogWorld: Bringing World /Game/StarterContent/Maps/UEDPIE_0_Minimal_Default.Minimal_Default up for play (max tick rate 0) at 2023.05.07-19.29.12
[2023.05.07-15.59.12:687][396]LogWorld: Bringing up level for play took: 0.004382
[2023.05.07-15.59.12:687][396]LogOnline: OSS: Creating online subsystem instance for: :Context_1
[2023.05.07-15.59.12:691][396]LogNativeClassHierarchy: Verbose: Native class hierarchy updated for 'MovieSceneCapture' in 0.0003 seconds. Added 20 classes and 0 folders.
[2023.05.07-15.59.12:691][396]LogGameMode: Display: Match State Changed from EnteringMap to WaitingToStart
[2023.05.07-15.59.12:691][396]LogGameState: Match State Changed from EnteringMap to WaitingToStart
[2023.05.07-15.59.12:691][396]LogGameMode: Display: Match State Changed from WaitingToStart to InProgress
[2023.05.07-15.59.12:693][396]LogGameState: Match State Changed from WaitingToStart to InProgress
[2023.05.07-15.59.12:693][396]PIE: Server logged in
[2023.05.07-15.59.12:695][396]PIE: Play in editor total start time 0.057 seconds.
[2023.05.07-15.59.18:140][727]Cmd: LevelEditor.ToggleImmersive
[2023.05.07-15.59.18:193][727]LogSlate: Took 0.000144 seconds to synchronously load lazily loaded font '../../../Engine/Content/Slate/Fonts/Roboto-Light.ttf' (167K)
[2023.05.07-15.59.18:251][728]LogRenderer: Reallocating scene render targets to support 1688x896 Format 10 NumSamples 1 (Frame:333).
[2023.05.07-15.59.18:307][729]LogRenderer: Reallocating scene render targets to support 1920x1032 Format 10 NumSamples 1 (Frame:335).
[2023.05.07-16.00.53:586][852]LogSlate: Updating window title bar state: overlay mode, drag disabled, window buttons hidden, title bar hidden
[2023.05.07-16.00.53:586][852]LogWorld: BeginTearingDown for /Game/StarterContent/Maps/UEDPIE_0_Minimal_Default
[2023.05.07-16.00.53:586][852]LogWorld: UWorld::CleanupWorld for Minimal_Default, bSessionEnded=true, bCleanupResources=true
[2023.05.07-16.00.53:587][852]LogSlate: InvalidateAllWidgets triggered.  All widgets were invalidated
[2023.05.07-16.00.53:645][852]LogPlayLevel: Display: Shutting down PIE online subsystems
[2023.05.07-16.00.53:647][852]LogSlate: InvalidateAllWidgets triggered.  All widgets were invalidated
[2023.05.07-16.00.53:652][852]LogAudio: Display: Audio Device unregistered from world 'None'.
[2023.05.07-16.00.53:652][852]LogAudioMixer: FMixerPlatformXAudio2::StopAudioStream() called
[2023.05.07-16.00.53:653][852]LogAudioMixer: FMixerPlatformXAudio2::StopAudioStream() called
[2023.05.07-16.00.53:655][852]LogSlate: Updating window title bar state: overlay mode, drag disabled, window buttons hidden, title bar hidden
[2023.05.07-16.00.53:657][852]LogUObjectHash: Compacting FUObjectHashTables data took   0.57ms
[2023.05.07-16.00.53:671][853]LogPlayLevel: Display: Destroying online subsystem :Context_1
[2023.05.07-16.00.58:770][ 23]LogEditorViewport: Clicking on Actor (LMB): StaticMeshActor (muntitled_f_Plane_003)
[2023.05.07-16.01.19:038][613]LogEditorViewport: Clicking on Actor (LMB): StaticMeshActor (muntitled_f_Cube_002)
[2023.05.07-16.01.23:013][727]LogSlate: Took 0.000479 seconds to synchronously load lazily loaded font '../../../Engine/Content/Slate/Fonts/DroidSansMono.ttf' (77K)
[2023.05.07-16.01.28:318][893]LogEditorViewport: Clicking on Actor (LMB): StaticMeshActor (muntitled_f_Cube_002)
[2023.05.07-16.01.29:423][928]LogEditorViewport: Clicking on Actor (LMB): StaticMeshActor (Base_Ground_Uni_f6)
[2023.05.07-16.01.54:537][296]LogEditorViewport: Clicking on Actor (LMB): StaticMeshActor (muntitled_f_Cube_006)
[2023.05.07-16.03.01:344][293]LogEditorViewport: Clicking on Actor (LMB): StaticMeshActor (Base_Ground_Uni_f6)
[2023.05.07-16.03.37:762][503]LogEditorViewport: Clicking on Actor (LMB): Landscape (Landscape)
[2023.05.07-16.05.55:737][424]LogFactory: FactoryCreateFile: StaticMesh with FbxFactory (0 0 ../../../../../../Asus/Documents/GitHub/TheTroubleMakers/University Environment Assets/RUSHANAEI/MA.fbx)
[2023.05.07-16.05.55:744][424]LogFbx: Loading FBX Scene from ../../../../../../Asus/Documents/GitHub/TheTroubleMakers/University Environment Assets/RUSHANAEI/MA.fbx
[2023.05.07-16.05.55:747][424]LogFbx: FBX Scene Loaded Succesfully
[2023.05.07-16.05.56:940][424]LogSlate: Window 'FBX Import Options' being destroyed
[2023.05.07-16.05.56:973][424]LogFbx: Display: Triangulating static mesh Circle
[2023.05.07-16.05.56:988][424]LogStaticMesh: Building static mesh MA...
[2023.05.07-16.05.56:994][424]LogStaticMesh: Built static mesh [0.01s] /Game/TheTroubleMakers/ALL_Assets/Lights/LightBulb/MA.MA
[2023.05.07-16.05.56:996][424]LogStaticMesh: Warning: MA has degenerate tangent bases which will result in incorrect shading.  MikkTSpace relies on tangent bases and may result in mesh corruption, consider disabling this option.
[2023.05.07-16.05.56:996][424]LogStaticMesh: Warning: MA has some nearly zero bi-normals which can create some issues. (Tolerance of 1E-4)
[2023.05.07-16.05.57:003][424]FBXImport: Warning: No smoothing group information was found in this FBX scene.  Please make sure to enable the 'Export Smoothing Groups' option in the FBX Exporter plug-in before exporting the file.  Even for tools that don't support smoothing groups, the FBX Exporter will generate appropriate smoothing data at export-time so that correct vertex normals can be inferred while importing. 
[2023.05.07-16.05.57:003][424]FBXImport: Warning: MA has degenerate tangent bases which will result in incorrect shading.  MikkTSpace relies on tangent bases and may result in mesh corruption, consider disabling this option. 
[2023.05.07-16.05.57:003][424]FBXImport: Warning: MA has some nearly zero bi-normals which can create some issues. (Tolerance of 1E-4) 
[2023.05.07-16.05.59:961][550]LogSlate: Window 'Message Log' being destroyed
[2023.05.07-16.05.59:988][550]LogSlate: Window 'Message Log' being destroyed
[2023.05.07-16.06.01:588][650]LogActorFactory: Actor Factory created MA
[2023.05.07-16.06.03:033][778]LogActorFactory: Actor Factory created MA
[2023.05.07-16.06.37:060][407]LogActorFactory: Actor Factory created MA
[2023.05.07-16.06.38:309][517]LogActorFactory: Actor Factory created MA
[2023.05.07-16.06.52:431][714]LogEditorViewport: Clicking on Actor (LMB): StaticMeshActor (Base_Ground_Uni_f6)
[2023.05.07-16.06.53:026][744]LogEditorViewport: Clicking on Actor (LMB): StaticMeshActor (MA)
[2023.05.07-16.06.55:189][909]LogEditorViewport: Clicking on Actor (LMB): StaticMeshActor (Base_Ground_Uni_f6)
[2023.05.07-16.06.55:743][937]LogEditorViewport: Clicking on Actor (LMB): StaticMeshActor (Base_Ground_Uni_f6)
[2023.05.07-16.06.56:304][978]LogEditorViewport: Clicking on Actor (LMB): StaticMeshActor (Base_Ground_Uni_f6)
[2023.05.07-16.06.56:722][  8]LogEditorViewport: Clicking on Actor (LMB): StaticMeshActor (Base_Ground_Uni_f6)
[2023.05.07-16.06.57:034][ 30]LogEditorViewport: Clicking on Actor (LMB): StaticMeshActor (MA2)
[2023.05.07-16.07.03:336][511]LogEditorViewport: Clicking on Actor (LMB): StaticMeshActor (MA)
[2023.05.07-16.07.05:504][671]LogEditorViewport: Clicking on Actor (LMB): StaticMeshActor (Base_Ground_Uni_f6)
[2023.05.07-16.07.23:349][198]LogEditorViewport: Clicking on Actor (LMB): Landscape (Landscape)
[2023.05.07-16.07.44:038][661]LogActorFactory: Actor Factory created Lamp_Bast
[2023.05.07-16.07.44:038][661]LogActorFactory: Actor Factory created Lamp_Lamp
[2023.05.07-16.07.44:038][661]LogActorFactory: Actor Factory created Lamp_Leaf
[2023.05.07-16.07.44:039][661]LogActorFactory: Actor Factory created Lamp_Main
[2023.05.07-16.07.45:860][793]LogActorFactory: Actor Factory created Lamp_Bast
[2023.05.07-16.07.45:875][793]LogActorFactory: Actor Factory created Lamp_Lamp
[2023.05.07-16.07.45:889][793]LogActorFactory: Actor Factory created Lamp_Leaf
[2023.05.07-16.07.45:902][793]LogActorFactory: Actor Factory created Lamp_Main
[2023.05.07-16.07.52:764][288]LogActorFactory: Actor Factory created Lamp_Bast
[2023.05.07-16.07.52:764][288]LogActorFactory: Actor Factory created Lamp_Lamp
[2023.05.07-16.07.52:765][288]LogActorFactory: Actor Factory created Lamp_Leaf
[2023.05.07-16.07.52:765][288]LogActorFactory: Actor Factory created Lamp_Main
[2023.05.07-16.07.54:866][466]LogActorFactory: Actor Factory created Lamp_Bast
[2023.05.07-16.07.54:881][466]LogActorFactory: Actor Factory created Lamp_Lamp
[2023.05.07-16.07.54:894][466]LogActorFactory: Actor Factory created Lamp_Leaf
[2023.05.07-16.07.54:908][466]LogActorFactory: Actor Factory created Lamp_Main
[2023.05.07-16.07.58:326][710]LogActorFactory: Actor Factory created Lamp_Bast
[2023.05.07-16.07.58:327][710]LogActorFactory: Actor Factory created Lamp_Lamp
[2023.05.07-16.07.58:327][710]LogActorFactory: Actor Factory created Lamp_Leaf
[2023.05.07-16.07.58:327][710]LogActorFactory: Actor Factory created Lamp_Main
[2023.05.07-16.08.01:821][996]LogActorFactory: Actor Factory created Lamp_Bast
[2023.05.07-16.08.01:835][996]LogActorFactory: Actor Factory created Lamp_Lamp
[2023.05.07-16.08.01:848][996]LogActorFactory: Actor Factory created Lamp_Leaf
[2023.05.07-16.08.01:862][996]LogActorFactory: Actor Factory created Lamp_Main
[2023.05.07-16.08.06:341][348]LogActorFactory: Actor Factory created Lamp_Bast
[2023.05.07-16.08.06:341][348]LogActorFactory: Actor Factory created Lamp_Lamp
[2023.05.07-16.08.06:342][348]LogActorFactory: Actor Factory created Lamp_Leaf
[2023.05.07-16.08.06:342][348]LogActorFactory: Actor Factory created Lamp_Main
[2023.05.07-16.08.08:268][503]LogActorFactory: Actor Factory created Lamp_Bast
[2023.05.07-16.08.08:283][503]LogActorFactory: Actor Factory created Lamp_Lamp
[2023.05.07-16.08.08:298][503]LogActorFactory: Actor Factory created Lamp_Leaf
[2023.05.07-16.08.08:312][503]LogActorFactory: Actor Factory created Lamp_Main
[2023.05.07-16.08.12:826][899]LogEditorViewport: Clicking on Actor (LMB): StaticMeshActor (Base_Ground_Uni_f6)
[2023.05.07-16.08.14:264][  8]Cmd: TRANSACTION UNDO
[2023.05.07-16.08.14:264][  8]LogEditorTransaction: Undo Clicking on Actors
[2023.05.07-16.08.14:780][ 18]Cmd: TRANSACTION UNDO
[2023.05.07-16.08.14:780][ 18]LogEditorTransaction: Undo Create Actors
[2023.05.07-16.08.15:421][ 61]Cmd: TRANSACTION UNDO
[2023.05.07-16.08.15:421][ 61]LogEditorTransaction: Undo Create Actors
[2023.05.07-16.08.17:541][191]LogActorFactory: Actor Factory created Lamp_Bast
[2023.05.07-16.08.17:541][191]LogActorFactory: Actor Factory created Lamp_Lamp
[2023.05.07-16.08.17:541][191]LogActorFactory: Actor Factory created Lamp_Leaf
[2023.05.07-16.08.17:542][191]LogActorFactory: Actor Factory created Lamp_Main
[2023.05.07-16.08.20:740][459]LogActorFactory: Actor Factory created Lamp_Bast
[2023.05.07-16.08.20:755][459]LogActorFactory: Actor Factory created Lamp_Lamp
[2023.05.07-16.08.20:769][459]LogActorFactory: Actor Factory created Lamp_Leaf
[2023.05.07-16.08.20:783][459]LogActorFactory: Actor Factory created Lamp_Main
[2023.05.07-16.08.23:637][665]LogActorFactory: Actor Factory created Lamp_Bast
[2023.05.07-16.08.23:638][665]LogActorFactory: Actor Factory created Lamp_Lamp
[2023.05.07-16.08.23:638][665]LogActorFactory: Actor Factory created Lamp_Leaf
[2023.05.07-16.08.23:638][665]LogActorFactory: Actor Factory created Lamp_Main
[2023.05.07-16.08.25:124][780]LogActorFactory: Actor Factory created Lamp_Bast
[2023.05.07-16.08.25:139][780]LogActorFactory: Actor Factory created Lamp_Lamp
[2023.05.07-16.08.25:153][780]LogActorFactory: Actor Factory created Lamp_Leaf
[2023.05.07-16.08.25:167][780]LogActorFactory: Actor Factory created Lamp_Main
[2023.05.07-16.08.26:805][883]LogActorFactory: Actor Factory created Lamp_Bast
[2023.05.07-16.08.26:805][883]LogActorFactory: Actor Factory created Lamp_Lamp
[2023.05.07-16.08.26:806][883]LogActorFactory: Actor Factory created Lamp_Leaf
[2023.05.07-16.08.26:806][883]LogActorFactory: Actor Factory created Lamp_Main
[2023.05.07-16.08.29:516][109]LogActorFactory: Actor Factory created Lamp_Bast
[2023.05.07-16.08.29:530][109]LogActorFactory: Actor Factory created Lamp_Lamp
[2023.05.07-16.08.29:544][109]LogActorFactory: Actor Factory created Lamp_Leaf
[2023.05.07-16.08.29:557][109]LogActorFactory: Actor Factory created Lamp_Main
[2023.05.07-16.08.32:491][327]LogActorFactory: Actor Factory created Lamp_Bast
[2023.05.07-16.08.32:491][327]LogActorFactory: Actor Factory created Lamp_Lamp
[2023.05.07-16.08.32:492][327]LogActorFactory: Actor Factory created Lamp_Leaf
[2023.05.07-16.08.32:492][327]LogActorFactory: Actor Factory created Lamp_Main
[2023.05.07-16.08.37:758][772]LogActorFactory: Actor Factory created Lamp_Bast
[2023.05.07-16.08.37:772][772]LogActorFactory: Actor Factory created Lamp_Lamp
[2023.05.07-16.08.37:786][772]LogActorFactory: Actor Factory created Lamp_Leaf
[2023.05.07-16.08.37:800][772]LogActorFactory: Actor Factory created Lamp_Main
[2023.05.07-16.08.40:387][945]LogActorFactory: Actor Factory created Lamp_Bast
[2023.05.07-16.08.40:388][945]LogActorFactory: Actor Factory created Lamp_Lamp
[2023.05.07-16.08.40:388][945]LogActorFactory: Actor Factory created Lamp_Leaf
[2023.05.07-16.08.40:388][945]LogActorFactory: Actor Factory created Lamp_Main
[2023.05.07-16.08.43:425][194]LogActorFactory: Actor Factory created Lamp_Bast
[2023.05.07-16.08.43:440][194]LogActorFactory: Actor Factory created Lamp_Lamp
[2023.05.07-16.08.43:453][194]LogActorFactory: Actor Factory created Lamp_Leaf
[2023.05.07-16.08.43:467][194]LogActorFactory: Actor Factory created Lamp_Main
[2023.05.07-16.08.44:773][273]LogActorFactory: Actor Factory created Lamp_Bast
[2023.05.07-16.08.44:773][273]LogActorFactory: Actor Factory created Lamp_Lamp
[2023.05.07-16.08.44:773][273]LogActorFactory: Actor Factory created Lamp_Leaf
[2023.05.07-16.08.44:774][273]LogActorFactory: Actor Factory created Lamp_Main
[2023.05.07-16.08.47:107][466]LogActorFactory: Actor Factory created Lamp_Bast
[2023.05.07-16.08.47:121][466]LogActorFactory: Actor Factory created Lamp_Lamp
[2023.05.07-16.08.47:134][466]LogActorFactory: Actor Factory created Lamp_Leaf
[2023.05.07-16.08.47:147][466]LogActorFactory: Actor Factory created Lamp_Main
[2023.05.07-16.08.48:307][526]LogActorFactory: Actor Factory created Lamp_Bast
[2023.05.07-16.08.48:307][526]LogActorFactory: Actor Factory created Lamp_Lamp
[2023.05.07-16.08.48:308][526]LogActorFactory: Actor Factory created Lamp_Leaf
[2023.05.07-16.08.48:308][526]LogActorFactory: Actor Factory created Lamp_Main
[2023.05.07-16.08.52:512][899]LogActorFactory: Actor Factory created Lamp_Bast
[2023.05.07-16.08.52:529][899]LogActorFactory: Actor Factory created Lamp_Lamp
[2023.05.07-16.08.52:542][899]LogActorFactory: Actor Factory created Lamp_Leaf
[2023.05.07-16.08.52:556][899]LogActorFactory: Actor Factory created Lamp_Main
[2023.05.07-16.08.55:109][ 83]LogActorFactory: Actor Factory created Lamp_Bast
[2023.05.07-16.08.55:109][ 83]LogActorFactory: Actor Factory created Lamp_Lamp
[2023.05.07-16.08.55:110][ 83]LogActorFactory: Actor Factory created Lamp_Leaf
[2023.05.07-16.08.55:110][ 83]LogActorFactory: Actor Factory created Lamp_Main
[2023.05.07-16.08.58:144][339]LogActorFactory: Actor Factory created Lamp_Bast
[2023.05.07-16.08.58:158][339]LogActorFactory: Actor Factory created Lamp_Lamp
[2023.05.07-16.08.58:172][339]LogActorFactory: Actor Factory created Lamp_Leaf
[2023.05.07-16.08.58:185][339]LogActorFactory: Actor Factory created Lamp_Main
[2023.05.07-16.08.59:288][391]LogActorFactory: Actor Factory created Lamp_Bast
[2023.05.07-16.08.59:289][391]LogActorFactory: Actor Factory created Lamp_Lamp
[2023.05.07-16.08.59:289][391]LogActorFactory: Actor Factory created Lamp_Leaf
[2023.05.07-16.08.59:290][391]LogActorFactory: Actor Factory created Lamp_Main
[2023.05.07-16.09.02:370][658]LogActorFactory: Actor Factory created Lamp_Bast
[2023.05.07-16.09.02:384][658]LogActorFactory: Actor Factory created Lamp_Lamp
[2023.05.07-16.09.02:398][658]LogActorFactory: Actor Factory created Lamp_Leaf
[2023.05.07-16.09.02:412][658]LogActorFactory: Actor Factory created Lamp_Main
[2023.05.07-16.09.05:117][846]LogActorFactory: Actor Factory created Lamp_Bast
[2023.05.07-16.09.05:118][846]LogActorFactory: Actor Factory created Lamp_Lamp
[2023.05.07-16.09.05:118][846]LogActorFactory: Actor Factory created Lamp_Leaf
[2023.05.07-16.09.05:118][846]LogActorFactory: Actor Factory created Lamp_Main
[2023.05.07-16.09.08:233][110]LogActorFactory: Actor Factory created Lamp_Bast
[2023.05.07-16.09.08:248][110]LogActorFactory: Actor Factory created Lamp_Lamp
[2023.05.07-16.09.08:261][110]LogActorFactory: Actor Factory created Lamp_Leaf
[2023.05.07-16.09.08:274][110]LogActorFactory: Actor Factory created Lamp_Main
[2023.05.07-16.10.33:839][128]LogUObjectHash: Compacting FUObjectHashTables data took   0.89ms
[2023.05.07-16.10.34:921][128]LogSlate: Window 'Save Content' being destroyed
[2023.05.07-16.10.34:966][128]LogSavePackage: Moving '../../../../../../Asus/Documents/GitHub/TheTroubleMakers/Unreal Engine Project/SpeedLimit_UniAzad/Saved/MACE99A0BD48A9A332DC66C291B202C19E.tmp' to '../../../../../../Asus/Documents/GitHub/TheTroubleMakers/Unreal Engine Project/SpeedLimit_UniAzad/Content/TheTroubleMakers/ALL_Assets/Lights/LightBulb/MA.uasset'
[2023.05.07-16.10.34:973][128]LogUObjectHash: Compacting FUObjectHashTables data took   0.54ms
[2023.05.07-16.10.35:053][128]LogSavePackage: Moving '../../../../../../Asus/Documents/GitHub/TheTroubleMakers/Unreal Engine Project/SpeedLimit_UniAzad/Saved/Minimal_Default0378A4474A09D0F3F0F4B1A958666CB0.tmp' to '../../../../../../Asus/Documents/GitHub/TheTroubleMakers/Unreal Engine Project/SpeedLimit_UniAzad/Content/StarterContent/Maps/Minimal_Default.umap'
[2023.05.07-16.10.35:065][128]LogFileHelpers: Saving map 'Minimal_Default' took 0.099
[2023.05.07-16.10.35:102][128]LogSlate: Window 'SpeedLimit_UniAzad - Unreal Editor' being destroyed
[2023.05.07-16.10.35:210][128]AssetCheck: New page: Asset Save: multiple assets
[2023.05.07-16.10.35:210][128]LogContentValidation: Display: Validating StaticMesh /Game/TheTroubleMakers/ALL_Assets/Lights/LightBulb/MA.MA
[2023.05.07-16.10.35:210][128]LogContentValidation: Display: Validating World /Game/StarterContent/Maps/Minimal_Default.Minimal_Default
[2023.05.07-16.10.35:211][129]Cmd: QUIT_EDITOR
[2023.05.07-16.10.35:211][129]LogCore: Engine exit requested (reason: UUnrealEdEngine::CloseEditor())
[2023.05.07-16.10.35:213][129]LogCore: Engine exit requested (reason: EngineExit() was called; note: exit was already requested)
[2023.05.07-16.10.35:384][129]LogAudio: Display: Beginning Audio Device Manager Shutdown (Module: AudioMixerXAudio2)...
[2023.05.07-16.10.35:384][129]LogAudio: Display: Destroying 1 Remaining Audio Device(s)...
[2023.05.07-16.10.35:384][129]LogAudio: Display: Audio Device unregistered from world 'Minimal_Default'.
[2023.05.07-16.10.35:384][129]LogAudioMixer: FMixerPlatformXAudio2::StopAudioStream() called
[2023.05.07-16.10.35:385][129]LogAudioMixer: FMixerPlatformXAudio2::StopAudioStream() called
[2023.05.07-16.10.35:399][129]LogAudio: Display: Audio Device Manager Shutdown
[2023.05.07-16.10.35:400][129]LogWindowsTextInputMethodSystem: Display: IME system deactivated.
[2023.05.07-16.10.35:404][129]LogExit: Preparing to exit.
[2023.05.07-16.10.35:559][129]LogUObjectHash: Compacting FUObjectHashTables data took   0.79ms
[2023.05.07-16.10.35:671][129]LogWorld: UWorld::CleanupWorld for World_1, bSessionEnded=true, bCleanupResources=true
[2023.05.07-16.10.35:671][129]LogWorld: UWorld::CleanupWorld for World_0, bSessionEnded=true, bCleanupResources=true
[2023.05.07-16.10.35:676][129]LogDirectoryWatcher: Display: A directory notification failed, and we were unable to create a new request. GetLastError code [6] Handle [FFFFFFFFFFFFFFFF], Path [E:/Asus/Documents/GitHub/TheTroubleMakers/Unreal Engine Project/SpeedLimit_UniAzad/Content/] 
[2023.05.07-16.10.35:697][129]LogDemo: Cleaned up 0 splitscreen connections with owner deletion
[2023.05.07-16.10.35:706][129]LogWorld: UWorld::CleanupWorld for None, bSessionEnded=true, bCleanupResources=true
[2023.05.07-16.10.35:707][129]LogExit: Editor shut down
[2023.05.07-16.10.35:707][129]LogExit: Transaction tracking system shut down
[2023.05.07-16.10.35:913][129]LogExit: Object subsystem successfully closed.
[2023.05.07-16.10.35:928][129]LogShaderCompilers: Display: === FShaderJobCache stats ===
[2023.05.07-16.10.35:928][129]LogShaderCompilers: Display: Total job queries 0, among them cache hits 0 (0.00%)
[2023.05.07-16.10.35:928][129]LogShaderCompilers: Display: Tracking 0 distinct input hashes that result in 0 distinct outputs (0.00%)
[2023.05.07-16.10.35:928][129]LogShaderCompilers: Display: RAM used: 0.00 MB (0.00 GB) of 819.20 MB (0.80 GB) budget. Usage: 0.00%
[2023.05.07-16.10.35:928][129]LogShaderCompilers: Display: ================================================
[2023.05.07-16.10.35:932][129]LogShaderCompilers: Display: Shaders left to compile 0
[2023.05.07-16.10.35:943][129]LogModuleManager: Shutting down and abandoning module MovieSceneCapture (874)
[2023.05.07-16.10.35:943][129]LogModuleManager: Shutting down and abandoning module Voice (872)
[2023.05.07-16.10.35:944][129]LogModuleManager: Shutting down and abandoning module HierarchicalLODOutliner (870)
[2023.05.07-16.10.35:944][129]LogModuleManager: Shutting down and abandoning module SceneOutliner (868)
[2023.05.07-16.10.35:944][129]LogModuleManager: Shutting down and abandoning module AddContentDialog (866)
[2023.05.07-16.10.35:944][129]LogModuleManager: Shutting down and abandoning module WidgetCarousel (865)
[2023.05.07-16.10.35:944][129]LogModuleManager: Shutting down and abandoning module EditorWidgets (862)
[2023.05.07-16.10.35:944][129]LogModuleManager: Shutting down and abandoning module StatsViewer (860)
[2023.05.07-16.10.35:944][129]LogModuleManager: Shutting down and abandoning module PIEPreviewDeviceProfileSelector (858)
[2023.05.07-16.10.35:944][129]LogModuleManager: Shutting down and abandoning module SequenceRecorderSections (856)
[2023.05.07-16.10.35:944][129]LogModuleManager: Shutting down and abandoning module AutomationWorker (854)
[2023.05.07-16.10.35:944][129]LogModuleManager: Shutting down and abandoning module SteamVREditor (852)
[2023.05.07-16.10.35:944][129]LogModuleManager: Shutting down and abandoning module OculusMR (850)
[2023.05.07-16.10.35:944][129]LogModuleManager: Shutting down and abandoning module TakeRecorderSources (848)
[2023.05.07-16.10.35:944][129]LogModuleManager: Shutting down and abandoning module TakeRecorder (847)
[2023.05.07-16.10.35:944][129]LogModuleManager: Shutting down and abandoning module TakeTrackRecorders (844)
[2023.05.07-16.10.35:944][129]LogModuleManager: Shutting down and abandoning module TakesCore (842)
[2023.05.07-16.10.35:944][129]LogModuleManager: Shutting down and abandoning module OpenXRInput (840)
[2023.05.07-16.10.35:944][129]LogModuleManager: Shutting down and abandoning module GooglePADEditor (838)
[2023.05.07-16.10.35:944][129]LogModuleManager: Shutting down and abandoning module AudioCaptureEditor (836)
[2023.05.07-16.10.35:944][129]LogModuleManager: Shutting down and abandoning module WmfMediaFactory (834)
[2023.05.07-16.10.35:944][129]LogModuleManager: Shutting down and abandoning module WmfMediaEditor (832)
[2023.05.07-16.10.35:944][129]LogModuleManager: Shutting down and abandoning module WebMMediaFactory (830)
[2023.05.07-16.10.35:944][129]LogModuleManager: Shutting down and abandoning module WebMMediaEditor (828)
[2023.05.07-16.10.35:944][129]LogModuleManager: Shutting down and abandoning module WebMMedia (826)
[2023.05.07-16.10.35:944][129]LogModuleManager: Shutting down and abandoning module MediaPlayerEditor (824)
[2023.05.07-16.10.35:944][129]LogModuleManager: Shutting down and abandoning module MediaCompositingEditor (822)
[2023.05.07-16.10.35:944][129]LogModuleManager: Shutting down and abandoning module SequenceRecorder (821)
[2023.05.07-16.10.35:944][129]LogModuleManager: Shutting down and abandoning module OpenExrWrapper (818)
[2023.05.07-16.10.35:944][129]LogModuleManager: Shutting down and abandoning module ImgMediaFactory (816)
[2023.05.07-16.10.35:944][129]LogModuleManager: Shutting down and abandoning module ImgMediaEditor (814)
[2023.05.07-16.10.35:944][129]LogModuleManager: Shutting down and abandoning module AvfMediaFactory (812)
[2023.05.07-16.10.35:944][129]LogModuleManager: Shutting down and abandoning module AvfMediaEditor (810)
[2023.05.07-16.10.35:944][129]LogModuleManager: Shutting down and abandoning module TemplateSequenceEditor (808)
[2023.05.07-16.10.35:944][129]LogModuleManager: Shutting down and abandoning module AndroidMediaFactory (806)
[2023.05.07-16.10.35:944][129]LogModuleManager: Shutting down and abandoning module AndroidMediaEditor (804)
[2023.05.07-16.10.35:944][129]LogModuleManager: Shutting down and abandoning module MatineeToLevelSequence (802)
[2023.05.07-16.10.35:945][129]LogModuleManager: Shutting down and abandoning module LevelSequenceEditor (800)
[2023.05.07-16.10.35:945][129]LogModuleManager: Shutting down and abandoning module ActorSequenceEditor (798)
[2023.05.07-16.10.35:945][129]LogModuleManager: Shutting down and abandoning module MagicLeapMediaCodecFactory (796)
[2023.05.07-16.10.35:945][129]LogModuleManager: Shutting down and abandoning module MagicLeapMediaFactory (794)
[2023.05.07-16.10.35:945][129]LogModuleManager: Shutting down and abandoning module MagicLeapMediaEditor (792)
[2023.05.07-16.10.35:945][129]LogModuleManager: Shutting down and abandoning module PlanarCut (790)
[2023.05.07-16.10.35:945][129]LogModuleManager: Shutting down and abandoning module CharacterAI (788)
[2023.05.07-16.10.35:945][129]LogModuleManager: Shutting down and abandoning module TextureAlignMode (786)
[2023.05.07-16.10.35:945][129]LogModuleManager: Shutting down and abandoning module BspMode (784)
[2023.05.07-16.10.35:945][129]LogModuleManager: Shutting down and abandoning module GeometryMode (782)
[2023.05.07-16.10.35:945][129]LogModuleManager: Shutting down and abandoning module CameraShakePreviewer (780)
[2023.05.07-16.10.35:945][129]LogModuleManager: Shutting down and abandoning module SmartSnapping (778)
[2023.05.07-16.10.35:945][129]LogModuleManager: Shutting down and abandoning module SessionServices (776)
[2023.05.07-16.10.35:945][129]LogModuleManager: Shutting down and abandoning module MeshPaint (774)
[2023.05.07-16.10.35:945][129]LogModuleManager: Shutting down and abandoning module VirtualTexturingEditor (772)
[2023.05.07-16.10.35:945][129]LogModuleManager: Shutting down and abandoning module FoliageEdit (770)
[2023.05.07-16.10.35:945][129]LogModuleManager: Shutting down and abandoning module LandscapeEditor (768)
[2023.05.07-16.10.35:945][129]LogModuleManager: Shutting down and abandoning module MeshPaintMode (766)
[2023.05.07-16.10.35:945][129]LogModuleManager: Shutting down and abandoning module SceneDepthPickerMode (764)
[2023.05.07-16.10.35:945][129]LogModuleManager: Shutting down and abandoning module ActorPickerMode (762)
[2023.05.07-16.10.35:945][129]LogModuleManager: Shutting down and abandoning module PlacementMode (760)
[2023.05.07-16.10.35:945][129]LogModuleManager: Shutting down and abandoning module ViewportSnapping (758)
[2023.05.07-16.10.35:945][129]LogModuleManager: Shutting down and abandoning module ViewportInteraction (756)
[2023.05.07-16.10.35:945][129]LogModuleManager: Shutting down and abandoning module ClothPainter (754)
[2023.05.07-16.10.35:945][129]LogModuleManager: Shutting down and abandoning module SkeletalMeshEditor (753)
[2023.05.07-16.10.35:945][129]LogModuleManager: Shutting down and abandoning module LogVisualizer (750)
[2023.05.07-16.10.35:945][129]LogModuleManager: Shutting down and abandoning module IntroTutorials (748)
[2023.05.07-16.10.35:945][129]LogModuleManager: Shutting down and abandoning module GameProjectGeneration (747)
[2023.05.07-16.10.35:945][129]LogModuleManager: Shutting down and abandoning module LuminPlatformEditor (744)
[2023.05.07-16.10.35:945][129]LogModuleManager: Shutting down and abandoning module IOSPlatformEditor (742)
[2023.05.07-16.10.35:945][129]LogModuleManager: Shutting down and abandoning module AndroidPlatformEditor (740)
[2023.05.07-16.10.35:945][129]LogModuleManager: Shutting down and abandoning module AndroidDeviceDetection (739)
[2023.05.07-16.10.37:468][129]LogModuleManager: Shutting down and abandoning module WindowsPlatformEditor (736)
[2023.05.07-16.10.37:468][129]LogModuleManager: Shutting down and abandoning module LuminRuntimeSettings (734)
[2023.05.07-16.10.37:468][129]LogModuleManager: Shutting down and abandoning module IOSRuntimeSettings (732)
[2023.05.07-16.10.37:468][129]LogModuleManager: Shutting down and abandoning module AndroidRuntimeSettings (730)
[2023.05.07-16.10.37:468][129]LogModuleManager: Shutting down and abandoning module TraceInsights (728)
[2023.05.07-16.10.37:468][129]MemoryProfiler: Shutdown
[2023.05.07-16.10.37:468][129]NetworkingProfiler: Shutdown
[2023.05.07-16.10.37:468][129]LoadingProfiler: Shutdown
[2023.05.07-16.10.37:468][129]TimingProfiler: Shutdown
[2023.05.07-16.10.37:469][129]LogModuleManager: Shutting down and abandoning module TraceServices (727)
[2023.05.07-16.10.37:469][129]LogModuleManager: Shutting down and abandoning module EditorInteractiveToolsFramework (724)
[2023.05.07-16.10.37:469][129]LogModuleManager: Shutting down and abandoning module TimeManagementEditor (722)
[2023.05.07-16.10.37:469][129]LogModuleManager: Shutting down and abandoning module InputBindingEditor (720)
[2023.05.07-16.10.37:469][129]LogModuleManager: Shutting down and abandoning module MergeActors (718)
[2023.05.07-16.10.37:469][129]LogModuleManager: Shutting down and abandoning module LocalizationDashboard (716)
[2023.05.07-16.10.37:469][129]LogModuleManager: Shutting down and abandoning module LocalizationService (715)
[2023.05.07-16.10.37:469][129]LogModuleManager: Shutting down and abandoning module HardwareTargeting (712)
[2023.05.07-16.10.37:469][129]LogModuleManager: Shutting down and abandoning module DeviceProfileEditor (710)
[2023.05.07-16.10.37:469][129]LogModuleManager: Shutting down and abandoning module UndoHistory (708)
[2023.05.07-16.10.37:469][129]LogModuleManager: Shutting down and abandoning module XmlParser (706)
[2023.05.07-16.10.37:469][129]LogModuleManager: Shutting down and abandoning module Blutility (704)
[2023.05.07-16.10.37:469][129]LogModuleManager: Shutting down and abandoning module ProjectSettingsViewer (702)
[2023.05.07-16.10.37:469][129]LogModuleManager: Shutting down and abandoning module ProjectTargetPlatformEditor (701)
[2023.05.07-16.10.37:470][129]LogModuleManager: Shutting down and abandoning module EditorSettingsViewer (698)
[2023.05.07-16.10.37:470][129]LogModuleManager: Shutting down and abandoning module InternationalizationSettings (697)
[2023.05.07-16.10.37:470][129]LogModuleManager: Shutting down and abandoning module SettingsEditor (694)
[2023.05.07-16.10.37:470][129]LogModuleManager: Shutting down and abandoning module ProjectLauncher (692)
[2023.05.07-16.10.37:470][129]LogModuleManager: Shutting down and abandoning module SessionFrontend (690)
[2023.05.07-16.10.37:470][129]LogModuleManager: Shutting down and abandoning module ProfilerClient (688)
[2023.05.07-16.10.37:470][129]LogModuleManager: Shutting down and abandoning module DeviceManager (686)
[2023.05.07-16.10.37:470][129]LogModuleManager: Shutting down and abandoning module TargetDeviceServices (685)
[2023.05.07-16.10.37:535][129]LogModuleManager: Shutting down and abandoning module AutomationController (682)
[2023.05.07-16.10.37:535][129]LogModuleManager: Shutting down and abandoning module AutomationWindow (680)
[2023.05.07-16.10.37:535][129]LogModuleManager: Shutting down and abandoning module Layers (678)
[2023.05.07-16.10.37:535][129]LogModuleManager: Shutting down and abandoning module ComponentVisualizers (676)
[2023.05.07-16.10.37:535][129]LogModuleManager: Shutting down and abandoning module DetailCustomizations (674)
[2023.05.07-16.10.37:536][129]LogModuleManager: Shutting down and abandoning module PackagesDialog (672)
[2023.05.07-16.10.37:538][129]LogModuleManager: Shutting down and abandoning module AnimationBlueprintEditor (670)
[2023.05.07-16.10.37:540][129]LogModuleManager: Shutting down and abandoning module Persona (668)
[2023.05.07-16.10.37:540][129]LogModuleManager: Shutting down and abandoning module AdvancedPreviewScene (667)
[2023.05.07-16.10.37:541][129]LogModuleManager: Shutting down and abandoning module AnimGraph (665)
[2023.05.07-16.10.37:541][129]LogModuleManager: Shutting down and abandoning module Kismet (662)
[2023.05.07-16.10.37:544][129]LogModuleManager: Shutting down and abandoning module KismetWidgets (661)
[2023.05.07-16.10.37:545][129]LogModuleManager: Shutting down and abandoning module GraphEditor (658)
[2023.05.07-16.10.37:546][129]LogModuleManager: Shutting down and abandoning module StructViewer (656)
[2023.05.07-16.10.37:546][129]LogModuleManager: Shutting down and abandoning module ClassViewer (654)
[2023.05.07-16.10.37:546][129]LogModuleManager: Shutting down and abandoning module Toolbox (652)
[2023.05.07-16.10.37:546][129]LogModuleManager: Shutting down and abandoning module ModuleUI (650)
[2023.05.07-16.10.37:546][129]LogModuleManager: Shutting down and abandoning module OutputLog (648)
[2023.05.07-16.10.37:547][129]LogModuleManager: Shutting down and abandoning module GammaUI (646)
[2023.05.07-16.10.37:547][129]LogModuleManager: Shutting down and abandoning module Documentation (644)
[2023.05.07-16.10.37:547][129]LogModuleManager: Shutting down and abandoning module LiveCoding (642)
[2023.05.07-16.10.37:550][129]LogModuleManager: Shutting down and abandoning module LevelSequence (640)
[2023.05.07-16.10.37:550][129]LogModuleManager: Shutting down and abandoning module MovieSceneTracks (638)
[2023.05.07-16.10.37:550][129]LogModuleManager: Shutting down and abandoning module MovieScene (636)
[2023.05.07-16.10.37:556][129]LogModuleManager: Shutting down and abandoning module StreamingPauseRendering (634)
[2023.05.07-16.10.37:556][129]LogModuleManager: Shutting down and abandoning module LauncherPlatform (632)
[2023.05.07-16.10.37:556][129]LogModuleManager: Shutting down and abandoning module AnalyticsET (630)
[2023.05.07-16.10.37:556][129]LogModuleManager: Shutting down and abandoning module PortalServices (628)
[2023.05.07-16.10.37:556][129]LogModuleManager: Shutting down and abandoning module PortalRpc (626)
[2023.05.07-16.10.37:556][129]LogModuleManager: Shutting down and abandoning module MessagingRpc (624)
[2023.05.07-16.10.37:556][129]LogModuleManager: Shutting down and abandoning module AudioMixerXAudio2 (622)
[2023.05.07-16.10.37:556][129]LogModuleManager: Shutting down and abandoning module AudioMixerCore (621)
[2023.05.07-16.10.37:557][129]LogModuleManager: Shutting down and abandoning module AIModule (618)
[2023.05.07-16.10.37:557][129]LogModuleManager: Shutting down and abandoning module GameplayDebugger (617)
[2023.05.07-16.10.37:557][129]LogModuleManager: Shutting down and abandoning module AITestSuite (615)
[2023.05.07-16.10.37:557][129]LogModuleManager: Shutting down and abandoning module NavigationSystem (613)
[2023.05.07-16.10.37:557][129]LogModuleManager: Shutting down and abandoning module ImageWriteQueue (610)
[2023.05.07-16.10.37:557][129]LogModuleManager: Shutting down and abandoning module ProfilerService (608)
[2023.05.07-16.10.37:630][129]LogModuleManager: Shutting down and abandoning module TaskGraph (606)
[2023.05.07-16.10.37:630][129]LogModuleManager: Shutting down and abandoning module AudioSynesthesiaEditor (604)
[2023.05.07-16.10.37:630][129]LogModuleManager: Shutting down and abandoning module OculusEditor (602)
[2023.05.07-16.10.37:630][129]LogModuleManager: Shutting down and abandoning module OculusInput (600)
[2023.05.07-16.10.37:630][129]LogModuleManager: Shutting down and abandoning module ContentBrowserFileDataSource (598)
[2023.05.07-16.10.37:630][129]LogModuleManager: Shutting down and abandoning module ContentBrowserClassDataSource (596)
[2023.05.07-16.10.37:630][129]LogModuleManager: Shutting down and abandoning module ContentBrowserAssetDataSource (594)
[2023.05.07-16.10.37:630][129]LogModuleManager: Shutting down and abandoning module CollectionManager (593)
[2023.05.07-16.10.37:631][129]LogModuleManager: Shutting down and abandoning module SynthesisEditor (590)
[2023.05.07-16.10.37:631][129]LogModuleManager: Shutting down and abandoning module Synthesis (588)
[2023.05.07-16.10.37:631][129]LogModuleManager: Shutting down and abandoning module ScreenshotTools (586)
[2023.05.07-16.10.37:631][129]LogModuleManager: Shutting down and abandoning module ProceduralMeshComponentEditor (584)
[2023.05.07-16.10.37:631][129]LogModuleManager: Shutting down and abandoning module ProceduralMeshComponent (582)
[2023.05.07-16.10.37:631][129]LogModuleManager: Shutting down and abandoning module TakeSequencer (580)
[2023.05.07-16.10.37:631][129]LogModuleManager: Shutting down and abandoning module TakeMovieScene (578)
[2023.05.07-16.10.37:631][129]LogModuleManager: Shutting down and abandoning module OpenXREditor (576)
[2023.05.07-16.10.37:631][129]LogModuleManager: Shutting down and abandoning module MobilePatchingUtils (574)
[2023.05.07-16.10.37:631][129]LogModuleManager: Shutting down and abandoning module GooglePAD (572)
[2023.05.07-16.10.37:631][129]LogModuleManager: Shutting down and abandoning module EditableMesh (570)
[2023.05.07-16.10.37:631][129]LogModuleManager: Shutting down and abandoning module CustomMeshComponent (568)
[2023.05.07-16.10.37:631][129]LogModuleManager: Shutting down and abandoning module CableComponent (566)
[2023.05.07-16.10.37:631][129]LogModuleManager: Shutting down and abandoning module AssetTags (564)
[2023.05.07-16.10.37:631][129]LogModuleManager: Shutting down and abandoning module AudioCapture (562)
[2023.05.07-16.10.37:631][129]LogModuleManager: Shutting down and abandoning module AudioCaptureRtAudio (561)
[2023.05.07-16.10.37:631][129]LogModuleManager: Shutting down and abandoning module AppleImageUtilsBlueprintSupport (558)
[2023.05.07-16.10.37:632][129]LogModuleManager: Shutting down and abandoning module AppleImageUtils (556)
[2023.05.07-16.10.37:632][129]LogModuleManager: Shutting down and abandoning module ArchVisCharacter (554)
[2023.05.07-16.10.37:632][129]LogModuleManager: Shutting down and abandoning module AndroidPermission (552)
[2023.05.07-16.10.37:632][129]LogModuleManager: Shutting down and abandoning module ActorLayerUtilitiesEditor (550)
[2023.05.07-16.10.37:632][129]LogModuleManager: Shutting down and abandoning module ActorLayerUtilities (548)
[2023.05.07-16.10.37:632][129]LogModuleManager: Shutting down and abandoning module MediaCompositing (546)
[2023.05.07-16.10.37:632][129]LogModuleManager: Shutting down and abandoning module ImgMedia (544)
[2023.05.07-16.10.37:632][129]LogModuleManager: Shutting down and abandoning module TemplateSequence (542)
[2023.05.07-16.10.37:632][129]LogModuleManager: Shutting down and abandoning module NiagaraEditorWidgets (540)
[2023.05.07-16.10.37:632][129]LogModuleManager: Shutting down and abandoning module MagicLeapSharedWorld (538)
[2023.05.07-16.10.37:632][129]LogModuleManager: Shutting down and abandoning module MagicLeapLightEstimation (536)
[2023.05.07-16.10.37:632][129]LogModuleManager: Shutting down and abandoning module OpenImageDenoise (534)
[2023.05.07-16.10.37:632][129]LogOpenImageDenoise: OIDN shutting down
[2023.05.07-16.10.37:632][129]LogModuleManager: Shutting down and abandoning module MotoSynthEditor (532)
[2023.05.07-16.10.37:632][129]LogModuleManager: Shutting down and abandoning module MotoSynth (530)
[2023.05.07-16.10.37:632][129]LogModuleManager: Shutting down and abandoning module MagicLeapHelperVulkan (528)
[2023.05.07-16.10.37:632][129]LogModuleManager: Shutting down and abandoning module MagicLeapHelperOpenGL (526)
[2023.05.07-16.10.37:632][129]LogModuleManager: Shutting down and abandoning module MagicLeapAudio (524)
[2023.05.07-16.10.37:632][129]LogModuleManager: Shutting down and abandoning module MeshConversion (522)
[2023.05.07-16.10.37:632][129]LogModuleManager: Shutting down and abandoning module DynamicMesh (520)
[2023.05.07-16.10.37:632][129]LogModuleManager: Shutting down and abandoning module GeometryAlgorithms (518)
[2023.05.07-16.10.37:632][129]LogModuleManager: Shutting down and abandoning module GeometricObjects (516)
[2023.05.07-16.10.37:632][129]LogModuleManager: Shutting down and abandoning module GeometryCollectionTracks (514)
[2023.05.07-16.10.37:632][129]LogModuleManager: Shutting down and abandoning module GeometryCollectionSequencer (513)
[2023.05.07-16.10.37:632][129]LogModuleManager: Shutting down and abandoning module GeometryCollectionEditor (510)
[2023.05.07-16.10.37:632][129]LogModuleManager: Shutting down and abandoning module GeometryCacheTracks (508)
[2023.05.07-16.10.37:632][129]LogModuleManager: Shutting down and abandoning module GeometryCacheStreamer (506)
[2023.05.07-16.10.37:632][129]LogModuleManager: Shutting down and abandoning module GeometryCacheSequencer (504)
[2023.05.07-16.10.37:632][129]LogModuleManager: Shutting down and abandoning module ChaosSolverEditor (502)
[2023.05.07-16.10.37:632][129]LogModuleManager: Shutting down and abandoning module ChaosNiagara (500)
[2023.05.07-16.10.37:632][129]LogModuleManager: Shutting down and abandoning module FractureEditor (498)
[2023.05.07-16.10.37:632][129]LogModuleManager: Shutting down and abandoning module FieldSystemEngine (497)
[2023.05.07-16.10.37:632][129]LogModuleManager: Shutting down and abandoning module ChaosClothEditor (494)
[2023.05.07-16.10.37:633][129]LogModuleManager: Shutting down and abandoning module BackChannel (492)
[2023.05.07-16.10.37:633][129]LogModuleManager: Shutting down and abandoning module AutomationUtilsEditor (490)
[2023.05.07-16.10.37:633][129]LogModuleManager: Shutting down and abandoning module AutomationUtils (488)
[2023.05.07-16.10.37:633][129]LogModuleManager: Shutting down and abandoning module AlembicImporter (486)
[2023.05.07-16.10.37:633][129]LogModuleManager: Shutting down and abandoning module AlembicLibrary (485)
[2023.05.07-16.10.37:633][129]LogModuleManager: Shutting down and abandoning module GeometryCache (484)
[2023.05.07-16.10.37:633][129]LogModuleManager: Shutting down and abandoning module GeometryCacheEd (483)
[2023.05.07-16.10.37:633][129]LogModuleManager: Shutting down and abandoning module VariantManagerContentEditor (478)
[2023.05.07-16.10.37:633][129]LogModuleManager: Shutting down and abandoning module DatasmithContentEditor (476)
[2023.05.07-16.10.37:633][129]LogModuleManager: Shutting down and abandoning module OodleNetworkHandlerComponent (474)
[2023.05.07-16.10.37:633][129]LogModuleManager: Shutting down and abandoning module PluginBrowser (472)
[2023.05.07-16.10.37:633][129]LogModuleManager: Shutting down and abandoning module SpeedTreeImporter (470)
[2023.05.07-16.10.37:633][129]LogModuleManager: Shutting down and abandoning module MobileLauncherProfileWizard (468)
[2023.05.07-16.10.37:633][129]LogModuleManager: Shutting down and abandoning module MaterialAnalyzer (466)
[2023.05.07-16.10.37:633][129]LogModuleManager: Shutting down and abandoning module CurveEditorTools (464)
[2023.05.07-16.10.37:633][129]LogModuleManager: Shutting down and abandoning module VisualStudioCodeSourceCodeAccess (462)
[2023.05.07-16.10.37:633][129]LogModuleManager: Shutting down and abandoning module VisualStudioSourceCodeAccess (460)
[2023.05.07-16.10.37:633][129]LogModuleManager: Shutting down and abandoning module CryptoKeysOpenSSL (458)
[2023.05.07-16.10.37:633][129]LogModuleManager: Shutting down and abandoning module CryptoKeys (456)
[2023.05.07-16.10.37:633][129]LogModuleManager: Shutting down and abandoning module UObjectPlugin (454)
[2023.05.07-16.10.37:633][129]LogModuleManager: Shutting down and abandoning module SubversionSourceControl (452)
[2023.05.07-16.10.37:633][129]LogModuleManager: Shutting down and abandoning module RiderSourceCodeAccess (450)
[2023.05.07-16.10.37:633][129]LogModuleManager: Shutting down and abandoning module PluginUtils (448)
[2023.05.07-16.10.37:633][129]LogModuleManager: Shutting down and abandoning module PerforceSourceControl (446)
[2023.05.07-16.10.37:633][129]LogModuleManager: Shutting down and abandoning module PlasticSourceControl (444)
[2023.05.07-16.10.37:633][129]LogModuleManager: Shutting down and abandoning module GitSourceControl (442)
[2023.05.07-16.10.37:633][129]LogModuleManager: Shutting down and abandoning module SourceControl (441)
[2023.05.07-16.10.37:633][129]LogModuleManager: Shutting down and abandoning module CLionSourceCodeAccess (438)
[2023.05.07-16.10.37:633][129]LogModuleManager: Shutting down and abandoning module AnimationSharingEd (436)
[2023.05.07-16.10.37:633][129]LogModuleManager: Shutting down and abandoning module LightPropagationVolumeEditor (434)
[2023.05.07-16.10.37:633][129]LogModuleManager: Shutting down and abandoning module GameplayCameras (432)
[2023.05.07-16.10.37:633][129]LogModuleManager: Shutting down and abandoning module LiveLinkSequencer (430)
[2023.05.07-16.10.37:633][129]LogModuleManager: Shutting down and abandoning module LiveLinkMovieScene (428)
[2023.05.07-16.10.37:633][129]LogModuleManager: Shutting down and abandoning module LiveLinkGraphNode (426)
[2023.05.07-16.10.37:633][129]LogModuleManager: Shutting down and abandoning module LiveLinkEditor (424)
[2023.05.07-16.10.37:633][129]LogModuleManager: Shutting down and abandoning module LiveLinkComponents (422)
[2023.05.07-16.10.37:633][129]LogModuleManager: Shutting down and abandoning module LiveLink (420)
[2023.05.07-16.10.38:627][129]LogModuleManager: Shutting down and abandoning module PaperTiledImporter (418)
[2023.05.07-16.10.38:627][129]LogModuleManager: Shutting down and abandoning module PaperSpriteSheetImporter (416)
[2023.05.07-16.10.38:627][129]LogModuleManager: Shutting down and abandoning module Paper2DEditor (414)
[2023.05.07-16.10.38:627][129]LogModuleManager: Shutting down and abandoning module MeshPaintingToolset (412)
[2023.05.07-16.10.38:627][129]LogModuleManager: Shutting down and abandoning module MeshPaintEditorMode (410)
[2023.05.07-16.10.38:627][129]LogModuleManager: Shutting down and abandoning module SoundFields (408)
[2023.05.07-16.10.38:627][129]LogModuleManager: Shutting down and abandoning module SignificanceManager (406)
[2023.05.07-16.10.38:627][129]LogModuleManager: Shutting down and abandoning module RuntimePhysXCooking (404)
[2023.05.07-16.10.38:627][129]LogModuleManager: Shutting down and abandoning module PropertyAccessEditor (402)
[2023.05.07-16.10.38:627][129]LogModuleManager: Shutting down and abandoning module PhysXVehiclesEditor (400)
[2023.05.07-16.10.38:627][129]LogModuleManager: Shutting down and abandoning module LocationServicesBPLibrary (396)
[2023.05.07-16.10.38:627][129]LogModuleManager: Shutting down and abandoning module AudioSynesthesia (394)
[2023.05.07-16.10.38:627][129]LogModuleManager: Shutting down and abandoning module AudioSynesthesiaCore (392)
[2023.05.07-16.10.38:627][129]LogModuleManager: Shutting down and abandoning module ImgMediaEngine (390)
[2023.05.07-16.10.38:627][129]LogModuleManager: Shutting down and abandoning module UdpMessaging (388)
[2023.05.07-16.10.38:728][129]LogModuleManager: Shutting down and abandoning module TcpMessaging (386)
[2023.05.07-16.10.38:829][129]LogModuleManager: Shutting down and abandoning module ActorSequence (384)
[2023.05.07-16.10.38:829][129]LogModuleManager: Shutting down and abandoning module NiagaraAnimNotifies (382)
[2023.05.07-16.10.38:829][129]LogModuleManager: Shutting down and abandoning module Niagara (380)
[2023.05.07-16.10.38:829][129]LogModuleManager: Shutting down and abandoning module SignalProcessing (379)
[2023.05.07-16.10.38:829][129]LogModuleManager: Shutting down and abandoning module NiagaraEditor (377)
[2023.05.07-16.10.38:829][129]LogModuleManager: Shutting down and abandoning module NiagaraCore (374)
[2023.05.07-16.10.38:829][129]LogModuleManager: Shutting down and abandoning module MagicLeapARPin (372)
[2023.05.07-16.10.38:829][129]LogModuleManager: Shutting down and abandoning module PythonScriptPlugin (370)
[2023.05.07-16.10.38:829][129]LogModuleManager: Shutting down and abandoning module MagicLeapHandMeshing (368)
[2023.05.07-16.10.38:829][129]LogModuleManager: Shutting down and abandoning module MagicLeapSecureStorage (366)
[2023.05.07-16.10.38:829][129]LogModuleManager: Shutting down and abandoning module MagicLeapPrivileges (364)
[2023.05.07-16.10.38:829][129]LogModuleManager: Shutting down and abandoning module MagicLeapPlanes (362)
[2023.05.07-16.10.38:829][129]LogMagicLeapPlanes: Planes tracker already destroyed.
[2023.05.07-16.10.38:829][129]LogModuleManager: Shutting down and abandoning module MagicLeapImageTracker (360)
[2023.05.07-16.10.38:830][129]LogModuleManager: Shutting down and abandoning module MagicLeapIdentity (358)
[2023.05.07-16.10.38:830][129]LogModuleManager: Shutting down and abandoning module MagicLeapHandTracking (356)
[2023.05.07-16.10.38:830][129]LogModuleManager: Shutting down and abandoning module MagicLeapEyeTracker (354)
[2023.05.07-16.10.38:830][129]LogModuleManager: Shutting down and abandoning module MagicLeapController (352)
[2023.05.07-16.10.38:830][129]LogModuleManager: Shutting down and abandoning module MagicLeapARPinImpl (350)
[2023.05.07-16.10.38:830][129]LogModuleManager: Shutting down and abandoning module MagicLeapAR (348)
[2023.05.07-16.10.38:830][129]LogModuleManager: Shutting down and abandoning module FacialAnimationEditor (346)
[2023.05.07-16.10.38:830][129]LogModuleManager: Shutting down and abandoning module FacialAnimation (344)
[2023.05.07-16.10.38:830][129]LogModuleManager: Shutting down and abandoning module GameplayTagsEditor (342)
[2023.05.07-16.10.38:830][129]LogModuleManager: Shutting down and abandoning module DataValidation (340)
[2023.05.07-16.10.38:830][129]LogModuleManager: Shutting down and abandoning module AssetManagerEditor (338)
[2023.05.07-16.10.38:830][129]LogModuleManager: Shutting down and abandoning module LevelEditor (337)
[2023.05.07-16.10.38:832][129]LogModuleManager: Shutting down and abandoning module PixelInspectorModule (336)
[2023.05.07-16.10.38:832][129]LogModuleManager: Shutting down and abandoning module CommonMenuExtensions (334)
[2023.05.07-16.10.38:832][129]LogModuleManager: Shutting down and abandoning module MainFrame (332)
[2023.05.07-16.10.38:832][129]LogModuleManager: Shutting down and abandoning module HotReload (331)
[2023.05.07-16.10.38:833][129]LogModuleManager: Shutting down and abandoning module ToolMenus (327)
[2023.05.07-16.10.38:833][129]LogModuleManager: Shutting down and abandoning module ContentBrowser (325)
[2023.05.07-16.10.38:833][129]LogModuleManager: Shutting down and abandoning module ContentBrowserData (324)
[2023.05.07-16.10.38:833][129]LogModuleManager: Shutting down and abandoning module TreeMap (321)
[2023.05.07-16.10.38:833][129]LogModuleManager: Shutting down and abandoning module PropertyAccessNode (318)
[2023.05.07-16.10.38:833][129]LogModuleManager: Shutting down and abandoning module AnimationSharing (316)
[2023.05.07-16.10.38:833][129]LogModuleManager: Shutting down and abandoning module LightPropagationVolumeRuntime (314)
[2023.05.07-16.10.38:833][129]LogModuleManager: Shutting down and abandoning module EnvironmentQueryEditor (312)
[2023.05.07-16.10.38:833][129]LogModuleManager: Shutting down and abandoning module Paper2D (310)
[2023.05.07-16.10.38:833][129]LogModuleManager: Shutting down and abandoning module WindowsMoviePlayer (308)
[2023.05.07-16.10.38:836][129]LogModuleManager: Shutting down and abandoning module WebMMoviePlayer (306)
[2023.05.07-16.10.38:836][129]LogModuleManager: Shutting down and abandoning module NetworkReplayStreaming (304)
[2023.05.07-16.10.38:836][129]LogModuleManager: Shutting down and abandoning module PacketHandler (302)
[2023.05.07-16.10.38:836][129]LogModuleManager: Shutting down and abandoning module ClothingSystemEditor (300)
[2023.05.07-16.10.38:836][129]LogModuleManager: Shutting down and abandoning module ClothingSystemRuntimeNv (298)
[2023.05.07-16.10.38:836][129]LogModuleManager: Shutting down and abandoning module MediaAssets (296)
[2023.05.07-16.10.38:836][129]LogModuleManager: Shutting down and abandoning module Overlay (294)
[2023.05.07-16.10.38:836][129]LogModuleManager: Shutting down and abandoning module OverlayEditor (293)
[2023.05.07-16.10.38:836][129]LogModuleManager: Shutting down and abandoning module VREditor (290)
[2023.05.07-16.10.38:836][129]LogModuleManager: Shutting down and abandoning module StringTableEditor (288)
[2023.05.07-16.10.38:836][129]LogModuleManager: Shutting down and abandoning module GameplayTasksEditor (286)
[2023.05.07-16.10.38:836][129]LogModuleManager: Shutting down and abandoning module BehaviorTreeEditor (284)
[2023.05.07-16.10.38:836][129]LogModuleManager: Shutting down and abandoning module FunctionalTesting (282)
[2023.05.07-16.10.38:836][129]LogModuleManager: Shutting down and abandoning module CollisionAnalyzer (280)
[2023.05.07-16.10.38:837][129]LogModuleManager: Shutting down and abandoning module WorkspaceMenuStructure (279)
[2023.05.07-16.10.38:837][129]LogModuleManager: Shutting down and abandoning module UMG (276)
[2023.05.07-16.10.38:837][129]LogModuleManager: Shutting down and abandoning module UMGEditor (275)
[2023.05.07-16.10.38:837][129]LogModuleManager: Shutting down and abandoning module MessageLog (273)
[2023.05.07-16.10.38:837][129]LogModuleManager: Shutting down and abandoning module SlateReflector (268)
[2023.05.07-16.10.38:837][129]LogModuleManager: Shutting down and abandoning module Slate (266)
[2023.05.07-16.10.38:837][129]LogModuleManager: Shutting down and abandoning module SlateCore (264)
[2023.05.07-16.10.38:838][129]LogModuleManager: Shutting down and abandoning module LandscapeEditorUtilities (262)
[2023.05.07-16.10.38:838][129]LogModuleManager: Shutting down and abandoning module UnrealEd (260)
[2023.05.07-16.10.38:838][129]LogModuleManager: Shutting down and abandoning module MRMesh (258)
[2023.05.07-16.10.38:838][129]LogModuleManager: Shutting down and abandoning module SourceCodeAccess (256)
[2023.05.07-16.10.38:838][129]LogModuleManager: Shutting down and abandoning module HeadMountedDisplay (254)
[2023.05.07-16.10.38:838][129]LogModuleManager: Shutting down and abandoning module XAudio2 (252)
[2023.05.07-16.10.38:838][129]LogModuleManager: Shutting down and abandoning module Networking (250)
[2023.05.07-16.10.38:838][129]LogModuleManager: Shutting down and abandoning module Core (248)
[2023.05.07-16.10.38:838][129]LogModuleManager: Shutting down and abandoning module MaterialEditor (246)
[2023.05.07-16.10.38:838][129]LogModuleManager: Shutting down and abandoning module MovieSceneTools (244)
[2023.05.07-16.10.38:838][129]LogModuleManager: Shutting down and abandoning module CurveEditor (243)
[2023.05.07-16.10.38:838][129]LogModuleManager: Shutting down and abandoning module Sequencer (241)
[2023.05.07-16.10.38:838][129]LogModuleManager: Shutting down and abandoning module EditorStyle (240)
[2023.05.07-16.10.38:839][129]LogModuleManager: Shutting down and abandoning module KismetCompiler (236)
[2023.05.07-16.10.38:839][129]LogModuleManager: Shutting down and abandoning module MeshBuilder (234)
[2023.05.07-16.10.38:839][129]LogModuleManager: Shutting down and abandoning module MeshUtilities (232)
[2023.05.07-16.10.38:839][129]LogModuleManager: Shutting down and abandoning module MeshMergeUtilities (231)
[2023.05.07-16.10.38:839][129]LogModuleManager: Shutting down and abandoning module MeshReductionInterface (230)
[2023.05.07-16.10.38:840][129]LogModuleManager: Shutting down and abandoning module MeshBoneReduction (229)
[2023.05.07-16.10.38:840][129]LogModuleManager: Shutting down and abandoning module SkeletalMeshReduction (227)
[2023.05.07-16.10.38:840][129]LogModuleManager: Shutting down and abandoning module ProxyLODMeshReduction (225)
[2023.05.07-16.10.38:840][129]LogModuleManager: Shutting down and abandoning module QuadricMeshReduction (223)
[2023.05.07-16.10.38:840][129]LogModuleManager: Shutting down and abandoning module MaterialBaking (219)
[2023.05.07-16.10.38:840][129]LogModuleManager: Shutting down and abandoning module NullInstallBundleManager (214)
[2023.05.07-16.10.38:840][129]LogModuleManager: Shutting down and abandoning module DerivedDataCache (212)
[2023.05.07-16.10.38:840][129]LogModuleManager: Shutting down and abandoning module TargetPlatform (210)
[2023.05.07-16.10.38:840][129]LogModuleManager: Shutting down and abandoning module VulkanShaderFormat (209)
[2023.05.07-16.10.38:840][129]LogModuleManager: Shutting down and abandoning module ShaderFormatVectorVM (207)
[2023.05.07-16.10.38:840][129]LogModuleManager: Shutting down and abandoning module ShaderFormatOpenGL (205)
[2023.05.07-16.10.38:840][129]LogModuleManager: Shutting down and abandoning module ShaderFormatD3D (203)
[2023.05.07-16.10.38:840][129]LogModuleManager: Shutting down and abandoning module MetalShaderFormat (201)
[2023.05.07-16.10.38:840][129]LogModuleManager: Shutting down and abandoning module TextureFormatOodle (199)
[2023.05.07-16.10.38:840][129]LogModuleManager: Shutting down and abandoning module TextureFormatUncompressed (197)
[2023.05.07-16.10.38:840][129]LogModuleManager: Shutting down and abandoning module TextureFormatPVR (195)
[2023.05.07-16.10.38:840][129]LogModuleManager: Shutting down and abandoning module TextureFormatETC2 (193)
[2023.05.07-16.10.38:840][129]LogModuleManager: Shutting down and abandoning module TextureFormatDXT (191)
[2023.05.07-16.10.38:840][129]LogModuleManager: Shutting down and abandoning module TextureFormatIntelISPCTexComp (189)
[2023.05.07-16.10.38:840][129]LogModuleManager: Shutting down and abandoning module TextureFormatASTC (187)
[2023.05.07-16.10.38:840][129]LogModuleManager: Shutting down and abandoning module ImageWrapper (186)
[2023.05.07-16.10.38:840][129]LogModuleManager: Shutting down and abandoning module AudioFormatOpus (183)
[2023.05.07-16.10.38:840][129]LogModuleManager: Shutting down and abandoning module AudioFormatOgg (181)
[2023.05.07-16.10.38:840][129]LogModuleManager: Shutting down and abandoning module AudioFormatADPCM (179)
[2023.05.07-16.10.38:840][129]LogModuleManager: Shutting down and abandoning module WindowsServerTargetPlatform (177)
[2023.05.07-16.10.38:840][129]LogModuleManager: Shutting down and abandoning module WindowsClientTargetPlatform (175)
[2023.05.07-16.10.38:840][129]LogModuleManager: Shutting down and abandoning module WindowsTargetPlatform (173)
[2023.05.07-16.10.38:840][129]LogModuleManager: Shutting down and abandoning module WindowsNoEditorTargetPlatform (171)
[2023.05.07-16.10.38:840][129]LogModuleManager: Shutting down and abandoning module TVOSTargetPlatform (169)
[2023.05.07-16.10.38:841][129]LogModuleManager: Shutting down and abandoning module MacServerTargetPlatform (167)
[2023.05.07-16.10.38:841][129]LogModuleManager: Shutting down and abandoning module MacClientTargetPlatform (165)
[2023.05.07-16.10.38:841][129]LogModuleManager: Shutting down and abandoning module MacTargetPlatform (163)
[2023.05.07-16.10.38:841][129]LogModuleManager: Shutting down and abandoning module MacNoEditorTargetPlatform (161)
[2023.05.07-16.10.38:841][129]LogModuleManager: Shutting down and abandoning module LuminTargetPlatform (159)
[2023.05.07-16.10.38:842][129]LogModuleManager: Shutting down and abandoning module LinuxAArch64ServerTargetPlatform (157)
[2023.05.07-16.10.38:842][129]LogModuleManager: Shutting down and abandoning module LinuxAArch64ClientTargetPlatform (155)
[2023.05.07-16.10.38:842][129]LogModuleManager: Shutting down and abandoning module LinuxAArch64NoEditorTargetPlatform (153)
[2023.05.07-16.10.38:842][129]LogModuleManager: Shutting down and abandoning module LinuxServerTargetPlatform (151)
[2023.05.07-16.10.38:842][129]LogModuleManager: Shutting down and abandoning module LinuxClientTargetPlatform (149)
[2023.05.07-16.10.38:842][129]LogModuleManager: Shutting down and abandoning module LinuxNoEditorTargetPlatform (147)
[2023.05.07-16.10.38:842][129]LogModuleManager: Shutting down and abandoning module LinuxTargetPlatform (145)
[2023.05.07-16.10.38:842][129]LogModuleManager: Shutting down and abandoning module Messaging (143)
[2023.05.07-16.10.38:842][129]LogModuleManager: Shutting down and abandoning module IOSTargetPlatform (141)
[2023.05.07-16.10.38:842][129]LogModuleManager: Shutting down and abandoning module AndroidTargetPlatform (139)
[2023.05.07-16.10.38:846][129]LogModuleManager: Shutting down and abandoning module AllDesktopTargetPlatform (137)
[2023.05.07-16.10.38:846][129]LogModuleManager: Shutting down and abandoning module D3D11RHI (134)
[2023.05.07-16.10.38:846][129]LogModuleManager: Shutting down and abandoning module InputCore (132)
[2023.05.07-16.10.38:846][129]LogModuleManager: Shutting down and abandoning module Settings (130)
[2023.05.07-16.10.38:846][129]LogModuleManager: Shutting down and abandoning module DirectoryWatcher (128)
[2023.05.07-16.10.38:846][129]LogModuleManager: Shutting down and abandoning module PhysXCooking (126)
[2023.05.07-16.10.38:846][129]LogModuleManager: Shutting down and abandoning module Chaos (124)
[2023.05.07-16.10.38:846][129]LogModuleManager: Shutting down and abandoning module WindowsPlatformFeatures (122)
[2023.05.07-16.10.38:846][129]LogModuleManager: Shutting down and abandoning module GameplayMediaEncoder (121)
[2023.05.07-16.10.38:846][129]LogModuleManager: Shutting down and abandoning module AVEncoder (120)
[2023.05.07-16.10.38:846][129]LogModuleManager: Shutting down and abandoning module SteamVRInputDevice (116)
[2023.05.07-16.10.38:846][129]LogModuleManager: Shutting down and abandoning module SteamVRInput (114)
[2023.05.07-16.10.38:846][129]LogModuleManager: Shutting down and abandoning module SteamVR (112)
[2023.05.07-16.10.38:846][129]LogHMD: Freeing OpenVRDLLHandle.
[2023.05.07-16.10.38:846][129]LogModuleManager: Shutting down and abandoning module OculusHMD (110)
[2023.05.07-16.10.38:846][129]LogModuleManager: Shutting down and abandoning module OpenXRHandTracking (108)
[2023.05.07-16.10.38:846][129]LogSlate: Slate User Destroyed.  User Index 0, Is Virtual User: 0
[2023.05.07-16.10.38:846][129]LogModuleManager: Shutting down and abandoning module OpenXREyeTracker (106)
[2023.05.07-16.10.38:846][129]LogModuleManager: Shutting down and abandoning module OpenXRAR (104)
[2023.05.07-16.10.38:846][129]LogModuleManager: Shutting down and abandoning module AugmentedReality (103)
[2023.05.07-16.10.38:846][129]LogModuleManager: Shutting down and abandoning module OpenXRHMD (100)
[2023.05.07-16.10.38:847][129]LogModuleManager: Shutting down and abandoning module ExampleDeviceProfileSelector (98)
[2023.05.07-16.10.38:847][129]LogModuleManager: Shutting down and abandoning module ChunkDownloader (96)
[2023.05.07-16.10.38:847][129]LogModuleManager: Shutting down and abandoning module WmfMedia (94)
[2023.05.07-16.10.38:849][129]LogModuleManager: Shutting down and abandoning module Media (93)
[2023.05.07-16.10.38:850][129]LogModuleManager: Shutting down and abandoning module MediaInfo (92)
[2023.05.07-16.10.38:851][129]LogModuleManager: Shutting down and abandoning module ExrReaderGpu (88)
[2023.05.07-16.10.38:851][129]LogModuleManager: Shutting down and abandoning module OnlineBlueprintSupport (86)
[2023.05.07-16.10.38:851][129]LogModuleManager: Shutting down and abandoning module OnlineSubsystem (82)
[2023.05.07-16.10.38:852][129]LogModuleManager: Shutting down and abandoning module XMPP (77)
[2023.05.07-16.10.38:852][129]LogModuleManager: Shutting down and abandoning module WebSockets (76)
[2023.05.07-16.10.38:877][129]LogModuleManager: Shutting down and abandoning module HTTP (73)
[2023.05.07-16.10.38:877][129]LogHttp: Display: Http module shutting down, but needs to wait on 1 outstanding Http requests:
[2023.05.07-16.10.38:877][129]LogHttp: Display: 	verb=[POST] url=[https://datarouter.ol.epicgames.com/datarouter/api/v1/public/data?SessionID=%7B0924149B-4684-BE9E-A69C-118FFE6332A4%7D&AppID=UEEditor.Rocket.Release&AppVersion=4.27.0-17155196%2B%2B%2BUE4%2BRelease-4.27&UserID=6c323a574de77068069fd1a69ce5459b%7Ce0d89e8bb4f042d48aa65e438af618d2%7C27c992d2-39c7-4861-bb46-ff907c92b92a&AppEnvironment=datacollector-binary&UploadType=eteventstream] refs=[1] status=Processing
[2023.05.07-16.10.38:877][129]LogHttp: Display: cleaning up 1 outstanding Http requests.
[2023.05.07-16.10.38:887][129]LogModuleManager: Shutting down and abandoning module SSL (72)
[2023.05.07-16.10.38:888][129]LogModuleManager: Shutting down and abandoning module LauncherChunkInstaller (68)
[2023.05.07-16.10.38:888][129]LogModuleManager: Shutting down and abandoning module NiagaraVertexFactories (66)
[2023.05.07-16.10.38:888][129]LogModuleManager: Shutting down and abandoning module NiagaraShader (64)
[2023.05.07-16.10.38:888][129]LogModuleManager: Shutting down and abandoning module MLSDK (62)
[2023.05.07-16.10.38:888][129]LogModuleManager: Shutting down and abandoning module MagicLeap (60)
[2023.05.07-16.10.38:888][129]LogModuleManager: Shutting down and abandoning module ChaosCloth (58)
[2023.05.07-16.10.38:888][129]LogModuleManager: Shutting down and abandoning module VariantManagerContent (56)
[2023.05.07-16.10.38:888][129]LogModuleManager: Shutting down and abandoning module DatasmithContent (54)
[2023.05.07-16.10.38:888][129]LogModuleManager: Shutting down and abandoning module PixWinPlugin (52)
[2023.05.07-16.10.38:888][129]LogModuleManager: Shutting down and abandoning module AISupportModule (50)
[2023.05.07-16.10.38:888][129]LogModuleManager: Shutting down and abandoning module DesktopPlatform (48)
[2023.05.07-16.10.38:888][129]LogModuleManager: Shutting down and abandoning module PythonScriptPluginPreload (46)
[2023.05.07-16.10.38:888][129]LogModuleManager: Shutting down and abandoning module PlatformCryptoOpenSSL (44)
[2023.05.07-16.10.38:888][129]LogModuleManager: Shutting down and abandoning module PlatformCryptoTypes (42)
[2023.05.07-16.10.38:889][129]LogModuleManager: Shutting down and abandoning module PlatformCrypto (40)
[2023.05.07-16.10.38:889][129]LogModuleManager: Shutting down and abandoning module OodleDataCompressionFormat (38)
[2023.05.07-16.10.38:889][129]LogModuleManager: Shutting down and abandoning module XGEController (36)
[2023.05.07-16.10.38:889][129]LogModuleManager: Shutting down and abandoning module AnimationModifiers (34)
[2023.05.07-16.10.38:889][129]LogModuleManager: Shutting down and abandoning module AudioEditor (32)
[2023.05.07-16.10.38:889][129]LogModuleManager: Shutting down and abandoning module PropertyEditor (31)
[2023.05.07-16.10.38:889][129]LogModuleManager: Shutting down and abandoning module TextureCompressor (28)
[2023.05.07-16.10.38:889][129]LogModuleManager: Shutting down and abandoning module RenderCore (26)
[2023.05.07-16.10.38:889][129]LogModuleManager: Shutting down and abandoning module Landscape (24)
[2023.05.07-16.10.38:889][129]LogModuleManager: Shutting down and abandoning module SlateRHIRenderer (22)
[2023.05.07-16.10.38:889][129]LogModuleManager: Shutting down and abandoning module AnimGraphRuntime (20)
[2023.05.07-16.10.38:890][129]LogModuleManager: Shutting down and abandoning module Renderer (18)
[2023.05.07-16.10.38:890][129]LogModuleManager: Shutting down and abandoning module Engine (16)
[2023.05.07-16.10.38:890][129]LogModuleManager: Shutting down and abandoning module CoreUObject (14)
[2023.05.07-16.10.38:890][129]LogModuleManager: Shutting down and abandoning module NetworkFile (12)
[2023.05.07-16.10.38:890][129]LogModuleManager: Shutting down and abandoning module CookedIterativeFile (10)
[2023.05.07-16.10.38:890][129]LogModuleManager: Shutting down and abandoning module StreamingFile (8)
[2023.05.07-16.10.38:890][129]LogModuleManager: Shutting down and abandoning module SandboxFile (6)
[2023.05.07-16.10.38:890][129]LogModuleManager: Shutting down and abandoning module PakFile (4)
[2023.05.07-16.10.38:890][129]LogModuleManager: Shutting down and abandoning module RSA (3)
[2023.05.07-16.10.38:890][129]LogContentStreaming: Display: There are 1 unreleased StreamingManagers
[2023.05.07-16.10.38:892][129]LogD3D11RHI: Shutdown
[2023.05.07-16.10.38:892][129]LogD3D11RHI: CleanupD3DDevice
[2023.05.07-16.10.38:909][129]LogExit: Exiting.
[2023.05.07-16.10.38:920][129]Log file closed, 05/07/23 19:40:38
